Time(ms),USB(mA),USB Voltage(V),
np.float64(0.09162092208862305),np.float64(233.9001241302075),np.float64(4.917125),
np.float64(0.09182381629943848),np.float64(233.88688879578035),np.float64(4.91675),
np.float64(0.0920267105102539),np.float64(233.9927714711975),np.float64(4.916875),
np.float64(0.09222602844238281),np.float64(233.6089467728104),np.float64(4.91725),
np.float64(0.09242987632751465),np.float64(233.55600543510184),np.float64(4.915875),
np.float64(0.09262681007385254),np.float64(233.7677707859361),np.float64(4.917375),
np.float64(0.09283280372619629),np.float64(233.48982876296614),np.float64(4.917),
np.float64(0.09302377700805664),np.float64(236.6398383566257),np.float64(4.913375),
np.float64(0.09322381019592285),np.float64(237.18248706813847),np.float64(4.91675),
np.float64(0.0934138298034668),np.float64(235.75307095000724),np.float64(4.916375),
np.float64(0.09361386299133301),np.float64(233.86041812692608),np.float64(4.917625),
np.float64(0.09382390975952148),np.float64(233.75453545150896),np.float64(4.916875),
np.float64(0.09403371810913086),np.float64(233.71482944822753),np.float64(4.917),
np.float64(0.09422898292541504),np.float64(230.6442318611308),np.float64(4.9197500000000005),
np.float64(0.0944359302520752),np.float64(230.4854078480051),np.float64(4.9182500000000005),
np.float64(0.09462976455688477),np.float64(232.0604126448349),np.float64(4.917),
np.float64(0.09483003616333008),np.float64(233.37071075312187),np.float64(4.91725),
np.float64(0.0950319766998291),np.float64(232.92070938259906),np.float64(4.917375),
np.float64(0.09526896476745605),np.float64(232.98688605473478),np.float64(4.917625),
np.float64(0.09544897079467773),np.float64(233.66188811051896),np.float64(4.917),
np.float64(0.0956268310546875),np.float64(233.9001241302075),np.float64(4.917125),
np.float64(0.09584403038024902),np.float64(233.46335809411184),np.float64(4.917625),
np.float64(0.09605884552001953),np.float64(233.569240769529),np.float64(4.917125),
np.float64(0.09624385833740234),np.float64(233.64865277609184),np.float64(4.9175),
np.float64(0.09645581245422363),np.float64(233.7413001170818),np.float64(4.91625),
np.float64(0.09664082527160645),np.float64(233.93983013348893),np.float64(4.918),
np.float64(0.09685397148132324),np.float64(233.30453408098614),np.float64(4.9175),
np.float64(0.09705185890197754),np.float64(233.34424008426757),np.float64(4.91575),
np.float64(0.09724211692810059),np.float64(237.87072445834983),np.float64(4.913375),
np.float64(0.09744405746459961),np.float64(236.11042497954006),np.float64(4.918375),
np.float64(0.09763693809509277),np.float64(233.43688742525757),np.float64(4.917125),
np.float64(0.09784793853759766),np.float64(233.52953476624756),np.float64(4.916875),
np.float64(0.09804368019104004),np.float64(234.08541881218747),np.float64(4.917125),
np.float64(0.09823989868164062),np.float64(233.93983013348893),np.float64(4.917),
np.float64(0.09843587875366211),np.float64(233.39718142197614),np.float64(4.91675),
np.float64(0.09864997863769531),np.float64(234.07218347776035),np.float64(4.917125),
np.float64(0.09883904457092285),np.float64(233.71482944822753),np.float64(4.917),
np.float64(0.09904289245605469),np.float64(234.03247747447892),np.float64(4.917125),
np.float64(0.09924077987670898),np.float64(233.63541744166469),np.float64(4.916625),
np.float64(0.09971189498901367),np.float64(233.33100474984045),np.float64(4.91725),
np.float64(0.09990906715393066),np.float64(233.68835877937326),np.float64(4.917),
np.float64(0.09990906715393066),np.float64(234.04571280890605),np.float64(4.916875),
np.float64(0.10007905960083008),np.float64(233.7677707859361),np.float64(4.91675),
np.float64(0.1002507209777832),np.float64(234.25747815974032),np.float64(4.916375),
np.float64(0.10045289993286133),np.float64(235.88542429427866),np.float64(4.91525),
np.float64(0.10063982009887695),np.float64(237.06336905829423),np.float64(4.91525),
np.float64(0.10085082054138184),np.float64(235.80601228771582),np.float64(4.916375),
np.float64(0.10103893280029297),np.float64(234.8927742122431),np.float64(4.916375),
np.float64(0.10124087333679199),np.float64(234.17806615317747),np.float64(4.9175),
np.float64(0.10143184661865234),np.float64(234.2839488285946),np.float64(4.915875),
np.float64(0.10166501998901367),np.float64(232.7354147006191),np.float64(4.918),
np.float64(0.10184788703918457),np.float64(232.15305998582488),np.float64(4.91925),
np.float64(0.10205578804016113),np.float64(231.84864729400064),np.float64(4.9175),
np.float64(0.10224580764770508),np.float64(232.9339447170262),np.float64(4.91775),
np.float64(0.10244178771972656),np.float64(233.3177694154133),np.float64(4.917),
np.float64(0.10263800621032715),np.float64(233.39718142197614),np.float64(4.9175),
np.float64(0.10284209251403809),np.float64(233.10600406457905),np.float64(4.916875),
np.float64(0.10304093360900879),np.float64(236.91778037959565),np.float64(4.9145),
np.float64(0.10323786735534668),np.float64(236.9310157140228),np.float64(4.91475),
np.float64(0.10344076156616211),np.float64(237.18248706813847),np.float64(4.917625),
np.float64(0.1036536693572998),np.float64(232.81482670718194),np.float64(4.9190000000000005),
np.float64(0.10384392738342285),np.float64(232.58982602192054),np.float64(4.917375),
np.float64(0.10404706001281738),np.float64(233.1589454022876),np.float64(4.918),
np.float64(0.10423803329467773),np.float64(229.6383464446681),np.float64(4.919125),
np.float64(0.10444211959838867),np.float64(230.67070252998508),np.float64(4.9175),
np.float64(0.10463786125183105),np.float64(232.23247199238773),np.float64(4.91775),
np.float64(0.10485291481018066),np.float64(233.0927687301519),np.float64(4.917125),
np.float64(0.10504579544067383),np.float64(232.8412973760362),np.float64(4.9175),
np.float64(0.10524678230285645),np.float64(233.55600543510184),np.float64(4.91775),
np.float64(0.1054377555847168),np.float64(234.416302172866),np.float64(4.915625),
np.float64(0.1056358814239502),np.float64(236.00454230412294),np.float64(4.91525),
np.float64(0.10583686828613281),np.float64(235.07806889422307),np.float64(4.916375),
np.float64(0.10603165626525879),np.float64(233.91335946463465),np.float64(4.91675),
np.float64(0.10625290870666504),np.float64(234.1251248154689),np.float64(4.91675),
np.float64(0.10644698143005371),np.float64(234.36336083515744),np.float64(4.91675),
np.float64(0.10664081573486328),np.float64(234.42953750729313),np.float64(4.91575),
np.float64(0.10684680938720703),np.float64(234.91924488109737),np.float64(4.915625),
np.float64(0.10703206062316895),np.float64(234.44277284172028),np.float64(4.91625),
np.float64(0.10723590850830078),np.float64(233.92659479906177),np.float64(4.91625),
np.float64(0.10744500160217285),np.float64(233.6751234449461),np.float64(4.917125),
np.float64(0.10765290260314941),np.float64(232.92070938259906),np.float64(4.91625),
np.float64(0.10784196853637695),np.float64(233.95306546791608),np.float64(4.91675),
np.float64(0.10804605484008789),np.float64(233.55600543510184),np.float64(4.916125),
np.float64(0.10824799537658691),np.float64(233.9663008023432),np.float64(4.916875),
np.float64(0.10845208168029785),np.float64(233.5162994318204),np.float64(4.917),
np.float64(0.10863184928894043),np.float64(234.16483081875032),np.float64(4.91625),
np.float64(0.10885095596313477),np.float64(234.07218347776035),np.float64(4.91625),
np.float64(0.10904073715209961),np.float64(235.07806889422307),np.float64(4.9145),
np.float64(0.10925889015197754),np.float64(235.3824815860473),np.float64(4.917),
np.float64(0.10944080352783203),np.float64(233.07953339572475),np.float64(4.91775),
np.float64(0.10964798927307129),np.float64(234.3501255007303),np.float64(4.913375),
np.float64(0.10984587669372559),np.float64(239.30014057648106),np.float64(4.9125000000000005),
np.float64(0.11004281044006348),np.float64(236.4148376713643),np.float64(4.917),
np.float64(0.11025094985961914),np.float64(234.00600680562462),np.float64(4.916625),
np.float64(0.11044597625732422),np.float64(234.1251248154689),np.float64(4.9165),
np.float64(0.11063194274902344),np.float64(234.2177721564589),np.float64(4.9175),
np.float64(0.11083269119262695),np.float64(230.60452585784938),np.float64(4.9201250000000005),
np.float64(0.11101484298706055),np.float64(230.18099515618087),np.float64(4.91775),
np.float64(0.11121392250061035),np.float64(231.63688194316637),np.float64(4.91725),
np.float64(0.11142969131469727),np.float64(233.27806341213187),np.float64(4.9165),
np.float64(0.11162281036376953),np.float64(233.63541744166469),np.float64(4.917),
np.float64(0.11182188987731934),np.float64(233.4104167564033),np.float64(4.916625),
np.float64(0.11201882362365723),np.float64(233.569240769529),np.float64(4.91675),
np.float64(0.11221981048583984),np.float64(233.82071212364465),np.float64(4.916875),
np.float64(0.1124269962310791),np.float64(233.50306409739326),np.float64(4.91625),
np.float64(0.1126089096069336),np.float64(233.64865277609184),np.float64(4.9165),
np.float64(0.11282682418823242),np.float64(233.6751234449461),np.float64(4.91625),
np.float64(0.1130228042602539),np.float64(233.9663008023432),np.float64(4.91625),
np.float64(0.11322689056396484),np.float64(233.79424145479038),np.float64(4.91675),
np.float64(0.1134188175201416),np.float64(233.383946087549),np.float64(4.917),
np.float64(0.11361289024353027),np.float64(233.5824761039561),np.float64(4.916125),
np.float64(0.11381983757019043),np.float64(235.6736589434444),np.float64(4.914625),
np.float64(0.1140289306640625),np.float64(235.7001296122987),np.float64(4.916625),
np.float64(0.11422371864318848),np.float64(234.69424419583598),np.float64(4.91675),
np.float64(0.1144258975982666),np.float64(233.383946087549),np.float64(4.91725),
np.float64(0.11461806297302246),np.float64(233.5162994318204),np.float64(4.91625),
np.float64(0.11481785774230957),np.float64(234.3501255007303),np.float64(4.916125),
np.float64(0.11501002311706543),np.float64(234.66777352698168),np.float64(4.916125),
np.float64(0.11520576477050781),np.float64(235.06483355979591),np.float64(4.916),
np.float64(0.11544084548950195),np.float64(234.40306683843886),np.float64(4.91675),
np.float64(0.11562800407409668),np.float64(233.9663008023432),np.float64(4.9165),
np.float64(0.11585283279418945),np.float64(233.6089467728104),np.float64(4.91625),
np.float64(0.11602973937988281),np.float64(233.6751234449461),np.float64(4.916875),
np.float64(0.11623191833496094),np.float64(234.3898315040117),np.float64(4.915625),
np.float64(0.11642003059387207),np.float64(234.1251248154689),np.float64(4.91625),
np.float64(0.11662673950195312),np.float64(233.79424145479038),np.float64(4.916125),
np.float64(0.11686182022094727),np.float64(234.08541881218747),np.float64(4.916625),
np.float64(0.11703705787658691),np.float64(233.33100474984045),np.float64(4.917125),
np.float64(0.1172478199005127),np.float64(233.52953476624756),np.float64(4.917),
np.float64(0.1174628734588623),np.float64(233.72806478265468),np.float64(4.9165),
np.float64(0.11765885353088379),np.float64(233.71482944822753),np.float64(4.915625),
np.float64(0.11784791946411133),np.float64(236.90454504516853),np.float64(4.9135),
np.float64(0.11803793907165527),np.float64(236.3486609992286),np.float64(4.91575),
np.float64(0.11825990676879883),np.float64(235.541305599173),np.float64(4.91575),
np.float64(0.11844778060913086),np.float64(234.2177721564589),np.float64(4.915875),
np.float64(0.11865377426147461),np.float64(234.03247747447892),np.float64(4.916375),
np.float64(0.11884689331054688),np.float64(233.70159411380038),np.float64(4.917125),
np.float64(0.11904096603393555),np.float64(231.6104112743121),np.float64(4.9190000000000005),
np.float64(0.11922883987426758),np.float64(230.49864318243226),np.float64(4.9175),
np.float64(0.11946392059326172),np.float64(232.13982465139773),np.float64(4.917375),
np.float64(0.11965203285217285),np.float64(232.8412973760362),np.float64(4.9165),
np.float64(0.11985087394714355),np.float64(233.86041812692608),np.float64(4.9165),
np.float64(0.12005400657653809),np.float64(233.33100474984045),np.float64(4.916),
np.float64(0.12024497985839844),np.float64(233.569240769529),np.float64(4.916625),
np.float64(0.12044286727905273),np.float64(233.01335672358906),np.float64(4.91675),
np.float64(0.12063479423522949),np.float64(233.63541744166469),np.float64(4.916625),
np.float64(0.12085986137390137),np.float64(233.75453545150896),np.float64(4.917),
np.float64(0.12106490135192871),np.float64(234.16483081875032),np.float64(4.91675),
np.float64(0.12125205993652344),np.float64(234.04571280890605),np.float64(4.916),
np.float64(0.12145304679870605),np.float64(233.8339474580718),np.float64(4.91675),
np.float64(0.12164974212646484),np.float64(234.85306820896167),np.float64(4.916625),
np.float64(0.1218419075012207),np.float64(233.62218210723753),np.float64(4.917125),
np.float64(0.12204575538635254),np.float64(233.52953476624756),np.float64(4.915),
np.float64(0.12226080894470215),np.float64(237.01042772058565),np.float64(4.91525),
np.float64(0.12246489524841309),np.float64(235.448658258183),np.float64(4.9165),
np.float64(0.12266182899475098),np.float64(233.86041812692608),np.float64(4.916375),
np.float64(0.12285089492797852),np.float64(234.3898315040117),np.float64(4.916875),
np.float64(0.12305498123168945),np.float64(233.75453545150896),np.float64(4.91675),
np.float64(0.12324094772338867),np.float64(234.5486555171374),np.float64(4.916375),
np.float64(0.12344598770141602),np.float64(234.83983287453452),np.float64(4.916),
np.float64(0.12365984916687012),np.float64(234.85306820896167),np.float64(4.91625),
np.float64(0.12385988235473633),np.float64(234.323654831876),np.float64(4.916625),
np.float64(0.12405705451965332),np.float64(233.7413001170818),np.float64(4.9165),
np.float64(0.12425088882446289),np.float64(234.85306820896167),np.float64(4.916625),
np.float64(0.12444901466369629),np.float64(234.23100749088604),np.float64(4.917),
np.float64(0.12462878227233887),np.float64(233.27806341213187),np.float64(4.916625),
np.float64(0.12482285499572754),np.float64(233.7677707859361),np.float64(4.916),
np.float64(0.1251518726348877),np.float64(233.68835877937326),np.float64(4.917),
np.float64(0.1252589225769043),np.float64(234.33689016630316),np.float64(4.916375),
np.float64(0.1254289150238037),np.float64(233.43688742525757),np.float64(4.917125),
np.float64(0.12563490867614746),np.float64(235.03836289094164),np.float64(4.91525),
np.float64(0.12583088874816895),np.float64(234.40306683843886),np.float64(4.917875),
np.float64(0.12602591514587402),np.float64(233.10600406457905),np.float64(4.91375),
np.float64(0.12624669075012207),np.float64(237.32807574683704),np.float64(4.915),
np.float64(0.12644290924072266),np.float64(235.6736589434444),np.float64(4.914625),
np.float64(0.12662911415100098),np.float64(235.47512892703728),np.float64(4.917),
np.float64(0.12683677673339844),np.float64(234.65453819255455),np.float64(4.915),
np.float64(0.12703466415405273),np.float64(234.6413028581274),np.float64(4.91675),
np.float64(0.1272268295288086),np.float64(233.21188673999617),np.float64(4.917),
np.float64(0.12741875648498535),np.float64(230.03540647748233),np.float64(4.91925),
np.float64(0.1276388168334961),np.float64(230.5515845201408),np.float64(4.91775),
np.float64(0.12783479690551758),np.float64(232.15305998582488),np.float64(4.917),
np.float64(0.12803888320922852),np.float64(232.96041538588048),np.float64(4.91725),
np.float64(0.12823081016540527),np.float64(233.476593428539),np.float64(4.91675),
np.float64(0.12842583656311035),np.float64(233.79424145479038),np.float64(4.915875),
np.float64(0.12862086296081543),np.float64(233.68835877937326),np.float64(4.91625),
np.float64(0.1288440227508545),np.float64(234.03247747447892),np.float64(4.916375),
np.float64(0.12903499603271484),np.float64(233.5162994318204),np.float64(4.916625),
np.float64(0.12924790382385254),np.float64(233.48982876296614),np.float64(4.91675),
np.float64(0.12943482398986816),np.float64(233.3177694154133),np.float64(4.916),
np.float64(0.12962770462036133),np.float64(234.53542018271028),np.float64(4.91625),
np.float64(0.1298229694366455),np.float64(234.1251248154689),np.float64(4.9155),
np.float64(0.13002991676330566),np.float64(234.44277284172028),np.float64(4.9115),
np.float64(0.13023996353149414),np.float64(234.6413028581274),np.float64(4.91725),
np.float64(0.1304328441619873),np.float64(233.45012275968472),np.float64(4.915625),
np.float64(0.13063693046569824),np.float64(234.8927742122431),np.float64(4.91575),
np.float64(0.13083791732788086),np.float64(234.60159685484598),np.float64(4.917),
np.float64(0.13103675842285156),np.float64(233.1854160711419),np.float64(4.916375),
np.float64(0.13123703002929688),np.float64(233.7413001170818),np.float64(4.917),
np.float64(0.13144493103027344),np.float64(233.8074767892175),np.float64(4.916),
np.float64(0.1316547393798828),np.float64(234.58836152041883),np.float64(4.91575),
np.float64(0.13186407089233398),np.float64(234.94571554995164),np.float64(4.91625),
np.float64(0.13205790519714355),np.float64(233.93983013348893),np.float64(4.9165),
np.float64(0.13225889205932617),np.float64(233.11923939900618),np.float64(4.916125),
np.float64(0.1324758529663086),np.float64(233.70159411380038),np.float64(4.916),
np.float64(0.13265681266784668),np.float64(233.43688742525757),np.float64(4.917375),
np.float64(0.13283705711364746),np.float64(233.27806341213187),np.float64(4.91625),
np.float64(0.1330578327178955),np.float64(234.0589481433332),np.float64(4.916875),
np.float64(0.13324594497680664),np.float64(233.569240769529),np.float64(4.91675),
np.float64(0.13343477249145508),np.float64(234.00600680562462),np.float64(4.9165),
np.float64(0.13363289833068848),np.float64(233.78100612036323),np.float64(4.915),
np.float64(0.13383698463439941),np.float64(236.33542566480145),np.float64(4.915),
np.float64(0.13404369354248047),np.float64(235.5148349303187),np.float64(4.9155),
np.float64(0.13424205780029297),np.float64(235.34277558276588),np.float64(4.915875),
np.float64(0.1344597339630127),np.float64(234.76042086797167),np.float64(4.9165),
np.float64(0.1346590518951416),np.float64(234.24424282531317),np.float64(4.9165),
np.float64(0.13485097885131836),np.float64(234.1251248154689),np.float64(4.917125),
np.float64(0.13504886627197266),np.float64(232.00747130712634),np.float64(4.919625),
np.float64(0.13524484634399414),np.float64(230.39276050701514),np.float64(4.918),
np.float64(0.13545012474060059),np.float64(231.72952928415637),np.float64(4.919125),
np.float64(0.13563275337219238),np.float64(231.4780579300407),np.float64(4.917375),
np.float64(0.13585782051086426),np.float64(232.69570869733766),np.float64(4.91775),
np.float64(0.13605189323425293),np.float64(232.81482670718194),np.float64(4.916875),
np.float64(0.13625693321228027),np.float64(233.95306546791608),np.float64(4.915625),
np.float64(0.13644099235534668),np.float64(236.2560136582386),np.float64(4.91425),
np.float64(0.13664889335632324),np.float64(236.4413083402186),np.float64(4.91525),
np.float64(0.13683295249938965),np.float64(234.8927742122431),np.float64(4.91675),
np.float64(0.13704586029052734),np.float64(233.2515927432776),np.float64(4.916375),
np.float64(0.13724279403686523),np.float64(233.70159411380038),np.float64(4.916625),
np.float64(0.13745784759521484),np.float64(233.5427701006747),np.float64(4.91725),
np.float64(0.1376488208770752),np.float64(230.52511385128653),np.float64(4.919875),
np.float64(0.13794398307800293),np.float64(230.14128915289945),np.float64(4.91775),
np.float64(0.1380748748779297),np.float64(232.15305998582488),np.float64(4.91775),
np.float64(0.13824772834777832),np.float64(233.33100474984045),np.float64(4.916625),
np.float64(0.13847088813781738),np.float64(233.86041812692608),np.float64(4.917125),
np.float64(0.13866901397705078),np.float64(233.23835740885045),np.float64(4.917125),
np.float64(0.13886570930480957),np.float64(234.77365620239883),np.float64(4.91525),
np.float64(0.13905978202819824),np.float64(235.52807026474585),np.float64(4.9155),
np.float64(0.13926196098327637),np.float64(234.44277284172028),np.float64(4.91725),
np.float64(0.13946270942687988),np.float64(233.6089467728104),np.float64(4.916125),
np.float64(0.13967466354370117),np.float64(234.04571280890605),np.float64(4.917),
np.float64(0.13985991477966309),np.float64(234.3104194974489),np.float64(4.915875),
np.float64(0.14006280899047852),np.float64(234.74718553354452),np.float64(4.916375),
np.float64(0.14026093482971191),np.float64(235.06483355979591),np.float64(4.91575),
np.float64(0.1404588222503662),np.float64(234.62806752370025),np.float64(4.917),
np.float64(0.1406540870666504),np.float64(233.26482807770472),np.float64(4.916875),
np.float64(0.1408529281616211),np.float64(233.43688742525757),np.float64(4.91675),
np.float64(0.1410689353942871),np.float64(233.70159411380038),np.float64(4.9165),
np.float64(0.14127469062805176),np.float64(233.82071212364465),np.float64(4.916375),
np.float64(0.1414659023284912),np.float64(234.72071486469025),np.float64(4.914875),
np.float64(0.1416618824005127),np.float64(234.72071486469025),np.float64(4.916875),
np.float64(0.1418628692626953),np.float64(234.19130148760462),np.float64(4.9165),
np.float64(0.1420609951019287),np.float64(234.0589481433332),np.float64(4.916125),
np.float64(0.142258882522583),np.float64(233.93983013348893),np.float64(4.91725),
np.float64(0.14248180389404297),np.float64(233.50306409739326),np.float64(4.916875),
np.float64(0.14267373085021973),np.float64(233.52953476624756),np.float64(4.917),
np.float64(0.14287090301513672),np.float64(233.75453545150896),np.float64(4.91475),
np.float64(0.1430668830871582),np.float64(237.81778312064125),np.float64(4.914875),
np.float64(0.14327192306518555),np.float64(237.28836974355562),np.float64(4.914625),
np.float64(0.1434617042541504),np.float64(235.88542429427866),np.float64(4.916),
np.float64(0.14365577697753906),np.float64(234.53542018271028),np.float64(4.91575),
np.float64(0.143873929977417),np.float64(234.78689153682595),np.float64(4.91675),
np.float64(0.14406704902648926),np.float64(233.13247473343333),np.float64(4.920625),
np.float64(0.14426589012145996),np.float64(229.0295210610196),np.float64(4.919625),
np.float64(0.1444709300994873),np.float64(230.53834918571368),np.float64(4.9185),
np.float64(0.14466500282287598),np.float64(232.37806067108627),np.float64(4.917625),
np.float64(0.14485692977905273),np.float64(233.1589454022876),np.float64(4.91675),
np.float64(0.14503908157348633),np.float64(232.88100337931763),np.float64(4.91725),
np.float64(0.14525485038757324),np.float64(233.42365209083042),np.float64(4.91725),
np.float64(0.14547300338745117),np.float64(233.34424008426757),np.float64(4.917),
np.float64(0.14566588401794434),np.float64(233.68835877937326),np.float64(4.91625),
np.float64(0.14586186408996582),np.float64(233.9927714711975),np.float64(4.91625),
np.float64(0.14606308937072754),np.float64(234.07218347776035),np.float64(4.9175),
np.float64(0.14626598358154297),np.float64(234.07218347776035),np.float64(4.916625),
np.float64(0.14647293090820312),np.float64(233.70159411380038),np.float64(4.916625),
np.float64(0.14667582511901855),np.float64(234.2839488285946),np.float64(4.918),
np.float64(0.14687299728393555),np.float64(233.03982739244333),np.float64(4.9175),
np.float64(0.14707303047180176),np.float64(233.4104167564033),np.float64(4.9155),
np.float64(0.14726901054382324),np.float64(236.16336631724863),np.float64(4.915125),
np.float64(0.1474449634552002),np.float64(235.80601228771582),np.float64(4.916375),
np.float64(0.1476459503173828),np.float64(233.45012275968472),np.float64(4.917),
np.float64(0.14787602424621582),np.float64(233.8339474580718),np.float64(4.91675),
np.float64(0.1480569839477539),np.float64(233.86041812692608),np.float64(4.91625),
np.float64(0.14825177192687988),np.float64(234.44277284172028),np.float64(4.916125),
np.float64(0.14844894409179688),np.float64(234.74718553354452),np.float64(4.916625),
np.float64(0.1486499309539795),np.float64(234.61483218927313),np.float64(4.916125),
np.float64(0.1488478183746338),np.float64(233.82071212364465),np.float64(4.916625),
np.float64(0.1490490436553955),np.float64(233.476593428539),np.float64(4.917),
np.float64(0.1492600440979004),np.float64(233.91335946463465),np.float64(4.91725),
np.float64(0.14946293830871582),np.float64(233.14571006786048),np.float64(4.917375),
np.float64(0.14966177940368652),np.float64(233.9927714711975),np.float64(4.916125),
np.float64(0.1498548984527588),np.float64(234.08541881218747),np.float64(4.916625),
np.float64(0.15005207061767578),np.float64(234.27071349416747),np.float64(4.917125),
np.float64(0.15024781227111816),np.float64(234.3104194974489),np.float64(4.91725),
np.float64(0.15044784545898438),np.float64(233.11923939900618),np.float64(4.91775),
np.float64(0.15081787109375),np.float64(233.39718142197614),np.float64(4.917375),
np.float64(0.15099692344665527),np.float64(233.62218210723753),np.float64(4.9175),
np.float64(0.1511080265045166),np.float64(233.43688742525757),np.float64(4.914625),
np.float64(0.15126585960388184),np.float64(237.88395979277695),np.float64(4.91475),
np.float64(0.15144085884094238),np.float64(236.1236603139672),np.float64(4.9155),
np.float64(0.15166473388671875),np.float64(235.43542292375588),np.float64(4.916),
np.float64(0.15185785293579102),np.float64(233.7677707859361),np.float64(4.91675),
np.float64(0.15206694602966309),np.float64(235.6736589434444),np.float64(4.914375),
np.float64(0.15225481986999512),np.float64(234.3104194974489),np.float64(4.9215),
np.float64(0.15245676040649414),np.float64(228.2618716642454),np.float64(4.9197500000000005),
np.float64(0.1526508331298828),np.float64(230.63099652670365),np.float64(4.9186250000000005),
np.float64(0.15284299850463867),np.float64(231.42511659233213),np.float64(4.918375),
np.float64(0.15307188034057617),np.float64(232.47070801207627),np.float64(4.918),
np.float64(0.15325689315795898),np.float64(232.85453271046336),np.float64(4.91775),
np.float64(0.15345287322998047),np.float64(232.444237343222),np.float64(4.918),
np.float64(0.15365076065063477),np.float64(232.8412973760362),np.float64(4.917625),
np.float64(0.1538538932800293),np.float64(233.45012275968472),np.float64(4.917),
np.float64(0.15404486656188965),np.float64(233.8074767892175),np.float64(4.916875),
np.float64(0.15424680709838867),np.float64(233.84718279249893),np.float64(4.917),
np.float64(0.15446805953979492),np.float64(233.6089467728104),np.float64(4.916625),
np.float64(0.15465903282165527),np.float64(233.8339474580718),np.float64(4.916375),
np.float64(0.15485310554504395),np.float64(233.68835877937326),np.float64(4.916),
np.float64(0.15505671501159668),np.float64(233.95306546791608),np.float64(4.91775),
np.float64(0.15524697303771973),np.float64(233.6751234449461),np.float64(4.91675),
np.float64(0.15548491477966309),np.float64(234.13836014989604),np.float64(4.91525),
np.float64(0.1556549072265625),np.float64(236.11042497954006),np.float64(4.91575),
np.float64(0.15586185455322266),np.float64(234.7339501991174),np.float64(4.917125),
np.float64(0.15607786178588867),np.float64(233.62218210723753),np.float64(4.916375),
np.float64(0.1562669277191162),np.float64(234.01924214005177),np.float64(4.916625),
np.float64(0.15647411346435547),np.float64(234.11188948104177),np.float64(4.915875),
np.float64(0.15667390823364258),np.float64(234.46924351057456),np.float64(4.9165),
np.float64(0.15687799453735352),np.float64(234.11188948104177),np.float64(4.91525),
np.float64(0.15707802772521973),np.float64(235.89865962870581),np.float64(4.917875),
np.float64(0.15725994110107422),np.float64(233.0001213891619),np.float64(4.91775),
np.float64(0.1574718952178955),np.float64(232.98688605473478),np.float64(4.917),
np.float64(0.15768170356750488),np.float64(234.00600680562462),np.float64(4.91725),
np.float64(0.15787792205810547),np.float64(233.86041812692608),np.float64(4.916),
np.float64(0.15806198120117188),np.float64(234.66777352698168),np.float64(4.916125),
np.float64(0.15825295448303223),np.float64(234.323654831876),np.float64(4.916625),
np.float64(0.15845704078674316),np.float64(234.49571417942886),np.float64(4.9165),
np.float64(0.158674955368042),np.float64(234.20453682203174),np.float64(4.9175),
np.float64(0.15886878967285156),np.float64(234.1251248154689),np.float64(4.9165),
np.float64(0.15906095504760742),np.float64(234.0589481433332),np.float64(4.917),
np.float64(0.15925884246826172),np.float64(233.5162994318204),np.float64(4.91725),
np.float64(0.1594548225402832),np.float64(236.5074850123543),np.float64(4.913375),
np.float64(0.15967488288879395),np.float64(237.606017769807),np.float64(4.91525),
np.float64(0.15986084938049316),np.float64(235.9251302975601),np.float64(4.915375),
np.float64(0.16007399559020996),np.float64(234.61483218927313),np.float64(4.917),
np.float64(0.1602637767791748),np.float64(234.09865414661462),np.float64(4.916375),
np.float64(0.16048669815063477),np.float64(234.3501255007303),np.float64(4.91775),
np.float64(0.1606898307800293),np.float64(230.45893717915084),np.float64(4.92075),
np.float64(0.1608588695526123),np.float64(229.92952380206518),np.float64(4.9186250000000005),
np.float64(0.16105008125305176),np.float64(231.75599995301064),np.float64(4.9182500000000005),
np.float64(0.16125988960266113),np.float64(232.444237343222),np.float64(4.917375),
np.float64(0.16148877143859863),np.float64(233.6751234449461),np.float64(4.9165),
np.float64(0.16166901588439941),np.float64(233.7413001170818),np.float64(4.9175),
np.float64(0.16188573837280273),np.float64(233.29129874655902),np.float64(4.91725),
np.float64(0.16207575798034668),np.float64(233.1589454022876),np.float64(4.91675),
np.float64(0.16227197647094727),np.float64(233.78100612036323),np.float64(4.91675),
np.float64(0.1624770164489746),np.float64(233.33100474984045),np.float64(4.91675),
np.float64(0.1626908779144287),np.float64(233.9927714711975),np.float64(4.9165),
np.float64(0.1628730297088623),np.float64(233.7677707859361),np.float64(4.9165),
np.float64(0.16308283805847168),np.float64(233.7413001170818),np.float64(4.917),
np.float64(0.1632838249206543),np.float64(234.09865414661462),np.float64(4.91725),
np.float64(0.16357088088989258),np.float64(233.11923939900618),np.float64(4.917625),
np.float64(0.1636950969696045),np.float64(233.1589454022876),np.float64(4.91675),
np.float64(0.16389083862304688),np.float64(234.9589508843788),np.float64(4.9155),
np.float64(0.16408991813659668),np.float64(236.29571966152002),np.float64(4.91625),
np.float64(0.1642930507659912),np.float64(234.3501255007303),np.float64(4.91725),
np.float64(0.1644878387451172),np.float64(233.64865277609184),np.float64(4.91675),
np.float64(0.16468286514282227),np.float64(234.1251248154689),np.float64(4.91625),
np.float64(0.16486907005310059),np.float64(234.65453819255455),np.float64(4.91675),
np.float64(0.16507697105407715),np.float64(234.46924351057456),np.float64(4.915875),
np.float64(0.16529083251953125),np.float64(235.17071623521304),np.float64(4.91675),
np.float64(0.16548776626586914),np.float64(234.23100749088604),np.float64(4.91775),
np.float64(0.16568899154663086),np.float64(233.48982876296614),np.float64(4.917),
np.float64(0.16587090492248535),np.float64(233.55600543510184),np.float64(4.917),
np.float64(0.16609406471252441),np.float64(233.29129874655902),np.float64(4.916625),
np.float64(0.16628193855285645),np.float64(233.55600543510184),np.float64(4.917),
np.float64(0.16648077964782715),np.float64(234.2839488285946),np.float64(4.91675),
np.float64(0.16669368743896484),np.float64(233.383946087549),np.float64(4.91675),
np.float64(0.16688776016235352),np.float64(233.8074767892175),np.float64(4.917),
np.float64(0.16707396507263184),np.float64(234.36336083515744),np.float64(4.91525),
np.float64(0.1672818660736084),np.float64(235.1839515696402),np.float64(4.917375),
np.float64(0.16748476028442383),np.float64(232.96041538588048),np.float64(4.917),
np.float64(0.16768884658813477),np.float64(233.5162994318204),np.float64(4.91725),
np.float64(0.1678788661956787),np.float64(233.88688879578035),np.float64(4.916),
np.float64(0.16810107231140137),np.float64(235.30306957948446),np.float64(4.916125),
np.float64(0.16829681396484375),np.float64(235.1574809007859),np.float64(4.9155),
np.float64(0.16848301887512207),np.float64(234.7074795302631),np.float64(4.916625),
np.float64(0.16868877410888672),np.float64(233.93983013348893),np.float64(4.916875),
np.float64(0.16887903213500977),np.float64(234.3104194974489),np.float64(4.917125),
np.float64(0.16908693313598633),np.float64(234.01924214005177),np.float64(4.917),
np.float64(0.1692798137664795),np.float64(234.2177721564589),np.float64(4.916375),
np.float64(0.16949868202209473),np.float64(234.68100886140883),np.float64(4.916375),
np.float64(0.16970109939575195),np.float64(234.04571280890605),np.float64(4.917),
np.float64(0.16989469528198242),np.float64(233.97953613677035),np.float64(4.918),
np.float64(0.170090913772583),np.float64(233.42365209083042),np.float64(4.9182500000000005),
np.float64(0.1702878475189209),np.float64(233.8074767892175),np.float64(4.9165),
np.float64(0.17047786712646484),np.float64(234.2839488285946),np.float64(4.91725),
np.float64(0.17067384719848633),np.float64(233.48982876296614),np.float64(4.917125),
np.float64(0.17090487480163574),np.float64(233.5824761039561),np.float64(4.91725),
np.float64(0.17110085487365723),np.float64(232.80159137275479),np.float64(4.917125),
np.float64(0.1712958812713623),np.float64(233.0265920580162),np.float64(4.91725),
np.float64(0.17148900032043457),np.float64(232.9339447170262),np.float64(4.917375),
np.float64(0.17168307304382324),np.float64(233.35747541869472),np.float64(4.917625),
np.float64(0.17188096046447754),np.float64(233.55600543510184),np.float64(4.91725),
np.float64(0.1720890998840332),np.float64(233.383946087549),np.float64(4.916375),
np.float64(0.17229890823364258),np.float64(235.6736589434444),np.float64(4.9155),
np.float64(0.17249488830566406),np.float64(237.84425378949553),np.float64(4.91375),
np.float64(0.17269492149353027),np.float64(237.68542977636986),np.float64(4.914875),
np.float64(0.17288804054260254),np.float64(236.3486609992286),np.float64(4.916625),
np.float64(0.1730959415435791),np.float64(235.23689290734876),np.float64(4.915875),
np.float64(0.17328095436096191),np.float64(234.77365620239883),np.float64(4.91575),
np.float64(0.17348194122314453),np.float64(235.14424556635876),np.float64(4.915875),
np.float64(0.17368793487548828),np.float64(231.87511796285492),np.float64(4.919625),
np.float64(0.1738910675048828),np.float64(230.88246788081935),np.float64(4.9175),
np.float64(0.17409086227416992),np.float64(233.37071075312187),np.float64(4.916875),
np.float64(0.17426300048828125),np.float64(233.79424145479038),np.float64(4.918125),
np.float64(0.17449188232421875),np.float64(233.50306409739326),np.float64(4.916375),
np.float64(0.17469096183776855),np.float64(234.7339501991174),np.float64(4.917),
np.float64(0.17492294311523438),np.float64(233.48982876296614),np.float64(4.917),
np.float64(0.1750929355621338),np.float64(233.9001241302075),np.float64(4.917),
np.float64(0.17529082298278809),np.float64(233.37071075312187),np.float64(4.917375),
np.float64(0.17549586296081543),np.float64(233.66188811051896),np.float64(4.917375),
np.float64(0.1756899356842041),np.float64(234.3765961695846),np.float64(4.916),
np.float64(0.17588400840759277),np.float64(234.416302172866),np.float64(4.917),
np.float64(0.17609071731567383),np.float64(234.68100886140883),np.float64(4.915875),
np.float64(0.1764228343963623),np.float64(235.03836289094164),np.float64(4.917125),
np.float64(0.17654180526733398),np.float64(233.476593428539),np.float64(4.9165),
np.float64(0.176710844039917),np.float64(234.323654831876),np.float64(4.916625),
np.float64(0.17689085006713867),np.float64(233.8074767892175),np.float64(4.917375),
np.float64(0.17708897590637207),np.float64(234.01924214005177),np.float64(4.91675),
np.float64(0.17728400230407715),np.float64(234.50894951385598),np.float64(4.915875),
np.float64(0.17750287055969238),np.float64(233.93983013348893),np.float64(4.915625),
np.float64(0.17770004272460938),np.float64(236.7721917008971),np.float64(4.914),
np.float64(0.1779019832611084),np.float64(236.71925036318854),np.float64(4.91525),
np.float64(0.17809295654296875),np.float64(235.95160096641436),np.float64(4.914875),
np.float64(0.17828083038330078),np.float64(235.27659891063018),np.float64(4.916),
np.float64(0.17848801612854004),np.float64(234.0589481433332),np.float64(4.918375),
np.float64(0.1786937713623047),np.float64(232.85453271046336),np.float64(4.91625),
np.float64(0.1789088249206543),np.float64(233.7677707859361),np.float64(4.919875),
np.float64(0.1790919303894043),np.float64(230.07511248076375),np.float64(4.9190000000000005),
np.float64(0.17929291725158691),np.float64(232.0604126448349),np.float64(4.917375),
np.float64(0.17949295043945312),np.float64(233.46335809411184),np.float64(4.9175),
np.float64(0.17967486381530762),np.float64(233.79424145479038),np.float64(4.91725),
np.float64(0.17987775802612305),np.float64(233.30453408098614),np.float64(4.915875),
np.float64(0.18009376525878906),np.float64(233.7677707859361),np.float64(4.91675),
np.float64(0.18030476570129395),np.float64(233.42365209083042),np.float64(4.917125),
np.float64(0.180495023727417),np.float64(234.09865414661462),np.float64(4.915125),
np.float64(0.18068885803222656),np.float64(237.0898397271485),np.float64(4.914625),
np.float64(0.1808779239654541),np.float64(236.26924899266575),np.float64(4.9165),
np.float64(0.18108677864074707),np.float64(234.45600817614744),np.float64(4.91575),
np.float64(0.1812758445739746),np.float64(234.91924488109737),np.float64(4.916875),
np.float64(0.18148279190063477),np.float64(234.65453819255455),np.float64(4.916),
np.float64(0.18168067932128906),np.float64(233.52953476624756),np.float64(4.91575),
np.float64(0.18191099166870117),np.float64(234.81336220568025),np.float64(4.916),
np.float64(0.1820967197418213),np.float64(235.8721889598515),np.float64(4.915875),
np.float64(0.1822960376739502),np.float64(235.3824815860473),np.float64(4.91725),
np.float64(0.1824948787689209),np.float64(233.26482807770472),np.float64(4.91675),
np.float64(0.18270206451416016),np.float64(234.323654831876),np.float64(4.917125),
np.float64(0.1829240322113037),np.float64(233.5427701006747),np.float64(4.917125),
np.float64(0.18309593200683594),np.float64(233.87365346135323),np.float64(4.916),
np.float64(0.18329596519470215),np.float64(234.24424282531317),np.float64(4.917625),
np.float64(0.18349480628967285),np.float64(234.50894951385598),np.float64(4.914125),
np.float64(0.18369197845458984),np.float64(237.52660576324416),np.float64(4.91625),
np.float64(0.18388986587524414),np.float64(235.48836426146443),np.float64(4.91575),
np.float64(0.18410992622375488),np.float64(235.06483355979591),np.float64(4.916125),
np.float64(0.18429994583129883),np.float64(234.74718553354452),np.float64(4.91625),
np.float64(0.18450593948364258),np.float64(233.9927714711975),np.float64(4.916875),
np.float64(0.18468403816223145),np.float64(232.444237343222),np.float64(4.92),
np.float64(0.18489789962768555),np.float64(229.87658246435663),np.float64(4.9185),
np.float64(0.1850898265838623),np.float64(232.37806067108627),np.float64(4.9165),
np.float64(0.18529081344604492),np.float64(232.88100337931763),np.float64(4.918125),
np.float64(0.1855027675628662),np.float64(232.53688468421197),np.float64(4.917625),
np.float64(0.1856858730316162),np.float64(233.6751234449461),np.float64(4.916625),
np.float64(0.18590188026428223),np.float64(234.56189085156456),np.float64(4.917125),
np.float64(0.18607187271118164),np.float64(233.383946087549),np.float64(4.916625),
np.float64(0.18627095222473145),np.float64(234.08541881218747),np.float64(4.916375),
np.float64(0.18646979331970215),np.float64(234.0589481433332),np.float64(4.917125),
np.float64(0.1866910457611084),np.float64(233.55600543510184),np.float64(4.918),
np.float64(0.18689393997192383),np.float64(232.52364934978485),np.float64(4.918),
np.float64(0.18708181381225586),np.float64(232.21923665796058),np.float64(4.917125),
np.float64(0.18727588653564453),np.float64(233.17218073671475),np.float64(4.918),
np.float64(0.18748688697814941),np.float64(233.84718279249893),np.float64(4.917),
np.float64(0.1876850128173828),np.float64(233.75453545150896),np.float64(4.916875),
np.float64(0.18787097930908203),np.float64(233.92659479906177),np.float64(4.917125),
np.float64(0.18808293342590332),np.float64(234.0589481433332),np.float64(4.917375),
np.float64(0.18828582763671875),np.float64(234.13836014989604),np.float64(4.916625),
np.float64(0.1884768009185791),np.float64(233.93983013348893),np.float64(4.917),
np.float64(0.18868398666381836),np.float64(234.45600817614744),np.float64(4.916625),
np.float64(0.1888890266418457),np.float64(235.14424556635876),np.float64(4.915875),
np.float64(0.18913888931274414),np.float64(236.33542566480145),np.float64(4.916),
np.float64(0.1892988681793213),np.float64(234.323654831876),np.float64(4.917125),
np.float64(0.18947887420654297),np.float64(233.3177694154133),np.float64(4.916375),
np.float64(0.18969011306762695),np.float64(234.01924214005177),np.float64(4.917125),
np.float64(0.18990778923034668),np.float64(234.53542018271028),np.float64(4.915875),
np.float64(0.19007396697998047),np.float64(235.48836426146443),np.float64(4.9155),
np.float64(0.19026780128479004),np.float64(234.99865688766022),np.float64(4.9165),
np.float64(0.1904890537261963),np.float64(236.22954298938433),np.float64(4.91575),
np.float64(0.19069981575012207),np.float64(234.33689016630316),np.float64(4.918),
np.float64(0.1909029483795166),np.float64(232.89423871374478),np.float64(4.9175),
np.float64(0.19107389450073242),np.float64(233.48982876296614),np.float64(4.9165),
np.float64(0.19129180908203125),np.float64(232.6692380284834),np.float64(4.917),
np.float64(0.19147586822509766),np.float64(233.45012275968472),np.float64(4.917125),
np.float64(0.1917128562927246),np.float64(232.78835603832766),np.float64(4.916625),
np.float64(0.19193577766418457),np.float64(232.85453271046336),np.float64(4.917125),
np.float64(0.19210290908813477),np.float64(234.20453682203174),np.float64(4.9165),
np.float64(0.19229578971862793),np.float64(233.5824761039561),np.float64(4.916375),
np.float64(0.19251084327697754),np.float64(233.9663008023432),np.float64(4.91625),
np.float64(0.19269990921020508),np.float64(234.1515954843232),np.float64(4.917),
np.float64(0.1929337978363037),np.float64(233.34424008426757),np.float64(4.916),
np.float64(0.19311094284057617),np.float64(234.01924214005177),np.float64(4.916125),
np.float64(0.1933150291442871),np.float64(234.323654831876),np.float64(4.916),
np.float64(0.19350290298461914),np.float64(234.09865414661462),np.float64(4.914),
np.float64(0.19370269775390625),np.float64(237.65895910751556),np.float64(4.9145),
np.float64(0.19392085075378418),np.float64(236.78542703532426),np.float64(4.91425),
np.float64(0.1940920352935791),np.float64(235.56777626802727),np.float64(4.915625),
np.float64(0.1943039894104004),np.float64(234.74718553354452),np.float64(4.91625),
np.float64(0.19451093673706055),np.float64(234.5751261859917),np.float64(4.916),
np.float64(0.1947188377380371),np.float64(233.52953476624756),np.float64(4.91925),
np.float64(0.19491076469421387),np.float64(229.70452311680378),np.float64(4.91925),
np.float64(0.19510388374328613),np.float64(229.61187577581381),np.float64(4.9185),
np.float64(0.1952970027923584),np.float64(231.21335124149786),np.float64(4.918375),
np.float64(0.19550681114196777),np.float64(231.98100063827206),np.float64(4.91675),
np.float64(0.19571185111999512),np.float64(233.6751234449461),np.float64(4.916625),
np.float64(0.19593000411987305),np.float64(233.45012275968472),np.float64(4.916),
np.float64(0.19609689712524414),np.float64(233.9663008023432),np.float64(4.91575),
np.float64(0.1962909698486328),np.float64(234.09865414661462),np.float64(4.916125),
np.float64(0.19649887084960938),np.float64(233.9927714711975),np.float64(4.916375),
np.float64(0.19669389724731445),np.float64(234.09865414661462),np.float64(4.917125),
np.float64(0.19692492485046387),np.float64(233.71482944822753),np.float64(4.916375),
np.float64(0.19710373878479004),np.float64(233.34424008426757),np.float64(4.9165),
np.float64(0.19731402397155762),np.float64(235.77954161886154),np.float64(4.91425),
np.float64(0.19750285148620605),np.float64(235.47512892703728),np.float64(4.916),
np.float64(0.19770598411560059),np.float64(233.42365209083042),np.float64(4.917),
np.float64(0.19790196418762207),np.float64(233.6089467728104),np.float64(4.91625),
np.float64(0.19811773300170898),np.float64(233.7677707859361),np.float64(4.916),
np.float64(0.19831395149230957),np.float64(233.42365209083042),np.float64(4.91625),
np.float64(0.1985011100769043),np.float64(234.40306683843886),np.float64(4.916125),
np.float64(0.19870376586914062),np.float64(234.323654831876),np.float64(4.915625),
np.float64(0.19892096519470215),np.float64(233.70159411380038),np.float64(4.916),
np.float64(0.19909286499023438),np.float64(233.68835877937326),np.float64(4.917),
np.float64(0.19930696487426758),np.float64(233.13247473343333),np.float64(4.91675),
np.float64(0.19951486587524414),np.float64(232.90747404817193),np.float64(4.91725),
np.float64(0.19968891143798828),np.float64(233.03982739244333),np.float64(4.916375),
np.float64(0.1999039649963379),np.float64(233.88688879578035),np.float64(4.9165),
np.float64(0.20008397102355957),np.float64(233.55600543510184),np.float64(4.91625),
np.float64(0.2002878189086914),np.float64(234.00600680562462),np.float64(4.916625),
np.float64(0.20048785209655762),np.float64(233.75453545150896),np.float64(4.914875),
np.float64(0.2006998062133789),np.float64(236.15013098282148),np.float64(4.91425),
np.float64(0.2009139060974121),np.float64(235.95160096641436),np.float64(4.915625),
np.float64(0.20109295845031738),np.float64(234.7339501991174),np.float64(4.915875),
np.float64(0.20128512382507324),np.float64(234.5486555171374),np.float64(4.91625),
np.float64(0.20148396492004395),np.float64(234.27071349416747),np.float64(4.915875),
np.float64(0.20168089866638184),np.float64(234.03247747447892),np.float64(4.917),
np.float64(0.2019939422607422),np.float64(231.49129326446783),np.float64(4.919125),
np.float64(0.20210671424865723),np.float64(231.4780579300407),np.float64(4.916625),
np.float64(0.2023017406463623),np.float64(233.6089467728104),np.float64(4.917625),
np.float64(0.20248174667358398),np.float64(232.4177666743677),np.float64(4.917),
np.float64(0.20268678665161133),np.float64(233.13247473343333),np.float64(4.917),
np.float64(0.20288395881652832),np.float64(233.07953339572475),np.float64(4.91725),
np.float64(0.20308399200439453),np.float64(234.33689016630316),np.float64(4.914),
np.float64(0.20329689979553223),np.float64(236.75895636646996),np.float64(4.91475),
np.float64(0.20351409912109375),np.float64(235.10453956307734),np.float64(4.917),
np.float64(0.2037060260772705),np.float64(233.86041812692608),np.float64(4.916125),
np.float64(0.20392584800720215),np.float64(233.78100612036323),np.float64(4.9175),
np.float64(0.20409393310546875),np.float64(233.2251220744233),np.float64(4.917125),
np.float64(0.20428204536437988),np.float64(230.10158314961802),np.float64(4.9201250000000005),
np.float64(0.20451879501342773),np.float64(229.9692298053466),np.float64(4.918125),
np.float64(0.20471596717834473),np.float64(231.74276461858352),np.float64(4.91725),
np.float64(0.20492267608642578),np.float64(233.10600406457905),np.float64(4.916875),
np.float64(0.20508790016174316),np.float64(233.17218073671475),np.float64(4.917625),
np.float64(0.20529890060424805),np.float64(232.61629669077482),np.float64(4.917),
np.float64(0.2054898738861084),np.float64(233.78100612036323),np.float64(4.915),
np.float64(0.20567893981933594),np.float64(236.13689564839433),np.float64(4.91525),
np.float64(0.2059168815612793),np.float64(234.7339501991174),np.float64(4.916),
np.float64(0.20609402656555176),np.float64(233.62218210723753),np.float64(4.916875),
np.float64(0.20628809928894043),np.float64(233.50306409739326),np.float64(4.91675),
np.float64(0.20648789405822754),np.float64(233.48982876296614),np.float64(4.916625),
np.float64(0.20668482780456543),np.float64(233.8339474580718),np.float64(4.916125),
np.float64(0.20688581466674805),np.float64(233.78100612036323),np.float64(4.915625),
np.float64(0.20709705352783203),np.float64(235.07806889422307),np.float64(4.9155),
np.float64(0.20730280876159668),np.float64(234.19130148760462),np.float64(4.91675),
np.float64(0.20750093460083008),np.float64(233.68835877937326),np.float64(4.91675),
np.float64(0.20769667625427246),np.float64(233.5162994318204),np.float64(4.91625),
np.float64(0.20790600776672363),np.float64(233.75453545150896),np.float64(4.917125),
np.float64(0.20809292793273926),np.float64(232.96041538588048),np.float64(4.916875),
np.float64(0.20828795433044434),np.float64(233.45012275968472),np.float64(4.91675),
np.float64(0.2084977626800537),np.float64(233.72806478265468),np.float64(4.91675),
np.float64(0.20869874954223633),np.float64(233.5427701006747),np.float64(4.9165),
np.float64(0.20891594886779785),np.float64(233.71482944822753),np.float64(4.91625),
np.float64(0.20908880233764648),np.float64(232.78835603832766),np.float64(4.91675),
np.float64(0.2092897891998291),np.float64(233.8339474580718),np.float64(4.916875),
np.float64(0.2094860076904297),np.float64(232.6692380284834),np.float64(4.917125),
np.float64(0.20969581604003906),np.float64(234.23100749088604),np.float64(4.9145),
np.float64(0.20992302894592285),np.float64(236.87807437631423),np.float64(4.91575),
np.float64(0.21009397506713867),np.float64(235.84571829099724),np.float64(4.915),
np.float64(0.21029281616210938),np.float64(234.69424419583598),np.float64(4.917375),
np.float64(0.21048593521118164),np.float64(234.24424282531317),np.float64(4.91575),
np.float64(0.21072888374328613),np.float64(232.61629669077482),np.float64(4.917875),
np.float64(0.21093988418579102),np.float64(233.45012275968472),np.float64(4.9195),
np.float64(0.21112799644470215),np.float64(229.82364112664806),np.float64(4.918375),
np.float64(0.2113199234008789),np.float64(230.84276187753792),np.float64(4.91775),
np.float64(0.2115159034729004),np.float64(232.0207066415535),np.float64(4.916625),
np.float64(0.21169495582580566),np.float64(233.0001213891619),np.float64(4.9175),
np.float64(0.21190977096557617),np.float64(232.444237343222),np.float64(4.91675),
np.float64(0.2121109962463379),np.float64(232.7751207039005),np.float64(4.916),
np.float64(0.2123258113861084),np.float64(233.19865140556902),np.float64(4.916375),
np.float64(0.2125229835510254),np.float64(234.08541881218747),np.float64(4.91525),
np.float64(0.2127227783203125),np.float64(233.88688879578035),np.float64(4.916125),
np.float64(0.21294188499450684),np.float64(234.00600680562462),np.float64(4.916125),
np.float64(0.21311187744140625),np.float64(233.72806478265468),np.float64(4.916375),
np.float64(0.21331286430358887),np.float64(234.08541881218747),np.float64(4.916),
np.float64(0.21352696418762207),np.float64(233.7413001170818),np.float64(4.91625),
np.float64(0.21372199058532715),np.float64(234.1251248154689),np.float64(4.9165),
np.float64(0.21393895149230957),np.float64(234.77365620239883),np.float64(4.9145),
np.float64(0.21411991119384766),np.float64(236.61336768777142),np.float64(4.9155),
np.float64(0.21431493759155273),np.float64(234.8927742122431),np.float64(4.917),
np.float64(0.21451377868652344),np.float64(233.29129874655902),np.float64(4.916375),
np.float64(0.21483898162841797),np.float64(233.476593428539),np.float64(4.916625),
np.float64(0.21495985984802246),np.float64(234.1251248154689),np.float64(4.916),
np.float64(0.21511173248291016),np.float64(234.42953750729313),np.float64(4.915875),
np.float64(0.21532797813415527),np.float64(234.20453682203174),np.float64(4.915875),
np.float64(0.21552586555480957),np.float64(234.1515954843232),np.float64(4.917),
np.float64(0.21572184562683105),np.float64(233.21188673999617),np.float64(4.916125),
np.float64(0.21593904495239258),np.float64(234.1251248154689),np.float64(4.917),
np.float64(0.21611905097961426),np.float64(233.8339474580718),np.float64(4.915875),
np.float64(0.21629786491394043),np.float64(233.6089467728104),np.float64(4.9165),
np.float64(0.21651077270507812),np.float64(233.05306272687048),np.float64(4.91675),
np.float64(0.21671175956726074),np.float64(233.6751234449461),np.float64(4.917),
np.float64(0.21692800521850586),np.float64(233.37071075312187),np.float64(4.9165),
np.float64(0.21710777282714844),np.float64(233.64865277609184),np.float64(4.915875),
np.float64(0.21730303764343262),np.float64(233.383946087549),np.float64(4.917375),
np.float64(0.2174997329711914),np.float64(233.5824761039561),np.float64(4.916375),
np.float64(0.21769189834594727),np.float64(234.2177721564589),np.float64(4.916),
np.float64(0.2179267406463623),np.float64(234.11188948104177),np.float64(4.914625),
np.float64(0.21810507774353027),np.float64(236.91778037959565),np.float64(4.91425),
np.float64(0.21829867362976074),np.float64(236.6795443599071),np.float64(4.9145),
np.float64(0.21849584579467773),np.float64(235.58101160245442),np.float64(4.91625),
np.float64(0.21870207786560059),np.float64(234.3898315040117),np.float64(4.916625),
np.float64(0.21889686584472656),np.float64(234.20453682203174),np.float64(4.91625),
np.float64(0.219099760055542),np.float64(233.21188673999617),np.float64(4.91675),
np.float64(0.21931791305541992),np.float64(230.61776119227653),np.float64(4.9197500000000005),
np.float64(0.21952390670776367),np.float64(230.32658383487941),np.float64(4.9185),
np.float64(0.21971392631530762),np.float64(231.35893992019643),np.float64(4.91775),
np.float64(0.21991896629333496),np.float64(232.1001186481163),np.float64(4.917375),
np.float64(0.2201089859008789),np.float64(232.40453133994058),np.float64(4.91775),
np.float64(0.22031474113464355),np.float64(232.5104140153577),np.float64(4.917),
np.float64(0.22052979469299316),np.float64(233.39718142197614),np.float64(4.9165),
np.float64(0.22072386741638184),np.float64(234.00600680562462),np.float64(4.9165),
np.float64(0.22094988822937012),np.float64(233.8339474580718),np.float64(4.917),
np.float64(0.22110986709594727),np.float64(233.5427701006747),np.float64(4.916125),
np.float64(0.22131776809692383),np.float64(233.52953476624756),np.float64(4.91675),
np.float64(0.22151684761047363),np.float64(233.4104167564033),np.float64(4.917),
np.float64(0.22172999382019043),np.float64(233.97953613677035),np.float64(4.91625),
np.float64(0.221937894821167),np.float64(233.5427701006747),np.float64(4.916625),
np.float64(0.22212505340576172),np.float64(233.35747541869472),np.float64(4.9165),
np.float64(0.2223217487335205),np.float64(235.19718690406734),np.float64(4.91575),
np.float64(0.2225179672241211),np.float64(235.56777626802727),np.float64(4.915625),
np.float64(0.22272491455078125),np.float64(234.416302172866),np.float64(4.917375),
np.float64(0.22295689582824707),np.float64(233.43688742525757),np.float64(4.916375),
np.float64(0.22313380241394043),np.float64(233.79424145479038),np.float64(4.917),
np.float64(0.22332286834716797),np.float64(234.3898315040117),np.float64(4.915625),
np.float64(0.2235250473022461),np.float64(234.1515954843232),np.float64(4.916125),
np.float64(0.22372198104858398),np.float64(235.23689290734876),np.float64(4.915875),
np.float64(0.22393798828125),np.float64(234.53542018271028),np.float64(4.91575),
np.float64(0.22412681579589844),np.float64(233.6751234449461),np.float64(4.916),
np.float64(0.2243330478668213),np.float64(233.93983013348893),np.float64(4.9165),
np.float64(0.22453093528747559),np.float64(234.23100749088604),np.float64(4.91625),
np.float64(0.2247307300567627),np.float64(233.50306409739326),np.float64(4.916125),
np.float64(0.22494292259216309),np.float64(234.53542018271028),np.float64(4.916),
np.float64(0.2251267433166504),np.float64(234.45600817614744),np.float64(4.916375),
np.float64(0.22532391548156738),np.float64(234.62806752370025),np.float64(4.916125),
np.float64(0.22553277015686035),np.float64(234.2839488285946),np.float64(4.916875),
np.float64(0.22572898864746094),np.float64(233.33100474984045),np.float64(4.917125),
np.float64(0.2259519100189209),np.float64(233.92659479906177),np.float64(4.916375),
np.float64(0.22612285614013672),np.float64(233.9001241302075),np.float64(4.916375),
np.float64(0.22632598876953125),np.float64(234.08541881218747),np.float64(4.915875),
np.float64(0.22651886940002441),np.float64(234.66777352698168),np.float64(4.915125),
np.float64(0.22671890258789062),np.float64(235.01189222208734),np.float64(4.917),
np.float64(0.22695088386535645),np.float64(234.3501255007303),np.float64(4.916375),
np.float64(0.22713279724121094),np.float64(234.16483081875032),np.float64(4.916),
np.float64(0.2273399829864502),np.float64(233.66188811051896),np.float64(4.91625),
np.float64(0.2276608943939209),np.float64(234.27071349416747),np.float64(4.9165),
np.float64(0.22783780097961426),np.float64(233.84718279249893),np.float64(4.917125),
np.float64(0.2279648780822754),np.float64(233.1589454022876),np.float64(4.917125),
np.float64(0.22812986373901367),np.float64(233.5162994318204),np.float64(4.9165),
np.float64(0.22830796241760254),np.float64(233.91335946463465),np.float64(4.916625),
np.float64(0.2285308837890625),np.float64(233.5162994318204),np.float64(4.91675),
np.float64(0.22872686386108398),np.float64(233.26482807770472),np.float64(4.9165),
np.float64(0.2289440631866455),np.float64(233.72806478265468),np.float64(4.917),
np.float64(0.22911977767944336),np.float64(233.50306409739326),np.float64(4.915625),
np.float64(0.22932982444763184),np.float64(234.40306683843886),np.float64(4.9165),
np.float64(0.22951292991638184),np.float64(234.17806615317747),np.float64(4.915875),
np.float64(0.229719877243042),np.float64(234.42953750729313),np.float64(4.916125),
np.float64(0.2299518585205078),np.float64(233.88688879578035),np.float64(4.917),
np.float64(0.23014187812805176),np.float64(234.17806615317747),np.float64(4.916375),
np.float64(0.23033905029296875),np.float64(234.46924351057456),np.float64(4.91625),
np.float64(0.23052477836608887),np.float64(234.25747815974032),np.float64(4.91625),
np.float64(0.23072195053100586),np.float64(234.69424419583598),np.float64(4.916),
np.float64(0.23096799850463867),np.float64(234.85306820896167),np.float64(4.9165),
np.float64(0.2311418056488037),np.float64(233.91335946463465),np.float64(4.917875),
np.float64(0.2313389778137207),np.float64(233.19865140556902),np.float64(4.916625),
np.float64(0.23153185844421387),np.float64(234.00600680562462),np.float64(4.916625),
np.float64(0.23173093795776367),np.float64(234.58836152041883),np.float64(4.91625),
np.float64(0.23194384574890137),np.float64(234.81336220568025),np.float64(4.916375),
np.float64(0.2321147918701172),np.float64(234.36336083515744),np.float64(4.914625),
np.float64(0.23233985900878906),np.float64(237.3810170845456),np.float64(4.914),
np.float64(0.23253798484802246),np.float64(236.54719101563572),np.float64(4.91575),
np.float64(0.23272275924682617),np.float64(235.35601091719303),np.float64(4.914875),
np.float64(0.23295307159423828),np.float64(235.1574809007859),np.float64(4.915625),
np.float64(0.2331218719482422),np.float64(234.85306820896167),np.float64(4.91725),
np.float64(0.233320951461792),np.float64(232.89423871374478),np.float64(4.919125),
np.float64(0.23354005813598633),np.float64(229.1883450741453),np.float64(4.9195),
np.float64(0.2337348461151123),np.float64(230.59129052342223),np.float64(4.918),
np.float64(0.233961820602417),np.float64(232.55012001863912),np.float64(4.9175),
np.float64(0.2341327667236328),np.float64(233.01335672358906),np.float64(4.9165),
np.float64(0.2343289852142334),np.float64(234.3765961695846),np.float64(4.917625),
np.float64(0.2345290184020996),np.float64(233.4104167564033),np.float64(4.91675),
np.float64(0.23472094535827637),np.float64(234.13836014989604),np.float64(4.91675),
np.float64(0.23496389389038086),np.float64(233.01335672358906),np.float64(4.917125),
np.float64(0.23513484001159668),np.float64(233.75453545150896),np.float64(4.91675),
np.float64(0.23533892631530762),np.float64(233.84718279249893),np.float64(4.9165),
np.float64(0.23553180694580078),np.float64(235.2236575729216),np.float64(4.916),
np.float64(0.23573088645935059),np.float64(234.3898315040117),np.float64(4.916375),
np.float64(0.23592805862426758),np.float64(235.56777626802727),np.float64(4.914625),
np.float64(0.23614883422851562),np.float64(235.89865962870581),np.float64(4.916375),
np.float64(0.2363147735595703),np.float64(234.3765961695846),np.float64(4.917),
np.float64(0.23651695251464844),np.float64(233.63541744166469),np.float64(4.91675),
np.float64(0.23671793937683105),np.float64(233.7413001170818),np.float64(4.91725),
np.float64(0.23692798614501953),np.float64(232.85453271046336),np.float64(4.918),
np.float64(0.23710370063781738),np.float64(236.05748364183148),np.float64(4.9135),
np.float64(0.2373039722442627),np.float64(236.6398383566257),np.float64(4.91525),
np.float64(0.23752689361572266),np.float64(234.3104194974489),np.float64(4.9165),
np.float64(0.23772192001342773),np.float64(233.97953613677035),np.float64(4.9165),
np.float64(0.23792791366577148),np.float64(233.8074767892175),np.float64(4.915875),
np.float64(0.23811078071594238),np.float64(233.82071212364465),np.float64(4.91675),
np.float64(0.23831701278686523),np.float64(232.6824733629105),np.float64(4.9186250000000005),
np.float64(0.23850393295288086),np.float64(230.75011453654793),np.float64(4.9186250000000005),
np.float64(0.2387230396270752),np.float64(232.62953202520197),np.float64(4.916625),
np.float64(0.2389507293701172),np.float64(234.19130148760462),np.float64(4.914),
np.float64(0.23911190032958984),np.float64(236.54719101563572),np.float64(4.915),
np.float64(0.23931002616882324),np.float64(235.75307095000724),np.float64(4.91675),
np.float64(0.23950481414794922),np.float64(233.82071212364465),np.float64(4.917),
np.float64(0.23970389366149902),np.float64(233.78100612036323),np.float64(4.916625),
np.float64(0.23993587493896484),np.float64(233.71482944822753),np.float64(4.91625),
np.float64(0.24013686180114746),np.float64(233.59571143838326),np.float64(4.91675),
np.float64(0.24039292335510254),np.float64(234.36336083515744),np.float64(4.915875),
np.float64(0.24052810668945312),np.float64(235.01189222208734),np.float64(4.915875),
np.float64(0.2407059669494629),np.float64(234.29718416302174),np.float64(4.9175),
np.float64(0.24091386795043945),np.float64(233.21188673999617),np.float64(4.9165),
np.float64(0.24112200736999512),np.float64(234.323654831876),np.float64(4.917),
np.float64(0.2413187026977539),np.float64(233.7413001170818),np.float64(4.91725),
np.float64(0.2415180206298828),np.float64(233.52953476624756),np.float64(4.9165),
np.float64(0.24172282218933105),np.float64(233.33100474984045),np.float64(4.91675),
np.float64(0.2419428825378418),np.float64(235.3163049139116),np.float64(4.914),
np.float64(0.2421419620513916),np.float64(236.66630902548),np.float64(4.915375),
np.float64(0.24232697486877441),np.float64(235.3163049139116),np.float64(4.916375),
np.float64(0.24254894256591797),np.float64(234.2839488285946),np.float64(4.915875),
np.float64(0.24274182319641113),np.float64(233.8074767892175),np.float64(4.91675),
np.float64(0.2429659366607666),np.float64(232.97365072030763),np.float64(4.916875),
np.float64(0.24313783645629883),np.float64(230.35305450373372),np.float64(4.919625),
np.float64(0.24333572387695312),np.float64(230.10158314961802),np.float64(4.91775),
np.float64(0.2435297966003418),np.float64(232.7751207039005),np.float64(4.91575),
np.float64(0.24374699592590332),np.float64(233.87365346135323),np.float64(4.91675),
np.float64(0.2439568042755127),np.float64(233.5824761039561),np.float64(4.916375),
np.float64(0.2441399097442627),np.float64(234.36336083515744),np.float64(4.917),
np.float64(0.24433493614196777),np.float64(233.59571143838326),np.float64(4.916375),
np.float64(0.24453496932983398),np.float64(233.07953339572475),np.float64(4.916625),
np.float64(0.2447338104248047),np.float64(233.59571143838326),np.float64(4.917375),
np.float64(0.24495577812194824),np.float64(233.42365209083042),np.float64(4.91675),
np.float64(0.24513506889343262),np.float64(233.63541744166469),np.float64(4.917125),
np.float64(0.24534988403320312),np.float64(233.4104167564033),np.float64(4.917875),
np.float64(0.24553990364074707),np.float64(232.72217936619194),np.float64(4.916375),
np.float64(0.24573683738708496),np.float64(233.9001241302075),np.float64(4.916875),
np.float64(0.24595284461975098),np.float64(234.09865414661462),np.float64(4.916625),
np.float64(0.24614286422729492),np.float64(234.20453682203174),np.float64(4.917),
np.float64(0.24635100364685059),np.float64(233.59571143838326),np.float64(4.9165),
np.float64(0.24656081199645996),np.float64(233.59571143838326),np.float64(4.916625),
np.float64(0.24674487113952637),np.float64(234.00600680562462),np.float64(4.91625),
np.float64(0.2469649314880371),np.float64(233.86041812692608),np.float64(4.916625),
np.float64(0.24713802337646484),np.float64(234.01924214005177),np.float64(4.9165),
np.float64(0.24733781814575195),np.float64(235.06483355979591),np.float64(4.915375),
np.float64(0.24754977226257324),np.float64(235.77954161886154),np.float64(4.915625),
np.float64(0.24774909019470215),np.float64(234.2177721564589),np.float64(4.9165),
np.float64(0.24794292449951172),np.float64(234.40306683843886),np.float64(4.9165),
np.float64(0.24814295768737793),np.float64(234.19130148760462),np.float64(4.916),
np.float64(0.24834179878234863),np.float64(233.87365346135323),np.float64(4.9175),
np.float64(0.24853801727294922),np.float64(234.1515954843232),np.float64(4.916875),
np.float64(0.2487337589263916),np.float64(234.7339501991174),np.float64(4.915),
np.float64(0.24897289276123047),np.float64(235.10453956307734),np.float64(4.9175),
np.float64(0.2491466999053955),np.float64(233.45012275968472),np.float64(4.91675),
np.float64(0.24934911727905273),np.float64(234.77365620239883),np.float64(4.91475),
np.float64(0.24953699111938477),np.float64(235.68689427787155),np.float64(4.915875),
np.float64(0.24971795082092285),np.float64(234.66777352698168),np.float64(4.91725),
np.float64(0.2499220371246338),np.float64(233.30453408098614),np.float64(4.9165),
np.float64(0.25013279914855957),np.float64(235.7001296122987),np.float64(4.915125),
np.float64(0.25032997131347656),np.float64(234.82659754010737),np.float64(4.9165),
np.float64(0.2505300045013428),np.float64(235.0251275565145),np.float64(4.915625),
np.float64(0.25072789192199707),np.float64(234.66777352698168),np.float64(4.91625),
np.float64(0.2509448528289795),np.float64(233.97953613677035),np.float64(4.9190000000000005),
np.float64(0.25111889839172363),np.float64(232.11335398254346),np.float64(4.91675),
np.float64(0.25131893157958984),np.float64(232.47070801207627),np.float64(4.92025),
np.float64(0.2515287399291992),np.float64(229.7706997889395),np.float64(4.9185),
np.float64(0.25173401832580566),np.float64(231.34570458576928),np.float64(4.917),
np.float64(0.2519416809082031),np.float64(233.29129874655902),np.float64(4.9185),
np.float64(0.2521247863769531),np.float64(232.07364797926203),np.float64(4.917375),
np.float64(0.2523198127746582),np.float64(232.81482670718194),np.float64(4.917625),
np.float64(0.2525458335876465),np.float64(232.78835603832766),np.float64(4.917375),
np.float64(0.25275492668151855),np.float64(233.11923939900618),np.float64(4.917625),
np.float64(0.2529757022857666),np.float64(233.1589454022876),np.float64(4.9175),
np.float64(0.2532956600189209),np.float64(233.37071075312187),np.float64(4.9175),
np.float64(0.25341105461120605),np.float64(233.26482807770472),np.float64(4.91675),
np.float64(0.25355005264282227),np.float64(233.0001213891619),np.float64(4.91775),
np.float64(0.253734827041626),np.float64(232.52364934978485),np.float64(4.9175),
np.float64(0.2539548873901367),np.float64(232.81482670718194),np.float64(4.9175),
np.float64(0.25412774085998535),np.float64(233.1854160711419),np.float64(4.916625),
np.float64(0.25432276725769043),np.float64(233.21188673999617),np.float64(4.91775),
np.float64(0.25452685356140137),np.float64(232.80159137275479),np.float64(4.917),
np.float64(0.25472569465637207),np.float64(233.03982739244333),np.float64(4.91725),
np.float64(0.25492286682128906),np.float64(233.17218073671475),np.float64(4.917125),
np.float64(0.25513792037963867),np.float64(234.24424282531317),np.float64(4.917125),
np.float64(0.25533390045166016),np.float64(234.08541881218747),np.float64(4.917),
np.float64(0.2555277347564697),np.float64(233.6089467728104),np.float64(4.9155),
np.float64(0.2557239532470703),np.float64(235.2898342450573),np.float64(4.915625),
np.float64(0.2559468746185303),np.float64(235.14424556635876),np.float64(4.9155),
np.float64(0.2561147212982178),np.float64(234.49571417942886),np.float64(4.9165),
np.float64(0.25632572174072266),np.float64(234.1515954843232),np.float64(4.9165),
np.float64(0.25653600692749023),np.float64(234.19130148760462),np.float64(4.917),
np.float64(0.2567307949066162),np.float64(234.5486555171374),np.float64(4.916625),
np.float64(0.2569577693939209),np.float64(234.9589508843788),np.float64(4.91575),
np.float64(0.25713682174682617),np.float64(234.74718553354452),np.float64(4.91675),
np.float64(0.25733280181884766),np.float64(233.92659479906177),np.float64(4.91725),
np.float64(0.2575206756591797),np.float64(233.59571143838326),np.float64(4.918),
np.float64(0.2577400207519531),np.float64(233.87365346135323),np.float64(4.91725),
np.float64(0.2579498291015625),np.float64(233.46335809411184),np.float64(4.91725),
np.float64(0.25812387466430664),np.float64(234.50894951385598),np.float64(4.916),
np.float64(0.25832700729370117),np.float64(234.52218484828313),np.float64(4.916625),
np.float64(0.25853586196899414),np.float64(234.19130148760462),np.float64(4.916875),
np.float64(0.25873875617980957),np.float64(234.69424419583598),np.float64(4.916625),
np.float64(0.2589590549468994),np.float64(234.13836014989604),np.float64(4.91725),
np.float64(0.2591538429260254),np.float64(234.74718553354452),np.float64(4.915),
np.float64(0.2593567371368408),np.float64(236.20307232053005),np.float64(4.91625),
np.float64(0.2595329284667969),np.float64(235.8324829565701),np.float64(4.914125),
np.float64(0.2597470283508301),np.float64(236.04424830740436),np.float64(4.917125),
np.float64(0.2599499225616455),np.float64(233.63541744166469),np.float64(4.917125),
np.float64(0.26015186309814453),np.float64(233.86041812692608),np.float64(4.917375),
np.float64(0.2603628635406494),np.float64(233.476593428539),np.float64(4.917125),
np.float64(0.2605569362640381),np.float64(233.68835877937326),np.float64(4.91725),
np.float64(0.26075267791748047),np.float64(234.08541881218747),np.float64(4.916625),
np.float64(0.2609708309173584),np.float64(234.33689016630316),np.float64(4.91675),
np.float64(0.26114988327026367),np.float64(233.9927714711975),np.float64(4.9175),
np.float64(0.26134490966796875),np.float64(233.9001241302075),np.float64(4.916625),
np.float64(0.26156091690063477),np.float64(232.94718005145336),np.float64(4.917125),
np.float64(0.26175880432128906),np.float64(234.16483081875032),np.float64(4.917),
np.float64(0.26196885108947754),np.float64(233.05306272687048),np.float64(4.9185),
np.float64(0.2621419429779053),np.float64(232.90747404817193),np.float64(4.916375),
np.float64(0.2623457908630371),np.float64(233.23835740885045),np.float64(4.917),
np.float64(0.2625448703765869),np.float64(234.08541881218747),np.float64(4.917375),
np.float64(0.26274871826171875),np.float64(233.45012275968472),np.float64(4.917375),
np.float64(0.2629837989807129),np.float64(233.97953613677035),np.float64(4.916625),
np.float64(0.26315784454345703),np.float64(235.8589536254244),np.float64(4.91475),
np.float64(0.26335787773132324),np.float64(236.81189770417853),np.float64(4.9145),
np.float64(0.26355695724487305),np.float64(236.0310129729772),np.float64(4.917),
np.float64(0.2637491226196289),np.float64(234.91924488109737),np.float64(4.916125),
np.float64(0.2639458179473877),np.float64(234.49571417942886),np.float64(4.91525),
np.float64(0.2641630172729492),np.float64(237.3810170845456),np.float64(4.91525),
np.float64(0.2643558979034424),np.float64(234.33689016630316),np.float64(4.918875),
np.float64(0.26456689834594727),np.float64(231.04129189394504),np.float64(4.917875),
np.float64(0.264751672744751),np.float64(231.58394060545783),np.float64(4.91875),
np.float64(0.2649719715118408),np.float64(232.40453133994058),np.float64(4.91675),
np.float64(0.26514768600463867),np.float64(233.6751234449461),np.float64(4.916375),
np.float64(0.265347957611084),np.float64(233.9663008023432),np.float64(4.916125),
np.float64(0.2655637264251709),np.float64(234.3765961695846),np.float64(4.9165),
np.float64(0.2657599449157715),np.float64(234.11188948104177),np.float64(4.916125),
np.float64(0.2660510540008545),np.float64(234.16483081875032),np.float64(4.917),
np.float64(0.2661550045013428),np.float64(233.93983013348893),np.float64(4.915875),
np.float64(0.26633191108703613),np.float64(235.34277558276588),np.float64(4.91625),
np.float64(0.266528844833374),np.float64(234.8663035433888),np.float64(4.915375),
np.float64(0.2667398452758789),np.float64(235.34277558276588),np.float64(4.91625),
np.float64(0.26696276664733887),np.float64(234.03247747447892),np.float64(4.917125),
np.float64(0.26714110374450684),np.float64(233.39718142197614),np.float64(4.916375),
np.float64(0.26733899116516113),np.float64(235.0913042286502),np.float64(4.9165),
np.float64(0.26752567291259766),np.float64(233.71482944822753),np.float64(4.91675),
np.float64(0.26773595809936523),np.float64(233.6089467728104),np.float64(4.917),
np.float64(0.26796889305114746),np.float64(232.9339447170262),np.float64(4.9175),
np.float64(0.2681558132171631),np.float64(233.27806341213187),np.float64(4.91525),
np.float64(0.2683439254760742),np.float64(237.36778175011847),np.float64(4.91375),
np.float64(0.2685370445251465),np.float64(235.99130696969578),np.float64(4.91625),
np.float64(0.2687358856201172),np.float64(234.61483218927313),np.float64(4.91675),
np.float64(0.2689359188079834),np.float64(234.49571417942886),np.float64(4.9165),
np.float64(0.2691309452056885),np.float64(234.40306683843886),np.float64(4.91625),
np.float64(0.2693448066711426),np.float64(233.50306409739326),np.float64(4.9197500000000005),
np.float64(0.26954174041748047),np.float64(229.71775845123094),np.float64(4.917625),
np.float64(0.2697467803955078),np.float64(233.0265920580162),np.float64(4.9186250000000005),
np.float64(0.269974946975708),np.float64(232.24570732681488),np.float64(4.9175),
np.float64(0.2701380252838135),np.float64(233.48982876296614),np.float64(4.917125),
np.float64(0.2703418731689453),np.float64(233.27806341213187),np.float64(4.917625),
np.float64(0.270554780960083),np.float64(233.29129874655902),np.float64(4.91675),
np.float64(0.2707498073577881),np.float64(234.0589481433332),np.float64(4.917125),
np.float64(0.2709617614746094),np.float64(233.33100474984045),np.float64(4.917),
np.float64(0.27113890647888184),np.float64(233.48982876296614),np.float64(4.916875),
np.float64(0.27133798599243164),np.float64(233.7413001170818),np.float64(4.917125),
np.float64(0.271543025970459),np.float64(233.5427701006747),np.float64(4.917),
np.float64(0.27173590660095215),np.float64(233.70159411380038),np.float64(4.916875),
np.float64(0.2719700336456299),np.float64(233.84718279249893),np.float64(4.9175),
np.float64(0.27214574813842773),np.float64(233.4104167564033),np.float64(4.917625),
np.float64(0.27234506607055664),np.float64(234.7339501991174),np.float64(4.9135),
np.float64(0.27254700660705566),np.float64(237.27513440912847),np.float64(4.915375),
np.float64(0.2727317810058594),np.float64(235.06483355979591),np.float64(4.91625),
np.float64(0.2729320526123047),np.float64(234.4824788450017),np.float64(4.9165),
np.float64(0.27314281463623047),np.float64(234.11188948104177),np.float64(4.917375),
np.float64(0.273360013961792),np.float64(232.96041538588048),np.float64(4.91675),
np.float64(0.273547887802124),np.float64(234.33689016630316),np.float64(4.9155),
np.float64(0.27381277084350586),np.float64(235.52807026474585),np.float64(4.916),
np.float64(0.2739677429199219),np.float64(235.47512892703728),np.float64(4.916375),
np.float64(0.2741408348083496),np.float64(234.42953750729313),np.float64(4.91775),
np.float64(0.27434587478637695),np.float64(233.52953476624756),np.float64(4.917),
np.float64(0.2745320796966553),np.float64(233.86041812692608),np.float64(4.917),
np.float64(0.27472996711730957),np.float64(234.27071349416747),np.float64(4.916375),
np.float64(0.2749660015106201),np.float64(234.11188948104177),np.float64(4.917),
np.float64(0.275148868560791),np.float64(234.3501255007303),np.float64(4.91625),
np.float64(0.2753458023071289),np.float64(233.97953613677035),np.float64(4.9165),
np.float64(0.2755439281463623),np.float64(233.39718142197614),np.float64(4.9165),
np.float64(0.27574706077575684),np.float64(234.33689016630316),np.float64(4.916625),
np.float64(0.27595090866088867),np.float64(233.86041812692608),np.float64(4.917375),
np.float64(0.27613210678100586),np.float64(233.70159411380038),np.float64(4.914875),
np.float64(0.2763488292694092),np.float64(237.52660576324416),np.float64(4.914375),
np.float64(0.27654480934143066),np.float64(235.5148349303187),np.float64(4.916125),
np.float64(0.2768118381500244),np.float64(234.90600954667022),np.float64(4.915875),
np.float64(0.2769768238067627),np.float64(234.61483218927313),np.float64(4.916625),
np.float64(0.2771477699279785),np.float64(233.21188673999617),np.float64(4.91675),
np.float64(0.27733874320983887),np.float64(231.2795279136336),np.float64(4.919875),
np.float64(0.2775418758392334),np.float64(230.14128915289945),np.float64(4.918125),
np.float64(0.2777400016784668),np.float64(231.34570458576928),np.float64(4.918),
np.float64(0.2779717445373535),np.float64(232.33835466780485),np.float64(4.917125),
np.float64(0.27814793586730957),np.float64(231.74276461858352),np.float64(4.918125),
np.float64(0.2783489227294922),np.float64(232.47070801207627),np.float64(4.917),
np.float64(0.27854299545288086),np.float64(232.96041538588048),np.float64(4.917375),
np.float64(0.2788708209991455),np.float64(232.85453271046336),np.float64(4.916625),
np.float64(0.27896904945373535),np.float64(233.1854160711419),np.float64(4.916625),
np.float64(0.2791578769683838),np.float64(233.14571006786048),np.float64(4.916625),
np.float64(0.27934885025024414),np.float64(233.46335809411184),np.float64(4.917),
np.float64(0.2795407772064209),np.float64(233.26482807770472),np.float64(4.916625),
np.float64(0.2798428535461426),np.float64(233.21188673999617),np.float64(4.916625),
np.float64(0.27999186515808105),np.float64(233.55600543510184),np.float64(4.917),
np.float64(0.28017568588256836),np.float64(233.52953476624756),np.float64(4.91675),
np.float64(0.28036975860595703),np.float64(233.55600543510184),np.float64(4.91675),
np.float64(0.28056907653808594),np.float64(233.62218210723753),np.float64(4.9165),
np.float64(0.2807648181915283),np.float64(235.9251302975601),np.float64(4.91325),
np.float64(0.2809877395629883),np.float64(236.9971923861585),np.float64(4.916375),
np.float64(0.28116297721862793),np.float64(234.04571280890605),np.float64(4.916125),
np.float64(0.28137803077697754),np.float64(234.03247747447892),np.float64(4.9165),
np.float64(0.28154492378234863),np.float64(233.66188811051896),np.float64(4.915375),
np.float64(0.2817988395690918),np.float64(234.3104194974489),np.float64(4.917),
np.float64(0.2819540500640869),np.float64(233.93983013348893),np.float64(4.91625),
np.float64(0.282135009765625),np.float64(234.3501255007303),np.float64(4.917),
np.float64(0.2823338508605957),np.float64(233.8074767892175),np.float64(4.9165),
np.float64(0.2825338840484619),np.float64(233.48982876296614),np.float64(4.9165),
np.float64(0.2827267646789551),np.float64(233.26482807770472),np.float64(4.916125),
np.float64(0.2829248905181885),np.float64(233.7413001170818),np.float64(4.916375),
np.float64(0.2831418514251709),np.float64(232.94718005145336),np.float64(4.916625),
np.float64(0.28334474563598633),np.float64(234.03247747447892),np.float64(4.91575),
np.float64(0.283538818359375),np.float64(234.04571280890605),np.float64(4.916375),
np.float64(0.28380680084228516),np.float64(234.03247747447892),np.float64(4.9165),
np.float64(0.28395581245422363),np.float64(234.11188948104177),np.float64(4.916875),
np.float64(0.28414106369018555),np.float64(233.5162994318204),np.float64(4.917375),
np.float64(0.28433680534362793),np.float64(233.50306409739326),np.float64(4.916125),
np.float64(0.2845299243927002),np.float64(233.27806341213187),np.float64(4.916),
np.float64(0.2847249507904053),np.float64(233.86041812692608),np.float64(4.916375),
np.float64(0.2849597930908203),np.float64(237.0898397271485),np.float64(4.913875),
np.float64(0.2851428985595703),np.float64(237.52660576324416),np.float64(4.91475),
np.float64(0.2853517532348633),np.float64(236.65307369105284),np.float64(4.91475),
np.float64(0.2855510711669922),np.float64(234.2839488285946),np.float64(4.916375),
np.float64(0.28581809997558594),np.float64(233.5427701006747),np.float64(4.915625),
np.float64(0.28594088554382324),np.float64(233.10600406457905),np.float64(4.916375),
np.float64(0.28614282608032227),np.float64(230.36628983816084),np.float64(4.9195),
np.float64(0.2863469123840332),np.float64(229.94275913649233),np.float64(4.9185),
np.float64(0.2865409851074219),np.float64(230.93540921852792),np.float64(4.9175),
np.float64(0.28681373596191406),np.float64(232.15305998582488),np.float64(4.9175),
np.float64(0.2869758605957031),np.float64(232.11335398254346),np.float64(4.9175),
np.float64(0.2871537208557129),np.float64(232.444237343222),np.float64(4.91725),
np.float64(0.2873499393463135),np.float64(233.01335672358906),np.float64(4.917),
np.float64(0.28755974769592285),np.float64(233.01335672358906),np.float64(4.917),
np.float64(0.28781986236572266),np.float64(233.5162994318204),np.float64(4.91725),
np.float64(0.28797101974487305),np.float64(233.21188673999617),np.float64(4.916375),
np.float64(0.2881510257720947),np.float64(233.06629806129763),np.float64(4.91625),
np.float64(0.2883608341217041),np.float64(233.30453408098614),np.float64(4.91525),
np.float64(0.2885458469390869),np.float64(233.93983013348893),np.float64(4.9165),
np.float64(0.28873682022094727),np.float64(233.476593428539),np.float64(4.916625),
np.float64(0.28899192810058594),np.float64(233.27806341213187),np.float64(4.914875),
np.float64(0.28915882110595703),np.float64(236.37513166808287),np.float64(4.915),
np.float64(0.28937697410583496),np.float64(234.9324802155245),np.float64(4.917),
np.float64(0.2895627021789551),np.float64(233.70159411380038),np.float64(4.91675),
np.float64(0.289841890335083),np.float64(233.476593428539),np.float64(4.916375),
np.float64(0.28998589515686035),np.float64(233.68835877937326),np.float64(4.915875),
np.float64(0.29016900062561035),np.float64(233.37071075312187),np.float64(4.916625),
np.float64(0.29036688804626465),np.float64(232.74865003504624),np.float64(4.917375),
np.float64(0.2905867099761963),np.float64(233.52953476624756),np.float64(4.915625),
np.float64(0.2908468246459961),np.float64(235.46189359261015),np.float64(4.91575),
np.float64(0.2909879684448242),np.float64(234.66777352698168),np.float64(4.916375),
np.float64(0.2911808490753174),np.float64(234.0589481433332),np.float64(4.917625),
np.float64(0.29136085510253906),np.float64(232.78835603832766),np.float64(4.916625),
np.float64(0.2916259765625),np.float64(233.6089467728104),np.float64(4.916875),
np.float64(0.29181885719299316),np.float64(233.88688879578035),np.float64(4.916125),
np.float64(0.29198479652404785),np.float64(233.0001213891619),np.float64(4.917125),
np.float64(0.29215478897094727),np.float64(233.0265920580162),np.float64(4.91625),
np.float64(0.292356014251709),np.float64(233.9927714711975),np.float64(4.915625),
np.float64(0.29255175590515137),np.float64(234.25747815974032),np.float64(4.91675),
np.float64(0.2928199768066406),np.float64(234.3898315040117),np.float64(4.916875),
np.float64(0.2929849624633789),np.float64(234.72071486469025),np.float64(4.91325),
np.float64(0.29317498207092285),np.float64(237.27513440912847),np.float64(4.914875),
np.float64(0.29335808753967285),np.float64(236.00454230412294),np.float64(4.915375),
np.float64(0.2935600280761719),np.float64(235.56777626802727),np.float64(4.915625),
np.float64(0.2938239574432373),np.float64(234.68100886140883),np.float64(4.916375),
np.float64(0.2939770221710205),np.float64(233.7677707859361),np.float64(4.91875),
np.float64(0.2941548824310303),np.float64(230.19423049060802),np.float64(4.918125),
np.float64(0.29435205459594727),np.float64(231.43835192675928),np.float64(4.9182500000000005),
np.float64(0.29454779624938965),np.float64(232.29864866452343),np.float64(4.9165),
np.float64(0.2948188781738281),np.float64(232.45747267764912),np.float64(4.915375),
np.float64(0.2949948310852051),np.float64(235.9648363008415),np.float64(4.914),
np.float64(0.2951688766479492),np.float64(236.1898369861029),np.float64(4.917),
np.float64(0.29538488388061523),np.float64(233.39718142197614),np.float64(4.916125),
np.float64(0.2955799102783203),np.float64(233.476593428539),np.float64(4.91725),
np.float64(0.2958409786224365),np.float64(233.34424008426757),np.float64(4.91575),
np.float64(0.29599571228027344),np.float64(233.37071075312187),np.float64(4.916625),
np.float64(0.2961750030517578),np.float64(230.92217388410077),np.float64(4.919875),
np.float64(0.296375036239624),np.float64(229.86334712992948),np.float64(4.918125),
np.float64(0.2965729236602783),np.float64(231.82217662514637),np.float64(4.91725),
np.float64(0.29683780670166016),np.float64(233.23835740885045),np.float64(4.91675),
np.float64(0.2969939708709717),np.float64(233.13247473343333),np.float64(4.917),
np.float64(0.29717397689819336),np.float64(232.7751207039005),np.float64(4.916875),
np.float64(0.29738903045654297),np.float64(234.90600954667022),np.float64(4.914),
np.float64(0.2975900173187256),np.float64(236.7721917008971),np.float64(4.91425),
np.float64(0.2978370189666748),np.float64(234.98542155323307),np.float64(4.916125),
np.float64(0.298001766204834),np.float64(234.4824788450017),np.float64(4.91625),
np.float64(0.2981758117675781),np.float64(234.20453682203174),np.float64(4.9165),
np.float64(0.29837584495544434),np.float64(234.27071349416747),np.float64(4.91675),
np.float64(0.29857301712036133),np.float64(234.2839488285946),np.float64(4.916375),
np.float64(0.29883694648742676),np.float64(234.416302172866),np.float64(4.91725),
np.float64(0.2989969253540039),np.float64(232.90747404817193),np.float64(4.9165),
np.float64(0.29916882514953613),np.float64(233.43688742525757),np.float64(4.9165),
np.float64(0.2993509769439697),np.float64(233.91335946463465),np.float64(4.916125),
np.float64(0.2995870113372803),np.float64(233.9001241302075),np.float64(4.916875),
np.float64(0.2998340129852295),np.float64(233.39718142197614),np.float64(4.916),
np.float64(0.30000782012939453),np.float64(234.19130148760462),np.float64(4.917375),
np.float64(0.30019092559814453),np.float64(233.55600543510184),np.float64(4.91675),
np.float64(0.3003849983215332),np.float64(233.55600543510184),np.float64(4.91775),
np.float64(0.30057597160339355),np.float64(233.6089467728104),np.float64(4.916125),
np.float64(0.300839900970459),np.float64(233.72806478265468),np.float64(4.91675),
np.float64(0.3009939193725586),np.float64(233.06629806129763),np.float64(4.914625),
np.float64(0.3011760711669922),np.float64(237.0898397271485),np.float64(4.915125),
np.float64(0.30137181282043457),np.float64(235.0913042286502),np.float64(4.91625),
np.float64(0.30156898498535156),np.float64(233.84718279249893),np.float64(4.9155),
np.float64(0.3018369674682617),np.float64(233.62218210723753),np.float64(4.916625),
np.float64(0.30199480056762695),np.float64(233.72806478265468),np.float64(4.915875),
np.float64(0.30219388008117676),np.float64(233.9927714711975),np.float64(4.92025),
np.float64(0.30238986015319824),np.float64(228.89716771674819),np.float64(4.9186250000000005),
np.float64(0.3025949001312256),np.float64(230.8692325463922),np.float64(4.9182500000000005),
np.float64(0.302839994430542),np.float64(231.8618826284278),np.float64(4.91675),
np.float64(0.30299901962280273),np.float64(233.39718142197614),np.float64(4.91725),
np.float64(0.30318784713745117),np.float64(233.05306272687048),np.float64(4.916875),
np.float64(0.3033766746520996),np.float64(233.476593428539),np.float64(4.917),
np.float64(0.3035728931427002),np.float64(233.29129874655902),np.float64(4.917625),
np.float64(0.3038339614868164),np.float64(232.7751207039005),np.float64(4.916375),
np.float64(0.30399084091186523),np.float64(233.03982739244333),np.float64(4.917),
np.float64(0.30417895317077637),np.float64(232.72217936619194),np.float64(4.916375),
np.float64(0.30449986457824707),np.float64(233.46335809411184),np.float64(4.9165),
np.float64(0.30462098121643066),np.float64(233.55600543510184),np.float64(4.9165),
np.float64(0.3048369884490967),np.float64(233.2515927432776),np.float64(4.916125),
np.float64(0.3050038814544678),np.float64(233.82071212364465),np.float64(4.916625),
np.float64(0.3051879405975342),np.float64(233.84718279249893),np.float64(4.9165),
np.float64(0.30538487434387207),np.float64(233.48982876296614),np.float64(4.916875),
np.float64(0.3055758476257324),np.float64(233.2251220744233),np.float64(4.915875),
np.float64(0.30584287643432617),np.float64(235.72660028115297),np.float64(4.914125),
np.float64(0.30599069595336914),np.float64(235.99130696969578),np.float64(4.91475),
np.float64(0.30617284774780273),np.float64(234.66777352698168),np.float64(4.91575),
np.float64(0.30639100074768066),np.float64(233.8074767892175),np.float64(4.9155),
np.float64(0.30658769607543945),np.float64(233.71482944822753),np.float64(4.916),
np.float64(0.3068358898162842),np.float64(234.1251248154689),np.float64(4.91575),
np.float64(0.30698394775390625),np.float64(234.29718416302174),np.float64(4.915125),
np.float64(0.3071877956390381),np.float64(235.1177748975045),np.float64(4.91475),
np.float64(0.3073859214782715),np.float64(234.5486555171374),np.float64(4.916),
np.float64(0.307567834854126),np.float64(233.66188811051896),np.float64(4.91625),
np.float64(0.3078157901763916),np.float64(233.45012275968472),np.float64(4.9165),
np.float64(0.3079841136932373),np.float64(233.30453408098614),np.float64(4.91675),
np.float64(0.3081820011138916),np.float64(233.42365209083042),np.float64(4.91625),
np.float64(0.30837488174438477),np.float64(234.36336083515744),np.float64(4.915875),
np.float64(0.3085968494415283),np.float64(233.88688879578035),np.float64(4.915875),
np.float64(0.3088369369506836),np.float64(234.01924214005177),np.float64(4.9155),
np.float64(0.30898284912109375),np.float64(233.9663008023432),np.float64(4.917),
np.float64(0.3091919422149658),np.float64(233.92659479906177),np.float64(4.916),
np.float64(0.30939388275146484),np.float64(233.5427701006747),np.float64(4.9165),
np.float64(0.3095889091491699),np.float64(233.569240769529),np.float64(4.91475),
np.float64(0.30983901023864746),np.float64(237.18248706813847),np.float64(4.915),
np.float64(0.31000185012817383),np.float64(235.64718827459012),np.float64(4.915625),
np.float64(0.3101799488067627),np.float64(235.1839515696402),np.float64(4.914625),
np.float64(0.310391902923584),np.float64(234.42953750729313),np.float64(4.916),
np.float64(0.31057095527648926),np.float64(234.66777352698168),np.float64(4.9155),
np.float64(0.3108348846435547),np.float64(233.17218073671475),np.float64(4.919875),
np.float64(0.31096792221069336),np.float64(229.0956977331553),np.float64(4.918375),
np.float64(0.311187744140625),np.float64(231.34570458576928),np.float64(4.91725),
np.float64(0.31137895584106445),np.float64(232.61629669077482),np.float64(4.916875),
np.float64(0.3115828037261963),np.float64(233.06629806129763),np.float64(4.917),
np.float64(0.31183576583862305),np.float64(233.0265920580162),np.float64(4.916625),
np.float64(0.31201601028442383),np.float64(232.85453271046336),np.float64(4.916625),
np.float64(0.31218886375427246),np.float64(232.69570869733766),np.float64(4.91675),
np.float64(0.3123970031738281),np.float64(233.2515927432776),np.float64(4.9165),
np.float64(0.3125920295715332),np.float64(233.5162994318204),np.float64(4.916375),
np.float64(0.3128397464752197),np.float64(234.11188948104177),np.float64(4.916),
np.float64(0.31299781799316406),np.float64(233.91335946463465),np.float64(4.9165),
np.float64(0.31319689750671387),np.float64(233.82071212364465),np.float64(4.9165),
np.float64(0.31339168548583984),np.float64(233.62218210723753),np.float64(4.916),
np.float64(0.31358885765075684),np.float64(233.8339474580718),np.float64(4.916375),
np.float64(0.3138258457183838),np.float64(233.55600543510184),np.float64(4.91625),
np.float64(0.3139760494232178),np.float64(233.84718279249893),np.float64(4.9145),
np.float64(0.314194917678833),np.float64(235.8324829565701),np.float64(4.91525),
np.float64(0.31438398361206055),np.float64(234.91924488109737),np.float64(4.9155),
np.float64(0.3145887851715088),np.float64(234.56189085156456),np.float64(4.915625),
np.float64(0.31484389305114746),np.float64(234.1251248154689),np.float64(4.91625),
np.float64(0.31501293182373047),np.float64(234.44277284172028),np.float64(4.91625),
np.float64(0.31519579887390137),np.float64(234.44277284172028),np.float64(4.915875),
np.float64(0.31539487838745117),np.float64(234.45600817614744),np.float64(4.915625),
np.float64(0.31558966636657715),np.float64(234.7074795302631),np.float64(4.916),
np.float64(0.3158247470855713),np.float64(234.13836014989604),np.float64(4.916375),
np.float64(0.315997838973999),np.float64(233.7413001170818),np.float64(4.91625),
np.float64(0.3161940574645996),np.float64(234.00600680562462),np.float64(4.916),
np.float64(0.31636810302734375),np.float64(233.5824761039561),np.float64(4.916375),
np.float64(0.3165707588195801),np.float64(233.34424008426757),np.float64(4.916625),
np.float64(0.3168189525604248),np.float64(234.01924214005177),np.float64(4.91675),
np.float64(0.316986083984375),np.float64(233.70159411380038),np.float64(4.917),
np.float64(0.31723594665527344),np.float64(233.71482944822753),np.float64(4.91675),
np.float64(0.31739377975463867),np.float64(233.7677707859361),np.float64(4.917),
np.float64(0.31757092475891113),np.float64(233.50306409739326),np.float64(4.917125),
np.float64(0.31781697273254395),np.float64(233.71482944822753),np.float64(4.91725),
np.float64(0.3179769515991211),np.float64(233.5427701006747),np.float64(4.915625),
np.float64(0.31816792488098145),np.float64(237.11631039600277),np.float64(4.915125),
np.float64(0.3183779716491699),np.float64(235.97807163526866),np.float64(4.915125),
np.float64(0.3185749053955078),np.float64(235.64718827459012),np.float64(4.916625),
np.float64(0.318814754486084),np.float64(234.5486555171374),np.float64(4.918),
np.float64(0.3189890384674072),np.float64(233.8339474580718),np.float64(4.91575),
np.float64(0.31917786598205566),np.float64(234.33689016630316),np.float64(4.917125),
np.float64(0.3193657398223877),np.float64(230.75011453654793),np.float64(4.918875),
np.float64(0.3195629119873047),np.float64(230.93540921852792),np.float64(4.918125),
np.float64(0.3198120594024658),np.float64(232.13982465139773),np.float64(4.917625),
np.float64(0.3199636936187744),np.float64(233.39718142197614),np.float64(4.917375),
np.float64(0.32018184661865234),np.float64(232.90747404817193),np.float64(4.918125),
np.float64(0.32037878036499023),np.float64(232.8412973760362),np.float64(4.9175),
np.float64(0.3205747604370117),np.float64(232.92070938259906),np.float64(4.91725),
np.float64(0.32081079483032227),np.float64(233.05306272687048),np.float64(4.91775),
np.float64(0.32099199295043945),np.float64(233.5824761039561),np.float64(4.916625),
np.float64(0.32117176055908203),np.float64(233.6089467728104),np.float64(4.91725),
np.float64(0.3213827610015869),np.float64(233.39718142197614),np.float64(4.917125),
np.float64(0.32160186767578125),np.float64(233.72806478265468),np.float64(4.917125),
np.float64(0.321840763092041),np.float64(233.4104167564033),np.float64(4.91675),
np.float64(0.3219890594482422),np.float64(234.23100749088604),np.float64(4.91725),
np.float64(0.3221769332885742),np.float64(233.88688879578035),np.float64(4.9165),
np.float64(0.3223898410797119),np.float64(235.2236575729216),np.float64(4.914625),
np.float64(0.32259082794189453),np.float64(236.00454230412294),np.float64(4.916375),
np.float64(0.32283782958984375),np.float64(234.416302172866),np.float64(4.917),
np.float64(0.32298898696899414),np.float64(233.39718142197614),np.float64(4.91675),
np.float64(0.32320499420166016),np.float64(233.64865277609184),np.float64(4.917125),
np.float64(0.32339978218078613),np.float64(233.79424145479038),np.float64(4.9155),
np.float64(0.3235969543457031),np.float64(234.77365620239883),np.float64(4.916125),
np.float64(0.3238368034362793),np.float64(234.83983287453452),np.float64(4.916375),
np.float64(0.3240039348602295),np.float64(234.74718553354452),np.float64(4.91625),
np.float64(0.3241860866546631),np.float64(234.323654831876),np.float64(4.91625),
np.float64(0.3243858814239502),np.float64(233.55600543510184),np.float64(4.916125),
np.float64(0.3245878219604492),np.float64(233.79424145479038),np.float64(4.917875),
np.float64(0.32481980323791504),np.float64(233.48982876296614),np.float64(4.91675),
np.float64(0.32497406005859375),np.float64(233.93983013348893),np.float64(4.916125),
np.float64(0.32518601417541504),np.float64(233.8339474580718),np.float64(4.91625),
np.float64(0.32538390159606934),np.float64(234.53542018271028),np.float64(4.9155),
np.float64(0.325577974319458),np.float64(233.64865277609184),np.float64(4.917),
np.float64(0.325819730758667),np.float64(234.61483218927313),np.float64(4.91475),
np.float64(0.32598090171813965),np.float64(236.48101434350002),np.float64(4.915875),
np.float64(0.3261759281158447),np.float64(235.2898342450573),np.float64(4.9155),
np.float64(0.32637572288513184),np.float64(234.56189085156456),np.float64(4.9165),
np.float64(0.32657575607299805),np.float64(234.03247747447892),np.float64(4.91675),
np.float64(0.3268318176269531),np.float64(234.49571417942886),np.float64(4.9165),
np.float64(0.32700586318969727),np.float64(234.11188948104177),np.float64(4.916875),
np.float64(0.3271908760070801),np.float64(231.7030586153021),np.float64(4.918375),
np.float64(0.3273940086364746),np.float64(232.16629532025203),np.float64(4.918125),
np.float64(0.3275918960571289),np.float64(232.15305998582488),np.float64(4.917375),
np.float64(0.32781291007995605),np.float64(233.21188673999617),np.float64(4.91675),
np.float64(0.3280150890350342),np.float64(233.86041812692608),np.float64(4.91725),
np.float64(0.3282148838043213),np.float64(233.92659479906177),np.float64(4.91675),
np.float64(0.3283970355987549),np.float64(234.9324802155245),np.float64(4.914),
np.float64(0.32859110832214355),np.float64(237.32807574683704),np.float64(4.915),
np.float64(0.3288288116455078),np.float64(235.8589536254244),np.float64(4.916625),
np.float64(0.32899975776672363),np.float64(234.40306683843886),np.float64(4.917125),
np.float64(0.32919979095458984),np.float64(233.63541744166469),np.float64(4.9175),
np.float64(0.3293900489807129),np.float64(233.569240769529),np.float64(4.917625),
np.float64(0.3295888900756836),np.float64(232.47070801207627),np.float64(4.9205000000000005),
np.float64(0.329833984375),np.float64(229.75746445451236),np.float64(4.918375),
np.float64(0.33016180992126465),np.float64(231.62364660873925),np.float64(4.9185),
np.float64(0.33034276962280273),np.float64(233.50306409739326),np.float64(4.91725),
np.float64(0.3304617404937744),np.float64(233.64865277609184),np.float64(4.917),
np.float64(0.3306138515472412),np.float64(233.59571143838326),np.float64(4.9165),
np.float64(0.33084678649902344),np.float64(235.448658258183),np.float64(4.915),
np.float64(0.3310120105743408),np.float64(235.6736589434444),np.float64(4.916125),
np.float64(0.33120298385620117),np.float64(234.65453819255455),np.float64(4.91725),
np.float64(0.3314018249511719),np.float64(233.52953476624756),np.float64(4.916625),
np.float64(0.33159804344177246),np.float64(233.91335946463465),np.float64(4.916875),
np.float64(0.33183789253234863),np.float64(234.50894951385598),np.float64(4.916375),
np.float64(0.3320028781890869),np.float64(234.7074795302631),np.float64(4.91625),
np.float64(0.3321988582611084),np.float64(235.39571692047446),np.float64(4.916125),
np.float64(0.3323960304260254),np.float64(234.72071486469025),np.float64(4.9165),
np.float64(0.332629919052124),np.float64(233.23835740885045),np.float64(4.9175),
np.float64(0.3328378200531006),np.float64(233.23835740885045),np.float64(4.9165),
np.float64(0.3330228328704834),np.float64(233.87365346135323),np.float64(4.917625),
np.float64(0.3331937789916992),np.float64(232.88100337931763),np.float64(4.917),
np.float64(0.33339595794677734),np.float64(233.9927714711975),np.float64(4.917),
np.float64(0.33359789848327637),np.float64(233.78100612036323),np.float64(4.91725),
np.float64(0.33383703231811523),np.float64(233.88688879578035),np.float64(4.916125),
np.float64(0.3339869976043701),np.float64(234.27071349416747),np.float64(4.91625),
np.float64(0.3341968059539795),np.float64(234.416302172866),np.float64(4.91725),
np.float64(0.33440685272216797),np.float64(233.86041812692608),np.float64(4.91675),
np.float64(0.334608793258667),np.float64(233.0927687301519),np.float64(4.91775),
np.float64(0.3348357677459717),np.float64(233.48982876296614),np.float64(4.915),
np.float64(0.3350248336791992),np.float64(237.68542977636986),np.float64(4.91475),
np.float64(0.33519887924194336),np.float64(236.1236603139672),np.float64(4.91725),
np.float64(0.3354008197784424),np.float64(234.8001268712531),np.float64(4.916),
np.float64(0.3356149196624756),np.float64(234.50894951385598),np.float64(4.916875),
np.float64(0.33583998680114746),np.float64(234.29718416302174),np.float64(4.9182500000000005),
np.float64(0.33600878715515137),np.float64(232.00747130712634),np.float64(4.920625),
np.float64(0.3362128734588623),np.float64(229.69128778237666),np.float64(4.9190000000000005),
np.float64(0.3363978862762451),np.float64(231.37217525462356),np.float64(4.918875),
np.float64(0.33660006523132324),np.float64(232.39129600551342),np.float64(4.9175),
np.float64(0.3368339538574219),np.float64(233.0001213891619),np.float64(4.917),
np.float64(0.33699607849121094),np.float64(232.7354147006191),np.float64(4.918),
np.float64(0.33719968795776367),np.float64(232.89423871374478),np.float64(4.917375),
np.float64(0.33741307258605957),np.float64(233.27806341213187),np.float64(4.917625),
np.float64(0.3376150131225586),np.float64(233.45012275968472),np.float64(4.9175),
np.float64(0.33783602714538574),np.float64(233.0927687301519),np.float64(4.917625),
np.float64(0.3380100727081299),np.float64(233.35747541869472),np.float64(4.916625),
np.float64(0.33820199966430664),np.float64(233.55600543510184),np.float64(4.917375),
np.float64(0.3384068012237549),np.float64(233.35747541869472),np.float64(4.9175),
np.float64(0.3385887145996094),np.float64(233.11923939900618),np.float64(4.917625),
np.float64(0.3388338088989258),np.float64(233.0927687301519),np.float64(4.916375),
np.float64(0.3390059471130371),np.float64(233.88688879578035),np.float64(4.916),
np.float64(0.3392167091369629),np.float64(236.15013098282148),np.float64(4.915875),
np.float64(0.3394198417663574),np.float64(235.10453956307734),np.float64(4.917),
np.float64(0.3396108150482178),np.float64(233.9663008023432),np.float64(4.916625),
np.float64(0.33983469009399414),np.float64(234.4824788450017),np.float64(4.917),
np.float64(0.34000587463378906),np.float64(234.1251248154689),np.float64(4.9165),
np.float64(0.34020090103149414),np.float64(234.36336083515744),np.float64(4.91725),
np.float64(0.3403959274291992),np.float64(234.3765961695846),np.float64(4.916125),
np.float64(0.3406209945678711),np.float64(234.58836152041883),np.float64(4.917),
np.float64(0.34082674980163574),np.float64(233.71482944822753),np.float64(4.91725),
np.float64(0.34097981452941895),np.float64(233.13247473343333),np.float64(4.91675),
np.float64(0.3412189483642578),np.float64(233.29129874655902),np.float64(4.917875),
np.float64(0.3414120674133301),np.float64(233.06629806129763),np.float64(4.916375),
np.float64(0.34160876274108887),np.float64(234.20453682203174),np.float64(4.91675),
np.float64(0.34183478355407715),np.float64(234.13836014989604),np.float64(4.91725),
np.float64(0.34220194816589355),np.float64(234.13836014989604),np.float64(4.91775),
np.float64(0.3424079418182373),np.float64(233.46335809411184),np.float64(4.91725),
np.float64(0.34261083602905273),np.float64(233.05306272687048),np.float64(4.917375),
np.float64(0.3428940773010254),np.float64(235.27659891063018),np.float64(4.915375),
np.float64(0.34302377700805664),np.float64(236.0971896451129),np.float64(4.915625),
np.float64(0.3432140350341797),np.float64(234.99865688766022),np.float64(4.916375),
np.float64(0.3433997631072998),np.float64(234.07218347776035),np.float64(4.916),
np.float64(0.34362006187438965),np.float64(234.3898315040117),np.float64(4.91625),
np.float64(0.34383678436279297),np.float64(233.7413001170818),np.float64(4.91625),
np.float64(0.34401893615722656),np.float64(230.93540921852792),np.float64(4.9197500000000005),
np.float64(0.34421706199645996),np.float64(230.379525172588),np.float64(4.91875),
np.float64(0.34439587593078613),np.float64(231.66335261202067),np.float64(4.918),
np.float64(0.3446037769317627),np.float64(233.26482807770472),np.float64(4.917125),
np.float64(0.3448359966278076),np.float64(232.9339447170262),np.float64(4.9175),
np.float64(0.34502196311950684),np.float64(233.7677707859361),np.float64(4.917),
np.float64(0.3452107906341553),np.float64(233.3177694154133),np.float64(4.917875),
np.float64(0.34540486335754395),np.float64(232.7354147006191),np.float64(4.91775),
np.float64(0.3456108570098877),np.float64(232.15305998582488),np.float64(4.918),
np.float64(0.34583592414855957),np.float64(233.48982876296614),np.float64(4.917),
np.float64(0.34602785110473633),np.float64(233.70159411380038),np.float64(4.916375),
np.float64(0.3462209701538086),np.float64(234.3104194974489),np.float64(4.91725),
np.float64(0.3464198112487793),np.float64(233.0265920580162),np.float64(4.918),
np.float64(0.3466160297393799),np.float64(233.569240769529),np.float64(4.917375),
np.float64(0.346815824508667),np.float64(233.0265920580162),np.float64(4.9165),
np.float64(0.34699273109436035),np.float64(233.50306409739326),np.float64(4.9165),
np.float64(0.34718894958496094),np.float64(233.476593428539),np.float64(4.917),
np.float64(0.3473849296569824),np.float64(234.5751261859917),np.float64(4.915625),
np.float64(0.3475818634033203),np.float64(235.8721889598515),np.float64(4.916375),
np.float64(0.3478100299835205),np.float64(234.1515954843232),np.float64(4.91725),
np.float64(0.3479897975921631),np.float64(233.14571006786048),np.float64(4.917),
np.float64(0.34819984436035156),np.float64(233.82071212364465),np.float64(4.917),
np.float64(0.3484017848968506),np.float64(233.88688879578035),np.float64(4.917125),
np.float64(0.34859371185302734),np.float64(234.27071349416747),np.float64(4.917),
np.float64(0.3488118648529053),np.float64(234.65453819255455),np.float64(4.9165),
np.float64(0.3489830493927002),np.float64(234.17806615317747),np.float64(4.91725),
np.float64(0.3491959571838379),np.float64(233.2515927432776),np.float64(4.9175),
np.float64(0.34939002990722656),np.float64(233.4104167564033),np.float64(4.917375),
np.float64(0.34958672523498535),np.float64(233.1854160711419),np.float64(4.917375),
np.float64(0.3498098850250244),np.float64(233.37071075312187),np.float64(4.916625),
np.float64(0.3500039577484131),np.float64(233.8339474580718),np.float64(4.916),
np.float64(0.3501899242401123),np.float64(234.20453682203174),np.float64(4.91675),
np.float64(0.3503987789154053),np.float64(233.9927714711975),np.float64(4.91675),
np.float64(0.3505887985229492),np.float64(233.75453545150896),np.float64(4.9175),
np.float64(0.3508148193359375),np.float64(233.55600543510184),np.float64(4.91625),
np.float64(0.3509817123413086),np.float64(233.66188811051896),np.float64(4.917375),
np.float64(0.351193904876709),np.float64(233.2515927432776),np.float64(4.917125),
np.float64(0.35139989852905273),np.float64(235.75307095000724),np.float64(4.914625),
np.float64(0.35161280632019043),np.float64(236.9971923861585),np.float64(4.9155),
np.float64(0.35181379318237305),np.float64(235.64718827459012),np.float64(4.915875),
np.float64(0.3520028591156006),np.float64(234.40306683843886),np.float64(4.91725),
np.float64(0.35219287872314453),np.float64(234.3104194974489),np.float64(4.916),
np.float64(0.35239696502685547),np.float64(233.476593428539),np.float64(4.916875),
np.float64(0.3525979518890381),np.float64(230.0618771463366),np.float64(4.920875),
np.float64(0.35283398628234863),np.float64(230.30011316602514),np.float64(4.9182500000000005),
np.float64(0.35301804542541504),np.float64(232.23247199238773),np.float64(4.91725),
np.float64(0.35321784019470215),np.float64(233.476593428539),np.float64(4.918),
np.float64(0.35340285301208496),np.float64(233.0927687301519),np.float64(4.917375),
np.float64(0.35361409187316895),np.float64(233.19865140556902),np.float64(4.917625),
np.float64(0.3538198471069336),np.float64(232.72217936619194),np.float64(4.918),
np.float64(0.3540017604827881),np.float64(232.89423871374478),np.float64(4.91725),
np.float64(0.3542149066925049),np.float64(234.5486555171374),np.float64(4.916625),
np.float64(0.3544130325317383),np.float64(234.0589481433332),np.float64(4.9175),
np.float64(0.3546159267425537),np.float64(233.8339474580718),np.float64(4.9175),
np.float64(0.35483479499816895),np.float64(234.44277284172028),np.float64(4.917),
np.float64(0.3550257682800293),np.float64(233.95306546791608),np.float64(4.91725),
np.float64(0.3552219867706299),np.float64(234.78689153682595),np.float64(4.9185),
np.float64(0.3554198741912842),np.float64(233.27806341213187),np.float64(4.917375),
np.float64(0.3557398319244385),np.float64(233.5162994318204),np.float64(4.917125),
np.float64(0.35582780838012695),np.float64(235.46189359261015),np.float64(4.91575),
np.float64(0.3560328483581543),np.float64(235.8721889598515),np.float64(4.9165),
np.float64(0.35621190071105957),np.float64(234.03247747447892),np.float64(4.9165),
np.float64(0.3564300537109375),np.float64(234.29718416302174),np.float64(4.916375),
np.float64(0.35662198066711426),np.float64(234.50894951385598),np.float64(4.91625),
np.float64(0.35683608055114746),np.float64(234.60159685484598),np.float64(4.916875),
np.float64(0.35701870918273926),np.float64(234.50894951385598),np.float64(4.916375),
np.float64(0.35721802711486816),np.float64(234.83983287453452),np.float64(4.91675),
np.float64(0.35743188858032227),np.float64(233.476593428539),np.float64(4.918375),
np.float64(0.35762500762939453),np.float64(233.23835740885045),np.float64(4.918),
np.float64(0.3578329086303711),np.float64(233.1854160711419),np.float64(4.917125),
np.float64(0.35799479484558105),np.float64(233.19865140556902),np.float64(4.917125),
np.float64(0.35819005966186523),np.float64(234.3501255007303),np.float64(4.917),
np.float64(0.3583989143371582),np.float64(233.9663008023432),np.float64(4.917125),
np.float64(0.3586087226867676),np.float64(233.59571143838326),np.float64(4.917),
np.float64(0.35881805419921875),np.float64(234.07218347776035),np.float64(4.917375),
np.float64(0.3590059280395508),np.float64(234.8927742122431),np.float64(4.91475),
np.float64(0.35919880867004395),np.float64(236.24277832381148),np.float64(4.915625),
np.float64(0.3593919277191162),np.float64(235.26336357620303),np.float64(4.916375),
np.float64(0.35959911346435547),np.float64(234.50894951385598),np.float64(4.91675),
np.float64(0.3598179817199707),np.float64(233.87365346135323),np.float64(4.917125),
np.float64(0.3599967956542969),np.float64(233.9663008023432),np.float64(4.917875),
np.float64(0.3601868152618408),np.float64(232.55012001863912),np.float64(4.9197500000000005),
np.float64(0.3603959083557129),np.float64(230.33981916930657),np.float64(4.91875),
np.float64(0.3606088161468506),np.float64(232.62953202520197),np.float64(4.9190000000000005),
np.float64(0.36081981658935547),np.float64(232.23247199238773),np.float64(4.918),
np.float64(0.3610038757324219),np.float64(233.34424008426757),np.float64(4.9175),
np.float64(0.36119890213012695),np.float64(233.4104167564033),np.float64(4.917375),
np.float64(0.36139392852783203),np.float64(234.5751261859917),np.float64(4.914),
np.float64(0.36159396171569824),np.float64(238.08248980918407),np.float64(4.9145),
np.float64(0.3618168830871582),np.float64(236.32219033037433),np.float64(4.915125),
np.float64(0.3619990348815918),np.float64(234.50894951385598),np.float64(4.91625),
np.float64(0.3621938228607178),np.float64(233.68835877937326),np.float64(4.916125),
np.float64(0.36239099502563477),np.float64(233.84718279249893),np.float64(4.917625),
np.float64(0.36260390281677246),np.float64(232.04717731040776),np.float64(4.92075),
np.float64(0.36281275749206543),np.float64(229.45305176268812),np.float64(4.9186250000000005),
np.float64(0.36300086975097656),np.float64(231.65011727759352),np.float64(4.9185),
np.float64(0.36319589614868164),np.float64(232.52364934978485),np.float64(4.9182500000000005),
np.float64(0.36341190338134766),np.float64(232.8412973760362),np.float64(4.917625),
np.float64(0.3636047840118408),np.float64(233.42365209083042),np.float64(4.917125),
np.float64(0.36383891105651855),np.float64(233.476593428539),np.float64(4.91775),
np.float64(0.3640439510345459),np.float64(233.39718142197614),np.float64(4.916125),
np.float64(0.36422276496887207),np.float64(235.64718827459012),np.float64(4.915875),
np.float64(0.3644289970397949),np.float64(235.1310102319316),np.float64(4.916375),
np.float64(0.3646268844604492),np.float64(234.25747815974032),np.float64(4.916625),
np.float64(0.36484384536743164),np.float64(233.75453545150896),np.float64(4.917),
np.float64(0.36501598358154297),np.float64(233.97953613677035),np.float64(4.91575),
np.float64(0.3652369976043701),np.float64(234.69424419583598),np.float64(4.9165),
np.float64(0.36542797088623047),np.float64(234.8001268712531),np.float64(4.915375),
np.float64(0.36563587188720703),np.float64(234.36336083515744),np.float64(4.91625),
np.float64(0.3658406734466553),np.float64(234.00600680562462),np.float64(4.916875),
np.float64(0.36602187156677246),np.float64(233.17218073671475),np.float64(4.9165),
np.float64(0.36621689796447754),np.float64(233.17218073671475),np.float64(4.915875),
np.float64(0.36640000343322754),np.float64(233.82071212364465),np.float64(4.916625),
np.float64(0.36661791801452637),np.float64(233.14571006786048),np.float64(4.916875),
np.float64(0.3668179512023926),np.float64(233.97953613677035),np.float64(4.9165),
np.float64(0.367002010345459),np.float64(234.13836014989604),np.float64(4.917125),
np.float64(0.36721086502075195),np.float64(233.91335946463465),np.float64(4.91625),
np.float64(0.36742186546325684),np.float64(233.8074767892175),np.float64(4.917),
np.float64(0.36760807037353516),np.float64(233.21188673999617),np.float64(4.917375),
np.float64(0.36780881881713867),np.float64(233.88688879578035),np.float64(4.916125),
np.float64(0.36800289154052734),np.float64(233.37071075312187),np.float64(4.917),
np.float64(0.36820483207702637),np.float64(234.36336083515744),np.float64(4.914875),
np.float64(0.368485689163208),np.float64(237.26189907470132),np.float64(4.91525),
np.float64(0.36865878105163574),np.float64(236.08395431068578),np.float64(4.915125),
np.float64(0.36881184577941895),np.float64(234.4824788450017),np.float64(4.916875),
np.float64(0.3690187931060791),np.float64(234.3501255007303),np.float64(4.9155),
np.float64(0.3692178726196289),np.float64(233.91335946463465),np.float64(4.916625),
np.float64(0.36942481994628906),np.float64(231.4515872611864),np.float64(4.920375),
np.float64(0.36962294578552246),np.float64(229.46628709711524),np.float64(4.9185),
np.float64(0.3698239326477051),np.float64(230.78982053982935),np.float64(4.9185),
np.float64(0.370013952255249),np.float64(231.94129463499064),np.float64(4.917625),
np.float64(0.37020087242126465),np.float64(233.476593428539),np.float64(4.917125),
np.float64(0.37044692039489746),np.float64(232.80159137275479),np.float64(4.91725),
np.float64(0.3706369400024414),np.float64(232.80159137275479),np.float64(4.917375),
np.float64(0.37083005905151367),np.float64(233.27806341213187),np.float64(4.91725),
np.float64(0.3710339069366455),np.float64(233.10600406457905),np.float64(4.91775),
np.float64(0.3712339401245117),np.float64(232.94718005145336),np.float64(4.917125),
np.float64(0.3714308738708496),np.float64(233.01335672358906),np.float64(4.916125),
np.float64(0.3716237545013428),np.float64(233.50306409739326),np.float64(4.9165),
np.float64(0.3718440532684326),np.float64(233.63541744166469),np.float64(4.916875),
np.float64(0.3720219135284424),np.float64(233.37071075312187),np.float64(4.9175),
np.float64(0.3722248077392578),np.float64(233.33100474984045),np.float64(4.917),
np.float64(0.37243103981018066),np.float64(233.8074767892175),np.float64(4.9155),
np.float64(0.3726339340209961),np.float64(235.84571829099724),np.float64(4.916125),
np.float64(0.3728358745574951),np.float64(233.97953613677035),np.float64(4.9175),
np.float64(0.373046875),np.float64(233.476593428539),np.float64(4.9165),
np.float64(0.3732316493988037),np.float64(233.93983013348893),np.float64(4.917375),
np.float64(0.3734147548675537),np.float64(233.7677707859361),np.float64(4.916),
np.float64(0.37363600730895996),np.float64(234.33689016630316),np.float64(4.915875),
np.float64(0.3738408088684082),np.float64(234.83983287453452),np.float64(4.91675),
np.float64(0.3740420341491699),np.float64(233.93983013348893),np.float64(4.91775),
np.float64(0.37421679496765137),np.float64(233.27806341213187),np.float64(4.91675),
np.float64(0.3744370937347412),np.float64(233.26482807770472),np.float64(4.917),
np.float64(0.374619722366333),np.float64(233.30453408098614),np.float64(4.9175),
np.float64(0.3748178482055664),np.float64(232.97365072030763),np.float64(4.9175),
np.float64(0.37502002716064453),np.float64(233.6089467728104),np.float64(4.917),
np.float64(0.37522077560424805),np.float64(233.86041812692608),np.float64(4.91725),
np.float64(0.3754129409790039),np.float64(233.78100612036323),np.float64(4.916875),
np.float64(0.37562108039855957),np.float64(233.87365346135323),np.float64(4.917625),
np.float64(0.3758418560028076),np.float64(233.46335809411184),np.float64(4.91575),
np.float64(0.37604188919067383),np.float64(233.97953613677035),np.float64(4.917),
np.float64(0.37622976303100586),np.float64(233.06629806129763),np.float64(4.916375),
np.float64(0.3764357566833496),np.float64(235.91189496313294),np.float64(4.9135),
np.float64(0.3766341209411621),np.float64(236.7324856976157),np.float64(4.915625),
np.float64(0.37683701515197754),np.float64(235.93836563198724),np.float64(4.91525),
np.float64(0.3770418167114258),np.float64(234.72071486469025),np.float64(4.9175),
np.float64(0.3772447109222412),np.float64(234.25747815974032),np.float64(4.91575),
np.float64(0.3774418830871582),np.float64(233.59571143838326),np.float64(4.917625),
np.float64(0.37763500213623047),np.float64(230.14128915289945),np.float64(4.918875),
np.float64(0.3778398036956787),np.float64(230.47217251357796),np.float64(4.918),
np.float64(0.3780369758605957),np.float64(231.94129463499064),np.float64(4.918125),
np.float64(0.37823486328125),np.float64(232.76188536947336),np.float64(4.916875),
np.float64(0.37843775749206543),np.float64(232.92070938259906),np.float64(4.91725),
np.float64(0.37862396240234375),np.float64(233.3177694154133),np.float64(4.917625),
np.float64(0.37883782386779785),np.float64(232.58982602192054),np.float64(4.917625),
np.float64(0.37903881072998047),np.float64(232.72217936619194),np.float64(4.917375),
np.float64(0.3792397975921631),np.float64(233.07953339572475),np.float64(4.91625),
np.float64(0.3794238567352295),np.float64(233.72806478265468),np.float64(4.917),
np.float64(0.3796358108520508),np.float64(233.29129874655902),np.float64(4.91675),
np.float64(0.3798367977142334),np.float64(233.62218210723753),np.float64(4.917),
np.float64(0.38003993034362793),np.float64(233.72806478265468),np.float64(4.916875),
np.float64(0.3802368640899658),np.float64(234.2177721564589),np.float64(4.91675),
np.float64(0.38044190406799316),np.float64(233.45012275968472),np.float64(4.916625),
np.float64(0.38063478469848633),np.float64(233.13247473343333),np.float64(4.916625),
np.float64(0.38083600997924805),np.float64(235.07806889422307),np.float64(4.915625),
np.float64(0.38104701042175293),np.float64(235.6736589434444),np.float64(4.916),
np.float64(0.38136887550354004),np.float64(234.62806752370025),np.float64(4.916625),
np.float64(0.38147974014282227),np.float64(233.06629806129763),np.float64(4.91675),
np.float64(0.38165974617004395),np.float64(234.27071349416747),np.float64(4.916125),
np.float64(0.38182973861694336),np.float64(234.2177721564589),np.float64(4.916),
np.float64(0.38204479217529297),np.float64(234.9324802155245),np.float64(4.915625),
np.float64(0.3822367191314697),np.float64(235.34277558276588),np.float64(4.915875),
np.float64(0.3824276924133301),np.float64(234.40306683843886),np.float64(4.91625),
np.float64(0.38262486457824707),np.float64(234.00600680562462),np.float64(4.917125),
np.float64(0.3828420639038086),np.float64(234.00600680562462),np.float64(4.916875),
np.float64(0.38303184509277344),np.float64(233.27806341213187),np.float64(4.9175),
np.float64(0.38321781158447266),np.float64(233.45012275968472),np.float64(4.916125),
np.float64(0.3834259510040283),np.float64(234.3501255007303),np.float64(4.916625),
np.float64(0.38361477851867676),np.float64(234.33689016630316),np.float64(4.915875),
np.float64(0.38383984565734863),np.float64(234.27071349416747),np.float64(4.916625),
np.float64(0.38404083251953125),np.float64(234.01924214005177),np.float64(4.916625),
np.float64(0.38423705101013184),np.float64(233.8074767892175),np.float64(4.9165),
np.float64(0.38443779945373535),np.float64(233.48982876296614),np.float64(4.91775),
np.float64(0.38464999198913574),np.float64(233.13247473343333),np.float64(4.917375),
np.float64(0.3848438262939453),np.float64(235.66042360901727),np.float64(4.91475),
np.float64(0.38504481315612793),np.float64(236.65307369105284),np.float64(4.914375),
np.float64(0.3852419853210449),np.float64(236.08395431068578),np.float64(4.91575),
np.float64(0.38544511795043945),np.float64(234.60159685484598),np.float64(4.916125),
np.float64(0.38562774658203125),np.float64(234.09865414661462),np.float64(4.91625),
np.float64(0.38583970069885254),np.float64(233.569240769529),np.float64(4.91725),
np.float64(0.38602685928344727),np.float64(230.19423049060802),np.float64(4.9193750000000005),
np.float64(0.38624000549316406),np.float64(230.4457018447237),np.float64(4.9185),
np.float64(0.38643503189086914),np.float64(231.319233916915),np.float64(4.91775),
np.float64(0.3866279125213623),np.float64(232.1927659891063),np.float64(4.918),
np.float64(0.3868420124053955),np.float64(233.11923939900618),np.float64(4.917125),
np.float64(0.3870420455932617),np.float64(232.32511933337773),np.float64(4.9175),
np.float64(0.38724589347839355),np.float64(232.97365072030763),np.float64(4.91775),
np.float64(0.38744497299194336),np.float64(233.23835740885045),np.float64(4.91675),
np.float64(0.38761186599731445),np.float64(233.34424008426757),np.float64(4.917),
np.float64(0.3878347873687744),np.float64(233.59571143838326),np.float64(4.916375),
np.float64(0.38805174827575684),np.float64(233.6089467728104),np.float64(4.916625),
np.float64(0.38824892044067383),np.float64(233.70159411380038),np.float64(4.917),
np.float64(0.3884449005126953),np.float64(233.82071212364465),np.float64(4.915875),
np.float64(0.3886418342590332),np.float64(234.53542018271028),np.float64(4.91725),
np.float64(0.3888397216796875),np.float64(233.27806341213187),np.float64(4.917),
np.float64(0.38904690742492676),np.float64(233.72806478265468),np.float64(4.915375),
np.float64(0.3892359733581543),np.float64(235.8589536254244),np.float64(4.91575),
np.float64(0.389448881149292),np.float64(235.06483355979591),np.float64(4.91675),
np.float64(0.3896486759185791),np.float64(234.42953750729313),np.float64(4.916625),
np.float64(0.389847993850708),np.float64(233.42365209083042),np.float64(4.916875),
np.float64(0.3900458812713623),np.float64(234.08541881218747),np.float64(4.91525),
np.float64(0.3902418613433838),np.float64(234.50894951385598),np.float64(4.916125),
np.float64(0.39044189453125),np.float64(234.52218484828313),np.float64(4.91625),
np.float64(0.39061975479125977),np.float64(234.3501255007303),np.float64(4.91575),
np.float64(0.39083170890808105),np.float64(234.1515954843232),np.float64(4.917),
np.float64(0.3910529613494873),np.float64(234.69424419583598),np.float64(4.916),
np.float64(0.39124178886413574),np.float64(234.2839488285946),np.float64(4.91675),
np.float64(0.39142394065856934),np.float64(234.00600680562462),np.float64(4.917),
np.float64(0.39162278175354004),np.float64(233.71482944822753),np.float64(4.91575),
np.float64(0.3918147087097168),np.float64(234.16483081875032),np.float64(4.917375),
np.float64(0.3920168876647949),np.float64(232.96041538588048),np.float64(4.91675),
np.float64(0.39222288131713867),np.float64(233.71482944822753),np.float64(4.916625),
np.float64(0.3924238681793213),np.float64(234.03247747447892),np.float64(4.916125),
np.float64(0.39264583587646484),np.float64(233.62218210723753),np.float64(4.915875),
np.float64(0.3928229808807373),np.float64(234.17806615317747),np.float64(4.91675),
np.float64(0.3930180072784424),np.float64(235.25012824177588),np.float64(4.91425),
np.float64(0.39321374893188477),np.float64(236.98395705173138),np.float64(4.915),
np.float64(0.3934159278869629),np.float64(236.1236603139672),np.float64(4.91525),
np.float64(0.39363694190979004),np.float64(235.21042223849446),np.float64(4.916625),
np.float64(0.3938307762145996),np.float64(234.3898315040117),np.float64(4.916625),
np.float64(0.3940858840942383),np.float64(233.93983013348893),np.float64(4.919875),
np.float64(0.39423298835754395),np.float64(232.40453133994058),np.float64(4.916375),
np.float64(0.39441490173339844),np.float64(231.49129326446783),np.float64(4.9186250000000005),
np.float64(0.3946187496185303),np.float64(232.08688331368919),np.float64(4.9175),
np.float64(0.39482998847961426),np.float64(232.94718005145336),np.float64(4.917),
np.float64(0.3950488567352295),np.float64(233.2515927432776),np.float64(4.916),
np.float64(0.39522886276245117),np.float64(234.4824788450017),np.float64(4.9175),
np.float64(0.39542698860168457),np.float64(232.85453271046336),np.float64(4.916),
np.float64(0.39562392234802246),np.float64(236.26924899266575),np.float64(4.912875),
np.float64(0.3958168029785156),np.float64(237.1560163992842),np.float64(4.916625),
np.float64(0.3960108757019043),np.float64(235.36924625162015),np.float64(4.9155),
np.float64(0.39623284339904785),np.float64(234.4824788450017),np.float64(4.9165),
np.float64(0.39643287658691406),np.float64(233.9663008023432),np.float64(4.917125),
np.float64(0.39663100242614746),np.float64(233.7413001170818),np.float64(4.918875),
np.float64(0.3968369960784912),np.float64(229.6780524479495),np.float64(4.918),
np.float64(0.39704394340515137),np.float64(232.1001186481163),np.float64(4.918),
np.float64(0.39725470542907715),np.float64(232.52364934978485),np.float64(4.916625),
np.float64(0.39743590354919434),np.float64(234.13836014989604),np.float64(4.91425),
np.float64(0.39766383171081543),np.float64(236.0310129729772),np.float64(4.9155),
np.float64(0.39784908294677734),np.float64(234.65453819255455),np.float64(4.916625),
np.float64(0.3980538845062256),np.float64(233.2515927432776),np.float64(4.9165),
np.float64(0.39824509620666504),np.float64(233.79424145479038),np.float64(4.916625),
np.float64(0.39844298362731934),np.float64(234.2177721564589),np.float64(4.916125),
np.float64(0.39864587783813477),np.float64(234.16483081875032),np.float64(4.916),
np.float64(0.3988630771636963),np.float64(234.8927742122431),np.float64(4.916),
np.float64(0.39902472496032715),np.float64(234.50894951385598),np.float64(4.91575),
np.float64(0.3992578983306885),np.float64(234.3898315040117),np.float64(4.916),
np.float64(0.39945006370544434),np.float64(233.7677707859361),np.float64(4.9165),
np.float64(0.39963483810424805),np.float64(233.95306546791608),np.float64(4.9165),
np.float64(0.39983677864074707),np.float64(233.50306409739326),np.float64(4.9165),
np.float64(0.40003180503845215),np.float64(233.50306409739326),np.float64(4.916),
np.float64(0.40024375915527344),np.float64(234.323654831876),np.float64(4.916625),
np.float64(0.40044474601745605),np.float64(233.72806478265468),np.float64(4.91725),
np.float64(0.4006309509277344),np.float64(233.95306546791608),np.float64(4.916625),
np.float64(0.4008309841156006),np.float64(234.13836014989604),np.float64(4.91675),
np.float64(0.4010329246520996),np.float64(233.34424008426757),np.float64(4.916375),
np.float64(0.4012298583984375),np.float64(233.5427701006747),np.float64(4.916875),
np.float64(0.4014308452606201),np.float64(233.0265920580162),np.float64(4.916375),
np.float64(0.4016458988189697),np.float64(235.43542292375588),np.float64(4.91375),
np.float64(0.4018406867980957),np.float64(237.32807574683704),np.float64(4.913875),
np.float64(0.4020347595214844),np.float64(236.24277832381148),np.float64(4.91525),
np.float64(0.40224671363830566),np.float64(234.44277284172028),np.float64(4.917375),
np.float64(0.40242600440979004),np.float64(233.93983013348893),np.float64(4.915625),
np.float64(0.40262603759765625),np.float64(233.5427701006747),np.float64(4.91725),
np.float64(0.40282583236694336),np.float64(229.66481711352236),np.float64(4.919625),
np.float64(0.40304088592529297),np.float64(230.47217251357796),np.float64(4.91775),
np.float64(0.4032449722290039),np.float64(231.58394060545783),np.float64(4.918),
np.float64(0.40344691276550293),np.float64(232.8412973760362),np.float64(4.917),
np.float64(0.40363168716430664),np.float64(233.0927687301519),np.float64(4.918),
np.float64(0.40383291244506836),np.float64(232.20600132353346),np.float64(4.917625),
np.float64(0.40403199195861816),np.float64(232.8412973760362),np.float64(4.9185),
np.float64(0.4042239189147949),np.float64(233.17218073671475),np.float64(4.917),
np.float64(0.40444493293762207),np.float64(233.3177694154133),np.float64(4.918),
np.float64(0.40463995933532715),np.float64(233.569240769529),np.float64(4.917625),
np.float64(0.4048349857330322),np.float64(233.7677707859361),np.float64(4.918),
np.float64(0.40505003929138184),np.float64(233.2515927432776),np.float64(4.917375),
np.float64(0.40524888038635254),np.float64(234.33689016630316),np.float64(4.917625),
np.float64(0.4054408073425293),np.float64(232.85453271046336),np.float64(4.918),
np.float64(0.40562891960144043),np.float64(233.9663008023432),np.float64(4.917375),
np.float64(0.40584278106689453),np.float64(235.1574809007859),np.float64(4.91625),
np.float64(0.40604209899902344),np.float64(235.7001296122987),np.float64(4.916375),
np.float64(0.40624284744262695),np.float64(234.8663035433888),np.float64(4.917125),
np.float64(0.4064369201660156),np.float64(233.59571143838326),np.float64(4.918),
np.float64(0.4066307544708252),np.float64(233.1854160711419),np.float64(4.916875),
np.float64(0.40692710876464844),np.float64(234.13836014989604),np.float64(4.916625),
np.float64(0.4070618152618408),np.float64(234.66777352698168),np.float64(4.917375),
np.float64(0.4072418212890625),np.float64(234.72071486469025),np.float64(4.91725),
np.float64(0.40743184089660645),np.float64(233.95306546791608),np.float64(4.917625),
np.float64(0.4076368808746338),np.float64(233.5824761039561),np.float64(4.918125),
np.float64(0.4078340530395508),np.float64(233.79424145479038),np.float64(4.917875),
np.float64(0.4080319404602051),np.float64(233.05306272687048),np.float64(4.917625),
np.float64(0.408250093460083),np.float64(234.2839488285946),np.float64(4.9175),
np.float64(0.4084498882293701),np.float64(233.6089467728104),np.float64(4.9175),
np.float64(0.4086587429046631),np.float64(233.35747541869472),np.float64(4.917375),
np.float64(0.40885496139526367),np.float64(233.34424008426757),np.float64(4.917),
np.float64(0.40905070304870605),np.float64(232.96041538588048),np.float64(4.9175),
np.float64(0.40925002098083496),np.float64(233.52953476624756),np.float64(4.91725),
np.float64(0.4094240665435791),np.float64(233.79424145479038),np.float64(4.91775),
np.float64(0.40964484214782715),np.float64(233.66188811051896),np.float64(4.9175),
np.float64(0.4098358154296875),np.float64(236.0310129729772),np.float64(4.915),
np.float64(0.41003990173339844),np.float64(236.24277832381148),np.float64(4.916125),
np.float64(0.4102346897125244),np.float64(235.46189359261015),np.float64(4.91775),
np.float64(0.4104268550872803),np.float64(233.70159411380038),np.float64(4.91725),
np.float64(0.41062283515930176),np.float64(233.1589454022876),np.float64(4.9185),
np.float64(0.4108247756958008),np.float64(232.31188399895058),np.float64(4.91775),
np.float64(0.41103672981262207),np.float64(233.5162994318204),np.float64(4.918),
np.float64(0.41124391555786133),np.float64(230.26040716274372),np.float64(4.919625),
np.float64(0.41144895553588867),np.float64(230.61776119227653),np.float64(4.91925),
np.float64(0.4116368293762207),np.float64(232.36482533665915),np.float64(4.9175),
np.float64(0.4118330478668213),np.float64(233.6751234449461),np.float64(4.91725),
np.float64(0.41204380989074707),np.float64(233.6089467728104),np.float64(4.918375),
np.float64(0.4122281074523926),np.float64(232.29864866452343),np.float64(4.91775),
np.float64(0.4124419689178467),np.float64(232.81482670718194),np.float64(4.918375),
np.float64(0.4126420021057129),np.float64(232.39129600551342),np.float64(4.916875),
np.float64(0.4128386974334717),np.float64(233.4104167564033),np.float64(4.917375),
np.float64(0.41304683685302734),np.float64(233.84718279249893),np.float64(4.918),
np.float64(0.4132378101348877),np.float64(233.11923939900618),np.float64(4.916625),
np.float64(0.41344690322875977),np.float64(233.7677707859361),np.float64(4.91725),
np.float64(0.41364192962646484),np.float64(234.27071349416747),np.float64(4.91775),
np.float64(0.4138529300689697),np.float64(233.62218210723753),np.float64(4.916625),
np.float64(0.4140458106994629),np.float64(234.03247747447892),np.float64(4.916375),
np.float64(0.41424083709716797),np.float64(235.8589536254244),np.float64(4.91575),
np.float64(0.4144399166107178),np.float64(234.98542155323307),np.float64(4.917625),
np.float64(0.4146389961242676),np.float64(232.7354147006191),np.float64(4.918),
np.float64(0.41483473777770996),np.float64(233.63541744166469),np.float64(4.917375),
np.float64(0.4150419235229492),np.float64(234.0589481433332),np.float64(4.9175),
np.float64(0.4152519702911377),np.float64(234.2839488285946),np.float64(4.91675),
np.float64(0.4154527187347412),np.float64(234.16483081875032),np.float64(4.918),
np.float64(0.4156510829925537),np.float64(233.29129874655902),np.float64(4.918),
np.float64(0.41583991050720215),np.float64(234.07218347776035),np.float64(4.9175),
np.float64(0.41603589057922363),np.float64(233.70159411380038),np.float64(4.9182500000000005),
np.float64(0.416226863861084),np.float64(233.14571006786048),np.float64(4.9175),
np.float64(0.41645312309265137),np.float64(233.9001241302075),np.float64(4.91725),
np.float64(0.41664886474609375),np.float64(232.98688605473478),np.float64(4.9175),
np.float64(0.41684484481811523),np.float64(233.62218210723753),np.float64(4.917125),
np.float64(0.4170558452606201),np.float64(233.92659479906177),np.float64(4.91675),
np.float64(0.41724371910095215),np.float64(234.66777352698168),np.float64(4.917375),
np.float64(0.41744399070739746),np.float64(233.5824761039561),np.float64(4.917),
np.float64(0.4176318645477295),np.float64(236.54719101563572),np.float64(4.914625),
np.float64(0.41785168647766113),np.float64(236.20307232053005),np.float64(4.915875),
np.float64(0.41805005073547363),np.float64(235.06483355979591),np.float64(4.91725),
np.float64(0.41825199127197266),np.float64(234.66777352698168),np.float64(4.916375),
np.float64(0.41844701766967773),np.float64(234.17806615317747),np.float64(4.91775),
np.float64(0.4186379909515381),np.float64(233.5824761039561),np.float64(4.917125),
np.float64(0.4188358783721924),np.float64(232.4177666743677),np.float64(4.91925),
np.float64(0.41902780532836914),np.float64(231.57070527103068),np.float64(4.917125),
np.float64(0.4192488193511963),np.float64(233.10600406457905),np.float64(4.9182500000000005),
np.float64(0.4194459915161133),np.float64(232.0207066415535),np.float64(4.9185),
np.float64(0.41973876953125),np.float64(232.07364797926203),np.float64(4.918125),
np.float64(0.4198598861694336),np.float64(232.55012001863912),np.float64(4.918125),
np.float64(0.42005181312561035),np.float64(233.476593428539),np.float64(4.917625),
np.float64(0.4202418327331543),np.float64(233.84718279249893),np.float64(4.91725),
np.float64(0.4204599857330322),np.float64(233.88688879578035),np.float64(4.917625),
np.float64(0.420656681060791),np.float64(232.76188536947336),np.float64(4.918),
np.float64(0.420853853225708),np.float64(233.0265920580162),np.float64(4.9175),
np.float64(0.42104482650756836),np.float64(233.1589454022876),np.float64(4.9182500000000005),
np.float64(0.42124199867248535),np.float64(233.35747541869472),np.float64(4.91675),
np.float64(0.4214451313018799),np.float64(233.8339474580718),np.float64(4.917625),
np.float64(0.42163777351379395),np.float64(233.82071212364465),np.float64(4.917),
np.float64(0.4218590259552002),np.float64(233.62218210723753),np.float64(4.917),
np.float64(0.4220757484436035),np.float64(233.7677707859361),np.float64(4.91775),
np.float64(0.4222679138183594),np.float64(233.39718142197614),np.float64(4.91725),
np.float64(0.4224519729614258),np.float64(234.3765961695846),np.float64(4.91525),
np.float64(0.42266392707824707),np.float64(236.07071897625863),np.float64(4.916625),
np.float64(0.42286086082458496),np.float64(234.65453819255455),np.float64(4.917625),
np.float64(0.4230668544769287),np.float64(233.26482807770472),np.float64(4.917),
np.float64(0.4232649803161621),np.float64(233.9927714711975),np.float64(4.917375),
np.float64(0.42347097396850586),np.float64(234.42953750729313),np.float64(4.916875),
np.float64(0.4236767292022705),np.float64(234.25747815974032),np.float64(4.916125),
np.float64(0.4238708019256592),np.float64(234.69424419583598),np.float64(4.91675),
np.float64(0.42406296730041504),np.float64(234.27071349416747),np.float64(4.91775),
np.float64(0.42426371574401855),np.float64(234.04571280890605),np.float64(4.916625),
np.float64(0.42446088790893555),np.float64(234.08541881218747),np.float64(4.916375),
np.float64(0.42465782165527344),np.float64(233.92659479906177),np.float64(4.9175),
np.float64(0.4248538017272949),np.float64(233.5427701006747),np.float64(4.91775),
np.float64(0.42505478858947754),np.float64(233.70159411380038),np.float64(4.917),
np.float64(0.4252457618713379),np.float64(233.79424145479038),np.float64(4.917),
np.float64(0.4254438877105713),np.float64(233.8339474580718),np.float64(4.917375),
np.float64(0.4256439208984375),np.float64(233.72806478265468),np.float64(4.918),
np.float64(0.425861120223999),np.float64(232.98688605473478),np.float64(4.91725),
np.float64(0.4260578155517578),np.float64(234.04571280890605),np.float64(4.91725),
np.float64(0.4262509346008301),np.float64(233.29129874655902),np.float64(4.91725),
np.float64(0.4264559745788574),np.float64(233.3177694154133),np.float64(4.917375),
np.float64(0.42665886878967285),np.float64(233.8339474580718),np.float64(4.917),
np.float64(0.42687201499938965),np.float64(234.29718416302174),np.float64(4.917),
np.float64(0.4270648956298828),np.float64(233.87365346135323),np.float64(4.918),
np.float64(0.42725396156311035),np.float64(233.14571006786048),np.float64(4.916875),
np.float64(0.42748188972473145),np.float64(233.5824761039561),np.float64(4.916625),
np.float64(0.4276719093322754),np.float64(234.0589481433332),np.float64(4.917),
np.float64(0.4278738498687744),np.float64(233.75453545150896),np.float64(4.91625),
np.float64(0.42806482315063477),np.float64(233.84718279249893),np.float64(4.91725),
np.float64(0.4282658100128174),np.float64(233.66188811051896),np.float64(4.917375),
np.float64(0.42846202850341797),np.float64(233.71482944822753),np.float64(4.917),
np.float64(0.42868971824645996),np.float64(233.43688742525757),np.float64(4.918125),
np.float64(0.42885875701904297),np.float64(232.97365072030763),np.float64(4.9175),
np.float64(0.429074764251709),np.float64(233.27806341213187),np.float64(4.9175),
np.float64(0.4292631149291992),np.float64(233.0265920580162),np.float64(4.917125),
np.float64(0.4294707775115967),np.float64(233.05306272687048),np.float64(4.917375),
np.float64(0.4296698570251465),np.float64(233.59571143838326),np.float64(4.9165),
np.float64(0.4298679828643799),np.float64(233.6751234449461),np.float64(4.9182500000000005),
np.float64(0.4300878047943115),np.float64(233.34424008426757),np.float64(4.917),
np.float64(0.43027496337890625),np.float64(234.40306683843886),np.float64(4.91625),
np.float64(0.43047380447387695),np.float64(233.97953613677035),np.float64(4.918),
np.float64(0.43067288398742676),np.float64(232.16629532025203),np.float64(4.9182500000000005),
np.float64(0.4308657646179199),np.float64(234.13836014989604),np.float64(4.9165),
np.float64(0.43106508255004883),np.float64(234.7339501991174),np.float64(4.917125),
np.float64(0.4312708377838135),np.float64(233.88688879578035),np.float64(4.9175),
np.float64(0.4314849376678467),np.float64(233.52953476624756),np.float64(4.917375),
np.float64(0.4316747188568115),np.float64(233.55600543510184),np.float64(4.91725),
np.float64(0.43187403678894043),np.float64(234.16483081875032),np.float64(4.917),
np.float64(0.43207693099975586),np.float64(236.2560136582386),np.float64(4.915),
np.float64(0.4322700500488281),np.float64(236.8648390418871),np.float64(4.915),
np.float64(0.4325838088989258),np.float64(236.00454230412294),np.float64(4.9165),
np.float64(0.43268394470214844),np.float64(235.06483355979591),np.float64(4.916125),
np.float64(0.4328727722167969),np.float64(234.76042086797167),np.float64(4.91725),
np.float64(0.4330768585205078),np.float64(233.95306546791608),np.float64(4.9165),
np.float64(0.4332699775695801),np.float64(231.53099926774925),np.float64(4.9205000000000005),
np.float64(0.4334709644317627),np.float64(230.19423049060802),np.float64(4.9186250000000005),
np.float64(0.4336707592010498),np.float64(231.33246925134213),np.float64(4.918),
np.float64(0.4338669776916504),np.float64(232.0339419759806),np.float64(4.9185),
np.float64(0.43409204483032227),np.float64(233.07953339572475),np.float64(4.91725),
np.float64(0.4342808723449707),np.float64(233.21188673999617),np.float64(4.9165),
np.float64(0.4344818592071533),np.float64(234.49571417942886),np.float64(4.917375),
np.float64(0.434675931930542),np.float64(233.37071075312187),np.float64(4.9182500000000005),
np.float64(0.4348740577697754),np.float64(233.23835740885045),np.float64(4.917125),
np.float64(0.4350728988647461),np.float64(233.48982876296614),np.float64(4.916875),
np.float64(0.43526387214660645),np.float64(234.62806752370025),np.float64(4.91675),
np.float64(0.4354827404022217),np.float64(234.3104194974489),np.float64(4.917),
np.float64(0.435683012008667),np.float64(233.95306546791608),np.float64(4.916125),
np.float64(0.43587708473205566),np.float64(234.1515954843232),np.float64(4.917),
np.float64(0.43607592582702637),np.float64(235.0251275565145),np.float64(4.918),
np.float64(0.43627166748046875),np.float64(233.95306546791608),np.float64(4.915125),
np.float64(0.43646883964538574),np.float64(236.87807437631423),np.float64(4.915625),
np.float64(0.43668484687805176),np.float64(234.90600954667022),np.float64(4.916375),
np.float64(0.436877965927124),np.float64(233.75453545150896),np.float64(4.91725),
np.float64(0.43707275390625),np.float64(233.45012275968472),np.float64(4.917625),
np.float64(0.43727779388427734),np.float64(232.98688605473478),np.float64(4.918),
np.float64(0.4374728202819824),np.float64(231.84864729400064),np.float64(4.921125),
np.float64(0.4376697540283203),np.float64(229.26775708070815),np.float64(4.9190000000000005),
np.float64(0.4378669261932373),np.float64(231.6765879464478),np.float64(4.918),
np.float64(0.4380919933319092),np.float64(232.90747404817193),np.float64(4.91725),
np.float64(0.43828868865966797),np.float64(233.17218073671475),np.float64(4.91775),
np.float64(0.4384629726409912),np.float64(233.05306272687048),np.float64(4.918),
np.float64(0.4386711120605469),np.float64(233.476593428539),np.float64(4.917625),
np.float64(0.4388608932495117),np.float64(233.2515927432776),np.float64(4.91775),
np.float64(0.43905091285705566),np.float64(233.45012275968472),np.float64(4.916375),
np.float64(0.4392719268798828),np.float64(235.1177748975045),np.float64(4.91525),
np.float64(0.4394810199737549),np.float64(235.7001296122987),np.float64(4.917),
np.float64(0.43968677520751953),np.float64(234.08541881218747),np.float64(4.91675),
np.float64(0.4398808479309082),np.float64(234.42953750729313),np.float64(4.917125),
np.float64(0.44008588790893555),np.float64(233.78100612036323),np.float64(4.91725),
np.float64(0.4402737617492676),np.float64(233.82071212364465),np.float64(4.918125),
np.float64(0.4404630661010742),np.float64(233.35747541869472),np.float64(4.91725),
np.float64(0.4406709671020508),np.float64(233.9927714711975),np.float64(4.916125),
np.float64(0.4408707618713379),np.float64(234.97218621880592),np.float64(4.916625),
np.float64(0.4410727024078369),np.float64(233.46335809411184),np.float64(4.9175),
np.float64(0.44127678871154785),np.float64(234.3501255007303),np.float64(4.91775),
np.float64(0.44147491455078125),np.float64(233.7413001170818),np.float64(4.917),
np.float64(0.44167184829711914),np.float64(233.75453545150896),np.float64(4.91675),
np.float64(0.44187378883361816),np.float64(234.5486555171374),np.float64(4.91725),
np.float64(0.4420740604400635),np.float64(233.9001241302075),np.float64(4.916),
np.float64(0.4422929286956787),np.float64(236.74572103204284),np.float64(4.915125),
np.float64(0.4424879550933838),np.float64(236.2560136582386),np.float64(4.91575),
np.float64(0.44267797470092773),np.float64(234.5751261859917),np.float64(4.91625),
np.float64(0.44288086891174316),np.float64(234.45600817614744),np.float64(4.917),
np.float64(0.4430887699127197),np.float64(233.78100612036323),np.float64(4.917),
np.float64(0.44327282905578613),np.float64(233.13247473343333),np.float64(4.92),
np.float64(0.4434669017791748),np.float64(230.19423049060802),np.float64(4.9185),
np.float64(0.44368982315063477),np.float64(231.72952928415637),np.float64(4.918),
np.float64(0.44388484954833984),np.float64(232.6692380284834),np.float64(4.9182500000000005),
np.float64(0.4440889358520508),np.float64(232.53688468421197),np.float64(4.917),
np.float64(0.44428086280822754),np.float64(233.29129874655902),np.float64(4.91675),
np.float64(0.44447898864746094),np.float64(233.30453408098614),np.float64(4.917375),
np.float64(0.444659948348999),np.float64(233.5427701006747),np.float64(4.916875),
np.float64(0.4448890686035156),np.float64(233.84718279249893),np.float64(4.917),
np.float64(0.4450678825378418),np.float64(233.68835877937326),np.float64(4.91675),
np.float64(0.44536685943603516),np.float64(233.68835877937326),np.float64(4.9182500000000005),
np.float64(0.4454958438873291),np.float64(232.98688605473478),np.float64(4.917375),
np.float64(0.44568896293640137),np.float64(233.07953339572475),np.float64(4.917125),
np.float64(0.44587111473083496),np.float64(233.383946087549),np.float64(4.91675),
np.float64(0.446073055267334),np.float64(234.20453682203174),np.float64(4.916375),
np.float64(0.44629383087158203),np.float64(234.33689016630316),np.float64(4.916625),
np.float64(0.44648289680480957),np.float64(233.95306546791608),np.float64(4.917625),
np.float64(0.44669294357299805),np.float64(233.03982739244333),np.float64(4.916875),
np.float64(0.446882963180542),np.float64(233.68835877937326),np.float64(4.916375),
np.float64(0.4470829963684082),np.float64(233.63541744166469),np.float64(4.917),
np.float64(0.44727492332458496),np.float64(233.34424008426757),np.float64(4.917875),
np.float64(0.44746994972229004),np.float64(234.04571280890605),np.float64(4.914625),
np.float64(0.4476919174194336),np.float64(236.56042635006287),np.float64(4.914625),
np.float64(0.4478898048400879),np.float64(234.90600954667022),np.float64(4.917),
np.float64(0.4480879306793213),np.float64(233.79424145479038),np.float64(4.916625),
np.float64(0.44828200340270996),np.float64(234.16483081875032),np.float64(4.91725),
np.float64(0.4484729766845703),np.float64(233.9001241302075),np.float64(4.916625),
np.float64(0.4486839771270752),np.float64(233.8074767892175),np.float64(4.91725),
np.float64(0.44888806343078613),np.float64(233.8074767892175),np.float64(4.916125),
np.float64(0.44908595085144043),np.float64(234.4824788450017),np.float64(4.9165),
np.float64(0.449265718460083),np.float64(233.63541744166469),np.float64(4.917625),
np.float64(0.4494907855987549),np.float64(234.04571280890605),np.float64(4.917375),
np.float64(0.4496760368347168),np.float64(234.13836014989604),np.float64(4.91575),
np.float64(0.44986581802368164),np.float64(234.6413028581274),np.float64(4.916875),
np.float64(0.4500598907470703),np.float64(233.95306546791608),np.float64(4.9185),
np.float64(0.45027875900268555),np.float64(231.95452996941776),np.float64(4.918),
np.float64(0.4504709243774414),np.float64(233.43688742525757),np.float64(4.91725),
np.float64(0.4506700038909912),np.float64(233.37071075312187),np.float64(4.917125),
np.float64(0.4508669376373291),np.float64(234.29718416302174),np.float64(4.915875),
np.float64(0.45107388496398926),np.float64(236.97072171730423),np.float64(4.914875),
np.float64(0.45125699043273926),np.float64(236.62660302219857),np.float64(4.915875),
np.float64(0.45145702362060547),np.float64(234.87953887781595),np.float64(4.917),
np.float64(0.4516768455505371),np.float64(235.19718690406734),np.float64(4.91625),
np.float64(0.45186781883239746),np.float64(234.8663035433888),np.float64(4.91775),
np.float64(0.45206379890441895),np.float64(234.52218484828313),np.float64(4.918),
np.float64(0.45226287841796875),np.float64(230.04864181190945),np.float64(4.91925),
np.float64(0.4524538516998291),np.float64(231.133939234935),np.float64(4.9182500000000005),
np.float64(0.4526650905609131),np.float64(232.1001186481163),np.float64(4.918125),
np.float64(0.45285606384277344),np.float64(233.26482807770472),np.float64(4.916375),
np.float64(0.4530799388885498),np.float64(233.7677707859361),np.float64(4.917125),
np.float64(0.45326685905456543),np.float64(233.43688742525757),np.float64(4.9165),
np.float64(0.45346975326538086),np.float64(233.45012275968472),np.float64(4.917),
np.float64(0.4536619186401367),np.float64(233.75453545150896),np.float64(4.91775),
np.float64(0.4538569450378418),np.float64(232.96041538588048),np.float64(4.9165),
np.float64(0.45406484603881836),np.float64(232.81482670718194),np.float64(4.9175),
np.float64(0.4542558193206787),np.float64(234.13836014989604),np.float64(4.9165),
np.float64(0.45447278022766113),np.float64(233.8339474580718),np.float64(4.916625),
np.float64(0.45467090606689453),np.float64(233.9663008023432),np.float64(4.916125),
np.float64(0.454880952835083),np.float64(233.8074767892175),np.float64(4.917),
np.float64(0.4550666809082031),np.float64(233.91335946463465),np.float64(4.916),
np.float64(0.4552779197692871),np.float64(234.46924351057456),np.float64(4.916625),
np.float64(0.4554920196533203),np.float64(233.2251220744233),np.float64(4.916625),
np.float64(0.45569300651550293),np.float64(234.24424282531317),np.float64(4.915875),
np.float64(0.45591092109680176),np.float64(235.6736589434444),np.float64(4.915875),
np.float64(0.4561038017272949),np.float64(235.73983561558012),np.float64(4.915125),
np.float64(0.45628881454467773),np.float64(234.81336220568025),np.float64(4.9165),
np.float64(0.45649194717407227),np.float64(234.19130148760462),np.float64(4.916375),
np.float64(0.45668888092041016),np.float64(234.07218347776035),np.float64(4.915375),
np.float64(0.4568817615509033),np.float64(234.72071486469025),np.float64(4.915625),
np.float64(0.45708203315734863),np.float64(234.82659754010737),np.float64(4.916875),
np.float64(0.45728302001953125),np.float64(233.46335809411184),np.float64(4.91625),
np.float64(0.4574918746948242),np.float64(234.50894951385598),np.float64(4.91625),
np.float64(0.45769286155700684),np.float64(234.3898315040117),np.float64(4.915875),
np.float64(0.4578869342803955),np.float64(233.569240769529),np.float64(4.916375),
np.float64(0.4581727981567383),np.float64(234.09865414661462),np.float64(4.91725),
np.float64(0.45827698707580566),np.float64(232.65600269405624),np.float64(4.918),
np.float64(0.4584808349609375),np.float64(233.06629806129763),np.float64(4.915625),
np.float64(0.45867490768432617),np.float64(234.03247747447892),np.float64(4.9165),
np.float64(0.4588620662689209),np.float64(234.76042086797167),np.float64(4.914375),
np.float64(0.4590587615966797),np.float64(237.27513440912847),np.float64(4.915),
np.float64(0.4592618942260742),np.float64(235.43542292375588),np.float64(4.915875),
np.float64(0.4594547748565674),np.float64(234.85306820896167),np.float64(4.91575),
np.float64(0.4596710205078125),np.float64(234.33689016630316),np.float64(4.9165),
np.float64(0.4598877429962158),np.float64(233.91335946463465),np.float64(4.91625),
np.float64(0.4600639343261719),np.float64(232.74865003504624),np.float64(4.918),
np.float64(0.4602527618408203),np.float64(231.62364660873925),np.float64(4.918),
np.float64(0.4604530334472656),np.float64(231.8618826284278),np.float64(4.91725),
np.float64(0.46065306663513184),np.float64(233.383946087549),np.float64(4.9175),
np.float64(0.4608469009399414),np.float64(233.39718142197614),np.float64(4.9165),
np.float64(0.4610748291015625),np.float64(233.72806478265468),np.float64(4.917),
np.float64(0.46126294136047363),np.float64(233.93983013348893),np.float64(4.91425),
np.float64(0.46146297454833984),np.float64(237.6721944419427),np.float64(4.91375),
np.float64(0.46166181564331055),np.float64(236.91778037959565),np.float64(4.9145),
np.float64(0.46186280250549316),np.float64(235.68689427787155),np.float64(4.9175),
np.float64(0.4620521068572998),np.float64(234.0589481433332),np.float64(4.916),
np.float64(0.46224308013916016),np.float64(233.91335946463465),np.float64(4.917125),
np.float64(0.4624619483947754),np.float64(233.26482807770472),np.float64(4.9197500000000005),
np.float64(0.46266698837280273),np.float64(229.4133457594067),np.float64(4.9186250000000005),
np.float64(0.4629240036010742),np.float64(231.1868805726436),np.float64(4.918375),
np.float64(0.46309709548950195),np.float64(231.6765879464478),np.float64(4.9175),
np.float64(0.4632890224456787),np.float64(233.0265920580162),np.float64(4.9175),
np.float64(0.46349000930786133),np.float64(233.2515927432776),np.float64(4.9165),
np.float64(0.46370601654052734),np.float64(234.19130148760462),np.float64(4.9165),
np.float64(0.4639248847961426),np.float64(233.5824761039561),np.float64(4.916625),
np.float64(0.4640958309173584),np.float64(233.383946087549),np.float64(4.91525),
np.float64(0.4642949104309082),np.float64(236.11042497954006),np.float64(4.9145),
np.float64(0.4644956588745117),np.float64(235.39571692047446),np.float64(4.915875),
np.float64(0.4646928310394287),np.float64(233.88688879578035),np.float64(4.917),
np.float64(0.4648780822753906),np.float64(233.383946087549),np.float64(4.9165),
np.float64(0.4651048183441162),np.float64(234.46924351057456),np.float64(4.916125),
np.float64(0.46530675888061523),np.float64(234.5751261859917),np.float64(4.916),
np.float64(0.4655008316040039),np.float64(235.1177748975045),np.float64(4.915125),
np.float64(0.4656949043273926),np.float64(235.40895225490158),np.float64(4.91625),
np.float64(0.465893030166626),np.float64(234.61483218927313),np.float64(4.916625),
np.float64(0.46608567237854004),np.float64(233.34424008426757),np.float64(4.916375),
np.float64(0.4662950038909912),np.float64(233.82071212364465),np.float64(4.917375),
np.float64(0.46648478507995605),np.float64(233.43688742525757),np.float64(4.91675),
np.float64(0.46668481826782227),np.float64(232.89423871374478),np.float64(4.916875),
np.float64(0.4669008255004883),np.float64(234.1251248154689),np.float64(4.916375),
np.float64(0.4670729637145996),np.float64(234.09865414661462),np.float64(4.916625),
np.float64(0.4672670364379883),np.float64(234.09865414661462),np.float64(4.916875),
np.float64(0.4674649238586426),np.float64(233.84718279249893),np.float64(4.916375),
np.float64(0.4676809310913086),np.float64(233.0927687301519),np.float64(4.917),
np.float64(0.46788883209228516),np.float64(233.569240769529),np.float64(4.916625),
np.float64(0.4680798053741455),np.float64(233.14571006786048),np.float64(4.91725),
np.float64(0.4682769775390625),np.float64(233.92659479906177),np.float64(4.91475),
np.float64(0.4684720039367676),np.float64(237.32807574683704),np.float64(4.914875),
np.float64(0.46866297721862793),np.float64(236.45454367464572),np.float64(4.9155),
np.float64(0.4688689708709717),np.float64(234.27071349416747),np.float64(4.91625),
np.float64(0.4690859317779541),np.float64(234.61483218927313),np.float64(4.915875),
np.float64(0.46927475929260254),np.float64(233.68835877937326),np.float64(4.916375),
np.float64(0.46947598457336426),np.float64(231.72952928415637),np.float64(4.9195),
np.float64(0.4696769714355469),np.float64(230.1280538184723),np.float64(4.9185),
np.float64(0.46988987922668457),np.float64(231.7030586153021),np.float64(4.917375),
np.float64(0.4700789451599121),np.float64(233.01335672358906),np.float64(4.916125),
np.float64(0.4702880382537842),np.float64(234.09865414661462),np.float64(4.91725),
np.float64(0.47048068046569824),np.float64(232.74865003504624),np.float64(4.91775),
np.float64(0.4706690311431885),np.float64(232.444237343222),np.float64(4.917125),
np.float64(0.4709198474884033),np.float64(232.72217936619194),np.float64(4.91675),
np.float64(0.4710869789123535),np.float64(233.3177694154133),np.float64(4.917),
np.float64(0.4712848663330078),np.float64(233.91335946463465),np.float64(4.917),
np.float64(0.4714958667755127),np.float64(233.5824761039561),np.float64(4.915875),
np.float64(0.4717068672180176),np.float64(234.00600680562462),np.float64(4.91725),
np.float64(0.47191500663757324),np.float64(233.2515927432776),np.float64(4.914875),
np.float64(0.47209787368774414),np.float64(234.2177721564589),np.float64(4.91725),
np.float64(0.4722747802734375),np.float64(233.21188673999617),np.float64(4.916625),
np.float64(0.47249674797058105),np.float64(233.9927714711975),np.float64(4.914375),
np.float64(0.4726877212524414),np.float64(235.91189496313294),np.float64(4.915125),
np.float64(0.4729321002960205),np.float64(234.5486555171374),np.float64(4.91625),
np.float64(0.47310400009155273),np.float64(233.95306546791608),np.float64(4.91625),
np.float64(0.47330665588378906),np.float64(233.8339474580718),np.float64(4.9165),
np.float64(0.47350192070007324),np.float64(233.93983013348893),np.float64(4.9155),
np.float64(0.47370386123657227),np.float64(234.6413028581274),np.float64(4.915625),
np.float64(0.47389793395996094),np.float64(234.9589508843788),np.float64(4.915875),
np.float64(0.4741039276123047),np.float64(234.5486555171374),np.float64(4.915875),
np.float64(0.47429800033569336),np.float64(233.75453545150896),np.float64(4.91625),
np.float64(0.4745059013366699),np.float64(233.63541744166469),np.float64(4.916875),
np.float64(0.474700927734375),np.float64(233.6751234449461),np.float64(4.91725),
np.float64(0.47490406036376953),np.float64(232.94718005145336),np.float64(4.91725),
np.float64(0.475078821182251),np.float64(233.569240769529),np.float64(4.917),
np.float64(0.4752800464630127),np.float64(233.66188811051896),np.float64(4.9165),
np.float64(0.47548389434814453),np.float64(233.95306546791608),np.float64(4.9165),
np.float64(0.4756889343261719),np.float64(233.64865277609184),np.float64(4.916125),
np.float64(0.47589874267578125),np.float64(233.50306409739326),np.float64(4.917125),
np.float64(0.47608375549316406),np.float64(233.21188673999617),np.float64(4.917),
np.float64(0.47629308700561523),np.float64(233.37071075312187),np.float64(4.91775),
np.float64(0.4764747619628906),np.float64(233.37071075312187),np.float64(4.914),
np.float64(0.4766979217529297),np.float64(237.59278243537986),np.float64(4.91475),
np.float64(0.4769139289855957),np.float64(236.24277832381148),np.float64(4.9155),
np.float64(0.4770827293395996),np.float64(234.83983287453452),np.float64(4.916125),
np.float64(0.47728991508483887),np.float64(234.1251248154689),np.float64(4.915875),
np.float64(0.47750091552734375),np.float64(233.88688879578035),np.float64(4.9185),
np.float64(0.47769784927368164),np.float64(231.8354119595735),np.float64(4.9205000000000005),
np.float64(0.4778931140899658),np.float64(229.87658246435663),np.float64(4.918375),
np.float64(0.4781050682067871),np.float64(231.72952928415637),np.float64(4.918125),
np.float64(0.47830700874328613),np.float64(232.81482670718194),np.float64(4.917),
np.float64(0.47850799560546875),np.float64(233.07953339572475),np.float64(4.91675),
np.float64(0.4786849021911621),np.float64(233.3177694154133),np.float64(4.91725),
np.float64(0.47891712188720703),np.float64(232.70894403176482),np.float64(4.91775),
np.float64(0.4790949821472168),np.float64(232.97365072030763),np.float64(4.918125),
np.float64(0.47931694984436035),np.float64(232.69570869733766),np.float64(4.917),
np.float64(0.4795088768005371),np.float64(233.63541744166469),np.float64(4.917),
np.float64(0.47971296310424805),np.float64(233.63541744166469),np.float64(4.9165),
np.float64(0.47992682456970215),np.float64(233.88688879578035),np.float64(4.917125),
np.float64(0.4801018238067627),np.float64(234.07218347776035),np.float64(4.91625),
np.float64(0.4803030490875244),np.float64(234.44277284172028),np.float64(4.917),
np.float64(0.4804987907409668),np.float64(233.6089467728104),np.float64(4.91625),
np.float64(0.48072075843811035),np.float64(233.97953613677035),np.float64(4.917125),
np.float64(0.48093676567077637),np.float64(234.94571554995164),np.float64(4.915625),
np.float64(0.4811129570007324),np.float64(236.04424830740436),np.float64(4.916125),
np.float64(0.4813039302825928),np.float64(234.33689016630316),np.float64(4.916625),
np.float64(0.48150086402893066),np.float64(233.71482944822753),np.float64(4.916),
np.float64(0.48169803619384766),np.float64(233.84718279249893),np.float64(4.91575),
np.float64(0.48193979263305664),np.float64(234.85306820896167),np.float64(4.916125),
np.float64(0.48209285736083984),np.float64(234.45600817614744),np.float64(4.91575),
np.float64(0.4823160171508789),np.float64(235.27659891063018),np.float64(4.9155),
np.float64(0.4825000762939453),np.float64(234.82659754010737),np.float64(4.915375),
np.float64(0.4827108383178711),np.float64(234.3765961695846),np.float64(4.916375),
np.float64(0.4828968048095703),np.float64(233.6089467728104),np.float64(4.91575),
np.float64(0.4830770492553711),np.float64(234.20453682203174),np.float64(4.917),
np.float64(0.4832949638366699),np.float64(233.23835740885045),np.float64(4.9165),
np.float64(0.48349881172180176),np.float64(234.2177721564589),np.float64(4.915875),
np.float64(0.48381686210632324),np.float64(234.1515954843232),np.float64(4.9165),
np.float64(0.4839208126068115),np.float64(234.323654831876),np.float64(4.915625),
np.float64(0.4841148853302002),np.float64(234.2839488285946),np.float64(4.915875),
np.float64(0.4843099117279053),np.float64(233.87365346135323),np.float64(4.916),
np.float64(0.4845099449157715),np.float64(234.29718416302174),np.float64(4.91575),
np.float64(0.48470091819763184),np.float64(234.08541881218747),np.float64(4.917625),
np.float64(0.4849429130554199),np.float64(234.77365620239883),np.float64(4.91325),
np.float64(0.4851188659667969),np.float64(238.40013783543546),np.float64(4.914),
np.float64(0.4853208065032959),np.float64(237.14278106485708),np.float64(4.914875),
np.float64(0.48551297187805176),np.float64(235.30306957948446),np.float64(4.9165),
np.float64(0.48571276664733887),np.float64(234.66777352698168),np.float64(4.915),
np.float64(0.4859187602996826),np.float64(234.53542018271028),np.float64(4.9165),
np.float64(0.486102819442749),np.float64(232.15305998582488),np.float64(4.9193750000000005),
np.float64(0.4863150119781494),np.float64(230.67070252998508),np.float64(4.918375),
np.float64(0.48651576042175293),np.float64(231.9280593005635),np.float64(4.918),
np.float64(0.48670101165771484),np.float64(232.40453133994058),np.float64(4.917125),
np.float64(0.48692870140075684),np.float64(233.10600406457905),np.float64(4.916375),
np.float64(0.48710083961486816),np.float64(233.5824761039561),np.float64(4.916875),
np.float64(0.48730993270874023),np.float64(233.03982739244333),np.float64(4.917125),
np.float64(0.4875218868255615),np.float64(233.5824761039561),np.float64(4.915625),
np.float64(0.48772096633911133),np.float64(234.3898315040117),np.float64(4.91575),
np.float64(0.4879426956176758),np.float64(234.5486555171374),np.float64(4.91525),
np.float64(0.48810887336730957),np.float64(234.49571417942886),np.float64(4.916125),
np.float64(0.4883129596710205),np.float64(234.07218347776035),np.float64(4.91575),
np.float64(0.4885118007659912),np.float64(234.45600817614744),np.float64(4.916375),
np.float64(0.4887058734893799),np.float64(234.91924488109737),np.float64(4.915375),
np.float64(0.48893308639526367),np.float64(234.04571280890605),np.float64(4.916875),
np.float64(0.4891178607940674),np.float64(234.61483218927313),np.float64(4.915),
np.float64(0.48931384086608887),np.float64(236.52072034678145),np.float64(4.91475),
np.float64(0.48951292037963867),np.float64(235.6736589434444),np.float64(4.916),
np.float64(0.48971009254455566),np.float64(234.98542155323307),np.float64(4.916375),
np.float64(0.48990368843078613),np.float64(234.74718553354452),np.float64(4.916625),
np.float64(0.4901270866394043),np.float64(234.49571417942886),np.float64(4.915625),
np.float64(0.49032068252563477),np.float64(234.44277284172028),np.float64(4.915),
np.float64(0.49051594734191895),np.float64(235.23689290734876),np.float64(4.91575),
np.float64(0.49071192741394043),np.float64(234.82659754010737),np.float64(4.915625),
np.float64(0.490933895111084),np.float64(234.6413028581274),np.float64(4.916625),
np.float64(0.4911038875579834),np.float64(234.33689016630316),np.float64(4.915125),
np.float64(0.4913027286529541),np.float64(234.9324802155245),np.float64(4.91675),
np.float64(0.4915120601654053),np.float64(234.40306683843886),np.float64(4.9165),
np.float64(0.49170994758605957),np.float64(233.75453545150896),np.float64(4.9165),
np.float64(0.49192070960998535),np.float64(233.52953476624756),np.float64(4.91675),
np.float64(0.49209070205688477),np.float64(234.24424282531317),np.float64(4.916375),
np.float64(0.492293119430542),np.float64(234.09865414661462),np.float64(4.916625),
np.float64(0.4925119876861572),np.float64(233.46335809411184),np.float64(4.916125),
np.float64(0.492722749710083),np.float64(234.2839488285946),np.float64(4.91725),
np.float64(0.4929347038269043),np.float64(233.8074767892175),np.float64(4.916625),
np.float64(0.49311304092407227),np.float64(234.23100749088604),np.float64(4.9165),
np.float64(0.4933149814605713),np.float64(234.13836014989604),np.float64(4.916125),
np.float64(0.4935119152069092),np.float64(234.2177721564589),np.float64(4.91625),
np.float64(0.4937169551849365),np.float64(235.42218758932873),np.float64(4.916),
np.float64(0.4939460754394531),np.float64(234.8927742122431),np.float64(4.916625),
np.float64(0.49411773681640625),np.float64(234.36336083515744),np.float64(4.91625),
np.float64(0.4943258762359619),np.float64(234.27071349416747),np.float64(4.916),
np.float64(0.494520902633667),np.float64(234.23100749088604),np.float64(4.917),
np.float64(0.49471306800842285),np.float64(233.7677707859361),np.float64(4.9175),
np.float64(0.49492979049682617),np.float64(233.46335809411184),np.float64(4.917),
np.float64(0.4950897693634033),np.float64(233.78100612036323),np.float64(4.91675),
np.float64(0.49530577659606934),np.float64(233.64865277609184),np.float64(4.917625),
np.float64(0.4954967498779297),np.float64(233.6089467728104),np.float64(4.91775),
np.float64(0.4956939220428467),np.float64(233.569240769529),np.float64(4.917625),
np.float64(0.4959127902984619),np.float64(233.87365346135323),np.float64(4.91725),
np.float64(0.4961049556732178),np.float64(233.87365346135323),np.float64(4.91775),
np.float64(0.49630093574523926),np.float64(233.78100612036323),np.float64(4.917625),
np.float64(0.49656176567077637),np.float64(233.9663008023432),np.float64(4.91625),
np.float64(0.4967179298400879),np.float64(233.8339474580718),np.float64(4.91725),
np.float64(0.49690985679626465),np.float64(233.35747541869472),np.float64(4.916375),
np.float64(0.49709200859069824),np.float64(234.13836014989604),np.float64(4.918375),
np.float64(0.4972858428955078),np.float64(233.23835740885045),np.float64(4.91725),
np.float64(0.497485876083374),np.float64(234.68100886140883),np.float64(4.915375),
np.float64(0.49770283699035645),np.float64(236.81189770417853),np.float64(4.916),
np.float64(0.49791979789733887),np.float64(234.9589508843788),np.float64(4.916875),
np.float64(0.49809789657592773),np.float64(237.19572240256562),np.float64(4.914),
np.float64(0.49829983711242676),np.float64(238.3207258288726),np.float64(4.913875),
np.float64(0.49849700927734375),np.float64(237.05013372386708),np.float64(4.916125),
np.float64(0.4986867904663086),np.float64(236.38836700251002),np.float64(4.91575),
np.float64(0.498917818069458),np.float64(235.0913042286502),np.float64(4.917),
np.float64(0.4990987777709961),np.float64(235.32954024833873),np.float64(4.91875),
np.float64(0.49930906295776367),np.float64(230.02217114305517),np.float64(4.9190000000000005),
np.float64(0.4994969367980957),np.float64(231.8354119595735),np.float64(4.918875),
np.float64(0.4996938705444336),np.float64(232.58982602192054),np.float64(4.919125),
np.float64(0.4998948574066162),np.float64(231.72952928415637),np.float64(4.9185),
np.float64(0.5000917911529541),np.float64(232.8677680448905),np.float64(4.9182500000000005),
np.float64(0.500324010848999),np.float64(233.50306409739326),np.float64(4.917125),
np.float64(0.5005009174346924),np.float64(233.97953613677035),np.float64(4.917375),
np.float64(0.5007050037384033),np.float64(234.27071349416747),np.float64(4.91675),
np.float64(0.5009219646453857),np.float64(234.97218621880592),np.float64(4.91625),
np.float64(0.5011119842529297),np.float64(235.03836289094164),np.float64(4.91625),
np.float64(0.5013067722320557),np.float64(235.541305599173),np.float64(4.9175),
np.float64(0.5015127658843994),np.float64(234.3898315040117),np.float64(4.91675),
np.float64(0.5017099380493164),np.float64(234.24424282531317),np.float64(4.917),
np.float64(0.5019388198852539),np.float64(234.3501255007303),np.float64(4.917),
np.float64(0.502119779586792),np.float64(234.16483081875032),np.float64(4.918),
np.float64(0.5023198127746582),np.float64(234.1251248154689),np.float64(4.914625),
np.float64(0.5025169849395752),np.float64(237.06336905829423),np.float64(4.91475),
np.float64(0.5027158260345459),np.float64(235.48836426146443),np.float64(4.916125),
np.float64(0.5029480457305908),np.float64(233.46335809411184),np.float64(4.918375),
np.float64(0.5031237602233887),np.float64(234.42953750729313),np.float64(4.916625),
np.float64(0.5032989978790283),np.float64(233.93983013348893),np.float64(4.918375),
np.float64(0.5035297870635986),np.float64(233.66188811051896),np.float64(4.9175),
np.float64(0.5037238597869873),np.float64(231.21335124149786),np.float64(4.9205000000000005),
np.float64(0.5039138793945312),np.float64(230.1280538184723),np.float64(4.9186250000000005),
np.float64(0.5041558742523193),np.float64(231.80894129071922),np.float64(4.918125),
np.float64(0.5043399333953857),np.float64(232.81482670718194),np.float64(4.91775),
np.float64(0.5045287609100342),np.float64(232.32511933337773),np.float64(4.918),
np.float64(0.5047259330749512),np.float64(233.01335672358906),np.float64(4.918125),
np.float64(0.5049400329589844),np.float64(233.0265920580162),np.float64(4.91725),
np.float64(0.5051219463348389),np.float64(233.72806478265468),np.float64(4.917375),
np.float64(0.5053398609161377),np.float64(233.93983013348893),np.float64(4.917125),
np.float64(0.5055108070373535),np.float64(233.6751234449461),np.float64(4.917125),
np.float64(0.5057249069213867),np.float64(234.25747815974032),np.float64(4.91725),
np.float64(0.5059428215026855),np.float64(235.39571692047446),np.float64(4.91425),
np.float64(0.5061068534851074),np.float64(236.9310157140228),np.float64(4.917375),
np.float64(0.5063190460205078),np.float64(234.23100749088604),np.float64(4.916375),
np.float64(0.5065147876739502),np.float64(234.20453682203174),np.float64(4.91725),
np.float64(0.5067429542541504),np.float64(234.13836014989604),np.float64(4.91675),
np.float64(0.5069539546966553),np.float64(234.66777352698168),np.float64(4.916125),
np.float64(0.5071258544921875),np.float64(235.5148349303187),np.float64(4.915875),
np.float64(0.5073227882385254),np.float64(234.65453819255455),np.float64(4.916375),
np.float64(0.5075168609619141),np.float64(234.77365620239883),np.float64(4.917125),
np.float64(0.5077171325683594),np.float64(233.84718279249893),np.float64(4.91725),
np.float64(0.5079388618469238),np.float64(232.9339447170262),np.float64(4.916625),
np.float64(0.5081138610839844),np.float64(234.9324802155245),np.float64(4.91725),
np.float64(0.5083208084106445),np.float64(233.87365346135323),np.float64(4.916125),
np.float64(0.5085048675537109),np.float64(233.87365346135323),np.float64(4.916875),
np.float64(0.508699893951416),np.float64(234.13836014989604),np.float64(4.917375),
np.float64(0.5088968276977539),np.float64(234.1515954843232),np.float64(4.91475),
np.float64(0.5091018676757812),np.float64(237.93690113048552),np.float64(4.915625),
np.float64(0.5093927383422852),np.float64(235.23689290734876),np.float64(4.91725),
np.float64(0.5095279216766357),np.float64(234.72071486469025),np.float64(4.9155),
np.float64(0.5097110271453857),np.float64(234.98542155323307),np.float64(4.91725),
np.float64(0.5099320411682129),np.float64(233.92659479906177),np.float64(4.9175),
np.float64(0.5101008415222168),np.float64(233.1854160711419),np.float64(4.919875),
np.float64(0.5102996826171875),np.float64(231.319233916915),np.float64(4.918125),
np.float64(0.5105090141296387),np.float64(232.351590002232),np.float64(4.918),
np.float64(0.5107109546661377),np.float64(233.8339474580718),np.float64(4.918),
np.float64(0.5109407901763916),np.float64(233.35747541869472),np.float64(4.91675),
np.float64(0.5111339092254639),np.float64(233.64865277609184),np.float64(4.91775),
np.float64(0.5113027095794678),np.float64(233.9927714711975),np.float64(4.917125),
np.float64(0.5115029811859131),np.float64(233.569240769529),np.float64(4.91775),
np.float64(0.5117177963256836),np.float64(233.84718279249893),np.float64(4.916625),
np.float64(0.511934757232666),np.float64(234.3898315040117),np.float64(4.916),
np.float64(0.5121138095855713),np.float64(234.27071349416747),np.float64(4.917375),
np.float64(0.5122988224029541),np.float64(233.2515927432776),np.float64(4.91775),
np.float64(0.5125038623809814),np.float64(233.87365346135323),np.float64(4.916),
np.float64(0.512711763381958),np.float64(234.46924351057456),np.float64(4.916375),
np.float64(0.5129468441009521),np.float64(234.7074795302631),np.float64(4.91675),
np.float64(0.5131189823150635),np.float64(234.7339501991174),np.float64(4.916),
np.float64(0.5133159160614014),np.float64(235.68689427787155),np.float64(4.915375),
np.float64(0.5135090351104736),np.float64(235.72660028115297),np.float64(4.917375),
np.float64(0.5137009620666504),np.float64(234.7339501991174),np.float64(4.916125),
np.float64(0.5139198303222656),np.float64(234.27071349416747),np.float64(4.91775),
np.float64(0.5140988826751709),np.float64(233.34424008426757),np.float64(4.918),
np.float64(0.5143108367919922),np.float64(234.49571417942886),np.float64(4.91625),
np.float64(0.5145089626312256),np.float64(234.82659754010737),np.float64(4.917),
np.float64(0.5147109031677246),np.float64(234.76042086797167),np.float64(4.917),
np.float64(0.5149319171905518),np.float64(233.88688879578035),np.float64(4.91775),
np.float64(0.5150988101959229),np.float64(233.8339474580718),np.float64(4.91675),
np.float64(0.5152978897094727),np.float64(234.50894951385598),np.float64(4.91675),
np.float64(0.515509843826294),np.float64(234.53542018271028),np.float64(4.917),
np.float64(0.5157060623168945),np.float64(235.1310102319316),np.float64(4.916875),
np.float64(0.5159327983856201),np.float64(234.1251248154689),np.float64(4.91725),
np.float64(0.516110897064209),np.float64(233.75453545150896),np.float64(4.9175),
np.float64(0.5163156986236572),np.float64(233.23835740885045),np.float64(4.917),
np.float64(0.5165059566497803),np.float64(234.07218347776035),np.float64(4.9175),
np.float64(0.5167007446289062),np.float64(233.64865277609184),np.float64(4.917125),
np.float64(0.516942024230957),np.float64(234.13836014989604),np.float64(4.917375),
np.float64(0.5171098709106445),np.float64(233.9927714711975),np.float64(4.917125),
np.float64(0.5173208713531494),np.float64(233.79424145479038),np.float64(4.917),
np.float64(0.5175118446350098),np.float64(233.75453545150896),np.float64(4.917375),
np.float64(0.5177137851715088),np.float64(233.30453408098614),np.float64(4.917),
np.float64(0.517927885055542),np.float64(234.3765961695846),np.float64(4.916625),
np.float64(0.518143892288208),np.float64(234.17806615317747),np.float64(4.917),
np.float64(0.5183348655700684),np.float64(233.97953613677035),np.float64(4.917125),
np.float64(0.5185439586639404),np.float64(234.3898315040117),np.float64(4.915875),
np.float64(0.5187399387359619),np.float64(234.09865414661462),np.float64(4.9175),
np.float64(0.5189659595489502),np.float64(233.87365346135323),np.float64(4.91675),
np.float64(0.51914381980896),np.float64(236.82513303860568),np.float64(4.9145),
np.float64(0.5193479061126709),np.float64(237.68542977636986),np.float64(4.915375),
np.float64(0.5195367336273193),np.float64(236.29571966152002),np.float64(4.916),
np.float64(0.5197298526763916),np.float64(234.77365620239883),np.float64(4.9175),
np.float64(0.519953727722168),np.float64(234.40306683843886),np.float64(4.916875),
np.float64(0.5201320648193359),np.float64(233.9001241302075),np.float64(4.9197500000000005),
np.float64(0.520334005355835),np.float64(230.08834781519087),np.float64(4.91925),
np.float64(0.520521879196167),np.float64(230.8692325463922),np.float64(4.9195),
np.float64(0.5207417011260986),np.float64(231.35893992019643),np.float64(4.917625),
np.float64(0.5209629535675049),np.float64(233.1854160711419),np.float64(4.917125),
np.float64(0.5211338996887207),np.float64(233.3177694154133),np.float64(4.9175),
np.float64(0.521338701248169),np.float64(233.45012275968472),np.float64(4.916875),
np.float64(0.5215327739715576),np.float64(234.2839488285946),np.float64(4.917375),
np.float64(0.5217258930206299),np.float64(234.01924214005177),np.float64(4.91725),
np.float64(0.5219676494598389),np.float64(233.5427701006747),np.float64(4.916625),
np.float64(0.5222487449645996),np.float64(234.24424282531317),np.float64(4.91575),
np.float64(0.5223667621612549),np.float64(235.47512892703728),np.float64(4.916625),
np.float64(0.5225358009338379),np.float64(234.98542155323307),np.float64(4.914625),
np.float64(0.5227339267730713),np.float64(237.69866511079698),np.float64(4.91525),
np.float64(0.5229249000549316),np.float64(234.78689153682595),np.float64(4.917625),
np.float64(0.5231399536132812),np.float64(233.5162994318204),np.float64(4.91675),
np.float64(0.5233488082885742),np.float64(234.17806615317747),np.float64(4.916125),
np.float64(0.5235428810119629),np.float64(235.6074822713087),np.float64(4.91875),
np.float64(0.5237259864807129),np.float64(233.07953339572475),np.float64(4.916125),
np.float64(0.5239548683166504),np.float64(235.7663062844344),np.float64(4.915375),
np.float64(0.5241329669952393),np.float64(236.11042497954006),np.float64(4.91625),
np.float64(0.5243258476257324),np.float64(235.10453956307734),np.float64(4.917),
np.float64(0.5245468616485596),np.float64(233.33100474984045),np.float64(4.91775),
np.float64(0.5247306823730469),np.float64(234.13836014989604),np.float64(4.917625),
np.float64(0.5249478816986084),np.float64(233.569240769529),np.float64(4.9175),
np.float64(0.525108814239502),np.float64(236.66630902548),np.float64(4.914),
np.float64(0.5253229141235352),np.float64(237.76484178293268),np.float64(4.91525),
np.float64(0.5255129337310791),np.float64(236.9310157140228),np.float64(4.91575),
np.float64(0.5257227420806885),np.float64(236.05748364183148),np.float64(4.9165),
np.float64(0.5259449481964111),np.float64(235.2236575729216),np.float64(4.91675),
np.float64(0.526127815246582),np.float64(234.68100886140883),np.float64(4.916625),
np.float64(0.5263190269470215),np.float64(234.27071349416747),np.float64(4.917625),
np.float64(0.5265159606933594),np.float64(231.68982328087495),np.float64(4.9190000000000005),
np.float64(0.5267179012298584),np.float64(231.2927632480607),np.float64(4.9185),
np.float64(0.5269448757171631),np.float64(232.27217799566915),np.float64(4.91775),
np.float64(0.5271279811859131),np.float64(233.7677707859361),np.float64(4.917375),
np.float64(0.5273277759552002),np.float64(233.52953476624756),np.float64(4.9165),
np.float64(0.5275239944458008),np.float64(237.0236630550128),np.float64(4.914),
np.float64(0.527728796005249),np.float64(237.06336905829423),np.float64(4.91625),
np.float64(0.5279197692871094),np.float64(234.61483218927313),np.float64(4.916625),
np.float64(0.5281226634979248),np.float64(234.25747815974032),np.float64(4.91675),
np.float64(0.5283279418945312),np.float64(234.24424282531317),np.float64(4.91725),
np.float64(0.5285239219665527),np.float64(233.48982876296614),np.float64(4.92025),
np.float64(0.5287299156188965),np.float64(229.9030531332109),np.float64(4.9197500000000005),
np.float64(0.5289459228515625),np.float64(230.39276050701514),np.float64(4.919125),
np.float64(0.529120922088623),np.float64(231.8618826284278),np.float64(4.917375),
np.float64(0.5293369293212891),np.float64(233.0927687301519),np.float64(4.91775),
np.float64(0.5295448303222656),np.float64(233.62218210723753),np.float64(4.918125),
np.float64(0.5297520160675049),np.float64(232.444237343222),np.float64(4.91775),
np.float64(0.5299708843231201),np.float64(233.42365209083042),np.float64(4.917375),
np.float64(0.5301299095153809),np.float64(234.62806752370025),np.float64(4.9145),
np.float64(0.5303380489349365),np.float64(237.43395842225416),np.float64(4.913125),
np.float64(0.5305368900299072),np.float64(237.84425378949553),np.float64(4.916375),
np.float64(0.530728816986084),np.float64(235.43542292375588),np.float64(4.915625),
np.float64(0.5309717655181885),np.float64(236.61336768777142),np.float64(4.915),
np.float64(0.5311458110809326),np.float64(237.10307506157565),np.float64(4.91425),
np.float64(0.5313458442687988),np.float64(237.79131245178698),np.float64(4.915625),
np.float64(0.5315430164337158),np.float64(234.9589508843788),np.float64(4.917125),
np.float64(0.5317296981811523),np.float64(233.87365346135323),np.float64(4.916625),
np.float64(0.5319409370422363),np.float64(235.48836426146443),np.float64(4.915375),
np.float64(0.5321478843688965),np.float64(234.8001268712531),np.float64(4.91525),
np.float64(0.5323529243469238),np.float64(236.7324856976157),np.float64(4.914125),
np.float64(0.5325319766998291),np.float64(237.16925173371135),np.float64(4.9155),
np.float64(0.5327410697937012),np.float64(236.8383683730328),np.float64(4.91475),
np.float64(0.532958984375),np.float64(236.60013235334426),np.float64(4.917375),
np.float64(0.5331258773803711),np.float64(232.07364797926203),np.float64(4.9185),
np.float64(0.5333187580108643),np.float64(233.92659479906177),np.float64(4.91525),
np.float64(0.5335390567779541),np.float64(236.8648390418871),np.float64(4.914625),
np.float64(0.5337300300598145),np.float64(237.0898397271485),np.float64(4.914875),
np.float64(0.5339438915252686),np.float64(237.10307506157565),np.float64(4.915625),
np.float64(0.5341386795043945),np.float64(237.11631039600277),np.float64(4.912),
np.float64(0.5343399047851562),np.float64(243.40309424889477),np.float64(4.91075),
np.float64(0.5345337390899658),np.float64(242.1589728127435),np.float64(4.9105),
np.float64(0.5347497463226318),np.float64(241.72220677664785),np.float64(4.913625),
np.float64(0.5350708961486816),np.float64(240.0280839699738),np.float64(4.912),
np.float64(0.5351908206939697),np.float64(239.49867059288817),np.float64(4.9145),
np.float64(0.5353658199310303),np.float64(238.45307917314403),np.float64(4.9165),
np.float64(0.5355398654937744),np.float64(234.0589481433332),np.float64(4.917),
np.float64(0.5357427597045898),np.float64(235.8589536254244),np.float64(4.917),
np.float64(0.5359737873077393),np.float64(233.01335672358906),np.float64(4.918),
np.float64(0.5361487865447998),np.float64(232.7751207039005),np.float64(4.917375),
np.float64(0.5363459587097168),np.float64(232.89423871374478),np.float64(4.918),
np.float64(0.5365447998046875),np.float64(233.27806341213187),np.float64(4.917125),
np.float64(0.5367410182952881),np.float64(233.11923939900618),np.float64(4.9175),
np.float64(0.5369429588317871),np.float64(233.45012275968472),np.float64(4.917),
np.float64(0.5371518135070801),np.float64(232.90747404817193),np.float64(4.9186250000000005),
np.float64(0.5373518466949463),np.float64(231.87511796285492),np.float64(4.9186250000000005),
np.float64(0.5375547409057617),np.float64(232.15305998582488),np.float64(4.918125),
np.float64(0.5377540588378906),np.float64(231.95452996941776),np.float64(4.9182500000000005),
np.float64(0.5379650592803955),np.float64(231.50452859889498),np.float64(4.9186250000000005),
np.float64(0.5381491184234619),np.float64(232.37806067108627),np.float64(4.91875),
np.float64(0.5383410453796387),np.float64(230.4457018447237),np.float64(4.9190000000000005),
np.float64(0.5385558605194092),np.float64(233.78100612036323),np.float64(4.9165),
np.float64(0.5387518405914307),np.float64(234.83983287453452),np.float64(4.916875),
np.float64(0.5389699935913086),np.float64(233.52953476624756),np.float64(4.91725),
np.float64(0.5391459465026855),np.float64(233.39718142197614),np.float64(4.9165),
np.float64(0.5393428802490234),np.float64(236.7060150287614),np.float64(4.9113750000000005),
np.float64(0.5395419597625732),np.float64(242.43691483571348),np.float64(4.9110000000000005),
np.float64(0.5397648811340332),np.float64(241.27220540612507),np.float64(4.9117500000000005),
np.float64(0.539970874786377),np.float64(241.35161741268792),np.float64(4.912),
np.float64(0.5401577949523926),np.float64(239.33984657976248),np.float64(4.91525),
np.float64(0.5403459072113037),np.float64(234.90600954667022),np.float64(4.9165),
np.float64(0.540543794631958),np.float64(235.2236575729216),np.float64(4.9145),
np.float64(0.5407469272613525),np.float64(236.95748638287708),np.float64(4.9145),
np.float64(0.540942907333374),np.float64(237.01042772058565),np.float64(4.915),
np.float64(0.5411548614501953),np.float64(234.9324802155245),np.float64(4.917),
np.float64(0.541334867477417),np.float64(233.88688879578035),np.float64(4.916125),
np.float64(0.54154372215271),np.float64(234.4824788450017),np.float64(4.915625),
np.float64(0.5417358875274658),np.float64(234.3501255007303),np.float64(4.91675),
np.float64(0.5419459342956543),np.float64(233.97953613677035),np.float64(4.916375),
np.float64(0.5421197414398193),np.float64(236.56042635006287),np.float64(4.9135),
np.float64(0.5423400402069092),np.float64(236.40160233693717),np.float64(4.916625),
np.float64(0.5425467491149902),np.float64(234.11188948104177),np.float64(4.915875),
np.float64(0.5427517890930176),np.float64(234.07218347776035),np.float64(4.917125),
np.float64(0.5429689884185791),np.float64(234.323654831876),np.float64(4.91625),
np.float64(0.543144941329956),np.float64(233.48982876296614),np.float64(4.917625),
np.float64(0.5433478355407715),np.float64(230.9618798873822),np.float64(4.9201250000000005),
np.float64(0.5435278415679932),np.float64(228.69863770034107),np.float64(4.919625),
np.float64(0.5437591075897217),np.float64(231.3854105890507),np.float64(4.9165),
np.float64(0.5439698696136475),np.float64(232.16629532025203),np.float64(4.91875),
np.float64(0.5441539287567139),np.float64(231.50452859889498),np.float64(4.918),
np.float64(0.5443518161773682),np.float64(231.9280593005635),np.float64(4.9175),
np.float64(0.5445480346679688),np.float64(232.1001186481163),np.float64(4.9175),
np.float64(0.5447437763214111),np.float64(232.76188536947336),np.float64(4.9175),
np.float64(0.544964075088501),np.float64(233.26482807770472),np.float64(4.91525),
np.float64(0.5451576709747314),np.float64(232.55012001863912),np.float64(4.9205000000000005),
np.float64(0.5453498363494873),np.float64(229.08246239872815),np.float64(4.919625),
np.float64(0.545536994934082),np.float64(228.14275365440116),np.float64(4.92125),
np.float64(0.5457539558410645),np.float64(227.097162234657),np.float64(4.924375),
np.float64(0.5459499359130859),np.float64(221.22067374900638),np.float64(4.926375),
np.float64(0.5461418628692627),np.float64(222.09420582119768),np.float64(4.923625),
np.float64(0.5463409423828125),np.float64(223.80156396229887),np.float64(4.92225),
np.float64(0.5465457439422607),np.float64(227.58686960846123),np.float64(4.9195),
np.float64(0.5467367172241211),np.float64(231.319233916915),np.float64(4.916),
np.float64(0.546942949295044),np.float64(235.36924625162015),np.float64(4.914875),
np.float64(0.547123908996582),np.float64(234.8001268712531),np.float64(4.916875),
np.float64(0.5473227500915527),np.float64(233.86041812692608),np.float64(4.917),
np.float64(0.5475640296936035),np.float64(232.7751207039005),np.float64(4.9165),
np.float64(0.547839879989624),np.float64(236.0177776385501),np.float64(4.91425),
np.float64(0.547982931137085),np.float64(235.448658258183),np.float64(4.917),
np.float64(0.5481588840484619),np.float64(234.3104194974489),np.float64(4.916125),
np.float64(0.5483639240264893),np.float64(234.1251248154689),np.float64(4.91725),
np.float64(0.5485658645629883),np.float64(232.76188536947336),np.float64(4.918125),
np.float64(0.5487499237060547),np.float64(232.6824733629105),np.float64(4.915875),
np.float64(0.5489699840545654),np.float64(235.23689290734876),np.float64(4.91575),
np.float64(0.5491387844085693),np.float64(236.98395705173138),np.float64(4.914875),
np.float64(0.5493578910827637),np.float64(234.68100886140883),np.float64(4.91725),
np.float64(0.5495538711547852),np.float64(233.9663008023432),np.float64(4.914625),
np.float64(0.5497429370880127),np.float64(235.21042223849446),np.float64(4.917),
np.float64(0.5499587059020996),np.float64(233.59571143838326),np.float64(4.91575),
np.float64(0.550128698348999),np.float64(236.91778037959565),np.float64(4.914375),
np.float64(0.5503249168395996),np.float64(235.6074822713087),np.float64(4.915875),
np.float64(0.5505399703979492),np.float64(235.56777626802727),np.float64(4.914),
np.float64(0.5507569313049316),np.float64(239.00896321908394),np.float64(4.91325),
np.float64(0.5509748458862305),np.float64(236.15013098282148),np.float64(4.914125),
np.float64(0.5511369705200195),np.float64(238.13543114689264),np.float64(4.915125),
np.float64(0.551332950592041),np.float64(235.43542292375588),np.float64(4.915875),
np.float64(0.551527738571167),np.float64(232.52364934978485),np.float64(4.919125),
np.float64(0.5517339706420898),np.float64(231.06776256279932),np.float64(4.9193750000000005),
np.float64(0.5519599914550781),np.float64(228.40746034294398),np.float64(4.921375),
np.float64(0.5521337985992432),np.float64(229.7706997889395),np.float64(4.9195),
np.float64(0.5523419380187988),np.float64(229.30746308398955),np.float64(4.919125),
np.float64(0.5525338649749756),np.float64(230.90893854967362),np.float64(4.9185),
np.float64(0.5527248382568359),np.float64(232.85453271046336),np.float64(4.917125),
np.float64(0.5529298782348633),np.float64(233.39718142197614),np.float64(4.91625),
np.float64(0.5531487464904785),np.float64(233.8339474580718),np.float64(4.916875),
np.float64(0.5533428192138672),np.float64(234.1515954843232),np.float64(4.916625),
np.float64(0.5535447597503662),np.float64(233.55600543510184),np.float64(4.91625),
np.float64(0.5537309646606445),np.float64(233.9001241302075),np.float64(4.917),
np.float64(0.5539438724517822),np.float64(233.8074767892175),np.float64(4.916875),
np.float64(0.5541338920593262),np.float64(233.71482944822753),np.float64(4.9165),
np.float64(0.5543248653411865),np.float64(233.34424008426757),np.float64(4.917125),
np.float64(0.5545408725738525),np.float64(233.88688879578035),np.float64(4.916625),
np.float64(0.554818868637085),np.float64(234.03247747447892),np.float64(4.916125),
np.float64(0.5549619197845459),np.float64(234.74718553354452),np.float64(4.917),
np.float64(0.5551469326019287),np.float64(234.82659754010737),np.float64(4.91625),
np.float64(0.5553457736968994),np.float64(235.0913042286502),np.float64(4.91575),
np.float64(0.5555377006530762),np.float64(234.4824788450017),np.float64(4.916625),
np.float64(0.5557386875152588),np.float64(234.76042086797167),np.float64(4.916375),
np.float64(0.5559289455413818),np.float64(235.541305599173),np.float64(4.914625),
np.float64(0.5561320781707764),np.float64(236.69277969433426),np.float64(4.916),
np.float64(0.5563449859619141),np.float64(235.541305599173),np.float64(4.917),
np.float64(0.5565428733825684),np.float64(234.19130148760462),np.float64(4.916125),
np.float64(0.5567388534545898),np.float64(234.74718553354452),np.float64(4.91575),
np.float64(0.5569567680358887),np.float64(235.2898342450573),np.float64(4.916125),
np.float64(0.5571408271789551),np.float64(234.76042086797167),np.float64(4.915625),
np.float64(0.5573539733886719),np.float64(235.62071760573585),np.float64(4.91675),
np.float64(0.557560920715332),np.float64(234.52218484828313),np.float64(4.917),
np.float64(0.5578408241271973),np.float64(234.01924214005177),np.float64(4.917),
np.float64(0.5579760074615479),np.float64(233.92659479906177),np.float64(4.91625),
np.float64(0.5581517219543457),np.float64(234.20453682203174),np.float64(4.91625),
np.float64(0.558344841003418),np.float64(233.95306546791608),np.float64(4.9165),
np.float64(0.5585429668426514),np.float64(234.11188948104177),np.float64(4.91725),
np.float64(0.5587389469146729),np.float64(233.62218210723753),np.float64(4.916625),
np.float64(0.5589468479156494),np.float64(235.1310102319316),np.float64(4.91625),
np.float64(0.5591428279876709),np.float64(234.323654831876),np.float64(4.916625),
np.float64(0.5593488216400146),np.float64(233.5427701006747),np.float64(4.916625),
np.float64(0.5595498085021973),np.float64(233.5162994318204),np.float64(4.91625),
np.float64(0.5598177909851074),np.float64(234.60159685484598),np.float64(4.9165),
np.float64(0.5599648952484131),np.float64(234.69424419583598),np.float64(4.9165),
np.float64(0.5601389408111572),np.float64(234.50894951385598),np.float64(4.916625),
np.float64(0.5603418350219727),np.float64(234.2839488285946),np.float64(4.91575),
np.float64(0.5606520175933838),np.float64(233.92659479906177),np.float64(4.91675),
np.float64(0.5608158111572266),np.float64(234.97218621880592),np.float64(4.91575),
np.float64(0.5609850883483887),np.float64(234.60159685484598),np.float64(4.91725),
np.float64(0.5611648559570312),np.float64(234.08541881218747),np.float64(4.91675),
np.float64(0.5613460540771484),np.float64(234.53542018271028),np.float64(4.916125),
np.float64(0.561546802520752),np.float64(234.40306683843886),np.float64(4.916),
np.float64(0.5617420673370361),np.float64(234.23100749088604),np.float64(4.916375),
np.float64(0.561985969543457),np.float64(234.87953887781595),np.float64(4.9155),
np.float64(0.5621559619903564),np.float64(234.25747815974032),np.float64(4.915875),
np.float64(0.5623557567596436),np.float64(234.25747815974032),np.float64(4.917125),
np.float64(0.5625667572021484),np.float64(234.33689016630316),np.float64(4.91675),
np.float64(0.5628328323364258),np.float64(233.63541744166469),np.float64(4.916875),
np.float64(0.5629909038543701),np.float64(234.19130148760462),np.float64(4.916375),
np.float64(0.5631527900695801),np.float64(234.2839488285946),np.float64(4.916),
np.float64(0.5633687973022461),np.float64(235.42218758932873),np.float64(4.9165),
np.float64(0.5635669231414795),np.float64(234.8927742122431),np.float64(4.916875),
np.float64(0.563762903213501),np.float64(234.53542018271028),np.float64(4.913875),
np.float64(0.5639767646789551),np.float64(237.5795471009527),np.float64(4.91475),
np.float64(0.5641589164733887),np.float64(236.7060150287614),np.float64(4.914625),
np.float64(0.5643749237060547),np.float64(237.3148404124099),np.float64(4.914875),
np.float64(0.5645718574523926),np.float64(236.46777900907287),np.float64(4.9165),
np.float64(0.5648350715637207),np.float64(235.1574809007859),np.float64(4.91625),
np.float64(0.5649740695953369),np.float64(233.6751234449461),np.float64(4.9182500000000005),
np.float64(0.5651559829711914),np.float64(233.29129874655902),np.float64(4.91625),
np.float64(0.5653469562530518),np.float64(234.0589481433332),np.float64(4.917),
np.float64(0.5655636787414551),np.float64(234.24424282531317),np.float64(4.916375),
np.float64(0.5658378601074219),np.float64(234.76042086797167),np.float64(4.915875),
np.float64(0.5660037994384766),np.float64(235.58101160245442),np.float64(4.9165),
np.float64(0.5661859512329102),np.float64(235.39571692047446),np.float64(4.916625),
np.float64(0.5663638114929199),np.float64(234.24424282531317),np.float64(4.916875),
np.float64(0.5665528774261475),np.float64(235.50159959589158),np.float64(4.913875),
np.float64(0.5668179988861084),np.float64(236.94425104844996),np.float64(4.91575),
np.float64(0.5669701099395752),np.float64(236.0177776385501),np.float64(4.915625),
np.float64(0.567147970199585),np.float64(235.01189222208734),np.float64(4.915375),
np.float64(0.5673530101776123),np.float64(235.1839515696402),np.float64(4.917),
np.float64(0.5675408840179443),np.float64(233.05306272687048),np.float64(4.91775),
np.float64(0.5678110122680664),np.float64(232.444237343222),np.float64(4.919125),
np.float64(0.5679409503936768),np.float64(230.92217388410077),np.float64(4.9185),
np.float64(0.5681509971618652),np.float64(232.36482533665915),np.float64(4.917375),
np.float64(0.5683350563049316),np.float64(232.85453271046336),np.float64(4.9175),
np.float64(0.5685539245605469),np.float64(234.94571554995164),np.float64(4.9155),
np.float64(0.568809986114502),np.float64(237.53984109767129),np.float64(4.91525),
np.float64(0.5689709186553955),np.float64(235.72660028115297),np.float64(4.916625),
np.float64(0.5691578388214111),np.float64(235.01189222208734),np.float64(4.917375),
np.float64(0.5693559646606445),np.float64(235.1839515696402),np.float64(4.916),
np.float64(0.56955885887146),np.float64(233.29129874655902),np.float64(4.9195),
np.float64(0.5698127746582031),np.float64(231.57070527103068),np.float64(4.91925),
np.float64(0.569969892501831),np.float64(230.59129052342223),np.float64(4.91875),
np.float64(0.5701439380645752),np.float64(232.24570732681488),np.float64(4.91725),
np.float64(0.5703418254852295),np.float64(233.13247473343333),np.float64(4.91775),
np.float64(0.5705409049987793),np.float64(232.32511933337773),np.float64(4.917375),
np.float64(0.5708179473876953),np.float64(233.03982739244333),np.float64(4.91775),
np.float64(0.5709788799285889),np.float64(233.5824761039561),np.float64(4.917),
np.float64(0.5711719989776611),np.float64(234.3898315040117),np.float64(4.916625),
np.float64(0.5713748931884766),np.float64(234.99865688766022),np.float64(4.91675),
np.float64(0.5715489387512207),np.float64(234.416302172866),np.float64(4.91675),
np.float64(0.5718138217926025),np.float64(234.323654831876),np.float64(4.917125),
np.float64(0.5719690322875977),np.float64(233.84718279249893),np.float64(4.915125),
np.float64(0.5721418857574463),np.float64(235.03836289094164),np.float64(4.917375),
np.float64(0.5723528861999512),np.float64(234.20453682203174),np.float64(4.916375),
np.float64(0.5725588798522949),np.float64(234.74718553354452),np.float64(4.91525),
np.float64(0.5727658271789551),np.float64(236.42807300579145),np.float64(4.915625),
np.float64(0.5729970932006836),np.float64(235.62071760573585),np.float64(4.915375),
np.float64(0.573185920715332),np.float64(235.2236575729216),np.float64(4.915875),
np.float64(0.5734648704528809),np.float64(234.56189085156456),np.float64(4.91625),
np.float64(0.5735828876495361),np.float64(234.29718416302174),np.float64(4.91575),
np.float64(0.5738418102264404),np.float64(235.05159822536876),np.float64(4.9165),
np.float64(0.5739917755126953),np.float64(235.30306957948446),np.float64(4.915875),
np.float64(0.5741589069366455),np.float64(236.38836700251002),np.float64(4.9145),
np.float64(0.5743498802185059),np.float64(236.45454367464572),np.float64(4.916625),
np.float64(0.5745840072631836),np.float64(233.05306272687048),np.float64(4.918),
np.float64(0.5748217105865479),np.float64(233.17218073671475),np.float64(4.917375),
np.float64(0.5750000476837158),np.float64(232.89423871374478),np.float64(4.917),
np.float64(0.5751678943634033),np.float64(234.33689016630316),np.float64(4.916125),
np.float64(0.5753529071807861),np.float64(234.09865414661462),np.float64(4.9175),
np.float64(0.5755519866943359),np.float64(233.82071212364465),np.float64(4.915875),
np.float64(0.5758147239685059),np.float64(234.09865414661462),np.float64(4.9165),
np.float64(0.5759799480438232),np.float64(234.11188948104177),np.float64(4.916625),
np.float64(0.5761499404907227),np.float64(233.9663008023432),np.float64(4.91625),
np.float64(0.5763449668884277),np.float64(236.22954298938433),np.float64(4.914375),
np.float64(0.5765559673309326),np.float64(236.9971923861585),np.float64(4.915125),
np.float64(0.5768177509307861),np.float64(235.40895225490158),np.float64(4.916),
np.float64(0.5769767761230469),np.float64(235.14424556635876),np.float64(4.91575),
np.float64(0.5771687030792236),np.float64(234.416302172866),np.float64(4.916875),
np.float64(0.577380895614624),np.float64(232.48394334650342),np.float64(4.918375),
np.float64(0.5775721073150635),np.float64(232.444237343222),np.float64(4.91675),
np.float64(0.5778229236602783),np.float64(232.00747130712634),np.float64(4.9190000000000005),
np.float64(0.5779697895050049),np.float64(231.62364660873925),np.float64(4.918125),
np.float64(0.5781590938568115),np.float64(232.9339447170262),np.float64(4.9175),
np.float64(0.5783579349517822),np.float64(233.63541744166469),np.float64(4.917375),
np.float64(0.5785508155822754),np.float64(233.2251220744233),np.float64(4.917125),
np.float64(0.5788168907165527),np.float64(233.48982876296614),np.float64(4.917125),
np.float64(0.5789668560028076),np.float64(233.33100474984045),np.float64(4.918),
np.float64(0.5791521072387695),np.float64(233.10600406457905),np.float64(4.91725),
np.float64(0.57936692237854),np.float64(234.13836014989604),np.float64(4.91725),
np.float64(0.5795619487762451),np.float64(233.93983013348893),np.float64(4.91675),
np.float64(0.5798177719116211),np.float64(234.1251248154689),np.float64(4.91675),
np.float64(0.5799808502197266),np.float64(234.1515954843232),np.float64(4.91675),
np.float64(0.5801568031311035),np.float64(234.2839488285946),np.float64(4.9165),
np.float64(0.5803558826446533),np.float64(234.76042086797167),np.float64(4.916),
np.float64(0.5805559158325195),np.float64(234.61483218927313),np.float64(4.917625),
np.float64(0.5808150768280029),np.float64(233.9001241302075),np.float64(4.91675),
np.float64(0.5809757709503174),np.float64(235.32954024833873),np.float64(4.915875),
np.float64(0.5811560153961182),np.float64(235.71336494672582),np.float64(4.915625),
np.float64(0.5813508033752441),np.float64(235.1574809007859),np.float64(4.916625),
np.float64(0.5815699100494385),np.float64(235.2236575729216),np.float64(4.916),
np.float64(0.5818181037902832),np.float64(234.97218621880592),np.float64(4.917),
np.float64(0.5820038318634033),np.float64(234.58836152041883),np.float64(4.916625),
np.float64(0.5821847915649414),np.float64(235.1574809007859),np.float64(4.916),
np.float64(0.582373857498169),np.float64(235.2236575729216),np.float64(4.91625),
np.float64(0.5825867652893066),np.float64(235.3163049139116),np.float64(4.916125),
np.float64(0.5828328132629395),np.float64(234.74718553354452),np.float64(4.917),
np.float64(0.5829727649688721),np.float64(233.97953613677035),np.float64(4.91675),
np.float64(0.5831637382507324),np.float64(233.9001241302075),np.float64(4.91675),
np.float64(0.5833587646484375),np.float64(234.07218347776035),np.float64(4.917),
np.float64(0.5835707187652588),np.float64(234.27071349416747),np.float64(4.917375),
np.float64(0.5838119983673096),np.float64(234.0589481433332),np.float64(4.91675),
np.float64(0.5839788913726807),np.float64(234.16483081875032),np.float64(4.916625),
np.float64(0.5841917991638184),np.float64(233.9927714711975),np.float64(4.91725),
np.float64(0.5843799114227295),np.float64(234.323654831876),np.float64(4.917),
np.float64(0.5845849514007568),np.float64(234.1251248154689),np.float64(4.9175),
np.float64(0.5848329067230225),np.float64(234.61483218927313),np.float64(4.91575),
np.float64(0.5849928855895996),np.float64(236.61336768777142),np.float64(4.913),
np.float64(0.5851609706878662),np.float64(237.18248706813847),np.float64(4.915125),
np.float64(0.5853559970855713),np.float64(235.95160096641436),np.float64(4.91575),
np.float64(0.585568904876709),np.float64(234.66777352698168),np.float64(4.917625),
np.float64(0.5858328342437744),np.float64(233.5824761039561),np.float64(4.9186250000000005),
np.float64(0.5859909057617188),np.float64(231.53099926774925),np.float64(4.9185),
np.float64(0.5863149166107178),np.float64(231.90574304878479),np.float64(4.917125),
np.float64(0.5864276885986328),np.float64(233.4145120934112),np.float64(4.91775),
np.float64(0.5865988731384277),np.float64(232.31602235039372),np.float64(4.918),
np.float64(0.5868380069732666),np.float64(232.21014382094626),np.float64(4.91775),
np.float64(0.5869910717010498),np.float64(232.92482389471664),np.float64(4.91725),
np.float64(0.5871837139129639),np.float64(232.9115890785357),np.float64(4.917625),
np.float64(0.5873808860778809),np.float64(232.80571054908825),np.float64(4.918125),
np.float64(0.5875749588012695),np.float64(232.3027875342128),np.float64(4.917625),
np.float64(0.5878357887268066),np.float64(233.14981576979253),np.float64(4.917125),
np.float64(0.5879929065704346),np.float64(233.33510319632558),np.float64(4.91725),
np.float64(0.5881798267364502),np.float64(233.3483380125065),np.float64(4.917375),
np.float64(0.5883939266204834),np.float64(233.46745135813492),np.float64(4.917125),
np.float64(0.5885918140411377),np.float64(233.11011132124972),np.float64(4.9165),
np.float64(0.5888149738311768),np.float64(234.32771440989558),np.float64(4.916625),
np.float64(0.5889668464660645),np.float64(233.33510319632558),np.float64(4.916875),
np.float64(0.5891828536987305),np.float64(233.81155657883917),np.float64(4.917375),
np.float64(0.5893828868865967),np.float64(235.16150782929435),np.float64(4.915875),
np.float64(0.5895848274230957),np.float64(235.1747426454753),np.float64(4.916875),
np.float64(0.5898349285125732),np.float64(234.59241073351424),np.float64(4.917125),
np.float64(0.5899989604949951),np.float64(234.23507069662904),np.float64(4.917625),
np.float64(0.5901908874511719),np.float64(233.83802621120103),np.float64(4.91675),
np.float64(0.5903759002685547),np.float64(234.6982892629617),np.float64(4.916375),
np.float64(0.590595006942749),np.float64(234.52623665260955),np.float64(4.916875),
np.float64(0.5908248424530029),np.float64(235.05562929984688),np.float64(4.916375),
np.float64(0.5909690856933594),np.float64(234.36741885843836),np.float64(4.9165),
np.float64(0.5911898612976074),np.float64(234.04978327009596),np.float64(4.9175),
np.float64(0.5913729667663574),np.float64(234.5394714687905),np.float64(4.916875),
np.float64(0.5915699005126953),np.float64(233.2292246668781),np.float64(4.9175),
np.float64(0.5918219089508057),np.float64(233.75861731411544),np.float64(4.91575),
np.float64(0.5919899940490723),np.float64(234.44682775552397),np.float64(4.9185),
np.float64(0.592167854309082),np.float64(233.04393724034506),np.float64(4.917375),
np.float64(0.5923728942871094),np.float64(233.52039062285866),np.float64(4.917),
np.float64(0.5928218364715576),np.float64(234.12919216718157),np.float64(4.915625),
np.float64(0.5929999351501465),np.float64(235.86295308688383),np.float64(4.916),
np.float64(0.5931868553161621),np.float64(235.16150782929435),np.float64(4.91625),
np.float64(0.5933938026428223),np.float64(234.6585848144189),np.float64(4.916375),
np.float64(0.5935847759246826),np.float64(234.68505444678075),np.float64(4.916375),
np.float64(0.5938358306884766),np.float64(234.28800996135277),np.float64(4.917),
np.float64(0.5939958095550537),np.float64(233.91743510828664),np.float64(4.91675),
np.float64(0.5941920280456543),np.float64(233.45421654195397),np.float64(4.918),
np.float64(0.5943930149078369),np.float64(231.8263341516992),np.float64(4.91875),
np.float64(0.5945878028869629),np.float64(231.2704718721),np.float64(4.918875),
np.float64(0.5948288440704346),np.float64(232.17043937240345),np.float64(4.917625),
np.float64(0.5950000286102295),np.float64(233.0968765050688),np.float64(4.91725),
np.float64(0.5951919555664062),np.float64(233.67920841702983),np.float64(4.917),
np.float64(0.5953850746154785),np.float64(233.93066992446757),np.float64(4.9165),
np.float64(0.5955839157104492),np.float64(235.7703093736173),np.float64(4.9155),
np.float64(0.5958309173583984),np.float64(236.5643983444733),np.float64(4.915625),
np.float64(0.5959968566894531),np.float64(235.67766566035075),np.float64(4.916375),
np.float64(0.5962009429931641),np.float64(234.9762204027613),np.float64(4.91675),
np.float64(0.5963919162750244),np.float64(234.11595735100065),np.float64(4.918),
np.float64(0.5965909957885742),np.float64(232.60718830637424),np.float64(4.9193750000000005),
np.float64(0.5968267917633057),np.float64(231.01901036466225),np.float64(4.918375),
np.float64(0.5969948768615723),np.float64(231.3498807691856),np.float64(4.9182500000000005),
np.float64(0.5971918106079102),np.float64(232.27631790185092),np.float64(4.918),
np.float64(0.5973880290985107),np.float64(232.5807186740124),np.float64(4.918125),
np.float64(0.5975868701934814),np.float64(233.45421654195397),np.float64(4.915375),
np.float64(0.5978348255157471),np.float64(235.71737010889356),np.float64(4.916625),
np.float64(0.598020076751709),np.float64(234.88357668949476),np.float64(4.9165),
np.float64(0.5981917381286621),np.float64(234.84387224095195),np.float64(4.91675),
np.float64(0.5983879566192627),np.float64(235.0159248513041),np.float64(4.917875),
np.float64(0.5985860824584961),np.float64(234.31447959371462),np.float64(4.916625),
np.float64(0.5988237857818604),np.float64(234.84387224095195),np.float64(4.9165),
np.float64(0.5991017818450928),np.float64(234.8174026085901),np.float64(4.9165),
np.float64(0.5991969108581543),np.float64(234.68505444678075),np.float64(4.91675),
np.float64(0.5993959903717041),np.float64(234.92328113803757),np.float64(4.9165),
np.float64(0.5995829105377197),np.float64(234.24830551280996),np.float64(4.9175),
np.float64(0.5998198986053467),np.float64(234.4600625717049),np.float64(4.9165),
np.float64(0.5999836921691895),np.float64(234.6585848144189),np.float64(4.917125),
np.float64(0.60017991065979),np.float64(233.8247913950201),np.float64(4.91725),
np.float64(0.6003758907318115),np.float64(233.0968765050688),np.float64(4.91725),
np.float64(0.6005799770355225),np.float64(233.61303433612517),np.float64(4.917),
np.float64(0.6008157730102539),np.float64(233.93066992446757),np.float64(4.917),
np.float64(0.6009867191314697),np.float64(234.3012447775337),np.float64(4.917125),
np.float64(0.6011679172515869),np.float64(233.32186838014465),np.float64(4.918),
np.float64(0.6013848781585693),np.float64(233.30863356396372),np.float64(4.917),
np.float64(0.6015698909759521),np.float64(233.49392099049678),np.float64(4.917625),
np.float64(0.601813793182373),np.float64(233.44098172577304),np.float64(4.917),
np.float64(0.6019749641418457),np.float64(237.0540865431678),np.float64(4.9135),
np.float64(0.6021707057952881),np.float64(237.99375849201408),np.float64(4.91425),
np.float64(0.6023709774017334),np.float64(236.86879911663476),np.float64(4.91625),
np.float64(0.6025629043579102),np.float64(234.98945521894223),np.float64(4.916625),
np.float64(0.6028199195861816),np.float64(234.36741885843836),np.float64(4.917),
np.float64(0.6029579639434814),np.float64(233.9439047406485),np.float64(4.9185),
np.float64(0.6031777858734131),np.float64(230.93960146757667),np.float64(4.919875),
np.float64(0.6033787727355957),np.float64(230.30433029089187),np.float64(4.918),
np.float64(0.6035687923431396),np.float64(231.9851519458704),np.float64(4.91675),
np.float64(0.6038236618041992),np.float64(233.30863356396372),np.float64(4.918125),
np.float64(0.603975772857666),np.float64(232.48807496074585),np.float64(4.91775),
np.float64(0.6041719913482666),np.float64(233.28216393160184),np.float64(4.917),
np.float64(0.6043617725372314),np.float64(234.0233136377341),np.float64(4.9165),
np.float64(0.604564905166626),np.float64(234.19536624808623),np.float64(4.9175),
np.float64(0.6048178672790527),np.float64(234.15566179954342),np.float64(4.91575),
np.float64(0.6049940586090088),np.float64(234.39388849080024),np.float64(4.91725),
np.float64(0.6051719188690186),np.float64(233.69244323321078),np.float64(4.9165),
np.float64(0.605374813079834),np.float64(234.63211518205702),np.float64(4.916125),
np.float64(0.6055698394775391),np.float64(233.7056780493917),np.float64(4.9165),
np.float64(0.6058318614959717),np.float64(234.2218358804481),np.float64(4.9165),
np.float64(0.60599684715271),np.float64(234.9365159542185),np.float64(4.91525),
np.float64(0.6061947345733643),np.float64(235.30709080728462),np.float64(4.91575),
np.float64(0.6064050197601318),np.float64(235.32032562346555),np.float64(4.916375),
np.float64(0.6065938472747803),np.float64(235.1350381969325),np.float64(4.9165),
np.float64(0.6068410873413086),np.float64(234.67181963059983),np.float64(4.9165),
np.float64(0.6069979667663574),np.float64(234.27477514517184),np.float64(4.916),
np.float64(0.60719895362854),np.float64(234.3409492260765),np.float64(4.91725),
np.float64(0.6073877811431885),np.float64(233.79832176265825),np.float64(4.916625),
np.float64(0.6075880527496338),np.float64(234.3409492260765),np.float64(4.91625),
np.float64(0.6078341007232666),np.float64(234.84387224095195),np.float64(4.91675),
np.float64(0.6080009937286377),np.float64(233.87773065974383),np.float64(4.916375),
np.float64(0.6081829071044922),np.float64(234.20860106426716),np.float64(4.91725),
np.float64(0.6083779335021973),np.float64(233.32186838014465),np.float64(4.91675),
np.float64(0.6085739135742188),np.float64(233.7850869464773),np.float64(4.9175),
np.float64(0.608814001083374),np.float64(232.8718846299929),np.float64(4.91675),
np.float64(0.6089918613433838),np.float64(233.1895202183353),np.float64(4.917125),
np.float64(0.6091907024383545),np.float64(233.26892911542092),np.float64(4.917625),
np.float64(0.6093816757202148),np.float64(232.8983542623548),np.float64(4.9175),
np.float64(0.6095778942108154),np.float64(233.24245948305904),np.float64(4.91725),
np.float64(0.6098179817199707),np.float64(233.83802621120103),np.float64(4.9165),
np.float64(0.6099779605865479),np.float64(233.97037437301037),np.float64(4.916),
np.float64(0.6101739406585693),np.float64(234.75122852768544),np.float64(4.91575),
np.float64(0.6103839874267578),np.float64(234.36741885843836),np.float64(4.9165),
np.float64(0.6105759143829346),np.float64(233.13658095361157),np.float64(4.917625),
np.float64(0.6108179092407227),np.float64(233.26892911542092),np.float64(4.91625),
np.float64(0.6109848022460938),np.float64(234.1424269833625),np.float64(4.9165),
np.float64(0.6111769676208496),np.float64(233.95713955682945),np.float64(4.916625),
np.float64(0.6113758087158203),np.float64(233.87773065974383),np.float64(4.915875),
np.float64(0.6115880012512207),np.float64(234.83063742477103),np.float64(4.91725),
np.float64(0.6119108200073242),np.float64(233.20275503451626),np.float64(4.91725),
np.float64(0.6120297908782959),np.float64(233.0704068727069),np.float64(4.9175),
np.float64(0.6122028827667236),np.float64(233.3483380125065),np.float64(4.917),
np.float64(0.6124029159545898),np.float64(233.61303433612517),np.float64(4.91775),
np.float64(0.6125979423522949),np.float64(233.12334613743064),np.float64(4.918),
np.float64(0.612839937210083),np.float64(233.14981576979253),np.float64(4.9175),
np.float64(0.6129961013793945),np.float64(234.03654845391503),np.float64(4.9175),
np.float64(0.6131918430328369),np.float64(233.42774690959212),np.float64(4.917125),
np.float64(0.6133968830108643),np.float64(234.3409492260765),np.float64(4.916625),
np.float64(0.613609790802002),np.float64(234.52623665260955),np.float64(4.916625),
np.float64(0.6138348579406738),np.float64(234.4203581231621),np.float64(4.917),
np.float64(0.6140007972717285),np.float64(233.97037437301037),np.float64(4.916875),
np.float64(0.61419677734375),np.float64(234.79093297622822),np.float64(4.9165),
np.float64(0.6143736839294434),np.float64(236.0879449619597),np.float64(4.916875),
np.float64(0.6146039962768555),np.float64(234.51300183642863),np.float64(4.916625),
np.float64(0.6148419380187988),np.float64(234.44682775552397),np.float64(4.91625),
np.float64(0.615001916885376),np.float64(234.60564554969517),np.float64(4.916625),
np.float64(0.6151919364929199),np.float64(234.2615403289909),np.float64(4.91625),
np.float64(0.6154108047485352),np.float64(236.0879449619597),np.float64(4.9135),
np.float64(0.6156101226806641),np.float64(237.31878286678648),np.float64(4.915625),
np.float64(0.6158359050750732),np.float64(236.8820339328157),np.float64(4.91675),
np.float64(0.6160049438476562),np.float64(235.6114915794461),np.float64(4.915),
np.float64(0.6161971092224121),np.float64(235.50561304999863),np.float64(4.9182500000000005),
np.float64(0.6163809299468994),np.float64(230.89989701903386),np.float64(4.919625),
np.float64(0.6165988445281982),np.float64(231.23076742355718),np.float64(4.919125),
np.float64(0.6168107986450195),np.float64(231.7469252546136),np.float64(4.9185),
np.float64(0.6169750690460205),np.float64(232.17043937240345),np.float64(4.918),
np.float64(0.6171927452087402),np.float64(231.90574304878479),np.float64(4.918125),
np.float64(0.61739182472229),np.float64(232.13073492386064),np.float64(4.9182500000000005),
np.float64(0.6175837516784668),np.float64(233.26892911542092),np.float64(4.917625),
np.float64(0.6178128719329834),np.float64(233.14981576979253),np.float64(4.917875),
np.float64(0.6179978847503662),np.float64(234.1424269833625),np.float64(4.91625),
np.float64(0.6181738376617432),np.float64(236.33940646939743),np.float64(4.914375),
np.float64(0.6183700561523438),np.float64(236.6041027930161),np.float64(4.915625),
np.float64(0.6185867786407471),np.float64(235.0953337483897),np.float64(4.916625),
np.float64(0.6188068389892578),np.float64(234.52623665260955),np.float64(4.917125),
np.float64(0.6189837455749512),np.float64(233.1895202183353),np.float64(4.9195),
np.float64(0.619175910949707),np.float64(230.58226143069146),np.float64(4.9186250000000005),
np.float64(0.6193768978118896),np.float64(230.92636665139574),np.float64(4.919875),
np.float64(0.6195781230926514),np.float64(231.0322451808432),np.float64(4.91875),
np.float64(0.6198129653930664),np.float64(233.26892911542092),np.float64(4.917),
np.float64(0.6199779510498047),np.float64(233.30863356396372),np.float64(4.918),
np.float64(0.6201677322387695),np.float64(232.52777940928866),np.float64(4.918),
np.float64(0.6203880310058594),np.float64(233.1895202183353),np.float64(4.91775),
np.float64(0.6205868721008301),np.float64(232.51454459310773),np.float64(4.91775),
np.float64(0.6208128929138184),np.float64(232.68659720345985),np.float64(4.91775),
np.float64(0.6209859848022461),np.float64(233.40127727723024),np.float64(4.917625),
np.float64(0.6211869716644287),np.float64(233.24245948305904),np.float64(4.91725),
np.float64(0.6213738918304443),np.float64(233.37480764486838),np.float64(4.917625),
np.float64(0.6215920448303223),np.float64(233.33510319632558),np.float64(4.918),
np.float64(0.6218180656433105),np.float64(233.52039062285866),np.float64(4.917625),
np.float64(0.621978759765625),np.float64(233.85126102738198),np.float64(4.917625),
np.float64(0.622189998626709),np.float64(234.47329738788582),np.float64(4.9165),
np.float64(0.6224188804626465),np.float64(234.15566179954342),np.float64(4.918125),
np.float64(0.622614860534668),np.float64(233.52039062285866),np.float64(4.91625),
np.float64(0.622852087020874),np.float64(235.53208268236048),np.float64(4.915875),
np.float64(0.6230089664459229),np.float64(234.91004632185664),np.float64(4.9165),
np.float64(0.6232187747955322),np.float64(234.5394714687905),np.float64(4.917),
np.float64(0.6234009265899658),np.float64(234.1027225348197),np.float64(4.918),
np.float64(0.6236059665679932),np.float64(233.7850869464773),np.float64(4.9175),
np.float64(0.623837947845459),np.float64(234.3409492260765),np.float64(4.9165),
np.float64(0.6240208148956299),np.float64(234.55270628497144),np.float64(4.915875),
np.float64(0.6242098808288574),np.float64(235.21444709401808),np.float64(4.916875),
np.float64(0.624398946762085),np.float64(233.85126102738198),np.float64(4.91725),
np.float64(0.6246640682220459),np.float64(234.2615403289909),np.float64(4.9165),
np.float64(0.6248188018798828),np.float64(234.79093297622822),np.float64(4.9165),
np.float64(0.6250038146972656),np.float64(234.03654845391503),np.float64(4.9165),
np.float64(0.6251828670501709),np.float64(233.46745135813492),np.float64(4.918375),
np.float64(0.6254000663757324),np.float64(233.25569429924),np.float64(4.91725),
np.float64(0.6256008148193359),np.float64(233.93066992446757),np.float64(4.9175),
np.float64(0.6258258819580078),np.float64(234.15566179954342),np.float64(4.91625),
np.float64(0.6259980201721191),np.float64(234.55270628497144),np.float64(4.9165),
np.float64(0.6262028217315674),np.float64(233.9439047406485),np.float64(4.91725),
np.float64(0.6263878345489502),np.float64(233.30863356396372),np.float64(4.91625),
np.float64(0.6265859603881836),np.float64(235.2541515425609),np.float64(4.915),
np.float64(0.6268148422241211),np.float64(235.38649970437024),np.float64(4.9155),
np.float64(0.6270020008087158),np.float64(235.12180338075157),np.float64(4.916),
np.float64(0.6272008419036865),np.float64(234.6188803658761),np.float64(4.916125),
np.float64(0.627410888671875),np.float64(234.15566179954342),np.float64(4.91625),
np.float64(0.6275918483734131),np.float64(234.03654845391503),np.float64(4.916),
np.float64(0.6278109550476074),np.float64(234.12919216718157),np.float64(4.91625),
np.float64(0.6279947757720947),np.float64(234.01007882155318),np.float64(4.91625),
np.float64(0.6281898021697998),np.float64(233.91743510828664),np.float64(4.916375),
np.float64(0.6284198760986328),np.float64(233.62626915230612),np.float64(4.9165),
np.float64(0.6286168098449707),np.float64(234.19536624808623),np.float64(4.9165),
np.float64(0.628835916519165),np.float64(234.28800996135277),np.float64(4.91675),
np.float64(0.6290128231048584),np.float64(233.5468602552205),np.float64(4.917),
np.float64(0.6292119026184082),np.float64(232.50130977692677),np.float64(4.918),
np.float64(0.629410982131958),np.float64(231.73369043843266),np.float64(4.917125),
np.float64(0.6295928955078125),np.float64(233.21598985069718),np.float64(4.917375),
np.float64(0.6298339366912842),np.float64(233.4145120934112),np.float64(4.915875),
np.float64(0.6300168037414551),np.float64(234.08948771863876),np.float64(4.917),
np.float64(0.6302199363708496),np.float64(233.73214768175356),np.float64(4.91675),
np.float64(0.6304209232330322),np.float64(233.9836091891913),np.float64(4.91625),
np.float64(0.630612850189209),np.float64(235.12180338075157),np.float64(4.914625),
np.float64(0.6308348178863525),np.float64(236.82909466809195),np.float64(4.9165),
np.float64(0.6310169696807861),np.float64(235.9291271677885),np.float64(4.9135),
np.float64(0.6312129497528076),np.float64(236.6041027930161),np.float64(4.9155),
np.float64(0.631417989730835),np.float64(235.4526737852749),np.float64(4.915375),
np.float64(0.6316118240356445),np.float64(234.56594110115236),np.float64(4.917),
np.float64(0.6318347454071045),np.float64(232.64689275491705),np.float64(4.917125),
np.float64(0.6320099830627441),np.float64(232.48807496074585),np.float64(4.917625),
np.float64(0.6322197914123535),np.float64(232.8718846299929),np.float64(4.917),
np.float64(0.6324079036712646),np.float64(234.0233136377341),np.float64(4.915875),
np.float64(0.632612943649292),np.float64(234.4600625717049),np.float64(4.915375),
np.float64(0.6328318119049072),np.float64(235.51884786617956),np.float64(4.915875),
np.float64(0.6329948902130127),np.float64(233.73214768175356),np.float64(4.916125),
np.float64(0.6331896781921387),np.float64(234.20860106426716),np.float64(4.916375),
np.float64(0.6333937644958496),np.float64(233.95713955682945),np.float64(4.915875),
np.float64(0.633591890335083),np.float64(234.43359293934304),np.float64(4.916875),
np.float64(0.6338229179382324),np.float64(233.24245948305904),np.float64(4.917125),
np.float64(0.6340217590332031),np.float64(233.71891286557263),np.float64(4.917),
np.float64(0.6342167854309082),np.float64(234.16889661572438),np.float64(4.91725),
np.float64(0.6344029903411865),np.float64(233.87773065974383),np.float64(4.9165),
np.float64(0.6346197128295898),np.float64(234.20860106426716),np.float64(4.91625),
np.float64(0.6348409652709961),np.float64(234.27477514517184),np.float64(4.91575),
np.float64(0.6350088119506836),np.float64(236.3791109179402),np.float64(4.91325),
np.float64(0.635199785232544),np.float64(236.82909466809195),np.float64(4.91675),
np.float64(0.6354098320007324),np.float64(235.55855231472236),np.float64(4.915125),
np.float64(0.6356000900268555),np.float64(234.87034187331383),np.float64(4.916625),
np.float64(0.6358277797698975),np.float64(233.62626915230612),np.float64(4.91775),
np.float64(0.6360278129577637),np.float64(231.38958521772838),np.float64(4.918),
np.float64(0.636218786239624),np.float64(231.53516819571865),np.float64(4.918375),
np.float64(0.6364178657531738),np.float64(231.9851519458704),np.float64(4.916),
np.float64(0.6365978717803955),np.float64(233.36157282868746),np.float64(4.917625),
np.float64(0.6368229389190674),np.float64(232.19690900476533),np.float64(4.9175),
np.float64(0.6370029449462891),np.float64(232.76600610054544),np.float64(4.91675),
np.float64(0.6372108459472656),np.float64(233.3880424610493),np.float64(4.917875),
np.float64(0.637509822845459),np.float64(233.0704068727069),np.float64(4.9175),
np.float64(0.6376228332519531),np.float64(232.88511944617386),np.float64(4.91675),
np.float64(0.6378400325775146),np.float64(233.36157282868746),np.float64(4.91675),
np.float64(0.6380228996276855),np.float64(233.73214768175356),np.float64(4.917125),
np.float64(0.6382229328155518),np.float64(233.77185213029637),np.float64(4.91625),
np.float64(0.6384098529815674),np.float64(233.95713955682945),np.float64(4.917),
np.float64(0.6386098861694336),np.float64(233.46745135813492),np.float64(4.91625),
np.float64(0.6388349533081055),np.float64(234.08948771863876),np.float64(4.916625),
np.float64(0.6390318870544434),np.float64(233.83802621120103),np.float64(4.917),
np.float64(0.639197826385498),np.float64(233.8247913950201),np.float64(4.916125),
np.float64(0.6393978595733643),np.float64(235.70413529271264),np.float64(4.9155),
np.float64(0.6396148204803467),np.float64(235.26738635874182),np.float64(4.9155),
np.float64(0.6398329734802246),np.float64(235.04239448366596),np.float64(4.915375),
np.float64(0.6400260925292969),np.float64(234.5394714687905),np.float64(4.91625),
np.float64(0.6402180194854736),np.float64(234.0233136377341),np.float64(4.9165),
np.float64(0.6404008865356445),np.float64(234.4203581231621),np.float64(4.9155),
np.float64(0.640610933303833),np.float64(235.04239448366596),np.float64(4.917875),
np.float64(0.6408298015594482),np.float64(234.2218358804481),np.float64(4.915625),
np.float64(0.6409978866577148),np.float64(235.1350381969325),np.float64(4.916625),
np.float64(0.641218900680542),np.float64(233.44098172577304),np.float64(4.918),
np.float64(0.6413917541503906),np.float64(232.52777940928866),np.float64(4.91675),
np.float64(0.6416099071502686),np.float64(233.74538249793451),np.float64(4.917),
np.float64(0.6418149471282959),np.float64(233.14981576979253),np.float64(4.916375),
np.float64(0.6420059204101562),np.float64(233.73214768175356),np.float64(4.91575),
np.float64(0.6422028541564941),np.float64(233.46745135813492),np.float64(4.9165),
np.float64(0.642399787902832),np.float64(233.73214768175356),np.float64(4.9165),
np.float64(0.6426119804382324),np.float64(233.93066992446757),np.float64(4.9165),
np.float64(0.6428279876708984),np.float64(233.0704068727069),np.float64(4.917),
np.float64(0.6430239677429199),np.float64(235.16150782929435),np.float64(4.915),
np.float64(0.6432218551635742),np.float64(236.8952687489966),np.float64(4.914625),
np.float64(0.6434109210968018),np.float64(235.9688316163313),np.float64(4.916),
np.float64(0.643622875213623),np.float64(234.98945521894223),np.float64(4.915375),
np.float64(0.6438357830047607),np.float64(234.3012447775337),np.float64(4.91625),
np.float64(0.6440238952636719),np.float64(232.1439697400416),np.float64(4.918125),
np.float64(0.6442198753356934),np.float64(231.97191712968944),np.float64(4.918),
np.float64(0.6444158554077148),np.float64(232.21014382094626),np.float64(4.918),
np.float64(0.6446220874786377),np.float64(231.85280378406105),np.float64(4.918),
np.float64(0.644834041595459),np.float64(232.52777940928866),np.float64(4.9182500000000005),
np.float64(0.6450009346008301),np.float64(232.48807496074585),np.float64(4.917),
np.float64(0.645197868347168),np.float64(233.65273878466797),np.float64(4.91625),
np.float64(0.645392894744873),np.float64(234.1821314319053),np.float64(4.915875),
np.float64(0.6456108093261719),np.float64(233.95713955682945),np.float64(4.917),
np.float64(0.6458208560943604),np.float64(233.25569429924),np.float64(4.917125),
np.float64(0.6459958553314209),np.float64(233.17628540215438),np.float64(4.917125),
np.float64(0.6462020874023438),np.float64(233.8644958435629),np.float64(4.917),
np.float64(0.6464159488677979),np.float64(233.56009507140143),np.float64(4.91725),
np.float64(0.646608829498291),np.float64(233.0307024241641),np.float64(4.917625),
np.float64(0.6468148231506348),np.float64(233.29539874778277),np.float64(4.917125),
np.float64(0.6469979286193848),np.float64(233.44098172577304),np.float64(4.9165),
np.float64(0.647197961807251),np.float64(234.04978327009596),np.float64(4.9175),
np.float64(0.647413969039917),np.float64(233.29539874778277),np.float64(4.91725),
np.float64(0.6476099491119385),np.float64(233.48068617431585),np.float64(4.9155),
np.float64(0.6478118896484375),np.float64(235.54531749854144),np.float64(4.915375),
np.float64(0.6479856967926025),np.float64(235.6511960279889),np.float64(4.9165),
np.float64(0.648205041885376),np.float64(234.16889661572438),np.float64(4.9175),
np.float64(0.6484248638153076),np.float64(233.42774690959212),np.float64(4.918125),
np.float64(0.6486010551452637),np.float64(232.97776315944037),np.float64(4.917375),
np.float64(0.6488261222839355),np.float64(233.8247913950201),np.float64(4.915625),
np.float64(0.6490018367767334),np.float64(234.94975077039942),np.float64(4.917),
np.float64(0.649198055267334),np.float64(234.20860106426716),np.float64(4.91675),
np.float64(0.6494147777557373),np.float64(234.7379937115045),np.float64(4.917),
np.float64(0.649616003036499),np.float64(234.36741885843836),np.float64(4.917),
np.float64(0.6498117446899414),np.float64(233.28216393160184),np.float64(4.917625),
np.float64(0.6499979496002197),np.float64(233.17628540215438),np.float64(4.91725),
np.float64(0.650256872177124),np.float64(234.0233136377341),np.float64(4.91625),
np.float64(0.6504268646240234),np.float64(234.1027225348197),np.float64(4.916625),
np.float64(0.6506049633026123),np.float64(234.12919216718157),np.float64(4.91725),
np.float64(0.650810718536377),np.float64(233.30863356396372),np.float64(4.917125),
np.float64(0.6510047912597656),np.float64(233.20275503451626),np.float64(4.917),
np.float64(0.6512050628662109),np.float64(233.77185213029637),np.float64(4.917375),
np.float64(0.6514279842376709),np.float64(233.67920841702983),np.float64(4.917),
np.float64(0.6516311168670654),np.float64(235.22768191019904),np.float64(4.914),
np.float64(0.6518130302429199),np.float64(236.9217383813585),np.float64(4.915875),
np.float64(0.6520397663116455),np.float64(235.18797746165623),np.float64(4.915375),
np.float64(0.6522369384765625),np.float64(235.34679525582743),np.float64(4.916375),
np.float64(0.6524510383605957),np.float64(233.5733298875824),np.float64(4.918),
np.float64(0.6526298522949219),np.float64(234.48653220406678),np.float64(4.9155),
np.float64(0.6528339385986328),np.float64(235.87618790306476),np.float64(4.918),
np.float64(0.6530258655548096),np.float64(230.06610359963506),np.float64(4.9185),
np.float64(0.653221845626831),np.float64(231.16459334265252),np.float64(4.9182500000000005),
np.float64(0.6534347534179688),np.float64(231.83956896788013),np.float64(4.9175),
np.float64(0.6536309719085693),np.float64(233.20275503451626),np.float64(4.91675),
np.float64(0.6538329124450684),np.float64(234.23507069662904),np.float64(4.917625),
np.float64(0.6540319919586182),np.float64(233.33510319632558),np.float64(4.917125),
np.float64(0.6542339324951172),np.float64(233.61303433612517),np.float64(4.917),
np.float64(0.654437780380249),np.float64(233.17628540215438),np.float64(4.9175),
np.float64(0.6546297073364258),np.float64(233.05717205652599),np.float64(4.917625),
np.float64(0.6548159122467041),np.float64(232.67336238727893),np.float64(4.91725),
np.float64(0.6550109386444092),np.float64(233.48068617431585),np.float64(4.917125),
np.float64(0.6552078723907471),np.float64(233.67920841702983),np.float64(4.9165),
np.float64(0.6554369926452637),np.float64(234.56594110115236),np.float64(4.915875),
np.float64(0.655632734298706),np.float64(234.23507069662904),np.float64(4.916125),
np.float64(0.6558346748352051),np.float64(234.48653220406678),np.float64(4.91675),
np.float64(0.6560378074645996),np.float64(235.3335604396465),np.float64(4.9145),
np.float64(0.6562397480010986),np.float64(236.51145907974956),np.float64(4.915125),
np.float64(0.656437873840332),np.float64(235.42620415291302),np.float64(4.916125),
np.float64(0.6566329002380371),np.float64(234.04978327009596),np.float64(4.917),
np.float64(0.6568338871002197),np.float64(234.04978327009596),np.float64(4.9165),
np.float64(0.6570348739624023),np.float64(234.3409492260765),np.float64(4.91675),
np.float64(0.6572279930114746),np.float64(234.68505444678075),np.float64(4.9155),
np.float64(0.6574289798736572),np.float64(234.96298558658037),np.float64(4.916),
np.float64(0.6576199531555176),np.float64(234.8174026085901),np.float64(4.9165),
np.float64(0.657843828201294),np.float64(234.28800996135277),np.float64(4.917125),
np.float64(0.6580169200897217),np.float64(234.12919216718157),np.float64(4.915625),
np.float64(0.658214807510376),np.float64(234.23507069662904),np.float64(4.91675),
np.float64(0.6584129333496094),np.float64(233.87773065974383),np.float64(4.91675),
np.float64(0.6586129665374756),np.float64(233.75861731411544),np.float64(4.917),
np.float64(0.6588189601898193),np.float64(233.58656470376332),np.float64(4.917625),
np.float64(0.6590189933776855),np.float64(233.75861731411544),np.float64(4.91675),
np.float64(0.6592178344726562),np.float64(234.35418404225743),np.float64(4.916),
np.float64(0.6594080924987793),np.float64(234.01007882155318),np.float64(4.91675),
np.float64(0.65960693359375),np.float64(234.0630180862769),np.float64(4.91675),
np.float64(0.659822940826416),np.float64(234.12919216718157),np.float64(4.917),
np.float64(0.6600167751312256),np.float64(234.94975077039942),np.float64(4.915875),
np.float64(0.6602180004119873),np.float64(235.26738635874182),np.float64(4.91575),
np.float64(0.6604208946228027),np.float64(235.05562929984688),np.float64(4.916125),
np.float64(0.6606178283691406),np.float64(234.59241073351424),np.float64(4.916125),
np.float64(0.6608197689056396),np.float64(234.51300183642863),np.float64(4.91625),
np.float64(0.6610198020935059),np.float64(233.77185213029637),np.float64(4.916125),
np.float64(0.6612238883972168),np.float64(234.28800996135277),np.float64(4.916),
np.float64(0.66141676902771),np.float64(234.24830551280996),np.float64(4.916375),
np.float64(0.6616158485412598),np.float64(234.1027225348197),np.float64(4.9165),
np.float64(0.6618468761444092),np.float64(233.81155657883917),np.float64(4.9165),
np.float64(0.6620447635650635),np.float64(233.49392099049678),np.float64(4.918125),
np.float64(0.6622378826141357),np.float64(233.29539874778277),np.float64(4.91725),
np.float64(0.6624197959899902),np.float64(232.68659720345985),np.float64(4.917),
np.float64(0.6626198291778564),np.float64(232.95129352707852),np.float64(4.91775),
np.float64(0.6628317832946777),np.float64(232.79247573290732),np.float64(4.916875),
np.float64(0.6631448268890381),np.float64(233.0307024241641),np.float64(4.917125),
np.float64(0.6632587909698486),np.float64(234.11595735100065),np.float64(4.91625),
np.float64(0.6634149551391602),np.float64(234.01007882155318),np.float64(4.91625),
np.float64(0.6636247634887695),np.float64(234.16889661572438),np.float64(4.916),
np.float64(0.663841962814331),np.float64(235.9688316163313),np.float64(4.91425),
np.float64(0.6640369892120361),np.float64(237.5305399256814),np.float64(4.91525),
np.float64(0.6642398834228516),np.float64(235.94236198396942),np.float64(4.91625),
np.float64(0.6644368171691895),np.float64(236.04824051341689),np.float64(4.9145),
np.float64(0.6646339893341064),np.float64(236.59086797683514),np.float64(4.91475),
np.float64(0.6648340225219727),np.float64(235.22768191019904),np.float64(4.915875),
np.float64(0.6650390625),np.float64(231.32341113682372),np.float64(4.919125),
np.float64(0.6652348041534424),np.float64(231.37635040154746),np.float64(4.9186250000000005),
np.float64(0.66544508934021),np.float64(232.48807496074585),np.float64(4.91675),
np.float64(0.6656448841094971),np.float64(234.44682775552397),np.float64(4.91575),
np.float64(0.6658408641815186),np.float64(234.84387224095195),np.float64(4.916375),
np.float64(0.6660408973693848),np.float64(234.3409492260765),np.float64(4.91725),
np.float64(0.6662356853485107),np.float64(234.5394714687905),np.float64(4.916125),
np.float64(0.6664218902587891),np.float64(234.47329738788582),np.float64(4.916),
np.float64(0.6666128635406494),np.float64(234.0630180862769),np.float64(4.916875),
np.float64(0.6668148040771484),np.float64(234.12919216718157),np.float64(4.91725),
np.float64(0.6670219898223877),np.float64(233.52039062285866),np.float64(4.916625),
np.float64(0.6672189235687256),np.float64(235.05562929984688),np.float64(4.916875),
np.float64(0.667435884475708),np.float64(234.1821314319053),np.float64(4.916375),
np.float64(0.6676421165466309),np.float64(234.68505444678075),np.float64(4.91725),
np.float64(0.6678309440612793),np.float64(233.46745135813492),np.float64(4.91725),
np.float64(0.6680397987365723),np.float64(234.16889661572438),np.float64(4.91575),
np.float64(0.6682207584381104),np.float64(234.80416779240917),np.float64(4.916625),
np.float64(0.668410062789917),np.float64(234.1027225348197),np.float64(4.915),
np.float64(0.66861891746521),np.float64(237.5570095580433),np.float64(4.91525),
np.float64(0.6688177585601807),np.float64(236.9217383813585),np.float64(4.915625),
np.float64(0.6690239906311035),np.float64(235.59825676326517),np.float64(4.91525),
np.float64(0.6692237854003906),np.float64(235.30709080728462),np.float64(4.9165),
np.float64(0.6694157123565674),np.float64(234.9365159542185),np.float64(4.91625),
np.float64(0.6696150302886963),np.float64(233.30863356396372),np.float64(4.9205000000000005),
np.float64(0.6698098182678223),np.float64(230.26462584234906),np.float64(4.9186250000000005),
np.float64(0.6700127124786377),np.float64(232.09103047531787),np.float64(4.917),
np.float64(0.6702098846435547),np.float64(233.3880424610493),np.float64(4.917625),
np.float64(0.6704258918762207),np.float64(233.67920841702983),np.float64(4.917),
np.float64(0.6706259250640869),np.float64(233.5071558066777),np.float64(4.91725),
np.float64(0.6708278656005859),np.float64(233.79832176265825),np.float64(4.91675),
np.float64(0.671015739440918),np.float64(233.65273878466797),np.float64(4.917125),
np.float64(0.6712179183959961),np.float64(233.6659736008489),np.float64(4.917),
np.float64(0.6714076995849609),np.float64(234.03654845391503),np.float64(4.917125),
np.float64(0.6716039180755615),np.float64(234.2615403289909),np.float64(4.917),
np.float64(0.6718258857727051),np.float64(233.74538249793451),np.float64(4.9175),
np.float64(0.6720278263092041),np.float64(234.03654845391503),np.float64(4.917125),
np.float64(0.6722180843353271),np.float64(234.15566179954342),np.float64(4.91675),
np.float64(0.6724216938018799),np.float64(233.75861731411544),np.float64(4.917125),
np.float64(0.6726179122924805),np.float64(234.15566179954342),np.float64(4.9155),
np.float64(0.6728119850158691),np.float64(236.98791246226315),np.float64(4.91525),
np.float64(0.6730129718780518),np.float64(235.91589235160757),np.float64(4.91625),
np.float64(0.6732237339019775),np.float64(234.47329738788582),np.float64(4.917),
np.float64(0.6734199523925781),np.float64(234.5791759173333),np.float64(4.91675),
np.float64(0.6736228466033936),np.float64(234.7776981600473),np.float64(4.915875),
np.float64(0.6738228797912598),np.float64(234.91004632185664),np.float64(4.91575),
np.float64(0.6740200519561768),np.float64(234.87034187331383),np.float64(4.916625),
np.float64(0.6742539405822754),np.float64(234.12919216718157),np.float64(4.917125),
np.float64(0.6744399070739746),np.float64(233.75861731411544),np.float64(4.917625),
np.float64(0.6746208667755127),np.float64(233.0968765050688),np.float64(4.917375),
np.float64(0.6748299598693848),np.float64(233.59979951994424),np.float64(4.917625),
np.float64(0.675023078918457),np.float64(233.5468602552205),np.float64(4.91725),
np.float64(0.6752288341522217),np.float64(233.71891286557263),np.float64(4.9165),
np.float64(0.6754298210144043),np.float64(234.51300183642863),np.float64(4.916375),
np.float64(0.6756348609924316),np.float64(234.63211518205702),np.float64(4.917625),
np.float64(0.675879716873169),np.float64(234.24830551280996),np.float64(4.91675),
np.float64(0.6760518550872803),np.float64(233.91743510828664),np.float64(4.917375),
np.float64(0.67622971534729),np.float64(234.0630180862769),np.float64(4.917375),
np.float64(0.6764209270477295),np.float64(233.89096547592476),np.float64(4.91725),
np.float64(0.6766188144683838),np.float64(236.220293123769),np.float64(4.914625),
np.float64(0.6768198013305664),np.float64(237.0408517269869),np.float64(4.9165),
np.float64(0.6770248413085938),np.float64(235.53208268236048),np.float64(4.9165),
np.float64(0.677238941192627),np.float64(234.84387224095195),np.float64(4.917375),
np.float64(0.6774389743804932),np.float64(234.6188803658761),np.float64(4.917),
np.float64(0.6776309013366699),np.float64(234.1027225348197),np.float64(4.919875),
np.float64(0.6778268814086914),np.float64(229.78817245983547),np.float64(4.9193750000000005),
np.float64(0.6780457496643066),np.float64(231.08518444556694),np.float64(4.9185),
np.float64(0.6782457828521729),np.float64(232.84541499763105),np.float64(4.9185),
np.float64(0.6784570217132568),np.float64(233.20275503451626),np.float64(4.917875),
np.float64(0.6786558628082275),np.float64(232.95129352707852),np.float64(4.91725),
np.float64(0.6788468360900879),np.float64(233.56009507140143),np.float64(4.917375),
np.float64(0.6790487766265869),np.float64(233.01746760798318),np.float64(4.9182500000000005),
np.float64(0.6792397499084473),np.float64(232.76600610054544),np.float64(4.917),
np.float64(0.6794490814208984),np.float64(233.79832176265825),np.float64(4.917125),
np.float64(0.6796488761901855),np.float64(234.01007882155318),np.float64(4.9175),
np.float64(0.6798467636108398),np.float64(234.35418404225743),np.float64(4.918),
np.float64(0.6800539493560791),np.float64(233.36157282868746),np.float64(4.917625),
np.float64(0.6802499294281006),np.float64(233.81155657883917),np.float64(4.917375),
np.float64(0.6804468631744385),np.float64(234.0630180862769),np.float64(4.915875),
np.float64(0.6806478500366211),np.float64(234.56594110115236),np.float64(4.917),
np.float64(0.6808419227600098),np.float64(234.23507069662904),np.float64(4.91725),
np.float64(0.6810438632965088),np.float64(234.4997670202477),np.float64(4.91575),
np.float64(0.6812520027160645),np.float64(235.2938559911037),np.float64(4.916375),
np.float64(0.681466817855835),np.float64(234.9365159542185),np.float64(4.9165),
np.float64(0.6816527843475342),np.float64(234.40712330698116),np.float64(4.91775),
np.float64(0.6818528175354004),np.float64(233.52039062285866),np.float64(4.917375),
np.float64(0.6820447444915771),np.float64(233.67920841702983),np.float64(4.91725),
np.float64(0.6822428703308105),np.float64(234.60564554969517),np.float64(4.91675),
np.float64(0.6824350357055664),np.float64(234.51300183642863),np.float64(4.91675),
np.float64(0.682654857635498),np.float64(234.68505444678075),np.float64(4.917),
np.float64(0.6828598976135254),np.float64(234.2615403289909),np.float64(4.917375),
np.float64(0.6830377578735352),np.float64(234.31447959371462),np.float64(4.918),
np.float64(0.6832308769226074),np.float64(233.14981576979253),np.float64(4.918),
np.float64(0.6834290027618408),np.float64(233.52039062285866),np.float64(4.91775),
np.float64(0.6836278438568115),np.float64(233.73214768175356),np.float64(4.916875),
np.float64(0.6838209629058838),np.float64(234.80416779240917),np.float64(4.916875),
np.float64(0.6840648651123047),np.float64(234.1027225348197),np.float64(4.91675),
np.float64(0.684255838394165),np.float64(234.55270628497144),np.float64(4.917),
np.float64(0.6844568252563477),np.float64(233.81155657883917),np.float64(4.917375),
np.float64(0.6846499443054199),np.float64(233.3880424610493),np.float64(4.917),
np.float64(0.6848528385162354),np.float64(234.3012447775337),np.float64(4.917125),
np.float64(0.6850428581237793),np.float64(233.9439047406485),np.float64(4.916625),
np.float64(0.6852400302886963),np.float64(236.2467627561309),np.float64(4.91525),
np.float64(0.6854588985443115),np.float64(237.43789621241487),np.float64(4.914875),
np.float64(0.6856560707092285),np.float64(236.52469389593048),np.float64(4.916),
np.float64(0.6858558654785156),np.float64(234.84387224095195),np.float64(4.91725),
np.float64(0.6860618591308594),np.float64(235.16150782929435),np.float64(4.91575),
np.float64(0.6862540245056152),np.float64(234.87034187331383),np.float64(4.9185),
np.float64(0.6864440441131592),np.float64(230.0396339672732),np.float64(4.919625),
np.float64(0.686654806137085),np.float64(230.74107922486266),np.float64(4.91875),
np.float64(0.6868557929992676),np.float64(232.05132602677506),np.float64(4.917625),
np.float64(0.6870498657226562),np.float64(232.97776315944037),np.float64(4.91725),
np.float64(0.6872518062591553),np.float64(233.4145120934112),np.float64(4.91775),
np.float64(0.6874518394470215),np.float64(233.0704068727069),np.float64(4.917625),
np.float64(0.6876327991485596),np.float64(233.17628540215438),np.float64(4.917),
np.float64(0.6878457069396973),np.float64(234.04978327009596),np.float64(4.917375),
np.float64(0.6880648136138916),np.float64(234.15566179954342),np.float64(4.916625),
np.float64(0.688255786895752),np.float64(234.01007882155318),np.float64(4.916875),
np.float64(0.6884610652923584),np.float64(234.0630180862769),np.float64(4.916875),
np.float64(0.6888360977172852),np.float64(234.35418404225743),np.float64(4.91675),
np.float64(0.6889986991882324),np.float64(234.0233136377341),np.float64(4.91625),
np.float64(0.6891129016876221),np.float64(233.9439047406485),np.float64(4.917),
np.float64(0.6892669200897217),np.float64(234.31447959371462),np.float64(4.916625),
np.float64(0.6894440650939941),np.float64(235.39973452055116),np.float64(4.915),
np.float64(0.6896529197692871),np.float64(236.1276494105025),np.float64(4.916),
np.float64(0.6898601055145264),np.float64(234.32771440989558),np.float64(4.918),
np.float64(0.6900639533996582),np.float64(233.9836091891913),np.float64(4.91625),
np.float64(0.6902577877044678),np.float64(234.48653220406678),np.float64(4.917125),
np.float64(0.6904618740081787),np.float64(234.47329738788582),np.float64(4.917125),
np.float64(0.6906490325927734),np.float64(234.31447959371462),np.float64(4.916),
np.float64(0.6908469200134277),np.float64(234.4997670202477),np.float64(4.91675),
np.float64(0.6910567283630371),np.float64(234.60564554969517),np.float64(4.917375),
np.float64(0.691256046295166),np.float64(233.97037437301037),np.float64(4.9175),
np.float64(0.6914458274841309),np.float64(233.3880424610493),np.float64(4.91775),
np.float64(0.6916348934173584),np.float64(233.11011132124972),np.float64(4.91775),
np.float64(0.6918320655822754),np.float64(232.9115890785357),np.float64(4.917),
np.float64(0.6920459270477295),np.float64(234.1027225348197),np.float64(4.916875),
np.float64(0.6922328472137451),np.float64(233.74538249793451),np.float64(4.917),
np.float64(0.6924457550048828),np.float64(234.23507069662904),np.float64(4.916375),
np.float64(0.6926608085632324),np.float64(233.44098172577304),np.float64(4.917375),
np.float64(0.6928539276123047),np.float64(233.56009507140143),np.float64(4.918),
np.float64(0.6930649280548096),np.float64(233.5071558066777),np.float64(4.91725),
np.float64(0.6932559013366699),np.float64(234.15566179954342),np.float64(4.917),
np.float64(0.6934487819671631),np.float64(234.15566179954342),np.float64(4.91675),
np.float64(0.693648099899292),np.float64(234.55270628497144),np.float64(4.91625),
np.float64(0.6938648223876953),np.float64(234.94975077039942),np.float64(4.91675),
np.float64(0.6940619945526123),np.float64(233.99684400537222),np.float64(4.918),
np.float64(0.6942577362060547),np.float64(233.71891286557263),np.float64(4.91675),
np.float64(0.6944658756256104),np.float64(234.4203581231621),np.float64(4.918125),
np.float64(0.694645881652832),np.float64(233.2292246668781),np.float64(4.918),
np.float64(0.6948490142822266),np.float64(233.83802621120103),np.float64(4.917),
np.float64(0.6950268745422363),np.float64(233.3880424610493),np.float64(4.917),
np.float64(0.6952488422393799),np.float64(233.62626915230612),np.float64(4.917375),
np.float64(0.6954448223114014),np.float64(234.12919216718157),np.float64(4.917625),
np.float64(0.695645809173584),np.float64(234.08948771863876),np.float64(4.917375),
np.float64(0.6958467960357666),np.float64(233.71891286557263),np.float64(4.9182500000000005),
np.float64(0.6960439682006836),np.float64(233.29539874778277),np.float64(4.917),
np.float64(0.6962239742279053),np.float64(234.0233136377341),np.float64(4.9165),
np.float64(0.696422815322876),np.float64(234.4203581231621),np.float64(4.9165),
np.float64(0.6966369152069092),np.float64(234.56594110115236),np.float64(4.91725),
np.float64(0.6968376636505127),np.float64(232.80571054908825),np.float64(4.918375),
np.float64(0.6970489025115967),np.float64(233.17628540215438),np.float64(4.917625),
np.float64(0.6972389221191406),np.float64(233.61303433612517),np.float64(4.918),
np.float64(0.6974430084228516),np.float64(233.87773065974383),np.float64(4.91675),
np.float64(0.6976418495178223),np.float64(233.4145120934112),np.float64(4.91675),
np.float64(0.6978578567504883),np.float64(235.86295308688383),np.float64(4.9155),
np.float64(0.698051929473877),np.float64(238.25845481563275),np.float64(4.91525),
np.float64(0.6982479095458984),np.float64(236.77615540336822),np.float64(4.91525),
np.float64(0.6984307765960693),np.float64(235.69090047653168),np.float64(4.917625),
np.float64(0.6986448764801025),np.float64(234.60564554969517),np.float64(4.91575),
np.float64(0.698828935623169),np.float64(234.98945521894223),np.float64(4.91775),
np.float64(0.699044942855835),np.float64(234.0630180862769),np.float64(4.919125),
np.float64(0.6992607116699219),np.float64(231.2704718721),np.float64(4.918875),
np.float64(0.6994469165802002),np.float64(232.18367418858438),np.float64(4.9182500000000005),
np.float64(0.6996400356292725),np.float64(232.63365793873612),np.float64(4.918125),
np.float64(0.6998429298400879),np.float64(233.62626915230612),np.float64(4.917),
np.float64(0.7000360488891602),np.float64(233.30863356396372),np.float64(4.9175),
np.float64(0.7002308368682861),np.float64(233.87773065974383),np.float64(4.9175),
np.float64(0.7004389762878418),np.float64(233.85126102738198),np.float64(4.917125),
np.float64(0.700657844543457),np.float64(233.91743510828664),np.float64(4.91725),
np.float64(0.700840950012207),np.float64(233.71891286557263),np.float64(4.9175),
np.float64(0.7010469436645508),np.float64(233.1895202183353),np.float64(4.9175),
np.float64(0.7012410163879395),np.float64(233.37480764486838),np.float64(4.917),
np.float64(0.7015008926391602),np.float64(233.87773065974383),np.float64(4.918),
np.float64(0.7016780376434326),np.float64(233.99684400537222),np.float64(4.91775),
np.float64(0.7018728256225586),np.float64(234.3806536746193),np.float64(4.9165),
np.float64(0.7020399570465088),np.float64(234.87034187331383),np.float64(4.916625),
np.float64(0.7022688388824463),np.float64(235.06886411602784),np.float64(4.9165),
np.float64(0.70247483253479),np.float64(235.51884786617956),np.float64(4.916875),
np.float64(0.7026448249816895),np.float64(233.87773065974383),np.float64(4.91675),
np.float64(0.7028489112854004),np.float64(234.5791759173333),np.float64(4.917),
np.float64(0.7030549049377441),np.float64(234.11595735100065),np.float64(4.91725),
np.float64(0.7032508850097656),np.float64(233.95713955682945),np.float64(4.91725),
np.float64(0.7034590244293213),np.float64(233.56009507140143),np.float64(4.9175),
np.float64(0.7036468982696533),np.float64(232.99099797562133),np.float64(4.917),
np.float64(0.7038488388061523),np.float64(235.39973452055116),np.float64(4.91425),
np.float64(0.7040450572967529),np.float64(236.8952687489966),np.float64(4.916),
np.float64(0.7042388916015625),np.float64(234.4203581231621),np.float64(4.9175),
np.float64(0.7044436931610107),np.float64(234.20860106426716),np.float64(4.9165),
np.float64(0.7046518325805664),np.float64(234.1027225348197),np.float64(4.917375),
np.float64(0.704852819442749),np.float64(233.93066992446757),np.float64(4.9175),
np.float64(0.7050518989562988),np.float64(231.77339488697547),np.float64(4.920625),
np.float64(0.7052457332611084),np.float64(230.56902661451053),np.float64(4.9182500000000005),
np.float64(0.7054550647735596),np.float64(232.68659720345985),np.float64(4.9165),
np.float64(0.7056469917297363),np.float64(233.8644958435629),np.float64(4.9175),
np.float64(0.7058408260345459),np.float64(233.65273878466797),np.float64(4.91675),
np.float64(0.7060577869415283),np.float64(234.4600625717049),np.float64(4.9155),
np.float64(0.7062568664550781),np.float64(236.16735385904528),np.float64(4.916),
np.float64(0.7064509391784668),np.float64(235.0159248513041),np.float64(4.917125),
np.float64(0.7066478729248047),np.float64(234.07625290245784),np.float64(4.91775),
np.float64(0.7068510055541992),np.float64(233.85126102738198),np.float64(4.917375),
np.float64(0.7070508003234863),np.float64(234.9762204027613),np.float64(4.917),
np.float64(0.7072460651397705),np.float64(234.9762204027613),np.float64(4.915875),
np.float64(0.7074768543243408),np.float64(235.42620415291302),np.float64(4.9165),
np.float64(0.7076668739318848),np.float64(235.21444709401808),np.float64(4.917),
np.float64(0.7078719139099121),np.float64(234.8174026085901),np.float64(4.91725),
np.float64(0.7080497741699219),np.float64(233.52039062285866),np.float64(4.918),
np.float64(0.7082359790802002),np.float64(233.77185213029637),np.float64(4.9175),
np.float64(0.708441972732544),np.float64(233.45421654195397),np.float64(4.918125),
np.float64(0.7086589336395264),np.float64(233.74538249793451),np.float64(4.91725),
np.float64(0.7088558673858643),np.float64(234.32771440989558),np.float64(4.917125),
np.float64(0.7090580463409424),np.float64(234.03654845391503),np.float64(4.917),
np.float64(0.7092490196228027),np.float64(234.31447959371462),np.float64(4.91675),
np.float64(0.7094509601593018),np.float64(233.5468602552205),np.float64(4.918375),
np.float64(0.7096388339996338),np.float64(234.03654845391503),np.float64(4.915125),
np.float64(0.7098407745361328),np.float64(237.60994882276702),np.float64(4.916375),
np.float64(0.7100589275360107),np.float64(234.63211518205702),np.float64(4.917),
np.float64(0.710256814956665),np.float64(234.60564554969517),np.float64(4.9175),
np.float64(0.7104527950286865),np.float64(234.27477514517184),np.float64(4.9165),
np.float64(0.7106549739837646),np.float64(233.99684400537222),np.float64(4.917625),
np.float64(0.7108509540557861),np.float64(231.1910629750144),np.float64(4.9205000000000005),
np.float64(0.7110528945922852),np.float64(230.80725330576732),np.float64(4.9175),
np.float64(0.7112469673156738),np.float64(232.0777956591369),np.float64(4.91875),
np.float64(0.7114558219909668),np.float64(232.1439697400416),np.float64(4.9182500000000005),
np.float64(0.7116739749908447),np.float64(233.0968765050688),np.float64(4.9182500000000005),
np.float64(0.7118749618530273),np.float64(232.8718846299929),np.float64(4.9182500000000005),
np.float64(0.7120749950408936),np.float64(233.21598985069718),np.float64(4.91725),
np.float64(0.7122628688812256),np.float64(233.65273878466797),np.float64(4.91875),
np.float64(0.712460994720459),np.float64(233.26892911542092),np.float64(4.9186250000000005),
np.float64(0.712662935256958),np.float64(232.56748385783146),np.float64(4.91775),
np.float64(0.7128748893737793),np.float64(233.3880424610493),np.float64(4.917),
np.float64(0.7130711078643799),np.float64(233.28216393160184),np.float64(4.918125),
np.float64(0.7132537364959717),np.float64(233.3880424610493),np.float64(4.917625),
np.float64(0.7134659290313721),np.float64(232.95129352707852),np.float64(4.91725),
np.float64(0.7136681079864502),np.float64(233.46745135813492),np.float64(4.917375),
np.float64(0.713864803314209),np.float64(233.9439047406485),np.float64(4.917),
np.float64(0.7140610218048096),np.float64(234.01007882155318),np.float64(4.916875),
np.float64(0.7143769264221191),np.float64(234.15566179954342),np.float64(4.917125),
np.float64(0.7144918441772461),np.float64(234.8174026085901),np.float64(4.916),
np.float64(0.7146680355072021),np.float64(235.59825676326517),np.float64(4.9155),
np.float64(0.7148637771606445),np.float64(234.64534999823798),np.float64(4.917),
np.float64(0.7150688171386719),np.float64(233.5733298875824),np.float64(4.917),
np.float64(0.7152588367462158),np.float64(234.1424269833625),np.float64(4.916125),
np.float64(0.7154769897460938),np.float64(234.20860106426716),np.float64(4.915875),
np.float64(0.7156758308410645),np.float64(234.59241073351424),np.float64(4.916),
np.float64(0.7158608436584473),np.float64(234.2615403289909),np.float64(4.916125),
np.float64(0.7160749435424805),np.float64(234.24830551280996),np.float64(4.917),
np.float64(0.7162718772888184),np.float64(233.56009507140143),np.float64(4.917375),
np.float64(0.7164669036865234),np.float64(233.45421654195397),np.float64(4.916875),
np.float64(0.7166609764099121),np.float64(233.6659736008489),np.float64(4.917625),
np.float64(0.7168769836425781),np.float64(233.40127727723024),np.float64(4.9165),
np.float64(0.7170867919921875),np.float64(233.7850869464773),np.float64(4.91675),
np.float64(0.7172739505767822),np.float64(233.89096547592476),np.float64(4.916625),
np.float64(0.7174749374389648),np.float64(234.28800996135277),np.float64(4.916875),
np.float64(0.7176759243011475),np.float64(233.9439047406485),np.float64(4.917),
np.float64(0.7178690433502197),np.float64(233.81155657883917),np.float64(4.916625),
np.float64(0.718066930770874),np.float64(234.2615403289909),np.float64(4.916),
np.float64(0.7182798385620117),np.float64(234.47329738788582),np.float64(4.916125),
np.float64(0.7184770107269287),np.float64(237.12026062407247),np.float64(4.9135),
np.float64(0.7186737060546875),np.float64(237.00114727844408),np.float64(4.914875),
np.float64(0.7188720703125),np.float64(234.9365159542185),np.float64(4.916125),
np.float64(0.7190678119659424),np.float64(234.51300183642863),np.float64(4.916375),
np.float64(0.7192559242248535),np.float64(234.3409492260765),np.float64(4.915875),
np.float64(0.7194879055023193),np.float64(234.24830551280996),np.float64(4.9195),
np.float64(0.7196898460388184),np.float64(229.47053687149307),np.float64(4.91925),
np.float64(0.7198817729949951),np.float64(231.33664595300465),np.float64(4.917),
np.float64(0.7200748920440674),np.float64(233.11011132124972),np.float64(4.917),
np.float64(0.7202699184417725),np.float64(234.1424269833625),np.float64(4.916),
np.float64(0.7204678058624268),np.float64(233.91743510828664),np.float64(4.916625),
np.float64(0.7206649780273438),np.float64(233.11011132124972),np.float64(4.917375),
np.float64(0.7208878993988037),np.float64(233.05717205652599),np.float64(4.917),
np.float64(0.7210800647735596),np.float64(233.45421654195397),np.float64(4.91725),
np.float64(0.7212798595428467),np.float64(233.53362543903958),np.float64(4.91725),
np.float64(0.7214798927307129),np.float64(233.97037437301037),np.float64(4.917),
np.float64(0.7216770648956299),np.float64(234.01007882155318),np.float64(4.9165),
np.float64(0.721872091293335),np.float64(233.9042002921057),np.float64(4.91675),
np.float64(0.7220687866210938),np.float64(233.9439047406485),np.float64(4.91675),
np.float64(0.722287654876709),np.float64(234.44682775552397),np.float64(4.916125),
np.float64(0.722484827041626),np.float64(234.51300183642863),np.float64(4.917125),
np.float64(0.7226898670196533),np.float64(233.3880424610493),np.float64(4.91575),
np.float64(0.722883939743042),np.float64(236.11441459432154),np.float64(4.91525),
np.float64(0.7230730056762695),np.float64(235.28062117492277),np.float64(4.91675),
np.float64(0.7232749462127686),np.float64(233.69244323321078),np.float64(4.9165),
np.float64(0.7234690189361572),np.float64(233.89096547592476),np.float64(4.9165),
np.float64(0.7236857414245605),np.float64(233.9042002921057),np.float64(4.916375),
np.float64(0.7238798141479492),np.float64(234.83063742477103),np.float64(4.916),
np.float64(0.7240879535675049),np.float64(234.83063742477103),np.float64(4.916375),
np.float64(0.7242748737335205),np.float64(234.08948771863876),np.float64(4.915875),
np.float64(0.7244830131530762),np.float64(234.55270628497144),np.float64(4.916625),
np.float64(0.7246718406677246),np.float64(234.07625290245784),np.float64(4.917),
np.float64(0.7248709201812744),np.float64(233.75861731411544),np.float64(4.917125),
np.float64(0.7250847816467285),np.float64(233.3880424610493),np.float64(4.916625),
np.float64(0.7252929210662842),np.float64(234.31447959371462),np.float64(4.916),
np.float64(0.7254819869995117),np.float64(234.15566179954342),np.float64(4.916375),
np.float64(0.7256858348846436),np.float64(234.3806536746193),np.float64(4.916125),
np.float64(0.7258727550506592),np.float64(234.72475889532356),np.float64(4.9165),
np.float64(0.7260878086090088),np.float64(235.3335604396465),np.float64(4.914375),
np.float64(0.7262759208679199),np.float64(236.8952687489966),np.float64(4.91575),
np.float64(0.7264828681945801),np.float64(235.2541515425609),np.float64(4.916125),
np.float64(0.726686954498291),np.float64(234.5791759173333),np.float64(4.91575),
np.float64(0.7268640995025635),np.float64(234.08948771863876),np.float64(4.916125),
np.float64(0.7271778583526611),np.float64(234.04978327009596),np.float64(4.9165),
np.float64(0.7272889614105225),np.float64(234.20860106426716),np.float64(4.918375),
np.float64(0.7274699211120605),np.float64(231.93221268114667),np.float64(4.91775),
np.float64(0.7276637554168701),np.float64(232.66012757109797),np.float64(4.9182500000000005),
np.float64(0.7278649806976318),np.float64(232.59395349019331),np.float64(4.917),
np.float64(0.7280607223510742),np.float64(233.29539874778277),np.float64(4.9165),
np.float64(0.7282547950744629),np.float64(234.1424269833625),np.float64(4.91675),
np.float64(0.7284619808197021),np.float64(234.24830551280996),np.float64(4.916125),
np.float64(0.7286479473114014),np.float64(237.22613915351994),np.float64(4.913125),
np.float64(0.7288689613342285),np.float64(237.54377474186234),np.float64(4.914125),
np.float64(0.7290658950805664),np.float64(236.31293683703555),np.float64(4.915875),
np.float64(0.7292687892913818),np.float64(235.7703093736173),np.float64(4.915375),
np.float64(0.7294619083404541),np.float64(234.20860106426716),np.float64(4.9182500000000005),
np.float64(0.7296597957611084),np.float64(232.9115890785357),np.float64(4.92025),
np.float64(0.7298529148101807),np.float64(229.4043627905884),np.float64(4.918),
np.float64(0.7300488948822021),np.float64(231.86603860024198),np.float64(4.917625),
np.float64(0.7302660942077637),np.float64(233.21598985069718),np.float64(4.91775),
np.float64(0.7304680347442627),np.float64(233.29539874778277),np.float64(4.91525),
np.float64(0.7306649684906006),np.float64(234.24830551280996),np.float64(4.916875),
np.float64(0.7308588027954102),np.float64(234.16889661572438),np.float64(4.916625),
np.float64(0.7310619354248047),np.float64(234.5394714687905),np.float64(4.91475),
np.float64(0.731259822845459),np.float64(236.8820339328157),np.float64(4.915375),
np.float64(0.731450080871582),np.float64(235.59825676326517),np.float64(4.9165),
np.float64(0.731665849685669),np.float64(234.6188803658761),np.float64(4.9165),
np.float64(0.7318649291992188),np.float64(234.5394714687905),np.float64(4.9165),
np.float64(0.732064962387085),np.float64(235.02915966748503),np.float64(4.91575),
np.float64(0.7322590351104736),np.float64(235.1350381969325),np.float64(4.9155),
np.float64(0.7324628829956055),np.float64(235.46590860145582),np.float64(4.915625),
np.float64(0.732658863067627),np.float64(235.84971827070288),np.float64(4.916125),
np.float64(0.7328450679779053),np.float64(234.5791759173333),np.float64(4.917),
np.float64(0.7330789566040039),np.float64(233.95713955682945),np.float64(4.9175),
np.float64(0.7332668304443359),np.float64(233.75861731411544),np.float64(4.916375),
np.float64(0.733461856842041),np.float64(234.83063742477103),np.float64(4.91725),
np.float64(0.733684778213501),np.float64(233.9836091891913),np.float64(4.916),
np.float64(0.7338747978210449),np.float64(234.56594110115236),np.float64(4.91625),
np.float64(0.7340888977050781),np.float64(234.60564554969517),np.float64(4.915875),
np.float64(0.7342798709869385),np.float64(235.08209893220877),np.float64(4.91625),
np.float64(0.7344958782196045),np.float64(234.4600625717049),np.float64(4.917375),
np.float64(0.7346947193145752),np.float64(233.33510319632558),np.float64(4.917),
np.float64(0.7348878383636475),np.float64(233.9439047406485),np.float64(4.917125),
np.float64(0.735076904296875),np.float64(233.44098172577304),np.float64(4.91725),
np.float64(0.7352807521820068),np.float64(236.45851981502582),np.float64(4.913375),
np.float64(0.7354769706726074),np.float64(237.29231323442463),np.float64(4.915375),
np.float64(0.7356948852539062),np.float64(236.00853606487408),np.float64(4.917),
np.float64(0.7358996868133545),np.float64(234.63211518205702),np.float64(4.916),
np.float64(0.7360949516296387),np.float64(235.32032562346555),np.float64(4.916875),
np.float64(0.7362878322601318),np.float64(233.63950396848705),np.float64(4.92025),
np.float64(0.736487865447998),np.float64(229.89405098928293),np.float64(4.9193750000000005),
np.float64(0.7366688251495361),np.float64(231.56163782808053),np.float64(4.9175),
np.float64(0.7368779182434082),np.float64(233.42774690959212),np.float64(4.916375),
np.float64(0.7371029853820801),np.float64(234.47329738788582),np.float64(4.91725),
np.float64(0.7372899055480957),np.float64(234.07625290245784),np.float64(4.917625),
np.float64(0.7374908924102783),np.float64(233.0704068727069),np.float64(4.91725),
np.float64(0.7376899719238281),np.float64(233.49392099049678),np.float64(4.91725),
np.float64(0.7378909587860107),np.float64(233.44098172577304),np.float64(4.91725),
np.float64(0.7380867004394531),np.float64(234.1821314319053),np.float64(4.917),
np.float64(0.7382798194885254),np.float64(234.27477514517184),np.float64(4.9165),
np.float64(0.7384998798370361),np.float64(233.52039062285866),np.float64(4.917),
np.float64(0.7386898994445801),np.float64(233.2292246668781),np.float64(4.91775),
np.float64(0.7388930320739746),np.float64(233.71891286557263),np.float64(4.91675),
np.float64(0.739098072052002),np.float64(234.24830551280996),np.float64(4.917),
np.float64(0.7392899990081787),np.float64(233.95713955682945),np.float64(4.916375),
np.float64(0.739487886428833),np.float64(235.67766566035075),np.float64(4.9145),
np.float64(0.739689826965332),np.float64(236.47175463120675),np.float64(4.915625),
np.float64(0.7399947643280029),np.float64(235.10856856457062),np.float64(4.917125),
np.float64(0.740109920501709),np.float64(233.8644958435629),np.float64(4.917),
np.float64(0.7402799129486084),np.float64(233.83802621120103),np.float64(4.917125),
np.float64(0.7404637336730957),np.float64(234.11595735100065),np.float64(4.916),
np.float64(0.7406868934631348),np.float64(234.63211518205702),np.float64(4.9165),
np.float64(0.7408690452575684),np.float64(234.59241073351424),np.float64(4.91675),
np.float64(0.7410988807678223),np.float64(234.4203581231621),np.float64(4.916625),
np.float64(0.7412850856781006),np.float64(233.62626915230612),np.float64(4.91725),
np.float64(0.7414829730987549),np.float64(233.65273878466797),np.float64(4.917),
np.float64(0.7416796684265137),np.float64(233.9836091891913),np.float64(4.917125),
np.float64(0.7418737411499023),np.float64(233.4145120934112),np.float64(4.916),
np.float64(0.742067813873291),np.float64(234.79093297622822),np.float64(4.917125),
np.float64(0.7422659397125244),np.float64(234.32771440989558),np.float64(4.9165),
np.float64(0.7424817085266113),np.float64(234.28800996135277),np.float64(4.915875),
np.float64(0.7426800727844238),np.float64(235.0159248513041),np.float64(4.916875),
np.float64(0.7428908348083496),np.float64(232.79247573290732),np.float64(4.918),
np.float64(0.7430698871612549),np.float64(233.4145120934112),np.float64(4.9165),
np.float64(0.743262767791748),np.float64(233.4145120934112),np.float64(4.91775),
np.float64(0.7434659004211426),np.float64(233.65273878466797),np.float64(4.91475),
np.float64(0.7436800003051758),np.float64(237.13349544025343),np.float64(4.914625),
np.float64(0.7439029216766357),np.float64(236.7629205871873),np.float64(4.914875),
np.float64(0.7440769672393799),np.float64(235.22768191019904),np.float64(4.917),
np.float64(0.7442688941955566),np.float64(234.31447959371462),np.float64(4.91525),
np.float64(0.7444720268249512),np.float64(234.6188803658761),np.float64(4.916375),
np.float64(0.7446649074554443),np.float64(231.72045562225173),np.float64(4.9201250000000005),
np.float64(0.7448689937591553),np.float64(230.22492139380626),np.float64(4.9185),
np.float64(0.7450778484344482),np.float64(231.87927341642293),np.float64(4.917625),
np.float64(0.7452857494354248),np.float64(232.88511944617386),np.float64(4.917),
np.float64(0.7454807758331299),np.float64(233.29539874778277),np.float64(4.917625),
np.float64(0.7456789016723633),np.float64(233.13658095361157),np.float64(4.917875),
np.float64(0.7458639144897461),np.float64(233.40127727723024),np.float64(4.91725),
np.float64(0.7460629940032959),np.float64(233.46745135813492),np.float64(4.917),
np.float64(0.7462587356567383),np.float64(234.1027225348197),np.float64(4.91675),
np.float64(0.7464780807495117),np.float64(233.9836091891913),np.float64(4.916625),
np.float64(0.7466716766357422),np.float64(234.3409492260765),np.float64(4.917),
np.float64(0.7469050884246826),np.float64(233.46745135813492),np.float64(4.916625),
np.float64(0.7470719814300537),np.float64(233.58656470376332),np.float64(4.917),
np.float64(0.7472648620605469),np.float64(233.9439047406485),np.float64(4.9175),
np.float64(0.7474617958068848),np.float64(233.40127727723024),np.float64(4.9165),
np.float64(0.7476787567138672),np.float64(233.5071558066777),np.float64(4.917125),
np.float64(0.7478950023651123),np.float64(235.58502194708421),np.float64(4.914375),
np.float64(0.7480669021606445),np.float64(235.63796121180795),np.float64(4.91675),
np.float64(0.7482688426971436),np.float64(234.2615403289909),np.float64(4.917),
np.float64(0.7484679222106934),np.float64(233.65273878466797),np.float64(4.917375),
np.float64(0.748668909072876),np.float64(233.83802621120103),np.float64(4.91675),
np.float64(0.7488698959350586),np.float64(234.40712330698116),np.float64(4.916125),
np.float64(0.7490899562835693),np.float64(234.79093297622822),np.float64(4.916125),
np.float64(0.749316930770874),np.float64(234.68505444678075),np.float64(4.916375),
np.float64(0.7494988441467285),np.float64(234.1027225348197),np.float64(4.91675),
np.float64(0.7496838569641113),np.float64(233.7056780493917),np.float64(4.917),
np.float64(0.7498738765716553),np.float64(233.3483380125065),np.float64(4.9165),
np.float64(0.7500920295715332),np.float64(234.23507069662904),np.float64(4.916625),
np.float64(0.7502748966217041),np.float64(234.01007882155318),np.float64(4.916375),
np.float64(0.7505037784576416),np.float64(234.2615403289909),np.float64(4.916375),
np.float64(0.7506999969482422),np.float64(233.8644958435629),np.float64(4.917),
np.float64(0.7509219646453857),np.float64(234.15566179954342),np.float64(4.91675),
np.float64(0.751093864440918),np.float64(233.99684400537222),np.float64(4.91675),
np.float64(0.751295804977417),np.float64(233.9836091891913),np.float64(4.91625),
np.float64(0.751492977142334),np.float64(234.43359293934304),np.float64(4.916625),
np.float64(0.7517118453979492),np.float64(233.8247913950201),np.float64(4.916625),
np.float64(0.7519180774688721),np.float64(233.87773065974383),np.float64(4.917125),
np.float64(0.7520999908447266),np.float64(233.83802621120103),np.float64(4.9165),
np.float64(0.7522969245910645),np.float64(234.1424269833625),np.float64(4.9175),
np.float64(0.7524797916412354),np.float64(235.83648345452195),np.float64(4.915125),
np.float64(0.752748966217041),np.float64(238.45697705834675),np.float64(4.914),
np.float64(0.7529337406158447),np.float64(239.06577860266967),np.float64(4.915),
np.float64(0.7531089782714844),np.float64(235.79677900597915),np.float64(4.916875),
np.float64(0.7532949447631836),np.float64(235.4129693367321),np.float64(4.916375),
np.float64(0.7535037994384766),np.float64(234.7379937115045),np.float64(4.91775),
np.float64(0.7537059783935547),np.float64(230.7146095925008),np.float64(4.920375),
np.float64(0.7539148330688477),np.float64(230.27786065853),np.float64(4.919125),
np.float64(0.7540938854217529),np.float64(230.7146095925008),np.float64(4.9190000000000005),
np.float64(0.7542929649353027),np.float64(232.34249198275558),np.float64(4.91875),
np.float64(0.7544939517974854),np.float64(232.68659720345985),np.float64(4.917625),
np.float64(0.7547099590301514),np.float64(232.6204231225552),np.float64(4.918),
np.float64(0.7549188137054443),np.float64(233.33510319632558),np.float64(4.917),
np.float64(0.7551038265228271),np.float64(234.27477514517184),np.float64(4.91725),
np.float64(0.7552988529205322),np.float64(233.71891286557263),np.float64(4.918),
np.float64(0.7554998397827148),np.float64(233.28216393160184),np.float64(4.917625),
np.float64(0.7556898593902588),np.float64(233.12334613743064),np.float64(4.9190000000000005),
np.float64(0.7559289932250977),np.float64(232.35572679893653),np.float64(4.9185),
np.float64(0.756105899810791),np.float64(232.9115890785357),np.float64(4.915875),
np.float64(0.756314754486084),np.float64(235.36003007200836),np.float64(4.916625),
np.float64(0.7565019130706787),np.float64(236.29970202085462),np.float64(4.9155),
np.float64(0.7566838264465332),np.float64(236.03500569723596),np.float64(4.916),
np.float64(0.7568948268890381),np.float64(235.2541515425609),np.float64(4.916625),
np.float64(0.7570919990539551),np.float64(234.56594110115236),np.float64(4.91625),
np.float64(0.7573108673095703),np.float64(235.1350381969325),np.float64(4.916625),
np.float64(0.7574887275695801),np.float64(234.51300183642863),np.float64(4.91725),
np.float64(0.7576959133148193),np.float64(235.1350381969325),np.float64(4.916625),
np.float64(0.7579209804534912),np.float64(234.7776981600473),np.float64(4.9175),
np.float64(0.758073091506958),np.float64(233.6659736008489),np.float64(4.917),
np.float64(0.7582769393920898),np.float64(234.4600625717049),np.float64(4.916125),
np.float64(0.758490800857544),np.float64(234.6982892629617),np.float64(4.917125),
np.float64(0.7586958408355713),np.float64(233.40127727723024),np.float64(4.91675),
np.float64(0.758908748626709),np.float64(234.35418404225743),np.float64(4.917625),
np.float64(0.759084939956665),np.float64(234.83063742477103),np.float64(4.9155),
np.float64(0.759279727935791),np.float64(236.31293683703555),np.float64(4.915375),
np.float64(0.7594747543334961),np.float64(236.14088422668343),np.float64(4.9155),
np.float64(0.7596919536590576),np.float64(235.75707455743637),np.float64(4.916125),
np.float64(0.7599060535430908),np.float64(235.71737010889356),np.float64(4.916125),
np.float64(0.7600927352905273),np.float64(234.80416779240917),np.float64(4.917),
np.float64(0.7602837085723877),np.float64(234.75122852768544),np.float64(4.916125),
np.float64(0.7604808807373047),np.float64(232.88511944617386),np.float64(4.9190000000000005),
np.float64(0.760692834854126),np.float64(231.99838676205133),np.float64(4.918),
np.float64(0.7608706951141357),np.float64(232.24984826948906),np.float64(4.918),
np.float64(0.761091947555542),np.float64(232.67336238727893),np.float64(4.917625),
np.float64(0.761293888092041),np.float64(232.52777940928866),np.float64(4.918),
np.float64(0.7615058422088623),np.float64(235.58502194708421),np.float64(4.914375),
np.float64(0.7616949081420898),np.float64(237.90111477874754),np.float64(4.914),
np.float64(0.7619178295135498),np.float64(237.95405404347127),np.float64(4.91475),
np.float64(0.7620968818664551),np.float64(237.212904337339),np.float64(4.9155),
np.float64(0.7623138427734375),np.float64(236.49822426356863),np.float64(4.91525),
np.float64(0.7625038623809814),np.float64(237.58347919040514),np.float64(4.915),
np.float64(0.7627110481262207),np.float64(232.35572679893653),np.float64(4.92025),
np.float64(0.762927770614624),np.float64(229.11319683460786),np.float64(4.92175),
np.float64(0.7630987167358398),np.float64(227.3264966501819),np.float64(4.92125),
np.float64(0.7632968425750732),np.float64(227.92206337832388),np.float64(4.92),
np.float64(0.7634999752044678),np.float64(229.6028850333024),np.float64(4.9197500000000005),
np.float64(0.7637119293212891),np.float64(231.16459334265252),np.float64(4.9182500000000005),
np.float64(0.7639358043670654),np.float64(232.43513569602212),np.float64(4.917375),
np.float64(0.7641088962554932),np.float64(233.56009507140143),np.float64(4.917),
np.float64(0.7643108367919922),np.float64(234.20860106426716),np.float64(4.917),
np.float64(0.7644989490509033),np.float64(234.3409492260765),np.float64(4.916625),
np.float64(0.7646849155426025),np.float64(234.88357668949476),np.float64(4.916),
np.float64(0.7649309635162354),np.float64(236.8820339328157),np.float64(4.91375),
np.float64(0.7651078701019287),np.float64(237.2393739697009),np.float64(4.917),
np.float64(0.7653067111968994),np.float64(234.68505444678075),np.float64(4.915625),
np.float64(0.7655947208404541),np.float64(236.63057242537795),np.float64(4.91475),
np.float64(0.7657227516174316),np.float64(237.41142658005302),np.float64(4.9165),
np.float64(0.7658798694610596),np.float64(235.22768191019904),np.float64(4.917375),
np.float64(0.7661058902740479),np.float64(236.19382349140716),np.float64(4.914),
np.float64(0.7662968635559082),np.float64(239.21136158065994),np.float64(4.914875),
np.float64(0.766495943069458),np.float64(235.21444709401808),np.float64(4.917375),
np.float64(0.7666988372802734),np.float64(235.69090047653168),np.float64(4.916625),
np.float64(0.7669169902801514),np.float64(234.16889661572438),np.float64(4.91725),
np.float64(0.7670938968658447),np.float64(233.75861731411544),np.float64(4.918),
np.float64(0.7672839164733887),np.float64(233.17628540215438),np.float64(4.9185),
np.float64(0.7675020694732666),np.float64(233.8644958435629),np.float64(4.9145),
np.float64(0.7676918506622314),np.float64(237.42466139623394),np.float64(4.91675),
np.float64(0.7679097652435303),np.float64(235.18797746165623),np.float64(4.915625),
np.float64(0.7680859565734863),np.float64(235.53208268236048),np.float64(4.9155),
np.float64(0.7682929039001465),np.float64(235.63796121180795),np.float64(4.9165),
np.float64(0.7684850692749023),np.float64(235.36003007200836),np.float64(4.917375),
np.float64(0.7687017917633057),np.float64(233.75861731411544),np.float64(4.9205000000000005),
np.float64(0.7689237594604492),np.float64(228.67644790063707),np.float64(4.9205000000000005),
np.float64(0.7690889835357666),np.float64(228.55733455500868),np.float64(4.9215),
np.float64(0.769294023513794),np.float64(229.41759760676933),np.float64(4.919125),
np.float64(0.7694869041442871),np.float64(232.13073492386064),np.float64(4.916125),
np.float64(0.7696917057037354),np.float64(234.3409492260765),np.float64(4.919625),
np.float64(0.7699167728424072),np.float64(231.83956896788013),np.float64(4.918875),
np.float64(0.7700989246368408),np.float64(231.77339488697547),np.float64(4.918375),
np.float64(0.7702949047088623),np.float64(233.20275503451626),np.float64(4.917125),
np.float64(0.7704958915710449),np.float64(232.99099797562133),np.float64(4.91625),
np.float64(0.7706947326660156),np.float64(234.80416779240917),np.float64(4.918),
np.float64(0.7709169387817383),np.float64(233.46745135813492),np.float64(4.916875),
np.float64(0.7710819244384766),np.float64(233.7056780493917),np.float64(4.915875),
np.float64(0.7713010311126709),np.float64(236.31293683703555),np.float64(4.916625),
np.float64(0.7714910507202148),np.float64(236.33940646939743),np.float64(4.916125),
np.float64(0.7716989517211914),np.float64(235.62472639562702),np.float64(4.917125),
np.float64(0.7719109058380127),np.float64(235.24091672637996),np.float64(4.916375),
np.float64(0.7720906734466553),np.float64(234.96298558658037),np.float64(4.916875),
np.float64(0.772291898727417),np.float64(235.22768191019904),np.float64(4.916625),
np.float64(0.7725059986114502),np.float64(234.28800996135277),np.float64(4.918875),
np.float64(0.7726960182189941),np.float64(232.0777956591369),np.float64(4.91875),
np.float64(0.7729127407073975),np.float64(234.03654845391503),np.float64(4.915125),
np.float64(0.7730920314788818),np.float64(237.10702580789155),np.float64(4.915625),
np.float64(0.7732958793640137),np.float64(235.79677900597915),np.float64(4.91675),
np.float64(0.7734878063201904),np.float64(235.69090047653168),np.float64(4.9155),
np.float64(0.7737016677856445),np.float64(235.59825676326517),np.float64(4.917),
np.float64(0.7739229202270508),np.float64(234.92328113803757),np.float64(4.9185),
np.float64(0.7741007804870605),np.float64(233.85126102738198),np.float64(4.916),
np.float64(0.7742938995361328),np.float64(233.48068617431585),np.float64(4.914625),
np.float64(0.7744927406311035),np.float64(235.1747426454753),np.float64(4.9185),
np.float64(0.7746849060058594),np.float64(232.64689275491705),np.float64(4.91575),
np.float64(0.7748849391937256),np.float64(234.6585848144189),np.float64(4.917375),
np.float64(0.7751049995422363),np.float64(233.95713955682945),np.float64(4.916375),
np.float64(0.7753016948699951),np.float64(234.19536624808623),np.float64(4.9175),
np.float64(0.7754957675933838),np.float64(233.49392099049678),np.float64(4.91725),
np.float64(0.7756919860839844),np.float64(237.41142658005302),np.float64(4.91525),
np.float64(0.7759180068969727),np.float64(235.43943896909397),np.float64(4.9175),
np.float64(0.7760870456695557),np.float64(234.48653220406678),np.float64(4.917),
np.float64(0.7762858867645264),np.float64(234.52623665260955),np.float64(4.91725),
np.float64(0.7764997482299805),np.float64(233.8247913950201),np.float64(4.91675),
np.float64(0.7767007350921631),np.float64(233.74538249793451),np.float64(4.9197500000000005),
np.float64(0.7769198417663574),np.float64(229.5234761362168),np.float64(4.919875),
np.float64(0.7770988941192627),np.float64(230.5557917983296),np.float64(4.9190000000000005),
np.float64(0.777292013168335),np.float64(232.05132602677506),np.float64(4.918125),
np.float64(0.7774879932403564),np.float64(234.51300183642863),np.float64(4.9185),
np.float64(0.7777090072631836),np.float64(232.7792409167264),np.float64(4.91775),
np.float64(0.7779297828674316),np.float64(233.6659736008489),np.float64(4.9175),
np.float64(0.7780940532684326),np.float64(234.2615403289909),np.float64(4.917),
np.float64(0.7783899307250977),np.float64(233.99684400537222),np.float64(4.917625),
np.float64(0.7785048484802246),np.float64(233.79832176265825),np.float64(4.918),
np.float64(0.778702974319458),np.float64(233.87773065974383),np.float64(4.9175),
np.float64(0.7789340019226074),np.float64(233.81155657883917),np.float64(4.91725),
np.float64(0.7791018486022949),np.float64(233.40127727723024),np.float64(4.918),
np.float64(0.7793116569519043),np.float64(233.14981576979253),np.float64(4.9182500000000005),
np.float64(0.7795009613037109),np.float64(233.5468602552205),np.float64(4.91775),
np.float64(0.7796919345855713),np.float64(234.24830551280996),np.float64(4.917375),
np.float64(0.7798948287963867),np.float64(233.65273878466797),np.float64(4.91775),
np.float64(0.7801148891448975),np.float64(233.9042002921057),np.float64(4.918),
np.float64(0.7803158760070801),np.float64(233.7056780493917),np.float64(4.91775),
np.float64(0.7805380821228027),np.float64(233.71891286557263),np.float64(4.9175),
np.float64(0.7807090282440186),np.float64(233.91743510828664),np.float64(4.91775),
np.float64(0.7809269428253174),np.float64(233.7850869464773),np.float64(4.918),
np.float64(0.7810919284820557),np.float64(234.1821314319053),np.float64(4.915625),
np.float64(0.78128981590271),np.float64(236.11441459432154),np.float64(4.914875),
np.float64(0.7815399169921875),np.float64(236.78939021954915),np.float64(4.91675),
np.float64(0.781714916229248),np.float64(235.22768191019904),np.float64(4.9165),
np.float64(0.7819488048553467),np.float64(235.1747426454753),np.float64(4.916875),
np.float64(0.7822136878967285),np.float64(233.9439047406485),np.float64(4.9185),
np.float64(0.7824277877807617),np.float64(233.25569429924),np.float64(4.91775),
np.float64(0.7825758457183838),np.float64(234.9762204027613),np.float64(4.917),
np.float64(0.7827298641204834),np.float64(236.15411904286435),np.float64(4.91675),
np.float64(0.7829596996307373),np.float64(234.23507069662904),np.float64(4.91775),
np.float64(0.7831830978393555),np.float64(234.28800996135277),np.float64(4.917375),
np.float64(0.7833447456359863),np.float64(234.35418404225743),np.float64(4.917375),
np.float64(0.7837128639221191),np.float64(234.3012447775337),np.float64(4.917375),
np.float64(0.7838208675384521),np.float64(233.7056780493917),np.float64(4.91725),
np.float64(0.7840938568115234),np.float64(236.47175463120675),np.float64(4.91475),
np.float64(0.7843239307403564),np.float64(236.25999757231182),np.float64(4.91625),
np.float64(0.7845668792724609),np.float64(235.66443084416983),np.float64(4.91575),
np.float64(0.7845668792724609),np.float64(234.84387224095195),np.float64(4.917),
np.float64(0.7847080230712891),np.float64(234.79093297622822),np.float64(4.917125),
np.float64(0.7849431037902832),np.float64(234.0233136377341),np.float64(4.917),
np.float64(0.7851157188415527),np.float64(230.7146095925008),np.float64(4.9205000000000005),
np.float64(0.7852978706359863),np.float64(230.079338415816),np.float64(4.9186250000000005),
np.float64(0.7855019569396973),np.float64(231.52193337953773),np.float64(4.918),
np.float64(0.7857320308685303),np.float64(234.40712330698116),np.float64(4.91725),
np.float64(0.7859468460083008),np.float64(232.7792409167264),np.float64(4.917875),
np.float64(0.7861249446868896),np.float64(233.08364168888784),np.float64(4.917375),
np.float64(0.7863237857818604),np.float64(233.63950396848705),np.float64(4.916875),
np.float64(0.7865078449249268),np.float64(234.12919216718157),np.float64(4.917125),
np.float64(0.7869219779968262),np.float64(233.77185213029637),np.float64(4.917125),
np.float64(0.7870938777923584),np.float64(234.0233136377341),np.float64(4.91775),
np.float64(0.7872250080108643),np.float64(233.71891286557263),np.float64(4.917625),
np.float64(0.7873599529266357),np.float64(234.1424269833625),np.float64(4.91725),
np.float64(0.7875697612762451),np.float64(233.48068617431585),np.float64(4.918),
np.float64(0.7877018451690674),np.float64(233.33510319632558),np.float64(4.91725),
np.float64(0.7879400253295898),np.float64(233.77185213029637),np.float64(4.9175),
np.float64(0.7881119251251221),np.float64(233.75861731411544),np.float64(4.917625),
np.float64(0.7883098125457764),np.float64(233.5071558066777),np.float64(4.918),
np.float64(0.7888388633728027),np.float64(233.21598985069718),np.float64(4.917375),
np.float64(0.7890710830688477),np.float64(233.48068617431585),np.float64(4.91725),
np.float64(0.78926682472229),np.float64(233.7850869464773),np.float64(4.915625),
np.float64(0.78926682472229),np.float64(236.03500569723596),np.float64(4.91625),
np.float64(0.7893900871276855),np.float64(233.59979951994424),np.float64(4.918),
np.float64(0.789564847946167),np.float64(233.17628540215438),np.float64(4.916),
np.float64(0.7897038459777832),np.float64(235.22768191019904),np.float64(4.91625),
np.float64(0.7900469303131104),np.float64(235.2541515425609),np.float64(4.916625),
np.float64(0.7901999950408936),np.float64(234.83063742477103),np.float64(4.916875),
np.float64(0.7903838157653809),np.float64(234.4203581231621),np.float64(4.917125),
np.float64(0.7905387878417969),np.float64(234.48653220406678),np.float64(4.91675),
np.float64(0.7907960414886475),np.float64(235.02915966748503),np.float64(4.9165),
np.float64(0.7909517288208008),np.float64(234.84387224095195),np.float64(4.91675),
np.float64(0.7913899421691895),np.float64(234.2615403289909),np.float64(4.917),
np.float64(0.7916007041931152),np.float64(234.8174026085901),np.float64(4.917875),
np.float64(0.7916007041931152),np.float64(233.5071558066777),np.float64(4.91775),
np.float64(0.7919268608093262),np.float64(233.3483380125065),np.float64(4.916625),
np.float64(0.7920839786529541),np.float64(234.4600625717049),np.float64(4.91775),
np.float64(0.7922720909118652),np.float64(234.55270628497144),np.float64(4.917),
np.float64(0.7924618721008301),np.float64(233.91743510828664),np.float64(4.916875),
np.float64(0.7930188179016113),np.float64(234.3012447775337),np.float64(4.915),
np.float64(0.7935009002685547),np.float64(237.3717221315102),np.float64(4.91525),
np.float64(0.7935009002685547),np.float64(236.07471014577877),np.float64(4.916),
np.float64(0.7935009002685547),np.float64(235.51884786617956),np.float64(4.917),
np.float64(0.7941207885742188),np.float64(234.60564554969517),np.float64(4.917),
np.float64(0.7943358421325684),np.float64(234.36741885843836),np.float64(4.917375),
np.float64(0.7943358421325684),np.float64(233.9836091891913),np.float64(4.918125),
np.float64(0.7943358421325684),np.float64(230.64843551159612),np.float64(4.919625),
np.float64(0.7945468425750732),np.float64(230.70137477631985),np.float64(4.919875),
np.float64(0.7945468425750732),np.float64(231.05871481320506),np.float64(4.91775),
np.float64(0.7947249412536621),np.float64(233.52039062285866),np.float64(4.917),
np.float64(0.7948830127716064),np.float64(234.5791759173333),np.float64(4.918),
np.float64(0.7950739860534668),np.float64(232.5542490416505),np.float64(4.91875),
np.float64(0.7951748371124268),np.float64(233.3880424610493),np.float64(4.915),
np.float64(0.7953357696533203),np.float64(237.27907841824367),np.float64(4.915),
np.float64(0.7955539226531982),np.float64(236.4055805503021),np.float64(4.9175),
np.float64(0.7959098815917969),np.float64(234.6188803658761),np.float64(4.917),
np.float64(0.7960419654846191),np.float64(233.2292246668781),np.float64(4.9190000000000005),
np.float64(0.7962298393249512),np.float64(232.6204231225552),np.float64(4.9185),
np.float64(0.796396017074585),np.float64(231.86603860024198),np.float64(4.9215),
np.float64(0.7965669631958008),np.float64(228.78232643008454),np.float64(4.919875),
np.float64(0.7967469692230225),np.float64(231.25723705591906),np.float64(4.9186250000000005),
np.float64(0.7969698905944824),np.float64(231.90574304878479),np.float64(4.9185),
np.float64(0.7971897125244141),np.float64(232.83218018145013),np.float64(4.9185),
np.float64(0.7974209785461426),np.float64(233.1895202183353),np.float64(4.9175),
np.float64(0.7975637912750244),np.float64(233.25569429924),np.float64(4.9175),
np.float64(0.7977268695831299),np.float64(233.48068617431585),np.float64(4.9175),
np.float64(0.7979528903961182),np.float64(235.00269003512315),np.float64(4.91525),
np.float64(0.7981429100036621),np.float64(235.95559680015035),np.float64(4.91625),
np.float64(0.7983317375183105),np.float64(235.83648345452195),np.float64(4.914625),
np.float64(0.7985630035400391),np.float64(235.00269003512315),np.float64(4.9195),
np.float64(0.798790693283081),np.float64(231.7469252546136),np.float64(4.9182500000000005),
np.float64(0.7991688251495361),np.float64(233.17628540215438),np.float64(4.916875),
np.float64(0.7993247509002686),np.float64(233.8644958435629),np.float64(4.917),
np.float64(0.7996537685394287),np.float64(234.28800996135277),np.float64(4.9165),
np.float64(0.7998907566070557),np.float64(234.80416779240917),np.float64(4.917),
np.float64(0.8001058101654053),np.float64(234.12919216718157),np.float64(4.917),
np.float64(0.8001058101654053),np.float64(234.55270628497144),np.float64(4.917),
np.float64(0.8002848625183105),np.float64(234.59241073351424),np.float64(4.916625),
np.float64(0.8005537986755371),np.float64(234.3012447775337),np.float64(4.9165),
np.float64(0.800853967666626),np.float64(233.77185213029637),np.float64(4.916875),
np.float64(0.800853967666626),np.float64(234.27477514517184),np.float64(4.916875),
np.float64(0.8010931015014648),np.float64(234.15566179954342),np.float64(4.9165),
np.float64(0.8012609481811523),np.float64(233.93066992446757),np.float64(4.917),
np.float64(0.8014419078826904),np.float64(233.56009507140143),np.float64(4.91725),
np.float64(0.8016970157623291),np.float64(233.53362543903958),np.float64(4.917),
np.float64(0.8018739223480225),np.float64(233.3880424610493),np.float64(4.918),
np.float64(0.8020799160003662),np.float64(232.72630165200266),np.float64(4.91725),
np.float64(0.802271842956543),np.float64(233.7850869464773),np.float64(4.916625),
np.float64(0.802419900894165),np.float64(234.43359293934304),np.float64(4.916),
np.float64(0.8026459217071533),np.float64(234.56594110115236),np.float64(4.917),
np.float64(0.8028767108917236),np.float64(233.62626915230612),np.float64(4.9165),
np.float64(0.8030178546905518),np.float64(234.8968115056757),np.float64(4.9135),
np.float64(0.803142786026001),np.float64(237.74229698457634),np.float64(4.915625),
np.float64(0.8033180236816406),np.float64(236.15411904286435),np.float64(4.916),
np.float64(0.803508996963501),np.float64(235.14827301311342),np.float64(4.9165),
np.float64(0.8037078380584717),np.float64(234.31447959371462),np.float64(4.917),
np.float64(0.8039829730987549),np.float64(234.16889661572438),np.float64(4.9165),
np.float64(0.8041379451751709),np.float64(231.5086985633568),np.float64(4.9205000000000005),
np.float64(0.8043158054351807),np.float64(230.54255698214865),np.float64(4.9193750000000005),
np.float64(0.8045108318328857),np.float64(230.91313183521478),np.float64(4.918125),
np.float64(0.804718017578125),np.float64(232.7395364681836),np.float64(4.9175),
np.float64(0.8049290180206299),np.float64(233.21598985069718),np.float64(4.917),
np.float64(0.8051140308380127),np.float64(233.75861731411544),np.float64(4.9175),
np.float64(0.8053238391876221),np.float64(233.85126102738198),np.float64(4.9175),
np.float64(0.8055179119110107),np.float64(233.42774690959212),np.float64(4.916375),
np.float64(0.8057088851928711),np.float64(234.07625290245784),np.float64(4.917375),
np.float64(0.8059349060058594),np.float64(233.74538249793451),np.float64(4.9165),
np.float64(0.806102991104126),np.float64(233.93066992446757),np.float64(4.915375),
np.float64(0.806309700012207),np.float64(236.6041027930161),np.float64(4.915),
np.float64(0.806520938873291),np.float64(236.15411904286435),np.float64(4.91525),
np.float64(0.8067278861999512),np.float64(234.52623665260955),np.float64(4.917),
np.float64(0.806952953338623),np.float64(234.27477514517184),np.float64(4.916375),
np.float64(0.8071238994598389),np.float64(233.8247913950201),np.float64(4.9155),
np.float64(0.8073320388793945),np.float64(234.6188803658761),np.float64(4.916),
np.float64(0.8075249195098877),np.float64(235.53208268236048),np.float64(4.91575),
np.float64(0.8077278137207031),np.float64(235.2541515425609),np.float64(4.915625),
np.float64(0.8079559803009033),np.float64(234.76446334386637),np.float64(4.9165),
np.float64(0.8081269264221191),np.float64(233.49392099049678),np.float64(4.9165),
np.float64(0.8083178997039795),np.float64(234.44682775552397),np.float64(4.9165),
np.float64(0.8085176944732666),np.float64(233.8247913950201),np.float64(4.91725),
np.float64(0.8087179660797119),np.float64(233.8644958435629),np.float64(4.915875),
np.float64(0.8089199066162109),np.float64(234.56594110115236),np.float64(4.91675),
np.float64(0.8091299533843994),np.float64(234.1821314319053),np.float64(4.915375),
np.float64(0.8093240261077881),np.float64(234.23507069662904),np.float64(4.91625),
np.float64(0.8095169067382812),np.float64(234.1424269833625),np.float64(4.9165),
np.float64(0.8097169399261475),np.float64(233.67920841702983),np.float64(4.916625),
np.float64(0.8099367618560791),np.float64(234.28800996135277),np.float64(4.916625),
np.float64(0.8101170063018799),np.float64(234.40712330698116),np.float64(4.914),
np.float64(0.8103158473968506),np.float64(238.1922807347281),np.float64(4.914),
np.float64(0.8105220794677734),np.float64(237.12026062407247),np.float64(4.91425),
np.float64(0.8107240200042725),np.float64(236.20705830758808),np.float64(4.9165),
np.float64(0.8109438419342041),np.float64(233.59979951994424),np.float64(4.9155),
np.float64(0.8111178874969482),np.float64(235.00269003512315),np.float64(4.916),
np.float64(0.8113429546356201),np.float64(234.64534999823798),np.float64(4.91875),
np.float64(0.8115179538726807),np.float64(229.8411117245592),np.float64(4.918875),
np.float64(0.8117249011993408),np.float64(231.2704718721),np.float64(4.918),
np.float64(0.811945915222168),np.float64(231.77339488697547),np.float64(4.917375),
np.float64(0.8121368885040283),np.float64(232.60718830637424),np.float64(4.917875),
np.float64(0.8123388290405273),np.float64(232.96452834325945),np.float64(4.917),
np.float64(0.8125360012054443),np.float64(233.30863356396372),np.float64(4.916375),
np.float64(0.812734842300415),np.float64(233.56009507140143),np.float64(4.917),
np.float64(0.8129768371582031),np.float64(233.49392099049678),np.float64(4.9165),
np.float64(0.8131330013275146),np.float64(233.87773065974383),np.float64(4.916625),
np.float64(0.8133440017700195),np.float64(233.46745135813492),np.float64(4.916875),
np.float64(0.8135237693786621),np.float64(233.9439047406485),np.float64(4.915),
np.float64(0.8137378692626953),np.float64(236.35264128557836),np.float64(4.916),
np.float64(0.8139467239379883),np.float64(232.8983542623548),np.float64(4.915875),
np.float64(0.8141388893127441),np.float64(233.6659736008489),np.float64(4.917),
np.float64(0.8143537044525146),np.float64(233.79832176265825),np.float64(4.917),
np.float64(0.8145530223846436),np.float64(234.35418404225743),np.float64(4.91525),
np.float64(0.8147478103637695),np.float64(235.59825676326517),np.float64(4.915875),
np.float64(0.8149659633636475),np.float64(234.76446334386637),np.float64(4.916),
np.float64(0.8151390552520752),np.float64(233.9042002921057),np.float64(4.91675),
np.float64(0.8153331279754639),np.float64(233.58656470376332),np.float64(4.916625),
np.float64(0.8155519962310791),np.float64(233.7056780493917),np.float64(4.916625),
np.float64(0.8157517910003662),np.float64(233.63950396848705),np.float64(4.916),
np.float64(0.8159599304199219),np.float64(234.76446334386637),np.float64(4.917),
np.float64(0.8161389827728271),np.float64(234.16889661572438),np.float64(4.915875),
np.float64(0.816342830657959),np.float64(234.8174026085901),np.float64(4.9165),
np.float64(0.8165309429168701),np.float64(234.3409492260765),np.float64(4.917125),
np.float64(0.8168706893920898),np.float64(232.9115890785357),np.float64(4.917),
np.float64(0.816986083984375),np.float64(234.3409492260765),np.float64(4.91725),
np.float64(0.8171570301055908),np.float64(233.5071558066777),np.float64(4.91675),
np.float64(0.8173549175262451),np.float64(233.8644958435629),np.float64(4.9165),
np.float64(0.8175489902496338),np.float64(234.16889661572438),np.float64(4.91675),
np.float64(0.8177468776702881),np.float64(233.9439047406485),np.float64(4.917),
np.float64(0.8179588317871094),np.float64(233.5468602552205),np.float64(4.91725),
np.float64(0.8181438446044922),np.float64(233.45421654195397),np.float64(4.91625),
np.float64(0.8183410167694092),np.float64(234.27477514517184),np.float64(4.917625),
np.float64(0.8185520172119141),np.float64(233.52039062285866),np.float64(4.916875),
np.float64(0.8187508583068848),np.float64(233.8644958435629),np.float64(4.917),
np.float64(0.8189737796783447),np.float64(234.35418404225743),np.float64(4.91675),
np.float64(0.8191499710083008),np.float64(234.8571070571329),np.float64(4.915375),
np.float64(0.8193509578704834),np.float64(237.3320176829674),np.float64(4.9145),
np.float64(0.8195419311523438),np.float64(236.49822426356863),np.float64(4.91575),
np.float64(0.819760799407959),np.float64(235.8100138221601),np.float64(4.916),
np.float64(0.8199648857116699),np.float64(233.8247913950201),np.float64(4.917),
np.float64(0.8201398849487305),np.float64(233.67920841702983),np.float64(4.917375),
np.float64(0.8203377723693848),np.float64(233.26892911542092),np.float64(4.91925),
np.float64(0.8205358982086182),np.float64(229.78817245983547),np.float64(4.919125),
np.float64(0.820728063583374),np.float64(231.0322451808432),np.float64(4.918875),
np.float64(0.8209118843078613),np.float64(231.16459334265252),np.float64(4.9182500000000005),
np.float64(0.8211588859558105),np.float64(232.1439697400416),np.float64(4.91725),
np.float64(0.8213539123535156),np.float64(232.69983201964078),np.float64(4.91725),
np.float64(0.8215537071228027),np.float64(232.97776315944037),np.float64(4.917375),
np.float64(0.821746826171875),np.float64(233.40127727723024),np.float64(4.91625),
np.float64(0.8219618797302246),np.float64(234.1821314319053),np.float64(4.916625),
np.float64(0.8221397399902344),np.float64(233.69244323321078),np.float64(4.9165),
np.float64(0.8223638534545898),np.float64(234.3409492260765),np.float64(4.917),
np.float64(0.8225610256195068),np.float64(233.44098172577304),np.float64(4.917125),
np.float64(0.82275390625),np.float64(233.40127727723024),np.float64(4.916375),
np.float64(0.8229596614837646),np.float64(235.58502194708421),np.float64(4.915),
np.float64(0.8231468200683594),np.float64(235.87618790306476),np.float64(4.915625),
np.float64(0.8233509063720703),np.float64(235.0159248513041),np.float64(4.9165),
np.float64(0.8235399723052979),np.float64(233.59979951994424),np.float64(4.91625),
np.float64(0.8237569332122803),np.float64(234.19536624808623),np.float64(4.916875),
np.float64(0.8239688873291016),np.float64(233.91743510828664),np.float64(4.917),
np.float64(0.8241498470306396),np.float64(233.95713955682945),np.float64(4.9165),
np.float64(0.8243210315704346),np.float64(234.01007882155318),np.float64(4.91625),
np.float64(0.8245418071746826),np.float64(234.23507069662904),np.float64(4.916625),
np.float64(0.8247418403625488),np.float64(234.01007882155318),np.float64(4.917625),
np.float64(0.8249788284301758),np.float64(233.3880424610493),np.float64(4.917),
np.float64(0.8251538276672363),np.float64(233.42774690959212),np.float64(4.916875),
np.float64(0.8253490924835205),np.float64(233.52039062285866),np.float64(4.917),
np.float64(0.8255479335784912),np.float64(233.63950396848705),np.float64(4.917125),
np.float64(0.8257529735565186),np.float64(234.2615403289909),np.float64(4.9165),
np.float64(0.8259468078613281),np.float64(233.91743510828664),np.float64(4.916875),
np.float64(0.8261148929595947),np.float64(233.29539874778277),np.float64(4.917),
np.float64(0.8263590335845947),np.float64(233.53362543903958),np.float64(4.91625),
np.float64(0.8265628814697266),np.float64(234.11595735100065),np.float64(4.916875),
np.float64(0.8267498016357422),np.float64(234.08948771863876),np.float64(4.915125),
np.float64(0.8269758224487305),np.float64(235.75707455743637),np.float64(4.915875),
np.float64(0.8271458148956299),np.float64(235.10856856457062),np.float64(4.916),
np.float64(0.8273477554321289),np.float64(234.80416779240917),np.float64(4.91625),
np.float64(0.8275618553161621),np.float64(234.55270628497144),np.float64(4.91575),
np.float64(0.8277568817138672),np.float64(234.7379937115045),np.float64(4.916625),
np.float64(0.8279569149017334),np.float64(234.4203581231621),np.float64(4.9165),
np.float64(0.8281567096710205),np.float64(233.9836091891913),np.float64(4.9165),
np.float64(0.8283357620239258),np.float64(234.23507069662904),np.float64(4.9165),
np.float64(0.8285276889801025),np.float64(234.0233136377341),np.float64(4.91675),
np.float64(0.8287198543548584),np.float64(233.9439047406485),np.float64(4.916125),
np.float64(0.8289618492126465),np.float64(233.8644958435629),np.float64(4.917125),
np.float64(0.8291277885437012),np.float64(233.49392099049678),np.float64(4.9175),
np.float64(0.8293249607086182),np.float64(232.50130977692677),np.float64(4.918875),
np.float64(0.8295719623565674),np.float64(230.92636665139574),np.float64(4.91875),
np.float64(0.8298139572143555),np.float64(231.57487264426146),np.float64(4.9175),
np.float64(0.8299570083618164),np.float64(233.00423279180225),np.float64(4.917875),
np.float64(0.8301398754119873),np.float64(233.73214768175356),np.float64(4.91675),
np.float64(0.8303511142730713),np.float64(234.3012447775337),np.float64(4.917125),
np.float64(0.8305399417877197),np.float64(233.93066992446757),np.float64(4.916875),
np.float64(0.8307309150695801),np.float64(234.23507069662904),np.float64(4.91725),
np.float64(0.8309478759765625),np.float64(236.5379287121114),np.float64(4.91325),
np.float64(0.8311290740966797),np.float64(236.8820339328157),np.float64(4.91575),
np.float64(0.8313219547271729),np.float64(237.3981917638721),np.float64(4.915),
np.float64(0.8315219879150391),np.float64(236.64380724155887),np.float64(4.917),
np.float64(0.8317399024963379),np.float64(234.83063742477103),np.float64(4.916625),
np.float64(0.8319528102874756),np.float64(234.71152407914263),np.float64(4.91675),
np.float64(0.83213210105896),np.float64(230.96607109993852),np.float64(4.9195),
np.float64(0.832334041595459),np.float64(231.52193337953773),np.float64(4.9185),
np.float64(0.8325307369232178),np.float64(232.19690900476533),np.float64(4.91725),
np.float64(0.8327288627624512),np.float64(233.79832176265825),np.float64(4.91675),
np.float64(0.8329668045043945),np.float64(233.8644958435629),np.float64(4.916625),
np.float64(0.8331377506256104),np.float64(233.5468602552205),np.float64(4.917),
np.float64(0.8333427906036377),np.float64(234.0233136377341),np.float64(4.91675),
np.float64(0.8335380554199219),np.float64(233.7850869464773),np.float64(4.917375),
np.float64(0.8337318897247314),np.float64(232.7527712843645),np.float64(4.918),
np.float64(0.8339250087738037),np.float64(233.59979951994424),np.float64(4.9175),
np.float64(0.8341178894042969),np.float64(233.32186838014465),np.float64(4.91725),
np.float64(0.8343400955200195),np.float64(233.5733298875824),np.float64(4.91675),
np.float64(0.8345398902893066),np.float64(234.28800996135277),np.float64(4.917375),
np.float64(0.8347358703613281),np.float64(234.1027225348197),np.float64(4.917),
np.float64(0.8349778652191162),np.float64(234.01007882155318),np.float64(4.917625),
np.float64(0.8351249694824219),np.float64(233.13658095361157),np.float64(4.9182500000000005),
np.float64(0.8353269100189209),np.float64(232.95129352707852),np.float64(4.9175),
np.float64(0.8355498313903809),np.float64(233.44098172577304),np.float64(4.91725),
np.float64(0.8357489109039307),np.float64(234.11595735100065),np.float64(4.918),
np.float64(0.8359549045562744),np.float64(234.44682775552397),np.float64(4.913625),
np.float64(0.8361530303955078),np.float64(237.19966952115809),np.float64(4.91575),
np.float64(0.8363387584686279),np.float64(235.75707455743637),np.float64(4.915625),
np.float64(0.8365428447723389),np.float64(235.21444709401808),np.float64(4.9165),
np.float64(0.8367500305175781),np.float64(233.97037437301037),np.float64(4.917125),
np.float64(0.836982011795044),np.float64(233.29539874778277),np.float64(4.91725),
np.float64(0.8371467590332031),np.float64(230.88666220285293),np.float64(4.92025),
np.float64(0.8373408317565918),np.float64(229.682293930388),np.float64(4.91875),
np.float64(0.8375418186187744),np.float64(230.9528362837576),np.float64(4.9185),
np.float64(0.8377556800842285),np.float64(231.79986451933732),np.float64(4.91775),
np.float64(0.8379418849945068),np.float64(232.66012757109797),np.float64(4.918),
np.float64(0.8381507396697998),np.float64(233.59979951994424),np.float64(4.91725),
np.float64(0.8383526802062988),np.float64(233.75861731411544),np.float64(4.91725),
np.float64(0.8385467529296875),np.float64(233.11011132124972),np.float64(4.918),
np.float64(0.838749885559082),np.float64(233.20275503451626),np.float64(4.9175),
np.float64(0.8389749526977539),np.float64(233.4145120934112),np.float64(4.917375),
np.float64(0.8391528129577637),np.float64(233.7850869464773),np.float64(4.91775),
np.float64(0.8393478393554688),np.float64(233.62626915230612),np.float64(4.91775),
np.float64(0.8395681381225586),np.float64(233.45421654195397),np.float64(4.915875),
np.float64(0.8398079872131348),np.float64(236.3791109179402),np.float64(4.916375),
np.float64(0.8399748802185059),np.float64(235.1747426454753),np.float64(4.91725),
np.float64(0.8401458263397217),np.float64(233.46745135813492),np.float64(4.91725),
np.float64(0.8403418064117432),np.float64(233.67920841702983),np.float64(4.918),
np.float64(0.8405396938323975),np.float64(234.60564554969517),np.float64(4.917375),
np.float64(0.8407337665557861),np.float64(234.28800996135277),np.float64(4.9165),
np.float64(0.840965747833252),np.float64(235.28062117492277),np.float64(4.91725),
np.float64(0.8411350250244141),np.float64(234.3806536746193),np.float64(4.918),
np.float64(0.8413407802581787),np.float64(233.56009507140143),np.float64(4.9175),
np.float64(0.8415470123291016),np.float64(233.83802621120103),np.float64(4.91725),
np.float64(0.8418087959289551),np.float64(233.56009507140143),np.float64(4.917625),
np.float64(0.8419678211212158),np.float64(233.5071558066777),np.float64(4.91725),
np.float64(0.8421409130096436),np.float64(233.62626915230612),np.float64(4.917625),
np.float64(0.8424539566040039),np.float64(233.5806468033785),np.float64(4.918125),
np.float64(0.8425509929656982),np.float64(233.0777080339417),np.float64(4.9175),
np.float64(0.8428158760070801),np.float64(233.75270480344898),np.float64(4.9175),
np.float64(0.8429718017578125),np.float64(233.18358988013892),np.float64(4.91775),
np.float64(0.8433558940887451),np.float64(233.3291774186601),np.float64(4.918),
np.float64(0.8435478210449219),np.float64(233.14388418781496),np.float64(4.917875),
np.float64(0.8438489437103271),np.float64(236.91592495859095),np.float64(4.914375),
np.float64(0.8439700603485107),np.float64(237.02180680478816),np.float64(4.9165),
np.float64(0.8441457748413086),np.float64(236.08210541978784),np.float64(4.916625),
np.float64(0.8443429470062256),np.float64(235.3409324964073),np.float64(4.91725),
np.float64(0.8445727825164795),np.float64(234.54681864992813),np.float64(4.9175),
np.float64(0.8447568416595459),np.float64(233.50123541873057),np.float64(4.91875),
np.float64(0.8449440002441406),np.float64(229.88801741725044),np.float64(4.920375),
np.float64(0.8451488018035889),np.float64(230.74830741760286),np.float64(4.9190000000000005),
np.float64(0.8453559875488281),np.float64(232.00565434119486),np.float64(4.9185),
np.float64(0.8455448150634766),np.float64(232.20418280281464),np.float64(4.9186250000000005),
np.float64(0.8457419872283936),np.float64(232.70712157225142),np.float64(4.91875),
np.float64(0.8459608554840088),np.float64(232.37624080288512),np.float64(4.9185),
np.float64(0.8461287021636963),np.float64(232.91888526464587),np.float64(4.917125),
np.float64(0.8463490009307861),np.float64(233.47476495718126),np.float64(4.918125),
np.float64(0.8465487957000732),np.float64(233.19682511091358),np.float64(4.91775),
np.float64(0.8468117713928223),np.float64(233.26300126478685),np.float64(4.917625),
np.float64(0.8469700813293457),np.float64(233.8056457265476),np.float64(4.918125),
np.float64(0.8471479415893555),np.float64(234.01740941894204),np.float64(4.9175),
np.float64(0.8473489284515381),np.float64(234.22917311133648),np.float64(4.917375),
np.float64(0.847538948059082),np.float64(233.50123541873057),np.float64(4.918125),
np.float64(0.8477358818054199),np.float64(234.1100560343646),np.float64(4.9175),
np.float64(0.8479337692260742),np.float64(234.87769941929446),np.float64(4.915375),
np.float64(0.8481588363647461),np.float64(236.49239757380207),np.float64(4.9165),
np.float64(0.8483519554138184),np.float64(235.3409324964073),np.float64(4.917875),
np.float64(0.8485507965087891),np.float64(233.9115275727448),np.float64(4.91725),
np.float64(0.8488149642944336),np.float64(234.49387772682954),np.float64(4.917375),
np.float64(0.8489699363708496),np.float64(235.03652218859028),np.float64(4.91675),
np.float64(0.8491430282592773),np.float64(235.49975526570313),np.float64(4.9165),
np.float64(0.8493397235870361),np.float64(235.07622788091425),np.float64(4.917125),
np.float64(0.8495416641235352),np.float64(234.45417203450558),np.float64(4.917375),
np.float64(0.849733829498291),np.float64(233.79241049577294),np.float64(4.917375),
np.float64(0.8499748706817627),np.float64(234.1100560343646),np.float64(4.918),
np.float64(0.8501448631286621),np.float64(233.3821183417587),np.float64(4.91725),
np.float64(0.8503479957580566),np.float64(233.99093895739273),np.float64(4.917625),
np.float64(0.8505489826202393),np.float64(233.5806468033785),np.float64(4.9175),
np.float64(0.8508107662200928),np.float64(233.67329341880108),np.float64(4.918),
np.float64(0.8509349822998047),np.float64(234.0306446497167),np.float64(4.91725),
np.float64(0.8511438369750977),np.float64(233.73946957267432),np.float64(4.917375),
np.float64(0.8513479232788086),np.float64(233.79241049577294),np.float64(4.917375),
np.float64(0.8515398502349854),np.float64(234.33505495753369),np.float64(4.917),
np.float64(0.8518099784851074),np.float64(233.76594003422363),np.float64(4.91875),
np.float64(0.8519730567932129),np.float64(233.50123541873057),np.float64(4.917),
np.float64(0.8521437644958496),np.float64(233.79241049577294),np.float64(4.917),
np.float64(0.8523688316345215),np.float64(234.59975957302674),np.float64(4.91625),
np.float64(0.8525600433349609),np.float64(237.49827511267566),np.float64(4.914375),
np.float64(0.8528449535369873),np.float64(237.07474772788677),np.float64(4.915125),
np.float64(0.8529887199401855),np.float64(236.38651572760483),np.float64(4.91675),
np.float64(0.8531749248504639),np.float64(235.02328695781563),np.float64(4.916625),
np.float64(0.8533539772033691),np.float64(234.32181972675903),np.float64(4.9185),
np.float64(0.853571891784668),np.float64(233.72623434189967),np.float64(4.920625),
np.float64(0.8538317680358887),np.float64(229.26596157084177),np.float64(4.919625),
np.float64(0.853989839553833),np.float64(230.88065972534937),np.float64(4.917625),
np.float64(0.8541748523712158),np.float64(234.1629969574632),np.float64(4.918375),
np.float64(0.8543438911437988),np.float64(231.1850700331664),np.float64(4.91925),
np.float64(0.8545668125152588),np.float64(232.20418280281464),np.float64(4.918125),
np.float64(0.854834794998169),np.float64(233.63358772647712),np.float64(4.9165),
np.float64(0.8549978733062744),np.float64(234.24240834211113),np.float64(4.916875),
np.float64(0.8552889823913574),np.float64(233.8585866496462),np.float64(4.91725),
np.float64(0.8554019927978516),np.float64(233.89829234197015),np.float64(4.91775),
np.float64(0.8555707931518555),np.float64(234.057115111266),np.float64(4.917),
np.float64(0.8558378219604492),np.float64(234.361525419083),np.float64(4.917625),
np.float64(0.8559918403625488),np.float64(233.88505711119552),np.float64(4.918),
np.float64(0.8561677932739258),np.float64(233.48800018795592),np.float64(4.917125),
np.float64(0.8563618659973145),np.float64(235.98945880436526),np.float64(4.915),
np.float64(0.8565659523010254),np.float64(236.30710434295693),np.float64(4.9165),
np.float64(0.8568370342254639),np.float64(234.77181757309722),np.float64(4.91775),
np.float64(0.8570048809051514),np.float64(233.64682295725177),np.float64(4.91725),
np.float64(0.8571858406066895),np.float64(233.6865286495757),np.float64(4.916375),
np.float64(0.8573858737945557),np.float64(233.87182188042087),np.float64(4.9175),
np.float64(0.8575699329376221),np.float64(234.49387772682954),np.float64(4.9165),
np.float64(0.8578338623046875),np.float64(234.74534711154791),np.float64(4.917),
np.float64(0.8579890727996826),np.float64(234.33505495753369),np.float64(4.917375),
np.float64(0.8581550121307373),np.float64(234.49387772682954),np.float64(4.917),
np.float64(0.8583600521087646),np.float64(234.52034818837882),np.float64(4.917625),
np.float64(0.858555793762207),np.float64(234.0306446497167),np.float64(4.917),
np.float64(0.8588137626647949),np.float64(233.42182403408268),np.float64(4.9185),
np.float64(0.858975887298584),np.float64(233.27623649556148),np.float64(4.918125),
np.float64(0.8591411113739014),np.float64(233.5806468033785),np.float64(4.917625),
np.float64(0.859360933303833),np.float64(233.52770588027988),np.float64(4.917625),
np.float64(0.8595659732818604),np.float64(233.96446849584342),np.float64(4.9175),
np.float64(0.8598136901855469),np.float64(233.71299911112501),np.float64(4.917375),
np.float64(0.8599820137023926),np.float64(236.6512203430979),np.float64(4.914875),
np.float64(0.8601651191711426),np.float64(236.0953406505625),np.float64(4.917),
np.float64(0.8603560924530029),np.float64(234.93064034239305),np.float64(4.916625),
np.float64(0.8605539798736572),np.float64(234.6129948038014),np.float64(4.91725),
np.float64(0.8608250617980957),np.float64(234.20270264978717),np.float64(4.917),
np.float64(0.8609697818756104),np.float64(233.88505711119552),np.float64(4.917),
np.float64(0.861151933670044),np.float64(232.0453600335188),np.float64(4.9186250000000005),
np.float64(0.8613479137420654),np.float64(231.846831571899),np.float64(4.918875),
np.float64(0.861569881439209),np.float64(231.83359634112435),np.float64(4.918),
np.float64(0.8618338108062744),np.float64(233.36888311098406),np.float64(4.9175),
np.float64(0.8619980812072754),np.float64(233.97770372661807),np.float64(4.917625),
np.float64(0.8621838092803955),np.float64(234.18946741901252),np.float64(4.91475),
np.float64(0.8623747825622559),np.float64(237.72327403584475),np.float64(4.9145),
np.float64(0.8625667095184326),np.float64(236.0953406505625),np.float64(4.9155),
np.float64(0.8628368377685547),np.float64(234.90416988084377),np.float64(4.917125),
np.float64(0.8629980087280273),np.float64(233.3821183417587),np.float64(4.917),
np.float64(0.863170862197876),np.float64(232.95859095696983),np.float64(4.918),
np.float64(0.8633749485015869),np.float64(231.44977464865943),np.float64(4.921),
np.float64(0.8635718822479248),np.float64(229.68948895563065),np.float64(4.9193750000000005),
np.float64(0.8638348579406738),np.float64(231.11889387929313),np.float64(4.91875),
np.float64(0.8639929294586182),np.float64(232.50859311063164),np.float64(4.9175),
np.float64(0.864189863204956),np.float64(233.81888095732225),np.float64(4.91775),
np.float64(0.8643858432769775),np.float64(233.31594218788544),np.float64(4.9165),
np.float64(0.8645837306976318),np.float64(233.72623434189967),np.float64(4.916125),
np.float64(0.8648338317871094),np.float64(236.227692958309),np.float64(4.915625),
np.float64(0.8650009632110596),np.float64(235.1953449578861),np.float64(4.916625),
np.float64(0.8651769161224365),np.float64(233.69976388035036),np.float64(4.918),
np.float64(0.8653748035430908),np.float64(233.0777080339417),np.float64(4.91725),
np.float64(0.8655779361724854),np.float64(233.8056457265476),np.float64(4.9165),
np.float64(0.8658270835876465),np.float64(234.3879958806323),np.float64(4.917),
np.float64(0.8659729957580566),np.float64(234.6394652653507),np.float64(4.9165),
np.float64(0.8661470413208008),np.float64(234.29534926520975),np.float64(4.917),
np.float64(0.8663930892944336),np.float64(234.73211188077326),np.float64(4.91725),
np.float64(0.866584062576294),np.float64(234.21593788056182),np.float64(4.91675),
np.float64(0.8668270111083984),np.float64(233.11741372626565),np.float64(4.9175),
np.float64(0.8669910430908203),np.float64(232.64094541837818),np.float64(4.9190000000000005),
np.float64(0.8671820163726807),np.float64(232.66741587992746),np.float64(4.918),
np.float64(0.8673861026763916),np.float64(234.22917311133648),np.float64(4.91625),
np.float64(0.8675849437713623),np.float64(234.18946741901252),np.float64(4.91725),
np.float64(0.8678379058837891),np.float64(233.75270480344898),np.float64(4.91675),
np.float64(0.8681678771972656),np.float64(233.79241049577294),np.float64(4.917625),
np.float64(0.8683440685272217),np.float64(233.39535357253337),np.float64(4.917125),
np.float64(0.868459939956665),np.float64(234.17623218823786),np.float64(4.9175),
np.float64(0.8686010837554932),np.float64(233.43505926485733),np.float64(4.9175),
np.float64(0.8688318729400635),np.float64(233.97770372661807),np.float64(4.914875),
np.float64(0.8689818382263184),np.float64(237.9350377282392),np.float64(4.915),
np.float64(0.8691868782043457),np.float64(236.82327834316837),np.float64(4.9165),
np.float64(0.8693816661834717),np.float64(235.03652218859028),np.float64(4.916125),
np.float64(0.8695857524871826),np.float64(234.87769941929446),np.float64(4.9175),
np.float64(0.8698339462280273),np.float64(234.07035034204065),np.float64(4.91775),
np.float64(0.8699958324432373),np.float64(232.66741587992746),np.float64(4.92125),
np.float64(0.8701827526092529),np.float64(229.62331280175738),np.float64(4.918875),
np.float64(0.8703720569610596),np.float64(231.0130120330959),np.float64(4.9186250000000005),
np.float64(0.8705887794494629),np.float64(232.37624080288512),np.float64(4.918),
np.float64(0.8708338737487793),np.float64(232.78653295689935),np.float64(4.9185),
np.float64(0.8709957599639893),np.float64(232.78653295689935),np.float64(4.9185),
np.float64(0.8711848258972168),np.float64(232.41594649520908),np.float64(4.9182500000000005),
np.float64(0.871392011642456),np.float64(232.5747692645049),np.float64(4.91775),
np.float64(0.8715870380401611),np.float64(233.42182403408268),np.float64(4.917625),
np.float64(0.8718340396881104),np.float64(233.5806468033785),np.float64(4.917),
np.float64(0.871999979019165),np.float64(233.9379980342941),np.float64(4.917625),
np.float64(0.8721756935119629),np.float64(233.6071172649278),np.float64(4.917),
np.float64(0.8723859786987305),np.float64(233.62035249570246),np.float64(4.917125),
np.float64(0.8725769519805908),np.float64(234.09682080358996),np.float64(4.91775),
np.float64(0.8728377819061279),np.float64(233.5806468033785),np.float64(4.91725),
np.float64(0.8729970455169678),np.float64(234.54681864992813),np.float64(4.916125),
np.float64(0.8731718063354492),np.float64(235.57916665035103),np.float64(4.916125),
np.float64(0.8733899593353271),np.float64(234.9438755731677),np.float64(4.9165),
np.float64(0.873586893081665),np.float64(234.09682080358996),np.float64(4.9175),
np.float64(0.8738338947296143),np.float64(233.56741157260385),np.float64(4.91775),
np.float64(0.8739917278289795),np.float64(234.01740941894204),np.float64(4.917),
np.float64(0.8741858005523682),np.float64(234.42770157295627),np.float64(4.9175),
np.float64(0.8743710517883301),np.float64(234.74534711154791),np.float64(4.917),
np.float64(0.8745849132537842),np.float64(234.45417203450558),np.float64(4.91675),
np.float64(0.8748338222503662),np.float64(234.18946741901252),np.float64(4.91775),
np.float64(0.8750131130218506),np.float64(233.5806468033785),np.float64(4.9175),
np.float64(0.8751857280731201),np.float64(233.66005818802643),np.float64(4.9175),
np.float64(0.8753879070281982),np.float64(233.06447280316704),np.float64(4.91775),
np.float64(0.875586986541748),np.float64(233.89829234197015),np.float64(4.9175),
np.float64(0.8758378028869629),np.float64(234.1629969574632),np.float64(4.91725),
np.float64(0.8760039806365967),np.float64(233.95123326506877),np.float64(4.917375),
np.float64(0.8761799335479736),np.float64(234.26887880366044),np.float64(4.917125),
np.float64(0.8763659000396729),np.float64(233.67329341880108),np.float64(4.918),
np.float64(0.8765718936920166),np.float64(233.52770588027988),np.float64(4.917625),
np.float64(0.8768129348754883),np.float64(233.21006034168823),np.float64(4.9186250000000005),
np.float64(0.876976728439331),np.float64(233.3027069571108),np.float64(4.91475),
np.float64(0.8771708011627197),np.float64(237.56445126654893),np.float64(4.91525),
np.float64(0.8773679733276367),np.float64(236.24092818908366),np.float64(4.916125),
np.float64(0.8775758743286133),np.float64(234.85122895774515),np.float64(4.916625),
np.float64(0.8778069019317627),np.float64(234.69240618844933),np.float64(4.91675),
np.float64(0.877971887588501),np.float64(234.74534711154791),np.float64(4.918),
np.float64(0.8781599998474121),np.float64(232.53506357218095),np.float64(4.92125),
np.float64(0.8783819675445557),np.float64(229.23949110929246),np.float64(4.9190000000000005),
np.float64(0.8785688877105713),np.float64(231.33065757168757),np.float64(4.9190000000000005),
np.float64(0.8788108825683594),np.float64(231.92624295654693),np.float64(4.918375),
np.float64(0.8789739608764648),np.float64(233.87182188042087),np.float64(4.91575),
np.float64(0.879166841506958),np.float64(234.33505495753369),np.float64(4.91925),
np.float64(0.8793618679046631),np.float64(231.63506787950456),np.float64(4.9182500000000005),
np.float64(0.8795609474182129),np.float64(232.69388634147677),np.float64(4.918),
np.float64(0.8798067569732666),np.float64(233.0512375723924),np.float64(4.91775),
np.float64(0.8799610137939453),np.float64(233.31594218788544),np.float64(4.916875),
np.float64(0.8801751136779785),np.float64(234.78505280387188),np.float64(4.917125),
np.float64(0.880368709564209),np.float64(234.2821140344351),np.float64(4.91675),
np.float64(0.8805780410766602),np.float64(234.2821140344351),np.float64(4.91675),
np.float64(0.8808298110961914),np.float64(234.33505495753369),np.float64(4.91675),
np.float64(0.8809719085693359),np.float64(234.12329126513924),np.float64(4.91775),
np.float64(0.8811588287353516),np.float64(233.63358772647712),np.float64(4.917125),
np.float64(0.8813858032226562),np.float64(235.80416557352012),np.float64(4.91525),
np.float64(0.8815758228302002),np.float64(235.85710649661874),np.float64(4.91675),
np.float64(0.8818109035491943),np.float64(234.26887880366044),np.float64(4.917),
np.float64(0.8819758892059326),np.float64(233.92476280351946),np.float64(4.9175),
np.float64(0.8821759223937988),np.float64(234.22917311133648),np.float64(4.917125),
np.float64(0.8823647499084473),np.float64(234.42770157295627),np.float64(4.916375),
np.float64(0.8825650215148926),np.float64(234.56005388070278),np.float64(4.91675),
np.float64(0.8828070163726807),np.float64(234.65270049612536),np.float64(4.91675),
np.float64(0.8829658031463623),np.float64(234.44093680373092),np.float64(4.9175),
np.float64(0.8831779956817627),np.float64(234.04387988049135),np.float64(4.9175),
np.float64(0.8833858966827393),np.float64(234.20270264978717),np.float64(4.917375),
np.float64(0.883591890335083),np.float64(233.87182188042087),np.float64(4.9175),
np.float64(0.8838388919830322),np.float64(233.96446849584342),np.float64(4.917375),
np.float64(0.8840010166168213),np.float64(234.53358341915347),np.float64(4.9175),
np.float64(0.8842048645019531),np.float64(235.79093034274547),np.float64(4.915875),
np.float64(0.8843770027160645),np.float64(235.77769511197081),np.float64(4.9165),
np.float64(0.8845958709716797),np.float64(233.50123541873057),np.float64(4.9182500000000005),
np.float64(0.8848128318786621),np.float64(233.19682511091358),np.float64(4.9175),
np.float64(0.8849959373474121),np.float64(233.72623434189967),np.float64(4.917625),
np.float64(0.885206937789917),np.float64(233.81888095732225),np.float64(4.915375),
np.float64(0.8853919506072998),np.float64(237.67033311274614),np.float64(4.915),
np.float64(0.8855948448181152),np.float64(236.02916449668922),np.float64(4.917),
np.float64(0.8858358860015869),np.float64(235.314462034858),np.float64(4.91575),
np.float64(0.8859927654266357),np.float64(234.71887664999863),np.float64(4.91775),
np.float64(0.8862059116363525),np.float64(235.18210972711145),np.float64(4.9165),
np.float64(0.8863940238952637),np.float64(233.63358772647712),np.float64(4.921125),
np.float64(0.8865888118743896),np.float64(229.14684449386988),np.float64(4.9193750000000005),
np.float64(0.8868269920349121),np.float64(231.09242341774382),np.float64(4.9190000000000005),
np.float64(0.8869888782501221),np.float64(232.0983009566174),np.float64(4.917125),
np.float64(0.8871989250183105),np.float64(232.8791795723219),np.float64(4.916875),
np.float64(0.887394905090332),np.float64(233.48800018795592),np.float64(4.9185),
np.float64(0.8875858783721924),np.float64(232.0718304950681),np.float64(4.917),
np.float64(0.8878340721130371),np.float64(233.75270480344898),np.float64(4.9175),
np.float64(0.8880198001861572),np.float64(235.30122680408334),np.float64(4.9155),
np.float64(0.8881897926330566),np.float64(233.5541763418292),np.float64(4.917),
np.float64(0.8883969783782959),np.float64(233.43505926485733),np.float64(4.91725),
np.float64(0.888592004776001),np.float64(233.66005818802643),np.float64(4.916875),
np.float64(0.8888299465179443),np.float64(232.98506141851914),np.float64(4.917),
np.float64(0.8889930248260498),np.float64(233.72623434189967),np.float64(4.91725),
np.float64(0.8891918659210205),np.float64(234.01740941894204),np.float64(4.9165),
np.float64(0.8893759250640869),np.float64(234.14976172668855),np.float64(4.916625),
np.float64(0.8895838260650635),np.float64(234.18946741901252),np.float64(4.915625),
np.float64(0.889819860458374),np.float64(236.13504634288645),np.float64(4.91475),
np.float64(0.8899970054626465),np.float64(235.85710649661874),np.float64(4.916),
np.float64(0.8901770114898682),np.float64(234.21593788056182),np.float64(4.917),
np.float64(0.890380859375),np.float64(234.09682080358996),np.float64(4.9165),
np.float64(0.8905761241912842),np.float64(234.14976172668855),np.float64(4.91625),
np.float64(0.8908259868621826),np.float64(236.08210541978784),np.float64(4.915),
np.float64(0.8909859657287598),np.float64(234.20270264978717),np.float64(4.9175),
np.float64(0.8911778926849365),np.float64(233.1306489570403),np.float64(4.917),
np.float64(0.8913977146148682),np.float64(233.21006034168823),np.float64(4.917),
np.float64(0.891589879989624),np.float64(233.69976388035036),np.float64(4.917625),
np.float64(0.8918259143829346),np.float64(232.83947387999797),np.float64(4.917),
np.float64(0.8919978141784668),np.float64(233.18358988013892),np.float64(4.91525),
np.float64(0.8921759128570557),np.float64(235.94975311204132),np.float64(4.91625),
np.float64(0.8923890590667725),np.float64(232.94535572619517),np.float64(4.9175),
np.float64(0.892596960067749),np.float64(233.01153188006845),np.float64(4.917),
np.float64(0.892812967300415),np.float64(233.39535357253337),np.float64(4.91725),
np.float64(0.8930017948150635),np.float64(234.67917095767467),np.float64(4.915),
np.float64(0.893190860748291),np.float64(236.4526918814781),np.float64(4.915),
np.float64(0.8933837413787842),np.float64(235.85710649661874),np.float64(4.91575),
np.float64(0.89369797706604),np.float64(234.79828803464653),np.float64(4.91625),
np.float64(0.8938219547271729),np.float64(234.42770157295627),np.float64(4.91625),
np.float64(0.8939728736877441),np.float64(234.34829018830834),np.float64(4.917375),
np.float64(0.8941779136657715),np.float64(233.71299911112501),np.float64(4.91775),
np.float64(0.8943748474121094),np.float64(231.56889172563132),np.float64(4.918875),
np.float64(0.8945739269256592),np.float64(231.93947818732158),np.float64(4.91625),
np.float64(0.8948178291320801),np.float64(232.95859095696983),np.float64(4.918125),
np.float64(0.894981861114502),np.float64(232.45565218753302),np.float64(4.917375),
np.float64(0.8951747417449951),np.float64(233.01153188006845),np.float64(4.9175),
np.float64(0.8953688144683838),np.float64(232.8527091107726),np.float64(4.917),
np.float64(0.8955938816070557),np.float64(236.16151680443576),np.float64(4.91475),
np.float64(0.8958179950714111),np.float64(236.36004526605555),np.float64(4.915875),
np.float64(0.8959958553314209),np.float64(234.90416988084377),np.float64(4.917625),
np.float64(0.8961830139160156),np.float64(233.44829449563198),np.float64(4.916375),
np.float64(0.8963849544525146),np.float64(234.01740941894204),np.float64(4.9175),
np.float64(0.8965778350830078),np.float64(232.72035680302608),np.float64(4.9155),
np.float64(0.8968179225921631),np.float64(234.1365264959139),np.float64(4.92025),
np.float64(0.896979808807373),np.float64(230.17919249429278),np.float64(4.917625),
np.float64(0.8971817493438721),np.float64(232.0453600335188),np.float64(4.918),
np.float64(0.89739990234375),np.float64(232.56153403373025),np.float64(4.915875),
np.float64(0.8975958824157715),np.float64(233.7791752649983),np.float64(4.917),
np.float64(0.8978197574615479),np.float64(233.63358772647712),np.float64(4.916625),
np.float64(0.8980059623718262),np.float64(234.09682080358996),np.float64(4.915),
np.float64(0.8981900215148926),np.float64(235.91004741971736),np.float64(4.91525),
np.float64(0.8983941078186035),np.float64(235.47328480415382),np.float64(4.915625),
np.float64(0.898601770401001),np.float64(234.53358341915347),np.float64(4.916),
np.float64(0.8988199234008789),np.float64(234.49387772682954),np.float64(4.91675),
np.float64(0.8989739418029785),np.float64(234.09682080358996),np.float64(4.91675),
np.float64(0.8991930484771729),np.float64(234.8644641885198),np.float64(4.915875),
np.float64(0.8993809223175049),np.float64(235.63210757344964),np.float64(4.915875),
np.float64(0.8995890617370605),np.float64(234.57328911147744),np.float64(4.916125),
np.float64(0.8998157978057861),np.float64(233.72623434189967),np.float64(4.9165),
np.float64(0.899993896484375),np.float64(234.75858234232257),np.float64(4.9175),
np.float64(0.9001798629760742),np.float64(234.057115111266),np.float64(4.915375),
np.float64(0.9003787040710449),np.float64(233.9115275727448),np.float64(4.91725),
np.float64(0.9005959033966064),np.float64(232.6541806491528),np.float64(4.917375),
np.float64(0.9008119106292725),np.float64(232.7732977261247),np.float64(4.917375),
np.float64(0.9009768962860107),np.float64(232.78653295689935),np.float64(4.917375),
np.float64(0.9011938571929932),np.float64(233.15711941858962),np.float64(4.91675),
np.float64(0.901378870010376),np.float64(233.96446849584342),np.float64(4.916625),
np.float64(0.9015710353851318),np.float64(233.95123326506877),np.float64(4.9165),
np.float64(0.901810884475708),np.float64(233.69976388035036),np.float64(4.91675),
np.float64(0.9019758701324463),np.float64(234.22917311133648),np.float64(4.91575),
np.float64(0.9021749496459961),np.float64(234.40123111140696),np.float64(4.9165),
np.float64(0.9023847579956055),np.float64(233.28947172633613),np.float64(4.91675),
np.float64(0.9025819301605225),np.float64(234.18946741901252),np.float64(4.9175),
np.float64(0.9028148651123047),np.float64(233.17035464936427),np.float64(4.917625),
np.float64(0.9029817581176758),np.float64(234.09682080358996),np.float64(4.914375),
np.float64(0.9031848907470703),np.float64(238.01444911288712),np.float64(4.915),
np.float64(0.9033787250518799),np.float64(236.59827941999927),np.float64(4.915625),
np.float64(0.9035937786102295),np.float64(235.2879915733087),np.float64(4.916125),
np.float64(0.9038119316101074),np.float64(234.34829018830834),np.float64(4.917625),
np.float64(0.9039788246154785),np.float64(233.84535141887156),np.float64(4.917),
np.float64(0.90419602394104),np.float64(232.61447495682887),np.float64(4.921375),
np.float64(0.9043958187103271),np.float64(228.33949541661607),np.float64(4.919875),
np.float64(0.9045968055725098),np.float64(230.4571323405605),np.float64(4.918),
np.float64(0.9048209190368652),np.float64(233.09094326471634),np.float64(4.91675),
np.float64(0.9049868583679199),np.float64(233.71299911112501),np.float64(4.91725),
np.float64(0.9051797389984131),np.float64(233.8585866496462),np.float64(4.917),
np.float64(0.9053738117218018),np.float64(233.9115275727448),np.float64(4.91675),
np.float64(0.9055898189544678),np.float64(234.24240834211113),np.float64(4.917),
np.float64(0.9058108329772949),np.float64(234.1629969574632),np.float64(4.916125),
np.float64(0.9059798717498779),np.float64(233.7791752649983),np.float64(4.91625),
np.float64(0.9061858654022217),np.float64(234.1629969574632),np.float64(4.916625),
np.float64(0.9064319133758545),np.float64(235.32769726563265),np.float64(4.91525),
np.float64(0.9066059589385986),np.float64(235.8703417273934),np.float64(4.9165),
np.float64(0.9068138599395752),np.float64(234.33505495753369),np.float64(4.917375),
np.float64(0.9070010185241699),np.float64(233.14388418781496),np.float64(4.917125),
np.float64(0.9071979522705078),np.float64(233.36888311098406),np.float64(4.917375),
np.float64(0.9074039459228516),np.float64(233.6865286495757),np.float64(4.916375),
np.float64(0.9075970649719238),np.float64(234.46740726528023),np.float64(4.916125),
np.float64(0.9078340530395508),np.float64(234.52034818837882),np.float64(4.9165),
np.float64(0.9079947471618652),np.float64(236.4262214199288),np.float64(4.915375),
np.float64(0.9081969261169434),np.float64(234.00417418816738),np.float64(4.91775),
np.float64(0.9083969593048096),np.float64(232.38947603365978),np.float64(4.91775),
np.float64(0.908606767654419),np.float64(232.91888526464587),np.float64(4.917),
np.float64(0.9088358879089355),np.float64(233.36888311098406),np.float64(4.916625),
np.float64(0.9090218544006348),np.float64(233.79241049577294),np.float64(4.91675),
np.float64(0.9092268943786621),np.float64(234.46740726528023),np.float64(4.916375),
np.float64(0.9094147682189941),np.float64(234.30858449598438),np.float64(4.916625),
np.float64(0.9096078872680664),np.float64(233.8321161880969),np.float64(4.91725),
np.float64(0.9098308086395264),np.float64(233.39535357253337),np.float64(4.916625),
np.float64(0.9100048542022705),np.float64(233.76594003422363),np.float64(4.917),
np.float64(0.9102108478546143),np.float64(234.00417418816738),np.float64(4.917),
np.float64(0.9104249477386475),np.float64(236.78357265084443),np.float64(4.914),
np.float64(0.9106180667877197),np.float64(236.58504418922465),np.float64(4.916125),
np.float64(0.9108378887176514),np.float64(234.93064034239305),np.float64(4.91625),
np.float64(0.9110009670257568),np.float64(234.32181972675903),np.float64(4.917),
np.float64(0.9111948013305664),np.float64(233.95123326506877),np.float64(4.91675),
np.float64(0.9114117622375488),np.float64(234.45417203450558),np.float64(4.9175),
np.float64(0.9116017818450928),np.float64(229.86154695570113),np.float64(4.919625),
np.float64(0.9118309020996094),np.float64(230.7880131099268),np.float64(4.9182500000000005),
np.float64(0.9120039939880371),np.float64(233.3556478802094),np.float64(4.91675),
np.float64(0.9122180938720703),np.float64(232.6541806491528),np.float64(4.9182500000000005),
np.float64(0.9124178886413574),np.float64(232.46888741830767),np.float64(4.918),
np.float64(0.9126169681549072),np.float64(232.23065326436392),np.float64(4.917375),
np.float64(0.9128339290618896),np.float64(232.76006249535004),np.float64(4.917625),
np.float64(0.9130158424377441),np.float64(233.2497660340122),np.float64(4.916875),
np.float64(0.9132080078125),np.float64(233.2232955724629),np.float64(4.917125),
np.float64(0.913409948348999),np.float64(234.1100560343646),np.float64(4.916625),
np.float64(0.9136040210723877),np.float64(234.21593788056182),np.float64(4.9165),
np.float64(0.9138379096984863),np.float64(234.24240834211113),np.float64(4.916375),
np.float64(0.914003849029541),np.float64(234.01740941894204),np.float64(4.917),
np.float64(0.9142158031463623),np.float64(234.62623003457605),np.float64(4.91575),
np.float64(0.9144167900085449),np.float64(234.33505495753369),np.float64(4.915875),
np.float64(0.9146149158477783),np.float64(234.32181972675903),np.float64(4.915),
np.float64(0.9148337841033936),np.float64(236.50563280457672),np.float64(4.9145),
np.float64(0.9150147438049316),np.float64(235.94975311204132),np.float64(4.915625),
np.float64(0.9152109622955322),np.float64(234.78505280387188),np.float64(4.91675),
np.float64(0.9154160022735596),np.float64(234.3879958806323),np.float64(4.916125),
np.float64(0.9155890941619873),np.float64(234.1100560343646),np.float64(4.91675),
np.float64(0.9158189296722412),np.float64(233.63358772647712),np.float64(4.916125),
np.float64(0.9159958362579346),np.float64(234.79828803464653),np.float64(4.915375),
np.float64(0.916205883026123),np.float64(235.1953449578861),np.float64(4.915625),
np.float64(0.9163968563079834),np.float64(234.22917311133648),np.float64(4.917),
np.float64(0.9166009426116943),np.float64(233.5541763418292),np.float64(4.9175),
np.float64(0.9168260097503662),np.float64(233.11741372626565),np.float64(4.91675),
np.float64(0.9169976711273193),np.float64(233.11741372626565),np.float64(4.917625),
np.float64(0.9171891212463379),np.float64(233.31594218788544),np.float64(4.91675),
np.float64(0.9173910617828369),np.float64(234.17623218823786),np.float64(4.9165),
np.float64(0.9175920486450195),np.float64(234.21593788056182),np.float64(4.916625),
np.float64(0.9178140163421631),np.float64(234.22917311133648),np.float64(4.9165),
np.float64(0.9180169105529785),np.float64(233.7791752649983),np.float64(4.9165),
np.float64(0.9182009696960449),np.float64(233.97770372661807),np.float64(4.916),
np.float64(0.9184019565582275),np.float64(233.6865286495757),np.float64(4.9165),
np.float64(0.9186019897460938),np.float64(236.0953406505625),np.float64(4.914625),
np.float64(0.9188179969787598),np.float64(235.98945880436526),np.float64(4.915),
np.float64(0.9189980030059814),np.float64(235.1953449578861),np.float64(4.91625),
np.float64(0.9193158149719238),np.float64(234.59975957302674),np.float64(4.915875),
np.float64(0.9194319248199463),np.float64(233.87182188042087),np.float64(4.916625),
np.float64(0.9196038246154785),np.float64(234.14976172668855),np.float64(4.916625),
np.float64(0.9198179244995117),np.float64(231.52918603330735),np.float64(4.92),
np.float64(0.9200119972229004),np.float64(230.02036972499695),np.float64(4.918875),
np.float64(0.9202008247375488),np.float64(231.59536218718063),np.float64(4.9175),
np.float64(0.9203979969024658),np.float64(232.8262386492233),np.float64(4.917),
np.float64(0.9205868244171143),np.float64(233.18358988013892),np.float64(4.9175),
np.float64(0.9208369255065918),np.float64(233.26300126478685),np.float64(4.917),
np.float64(0.9210107326507568),np.float64(232.68065111070212),np.float64(4.917),
np.float64(0.9212090969085693),np.float64(232.98506141851914),np.float64(4.91725),
np.float64(0.9214339256286621),np.float64(233.5541763418292),np.float64(4.916625),
np.float64(0.9216129779815674),np.float64(233.67329341880108),np.float64(4.916625),
np.float64(0.9218318462371826),np.float64(234.00417418816738),np.float64(4.91725),
np.float64(0.9220190048217773),np.float64(233.6071172649278),np.float64(4.917),
np.float64(0.9222230911254883),np.float64(233.73946957267432),np.float64(4.916625),
np.float64(0.922421932220459),np.float64(233.64682295725177),np.float64(4.91675),
np.float64(0.9226088523864746),np.float64(233.43505926485733),np.float64(4.91675),
np.float64(0.9228188991546631),np.float64(233.36888311098406),np.float64(4.916875),
np.float64(0.9230120182037354),np.float64(234.29534926520975),np.float64(4.915),
np.float64(0.9232077598571777),np.float64(235.81740080429478),np.float64(4.91575),
np.float64(0.9234328269958496),np.float64(234.67917095767467),np.float64(4.91675),
np.float64(0.9236247539520264),np.float64(233.44829449563198),np.float64(4.9165),
np.float64(0.9238379001617432),np.float64(233.8585866496462),np.float64(4.9165),
np.float64(0.9240198135375977),np.float64(233.96446849584342),np.float64(4.916375),
np.float64(0.9242069721221924),np.float64(234.26887880366044),np.float64(4.915875),
np.float64(0.9244108200073242),np.float64(234.8115232654212),np.float64(4.91625),
np.float64(0.9246120452880859),np.float64(234.87769941929446),np.float64(4.91625),
np.float64(0.924818754196167),np.float64(233.96446849584342),np.float64(4.916625),
np.float64(0.9250168800354004),np.float64(233.81888095732225),np.float64(4.916625),
np.float64(0.9252090454101562),np.float64(233.8056457265476),np.float64(4.917125),
np.float64(0.9254367351531982),np.float64(233.43505926485733),np.float64(4.9165),
np.float64(0.9256267547607422),np.float64(234.18946741901252),np.float64(4.9165),
np.float64(0.9258370399475098),np.float64(233.51447064950523),np.float64(4.916375),
np.float64(0.9260218143463135),np.float64(234.45417203450558),np.float64(4.917125),
np.float64(0.9262199401855469),np.float64(234.6129948038014),np.float64(4.9155),
np.float64(0.9264178276062012),np.float64(236.08210541978784),np.float64(4.915625),
np.float64(0.9266138076782227),np.float64(235.32769726563265),np.float64(4.9165),
np.float64(0.9268388748168945),np.float64(234.90416988084377),np.float64(4.9165),
np.float64(0.9270198345184326),np.float64(234.1365264959139),np.float64(4.91725),
np.float64(0.9272198677062988),np.float64(234.14976172668855),np.float64(4.91725),
np.float64(0.9274380207061768),np.float64(234.12329126513924),np.float64(4.918125),
np.float64(0.9276199340820312),np.float64(232.0453600335188),np.float64(4.918875),
np.float64(0.9278318881988525),np.float64(231.7674201872511),np.float64(4.917125),
np.float64(0.9280197620391846),np.float64(232.8791795723219),np.float64(4.91775),
np.float64(0.9282207489013672),np.float64(232.68065111070212),np.float64(4.9175),
np.float64(0.9284179210662842),np.float64(233.6071172649278),np.float64(4.917),
np.float64(0.9286189079284668),np.float64(233.92476280351946),np.float64(4.91775),
np.float64(0.9288361072540283),np.float64(234.24240834211113),np.float64(4.91475),
np.float64(0.9290297031402588),np.float64(237.31298188183052),np.float64(4.9155),
np.float64(0.9292259216308594),np.float64(236.08210541978784),np.float64(4.9155),
np.float64(0.9294099807739258),np.float64(234.37476064985765),np.float64(4.9175),
np.float64(0.9296209812164307),np.float64(233.26300126478685),np.float64(4.91625),
np.float64(0.9298269748687744),np.float64(233.31594218788544),np.float64(4.9175),
np.float64(0.93001389503479),np.float64(232.2968294182372),np.float64(4.92),
np.float64(0.9302289485931396),np.float64(230.1262515711942),np.float64(4.918875),
np.float64(0.9304177761077881),np.float64(232.12477141816672),np.float64(4.9185),
np.float64(0.9306097030639648),np.float64(232.2174180335893),np.float64(4.91725),
np.float64(0.9308290481567383),np.float64(233.23653080323754),np.float64(4.916625),
np.float64(0.9310247898101807),np.float64(232.94535572619517),np.float64(4.918125),
np.float64(0.9312198162078857),np.float64(233.64682295725177),np.float64(4.917125),
np.float64(0.9314117431640625),np.float64(235.1688744963368),np.float64(4.915375),
np.float64(0.9316310882568359),np.float64(236.29386911218228),np.float64(4.91525),
np.float64(0.9318130016326904),np.float64(235.32769726563265),np.float64(4.917625),
np.float64(0.9321210384368896),np.float64(233.6865286495757),np.float64(4.917375),
np.float64(0.9322547912597656),np.float64(234.14976172668855),np.float64(4.91575),
np.float64(0.9324228763580322),np.float64(236.59827941999927),np.float64(4.91575),
np.float64(0.932628870010376),np.float64(234.18946741901252),np.float64(4.917125),
np.float64(0.9328329563140869),np.float64(233.95123326506877),np.float64(4.9165),
np.float64(0.9330048561096191),np.float64(234.57328911147744),np.float64(4.9175),
np.float64(0.9332008361816406),np.float64(234.26887880366044),np.float64(4.916625),
np.float64(0.9334189891815186),np.float64(233.6865286495757),np.float64(4.918125),
np.float64(0.9336087703704834),np.float64(233.81888095732225),np.float64(4.9175),
np.float64(0.9338109493255615),np.float64(233.1306489570403),np.float64(4.91725),
np.float64(0.9340078830718994),np.float64(233.95123326506877),np.float64(4.917),
np.float64(0.9342079162597656),np.float64(234.65270049612536),np.float64(4.9175),
np.float64(0.9343967437744141),np.float64(233.67329341880108),np.float64(4.9175),
np.float64(0.9345977306365967),np.float64(233.64682295725177),np.float64(4.91725),
np.float64(0.9348180294036865),np.float64(233.66005818802643),np.float64(4.918),
np.float64(0.9349989891052246),np.float64(233.72623434189967),np.float64(4.917375),
np.float64(0.9352169036865234),np.float64(234.17623218823786),np.float64(4.9175),
np.float64(0.9354238510131836),np.float64(233.56741157260385),np.float64(4.917),
np.float64(0.93560791015625),np.float64(236.38651572760483),np.float64(4.9135),
np.float64(0.9358129501342773),np.float64(237.27327618950656),np.float64(4.916125),
np.float64(0.9360339641571045),np.float64(235.94975311204132),np.float64(4.917),
np.float64(0.9362108707427979),np.float64(234.74534711154791),np.float64(4.91675),
np.float64(0.9364118576049805),np.float64(234.42770157295627),np.float64(4.917),
np.float64(0.9366028308868408),np.float64(233.8056457265476),np.float64(4.919625),
np.float64(0.9368178844451904),np.float64(229.62331280175738),np.float64(4.919875),
np.float64(0.9369950294494629),np.float64(230.92036541767334),np.float64(4.918875),
np.float64(0.9371907711029053),np.float64(232.05859526429344),np.float64(4.917625),
np.float64(0.9374110698699951),np.float64(233.40858880330802),np.float64(4.91775),
np.float64(0.9376049041748047),np.float64(233.2497660340122),np.float64(4.9182500000000005),
np.float64(0.9378108978271484),np.float64(232.78653295689935),np.float64(4.917625),
np.float64(0.9380137920379639),np.float64(233.52770588027988),np.float64(4.9175),
np.float64(0.938208818435669),np.float64(233.62035249570246),np.float64(4.917),
np.float64(0.9384109973907471),np.float64(233.84535141887156),np.float64(4.916125),
np.float64(0.9386088848114014),np.float64(233.73946957267432),np.float64(4.917625),
np.float64(0.9388179779052734),np.float64(234.0835855728153),np.float64(4.917),
np.float64(0.9390079975128174),np.float64(233.26300126478685),np.float64(4.91725),
np.float64(0.9392008781433105),np.float64(234.52034818837882),np.float64(4.9175),
np.float64(0.9394140243530273),np.float64(233.8585866496462),np.float64(4.91725),
np.float64(0.9396209716796875),np.float64(233.84535141887156),np.float64(4.915875),
np.float64(0.9398288726806641),np.float64(236.36004526605555),np.float64(4.91475),
np.float64(0.9400079250335693),np.float64(235.88357695816805),np.float64(4.9165),
np.float64(0.9402327537536621),np.float64(234.62623003457605),np.float64(4.91725),
np.float64(0.9404358863830566),np.float64(234.0835855728153),np.float64(4.917375),
np.float64(0.940626859664917),np.float64(234.30858449598438),np.float64(4.917),
np.float64(0.9408187866210938),np.float64(234.12329126513924),np.float64(4.9165),
np.float64(0.9410207271575928),np.float64(234.53358341915347),np.float64(4.91675),
np.float64(0.9412257671356201),np.float64(234.970346034717),np.float64(4.917125),
np.float64(0.9414219856262207),np.float64(234.33505495753369),np.float64(4.91725),
np.float64(0.9416050910949707),np.float64(233.6071172649278),np.float64(4.9175),
np.float64(0.9418258666992188),np.float64(233.50123541873057),np.float64(4.917625),
np.float64(0.9420180320739746),np.float64(233.40858880330802),np.float64(4.917125),
np.float64(0.9422147274017334),np.float64(234.26887880366044),np.float64(4.917125),
np.float64(0.9424149990081787),np.float64(234.32181972675903),np.float64(4.9175),
np.float64(0.942608118057251),np.float64(233.76594003422363),np.float64(4.916875),
np.float64(0.942816972732544),np.float64(234.2821140344351),np.float64(4.917),
np.float64(0.9430179595947266),np.float64(234.1100560343646),np.float64(4.91775),
np.float64(0.9432177543640137),np.float64(233.84535141887156),np.float64(4.917),
np.float64(0.943418025970459),np.float64(233.87182188042087),np.float64(4.917625),
np.float64(0.943605899810791),np.float64(233.8321161880969),np.float64(4.917375),
np.float64(0.943824052810669),np.float64(236.3203395737316),np.float64(4.91525),
np.float64(0.9440219402313232),np.float64(236.8100431123937),np.float64(4.916375),
np.float64(0.9442107677459717),np.float64(236.26739865063297),np.float64(4.916375),
np.float64(0.9444358348846436),np.float64(234.54681864992813),np.float64(4.91775),
np.float64(0.944612979888916),np.float64(234.8644641885198),np.float64(4.9165),
np.float64(0.9449219703674316),np.float64(233.9115275727448),np.float64(4.9182500000000005),
np.float64(0.9450228214263916),np.float64(230.24536864816605),np.float64(4.919875),
np.float64(0.9452369213104248),np.float64(230.56301418675773),np.float64(4.9195),
np.float64(0.9454357624053955),np.float64(231.89977249499762),np.float64(4.9186250000000005),
np.float64(0.9456408023834229),np.float64(233.34241264943475),np.float64(4.9182500000000005),
np.float64(0.945828914642334),np.float64(233.19682511091358),np.float64(4.91875),
np.float64(0.9460327625274658),np.float64(232.44241695675836),np.float64(4.91775),
np.float64(0.9462268352508545),np.float64(233.6865286495757),np.float64(4.917625),
np.float64(0.9464449882507324),np.float64(233.47476495718126),np.float64(4.917625),
np.float64(0.9466400146484375),np.float64(233.5541763418292),np.float64(4.91725),
np.float64(0.9468388557434082),np.float64(234.18946741901252),np.float64(4.917),
np.float64(0.9470229148864746),np.float64(234.44093680373092),np.float64(4.917),
np.float64(0.9472177028656006),np.float64(234.1629969574632),np.float64(4.917),
np.float64(0.9474198818206787),np.float64(233.8056457265476),np.float64(4.916625),
np.float64(0.9476139545440674),np.float64(234.30858449598438),np.float64(4.917625),
np.float64(0.9478237628936768),np.float64(233.3821183417587),np.float64(4.9182500000000005),
np.float64(0.9480278491973877),np.float64(234.0306446497167),np.float64(4.914375),
np.float64(0.9482238292694092),np.float64(238.5173878823239),np.float64(4.916375),
np.float64(0.948422908782959),np.float64(234.1629969574632),np.float64(4.9185),
np.float64(0.9486157894134521),np.float64(232.93212049542052),np.float64(4.9165),
np.float64(0.9488167762756348),np.float64(234.04387988049135),np.float64(4.918),
np.float64(0.9490129947662354),np.float64(233.92476280351946),np.float64(4.917125),
np.float64(0.9492347240447998),np.float64(234.45417203450558),np.float64(4.9175),
np.float64(0.9494256973266602),np.float64(234.79828803464653),np.float64(4.9165),
np.float64(0.9496209621429443),np.float64(234.6394652653507),np.float64(4.918),
np.float64(0.9498307704925537),np.float64(233.54094111105454),np.float64(4.9175),
np.float64(0.9500179290771484),np.float64(233.81888095732225),np.float64(4.9182500000000005),
np.float64(0.9502110481262207),np.float64(234.18946741901252),np.float64(4.9182500000000005),
np.float64(0.9504108428955078),np.float64(233.01153188006845),np.float64(4.917375),
np.float64(0.950624942779541),np.float64(234.30858449598438),np.float64(4.91775),
np.float64(0.9508159160614014),np.float64(234.17623218823786),np.float64(4.917375),
np.float64(0.9510200023651123),np.float64(233.87182188042087),np.float64(4.916875),
np.float64(0.9512219429016113),np.float64(234.1365264959139),np.float64(4.9175),
np.float64(0.951416015625),np.float64(233.28947172633613),np.float64(4.918375),
np.float64(0.9516117572784424),np.float64(233.3291774186601),np.float64(4.918125),
np.float64(0.9518136978149414),np.float64(233.2232955724629),np.float64(4.9185),
np.float64(0.952023983001709),np.float64(233.63358772647712),np.float64(4.915375),
np.float64(0.9522180557250977),np.float64(237.41886372802776),np.float64(4.915625),
np.float64(0.95241379737854),np.float64(236.36004526605555),np.float64(4.91575),
np.float64(0.9526119232177734),np.float64(234.75858234232257),np.float64(4.916625),
np.float64(0.95281982421875),np.float64(234.45417203450558),np.float64(4.9165),
np.float64(0.9530160427093506),np.float64(234.32181972675903),np.float64(4.9182500000000005),
np.float64(0.9532148838043213),np.float64(232.42918172598374),np.float64(4.92075),
np.float64(0.9534347057342529),np.float64(229.7821355710532),np.float64(4.9190000000000005),
np.float64(0.9536397457122803),np.float64(231.70124403337783),np.float64(4.9186250000000005),
np.float64(0.9538168907165527),np.float64(232.66741587992746),np.float64(4.91775),
np.float64(0.954016923904419),np.float64(233.0777080339417),np.float64(4.917625),
np.float64(0.954211950302124),np.float64(233.99093895739273),np.float64(4.91875),
np.float64(0.9544079303741455),np.float64(232.41594649520908),np.float64(4.918375),
np.float64(0.9546060562133789),np.float64(232.97182618774448),np.float64(4.916875),
np.float64(0.9548327922821045),np.float64(233.88505711119552),np.float64(4.918),
np.float64(0.955021858215332),np.float64(233.59388203415315),np.float64(4.91725),
np.float64(0.955225944519043),np.float64(233.21006034168823),np.float64(4.917375),
np.float64(0.9554219245910645),np.float64(233.56741157260385),np.float64(4.91675),
np.float64(0.9556138515472412),np.float64(233.81888095732225),np.float64(4.917625),
np.float64(0.955805778503418),np.float64(233.66005818802643),np.float64(4.91725),
np.float64(0.9560089111328125),np.float64(233.97770372661807),np.float64(4.917375),
np.float64(0.956230878829956),np.float64(233.88505711119552),np.float64(4.9175),
np.float64(0.9564249515533447),np.float64(234.95711080394236),np.float64(4.91525),
np.float64(0.9566440582275391),np.float64(236.4791623430274),np.float64(4.9165),
np.float64(0.9568359851837158),np.float64(234.62623003457605),np.float64(4.918),
np.float64(0.9570448398590088),np.float64(233.40858880330802),np.float64(4.917375),
np.float64(0.9572389125823975),np.float64(233.87182188042087),np.float64(4.91775),
np.float64(0.9574358463287354),np.float64(233.75270480344898),np.float64(4.91675),
np.float64(0.9577357769012451),np.float64(234.56005388070278),np.float64(4.917),
np.float64(0.9578490257263184),np.float64(234.361525419083),np.float64(4.917),
np.float64(0.9580199718475342),np.float64(234.0835855728153),np.float64(4.917625),
np.float64(0.9582240581512451),np.float64(233.8321161880969),np.float64(4.917),
np.float64(0.9584197998046875),np.float64(233.6865286495757),np.float64(4.917125),
np.float64(0.9586338996887207),np.float64(234.12329126513924),np.float64(4.91725),
np.float64(0.9588310718536377),np.float64(234.1629969574632),np.float64(4.917),
np.float64(0.9590277671813965),np.float64(233.92476280351946),np.float64(4.9175),
np.float64(0.9592299461364746),np.float64(233.69976388035036),np.float64(4.9175),
np.float64(0.959420919418335),np.float64(233.71299911112501),np.float64(4.9175),
np.float64(0.9596216678619385),np.float64(233.44829449563198),np.float64(4.917),
np.float64(0.9598228931427002),np.float64(233.81888095732225),np.float64(4.917625),
np.float64(0.9600439071655273),np.float64(233.31594218788544),np.float64(4.917125),
np.float64(0.9602289199829102),np.float64(233.89829234197015),np.float64(4.918),
np.float64(0.96042799949646),np.float64(233.95123326506877),np.float64(4.91725),
np.float64(0.9606258869171143),np.float64(234.6129948038014),np.float64(4.916625),
np.float64(0.9608218669891357),np.float64(235.57916665035103),np.float64(4.9155),
np.float64(0.9610228538513184),np.float64(234.8909346500691),np.float64(4.9165),
np.float64(0.96124267578125),np.float64(234.4144663421816),np.float64(4.916375),
np.float64(0.9614429473876953),np.float64(234.1365264959139),np.float64(4.91725),
np.float64(0.9616317749023438),np.float64(234.0835855728153),np.float64(4.91675),
np.float64(0.9618358612060547),np.float64(233.8585866496462),np.float64(4.91675),
np.float64(0.9620530605316162),np.float64(234.00417418816738),np.float64(4.918375),
np.float64(0.9622387886047363),np.float64(232.97182618774448),np.float64(4.917),
np.float64(0.9624297618865967),np.float64(233.92476280351946),np.float64(4.91725),
np.float64(0.9626379013061523),np.float64(233.52770588027988),np.float64(4.918125),
np.float64(0.9628510475158691),np.float64(232.799768187674),np.float64(4.917875),
np.float64(0.963054895401001),np.float64(233.0777080339417),np.float64(4.91725),
np.float64(0.9632458686828613),np.float64(233.34241264943475),np.float64(4.917125),
np.float64(0.9634559154510498),np.float64(233.5806468033785),np.float64(4.917),
np.float64(0.9636447429656982),np.float64(232.73359203380073),np.float64(4.918),
np.float64(0.9638450145721436),np.float64(232.13800664894137),np.float64(4.91775),
np.float64(0.9640369415283203),np.float64(232.72035680302608),np.float64(4.9175),
np.float64(0.9642579555511475),np.float64(233.72623434189967),np.float64(4.916875),
np.float64(0.9644620418548584),np.float64(233.42182403408268),np.float64(4.91775),
np.float64(0.9646477699279785),np.float64(233.14388418781496),np.float64(4.9175),
np.float64(0.9648487567901611),np.float64(236.1218111121118),np.float64(4.913),
np.float64(0.9650537967681885),np.float64(239.17914942105654),np.float64(4.915625),
np.float64(0.9652488231658936),np.float64(236.3468100352809),np.float64(4.915625),
np.float64(0.9654440879821777),np.float64(235.47328480415382),np.float64(4.917),
np.float64(0.965660810470581),np.float64(234.1629969574632),np.float64(4.9165),
np.float64(0.9658401012420654),np.float64(234.21593788056182),np.float64(4.915875),
np.float64(0.966048002243042),np.float64(232.3232998797865),np.float64(4.9197500000000005),
np.float64(0.9662468433380127),np.float64(230.99977680232124),np.float64(4.917875),
np.float64(0.966425895690918),np.float64(231.9924191104202),np.float64(4.917625),
np.float64(0.9666280746459961),np.float64(233.59388203415315),np.float64(4.918),
np.float64(0.9668388366699219),np.float64(233.11741372626565),np.float64(4.916125),
np.float64(0.9670367240905762),np.float64(234.3879958806323),np.float64(4.917625),
np.float64(0.9672369956970215),np.float64(233.39535357253337),np.float64(4.916625),
np.float64(0.9674370288848877),np.float64(233.97770372661807),np.float64(4.91675),
np.float64(0.9676468372344971),np.float64(232.56153403373025),np.float64(4.9186250000000005),
np.float64(0.9678456783294678),np.float64(232.23065326436392),np.float64(4.917625),
np.float64(0.9680418968200684),np.float64(233.36888311098406),np.float64(4.91675),
np.float64(0.9682610034942627),np.float64(234.1365264959139),np.float64(4.91625),
np.float64(0.9684610366821289),np.float64(234.87769941929446),np.float64(4.916625),
np.float64(0.9686577320098877),np.float64(234.970346034717),np.float64(4.918),
np.float64(0.9688518047332764),np.float64(233.36888311098406),np.float64(4.917),
np.float64(0.9690508842468262),np.float64(233.8585866496462),np.float64(4.916625),
np.float64(0.9692490100860596),np.float64(233.62035249570246),np.float64(4.91725),
np.float64(0.9694457054138184),np.float64(233.64682295725177),np.float64(4.917625),
np.float64(0.9696629047393799),np.float64(233.52770588027988),np.float64(4.917375),
np.float64(0.9698569774627686),np.float64(235.22181541943542),np.float64(4.914125),
np.float64(0.9700369834899902),np.float64(237.57768649732358),np.float64(4.9155),
np.float64(0.9702389240264893),np.float64(236.41298618915414),np.float64(4.916625),
np.float64(0.9705629348754883),np.float64(234.12329126513924),np.float64(4.918),
np.float64(0.9706838130950928),np.float64(233.5541763418292),np.float64(4.9190000000000005),
np.float64(0.9708647727966309),np.float64(232.37624080288512),np.float64(4.917125),
np.float64(0.9710659980773926),np.float64(233.69976388035036),np.float64(4.9190000000000005),
np.float64(0.9712560176849365),np.float64(230.09978110964488),np.float64(4.919875),
np.float64(0.9714579582214355),np.float64(230.92036541767334),np.float64(4.9186250000000005),
np.float64(0.9716489315032959),np.float64(232.49535787985698),np.float64(4.9175),
np.float64(0.9718518257141113),np.float64(232.8791795723219),np.float64(4.918125),
np.float64(0.9720470905303955),np.float64(233.0777080339417),np.float64(4.917625),
np.float64(0.9722599983215332),np.float64(234.0835855728153),np.float64(4.9175),
np.float64(0.9724609851837158),np.float64(234.17623218823786),np.float64(4.916625),
np.float64(0.9726579189300537),np.float64(234.66593572690002),np.float64(4.9175),
np.float64(0.9728469848632812),np.float64(233.44829449563198),np.float64(4.917625),
np.float64(0.9730501174926758),np.float64(234.00417418816738),np.float64(4.915375),
np.float64(0.9732468128204346),np.float64(237.0085715740135),np.float64(4.9145),
np.float64(0.9734458923339844),np.float64(235.91004741971736),np.float64(4.91775),
np.float64(0.9736659526824951),np.float64(234.24240834211113),np.float64(4.916625),
np.float64(0.9738600254058838),np.float64(234.22917311133648),np.float64(4.917),
np.float64(0.9740610122680664),np.float64(234.21593788056182),np.float64(4.91625),
np.float64(0.9742538928985596),np.float64(233.39535357253337),np.float64(4.91725),
np.float64(0.9744486808776855),np.float64(234.32181972675903),np.float64(4.91625),
np.float64(0.974632740020752),np.float64(234.85122895774515),np.float64(4.9145),
np.float64(0.9748477935791016),np.float64(234.90416988084377),np.float64(4.916),
np.float64(0.9750509262084961),np.float64(233.62035249570246),np.float64(4.917),
np.float64(0.9752349853515625),np.float64(234.26887880366044),np.float64(4.9165),
np.float64(0.9754469394683838),np.float64(233.73946957267432),np.float64(4.91675),
np.float64(0.9756357669830322),np.float64(234.07035034204065),np.float64(4.916625),
np.float64(0.9758319854736328),np.float64(233.72623434189967),np.float64(4.9165),
np.float64(0.9760599136352539),np.float64(235.36740295795659),np.float64(4.91325),
np.float64(0.9762628078460693),np.float64(237.2335704971826),np.float64(4.915875),
np.float64(0.9764587879180908),np.float64(235.0629926501396),np.float64(4.91675),
np.float64(0.9766550064086914),np.float64(234.8379937269705),np.float64(4.91525),
np.float64(0.9768598079681396),np.float64(234.14976172668855),np.float64(4.917375),
np.float64(0.9770638942718506),np.float64(233.66005818802643),np.float64(4.91775),
np.float64(0.9772598743438721),np.float64(231.14536434084243),np.float64(4.919875),
np.float64(0.977449893951416),np.float64(230.56301418675773),np.float64(4.917875),
np.float64(0.9776618480682373),np.float64(233.43505926485733),np.float64(4.91775),
np.float64(0.9778637886047363),np.float64(231.97918387964555),np.float64(4.918),
np.float64(0.9780631065368652),np.float64(232.7468272645754),np.float64(4.916625),
np.float64(0.9782588481903076),np.float64(233.62035249570246),np.float64(4.916625),
np.float64(0.9784369468688965),np.float64(233.3027069571108),np.float64(4.91625),
np.float64(0.9786379337310791),np.float64(233.8585866496462),np.float64(4.917125),
np.float64(0.9788217544555664),np.float64(233.28947172633613),np.float64(4.916),
np.float64(0.9790439605712891),np.float64(233.7791752649983),np.float64(4.917),
np.float64(0.9792399406433105),np.float64(233.2232955724629),np.float64(4.91725),
np.float64(0.979438066482544),np.float64(232.69388634147677),np.float64(4.917625),
np.float64(0.979640007019043),np.float64(232.62771018760353),np.float64(4.91725),
np.float64(0.9798328876495361),np.float64(233.6071172649278),np.float64(4.916625),
np.float64(0.9800388813018799),np.float64(233.75270480344898),np.float64(4.916625),
np.float64(0.980226993560791),np.float64(233.89829234197015),np.float64(4.9165),
np.float64(0.9804399013519287),np.float64(233.75270480344898),np.float64(4.91625),
np.float64(0.9806418418884277),np.float64(234.21593788056182),np.float64(4.91675),
np.float64(0.9808359146118164),np.float64(234.1365264959139),np.float64(4.916375),
np.float64(0.9810397624969482),np.float64(234.1629969574632),np.float64(4.9165),
np.float64(0.9812328815460205),np.float64(233.44829449563198),np.float64(4.916375),
np.float64(0.9814379215240479),np.float64(234.87769941929446),np.float64(4.91525),
np.float64(0.9816339015960693),np.float64(236.33357480450624),np.float64(4.91575),
np.float64(0.9818408489227295),np.float64(235.04975741936494),np.float64(4.91625),
np.float64(0.9820389747619629),np.float64(234.1365264959139),np.float64(4.9155),
np.float64(0.9822518825531006),np.float64(234.93064034239305),np.float64(4.91625),
np.float64(0.9824368953704834),np.float64(234.5071129576042),np.float64(4.916625),
np.float64(0.9826416969299316),np.float64(234.5071129576042),np.float64(4.916125),
np.float64(0.9828410148620605),np.float64(234.75858234232257),np.float64(4.91525),
np.float64(0.9830408096313477),np.float64(234.77181757309722),np.float64(4.91675),
np.float64(0.9832968711853027),np.float64(233.6865286495757),np.float64(4.915875),
np.float64(0.9834649562835693),np.float64(234.04387988049135),np.float64(4.91575),
np.float64(0.9836428165435791),np.float64(234.8909346500691),np.float64(4.9165),
np.float64(0.9838318824768066),np.float64(233.95123326506877),np.float64(4.91575),
np.float64(0.9840407371520996),np.float64(234.77181757309722),np.float64(4.916),
np.float64(0.9842338562011719),np.float64(234.3879958806323),np.float64(4.916875),
np.float64(0.9844448566436768),np.float64(233.63358772647712),np.float64(4.916375),
np.float64(0.9846539497375488),np.float64(234.17623218823786),np.float64(4.91625),
np.float64(0.984839916229248),np.float64(233.2232955724629),np.float64(4.917),
np.float64(0.9850418567657471),np.float64(234.00417418816738),np.float64(4.916625),
np.float64(0.9852337837219238),np.float64(233.89829234197015),np.float64(4.917375),
np.float64(0.9854609966278076),np.float64(234.49387772682954),np.float64(4.913625),
np.float64(0.985663890838623),np.float64(237.86886157436592),np.float64(4.914875),
np.float64(0.9858500957489014),np.float64(236.13504634288645),np.float64(4.9145),
np.float64(0.9860498905181885),np.float64(235.48652003492847),np.float64(4.916375),
np.float64(0.9862728118896484),np.float64(234.66593572690002),np.float64(4.915),
np.float64(0.986454963684082),np.float64(234.970346034717),np.float64(4.91625),
np.float64(0.9866459369659424),np.float64(231.1585995716171),np.float64(4.9197500000000005),
np.float64(0.9868648052215576),np.float64(229.84831172492648),np.float64(4.918375),
np.float64(0.9870638847351074),np.float64(231.34389280246222),np.float64(4.91725),
np.float64(0.9872770309448242),np.float64(232.8262386492233),np.float64(4.916875),
np.float64(0.9874668121337891),np.float64(233.1306489570403),np.float64(4.91625),
np.float64(0.9876608848571777),np.float64(233.36888311098406),np.float64(4.916875),
np.float64(0.987860918045044),np.float64(233.0512375723924),np.float64(4.9175),
np.float64(0.9880580902099609),np.float64(232.95859095696983),np.float64(4.916375),
np.float64(0.9882428646087646),np.float64(233.59388203415315),np.float64(4.9165),
np.float64(0.9884588718414307),np.float64(233.51447064950523),np.float64(4.91625),
np.float64(0.9886698722839355),np.float64(233.73946957267432),np.float64(4.916875),
np.float64(0.9888718128204346),np.float64(233.63358772647712),np.float64(4.916375),
np.float64(0.9890618324279785),np.float64(234.1629969574632),np.float64(4.9165),
np.float64(0.9892659187316895),np.float64(234.54681864992813),np.float64(4.916125),
np.float64(0.9894609451293945),np.float64(234.0306446497167),np.float64(4.91625),
np.float64(0.9896538257598877),np.float64(234.04387988049135),np.float64(4.916375),
np.float64(0.9898717403411865),np.float64(235.65857803499895),np.float64(4.915375),
np.float64(0.9900708198547363),np.float64(236.13504634288645),np.float64(4.91575),
np.float64(0.9902677536010742),np.float64(234.74534711154791),np.float64(4.915875),
np.float64(0.9904639720916748),np.float64(233.97770372661807),np.float64(4.9165),
np.float64(0.9906678199768066),np.float64(233.95123326506877),np.float64(4.916625),
np.float64(0.9908618927001953),np.float64(234.32181972675903),np.float64(4.91575),
np.float64(0.9910578727722168),np.float64(234.37476064985765),np.float64(4.916),
np.float64(0.991257905960083),np.float64(234.8115232654212),np.float64(4.916375),
np.float64(0.9914488792419434),np.float64(234.46740726528023),np.float64(4.916125),
np.float64(0.9916579723358154),np.float64(234.44093680373092),np.float64(4.9165),
np.float64(0.9918467998504639),np.float64(234.24240834211113),np.float64(4.91625),
np.float64(0.9920458793640137),np.float64(233.8321161880969),np.float64(4.917375),
np.float64(0.9922459125518799),np.float64(233.73946957267432),np.float64(4.916625),
np.float64(0.9924390316009521),np.float64(233.43505926485733),np.float64(4.917),
np.float64(0.9926707744598389),np.float64(233.36888311098406),np.float64(4.91675),
np.float64(0.992851972579956),np.float64(233.9379980342941),np.float64(4.916625),
np.float64(0.9930558204650879),np.float64(233.66005818802643),np.float64(4.91725),
np.float64(0.9932548999786377),np.float64(233.0247671108431),np.float64(4.91775),
np.float64(0.9934508800506592),np.float64(233.15711941858962),np.float64(4.9165),
np.float64(0.9936478137969971),np.float64(233.84535141887156),np.float64(4.91525),
np.float64(0.9938390254974365),np.float64(235.3409324964073),np.float64(4.915),
np.float64(0.9940531253814697),np.float64(234.45417203450558),np.float64(4.9190000000000005),
np.float64(0.9942567348480225),np.float64(233.62035249570246),np.float64(4.915625),
np.float64(0.9944548606872559),np.float64(235.2879915733087),np.float64(4.915),
np.float64(0.9946470260620117),np.float64(235.6453428042243),np.float64(4.916125),
np.float64(0.9948379993438721),np.float64(234.22917311133648),np.float64(4.916625),
np.float64(0.9950618743896484),np.float64(233.64682295725177),np.float64(4.916875),
np.float64(0.9952669143676758),np.float64(234.53358341915347),np.float64(4.916375),
np.float64(0.9954779148101807),np.float64(232.61447495682887),np.float64(4.91775),
np.float64(0.9956738948822021),np.float64(232.49535787985698),np.float64(4.91875),
np.float64(0.9958698749542236),np.float64(231.55565649485666),np.float64(4.91725),
np.float64(0.9961860179901123),np.float64(232.2968294182372),np.float64(4.918375),
np.float64(0.9962987899780273),np.float64(232.00565434119486),np.float64(4.917125),
np.float64(0.9964799880981445),np.float64(233.27623649556148),np.float64(4.91625),
np.float64(0.9966728687286377),np.float64(233.7791752649983),np.float64(4.91625),
np.float64(0.9968738555908203),np.float64(236.17475203521042),np.float64(4.9145),
np.float64(0.997086763381958),np.float64(236.98210111246422),np.float64(4.9155),
np.float64(0.9972720146179199),np.float64(235.4468143426045),np.float64(4.91575),
np.float64(0.9974677562713623),np.float64(233.8321161880969),np.float64(4.918),
np.float64(0.9976670742034912),np.float64(233.56741157260385),np.float64(4.91675),
np.float64(0.9978790283203125),np.float64(233.69976388035036),np.float64(4.918125),
np.float64(0.9980840682983398),np.float64(230.54977895598307),np.float64(4.917625),
np.float64(0.9982719421386719),np.float64(233.87182188042087),np.float64(4.91575),
np.float64(0.9984800815582275),np.float64(234.70564141922398),np.float64(4.91675),
np.float64(0.9986588954925537),np.float64(233.76594003422363),np.float64(4.918),
np.float64(0.9988629817962646),np.float64(232.8262386492233),np.float64(4.917125),
np.float64(0.9990699291229248),np.float64(233.76594003422363),np.float64(4.9165),
np.float64(0.9992780685424805),np.float64(233.66005818802643),np.float64(4.917),
np.float64(0.9994728565216064),np.float64(234.2556435728858),np.float64(4.916),
np.float64(0.9996757507324219),np.float64(234.3879958806323),np.float64(4.917),
np.float64(0.9998540878295898),np.float64(234.057115111266),np.float64(4.91625),
np.float64(1.000060796737671),np.float64(234.62623003457605),np.float64(4.9165),
np.float64(1.000248908996582),np.float64(234.26887880366044),np.float64(4.91625),
np.float64(1.000450849533081),np.float64(233.76594003422363),np.float64(4.918),
np.float64(1.000666856765747),np.float64(233.0777080339417),np.float64(4.917125),
np.float64(1.0008559226989746),np.float64(232.94535572619517),np.float64(4.916875),
np.float64(1.0010709762573242),np.float64(233.84535141887156),np.float64(4.917125),
np.float64(1.0012741088867188),np.float64(233.11741372626565),np.float64(4.917125),
np.float64(1.001465082168579),np.float64(233.14388418781496),np.float64(4.917375),
np.float64(1.0016727447509766),np.float64(233.63358772647712),np.float64(4.916375),
np.float64(1.0018727779388428),np.float64(233.6865286495757),np.float64(4.917125),
np.float64(1.002086877822876),np.float64(233.26300126478685),np.float64(4.91625),
np.float64(1.0022797584533691),np.float64(234.26887880366044),np.float64(4.915875),
np.float64(1.002471923828125),np.float64(233.50123541873057),np.float64(4.917),
np.float64(1.0026748180389404),np.float64(236.26739865063297),np.float64(4.9145),
np.float64(1.0028719902038574),np.float64(236.25416341985832),np.float64(4.915875),
np.float64(1.0030677318572998),np.float64(234.93064034239305),np.float64(4.915875),
np.float64(1.0032539367675781),np.float64(234.4144663421816),np.float64(4.91625),
np.float64(1.003485918045044),np.float64(234.40123111140696),np.float64(4.916125),
np.float64(1.0036778450012207),np.float64(234.17623218823786),np.float64(4.917125),
np.float64(1.0038819313049316),np.float64(230.44389710978584),np.float64(4.9190000000000005),
np.float64(1.004086971282959),np.float64(231.72771449492714),np.float64(4.916),
np.float64(1.0042757987976074),np.float64(232.8791795723219),np.float64(4.9182500000000005),
np.float64(1.004472017288208),np.float64(231.75418495647645),np.float64(4.917375),
np.float64(1.0046849250793457),np.float64(232.8791795723219),np.float64(4.917125),
np.float64(1.0048789978027344),np.float64(233.23653080323754),np.float64(4.916875),
np.float64(1.0050859451293945),np.float64(233.42182403408268),np.float64(4.917375),
np.float64(1.0052828788757324),np.float64(233.36888311098406),np.float64(4.9165),
np.float64(1.0054776668548584),np.float64(233.69976388035036),np.float64(4.916),
np.float64(1.0056748390197754),np.float64(233.73946957267432),np.float64(4.9175),
np.float64(1.005871057510376),np.float64(233.48800018795592),np.float64(4.91525),
np.float64(1.0060839653015137),np.float64(233.89829234197015),np.float64(4.916875),
np.float64(1.006288766860962),np.float64(234.32181972675903),np.float64(4.917),
np.float64(1.006485939025879),np.float64(233.9115275727448),np.float64(4.915),
np.float64(1.0066759586334229),np.float64(236.46592711225276),np.float64(4.914875),
np.float64(1.006882905960083),np.float64(234.8909346500691),np.float64(4.916875),
np.float64(1.0070769786834717),np.float64(233.81888095732225),np.float64(4.916375),
np.float64(1.0072708129882812),np.float64(234.37476064985765),np.float64(4.91625),
np.float64(1.0074758529663086),np.float64(234.12329126513924),np.float64(4.917625),
np.float64(1.007673978805542),np.float64(232.60123972605422),np.float64(4.9165),
np.float64(1.0078771114349365),np.float64(233.9379980342941),np.float64(4.915875),
np.float64(1.0080668926239014),np.float64(234.30858449598438),np.float64(4.91625),
np.float64(1.0082638263702393),np.float64(234.44093680373092),np.float64(4.916875),
np.float64(1.0084500312805176),np.float64(233.0247671108431),np.float64(4.916875),
np.float64(1.0086510181427002),np.float64(233.88505711119552),np.float64(4.91725),
np.float64(1.0089037418365479),np.float64(233.34241264943475),np.float64(4.916),
np.float64(1.0090789794921875),np.float64(234.21593788056182),np.float64(4.916875),
np.float64(1.0092637538909912),np.float64(233.8585866496462),np.float64(4.91675),
np.float64(1.0094797611236572),np.float64(235.6453428042243),np.float64(4.912625),
np.float64(1.0096838474273682),np.float64(237.53798080499962),np.float64(4.916375),
np.float64(1.0098538398742676),np.float64(234.62623003457605),np.float64(4.916),
np.float64(1.0100948810577393),np.float64(234.54681864992813),np.float64(4.9165),
np.float64(1.0102739334106445),np.float64(234.17623218823786),np.float64(4.917125),
np.float64(1.0104880332946777),np.float64(233.18358988013892),np.float64(4.918875),
np.float64(1.0106847286224365),np.float64(232.0453600335188),np.float64(4.91925),
np.float64(1.0108778476715088),np.float64(229.9012526480251),np.float64(4.918125),
np.float64(1.0110728740692139),np.float64(231.86006680267366),np.float64(4.9175),
np.float64(1.0112738609313965),np.float64(232.61447495682887),np.float64(4.9175),
np.float64(1.0114858150482178),np.float64(232.93212049542052),np.float64(4.9175),
np.float64(1.011693000793457),np.float64(233.47476495718126),np.float64(4.917),
np.float64(1.0118887424468994),np.float64(234.37476064985765),np.float64(4.915875),
np.float64(1.0120890140533447),np.float64(234.07035034204065),np.float64(4.9165),
np.float64(1.0122599601745605),np.float64(233.54094111105454),np.float64(4.91725),
np.float64(1.0124778747558594),np.float64(232.8527091107726),np.float64(4.9165),
np.float64(1.0126769542694092),np.float64(233.27623649556148),np.float64(4.91725),
np.float64(1.0128679275512695),np.float64(232.40271126443443),np.float64(4.918),
np.float64(1.0130748748779297),np.float64(232.91888526464587),np.float64(4.9175),
np.float64(1.0132708549499512),np.float64(233.89829234197015),np.float64(4.91725),
np.float64(1.0134577751159668),np.float64(233.73946957267432),np.float64(4.916375),
np.float64(1.013658046722412),np.float64(233.88505711119552),np.float64(4.91675),
np.float64(1.013852834701538),np.float64(233.92476280351946),np.float64(4.91625),
np.float64(1.014070987701416),np.float64(234.07035034204065),np.float64(4.91625),
np.float64(1.0142769813537598),np.float64(234.73211188077326),np.float64(4.917),
np.float64(1.014469861984253),np.float64(233.39535357253337),np.float64(4.917125),
np.float64(1.0146617889404297),np.float64(233.43505926485733),np.float64(4.917375),
np.float64(1.0148558616638184),np.float64(234.8115232654212),np.float64(4.915375),
np.float64(1.0150630474090576),np.float64(235.81740080429478),np.float64(4.916625),
np.float64(1.015251874923706),np.float64(234.26887880366044),np.float64(4.917),
np.float64(1.0154647827148438),np.float64(233.67329341880108),np.float64(4.91725),
np.float64(1.0156667232513428),np.float64(233.62035249570246),np.float64(4.916625),
np.float64(1.0158720016479492),np.float64(234.1629969574632),np.float64(4.917),
np.float64(1.0160629749298096),np.float64(234.32181972675903),np.float64(4.916625),
np.float64(1.016263723373413),np.float64(234.4144663421816),np.float64(4.916625),
np.float64(1.0164620876312256),np.float64(234.20270264978717),np.float64(4.91725),
np.float64(1.0166618824005127),np.float64(233.6865286495757),np.float64(4.91625),
np.float64(1.0168907642364502),np.float64(233.8585866496462),np.float64(4.91675),
np.float64(1.017071008682251),np.float64(233.88505711119552),np.float64(4.918),
np.float64(1.017265796661377),np.float64(233.72623434189967),np.float64(4.917125),
np.float64(1.017460823059082),np.float64(234.5865243422521),np.float64(4.916),
np.float64(1.0176618099212646),np.float64(234.29534926520975),np.float64(4.9165),
np.float64(1.0178558826446533),np.float64(234.26887880366044),np.float64(4.917),
np.float64(1.0180559158325195),np.float64(233.87182188042087),np.float64(4.91725),
np.float64(1.0182819366455078),np.float64(233.36888311098406),np.float64(4.917),
np.float64(1.0184638500213623),np.float64(234.00417418816738),np.float64(4.9165),
np.float64(1.018657922744751),np.float64(233.39535357253337),np.float64(4.916625),
np.float64(1.0188589096069336),np.float64(236.78357265084443),np.float64(4.91425),
np.float64(1.0190589427947998),np.float64(237.0085715740135),np.float64(4.915),
np.float64(1.0192627906799316),np.float64(235.76445988119616),np.float64(4.917),
np.float64(1.0194528102874756),np.float64(234.54681864992813),np.float64(4.915875),
np.float64(1.01967191696167),np.float64(234.67917095767467),np.float64(4.916875),
np.float64(1.01987886428833),np.float64(234.21593788056182),np.float64(4.9193750000000005),
np.float64(1.0200927257537842),np.float64(229.26596157084177),np.float64(4.9197500000000005),
np.float64(1.0202679634094238),np.float64(231.238010956265),np.float64(4.918125),
np.float64(1.0204789638519287),np.float64(232.73359203380073),np.float64(4.917375),
np.float64(1.0206708908081055),np.float64(232.86594434154725),np.float64(4.917),
np.float64(1.020911693572998),np.float64(233.3821183417587),np.float64(4.917625),
np.float64(1.0210919380187988),np.float64(233.14388418781496),np.float64(4.917875),
np.float64(1.0212819576263428),np.float64(233.104178495491),np.float64(4.917625),
np.float64(1.0214898586273193),np.float64(233.17035464936427),np.float64(4.917125),
np.float64(1.0218369960784912),np.float64(233.6071172649278),np.float64(4.91775),
np.float64(1.021960735321045),np.float64(234.26887880366044),np.float64(4.916375),
np.float64(1.0221078395843506),np.float64(233.92476280351946),np.float64(4.917),
np.float64(1.0222959518432617),np.float64(234.1629969574632),np.float64(4.9175),
np.float64(1.022491693496704),np.float64(233.19682511091358),np.float64(4.917),
np.float64(1.022691011428833),np.float64(234.057115111266),np.float64(4.91675),
np.float64(1.0228867530822754),np.float64(233.84535141887156),np.float64(4.91725),
np.float64(1.0230839252471924),np.float64(233.17035464936427),np.float64(4.9155),
np.float64(1.0233099460601807),np.float64(235.8703417273934),np.float64(4.915875),
np.float64(1.0234990119934082),np.float64(235.4468143426045),np.float64(4.916875),
np.float64(1.0236988067626953),np.float64(234.21593788056182),np.float64(4.916875),
np.float64(1.02388596534729),np.float64(234.40123111140696),np.float64(4.916625),
np.float64(1.0240697860717773),np.float64(234.29534926520975),np.float64(4.9165),
np.float64(1.024284839630127),np.float64(234.59975957302674),np.float64(4.9165),
np.float64(1.0244808197021484),np.float64(234.8115232654212),np.float64(4.9155),
np.float64(1.0246918201446533),np.float64(234.71887664999863),np.float64(4.916625),
np.float64(1.0249009132385254),np.float64(234.40123111140696),np.float64(4.916875),
np.float64(1.0250768661499023),np.float64(233.88505711119552),np.float64(4.9175),
np.float64(1.0252668857574463),np.float64(233.3821183417587),np.float64(4.91725),
np.float64(1.0254697799682617),np.float64(233.3821183417587),np.float64(4.917),
np.float64(1.025660753250122),np.float64(233.71299911112501),np.float64(4.91725),
np.float64(1.0258617401123047),np.float64(233.92476280351946),np.float64(4.91675),
np.float64(1.0260908603668213),np.float64(234.2821140344351),np.float64(4.916875),
np.float64(1.026282787322998),np.float64(234.3879958806323),np.float64(4.91675),
np.float64(1.0264759063720703),np.float64(234.07035034204065),np.float64(4.917375),
np.float64(1.0266728401184082),np.float64(233.64682295725177),np.float64(4.9165),
np.float64(1.0268657207489014),np.float64(234.14976172668855),np.float64(4.91725),
np.float64(1.0270650386810303),np.float64(233.27623649556148),np.float64(4.9175),
np.float64(1.0272870063781738),np.float64(234.057115111266),np.float64(4.917375),
np.float64(1.0274848937988281),np.float64(234.01740941894204),np.float64(4.91675),
np.float64(1.0276877880096436),np.float64(234.49387772682954),np.float64(4.916375),
np.float64(1.0278959274291992),np.float64(234.5071129576042),np.float64(4.916375),
np.float64(1.0280969142913818),np.float64(234.98358126549167),np.float64(4.916125),
np.float64(1.02827787399292),np.float64(234.69240618844933),np.float64(4.9175),
np.float64(1.0284628868103027),np.float64(234.21593788056182),np.float64(4.91725),
np.float64(1.0286760330200195),np.float64(233.88505711119552),np.float64(4.917),
np.float64(1.0288918018341064),np.float64(234.18946741901252),np.float64(4.917625),
np.float64(1.0290780067443848),np.float64(233.44829449563198),np.float64(4.9175),
np.float64(1.0292778015136719),np.float64(233.52770588027988),np.float64(4.9175),
np.float64(1.0294649600982666),np.float64(233.84535141887156),np.float64(4.91725),
np.float64(1.0296759605407715),np.float64(233.81888095732225),np.float64(4.916875),
np.float64(1.0299067497253418),np.float64(233.79241049577294),np.float64(4.91675),
np.float64(1.0300829410552979),np.float64(234.20270264978717),np.float64(4.916),
np.float64(1.0302770137786865),np.float64(234.970346034717),np.float64(4.916875),
np.float64(1.0304639339447021),np.float64(234.20270264978717),np.float64(4.916875),
np.float64(1.0306658744812012),np.float64(233.48800018795592),np.float64(4.916875),
np.float64(1.0308630466461182),np.float64(233.28947172633613),np.float64(4.915875),
np.float64(1.031074047088623),np.float64(233.8585866496462),np.float64(4.917),
np.float64(1.0312838554382324),np.float64(233.62035249570246),np.float64(4.91625),
np.float64(1.0314717292785645),np.float64(234.1100560343646),np.float64(4.9155),
np.float64(1.031674861907959),np.float64(235.5394609580271),np.float64(4.916125),
np.float64(1.0318949222564697),np.float64(234.71887664999863),np.float64(4.91675),
np.float64(1.0320727825164795),np.float64(233.40858880330802),np.float64(4.9175),
np.float64(1.0322628021240234),np.float64(233.99093895739273),np.float64(4.916625),
np.float64(1.03249192237854),np.float64(234.75858234232257),np.float64(4.915625),
np.float64(1.032693862915039),np.float64(234.90416988084377),np.float64(4.91725),
np.float64(1.0328938961029053),np.float64(233.92476280351946),np.float64(4.917125),
np.float64(1.0330748558044434),np.float64(234.30858449598438),np.float64(4.917),
np.float64(1.0332729816436768),np.float64(234.21593788056182),np.float64(4.917375),
np.float64(1.0334649085998535),np.float64(233.76594003422363),np.float64(4.91775),
np.float64(1.0336618423461914),np.float64(233.8056457265476),np.float64(4.917),
np.float64(1.0339019298553467),np.float64(233.5806468033785),np.float64(4.917375),
np.float64(1.0340828895568848),np.float64(234.32181972675903),np.float64(4.916875),
np.float64(1.0342907905578613),np.float64(234.8115232654212),np.float64(4.916375),
np.float64(1.0345866680145264),np.float64(235.49975526570313),np.float64(4.916),
np.float64(1.0346827507019043),np.float64(234.65270049612536),np.float64(4.9182500000000005),
np.float64(1.0348598957061768),np.float64(233.51447064950523),np.float64(4.9155),
np.float64(1.0350849628448486),np.float64(236.28063388140762),np.float64(4.915875),
np.float64(1.0352849960327148),np.float64(235.618872342675),np.float64(4.91575),
np.float64(1.035470962524414),np.float64(234.5865243422521),np.float64(4.917),
np.float64(1.0356709957122803),np.float64(234.5071129576042),np.float64(4.91625),
np.float64(1.035890817642212),np.float64(234.26887880366044),np.float64(4.916125),
np.float64(1.0360708236694336),np.float64(232.8791795723219),np.float64(4.919875),
np.float64(1.0362837314605713),np.float64(230.4571323405605),np.float64(4.9175),
np.float64(1.036498785018921),np.float64(232.15124187971603),np.float64(4.918),
np.float64(1.0367119312286377),np.float64(233.1306489570403),np.float64(4.916375),
np.float64(1.0369269847869873),np.float64(234.1365264959139),np.float64(4.917875),
np.float64(1.037092924118042),np.float64(232.5747692645049),np.float64(4.916875),
np.float64(1.0372908115386963),np.float64(235.71151895809757),np.float64(4.9155),
np.float64(1.037489891052246),np.float64(236.53210326612603),np.float64(4.915875),
np.float64(1.0377089977264404),np.float64(234.4144663421816),np.float64(4.917),
np.float64(1.0379297733306885),np.float64(233.0512375723924),np.float64(4.917375),
np.float64(1.0381019115447998),np.float64(233.26300126478685),np.float64(4.9165),
np.float64(1.0383007526397705),np.float64(233.3027069571108),np.float64(4.918125),
np.float64(1.0385017395019531),np.float64(230.66889603295493),np.float64(4.9205000000000005),
np.float64(1.0386910438537598),np.float64(230.02036972499695),np.float64(4.918875),
np.float64(1.0389249324798584),np.float64(231.97918387964555),np.float64(4.91725),
np.float64(1.0391080379486084),np.float64(233.2232955724629),np.float64(4.9165),
np.float64(1.0393099784851074),np.float64(234.85122895774515),np.float64(4.916625),
np.float64(1.039475917816162),np.float64(234.0306446497167),np.float64(4.918875),
np.float64(1.0396978855133057),np.float64(232.86594434154725),np.float64(4.917875),
np.float64(1.0398919582366943),np.float64(234.34829018830834),np.float64(4.91525),
np.float64(1.0400969982147217),np.float64(236.2012224967597),np.float64(4.916125),
np.float64(1.0403108596801758),np.float64(235.0894631116889),np.float64(4.917),
np.float64(1.0404889583587646),np.float64(233.99093895739273),np.float64(4.91675),
np.float64(1.040687084197998),np.float64(234.71887664999863),np.float64(4.917),
np.float64(1.040895938873291),np.float64(234.46740726528023),np.float64(4.91675),
np.float64(1.0410900115966797),np.float64(232.83947387999797),np.float64(4.917125),
np.float64(1.0412828922271729),np.float64(233.73946957267432),np.float64(4.9175),
np.float64(1.0415079593658447),np.float64(234.99681649626632),np.float64(4.916),
np.float64(1.0416948795318604),np.float64(234.44093680373092),np.float64(4.9185),
np.float64(1.0419118404388428),np.float64(232.73359203380073),np.float64(4.917),
np.float64(1.0420830249786377),np.float64(234.12329126513924),np.float64(4.918),
np.float64(1.0422918796539307),np.float64(233.09094326471634),np.float64(4.91725),
np.float64(1.042482852935791),np.float64(233.7791752649983),np.float64(4.91725),
np.float64(1.042677879333496),np.float64(233.66005818802643),np.float64(4.917),
np.float64(1.0429260730743408),np.float64(233.76594003422363),np.float64(4.9182500000000005),
np.float64(1.0430986881256104),np.float64(234.8115232654212),np.float64(4.91425),
np.float64(1.043294906616211),np.float64(237.9879786513378),np.float64(4.916),
np.float64(1.0434858798980713),np.float64(235.1159335732382),np.float64(4.91725),
np.float64(1.0436758995056152),np.float64(234.24240834211113),np.float64(4.917875),
np.float64(1.043877124786377),np.float64(233.6071172649278),np.float64(4.917),
np.float64(1.0440948009490967),np.float64(233.89829234197015),np.float64(4.917),
np.float64(1.0442919731140137),np.float64(231.93947818732158),np.float64(4.9195),
np.float64(1.0444977283477783),np.float64(231.35712803323688),np.float64(4.91875),
np.float64(1.0446979999542236),np.float64(231.58212695640597),np.float64(4.918),
np.float64(1.044914722442627),np.float64(232.37624080288512),np.float64(4.9182500000000005),
np.float64(1.0450737476348877),np.float64(232.83947387999797),np.float64(4.917),
np.float64(1.0452778339385986),np.float64(233.6071172649278),np.float64(4.91675),
np.float64(1.0455060005187988),np.float64(233.92476280351946),np.float64(4.917),
np.float64(1.0457088947296143),np.float64(233.5806468033785),np.float64(4.917125),
np.float64(1.045922040939331),np.float64(233.40858880330802),np.float64(4.91675),
np.float64(1.0460989475250244),np.float64(233.84535141887156),np.float64(4.917375),
np.float64(1.046308994293213),np.float64(233.88505711119552),np.float64(4.917875),
np.float64(1.0464999675750732),np.float64(233.3821183417587),np.float64(4.917625),
np.float64(1.0466890335083008),np.float64(233.3556478802094),np.float64(4.916875),
np.float64(1.046919822692871),np.float64(233.3027069571108),np.float64(4.917375),
np.float64(1.0470788478851318),np.float64(234.09682080358996),np.float64(4.917625),
np.float64(1.0473778247833252),np.float64(233.8321161880969),np.float64(4.9175),
np.float64(1.0475077629089355),np.float64(233.5806468033785),np.float64(4.917),
np.float64(1.047677755355835),np.float64(234.04387988049135),np.float64(4.9175),
np.float64(1.0479447841644287),np.float64(233.44829449563198),np.float64(4.917),
np.float64(1.0481109619140625),np.float64(233.46152972640664),np.float64(4.9165),
np.float64(1.0483148097991943),np.float64(236.0026940351399),np.float64(4.914),
np.float64(1.0485076904296875),np.float64(236.7041612661965),np.float64(4.9165),
np.float64(1.048710823059082),np.float64(234.37476064985765),np.float64(4.915875),
np.float64(1.048901081085205),np.float64(234.09682080358996),np.float64(4.917375),
np.float64(1.04909086227417),np.float64(232.56153403373025),np.float64(4.9182500000000005),
np.float64(1.0493159294128418),np.float64(232.46888741830767),np.float64(4.917),
np.float64(1.0495107173919678),np.float64(234.67917095767467),np.float64(4.91575),
np.float64(1.0496938228607178),np.float64(235.75122465042153),np.float64(4.916625),
np.float64(1.0499110221862793),np.float64(234.56005388070278),np.float64(4.916125),
np.float64(1.0500819683074951),np.float64(235.69828372732292),np.float64(4.9182500000000005),
np.float64(1.0502898693084717),np.float64(231.93947818732158),np.float64(4.917625),
np.float64(1.050494909286499),np.float64(233.09094326471634),np.float64(4.917125),
np.float64(1.0506908893585205),np.float64(233.36888311098406),np.float64(4.9175),
np.float64(1.0509319305419922),np.float64(233.11741372626565),np.float64(4.917375),
np.float64(1.0511038303375244),np.float64(233.31594218788544),np.float64(4.91675),
np.float64(1.0513079166412354),np.float64(234.04387988049135),np.float64(4.916375),
np.float64(1.0515048503875732),np.float64(233.8056457265476),np.float64(4.91775),
np.float64(1.0517218112945557),np.float64(234.82475849619584),np.float64(4.91375),
np.float64(1.0519468784332275),np.float64(237.3791580357038),np.float64(4.915875),
np.float64(1.052114725112915),np.float64(234.8379937269705),np.float64(4.917),
np.float64(1.052314043045044),np.float64(234.56005388070278),np.float64(4.917),
np.float64(1.052506685256958),np.float64(233.92476280351946),np.float64(4.917375),
np.float64(1.0527117252349854),np.float64(234.8909346500691),np.float64(4.91675),
np.float64(1.0529026985168457),np.float64(231.63506787950456),np.float64(4.921),
np.float64(1.053116798400879),np.float64(230.61595510985632),np.float64(4.91875),
np.float64(1.0532968044281006),np.float64(231.8733020334483),np.float64(4.91875),
np.float64(1.0535118579864502),np.float64(232.8262386492233),np.float64(4.918),
np.float64(1.0537109375),np.float64(233.44829449563198),np.float64(4.917625),
np.float64(1.0539257526397705),np.float64(233.56741157260385),np.float64(4.918),
np.float64(1.0541059970855713),np.float64(233.76594003422363),np.float64(4.91725),
np.float64(1.0543217658996582),np.float64(233.97770372661807),np.float64(4.917625),
np.float64(1.0545189380645752),np.float64(233.44829449563198),np.float64(4.91775),
np.float64(1.054715871810913),np.float64(232.9056500338712),np.float64(4.9182500000000005),
np.float64(1.054938793182373),np.float64(232.91888526464587),np.float64(4.917125),
np.float64(1.0551018714904785),np.float64(233.34241264943475),np.float64(4.91725),
np.float64(1.0552899837493896),np.float64(233.89829234197015),np.float64(4.91775),
np.float64(1.0554800033569336),np.float64(233.56741157260385),np.float64(4.917),
np.float64(1.0556950569152832),np.float64(233.8585866496462),np.float64(4.917375),
np.float64(1.0559196472167969),np.float64(233.96446849584342),np.float64(4.916),
np.float64(1.0560927391052246),np.float64(234.26887880366044),np.float64(4.917),
np.float64(1.056290864944458),np.float64(234.01740941894204),np.float64(4.917),
np.float64(1.0564939975738525),np.float64(233.87182188042087),np.float64(4.91575),
np.float64(1.0566871166229248),np.float64(236.49239757380207),np.float64(4.916125),
np.float64(1.0569169521331787),np.float64(234.970346034717),np.float64(4.9175),
np.float64(1.057093858718872),np.float64(233.75270480344898),np.float64(4.917),
np.float64(1.0572867393493652),np.float64(234.65270049612536),np.float64(4.916125),
np.float64(1.057499885559082),np.float64(234.65270049612536),np.float64(4.91675),
np.float64(1.0576927661895752),np.float64(234.99681649626632),np.float64(4.916125),
np.float64(1.0578958988189697),np.float64(234.5071129576042),np.float64(4.917375),
np.float64(1.0580918788909912),np.float64(234.1629969574632),np.float64(4.916875),
np.float64(1.0583148002624512),np.float64(233.76594003422363),np.float64(4.917),
np.float64(1.05849289894104),np.float64(233.59388203415315),np.float64(4.916625),
np.float64(1.0586988925933838),np.float64(233.71299911112501),np.float64(4.918),
np.float64(1.058912992477417),np.float64(233.67329341880108),np.float64(4.91675),
np.float64(1.059095859527588),np.float64(233.75270480344898),np.float64(4.917125),
np.float64(1.0592949390411377),np.float64(233.95123326506877),np.float64(4.917),
np.float64(1.0594978332519531),np.float64(235.69828372732292),np.float64(4.914375),
np.float64(1.0596909523010254),np.float64(236.69092603542185),np.float64(4.91575),
np.float64(1.0599188804626465),np.float64(235.57916665035103),np.float64(4.916375),
np.float64(1.060166835784912),np.float64(234.93064034239305),np.float64(4.91625),
np.float64(1.0603108406066895),np.float64(234.74534711154791),np.float64(4.91725),
np.float64(1.060478925704956),np.float64(234.057115111266),np.float64(4.917),
np.float64(1.0606987476348877),np.float64(232.8527091107726),np.float64(4.919625),
np.float64(1.0609159469604492),np.float64(230.35125049436328),np.float64(4.91875),
np.float64(1.0610957145690918),np.float64(231.7144792641525),np.float64(4.9182500000000005),
np.float64(1.0612919330596924),np.float64(233.44829449563198),np.float64(4.917375),
np.float64(1.061490774154663),np.float64(232.91888526464587),np.float64(4.91725),
np.float64(1.0616838932037354),np.float64(233.06447280316704),np.float64(4.91425),
np.float64(1.0619308948516846),np.float64(237.72327403584475),np.float64(4.914125),
np.float64(1.062096118927002),np.float64(236.46592711225276),np.float64(4.917),
np.float64(1.0622940063476562),np.float64(233.72623434189967),np.float64(4.916375),
np.float64(1.0625059604644775),np.float64(233.51447064950523),np.float64(4.918),
np.float64(1.0626931190490723),np.float64(233.03800234161776),np.float64(4.91875),
np.float64(1.0628910064697266),np.float64(230.8409540330254),np.float64(4.921125),
np.float64(1.0630877017974854),np.float64(228.4983181859119),np.float64(4.91875),
np.float64(1.0633049011230469),np.float64(230.54977895598307),np.float64(4.918),
np.float64(1.063493013381958),np.float64(232.03212480274414),np.float64(4.9182500000000005),
np.float64(1.0637140274047852),np.float64(233.01153188006845),np.float64(4.916625),
np.float64(1.063938856124878),np.float64(233.44829449563198),np.float64(4.916375),
np.float64(1.0640869140625),np.float64(234.1629969574632),np.float64(4.916375),
np.float64(1.0643157958984375),np.float64(233.75270480344898),np.float64(4.91675),
np.float64(1.0645339488983154),np.float64(233.40858880330802),np.float64(4.917125),
np.float64(1.0647308826446533),np.float64(233.62035249570246),np.float64(4.916625),
np.float64(1.064950942993164),np.float64(234.970346034717),np.float64(4.91525),
np.float64(1.0651130676269531),np.float64(235.63210757344964),np.float64(4.91625),
np.float64(1.0653128623962402),np.float64(235.01005172704097),np.float64(4.916),
np.float64(1.06551194190979),np.float64(234.53358341915347),np.float64(4.916625),
np.float64(1.0657048225402832),np.float64(233.3556478802094),np.float64(4.916625),
np.float64(1.0659468173980713),np.float64(233.79241049577294),np.float64(4.917),
np.float64(1.0661187171936035),np.float64(234.17623218823786),np.float64(4.91625),
np.float64(1.066300868988037),np.float64(233.84535141887156),np.float64(4.916125),
np.float64(1.0665018558502197),np.float64(234.8115232654212),np.float64(4.915625),
np.float64(1.0666999816894531),np.float64(234.48064249605488),np.float64(4.916),
np.float64(1.066896677017212),np.float64(233.17035464936427),np.float64(4.917),
np.float64(1.0670950412750244),np.float64(233.18358988013892),np.float64(4.9165),
np.float64(1.0673167705535889),np.float64(233.92476280351946),np.float64(4.9165),
np.float64(1.067512035369873),np.float64(233.3291774186601),np.float64(4.917),
np.float64(1.067701816558838),np.float64(233.39535357253337),np.float64(4.917375),
np.float64(1.067924976348877),np.float64(233.40858880330802),np.float64(4.9165),
np.float64(1.0680959224700928),np.float64(233.47476495718126),np.float64(4.916),
np.float64(1.0683009624481201),np.float64(233.89829234197015),np.float64(4.9165),
np.float64(1.068505048751831),np.float64(233.5806468033785),np.float64(4.9165),
np.float64(1.0687048435211182),np.float64(233.66005818802643),np.float64(4.916625),
np.float64(1.068917989730835),np.float64(233.69976388035036),np.float64(4.917),
np.float64(1.0691089630126953),np.float64(233.19682511091358),np.float64(4.91675),
np.float64(1.069309949874878),np.float64(236.227692958309),np.float64(4.91375),
np.float64(1.0694959163665771),np.float64(236.3468100352809),np.float64(4.915),
np.float64(1.0697178840637207),np.float64(235.618872342675),np.float64(4.9155),
np.float64(1.0699288845062256),np.float64(235.15563926556214),np.float64(4.916625),
np.float64(1.0701019763946533),np.float64(234.0306446497167),np.float64(4.915875),
np.float64(1.0703048706054688),np.float64(233.52770588027988),np.float64(4.919625),
np.float64(1.070497989654541),np.float64(229.7291946479546),np.float64(4.918875),
np.float64(1.070708990097046),np.float64(231.37036326401153),np.float64(4.9175),
np.float64(1.0709049701690674),np.float64(232.5218283414063),np.float64(4.917),
np.float64(1.0711159706115723),np.float64(233.11741372626565),np.float64(4.916625),
np.float64(1.0713310241699219),np.float64(232.86594434154725),np.float64(4.917625),
np.float64(1.0715267658233643),np.float64(233.15711941858962),np.float64(4.916625),
np.float64(1.0717198848724365),np.float64(233.87182188042087),np.float64(4.9165),
np.float64(1.07191801071167),np.float64(233.47476495718126),np.float64(4.916625),
np.float64(1.072098970413208),np.float64(233.9115275727448),np.float64(4.9165),
np.float64(1.0723187923431396),np.float64(234.12329126513924),np.float64(4.91675),
np.float64(1.0725250244140625),np.float64(233.46152972640664),np.float64(4.917),
np.float64(1.0727159976959229),np.float64(234.18946741901252),np.float64(4.917),
np.float64(1.0730328559875488),np.float64(233.74355199323387),np.float64(4.91675),
np.float64(1.073150873184204),np.float64(234.02148095650168),np.float64(4.9165),
np.float64(1.0733230113983154),np.float64(235.5434728982063),np.float64(4.91625),
np.float64(1.0735390186309814),np.float64(234.97438025913414),np.float64(4.916),
np.float64(1.073720932006836),np.float64(233.80972555591669),np.float64(4.917125),
np.float64(1.0739459991455078),np.float64(233.7038478556242),np.float64(4.9165),
np.float64(1.0741238594055176),np.float64(234.08765451918447),np.float64(4.916),
np.float64(1.0743200778961182),np.float64(234.96114554659755),np.float64(4.916125),
np.float64(1.0745148658752441),np.float64(234.947910834061),np.float64(4.91575),
np.float64(1.0747020244598389),np.float64(235.1993703722557),np.float64(4.91575),
np.float64(1.0749428272247314),np.float64(234.5641041705007),np.float64(4.91725),
np.float64(1.0751049518585205),np.float64(233.7038478556242),np.float64(4.916625),
np.float64(1.0753116607666016),np.float64(234.40528762006196),np.float64(4.9165),
np.float64(1.0755009651184082),np.float64(233.32004119206388),np.float64(4.917),
np.float64(1.075699806213379),np.float64(234.1802975069404),np.float64(4.915625),
np.float64(1.0759098529815674),np.float64(234.44499175767166),np.float64(4.916125),
np.float64(1.0761189460754395),np.float64(234.14059336933073),np.float64(4.916875),
np.float64(1.0763130187988281),np.float64(234.0479503815748),np.float64(4.9165),
np.float64(1.0765109062194824),np.float64(233.37298004221014),np.float64(4.91675),
np.float64(1.0766987800598145),np.float64(233.65090900547793),np.float64(4.91725),
np.float64(1.0769178867340088),np.float64(233.65090900547793),np.float64(4.916875),
np.float64(1.0770931243896484),np.float64(234.03471566903823),np.float64(4.9145),
np.float64(1.0772998332977295),np.float64(237.35662851571527),np.float64(4.914125),
np.float64(1.0775208473205566),np.float64(236.4699027757656),np.float64(4.915),
np.float64(1.077712059020996),np.float64(234.89497198391476),np.float64(4.9175),
np.float64(1.0779240131378174),np.float64(233.53179659264887),np.float64(4.916125),
np.float64(1.0780999660491943),np.float64(234.6038083081104),np.float64(4.91625),
np.float64(1.0783019065856934),np.float64(231.67893683753022),np.float64(4.919875),
np.float64(1.0784916877746582),np.float64(230.0510671955331),np.float64(4.9185),
np.float64(1.078704833984375),np.float64(231.45394672440867),np.float64(4.9175),
np.float64(1.0789318084716797),np.float64(233.08181636640577),np.float64(4.917125),
np.float64(1.0791170597076416),np.float64(233.32004119206388),np.float64(4.916875),
np.float64(1.0793159008026123),np.float64(233.61120486786825),np.float64(4.91675),
np.float64(1.079509973526001),np.float64(232.8965303908939),np.float64(4.9175),
np.float64(1.0797028541564941),np.float64(232.81712211567455),np.float64(4.917),
np.float64(1.0799379348754883),np.float64(232.84359154074767),np.float64(4.91725),
np.float64(1.080115795135498),np.float64(233.46562302996608),np.float64(4.917),
np.float64(1.08030366897583),np.float64(233.67737843055107),np.float64(4.91675),
np.float64(1.0804998874664307),np.float64(233.5979701553317),np.float64(4.916875),
np.float64(1.0807158946990967),np.float64(234.23323635708667),np.float64(4.917),
np.float64(1.0809168815612793),np.float64(233.69061314308763),np.float64(4.917),
np.float64(1.0810978412628174),np.float64(233.7303172806973),np.float64(4.917125),
np.float64(1.081312894821167),np.float64(233.26710234191765),np.float64(4.917),
np.float64(1.08152174949646),np.float64(233.558266017722),np.float64(4.915375),
np.float64(1.081702709197998),np.float64(236.03315726205906),np.float64(4.916),
np.float64(1.081920862197876),np.float64(235.62288117342567),np.float64(4.91625),
np.float64(1.0820999145507812),np.float64(234.08765451918447),np.float64(4.916625),
np.float64(1.0823159217834473),np.float64(233.78325613084357),np.float64(4.917),
np.float64(1.0825188159942627),np.float64(233.88913383113606),np.float64(4.91725),
np.float64(1.0827350616455078),np.float64(233.65090900547793),np.float64(4.917),
np.float64(1.0829517841339111),np.float64(234.2861752072329),np.float64(4.915875),
np.float64(1.0831208229064941),np.float64(234.20676693201352),np.float64(4.91675),
np.float64(1.0833237171173096),np.float64(233.37298004221014),np.float64(4.916625),
np.float64(1.0835139751434326),np.float64(233.63767429294137),np.float64(4.917375),
np.float64(1.0837039947509766),np.float64(233.57150073025858),np.float64(4.917125),
np.float64(1.0839378833770752),np.float64(232.8303568282111),np.float64(4.917),
np.float64(1.0841238498687744),np.float64(233.92883796874574),np.float64(4.916625),
np.float64(1.0843119621276855),np.float64(233.96854210635541),np.float64(4.917),
np.float64(1.0845119953155518),np.float64(234.4979306078179),np.float64(4.91625),
np.float64(1.0847079753875732),np.float64(234.4185223325985),np.float64(4.916375),
np.float64(1.0849058628082275),np.float64(233.80972555591669),np.float64(4.917),
np.float64(1.0851218700408936),np.float64(234.2861752072329),np.float64(4.91625),
np.float64(1.0853097438812256),np.float64(234.29940991976946),np.float64(4.917),
np.float64(1.0855178833007812),np.float64(234.76262485854915),np.float64(4.91325),
np.float64(1.0858139991760254),np.float64(237.76690460434867),np.float64(4.915),
np.float64(1.0859417915344238),np.float64(236.24491266264405),np.float64(4.916125),
np.float64(1.0861170291900635),np.float64(235.27877864747504),np.float64(4.91575),
np.float64(1.0863327980041504),np.float64(234.2200016445501),np.float64(4.9175),
np.float64(1.0865259170532227),np.float64(234.24647106962323),np.float64(4.9175),
np.float64(1.086724042892456),np.float64(230.89808879787307),np.float64(4.920375),
np.float64(1.0869598388671875),np.float64(230.46134328416653),np.float64(4.918),
np.float64(1.087122917175293),np.float64(232.03627407601738),np.float64(4.917375),
np.float64(1.087336778640747),np.float64(232.9362345285036),np.float64(4.917125),
np.float64(1.0875308513641357),np.float64(233.51856188011232),np.float64(4.91725),
np.float64(1.08772873878479),np.float64(233.5979701553317),np.float64(4.9175),
np.float64(1.0879218578338623),np.float64(232.88329567835734),np.float64(4.91725),
np.float64(1.088129997253418),np.float64(232.96270395357672),np.float64(4.91675),
np.float64(1.088343858718872),np.float64(233.53179659264887),np.float64(4.916875),
np.float64(1.0885429382324219),np.float64(234.06118509411135),np.float64(4.916625),
np.float64(1.088730812072754),np.float64(233.96854210635541),np.float64(4.915875),
np.float64(1.0889577865600586),np.float64(233.79649084338013),np.float64(4.915875),
np.float64(1.0891146659851074),np.float64(234.06118509411135),np.float64(4.91625),
np.float64(1.0893328189849854),np.float64(233.37298004221014),np.float64(4.915625),
np.float64(1.0895438194274902),np.float64(233.86266440606292),np.float64(4.916125),
np.float64(1.0897409915924072),np.float64(233.46562302996608),np.float64(4.917),
np.float64(1.0899639129638672),np.float64(234.89497198391476),np.float64(4.914875),
np.float64(1.0901408195495605),np.float64(236.5096069133753),np.float64(4.916),
np.float64(1.090331792831421),np.float64(234.65674715825665),np.float64(4.916625),
np.float64(1.090528964996338),np.float64(233.63767429294137),np.float64(4.916),
np.float64(1.090749740600586),np.float64(234.3258793448426),np.float64(4.915625),
np.float64(1.0909578800201416),np.float64(234.5641041705007),np.float64(4.9165),
np.float64(1.0911247730255127),np.float64(234.02148095650168),np.float64(4.916375),
np.float64(1.091317892074585),np.float64(234.65674715825665),np.float64(4.91525),
np.float64(1.0915167331695557),np.float64(234.69645129586632),np.float64(4.91625),
np.float64(1.0917129516601562),np.float64(234.29940991976946),np.float64(4.916125),
np.float64(1.0919139385223389),np.float64(233.61120486786825),np.float64(4.916125),
np.float64(1.0921227931976318),np.float64(233.92883796874574),np.float64(4.91675),
np.float64(1.0923309326171875),np.float64(233.46562302996608),np.float64(4.91675),
np.float64(1.0925168991088867),np.float64(233.51856188011232),np.float64(4.915875),
np.float64(1.0927197933197021),np.float64(234.736155433476),np.float64(4.917),
