--------- beginning of main
09-23 15:13:42.820  2032 28029 I sensors-hal: handle_oplus_wise_rgb_event:191, wise_rgb: (r, g, b, c)[543.00, 594.00, 360.00, 1371.00],(r2,g2,b2,c2)[[0.00, 0.00, 0.00, 0.00], algo:5.0, flag :0
09-23 15:13:42.848  2072 29069 V Codec2-DumpInput: [processLoop:L764][c2.qti.hevc.decoder_136]QueueRead[0] empty, waiting buffer.
09-23 15:13:43.007  1871  1894 E statsd  : Could not find a broadcast receiver for (1000 1002)
09-23 15:13:43.008  1871  1894 E statsd  : Could not find a broadcast receiver for (1000 100000)
09-23 15:13:43.117  2112  2183 D BatteryChargeControl: bcc get no support from charging protocol
09-23 15:13:43.146  2032 28029 I sensors-hal: handle_oplus_wise_rgb_event:191, wise_rgb: (r, g, b, c)[543.00, 595.00, 361.00, 1373.00],(r2,g2,b2,c2)[[0.00, 0.00, 0.00, 0.00], algo:5.0, flag :0
09-23 15:13:43.146  2032 28029 I sensors-hal: handle_oplus_wise_rgb_event:217, high_pwm_light:lux 71.4,cct 1131150.1,brl/algo/ir 0.0/5.0/0.0,pwm/dc 0.0/0.0,rgbc 543.000000/595.000000/361.000000/1373.000000,ts 520092236727414,cnt 48760,flag 0
09-23 15:13:43.146  3833  4659 D FusionLightNextGen: process end reported = 1, mode: 0, cnt: 6995, lux 51.2, cct -1.0, r/g/b/c: 543.0/595.0/361.0/1373.0, R/G/B: -1.0/-1.0/-1.0, bri 0.0, match 0.00, ir 0.657489, conf 0.0, ts 520092236727414
09-23 15:13:43.345  5531  5996 I PluginManager: dalvikMax=16,dalvikFree=11dalvikAllocated=5
09-23 15:13:43.466  2032 28029 I sensors-hal: handle_oplus_wise_rgb_event:191, wise_rgb: (r, g, b, c)[542.00, 594.00, 361.00, 1372.00],(r2,g2,b2,c2)[[0.00, 0.00, 0.00, 0.00], algo:5.0, flag :0
09-23 15:13:43.618  2112  2165 D vendor.oplus.hardware.charger-V10-service: parallel fold conf file parse fail parallel_fold_state 2
09-23 15:13:43.618  2112  2165 D vendor.oplus.hardware.charger-V10-service: scale_chg Start!!!
09-23 15:13:43.619  2112  2165 D vendor.oplus.hardware.charger-V10-service: [0, 0, 3]
09-23 15:13:43.619  2112  2165 D vendor.oplus.hardware.charger-V10-service: [0, 2, 10]
09-23 15:13:43.619  2112  2165 D vendor.oplus.hardware.charger-V10-service: [0, 1, 3]
09-23 15:13:43.619  2112  2165 D vendor.oplus.hardware.charger-V10-service: [0, 3, 4]
09-23 15:13:43.619  2112  2165 D vendor.oplus.hardware.charger-V10-service: [0, 4, 4]
09-23 15:13:43.619  2112  2165 D vendor.oplus.hardware.charger-V10-service: [0, 5, 3]
09-23 15:13:43.619  2112  2165 D vendor.oplus.hardware.charger-V10-service: [0, 6, 10]
09-23 15:13:43.619  2112  2165 D vendor.oplus.hardware.charger-V10-service: scale_chg Start!!!
09-23 15:13:43.619  2112  2165 D vendor.oplus.hardware.charger-V10-service: [0, 0, 3]
09-23 15:13:43.619  2112  2165 D vendor.oplus.hardware.charger-V10-service: [0, 2, 10]
09-23 15:13:43.619  2112  2165 D vendor.oplus.hardware.charger-V10-service: [0, 1, 3]
09-23 15:13:43.620  2112  2165 D vendor.oplus.hardware.charger-V10-service: [0, 3, 4]
09-23 15:13:43.620  2112  2165 D vendor.oplus.hardware.charger-V10-service: [0, 4, 4]
09-23 15:13:43.620  2112  2165 D vendor.oplus.hardware.charger-V10-service: [0, 5, 3]
09-23 15:13:43.620  2112  2165 D vendor.oplus.hardware.charger-V10-service: [0, 6, 10]
09-23 15:13:43.790  2032 28029 I sensors-hal: handle_oplus_wise_rgb_event:191, wise_rgb: (r, g, b, c)[543.00, 593.00, 360.00, 1372.00],(r2,g2,b2,c2)[[0.00, 0.00, 0.00, 0.00], algo:5.0, flag :0
09-23 15:13:43.989  2112  2180 D vendor.oplus.hardware.charger-V10-service: ret_value:166, read content:,281,281,4485,4483,0,100,100,1,9,1048704,66,5232,100,0,4530,500,2000,0,0,3500,0,0,1,0,2,1,0,0,4,7763,100,7158,6190,6190,0,0,0,0,0,101,100.00,100,100.00,94.54,100.00,
09-23 15:13:43.989  2112  2180 D vendor.oplus.hardware.charger-V10-service: gmtime: 2026-09-23-15-13-43
09-23 15:13:43.990  2112  2180 D vendor.oplus.hardware.charger-V10-service: usb_online:1, ac_online:-2147483648, wireless_online:0
09-23 15:13:44.111  2032 28029 I sensors-hal: handle_oplus_wise_rgb_event:191, wise_rgb: (r, g, b, c)[542.00, 593.00, 360.00, 1371.00],(r2,g2,b2,c2)[[0.00, 0.00, 0.00, 0.00], algo:5.0, flag :0
09-23 15:13:44.119  2112  2183 D BatteryChargeControl: bcc get no support from charging protocol
09-23 15:13:44.158  7431  2977 I PTC.DISC.AndroidMultiLanServer: Watcher sysNif=[wlan0], userNif=[wlan0 state=(LISTEN JOIN(2CEDBD|21701)), , null], clientNif=[wlan0 state=(LISTEN), , ], tcpServer state=LISTEN, ipv4=**0.239
09-23 15:13:44.435  2032 28029 I sensors-hal: handle_oplus_wise_rgb_event:191, wise_rgb: (r, g, b, c)[543.00, 594.00, 362.00, 1373.00],(r2,g2,b2,c2)[[0.00, 0.00, 0.00, 0.00], algo:5.0, flag :0
09-23 15:13:44.755  2032 28029 I sensors-hal: handle_oplus_wise_rgb_event:191, wise_rgb: (r, g, b, c)[542.00, 594.00, 362.00, 1372.00],(r2,g2,b2,c2)[[0.00, 0.00, 0.00, 0.00], algo:5.0, flag :0
09-23 15:13:44.755  3833  4659 D FusionLightNextGen: process end reported = 1, mode: 0, cnt: 7000, lux 51.2, cct -1.0, r/g/b/c: 542.0/594.0/362.0/1372.0, R/G/B: -1.0/-1.0/-1.0, bri 0.0, match 0.00, ir 0.657558, conf 0.0, ts 520093848027570
09-23 15:13:45.079  2032 28029 I sensors-hal: handle_oplus_wise_rgb_event:191, wise_rgb: (r, g, b, c)[544.00, 593.00, 361.00, 1372.00],(r2,g2,b2,c2)[[0.00, 0.00, 0.00, 0.00], algo:5.0, flag :0
09-23 15:13:45.120  2112  2183 D BatteryChargeControl: bcc get no support from charging protocol
09-23 15:13:45.192  7776  9897 D ShellSubscriberWorkerThread: the first 8 bytes empty, and RestData length > 8 
09-23 15:13:45.402  2032 28029 I sensors-hal: handle_oplus_wise_rgb_event:191, wise_rgb: (r, g, b, c)[543.00, 594.00, 361.00, 1374.00],(r2,g2,b2,c2)[[0.00, 0.00, 0.00, 0.00], algo:5.0, flag :0
09-23 15:13:45.467  2642 29063 W OplusFeedbackInfo: callingPid(5073) 0xb400007132237f00 c2.qti.hevc.decoder codec[0xb4000071322f0000] 1272x2776 inputFps=0 outputFps=0 renderFps=0, discardFps=0
09-23 15:13:45.720  2032 28029 I sensors-hal: handle_oplus_wise_rgb_event:191, wise_rgb: (r, g, b, c)[543.00, 594.00, 362.00, 1372.00],(r2,g2,b2,c2)[[0.00, 0.00, 0.00, 0.00], algo:5.0, flag :0
09-23 15:13:46.042  2032 28029 I sensors-hal: handle_oplus_wise_rgb_event:191, wise_rgb: (r, g, b, c)[543.00, 593.00, 362.00, 1372.00],(r2,g2,b2,c2)[[0.00, 0.00, 0.00, 0.00], algo:5.0, flag :0
09-23 15:13:46.121  2112  2183 D BatteryChargeControl: bcc get no support from charging protocol
09-23 15:13:46.365  2032 28029 I sensors-hal: handle_oplus_wise_rgb_event:191, wise_rgb: (r, g, b, c)[543.00, 593.00, 361.00, 1372.00],(r2,g2,b2,c2)[[0.00, 0.00, 0.00, 0.00], algo:5.0, flag :0
09-23 15:13:46.365  2032 28029 I sensors-hal: handle_oplus_wise_rgb_event:217, high_pwm_light:lux 71.2,cct 1187498.5,brl/algo/ir 0.0/5.0/0.0,pwm/dc 0.0/0.0,rgbc 543.000000/593.000000/361.000000/1372.000000,ts 520095459124810,cnt 48770,flag 0
09-23 15:13:46.366  3833  4659 D FusionLightNextGen: process end reported = 1, mode: 0, cnt: 7005, lux 51.2, cct -1.0, r/g/b/c: 543.0/593.0/361.0/1372.0, R/G/B: -1.0/-1.0/-1.0, bri 0.0, match 0.00, ir 0.657593, conf 0.0, ts 520095459124810
09-23 15:13:46.656 23395 23421 W OPLUS_LOG_LOAD: ==LOGS PROG INFO, prog(com.oplus.camera) ==
09-23 15:13:46.656 23395 23421 I APS_ALOG: flushRoutine g_immediateFlush=0 g_pendingCount=0 g_oobCount=0 asan-debug7
09-23 15:13:46.688  2032 28029 I sensors-hal: handle_oplus_wise_rgb_event:191, wise_rgb: (r, g, b, c)[543.00, 595.00, 361.00, 1372.00],(r2,g2,b2,c2)[[0.00, 0.00, 0.00, 0.00], algo:5.0, flag :0
--------- beginning of system
09-23 15:13:46.885  3833  5903 D FlexibleTaskController: check task which not have enough child, isInSingleWhiteList:false isCloneTask:false
09-23 15:13:47.011  2032 28029 I sensors-hal: handle_oplus_wise_rgb_event:191, wise_rgb: (r, g, b, c)[543.00, 594.00, 362.00, 1372.00],(r2,g2,b2,c2)[[0.00, 0.00, 0.00, 0.00], algo:5.0, flag :0
09-23 15:13:47.123  2112  2183 D BatteryChargeControl: bcc get no support from charging protocol
09-23 15:13:47.334  2032 28029 I sensors-hal: handle_oplus_wise_rgb_event:191, wise_rgb: (r, g, b, c)[543.00, 593.00, 362.00, 1373.00],(r2,g2,b2,c2)[[0.00, 0.00, 0.00, 0.00], algo:5.0, flag :0
09-23 15:13:47.411  7337 11175 D gaia-GaiaConnectChecker: start connect check++
09-23 15:13:47.656  2032 28029 I sensors-hal: handle_oplus_wise_rgb_event:191, wise_rgb: (r, g, b, c)[543.00, 595.00, 360.00, 1372.00],(r2,g2,b2,c2)[[0.00, 0.00, 0.00, 0.00], algo:5.0, flag :0
09-23 15:13:47.770  7337  8673 D gaia-GaiaConnectChecker: start connect check++
09-23 15:13:47.849  2072 29069 V Codec2-DumpInput: [processLoop:L764][c2.qti.hevc.decoder_136]QueueRead[0] empty, waiting buffer.
09-23 15:13:47.981  2032 28029 I sensors-hal: handle_oplus_wise_rgb_event:191, wise_rgb: (r, g, b, c)[543.00, 594.00, 360.00, 1372.00],(r2,g2,b2,c2)[[0.00, 0.00, 0.00, 0.00], algo:5.0, flag :0
09-23 15:13:47.982  3833  4659 D FusionLightNextGen: process end reported = 1, mode: 0, cnt: 7010, lux 51.2, cct -1.0, r/g/b/c: 543.0/594.0/360.0/1372.0, R/G/B: -1.0/-1.0/-1.0, bri 0.0, match 0.00, ir 0.657593, conf 0.0, ts 520097071586737
09-23 15:13:48.124  2112  2183 D BatteryChargeControl: bcc get no support from charging protocol
09-23 15:13:48.166  5753  5753 I Subsys-Service: runGcAutomatic dalvik memory info{max=15.65MB,free=2.06MB,allocated=13.59MB}
09-23 15:13:48.303  2032 28029 I sensors-hal: handle_oplus_wise_rgb_event:191, wise_rgb: (r, g, b, c)[543.00, 594.00, 361.00, 1373.00],(r2,g2,b2,c2)[[0.00, 0.00, 0.00, 0.00], algo:5.0, flag :0
09-23 15:13:48.620  2112  2165 D vendor.oplus.hardware.charger-V10-service: parallel fold conf file parse fail parallel_fold_state 2
09-23 15:13:48.621  2112  2165 D vendor.oplus.hardware.charger-V10-service: scale_chg Start!!!
09-23 15:13:48.621  2112  2165 D vendor.oplus.hardware.charger-V10-service: [0, 0, 3]
09-23 15:13:48.622  2112  2165 D vendor.oplus.hardware.charger-V10-service: [0, 2, 10]
09-23 15:13:48.622  2112  2165 D vendor.oplus.hardware.charger-V10-service: [0, 1, 3]
09-23 15:13:48.622  2112  2165 D vendor.oplus.hardware.charger-V10-service: [0, 3, 4]
09-23 15:13:48.622  2112  2165 D vendor.oplus.hardware.charger-V10-service: [0, 4, 4]
09-23 15:13:48.622  2112  2165 D vendor.oplus.hardware.charger-V10-service: [0, 5, 3]
09-23 15:13:48.622  2112  2165 D vendor.oplus.hardware.charger-V10-service: [0, 6, 10]
09-23 15:13:48.622  2112  2165 D vendor.oplus.hardware.charger-V10-service: scale_chg Start!!!
09-23 15:13:48.622  2112  2165 D vendor.oplus.hardware.charger-V10-service: [0, 0, 3]
09-23 15:13:48.622  2112  2165 D vendor.oplus.hardware.charger-V10-service: [0, 2, 10]
09-23 15:13:48.622  2112  2165 D vendor.oplus.hardware.charger-V10-service: [0, 1, 3]
09-23 15:13:48.623  2112  2165 D vendor.oplus.hardware.charger-V10-service: [0, 3, 4]
09-23 15:13:48.623  2112  2165 D vendor.oplus.hardware.charger-V10-service: [0, 4, 4]
09-23 15:13:48.623  2112  2165 D vendor.oplus.hardware.charger-V10-service: [0, 5, 3]
09-23 15:13:48.623  2112  2165 D vendor.oplus.hardware.charger-V10-service: [0, 6, 10]
09-23 15:13:48.623  2032 28029 I sensors-hal: handle_oplus_wise_rgb_event:191, wise_rgb: (r, g, b, c)[544.00, 594.00, 361.00, 1373.00],(r2,g2,b2,c2)[[0.00, 0.00, 0.00, 0.00], algo:5.0, flag :0
09-23 15:13:48.947  2032 28029 I sensors-hal: handle_oplus_wise_rgb_event:191, wise_rgb: (r, g, b, c)[542.00, 595.00, 361.00, 1375.00],(r2,g2,b2,c2)[[0.00, 0.00, 0.00, 0.00], algo:5.0, flag :0
09-23 15:13:48.994  2112  2180 D vendor.oplus.hardware.charger-V10-service: ret_value:166, read content:,280,280,4485,4483,0,100,100,1,9,1048704,59,5229,100,0,4530,500,2000,0,0,3500,0,0,1,0,2,1,0,0,4,7763,100,7158,6190,6190,0,0,0,0,0,101,100.00,100,100.00,94.54,100.00,
09-23 15:13:48.994  2112  2180 D vendor.oplus.hardware.charger-V10-service: gmtime: 2026-09-23-15-13-48
09-23 15:13:48.995  2112  2180 D vendor.oplus.hardware.charger-V10-service: usb_online:1, ac_online:-2147483648, wireless_online:0
09-23 15:13:49.125  2112  2183 D BatteryChargeControl: bcc get no support from charging protocol
09-23 15:13:49.270  2032 28029 I sensors-hal: handle_oplus_wise_rgb_event:191, wise_rgb: (r, g, b, c)[543.00, 595.00, 362.00, 1373.00],(r2,g2,b2,c2)[[0.00, 0.00, 0.00, 0.00], algo:5.0, flag :0
09-23 15:13:49.592  2032 28029 I sensors-hal: handle_oplus_wise_rgb_event:191, wise_rgb: (r, g, b, c)[543.00, 595.00, 362.00, 1374.00],(r2,g2,b2,c2)[[0.00, 0.00, 0.00, 0.00], algo:5.0, flag :0
09-23 15:13:49.592  2032 28029 I sensors-hal: handle_oplus_wise_rgb_event:217, high_pwm_light:lux 71.4,cct 1180426.4,brl/algo/ir 0.0/5.0/0.0,pwm/dc 0.0/0.0,rgbc 543.000000/595.000000/362.000000/1374.000000,ts 520098683111216,cnt 48780,flag 0
09-23 15:13:49.593  3833  4659 D FusionLightNextGen: process end reported = 1, mode: 0, cnt: 7015, lux 51.2, cct -1.0, r/g/b/c: 543.0/595.0/362.0/1374.0, R/G/B: -1.0/-1.0/-1.0, bri 0.0, match 0.00, ir 0.657561, conf 0.0, ts 520098683111216
09-23 15:13:49.915  2032 28029 I sensors-hal: handle_oplus_wise_rgb_event:191, wise_rgb: (r, g, b, c)[545.00, 595.00, 361.00, 1373.00],(r2,g2,b2,c2)[[0.00, 0.00, 0.00, 0.00], algo:5.0, flag :0
09-23 15:13:50.126  2112  2183 D BatteryChargeControl: bcc get no support from charging protocol
09-23 15:13:50.235  2032 28029 I sensors-hal: handle_oplus_wise_rgb_event:191, wise_rgb: (r, g, b, c)[544.00, 594.00, 361.00, 1373.00],(r2,g2,b2,c2)[[0.00, 0.00, 0.00, 0.00], algo:5.0, flag :0
09-23 15:13:50.557  2032 28029 I sensors-hal: handle_oplus_wise_rgb_event:191, wise_rgb: (r, g, b, c)[545.00, 595.00, 361.00, 1375.00],(r2,g2,b2,c2)[[0.00, 0.00, 0.00, 0.00], algo:5.0, flag :0
09-23 15:13:50.881  2032 28029 I sensors-hal: handle_oplus_wise_rgb_event:191, wise_rgb: (r, g, b, c)[545.00, 595.00, 361.00, 1373.00],(r2,g2,b2,c2)[[0.00, 0.00, 0.00, 0.00], algo:5.0, flag :0
09-23 15:13:51.130  2112  2183 D BatteryChargeControl: bcc get no support from charging protocol
09-23 15:13:51.204  2032 28029 I sensors-hal: handle_oplus_wise_rgb_event:191, wise_rgb: (r, g, b, c)[543.00, 594.00, 361.00, 1375.00],(r2,g2,b2,c2)[[0.00, 0.00, 0.00, 0.00], algo:5.0, flag :0
09-23 15:13:51.205  3833  4659 W OPLUS_LOG_LOAD: ==LOGS PROG INFO, prog(system_server) ==
09-23 15:13:51.205  3833  4659 D FusionLightNextGen: process end reported = 1, mode: 0, cnt: 7020, lux 51.3, cct -1.0, r/g/b/c: 543.0/594.0/361.0/1375.0, R/G/B: -1.0/-1.0/-1.0, bri 0.0, match 0.00, ir 0.658163, conf 0.0, ts 520100294695464
09-23 15:13:51.524  2032 28029 I sensors-hal: handle_oplus_wise_rgb_event:191, wise_rgb: (r, g, b, c)[544.00, 595.00, 361.00, 1374.00],(r2,g2,b2,c2)[[0.00, 0.00, 0.00, 0.00], algo:5.0, flag :0
09-23 15:13:51.658 23395 23421 I APS_ALOG: flushRoutine g_immediateFlush=0 g_pendingCount=0 g_oobCount=0 asan-debug7
09-23 15:13:51.845  2032 28029 I sensors-hal: handle_oplus_wise_rgb_event:191, wise_rgb: (r, g, b, c)[544.00, 596.00, 361.00, 1375.00],(r2,g2,b2,c2)[[0.00, 0.00, 0.00, 0.00], algo:5.0, flag :0
09-23 15:13:52.135  2112  2183 D BatteryChargeControl: bcc get no support from charging protocol
09-23 15:13:52.168  2032 28029 I sensors-hal: handle_oplus_wise_rgb_event:191, wise_rgb: (r, g, b, c)[544.00, 595.00, 360.00, 1376.00],(r2,g2,b2,c2)[[0.00, 0.00, 0.00, 0.00], algo:5.0, flag :0
09-23 15:13:52.493  2032 28029 I sensors-hal: handle_oplus_wise_rgb_event:191, wise_rgb: (r, g, b, c)[545.00, 595.00, 362.00, 1376.00],(r2,g2,b2,c2)[[0.00, 0.00, 0.00, 0.00], algo:5.0, flag :0
09-23 15:13:52.815  2032 28029 I sensors-hal: handle_oplus_wise_rgb_event:191, wise_rgb: (r, g, b, c)[544.00, 594.00, 362.00, 1375.00],(r2,g2,b2,c2)[[0.00, 0.00, 0.00, 0.00], algo:5.0, flag :0
09-23 15:13:52.815  2032 28029 I sensors-hal: handle_oplus_wise_rgb_event:217, high_pwm_light:lux 71.3,cct 1212235.0,brl/algo/ir 0.0/5.0/0.0,pwm/dc 0.0/0.0,rgbc 544.000000/594.000000/362.000000/1375.000000,ts 520101906022130,cnt 48790,flag 0
09-23 15:13:52.816  3833  4659 D FusionLightNextGen: process end reported = 1, mode: 0, cnt: 7025, lux 51.3, cct -1.0, r/g/b/c: 544.0/594.0/362.0/1375.0, R/G/B: -1.0/-1.0/-1.0, bri 0.0, match 0.00, ir 0.657668, conf 0.0, ts 520101906022130
09-23 15:13:52.850  2072 29069 V Codec2-DumpInput: [processLoop:L764][c2.qti.hevc.decoder_136]QueueRead[0] empty, waiting buffer.
09-23 15:13:52.948  5286 27219 W AlarmManager: Unrecognized alarm listener com.android.networkstack.android.net.ip.IpClientLinkObserver$Dhcp6PdPreferredPrefixAlarmListener@95d03b2
09-23 15:13:52.948  5286 27219 D ApfFilter: (wlan0): Adding RA fe80::fad0:eff:fe51:b767 -> ff02::1 180s 2601:600:8281:1c80::/64 7200s/7200s DNS 180s 2001:558:feed::1 2001:558:feed::2 RIO 180s ::/0 
09-23 15:13:52.949  3833  4868 D OplusWifiPowerWakeupStats: ICMPV6_RA wake up count 62
09-23 15:13:52.951  2035 23726 I WifiHAL : event received NL80211_CMD_VENDOR, vendor_id = 0x1374, subcmd = 0xb6
09-23 15:13:52.952  2965  2965 I cnss-daemon: nl80211 response handler invoked
09-23 15:13:52.952  2965  2965 I cnss-daemon: nl80211_response_handler: cmd 103, vendorID 4980, subcmd 182  received
09-23 15:13:52.953  6983 23727 D LOWI-9.0.1.125: [LOWI-Scan] wait_event:Wait done with Cmd 103
09-23 15:13:52.953  6983 23727 D LOWI-9.0.1.125: [LOWI-Scan] do_listen_events: Rcvd valid Netlink Cmd 0 Err 0
09-23 15:13:53.137  2032 28029 I sensors-hal: handle_oplus_wise_rgb_event:191, wise_rgb: (r, g, b, c)[545.00, 596.00, 362.00, 1377.00],(r2,g2,b2,c2)[[0.00, 0.00, 0.00, 0.00], algo:5.0, flag :0
09-23 15:13:53.138  2112  2183 D BatteryChargeControl: bcc get no support from charging protocol
09-23 15:13:53.457  2032 28029 I sensors-hal: handle_oplus_wise_rgb_event:191, wise_rgb: (r, g, b, c)[544.00, 596.00, 361.00, 1376.00],(r2,g2,b2,c2)[[0.00, 0.00, 0.00, 0.00], algo:5.0, flag :0
09-23 15:13:53.623  2112  2165 D vendor.oplus.hardware.charger-V10-service: parallel fold conf file parse fail parallel_fold_state 2
09-23 15:13:53.623  2112  2165 D vendor.oplus.hardware.charger-V10-service: scale_chg Start!!!
09-23 15:13:53.624  2112  2165 D vendor.oplus.hardware.charger-V10-service: [0, 0, 3]
09-23 15:13:53.624  2112  2165 D vendor.oplus.hardware.charger-V10-service: [0, 2, 10]
09-23 15:13:53.624  2112  2165 D vendor.oplus.hardware.charger-V10-service: [0, 1, 3]
09-23 15:13:53.624  2112  2165 D vendor.oplus.hardware.charger-V10-service: [0, 3, 4]
09-23 15:13:53.624  2112  2165 D vendor.oplus.hardware.charger-V10-service: [0, 4, 4]
09-23 15:13:53.624  2112  2165 D vendor.oplus.hardware.charger-V10-service: [0, 5, 3]
09-23 15:13:53.624  2112  2165 D vendor.oplus.hardware.charger-V10-service: [0, 6, 10]
09-23 15:13:53.624  2112  2165 D vendor.oplus.hardware.charger-V10-service: scale_chg Start!!!
09-23 15:13:53.625  2112  2165 D vendor.oplus.hardware.charger-V10-service: [0, 0, 3]
09-23 15:13:53.625  2112  2165 D vendor.oplus.hardware.charger-V10-service: [0, 2, 10]
09-23 15:13:53.625  2112  2165 D vendor.oplus.hardware.charger-V10-service: [0, 1, 3]
09-23 15:13:53.625  2112  2165 D vendor.oplus.hardware.charger-V10-service: [0, 3, 4]
09-23 15:13:53.625  2112  2165 D vendor.oplus.hardware.charger-V10-service: [0, 4, 4]
09-23 15:13:53.625  2112  2165 D vendor.oplus.hardware.charger-V10-service: [0, 5, 3]
09-23 15:13:53.625  2112  2165 D vendor.oplus.hardware.charger-V10-service: [0, 6, 10]
09-23 15:13:53.782  2032 28029 I sensors-hal: handle_oplus_wise_rgb_event:191, wise_rgb: (r, g, b, c)[544.00, 596.00, 362.00, 1379.00],(r2,g2,b2,c2)[[0.00, 0.00, 0.00, 0.00], algo:5.0, flag :0
09-23 15:13:53.996  2112  2180 D vendor.oplus.hardware.charger-V10-service: ret_value:166, read content:,280,280,4485,4483,0,100,100,1,9,1048704,34,5232,100,0,4530,500,2000,0,0,3500,0,0,1,0,2,1,0,0,4,7763,100,7158,6190,6190,0,0,0,0,0,101,100.00,100,100.00,94.54,100.00,
09-23 15:13:53.997  2112  2180 D vendor.oplus.hardware.charger-V10-service: gmtime: 2026-09-23-15-13-53
09-23 15:13:53.997  2112  2180 D vendor.oplus.hardware.charger-V10-service: usb_online:1, ac_online:-2147483648, wireless_online:0
09-23 15:13:54.101  2032 28029 I sensors-hal: handle_oplus_wise_rgb_event:191, wise_rgb: (r, g, b, c)[548.00, 598.00, 364.00, 1385.00],(r2,g2,b2,c2)[[0.00, 0.00, 0.00, 0.00], algo:5.0, flag :0
09-23 15:13:54.142  2112  2183 D BatteryChargeControl: bcc get no support from charging protocol
09-23 15:13:54.424  2032 28029 I sensors-hal: handle_oplus_wise_rgb_event:191, wise_rgb: (r, g, b, c)[551.00, 602.00, 364.00, 1389.00],(r2,g2,b2,c2)[[0.00, 0.00, 0.00, 0.00], algo:5.0, flag :0
09-23 15:13:54.425  3833  4659 D FusionLightNextGen: process end reported = 1, mode: 0, cnt: 7030, lux 51.3, cct -1.0, r/g/b/c: 551.0/602.0/364.0/1389.0, R/G/B: -1.0/-1.0/-1.0, bri 0.0, match 0.00, ir 0.657161, conf 0.0, ts 520103517503172
09-23 15:13:54.749  2032 28029 I sensors-hal: handle_oplus_wise_rgb_event:191, wise_rgb: (r, g, b, c)[553.00, 602.00, 366.00, 1392.00],(r2,g2,b2,c2)[[0.00, 0.00, 0.00, 0.00], algo:5.0, flag :0
09-23 15:13:55.073  2032 28029 I sensors-hal: handle_oplus_wise_rgb_event:191, wise_rgb: (r, g, b, c)[551.00, 601.00, 365.00, 1388.00],(r2,g2,b2,c2)[[0.00, 0.00, 0.00, 0.00], algo:5.0, flag :0
09-23 15:13:55.145  2112  2183 D BatteryChargeControl: bcc get no support from charging protocol
09-23 15:13:55.393  2032 28029 I sensors-hal: handle_oplus_wise_rgb_event:191, wise_rgb: (r, g, b, c)[548.00, 600.00, 365.00, 1385.00],(r2,g2,b2,c2)[[0.00, 0.00, 0.00, 0.00], algo:5.0, flag :0
09-23 15:13:55.716  2032 28029 I sensors-hal: handle_oplus_wise_rgb_event:191, wise_rgb: (r, g, b, c)[545.00, 597.00, 363.00, 1382.00],(r2,g2,b2,c2)[[0.00, 0.00, 0.00, 0.00], algo:5.0, flag :0
09-23 15:13:56.036  2032 28029 I sensors-hal: handle_oplus_wise_rgb_event:191, wise_rgb: (r, g, b, c)[547.00, 597.00, 363.00, 1378.00],(r2,g2,b2,c2)[[0.00, 0.00, 0.00, 0.00], algo:5.0, flag :0
09-23 15:13:56.036  2032 28029 I sensors-hal: handle_oplus_wise_rgb_event:217, high_pwm_light:lux 71.6,cct 1090034.2,brl/algo/ir 0.0/5.0/0.0,pwm/dc 0.0/0.0,rgbc 547.000000/597.000000/363.000000/1378.000000,ts 520105128769214,cnt 48800,flag 0
09-23 15:13:56.037  3833  4659 D FusionLightNextGen: process end reported = 1, mode: 0, cnt: 7035, lux 51.7, cct -1.0, r/g/b/c: 547.0/597.0/363.0/1378.0, R/G/B: -1.0/-1.0/-1.0, bri 0.0, match 0.00, ir 0.656754, conf 0.0, ts 520105128769214
09-23 15:13:56.146  2112  2183 D BatteryChargeControl: bcc get no support from charging protocol
09-23 15:13:56.358  2032 28029 I sensors-hal: handle_oplus_wise_rgb_event:191, wise_rgb: (r, g, b, c)[547.00, 599.00, 365.00, 1381.00],(r2,g2,b2,c2)[[0.00, 0.00, 0.00, 0.00], algo:5.0, flag :0
09-23 15:13:56.659 23395 23421 W OPLUS_LOG_LOAD: ==LOGS PROG INFO, prog(com.oplus.camera) ==
09-23 15:13:56.659 23395 23421 I APS_ALOG: flushRoutine g_immediateFlush=0 g_pendingCount=0 g_oobCount=0 asan-debug7
09-23 15:13:56.684  2032 28029 I sensors-hal: handle_oplus_wise_rgb_event:191, wise_rgb: (r, g, b, c)[546.00, 598.00, 363.00, 1381.00],(r2,g2,b2,c2)[[0.00, 0.00, 0.00, 0.00], algo:5.0, flag :0
09-23 15:13:57.003  2032 28029 I sensors-hal: handle_oplus_wise_rgb_event:191, wise_rgb: (r, g, b, c)[548.00, 598.00, 363.00, 1380.00],(r2,g2,b2,c2)[[0.00, 0.00, 0.00, 0.00], algo:5.0, flag :0
09-23 15:13:57.147  2112  2183 D BatteryChargeControl: bcc get no support from charging protocol
09-23 15:13:57.325  2032 28029 I sensors-hal: handle_oplus_wise_rgb_event:191, wise_rgb: (r, g, b, c)[547.00, 598.00, 363.00, 1381.00],(r2,g2,b2,c2)[[0.00, 0.00, 0.00, 0.00], algo:5.0, flag :0
09-23 15:13:57.414  7337 11175 D gaia-GaiaConnectChecker: start connect check++
09-23 15:13:57.651  2032 28029 I sensors-hal: handle_oplus_wise_rgb_event:191, wise_rgb: (r, g, b, c)[546.00, 597.00, 363.00, 1378.00],(r2,g2,b2,c2)[[0.00, 0.00, 0.00, 0.00], algo:5.0, flag :0
09-23 15:13:57.651  3833  4659 D FusionLightNextGen: process end reported = 1, mode: 0, cnt: 7040, lux 51.5, cct -1.0, r/g/b/c: 546.0/597.0/363.0/1378.0, R/G/B: -1.0/-1.0/-1.0, bri 0.0, match 0.00, ir 0.657072, conf 0.0, ts 520106741510308
09-23 15:13:57.770  7337  8673 D gaia-GaiaConnectChecker: start connect check++
09-23 15:13:57.851  2072 29069 V Codec2-DumpInput: [processLoop:L764][c2.qti.hevc.decoder_136]QueueRead[0] empty, waiting buffer.
09-23 15:13:57.970  2032 28029 I sensors-hal: handle_oplus_wise_rgb_event:191, wise_rgb: (r, g, b, c)[546.00, 598.00, 363.00, 1376.00],(r2,g2,b2,c2)[[0.00, 0.00, 0.00, 0.00], algo:5.0, flag :0
09-23 15:13:58.149  2112  2183 D BatteryChargeControl: bcc get no support from charging protocol
09-23 15:13:58.295  2032 28029 I sensors-hal: handle_oplus_wise_rgb_event:191, wise_rgb: (r, g, b, c)[546.00, 597.00, 362.00, 1382.00],(r2,g2,b2,c2)[[0.00, 0.00, 0.00, 0.00], algo:5.0, flag :0
09-23 15:13:58.348  1334 24738 I android.system.suspend-service: First holding wakelock name = qms_event_Handler_wakeLock_
09-23 15:13:58.349  1334 24738 I android.system.suspend-service: Last release wakelock name = qms_event_Handler_wakeLock_
09-23 15:13:58.350  1334 24738 I android.system.suspend-service: mAutosuspendEnabled=1
09-23 15:13:58.370  2035 23726 I WifiHAL : event received NL80211_CMD_VENDOR, vendor_id = 0x1374, subcmd = 0xb6
09-23 15:13:58.370  2965  2965 I cnss-daemon: nl80211 response handler invoked
09-23 15:13:58.370  2965  2965 I cnss-daemon: nl80211_response_handler: cmd 103, vendorID 4980, subcmd 182  received
09-23 15:13:58.370  6983 23727 D LOWI-9.0.1.125: [LOWI-Scan] wait_event:Wait done with Cmd 103
09-23 15:13:58.370  6983 23727 D LOWI-9.0.1.125: [LOWI-Scan] do_listen_events: Rcvd valid Netlink Cmd 0 Err 0
09-23 15:13:58.396  1334 24738 I android.system.suspend-service: First holding wakelock name = qms_event_Handler_wakeLock_
09-23 15:13:58.398  1334 21489 I android.system.suspend-service: Last release wakelock name = qms_event_Handler_wakeLock_
09-23 15:13:58.398  1334 21489 I android.system.suspend-service: mAutosuspendEnabled=1
09-23 15:13:58.614  2032 28029 I sensors-hal: handle_oplus_wise_rgb_event:191, wise_rgb: (r, g, b, c)[546.00, 597.00, 363.00, 1382.00],(r2,g2,b2,c2)[[0.00, 0.00, 0.00, 0.00], algo:5.0, flag :0
09-23 15:13:58.625  2112  2165 D vendor.oplus.hardware.charger-V10-service: parallel fold conf file parse fail parallel_fold_state 2
09-23 15:13:58.626  2112  2165 D vendor.oplus.hardware.charger-V10-service: scale_chg Start!!!
09-23 15:13:58.626  2112  2165 D vendor.oplus.hardware.charger-V10-service: [0, 0, 3]
09-23 15:13:58.626  2112  2165 D vendor.oplus.hardware.charger-V10-service: [0, 2, 10]
09-23 15:13:58.626  2112  2165 D vendor.oplus.hardware.charger-V10-service: [0, 1, 3]
09-23 15:13:58.626  2112  2165 D vendor.oplus.hardware.charger-V10-service: [0, 3, 4]
09-23 15:13:58.626  2112  2165 D vendor.oplus.hardware.charger-V10-service: [0, 4, 4]
09-23 15:13:58.627  2112  2165 D vendor.oplus.hardware.charger-V10-service: [0, 5, 3]
09-23 15:13:58.627  2112  2165 D vendor.oplus.hardware.charger-V10-service: [0, 6, 10]
09-23 15:13:58.627  2112  2165 D vendor.oplus.hardware.charger-V10-service: scale_chg Start!!!
09-23 15:13:58.627  2112  2165 D vendor.oplus.hardware.charger-V10-service: [0, 0, 3]
09-23 15:13:58.627  2112  2165 D vendor.oplus.hardware.charger-V10-service: [0, 2, 10]
09-23 15:13:58.627  2112  2165 D vendor.oplus.hardware.charger-V10-service: [0, 1, 3]
09-23 15:13:58.627  2112  2165 D vendor.oplus.hardware.charger-V10-service: [0, 3, 4]
09-23 15:13:58.627  2112  2165 D vendor.oplus.hardware.charger-V10-service: [0, 4, 4]
09-23 15:13:58.628  2112  2165 D vendor.oplus.hardware.charger-V10-service: [0, 5, 3]
09-23 15:13:58.628  2112  2165 D vendor.oplus.hardware.charger-V10-service: [0, 6, 10]
09-23 15:13:58.714  2997  2997 W dumpsys : Thread Pool max thread count is 0. Cannot cache binder as linkToDeath cannot be implemented. serviceName: battery
09-23 15:13:58.827  3833  5903 I ActivityManager: Force stopping com.alibaba.mnnllm.android appid=10369 user=0: from pid 3003
09-23 15:13:58.832  3833  4009 W UserAwareMgr: top app is killed
09-23 15:13:58.832  3833  4009 I UserAwareMgr: process killed: {pkgName='com.alibaba.mnnllm.android', serviceName='', procName=com.alibaba.mnnllm.android, pid=32658, uid=10369, appId=0, owner='null', flags='bg', renderTid=32761, hwuiTids=[345, 346], glTids=null, threadInfos=null, mVideoActivityList=[], mStates=0}
09-23 15:13:58.832  3833  4009 I UserAwareMgr: handleProcessKilled, pkgName: com.alibaba.mnnllm.android, pid: 32658
09-23 15:13:58.833  3833  5903 I ActivityManager: Killing 32658:com.alibaba.mnnllm.android/u0a369 (adj 0): stop com.alibaba.mnnllm.android due to from pid 3003
09-23 15:13:58.836  3833  4000 D CompatChangeReporter: Compat change id reported: 151861875; UID 10369; state: ENABLED
09-23 15:13:58.837  7776  9897 D ShellSubscriberWorkerThread: the first 8 bytes empty, and RestData length > 8 
09-23 15:13:58.838  5261  6780 V OsAgent : broadcastSystemEvent - 7
09-23 15:13:58.839  5753 12673 D ActivityAdapter: ugc uid gone, uid=10369
09-23 15:13:58.839  3833  5903 W ActivityTaskManager: Force removing ActivityRecord{47736666 u0 com.alibaba.mnnllm.android/.main.MainActivity t128 f}}: app died, no saved state
09-23 15:13:58.840  3833  4547 W UsageStatsService: Unexpected activity event reported! (com.alibaba.mnnllm.android/com.alibaba.mnnllm.android.main.MainActivity event : 23 instanceId : 170237734)
09-23 15:13:58.840  3833  5903 D ActivityTaskManager: removeAppToken: ActivityRecord{47736666 u0 com.alibaba.mnnllm.android/.main.MainActivity t128 f}} delayed=false parent=Task{cdd5281 #128 type=standard A=10369:com.alibaba.mnnllm.android} animating=false Callers=com.android.server.wm.DisplayContent.removeAppToken:1759 com.android.server.wm.ActivityRecord.removeFromHistory:4989 com.android.server.wm.ActivityRecord.handleAppDied:5348 com.android.server.wm.WindowProcessController.handleAppDied:1709 
09-23 15:13:58.840  3833  6779 I OStatsManager_OplusBatteryStatsManager: updateStateTime: PkgName = com.alibaba.mnnllm.android, uid = 10369, state to em, mForegroundCnt = 0, isFg = false
09-23 15:13:58.841  5531  6019 D OplusLinkBoostSceneManager: sceneStateUpdate: 5023,com.alibaba.mnnllm.android,switch:[false, true, true, true]
09-23 15:13:58.841  5531  6019 D OplusLinkBoostCommon: onSceneUpdated: 5023,com.alibaba.mnnllm.android
09-23 15:13:58.843 22223 22275 I metis_v2_AppDiedObserver: shortcutAppDiedCallback, fenceKey = app_died_shortcut [Metis|com.oplus.metis|2.0.20-aa39d14]
09-23 15:13:58.844  3833  5903 D WindowManager: NFW_findFocusedWindowIfNeeded:Window{95fc63b u0 NotificationShade} mCurrentFocus:Window{95fc63b u0 NotificationShade}
09-23 15:13:58.844  2199 28320 D AudioBoost: audioSchedBoost, pid=2199, tid=28320, enable=1, ret=0
09-23 15:13:58.844  2199 28320 D AudioFlingerExtImpl: AudioFlingerExtImpl oplusSetParameters: keyvalue onForegroundActivitiesChanged=com.alibaba.mnnllm.android:foreground:0|10369:32658
09-23 15:13:58.844  2199 28320 D AudioFlingerExtImpl: updateForegroundInfo, mapInf mForegroundMap(0), uidPidMapInf mForegroundUidPidMap(0)
09-23 15:13:58.844  2199 28320 D AudioBoost: audioSchedBoost, pid=2199, tid=28320, enable=0, ret=0
09-23 15:13:58.845  3833  5903 D OplusMirageWindowManagerService: onTaskRemoved displayid:0 taskId:128 callers:com.android.server.wm.MirageWindowManagerExtImpl.onTaskRemoved:47 com.android.server.wm.TaskDisplayArea.removeChildTask:391 com.android.server.wm.TaskDisplayArea.removeChild:380 com.android.server.wm.WindowContainer.removeImmediately:1098 com.android.server.wm.TaskFragment.removeImmediately:3761 
09-23 15:13:58.845  3833  5903 I OplusScreenSecurityMask: onStackRemoved task = Task{cdd5281 #128 type=standard A=10369:com.alibaba.mnnllm.android} record = null displayId = 0
09-23 15:13:58.845  3833  5903 D OplusAlwaysAliveManager: removing: 128, ComponentInfo{com.alibaba.mnnllm.android/com.alibaba.mnnllm.android.main.MainActivity}
09-23 15:13:58.845  3833  5903 D WindowManager: NFW_findFocusedWindowIfNeeded:Window{95fc63b u0 NotificationShade} mCurrentFocus:Window{95fc63b u0 NotificationShade}
09-23 15:13:58.846  5344  5506 W OPLUS_LOG_LOAD: ==LOGS PROG INFO, prog(com.android.systemui) ==
09-23 15:13:58.846  5344  5506 D ZoomController: onTaskRemoved
09-23 15:13:58.846  5344  5506 D ZoomController: onTaskRemoved
09-23 15:13:58.846  5887 18349 W OPLUS_LOG_LOAD: ==LOGS PROG INFO, prog(com.android.launcher) ==
09-23 15:13:58.846  5887 18349 I TaskStackChangeListeners: onTaskRemoved(), cur=128
09-23 15:13:58.846  5887 18349 I TaskStackChangeListeners: onTaskRemoved(), cur=128
09-23 15:13:58.847  2259  2259 I OplusPerfCollect: The layer number in last 456875ms is: 6 layer, 19 time, 
09-23 15:13:58.847  3833  4001 D OplusFlexibleWindowMinimizedManagerHelper: onTaskVanished taskInfo:128 task:Task{cdd5281 #128 type=standard A=10369:com.alibaba.mnnllm.android}
09-23 15:13:58.847  5887 19131 I SystemUiProxy: SystemUiProxy#getRecentTasks isInGoRecentsAnim: false
09-23 15:13:58.847  3833  4001 D OplusFlexibleDragToSplitAnimController: visibleFlexibleTaskInfos delete:128
09-23 15:13:58.847  3833  4001 D FlexibleTaskController: no need releaseFlexibleCaptionView or destroyFlexibleDragLeash when non-caption-view-task vanished, task=Task{cdd5281 #128 type=standard A=10369:com.alibaba.mnnllm.android}
09-23 15:13:58.848  3833  4001 D FlexibleWindowManagerService: notifyFlexibleTaskVanish taskId : 128 is not taskEmbedded
09-23 15:13:58.848  3833  4001 D FlexibleWindowManagerService: onFlexibleWindowTaskVanished: task = 128,size:1
09-23 15:13:58.848  5344  5506 D ShellTaskOrganizer: Task vanished taskId=128
09-23 15:13:58.848  3833  4001 D OplusFlexibleWindowMinimizedManagerHelper: onTaskVanished taskInfo:128 task:Task{cdd5281 #128 type=standard A=10369:com.alibaba.mnnllm.android}
09-23 15:13:58.848  3833  4001 D OplusFlexibleDragToSplitAnimController: visibleFlexibleTaskInfos delete:128
09-23 15:13:58.848  3833  5000 D FlexibleTaskPerformanceManager: onTaskVanished:Task{cdd5281 #128 type=standard A=10369:com.alibaba.mnnllm.android}
09-23 15:13:58.848  3833  4001 D FlexibleTaskController: no need releaseFlexibleCaptionView or destroyFlexibleDragLeash when non-caption-view-task vanished, task=Task{cdd5281 #128 type=standard A=10369:com.alibaba.mnnllm.android}
09-23 15:13:58.848  3833  4001 D FlexibleWindowManagerService: notifyFlexibleTaskVanish taskId : 128 is not taskEmbedded
09-23 15:13:58.848  3833  4001 D FlexibleWindowManagerService: onFlexibleWindowTaskVanished: task = 128,size:1
09-23 15:13:58.848  5344  5506 D ShellTaskOrganizerExt: visibleFlexibleTaskInfos delete:128
09-23 15:13:58.848  5344  5506 D ShellTaskOrganizerExt: isOnCanvas size:0
09-23 15:13:58.848  5344  5506 D ShellTaskOrganizerExt: isOnThreeFlexibleCanvas size:0
09-23 15:13:58.848  5344  5506 D FlexibleSeekBarManager: removeAlpha for taskId=128
09-23 15:13:58.848  3833  5000 D FlexibleTaskPerformanceManager: onTaskVanished:Task{cdd5281 #128 type=standard A=10369:com.alibaba.mnnllm.android}
09-23 15:13:58.848  5887  6553 E EmbeddedWindowTaskOrganizer: onTaskVanished: get unknown taskId=128
09-23 15:13:58.849  5887  6553 E EmbeddedWindowTaskOrganizer: onTaskVanished: get unknown taskId=128
09-23 15:13:58.849  3833  5903 I AppsFilter: interaction: PackageSetting{82bd94a com.android.microdroid.empty_payload/10344} -> PackageSetting{1d47fa3 com.alibaba.mnnllm.android/10369} BLOCKED
09-23 15:13:58.849  3833  4694 D ActivityTaskManager: Skipping, invisible task: Task{a16bcd7 #6 type=home I=com.android.launcher/.Launcher}
09-23 15:13:58.849  3833  4694 D ActivityTaskManager: after skip size:1,pre-Filtered:com.alibaba.mnnllm.android # 
09-23 15:13:58.849  3833  5903 I AppsFilter: interaction: PackageSetting{362b9d8 com.oplus.dm/10123} -> PackageSetting{1d47fa3 com.alibaba.mnnllm.android/10369} BLOCKED
09-23 15:13:58.849  3833  5903 I AppsFilter: interaction: PackageSetting{8fa310d io.shubham0204.smollmandroid/10368} -> PackageSetting{1d47fa3 com.alibaba.mnnllm.android/10369} BLOCKED
09-23 15:13:58.849  3833  5903 I AppsFilter: interaction: PackageSetting{5359b84 com.oplus.locationproxy/10231} -> PackageSetting{1d47fa3 com.alibaba.mnnllm.android/10369} BLOCKED
09-23 15:13:58.849  3833  5903 I AppsFilter: interaction: PackageSetting{94d9f6d com.android.certinstaller/10276} -> PackageSetting{1d47fa3 com.alibaba.mnnllm.android/10369} BLOCKED
09-23 15:13:58.849  3833  5903 I AppsFilter: interaction: PackageSetting{7ee47a2 com.oplus.imsserviceentitlement/10127} -> PackageSetting{1d47fa3 com.alibaba.mnnllm.android/10369} BLOCKED
09-23 15:13:58.849  3833  5903 I AppsFilter: interaction: PackageSetting{3940c33 com.oplus.location/10297} -> PackageSetting{1d47fa3 com.alibaba.mnnllm.android/10369} BLOCKED
09-23 15:13:58.850  3833  4009 W UserAwareMgr: event can not be released, id: 2020, count: 2, releasePid: 5887
09-23 15:13:58.850  5887 19131 I SystemUiProxy: SystemUiProxy#getRecentTasks isInGoRecentsAnim: false
09-23 15:13:58.850  3833  5903 D ActivityTaskManager: Skipping, invisible task: Task{a16bcd7 #6 type=home I=com.android.launcher/.Launcher}
09-23 15:13:58.850  3833  5903 D ActivityTaskManager: after skip size:1,pre-Filtered:com.alibaba.mnnllm.android # 
09-23 15:13:58.852  3833  3833 D NotificationService--OplusNotificationManagerServiceExtImpl: notifyDelayRemovedLocked,reason:10020 isGroup:false
09-23 15:13:58.852  3833  3997 D LocationManagerService: package com.alibaba.mnnllm.android reset
09-23 15:13:58.852  3833  3997 W GnssListenerMultiplexer: onPackageReset com.alibaba.mnnllm.android
09-23 15:13:58.852  3833  3997 W GnssListenerMultiplexer: onPackageReset com.alibaba.mnnllm.android
09-23 15:13:58.853  5484  5484 D CarrierSvcBindHelper: onHandleForceStop: [com.alibaba.mnnllm.android]
09-23 15:13:58.853  5484  6265 D EuiccConnector: handleMessage: E msg.what=1
09-23 15:13:58.854  5484  6265 D EuiccConnector: processMsg: AvailableState
09-23 15:13:58.854  5484  6265 D EuiccConnector: processMsg: UnavailableState
09-23 15:13:58.854  5484  6265 D EuiccConnector: transitionTo: destState=AvailableState
09-23 15:13:58.855  5484  5484 D CarrierSvcBindHelper: No carrier app for: 0
09-23 15:13:58.855  5484  5484 D CarrierSvcBindHelper: No carrier app for: 1
09-23 15:13:58.855  5484  6265 D EuiccConnector: handleMessage: new destination call exit/enter
09-23 15:13:58.855  5484  6265 D EuiccConnector: setupTempStateStackWithStatesToEnter: X mTempStateStackCount=1,curStateInfo: state=UnavailableState,active=true,parent=null
09-23 15:13:58.855  5484  6265 D EuiccConnector: invokeExitMethods: AvailableState
09-23 15:13:58.855  5484  6265 D EuiccConnector: moveTempStackToStateStack: i=0,j=1
09-23 15:13:58.855  5484  6265 D EuiccConnector: moveTempStackToStateStack: X mStateStackTop=1,startingIndex=1,Top=AvailableState
09-23 15:13:58.855  5484  6265 D EuiccConnector: invokeEnterMethods: AvailableState
09-23 15:13:58.855  5484  6265 D EuiccConnector: handleMessage: X
09-23 15:13:58.855  5484  6265 D EuiccConnector: handleMessage: E msg.what=103
09-23 15:13:58.855  5484  6265 D EuiccConnector: processMsg: AvailableState
09-23 15:13:58.855  5484  6265 D EuiccConnector: deferMessage: msg=103
09-23 15:13:58.855  5484  6265 D EuiccConnector: transitionTo: destState=BindingState
09-23 15:13:58.855  5484  6265 D EuiccConnector: handleMessage: new destination call exit/enter
09-23 15:13:58.855  5484  6265 D EuiccConnector: setupTempStateStackWithStatesToEnter: X mTempStateStackCount=1,curStateInfo: null
09-23 15:13:58.855  5484  6265 D EuiccConnector: invokeExitMethods: AvailableState
09-23 15:13:58.855  5484  6265 D EuiccConnector: invokeExitMethods: UnavailableState
09-23 15:13:58.855  5484  6265 D EuiccConnector: moveTempStackToStateStack: i=0,j=0
09-23 15:13:58.855  5484  6265 D EuiccConnector: moveTempStackToStateStack: X mStateStackTop=0,startingIndex=0,Top=BindingState
09-23 15:13:58.855  5484  6265 D EuiccConnector: invokeEnterMethods: BindingState
09-23 15:13:58.855  3833  4710 I VibrationEffectConvertor: onInputMethodListUpdated received, info.size = 4
09-23 15:13:58.856  3833  4710 I VibrationEffectConvertor: userid = 0, packageName = com.google.android.tts
09-23 15:13:58.856  3833  4710 I VibrationEffectConvertor: userid = 0, packageName = com.google.android.inputmethod.latin
09-23 15:13:58.856  3833  4710 I VibrationEffectConvertor: userid = 0, packageName = com.google.android.gms
09-23 15:13:58.856  3833  4710 I VibrationEffectConvertor: userid = 0, packageName = com.oplus.securitykeyboard
09-23 15:13:58.857  5484  6265 D EuiccConnector: transitionTo: destState=DisconnectedState
09-23 15:13:58.857  5484  6265 D EuiccConnector: moveDeferredMessageAtFrontOfQueue; what=103
09-23 15:13:58.857  5484  6265 D EuiccConnector: handleMessage: new destination call exit/enter
09-23 15:13:58.857  5484  6265 D EuiccConnector: setupTempStateStackWithStatesToEnter: X mTempStateStackCount=1,curStateInfo: null
09-23 15:13:58.857  5484  6265 D EuiccConnector: invokeExitMethods: BindingState
09-23 15:13:58.857  5484  6265 D EuiccConnector: moveTempStackToStateStack: i=0,j=0
09-23 15:13:58.857  5484  6265 D EuiccConnector: moveTempStackToStateStack: X mStateStackTop=0,startingIndex=0,Top=DisconnectedState
09-23 15:13:58.857  5484  6265 D EuiccConnector: invokeEnterMethods: DisconnectedState
09-23 15:13:58.857  5484  6265 D EuiccConnector: handleMessage: X
09-23 15:13:58.857  5484  6265 D EuiccConnector: handleMessage: E msg.what=103
09-23 15:13:58.857  5484  6265 D EuiccConnector: processMsg: DisconnectedState
09-23 15:13:58.857  5484  6265 D EuiccConnector: deferMessage: msg=103
09-23 15:13:58.857  5484  6265 D EuiccConnector: handleMessage: X
09-23 15:13:58.859 17463 17463 I EuiccGoogle: [2] NetworkFetcher.getFirstActiveEuiccSlotId: isRemovableEsimDefault: false
09-23 15:13:58.860 17463 17463 I EuiccGoogle: [2] EuiccServiceImpl.onCreate: onCreate DSDS mode: simCardState is 11
09-23 15:13:58.861  5484  6265 D EuiccConnector: handleMessage: E msg.what=4
09-23 15:13:58.861  5484  6265 D EuiccConnector: processMsg: DisconnectedState
09-23 15:13:58.861  5484  6265 D EuiccConnector: transitionTo: destState=ConnectedState
09-23 15:13:58.861  5484  6265 D EuiccConnector: handleMessage: new destination call exit/enter
09-23 15:13:58.861  5484  6265 D EuiccConnector: setupTempStateStackWithStatesToEnter: X mTempStateStackCount=1,curStateInfo: state=DisconnectedState,active=true,parent=null
09-23 15:13:58.861  5484  6265 D EuiccConnector: moveTempStackToStateStack: i=0,j=1
09-23 15:13:58.861  5484  6265 D EuiccConnector: moveTempStackToStateStack: X mStateStackTop=1,startingIndex=1,Top=ConnectedState
09-23 15:13:58.861  5484  6265 D EuiccConnector: invokeEnterMethods: ConnectedState
09-23 15:13:58.861  5484  6265 D EuiccConnector: moveDeferredMessageAtFrontOfQueue; what=103
09-23 15:13:58.861  5484  6265 D EuiccConnector: handleMessage: X
09-23 15:13:58.861  5484  6265 D EuiccConnector: handleMessage: E msg.what=103
09-23 15:13:58.861  5484  6265 D EuiccConnector: processMsg: ConnectedState
09-23 15:13:58.861 17463  3009 I EuiccGoogle: [214] Partner.getResourceEntry$ar$ds$ar$class_merging$ar$class_merging$ar$class_merging: Partner app=com.android.phone, Resource name=esim_supported_countries, type=string, partnerResId = 0
09-23 15:13:58.861 17463  3009 I EuiccGoogle: [214] Partner.getResourceEntry$ar$ds$ar$class_merging$ar$class_merging$ar$class_merging: Partner app=com.android.phone, Resource name=esim_unsupported_countries, type=string, partnerResId = 0
09-23 15:13:58.861  5484  6265 D EuiccConnector: handleMessage: X
09-23 15:13:58.862 17463  3009 I EuiccGoogle: [214] NotificationCompat$BigPictureStyle$Api31Impl.getOverrideCarrierInfoListForConversion: enableNewConversionApi: true, enableConversionXosCarrierIdFromTransferConfig: false
09-23 15:13:58.862 17463  3009 I EuiccGoogle: [214] NotificationCompat$BigPictureStyle$Api31Impl.getCarrierInfos: All carrier info overrides: []
09-23 15:13:58.862 17463  3013 I EuiccGoogle: [217] EuiccServiceImpl.onGetEuiccProfileInfoList: onGetEuiccProfileInfoList: slotId = 1
09-23 15:13:58.862 17463  3009 I EuiccGoogle: [214] PhenotypeUpdatedReceiver.setPsimConversionSupportedCarriers: setPsimConversionSupportedCarriers:[1, 3, 16, 576, 850, 1404, 2020, 2021, 2122, 27, 1, 2, 3, 4, 11, 19, 22, 850, 969, 1365, 1492, 1695, 1913, 1915, 2102, 2419, 2536, 2018, 32, 1581, 2110, 34]
09-23 15:13:58.862 17463  3013 I EuiccGoogle: [217] EuiccServiceImpl.onGetEuiccProfileInfoList: slotId = 1, isRemovable = false
09-23 15:13:58.862 17463  3013 I EuiccGoogle: [217] EuiccServiceImpl.onGetEuiccProfileInfoList: onGetEuiccProfileInfoList: isRemovable = false.
09-23 15:13:58.862 17463  3013 I EuiccGoogle: [217] EuiccServiceImpl.onGetEuiccProfileInfoList: getSimCardState for slotId: 1
09-23 15:13:58.863 17463  3013 I EuiccGoogle: [217] EuiccServiceImpl.onGetEuiccProfileInfoList: GetEuiccProfileInfoListResult: simCardState :11and simCardStateAtTelephony:11 for slot:1
09-23 15:13:58.863 17463  3013 I EuiccGoogle: [217] EuiccServiceImpl.getProfileInfoList: getProfileInfoList: slotId = 1, includeTestProfiles = false
09-23 15:13:58.863 17463  3013 I EuiccGoogle: [217] EuiccServiceImpl.getProfileInfoList: getProfileInfoList: slotId = 1, includeTestProfiles = false.
09-23 15:13:58.863 17463  3013 I EuiccGoogle: [217] EuiccServiceImpl.getEidFromSlotId: getEidFromSlotId: slotId = 1.
09-23 15:13:58.863 17463  3013 I EuiccGoogle: [217] NetworkFetcher.getEidForSlot: getEidForSlot: 1
09-23 15:13:58.864 17463  3013 I EuiccGoogle: [217] BlockingEuiccCardManager.requestAllProfiles: requestAllProfiles: cardId = [USq1AxbZMzyY1vjBAee2suoNzlI]
09-23 15:13:58.865  1334 24738 I android.system.suspend-service: First holding wakelock name = PowerManagerService.WakeLocks
09-23 15:13:58.893  1175  1175 I adbd    : Remote process closed the socket (on MSG_PEEK)
09-23 15:13:58.894  2259  4932 I ClientCache: removeProcess: Cache owner=0xb4000075bba15a20
09-23 15:13:58.894  3833  5738 I ActivityManager: Death received, pid = 0, processName = com.alibaba.mnnllm.android for thread android.os.BinderProxy@b769aba
09-23 15:13:58.894  3833  4000 W ActivityManager: setHasOverlayUi called on unknown pid: 32658
09-23 15:13:58.894  3833  5244 V ActivityManager: Got obituary of 32658:com.alibaba.mnnllm.android
09-23 15:13:58.895  3833  4016 I libprocessgroup: Removed cgroup /sys/fs/cgroup/apps/uid_10369/pid_32658
09-23 15:13:58.895  1872  1872 I Zygote  : Process 32658 exited due to signal 9 (Killed)
09-23 15:13:58.898  1334 24738 I android.system.suspend-service: Last release wakelock name = PowerManagerService.WakeLocks
09-23 15:13:58.898  1334 24738 I android.system.suspend-service: mAutosuspendEnabled=1
09-23 15:13:58.899  1334 24738 I android.system.suspend-service: First holding wakelock name = PowerManagerService.WakeLocks
09-23 15:13:58.915  1334 21489 I android.system.suspend-service: Last release wakelock name = PowerManagerService.WakeLocks
09-23 15:13:58.915  1334 21489 I android.system.suspend-service: mAutosuspendEnabled=1
09-23 15:13:58.915  1334 24528 I android.system.suspend-service: First holding wakelock name = PowerManagerService.WakeLocks
09-23 15:13:58.928  1334 24528 I android.system.suspend-service: Last release wakelock name = PowerManagerService.WakeLocks
09-23 15:13:58.929  1334 24528 I android.system.suspend-service: mAutosuspendEnabled=1
09-23 15:13:58.932  5484  6265 D EuiccConnector: handleMessage: E msg.what=6
09-23 15:13:58.932  5484  6265 D EuiccConnector: processMsg: ConnectedState
09-23 15:13:58.933  5484  6265 D EuiccConnector: handleMessage: X
09-23 15:13:58.937  2032 28029 I sensors-hal: handle_oplus_wise_rgb_event:191, wise_rgb: (r, g, b, c)[547.00, 599.00, 363.00, 1383.00],(r2,g2,b2,c2)[[0.00, 0.00, 0.00, 0.00], algo:5.0, flag :0
09-23 15:13:58.947  3014  3014 E libEGL  : No entry found in platform lookup table for eglSurfaceAttribMTK
09-23 15:13:58.947  3014  3014 D ExtensionsLoader: createInstance(64bit) : createExtendedFactory
09-23 15:13:58.947  3014  3014 D ExtensionsLoader: Opened libguiextimpl.so
09-23 15:13:58.956  3014  3014 D OplusUtils: OplusUtils [84]: 
09-23 15:13:58.959  3014  3014 E app_process: createInstance(64bit) : createExtendedFactory
09-23 15:13:58.960  3014  3014 E app_process: createInstance(64bit) : createExtendedFactory
09-23 15:13:58.960  3014  3014 E app_process: Opened libinputextensionsimpl.so
09-23 15:13:58.960  3014  3014 E app_process: Opened libinputextensionsimpl.so
09-23 15:13:58.960  3014  3014 D AndroidRuntime: >>>>>> START com.android.internal.os.RuntimeInit uid 2000 <<<<<<
09-23 15:13:58.963  3014  3014 I AndroidRuntime: Using default boot image
09-23 15:13:58.963  3014  3014 I AndroidRuntime: Leaving lock profiling enabled
09-23 15:13:58.965  3014  3014 I app_process: Using CollectorTypeCMC GC.
09-23 15:13:58.997  2112  2180 D vendor.oplus.hardware.charger-V10-service: ret_value:166, read content:,280,280,4485,4483,0,100,100,1,9,1048704,34,5233,100,0,4530,500,2000,0,0,3500,0,0,1,0,2,1,0,0,4,7763,100,7158,6190,6190,0,0,0,0,0,101,100.00,100,100.00,94.54,100.00,
09-23 15:13:58.998  2112  2180 D vendor.oplus.hardware.charger-V10-service: gmtime: 2026-09-23-15-13-58
09-23 15:13:58.999  2112  2180 D vendor.oplus.hardware.charger-V10-service: usb_online:1, ac_online:-2147483648, wireless_online:0
09-23 15:13:59.030  3014  3014 D nativeloader: InitDefaultPublicLibraries for_preload=1: libandroid.so:libaaudio.so:libamidi.so:libbinder_ndk.so:libc.so:libcamera2ndk.so:libdl.so:libEGL.so:libGLESv1_CM.so:libGLESv2.so:libGLESv3.so:libicu.so:libicui18n.so:libicuuc.so:libjnigraphics.so:liblog.so:libmediandk.so:libm.so:libnativehelper.so:libnativewindow.so:libOpenMAXAL.so:libOpenSLES.so:libRS.so:libstdc++.so:libsync.so:libvulkan.so:libwebviewchromium_plat_support.so:libz.so
09-23 15:13:59.036  3014  3014 D nativeloader: Load libicu_jni.so using APEX ns com_android_art for caller /apex/com.android.art/javalib/core-oj.jar: ok
09-23 15:13:59.036  3014  3014 D app_process: u_setTimeZoneFilesDirectory("/apex/com.android.tzdata/etc/tz/versioned/9/icu") succeeded. 
09-23 15:13:59.036  3014  3014 D app_process: I18n APEX ICU file found: /apex/com.android.i18n/etc/icu/icudt76l.dat
09-23 15:13:59.037  3014  3014 D nativeloader: Load libjavacore.so using APEX ns com_android_art for caller /apex/com.android.art/javalib/core-oj.jar: ok
09-23 15:13:59.037  3014  3014 D nativeloader: Load libopenjdk.so using APEX ns com_android_art for caller /apex/com.android.art/javalib/core-oj.jar: ok
09-23 15:13:59.041  3014  3014 D ExtLoader: DEFAULT_DEBUG_DUMMY=false, DEFAULT_DEBUG_CREATE=false
09-23 15:13:59.048  3014  3014 W libc    : Access denied finding property "ro.vendor.mtk.hbt_binfmt_misc_support"
09-23 15:13:59.048  3014  3014 W libc    : Access denied finding property "ro.vendor.mtk.app32_boost_support"
09-23 15:13:59.048  3014  3014 W libc    : Access denied finding property "ro.vendor.oplus.tango_binfmt_misc_support"
09-23 15:13:59.048  3014  3014 W libc    : Access denied finding property "ro.vendor.oplus.otranslator_64only_chip"
09-23 15:13:59.048  3014  3014 W libc    : Access denied finding property "ro.vendor.oplus.app32_boost_support"
09-23 15:13:59.048  3014  3014 E ZygoteProcess: zygote_c init failed for zygote_c.enable property
09-23 15:13:59.048  3014  3014 W libc    : Access denied finding property "ro.vendor.mtk.app32_boost_support"
09-23 15:13:59.049  3014  3014 D nativeloader: Load libonetrace_jni.so using system ns (caller=/system/framework/oplus-framework.jar): ok
09-23 15:13:59.049  3014  3014 D OplusTrace: register_android_os_OplusTrace
09-23 15:13:59.055  3014  3014 D nativeloader: Load libframework-connectivity-tiramisu-jni.so using APEX ns com_android_tethering for caller /apex/com.android.tethering/javalib/framework-connectivity-t.jar: ok
09-23 15:13:59.055  3014  3014 D AndroidRuntime: Calling main entry com.android.commands.monkey.Monkey
09-23 15:13:59.056  3014  3014 D nativeloader: Load /system/lib64/libmonkey_jni.so using ns default for caller /system/framework/monkey.jar in same partition (is_bridged=0): ok
09-23 15:13:59.056  3014  3014 W Monkey  : args: [-p, com.alibaba.mnnllm.android, -c, android.intent.category.LAUNCHER, 1]
09-23 15:13:59.057  3014  3014 I AconfigPackage: com.android.nfc.flags is mapped to system
09-23 15:13:59.057  3014  3014 I AconfigPackage: android.app.admin.flags is mapped to system
09-23 15:13:59.057  3014  3014 I AconfigPackage: android.database.sqlite is mapped to system
09-23 15:13:59.057  3014  3014 I AconfigPackage: com.android.providers.calendar is mapped to system
09-23 15:13:59.057  3014  3014 I AconfigPackage: com.android.server.power.feature.flags is mapped to system
09-23 15:13:59.057  3014  3014 I AconfigPackage: com.android.media.performance.flags is mapped to system
09-23 15:13:59.057  3014  3014 I AconfigPackage: android.app.contextualsearch.flags is mapped to system
09-23 15:13:59.057  3014  3014 I AconfigPackage: android.app.ondeviceintelligence.flags is mapped to system
09-23 15:13:59.057  3014  3014 I AconfigPackage: com.android.media.projection.flags is mapped to system
09-23 15:13:59.057  3014  3014 I AconfigPackage: android.companion is mapped to system
09-23 15:13:59.057  3014  3014 I AconfigPackage: android.service.controls.flags is mapped to system
09-23 15:13:59.057  3014  3014 I AconfigPackage: com.android.text.flags is mapped to system
09-23 15:13:59.057  3014  3014 I AconfigPackage: com.android.providers.contactkeys.flags is mapped to system
09-23 15:13:59.057  3014  3014 I AconfigPackage: com.android.intentresolver is mapped to system
09-23 15:13:59.057  3014  3014 I AconfigPackage: android.companion.virtualdevice.flags is mapped to system
09-23 15:13:59.057  3014  3014 I AconfigPackage: android.uprobestats.flags is mapped to system
09-23 15:13:59.057  3014  3014 I AconfigPackage: com.android.net.thread.platform.flags is mapped to system
09-23 15:13:59.057  3014  3014 I AconfigPackage: android.view.contentprotection.flags is mapped to system
09-23 15:13:59.057  3014  3014 I AconfigPackage: com.android.server.dreams is mapped to system
09-23 15:13:59.057  3014  3014 I AconfigPackage: com.android.graphics.surfaceflinger.flags is mapped to system
09-23 15:13:59.057  3014  3014 I AconfigPackage: com.android.hardware.input is mapped to system
09-23 15:13:59.057  3014  3014 I AconfigPackage: android.sdk is mapped to system
09-23 15:13:59.057  3014  3014 I AconfigPackage: com.android.input.flags is mapped to system
09-23 15:13:59.057  3014  3014 I AconfigPackage: android.tracing is mapped to system
09-23 15:13:59.057  3014  3014 I AconfigPackage: com.android.server.biometrics is mapped to system
09-23 15:13:59.057  3014  3014 I AconfigPackage: android.view.contentcapture.flags is mapped to system
09-23 15:13:59.057  3014  3014 I AconfigPackage: android.app.job is mapped to system
09-23 15:13:59.057  3014  3014 I AconfigPackage: android.content.res is mapped to system
09-23 15:13:59.057  3014  3014 I AconfigPackage: android.net.platform.flags is mapped to system
09-23 15:13:59.057  3014  3014 I AconfigPackage: com.android.aconfig.flags is mapped to system
09-23 15:13:59.057  3014  3014 I AconfigPackage: com.android.graphics.flags is mapped to system
09-23 15:13:59.057  3014  3014 I AconfigPackage: android.server.app is mapped to system
09-23 15:13:59.057  3014  3014 I AconfigPackage: android.speech.flags is mapped to system
09-23 15:13:59.057  3014  3014 I AconfigPackage: com.android.server.stats is mapped to system
09-23 15:13:59.057  3014  3014 I AconfigPackage: android.hardware.biometrics is mapped to system
09-23 15:13:59.057  3014  3014 I AconfigPackage: android.car.feature is mapped to system
09-23 15:13:59.057  3014  3014 I AconfigPackage: android.adpf is mapped to system
09-23 15:13:59.057  3014  3014 I AconfigPackage: android.location.flags is mapped to system
09-23 15:13:59.057  3014  3014 I AconfigPackage: com.android.settingslib.flags is mapped to system
09-23 15:13:59.057  3014  3014 I AconfigPackage: com.android.managedprovisioning.flags is mapped to system
09-23 15:13:59.057  3014  3014 I AconfigPackage: android.app.assist.flags is mapped to system
09-23 15:13:59.057  3014  3014 I AconfigPackage: com.android.server.net is mapped to system
09-23 15:13:59.057  3014  3014 I AconfigPackage: com.android.settingslib.widget.flags is mapped to system
09-23 15:13:59.057  3014  3014 I AconfigPackage: com.android.internal.camera.flags is mapped to system
09-23 15:13:59.057  3014  3014 I AconfigPackage: com.android.hardware.libsensor.flags is mapped to system
09-23 15:13:59.057  3014  3014 I AconfigPackage: com.android.internal.jank is mapped to system
09-23 15:13:59.057  3014  3014 I AconfigPackage: com.android.providers.settings is mapped to system
09-23 15:13:59.057  3014  3014 I AconfigPackage: android.multiuser is mapped to system
09-23 15:13:59.057  3014  3014 I AconfigPackage: com.android.server.power.optimization is mapped to system
09-23 15:13:59.057  3014  3014 I AconfigPackage: com.android.calllogbackup is mapped to system
09-23 15:13:59.057  3014  3014 I AconfigPackage: com.android.media.flags is mapped to system
09-23 15:13:59.057  3014  3014 I AconfigPackage: com.android.server.flags is mapped to system
09-23 15:13:59.057  3014  3014 I AconfigPackage: com.android.graphics.libvulkan.flags is mapped to system
09-23 15:13:59.057  3014  3014 I AconfigPackage: android.app.appfunctions.flags is mapped to system
09-23 15:13:59.057  3014  3014 I AconfigPackage: android.app.smartspace.flags is mapped to system
09-23 15:13:59.057  3014  3014 I AconfigPackage: com.android.providers.contacts.flags is mapped to system
09-23 15:13:59.057  3014  3014 I AconfigPackage: com.android.shell.flags is mapped to system
09-23 15:13:59.057  3014  3014 I AconfigPackage: com.android.media.aaudio is mapped to system
09-23 15:13:59.057  3014  3014 I AconfigPackage: android.hardware.radio is mapped to system
09-23 15:13:59.057  3014  3014 I AconfigPackage: suspend_service.flags is mapped to system
09-23 15:13:59.057  3014  3014 I AconfigPackage: android.media.midi is mapped to system
09-23 15:13:59.057  3014  3014 I AconfigPackage: com.android.libcore.readonly is mapped to system
09-23 15:13:59.057  3014  3014 I AconfigPackage: com.android.settingslib.widget.selectorwithwidgetpreference.flags is mapped to system
09-23 15:13:59.057  3014  3014 I AconfigPackage: android.service.notification is mapped to system
09-23 15:13:59.057  3014  3014 I AconfigPackage: com.android.systemui.shared is mapped to system
09-23 15:13:59.057  3014  3014 I AconfigPackage: android.app.jank is mapped to system
09-23 15:13:59.057  3014  3014 I AconfigPackage: android.app.wearable is mapped to system
09-23 15:13:59.057  3014  3014 I AconfigPackage: com.android.media.audio is mapped to system
09-23 15:13:59.057  3014  3014 I AconfigPackage: android.service.chooser is mapped to system
09-23 15:13:59.057  3014  3014 I AconfigPackage: com.android.server.compat is mapped to system
09-23 15:13:59.057  3014  3014 I AconfigPackage: com.android.server.alarm is mapped to system
09-23 15:13:59.057  3014  3014 I AconfigPackage: com.android.apex.flags is mapped to system
09-23 15:13:59.057  3014  3014 I AconfigPackage: android.service.quickaccesswallet is mapped to system
09-23 15:13:59.057  3014  3014 I AconfigPackage: android.app.usage is mapped to system
09-23 15:13:59.057  3014  3014 I AconfigPackage: com.android.server.accessibility is mapped to system
09-23 15:13:59.057  3014  3014 I AconfigPackage: android.app.supervision.flags is mapped to system
09-23 15:13:59.057  3014  3014 I AconfigPackage: com.android.server.utils is mapped to system
09-23 15:13:59.057  3014  3014 I AconfigPackage: android.chre.flags is mapped to system
09-23 15:13:59.057  3014  3014 I AconfigPackage: android.content.flags is mapped to system
09-23 15:13:59.057  3014  3014 I AconfigPackage: android.media.codec is mapped to system
09-23 15:13:59.057  3014  3014 I AconfigPackage: com.android.internal.os is mapped to system
09-23 15:13:59.057  3014  3014 I AconfigPackage: com.android.nfc.nci.flags is mapped to system
09-23 15:13:59.057  3014  3014 I AconfigPackage: android.app is mapped to system
09-23 15:13:59.057  3014  3014 I AconfigPackage: android.security.keystore2 is mapped to system
09-23 15:13:59.057  3014  3014 I AconfigPackage: android.crashrecovery.flags is mapped to system
09-23 15:13:59.057  3014  3014 I AconfigPackage: com.android.tradeinmode.flags is mapped to system
09-23 15:13:59.057  3014  3014 I AconfigPackage: android.hardware.flags is mapped to system
09-23 15:13:59.057  3014  3014 I AconfigPackage: com.android.server.telecom.flags is mapped to system
09-23 15:13:59.057  3014  3014 I AconfigPackage: com.android.settingslib.media.flags is mapped to system
09-23 15:13:59.057  3014  3014 I AconfigPackage: com.android.server.policy is mapped to system
09-23 15:13:59.057  3014  3014 I AconfigPackage: android.media.audiopolicy is mapped to system
09-23 15:13:59.057  3014  3014 I AconfigPackage: com.android.egg.flags is mapped to system
09-23 15:13:59.057  3014  3014 I AconfigPackage: com.android.internal.compat.flags is mapped to system
09-23 15:13:59.057  3014  3014 I AconfigPackage: android.security is mapped to system
09-23 15:13:59.057  3014  3014 I AconfigPackage: android.service.autofill is mapped to system
09-23 15:13:59.057  3014  3014 I AconfigPackage: com.example.android.aconfig.demo.flags is mapped to system
09-23 15:13:59.057  3014  3014 I AconfigPackage: android.view.flags is mapped to system
09-23 15:13:59.057  3014  3014 I AconfigPackage: android.companion.virtual.flags is mapped to system
09-23 15:13:59.057  3014  3014 I AconfigPackage: com.android.aconfig_new_storage is mapped to system
09-23 15:13:59.057  3014  3014 I AconfigPackage: com.android.server.feature.flags is mapped to system
09-23 15:13:59.057  3014  3014 I AconfigPackage: com.android.systemui is mapped to system
09-23 15:13:59.057  3014  3014 I AconfigPackage: com.android.server.power.batterysaver is mapped to system
09-23 15:13:59.057  3014  3014 I AconfigPackage: android.widget.flags is mapped to system
09-23 15:13:59.057  3014  3014 I AconfigPackage: com.android.media.editing.flags is mapped to system
09-23 15:13:59.057  3014  3014 I AconfigPackage: com.android.media.codec.flags is mapped to system
09-23 15:13:59.057  3014  3014 I AconfigPackage: com.android.server.powerstats is mapped to system
09-23 15:13:59.057  3014  3014 I AconfigPackage: com.android.graphics.egl.flags is mapped to system
09-23 15:13:59.057  3014  3014 I AconfigPackage: com.android.media.audioserver is mapped to system
09-23 15:13:59.057  3014  3014 I AconfigPackage: com.android.server.deviceidle is mapped to system
09-23 15:13:59.057  3014  3014 I AconfigPackage: android.nfc is mapped to system
09-23 15:13:59.057  3014  3014 I AconfigPackage: android.permission.flags is mapped to system
09-23 15:13:59.057  3014  3014 I AconfigPackage: android.service.voice.flags is mapped to system
09-23 15:13:59.057  3014  3014 I AconfigPackage: android.content.pm is mapped to system
09-23 15:13:59.057  3014  3014 I AconfigPackage: com.android.server.power.hint is mapped to system
09-23 15:13:59.057  3014  3014 I AconfigPackage: android.os is mapped to system
09-23 15:13:59.057  3014  3014 I AconfigPackage: android.service.dreams is mapped to system
09-23 15:13:59.057  3014  3014 I AconfigPackage: com.android.graphics.libgui.flags is mapped to system
09-23 15:13:59.057  3014  3014 I AconfigPackage: android.hardware.usb.flags is mapped to system
09-23 15:13:59.057  3014  3014 I AconfigPackage: android.provider is mapped to system
09-23 15:13:59.057  3014  3014 I AconfigPackage: com.android.server.job is mapped to system
09-23 15:13:59.057  3014  3014 I AconfigPackage: com.android.internal.foldables.flags is mapped to system
09-23 15:13:59.057  3014  3014 I AconfigPackage: com.android.internal.telephony.flags is mapped to system
09-23 15:13:59.057  3014  3014 I AconfigPackage: android.webkit is mapped to system
09-23 15:13:59.057  3014  3014 I AconfigPackage: android.credentials.flags is mapped to system
09-23 15:13:59.057  3014  3014 I AconfigPackage: com.android.server.display.feature.flags is mapped to system
09-23 15:13:59.057  3014  3014 I AconfigPackage: com.android.server.notification is mapped to system
09-23 15:13:59.057  3014  3014 I AconfigPackage: com.oplus.framework.flags is mapped to system
09-23 15:13:59.057  3014  3014 I AconfigPackage: android.appwidget.flags is mapped to system
09-23 15:13:59.057  3014  3014 I AconfigPackage: com.android.frameworks.sensorservice.flags is mapped to system
09-23 15:13:59.057  3014  3014 I AconfigPackage: com.android.window.flags is mapped to system
09-23 15:13:59.057  3014  3014 I AconfigPackage: android.adaptiveauth is mapped to system
09-23 15:13:59.057  3014  3014 I AconfigPackage: android.net.wifi.flags is mapped to system
09-23 15:13:59.057  3014  3014 I AconfigPackage: android.media.tv.flags is mapped to system
09-23 15:13:59.057  3014  3014 I AconfigPackage: com.android.server.usb.flags is mapped to system
09-23 15:13:59.057  3014  3014 I AconfigPackage: android.os.vibrator is mapped to system
09-23 15:13:59.057  3014  3014 I AconfigPackage: android.hardware.devicestate.feature.flags is mapped to system
09-23 15:13:59.057  3014  3014 I AconfigPackage: com.android.server.usage is mapped to system
09-23 15:13:59.057  3014  3014 I AconfigPackage: android.server is mapped to system
09-23 15:13:59.057  3014  3014 I AconfigPackage: com.android.wm.shell is mapped to system
09-23 15:13:59.057  3014  3014 I AconfigPackage: android.view.inputmethod is mapped to system
09-23 15:13:59.057  3014  3014 I AconfigPackage: com.android.graphics.hwui.flags is mapped to system
09-23 15:13:59.057  3014  3014 I AconfigPackage: com.android.server.backup is mapped to system
09-23 15:13:59.057  3014  3014 I AconfigPackage: com.android.internal.pm.pkg.component.flags is mapped to system
09-23 15:13:59.057  3014  3014 I AconfigPackage: android.view.accessibility is mapped to system
09-23 15:13:59.057  3014  3014 I AconfigPackage: android.media.audio is mapped to system
09-23 15:13:59.057  3014  3014 I AconfigPackage: com.android.server.am is mapped to system
09-23 15:13:59.057  3014  3014 I AconfigPackage: com.android.media.playback.flags is mapped to system
09-23 15:13:59.057  3014  3014 I AconfigPackage: com.android.settings.accessibility is mapped to system_ext
09-23 15:13:59.057  3014  3014 I AconfigPackage: com.android.settings.keyboard is mapped to system_ext
09-23 15:13:59.057  3014  3014 I AconfigPackage: com.android.settings.factory_reset is mapped to system_ext
09-23 15:13:59.057  3014  3014 I AconfigPackage: com.android.systemui.accessibility.accessibilitymenu is mapped to system_ext
09-23 15:13:59.057  3014  3014 I AconfigPackage: com.android.server.policy.feature.flags is mapped to system_ext
09-23 15:13:59.057  3014  3014 I AconfigPackage: com.android.settings.flags is mapped to system_ext
09-23 15:13:59.057  3014  3014 I AconfigPackage: com.android.settings.media_drm is mapped to system_ext
09-23 15:13:59.057  3014  3014 I AconfigPackage: com.android.launcher3 is mapped to system_ext
09-23 15:13:59.057  3014  3014 I AconfigPackage: com.android.rkpd.flags is mapped to com.android.rkpd
09-23 15:13:59.057  3014  3014 I AconfigPackage: android.provider.flags is mapped to com.android.configinfrastructure
09-23 15:13:59.057  3014  3014 I AconfigPackage: com.android.server.deviceconfig is mapped to com.android.configinfrastructure
09-23 15:13:59.057  3014  3014 I AconfigPackage: com.android.adservices.ondevicepersonalization.flags is mapped to com.android.ondevicepersonalization
09-23 15:13:59.057  3014  3014 I AconfigPackage: com.android.wifi.flags is mapped to com.android.wifi
09-23 15:13:59.058  3014  3014 I AconfigPackage: com.android.org.conscrypt.flags is mapped to com.android.conscrypt
09-23 15:13:59.058  3014  3014 I AconfigPackage: com.android.org.conscrypt.net.flags is mapped to com.android.conscrypt
09-23 15:13:59.058  3014  3014 I AconfigPackage: com.android.cellbroadcastreceiver.flags is mapped to com.android.cellbroadcast
09-23 15:13:59.058  3014  3014 I AconfigPackage: com.android.appsearch.flags is mapped to com.android.appsearch
09-23 15:13:59.058  3014  3014 I AconfigPackage: com.android.uwb.flags is mapped to com.android.uwb
09-23 15:13:59.058  3014  3014 I AconfigPackage: com.android.ranging.flags is mapped to com.android.uwb
09-23 15:13:59.058  3014  3014 I AconfigPackage: com.android.art.flags is mapped to com.android.art
09-23 15:13:59.058  3014  3014 I AconfigPackage: com.android.libcore is mapped to com.android.art
09-23 15:13:59.058  3014  3014 I AconfigPackage: com.android.media.extractor.flags is mapped to com.android.media
09-23 15:13:59.058  3014  3014 I AconfigPackage: com.android.media.mainline.flags is mapped to com.android.media
09-23 15:13:59.058  3014  3014 I AconfigPackage: com.android.healthfitness.flags is mapped to com.android.healthfitness
09-23 15:13:59.058  3014  3014 I AconfigPackage: com.android.permission.flags is mapped to com.android.permission
09-23 15:13:59.058  3014  3014 I AconfigPackage: com.android.permissioncontroller.flags is mapped to com.android.permission
09-23 15:13:59.058  3014  3014 I AconfigPackage: com.android.adservices.flags is mapped to com.android.adservices
09-23 15:13:59.058  3014  3014 I AconfigPackage: com.android.sdksandbox.flags is mapped to com.android.adservices
09-23 15:13:59.058  3014  3014 I AconfigPackage: android.graphics.pdf.flags is mapped to com.android.mediaprovider
09-23 15:13:59.058  3014  3014 I AconfigPackage: com.android.providers.media.flags is mapped to com.android.mediaprovider
09-23 15:13:59.058  3014  3014 I AconfigPackage: android.graphics.pdf.flags.readonly is mapped to com.android.mediaprovider
09-23 15:13:59.058  3014  3014 I AconfigPackage: com.android.net.ct.flags is mapped to com.android.tethering
09-23 15:13:59.058  3014  3014 I AconfigPackage: com.android.tethering.mainline.beta is mapped to com.android.tethering
09-23 15:13:59.058  3014  3014 I AconfigPackage: com.android.net.flags is mapped to com.android.tethering
09-23 15:13:59.058  3014  3014 I AconfigPackage: com.android.nearby.flags is mapped to com.android.tethering
09-23 15:13:59.058  3014  3014 I AconfigPackage: android.net.vcn is mapped to com.android.tethering
09-23 15:13:59.058  3014  3014 I AconfigPackage: com.android.tethering.beta.test is mapped to com.android.tethering
09-23 15:13:59.058  3014  3014 I AconfigPackage: android.net.http is mapped to com.android.tethering
09-23 15:13:59.058  3014  3014 I AconfigPackage: com.android.net.thread.flags is mapped to com.android.tethering
09-23 15:13:59.058  3014  3014 I AconfigPackage: android.media.swcodec.flags is mapped to com.android.media.swcodec
09-23 15:13:59.058  3014  3014 I AconfigPackage: com.android.ipsec.flags is mapped to com.android.ipsec
09-23 15:13:59.058  3014  3014 I AconfigPackage: com.android.os.statsd.flags is mapped to com.android.os.statsd
09-23 15:13:59.058  3014  3014 I AconfigPackage: android.os.profiling is mapped to com.android.profiling
09-23 15:13:59.058  3014  3014 I AconfigPackage: com.android.system.virtualmachine.flags is mapped to com.android.virt
09-23 15:13:59.058  3014  3014 I AconfigPackage: com.android.devicelock.flags is mapped to com.android.devicelock
09-23 15:13:59.058  3014  3014 I AconfigPackage: android.uprobestats.mainline.flags is mapped to com.android.uprobestats
09-23 15:13:59.058  3014  3014 I AconfigPackage: com.android.icu is mapped to com.android.i18n
09-23 15:13:59.058  3014  3014 E FeatureFlagsImplExport: android.os.flagging.AconfigStorageReadException: ERROR_PACKAGE_NOT_FOUND: package android.xr cannot be found on the device
09-23 15:13:59.060  3014  3014 W libc    : Access denied finding property "qemu.sf.lcd_density"
09-23 15:13:59.061  3014  3014 W libc    : Access denied finding property "qemu.sf.lcd_density"
09-23 15:13:59.061  3014  3014 W libc    : Access denied finding property "vendor.display.disable_rounded_corner"
09-23 15:13:59.063  3014  3014 W Monkey  :  arg: "-p"
09-23 15:13:59.063  3014  3014 W Monkey  :  arg: "com.alibaba.mnnllm.android"
09-23 15:13:59.063  3014  3014 W Monkey  :  arg: "-c"
09-23 15:13:59.063  3014  3014 W Monkey  :  arg: "android.intent.category.LAUNCHER"
09-23 15:13:59.063  3014  3014 W Monkey  :  arg: "1"
09-23 15:13:59.063  3014  3014 W Monkey  : data="com.alibaba.mnnllm.android"
09-23 15:13:59.063  3014  3014 W Monkey  : data="android.intent.category.LAUNCHER"
09-23 15:13:59.069  3833  6765 W ActivityTaskManager: controller : android.app.IActivityController$Stub$Proxy@6a1ff94, callingPid : 3014
09-23 15:13:59.070  3833  6765 W ActivityManager: registerReceiverWithFeature: no app for null
09-23 15:13:59.075  3833  4690 D KeyLayoutMap: Generated sysDefIdcPath input device configuration file: sysDefIdcPath='/system_ext/oplus/idc/Vendor_18d1_Product_0001_Version_0001.idc'
09-23 15:13:59.075  3833  4690 W KeyLayoutMap: Probe failed to find input device configuration file: name='Vendor_18d1_Product_0001_Version_0001', type=0
09-23 15:13:59.075  3833  4690 D KeyLayoutMap: Generated sysDefIdcPath input device configuration file: sysDefIdcPath='/system_ext/oplus/idc/Vendor_18d1_Product_0001.idc'
09-23 15:13:59.075  3833  4690 W KeyLayoutMap: Probe failed to find input device configuration file: name='Vendor_18d1_Product_0001', type=0
09-23 15:13:59.075  3833  4690 D KeyLayoutMap: Generated sysDefIdcPath input device configuration file: sysDefIdcPath='/system_ext/oplus/idc/Monkey_touch.idc'
09-23 15:13:59.075  3833  4690 W KeyLayoutMap: Probe failed to find input device configuration file: name='Monkey_touch', type=0
09-23 15:13:59.075  3833  4690 D EventHub: No input device configuration file found for device 'Monkey touch'.
09-23 15:13:59.082  3833  4690 I EventHub: usingClockIoctl=true
09-23 15:13:59.082  3833  4690 I EventHub: New device: id=94, fd=230, path='/dev/input/event12', name='Monkey touch', classes=TOUCH | TOUCH_MT, configuration='', keyLayout='', keyCharacterMap='', builtinKeyboard=false, 
09-23 15:13:59.086  3833  4690 I InputReader: Disabling Monkey touch (device 90) because the associated viewport is not active
09-23 15:13:59.086  3833  4690 I InputReader: Device reconfigured: id=90, name='Monkey touch', size 1272x2772, orientation Rotation0, mode DISABLED, display id 0
09-23 15:13:59.086  3833  4690 I InputReader: Disabling Monkey touch (device 90) because the associated viewport is not active
09-23 15:13:59.092  3833  4690 D PointerChoreographer: updatePointerControllersLocked, vendor=0000, deviceName:uinput_nav, descriptor=3b5e141101b56e3eba67ef9a195d0a8f3d885766
09-23 15:13:59.092  3833  4690 D PointerChoreographer: updatePointerControllersLocked, vendor=18d1, deviceName:monkey touch, descriptor=e1fe28b90f915c7d1febbd52c1ef84b3c4cbed9f
09-23 15:13:59.092  3833  4690 D PointerChoreographer: updatePointerControllersLocked, vendor=0000, deviceName:oplus_fp_input, descriptor=35e5048bca63d3c8a7c284235de901684e5f665e
09-23 15:13:59.092  3833  4690 D PointerChoreographer: updatePointerControllersLocked, vendor=0000, deviceName:canoe-mtp-snd-card headset jack, descriptor=3ee94ab382c19106b6c8740b8cdf506f3ff534b3
09-23 15:13:59.092  3833  4690 D PointerChoreographer: updatePointerControllersLocked, vendor=0000, deviceName:pmic_resin, descriptor=653e1ca6257fe659881d6f71b799cb02b0d69ace
09-23 15:13:59.092  3833  4690 D PointerChoreographer: updatePointerControllersLocked, vendor=0000, deviceName:pmic_pwrkey, descriptor=39f0cc2fda6f8287fd99ffa0db53ae80f4837e18
09-23 15:13:59.092  3833  4690 D PointerChoreographer: updatePointerControllersLocked, vendor=0001, deviceName:gpio-keys, descriptor=d2c52ff0f656fac4cd7b7a118d575e0109a9fe1c
09-23 15:13:59.092  3833  4690 D PointerChoreographer: updatePointerControllersLocked, vendor=0000, deviceName:virtual, descriptor=a718a782d34bc767f4689c232d64d527998ea7fd
09-23 15:13:59.097  3833  6765 W ActivityTaskManager: callingPackage for (uid=2000, pid=3014) has no WPC
09-23 15:13:59.097  3833  4859 I [UAH_CLIENT]: UahEventAcquire, cmdid:2, pkg:none, identity:com.android.server.wm
09-23 15:13:59.100  3833  6765 D WindowManager: NFW_setClientVisible:ActivityRecord{256973373 u0 com.alibaba.mnnllm.android/.main.MainActivity clientVisible:true
09-23 15:13:59.101  3833  6765 V GrammaticalInflectionUtils: AttributionSource: android.content.AttributionSource@a50a3529 does not have READ_SYSTEM_GRAMMATICAL_GENDER permission.
09-23 15:13:59.103  3833  6765 D FlexibleTaskController: isSupportFlexibleWindow target = com.alibaba.mnnllm.android/.main.MainActivity callPkg = FlexibleTaskController support = true ,caller = 3833
09-23 15:13:59.103  3833  6765 D CompatChangeReporter: Compat change id reported: 306666082; UID 10369; state: ENABLED
09-23 15:13:59.104  3833  6765 D ActivityStarterExtImpl: NOT BACKGROUND_START_ACTIVITY_PERMISSION FEATURE
09-23 15:13:59.104  3833  4009 E QosSceneRecognizer[ActivityStartScene]: notifyActivityStart get launchedFromUid failed through AppManager! launchedFromPackage: com.android.shell, pkg: com.alibaba.mnnllm.android
09-23 15:13:59.105  3833  6765 D FlexibleWindowManagerService: isIgnoreAppearedAcrossTask:false
09-23 15:13:59.106  3833  6765 D FlexibleWindowManagerService: isIgnoreAppearedAcrossTask:false
09-23 15:13:59.106  3833  6765 D FlexibleTaskController: adjustOptionsForFlexibleTask skip adjust options reason:7
09-23 15:13:59.106  3833  6765 D FlexibleTaskController: isSupportFlexibleWindow target = com.alibaba.mnnllm.android/.main.MainActivity callPkg = FlexibleTaskController support = true ,caller = 3833
09-23 15:13:59.106  3833  6765 D FlexibleWindowManagerService: no reused task found for ActivityRecord{256973373 u0 com.alibaba.mnnllm.android/.main.MainActivity t-1}
09-23 15:13:59.107  3833  6765 D ActivityTaskManager: Temporarily retain top process state for launching app
09-23 15:13:59.109  3833  6765 D CompactServiceDelegate: updateDecorsManagerIfNeed return because not attachToProcess task:Task{a698100 #129 type=standard}
09-23 15:13:59.109  3833  6765 D CompactServiceDelegate: updateDecorsManagerIfNeed return because not attachToProcess task:Task{a698100 #129 type=standard}
09-23 15:13:59.112 13248 13248 I PkModeUpdater: PkModeUpdater.refreshDevices():206 refreshing devices
09-23 15:13:59.115  3833  6765 D SecondaryPageStartupPolicy: checkSecondaryPageStartupStatus not support sourcePackage=com.android.shell
09-23 15:13:59.116  3833  6765 D OplusStartingWindowManager: we don't revise window flags for third app
09-23 15:13:59.116  3833  6765 D ActivityTaskManager: validateStartingWindowTheme:  Pkg=com.alibaba.mnnllm.android, Translucent=false, Floating=false, ShowWallpaper=false, Disable=false, LaunchSource=4, Prev=null, LaunchedFromPackage=com.android.shell
09-23 15:13:59.116  3833  6765 W ActivityTaskManager: addStartingWindow fail due to not okToDisplay
09-23 15:13:59.119  2061  2214 E PERFHAL-CONFIG: PERFHAL-CONFIG: GetConfig() 508: Config S3TF undefined for this target
09-23 15:13:59.119  2061  2214 E PERFHAL-CONFIG: PERFHAL-CONFIG: GetConfig() 508: Config TFPS undefined for this target
09-23 15:13:59.119  2061  2214 E PERFHAL-BOOSTCONFIG: PERFHAL-BOOSTCONFIG: getQapeGamePowerOptConfig() 2025: Not able to fetch object
09-23 15:13:59.119  2061  2214 E PERFHAL-LLLITE: PERFHAL-LLLITE: CheckOngoingLaunchScenario() 199: mBoostedPkgName is empty!
09-23 15:13:59.119  2259  6461 D Dolphin.FeatureManager: phrMinRate=0.500000, highFpsPhrMinRate=0.800000
09-23 15:13:59.119  3833  6765 I AppsFilter: interaction: PackageSetting{82bd94a com.android.microdroid.empty_payload/10344} -> PackageSetting{2bbff7e com.alibaba.mnnllm.android/10369} BLOCKED
09-23 15:13:59.119  3833  6765 I AppsFilter: interaction: PackageSetting{362b9d8 com.oplus.dm/10123} -> PackageSetting{2bbff7e com.alibaba.mnnllm.android/10369} BLOCKED
09-23 15:13:59.119  3833  6765 I AppsFilter: interaction: PackageSetting{8fa310d io.shubham0204.smollmandroid/10368} -> PackageSetting{2bbff7e com.alibaba.mnnllm.android/10369} BLOCKED
09-23 15:13:59.120  3833  6765 I AppsFilter: interaction: PackageSetting{5359b84 com.oplus.locationproxy/10231} -> PackageSetting{2bbff7e com.alibaba.mnnllm.android/10369} BLOCKED
09-23 15:13:59.120  3833  6765 I AppsFilter: interaction: PackageSetting{94d9f6d com.android.certinstaller/10276} -> PackageSetting{2bbff7e com.alibaba.mnnllm.android/10369} BLOCKED
09-23 15:13:59.120  3833  6765 I AppsFilter: interaction: PackageSetting{7ee47a2 com.oplus.imsserviceentitlement/10127} -> PackageSetting{2bbff7e com.alibaba.mnnllm.android/10369} BLOCKED
09-23 15:13:59.120  3833  6765 I AppsFilter: interaction: PackageSetting{3940c33 com.oplus.location/10297} -> PackageSetting{2bbff7e com.alibaba.mnnllm.android/10369} BLOCKED
09-23 15:13:59.120  3833  6765 D RefreshRate: not enable app switch boost in low brightness mode!
09-23 15:13:59.120  3833  6765 V SensorManager: call sensorServiceCommonInterface name: setScreenShotDisable
09-23 15:13:59.120  3833  6765 D SensorServiceExtImpl: sensorServiceCommonInterface funcName = setScreenShotDisable, flag = 0, status = 0
09-23 15:13:59.121  3833  4859 I [UAH_CLIENT]: UahEventAcquire, cmdid:1, pkg:com.alibaba.mnnllm.android, identity:com.android.server.wm
09-23 15:13:59.122  3833  6765 D ActivityTaskManager: notifyTaskRemoved, task: Task{cdd5281 #128 type=standard A=10369:com.alibaba.mnnllm.android} trace:com.android.server.wm.RecentTasks.removeForAddTask:1888 com.android.server.wm.RecentTasks.add:1377 com.android.server.wm.ActivityStarter.startActivityInner:3011 com.android.server.wm.ActivityStarter.startActivityUnchecked:2156 com.android.server.wm.ActivityStarter.executeRequest:1906 
09-23 15:13:59.122  3833  5501 V GrammaticalInflectionUtils: AttributionSource: android.content.AttributionSource@a50a3529 does not have READ_SYSTEM_GRAMMATICAL_GENDER permission.
09-23 15:13:59.122  3833  6765 D ActivityTaskManager: notifyTaskAdded, task: Task{a698100 #129 type=standard A=10369:com.alibaba.mnnllm.android} trace:com.android.server.wm.RecentTasks.add:1392 com.android.server.wm.ActivityStarter.startActivityInner:3011 com.android.server.wm.ActivityStarter.startActivityUnchecked:2156 com.android.server.wm.ActivityStarter.executeRequest:1906 com.android.server.wm.ActivityStarter.execute:1004 
09-23 15:13:59.124  3833  6765 D osense.compress: notifyActivityLaunched pkgName = com.alibaba.mnnllm.android, userId = 0
09-23 15:13:59.124  3833  6765 I ActivityTaskManager: START u0 {act=android.intent.action.MAIN cat=[android.intent.category.LAUNCHER] flg=0x10200000 cmp=com.alibaba.mnnllm.android/.main.MainActivity mCallingUid=2000} with LAUNCH_MULTIPLE from uid 2000 (BAL_ALLOW_PERMISSION (START_ACTIVITIES_FROM_BACKGROUND permission granted)) result code=0
09-23 15:13:59.125  5344  5506 V WindowManagerShell: Transition requested (#646): android.os.BinderProxy@95bfaad TransitionRequestInfo { type = OPEN, triggerTask = TaskInfo{userId=0 taskId=129 effectiveUid=10369 displayId=0 isRunning=true baseIntent=Intent { act=android.intent.action.MAIN cat=[android.intent.category.LAUNCHER] flg=0x10200000 cmp=com.alibaba.mnnllm.android/.main.MainActivity mCallingUid=2000 } baseActivity=ComponentInfo{com.alibaba.mnnllm.android/com.alibaba.mnnllm.android.main.MainActivity} topActivity=ComponentInfo{com.alibaba.mnnllm.android/com.alibaba.mnnllm.android.main.MainActivity} origActivity=null realActivity=ComponentInfo{com.alibaba.mnnllm.android/com.alibaba.mnnllm.android.main.MainActivity}
09-23 15:13:59.125  5344  5506 V WindowManagerShell:  numActivities=1 lastActiveTime=520108244 supportsSplitScreenMultiWindow=true supportsMultiWindow=true supportsPocketStudioMultiWindow=true isInFlexibleEmbedded = false uid = 10369 pid = 0 resizeMode=1 isResizeable=true minWidth=-1 minHeight=-1 defaultMinSize=220 token=WCT{android.window.IWindowContainerToken$Stub$Proxy@158a1e2} topActivityType=1 pictureInPictureParams=null shouldDockBigOverlays=false launchIntoPipHostTaskId=-1 lastParentTaskIdBeforePip=-1 displayCutoutSafeInsets=Rect(0, 141 - 0, 0)
09-23 15:13:59.125  5344  5506 V WindowManagerShell:  topActivityInfo=ActivityInfo{adbf973 com.alibaba.mnnllm.android.main.MainActivity} launchCookies=[] positionInParent=Point(0, 0) parentTaskId=-1 isFocused=false isVisible=false isVisibleRequested=false isTopActivityNoDisplay=false isSleeping=true locusId=null displayAreaFeatureId=1 isTopActivityTransparent=false isActivityStackTransparent=false lastNonFullscreenBounds=Rect(310, 743 - 963, 2015) capturedLink=null capturedLinkTimestamp=0 requestedVisibleTypes=-9 topActivityRequestOpenInBrowserEducationTimestamp=0
09-23 15:13:59.125  5344  5506 V WindowManagerShell:  appCompatTaskInfo=AppCompatTaskInfo { topActivityInSizeCompat=false topActivityInOplusCompatMode=false eligibleForLetterboxEducation= false isLetterboxEducationEnabled= false isLetterboxDoubleTapEnabled= false eligibleForUserAspectRatioButton= false topActivityBoundsLetterboxed= false isFromLetterboxDoubleTap= false topActivityLetterboxVerticalPosition= -1 topActivityLetterboxHorizontalPosition= -1 topActivityLetterboxWidth=-1 topActivityLetterboxHeight=-1 topActivityAppBounds=Rect(0, 0 - 1272, 2772) isUserFullscreenOverrideEnabled=false isSystemFullscreenOverrideEnabled=false hasMinAspectRatioOverride=false topActivityLetterboxBounds=null cameraCompatTaskInfo=CameraCompatTaskInfo { freeformCameraCompatMode=inactive}} topActivityMainWindowFrame=null topActivityLetterboxInsets=Rect(0, 0 - 0, 0)
09-23 15:13:59.125  5344  5506 V WindowManagerShell:  mOplusExtraBundle = Bundle[mParcelledData.dataSize=1484]}, pipChange = null, remoteTransition = null, displayChange = null, flags = 0, debugId = 646 }
09-23 15:13:59.125  5344  5506 D ShellSplitScreen: logExit: no-op, mLoggerSessionId is null
09-23 15:13:59.125  3833  4690 E system_server: No Found best_cookie -1 resid #520159232 use_filtered 1 for assetApk /product/overlay/NavigationBarMode3Button/NavigationBarMode3ButtonOverlay.apk.
09-23 15:13:59.126  3014  3014 I Monkey  : Events injected: 1
09-23 15:13:59.127  3833  4503 D CompressAction: set affinity failed.
09-23 15:13:59.129  3833  6765 D FlexibleTaskController: isFullToFlexibleAnimating: false
09-23 15:13:59.129  3833  6765 D WindowManager: rotation(ROTATION_0) no changed  displayId = 0, lastOrientation = 5
09-23 15:13:59.130  3833  6765 W SettingsProvider: notifyForSettingsChange delay for accelerometer_rotation, value: 1, delta: 1, lastNotifyTimestamp: 93654767, minInterval: 10
09-23 15:13:59.130  3833  6765 D FlexibleTaskController: isFullToFlexibleAnimating: false
09-23 15:13:59.130  3833  6765 D WindowManager: rotation(ROTATION_0) no changed  displayId = 0, lastOrientation = 5
09-23 15:13:59.131  5344  5506 D ZoomController: onTaskMovedToFront, task id:129
09-23 15:13:59.131  3833  6765 W ActivityTaskManager: controller : null, callingPid : 3014
09-23 15:13:59.131  5344  5506 I ZoomUiController: FloatHandle-isFloatHandleShow mPackageName = null
09-23 15:13:59.131  3014  3014 I Monkey  : ## Network stats: elapsed time=36ms (0ms mobile, 0ms wifi, 36ms not connected)
09-23 15:13:59.132  5620 11677 I iopgp   : Iopgp: TRANSACTION_IOPGP_PRELOAD Sequence_id = 101 pkg_name = com.alibaba.mnnllm.android uid = 10369 size = 1 isProfile = 1
09-23 15:13:59.133  2259  2259 I BpBinder: onLastStrongRef automatically unlinking death recipients: 
09-23 15:13:59.134  3833  4503 E OsenseCommonUtils: write /dev/memcg/memory.force_shrink_file failed
09-23 15:13:59.134  3833  4503 E OsenseCommonUtils: java.io.IOException: write failed: EBUSY (Device or resource busy)
09-23 15:13:59.134  3833  4503 E OsenseCommonUtils: 	at libcore.io.IoBridge.write(IoBridge.java:651)
09-23 15:13:59.134  3833  4503 E OsenseCommonUtils: 	at java.io.FileOutputStream.write(FileOutputStream.java:436)
09-23 15:13:59.134  3833  4503 E OsenseCommonUtils: 	at sun.nio.cs.StreamEncoder.writeBytes(StreamEncoder.java:233)
09-23 15:13:59.134  3833  4503 E OsenseCommonUtils: 	at sun.nio.cs.StreamEncoder.implFlushBuffer(StreamEncoder.java:309)
09-23 15:13:59.134  3833  4503 E OsenseCommonUtils: 	at sun.nio.cs.StreamEncoder.implFlush(StreamEncoder.java:313)
09-23 15:13:59.134  3833  4503 E OsenseCommonUtils: 	at sun.nio.cs.StreamEncoder.flush(StreamEncoder.java:153)
09-23 15:13:59.134  3833  4503 E OsenseCommonUtils: 	at java.io.OutputStreamWriter.flush(OutputStreamWriter.java:248)
09-23 15:13:59.134  3833  4503 E OsenseCommonUtils: 	at com.android.server.oplus.osense.utils.OsenseCommonUtils.writeFile(OsenseCommonUtils.java:154)
09-23 15:13:59.134  3833  4503 E OsenseCommonUtils: 	at com.android.server.am.OplusOsenseCompressAction.doGlobalShrink(OplusOsenseCompressAction.java:1886)
09-23 15:13:59.134  3833  4503 E OsenseCommonUtils: 	at com.android.server.am.OplusOsenseCompressAction.-$$Nest$mdoGlobalShrink(Unknown Source:0)
09-23 15:13:59.134  3833  4503 E OsenseCommonUtils: 	at com.android.server.am.OplusOsenseCompressAction$CompressHandler.handleMessage(OplusOsenseCompressAction.java:1334)
09-23 15:13:59.134  3833  4503 E OsenseCommonUtils: 	at android.os.Handler.dispatchMessage(Handler.java:115)
09-23 15:13:59.134  3833  4503 E OsenseCommonUtils: 	at android.os.Looper.loopOnce(Looper.java:298)
09-23 15:13:59.134  3833  4503 E OsenseCommonUtils: 	at android.os.Looper.loop(Looper.java:408)
09-23 15:13:59.134  3833  4503 E OsenseCommonUtils: 	at android.os.HandlerThread.run(HandlerThread.java:85)
09-23 15:13:59.134  3833  4503 E OsenseCommonUtils: Caused by: android.system.ErrnoException: write failed: EBUSY (Device or resource busy)
09-23 15:13:59.134  3833  4503 E OsenseCommonUtils: 	at libcore.io.Linux.writeBytes(Native Method)
09-23 15:13:59.134  3833  4503 E OsenseCommonUtils: 	at libcore.io.Linux.write(Linux.java:336)
09-23 15:13:59.134  3833  4503 E OsenseCommonUtils: 	at libcore.io.ForwardingOs.write(ForwardingOs.java:948)
09-23 15:13:59.134  3833  4503 E OsenseCommonUtils: 	at libcore.io.BlockGuardOs.write(BlockGuardOs.java:448)
09-23 15:13:59.134  3833  4503 E OsenseCommonUtils: 	at libcore.io.IoBridge.write(IoBridge.java:646)
09-23 15:13:59.134  3833  4503 E OsenseCommonUtils: 	... 14 more
09-23 15:13:59.135  3014  3014 I app_process: System.exit called, status: 0
09-23 15:13:59.135  3014  3014 I AndroidRuntime: VM exiting with result code 0.
09-23 15:13:59.138  3833  4710 I VibrationEffectConvertor: onInputMethodListUpdated received, info.size = 4
09-23 15:13:59.138  3833  4710 I VibrationEffectConvertor: userid = 0, packageName = com.google.android.tts
09-23 15:13:59.138  3833  4710 I VibrationEffectConvertor: userid = 0, packageName = com.google.android.inputmethod.latin
09-23 15:13:59.138  3833  4710 I VibrationEffectConvertor: userid = 0, packageName = com.google.android.gms
09-23 15:13:59.138  3833  4710 I VibrationEffectConvertor: userid = 0, packageName = com.oplus.securitykeyboard
09-23 15:13:59.139  5344  6730 D Tile.OplusRotationLockTile: refreshState: tile not listening, ignore
09-23 15:13:59.141  5344 19885 D Tile.OplusRotationLockTile: refreshState: tile not listening, ignore
09-23 15:13:59.148  1872  1872 D Zygote  : Forked child process 3034
09-23 15:13:59.149  3833  4015 I ActivityManager: Start proc 3034:com.alibaba.mnnllm.android/u0a369 for top-activity {com.alibaba.mnnllm.android/com.alibaba.mnnllm.android.main.MainActivity}
09-23 15:13:59.149  3833  4015 D OplusAppStartupManager: Now Begin Monitor App StartInfo's Time == 520108271
09-23 15:13:59.149  3833  3998 I ActivityManager: ProcessObserver broadcast disabled
09-23 15:13:59.150  3833  4504 I MemoryOperationUtils: add 3034 to com.alibaba.mnnllm.android
09-23 15:13:59.151  2112  2183 D BatteryChargeControl: bcc get no support from charging protocol
09-23 15:13:59.154  3833  6779 I OStatsManager_OplusBatteryStatsManager: updateStateTime: PkgName = com.alibaba.mnnllm.android, uid = 10369, state to bg, mForegroundCnt = 0, isFg = false
09-23 15:13:59.163  3034  3034 I .mnnllm.android: Late-enabling -Xcheck:jni
09-23 15:13:59.164  3833  4690 I EventHub: Removing device Monkey touch due to epoll hang-up event.
09-23 15:13:59.164  3833  4690 I EventHub: Removed device: path=/dev/input/event12 name=Monkey touch id=94 fd=230 classes=TOUCH | TOUCH_MT
09-23 15:13:59.168  3833  4690 D PointerChoreographer: updatePointerControllersLocked, vendor=0000, deviceName:uinput_nav, descriptor=3b5e141101b56e3eba67ef9a195d0a8f3d885766
09-23 15:13:59.168  3833  4690 D PointerChoreographer: updatePointerControllersLocked, vendor=0000, deviceName:oplus_fp_input, descriptor=35e5048bca63d3c8a7c284235de901684e5f665e
09-23 15:13:59.168  3833  4690 D PointerChoreographer: updatePointerControllersLocked, vendor=0000, deviceName:canoe-mtp-snd-card headset jack, descriptor=3ee94ab382c19106b6c8740b8cdf506f3ff534b3
09-23 15:13:59.168  3833  4690 D PointerChoreographer: updatePointerControllersLocked, vendor=0000, deviceName:pmic_resin, descriptor=653e1ca6257fe659881d6f71b799cb02b0d69ace
09-23 15:13:59.168  3833  4690 D PointerChoreographer: updatePointerControllersLocked, vendor=0000, deviceName:pmic_pwrkey, descriptor=39f0cc2fda6f8287fd99ffa0db53ae80f4837e18
09-23 15:13:59.168  3833  4690 D PointerChoreographer: updatePointerControllersLocked, vendor=0001, deviceName:gpio-keys, descriptor=d2c52ff0f656fac4cd7b7a118d575e0109a9fe1c
09-23 15:13:59.168  3833  4690 D PointerChoreographer: updatePointerControllersLocked, vendor=0000, deviceName:virtual, descriptor=a718a782d34bc767f4689c232d64d527998ea7fd
09-23 15:13:59.174  3833  4036 W ProcessCpuTracker: Failed to stat(/proc/3014): android.system.ErrnoException: stat failed: ENOENT (No such file or directory)
09-23 15:13:59.174  3833  4036 W ProcessCpuTracker: Skipping unknown process pid 3014
09-23 15:13:59.174  3833  4690 E system_server: No Found best_cookie -1 resid #520159232 use_filtered 1 for assetApk /product/overlay/NavigationBarMode3Button/NavigationBarMode3ButtonOverlay.apk.
09-23 15:13:59.175  3833  4690 I EventHub: Removing device '/dev/input/event12' due to inotify event
09-23 15:13:59.175  5344  5344 D NavigationModeController: getCurrentUserContext: contextUser=0 currentUser=0
09-23 15:13:59.175 13248 13248 I PkModeUpdater: PkModeUpdater.refreshDevices():206 refreshing devices
09-23 15:13:59.176  5344  5344 E ndroid.systemui: No Found best_cookie -1 resid #520224768 use_filtered 1 for assetApk /product/overlay/NavigationBarMode3Button/NavigationBarMode3ButtonOverlay.apk.
09-23 15:13:59.186  3034  3034 E .mnnllm.android: Unknown bits set in runtime_flags: 0x40000000
09-23 15:13:59.186  3034  3034 I .mnnllm.android: Using CollectorTypeCMC GC.
09-23 15:13:59.188  3833  4036 D ProcessCpuTrackerExtImpl: mContext is already set, return now! 
09-23 15:13:59.188  1175  1180 I adbd    : jdwp connection from 3034
09-23 15:13:59.190  3034  3034 D nativeloader: Load libframework-connectivity-tiramisu-jni.so using APEX ns com_android_tethering for caller /apex/com.android.tethering/javalib/framework-connectivity-t.jar: ok
09-23 15:13:59.193  3034  3034 D OplusActivityThreadExtImpl: java.lang.NoSuchMethodException: dalvik.system.VMRuntime.SupressionGC [int, int]
09-23 15:13:59.193  3034  3034 W libc    : Access denied finding property "persist.vendor.sys.activitylog"
09-23 15:13:59.193  3034  3034 I OneTrace: Mark active for pid=3034? true
09-23 15:13:59.193  3034  3034 D cutils-dev: otrace_set_tracing_enabled? true tag:0
09-23 15:13:59.193  3034  3039 D cutils-dev: properties changed in otrace_seq_number_changed!
09-23 15:13:59.195  2061  2214 E PERFHAL-BOOSTCONFIG: PERFHAL-BOOSTCONFIG: GetBoostConfig() 1872: Not able to fetch object
09-23 15:13:59.195  2061  2214 E PERFHAL-BOOSTCONFIG: PERFHAL-BOOSTCONFIG: GetBoostConfig() 1872: Not able to fetch object
09-23 15:13:59.196  3833  5107 D SplitScreenAppReader: SPLIT_TOUCH support check:com.alibaba.mnnllm.android = false
09-23 15:13:59.196  3833  5107 D RGBNormalizeServer: OplusRGBNormalize feature enabled ? true
09-23 15:13:59.196  3833  5107 D ResourcesManagerCache: For package com.alibaba.mnnllm.android we got cacheList [null] appInfoExt is null ? false hasFeature ? false
09-23 15:13:59.197  3833  5107 D FlexibleTaskController: isFullToFlexibleAnimating: false
09-23 15:13:59.197  3833  5107 D WindowManager: rotation(ROTATION_0) no changed  displayId = 0, lastOrientation = 5
09-23 15:13:59.197  3833  5107 D OplusDexOptimizeManager: androidPackage inappropriate state!
09-23 15:13:59.198  3833  5107 D CompatChangeReporter: Compat change id reported: 324203798; UID 10369; state: ENABLED
09-23 15:13:59.198  3833  6779 I OStatsManager_OplusBatteryStatsManager: notePkgForeground [com.alibaba.mnnllm.android10369], uid = 10369, pid = 3034, pkgName = com.alibaba.mnnllm.android
09-23 15:13:59.198  3833  5107 D ActivityTaskManager: onWindowFocusChanged Task{a698100 #129 type=standard A=10369:com.alibaba.mnnllm.android} would transfer to compact
09-23 15:13:59.198  3833  4009 I UserAwareMgr: handleTopAppChanged: com.alibaba.mnnllm.android, pid: 3034, uid: 10369
09-23 15:13:59.198  3833  5107 D ActivityTaskManager: NFW_setLastResumedActivityUncheckLocked:true r:ActivityRecord{256973373 u0 com.alibaba.mnnllm.android/.main.MainActivity t129} currentFocus:Window{95fc63b u0 NotificationShade}
09-23 15:13:59.198  3833  5107 D WindowManager: NFW_findFocusedWindowIfNeeded:Window{95fc63b u0 NotificationShade} mCurrentFocus:Window{95fc63b u0 NotificationShade}
09-23 15:13:59.198  3833  5107 D FlexibleTaskController: onTaskFocusChanged prevTask:null ,currentTask:Task{a698100 #129 type=standard A=10369:com.alibaba.mnnllm.android}, reason: realStartActivityLocked - onActivityStateChanged
09-23 15:13:59.198  3833  5107 I OplusAppSwitchManagerService: appswitch hasProcess ActivityRecord{256973373 u0 com.alibaba.mnnllm.android/.main.MainActivity t129}
09-23 15:13:59.198  3833  5107 I OplusAppSwitchManagerService: appswitch hasProcess ActivityRecord{256973373 u0 com.alibaba.mnnllm.android/.main.MainActivity t129}
09-23 15:13:59.198  3833  4859 I [UAH_CLIENT]: UahEventAcquire, cmdid:0, pkg:com.alibaba.mnnllm.android, identity:com.android.server.wm
09-23 15:13:59.198  3833  5107 D ActivityTrigger: ActivityTrigger activityPauseTrigger 
09-23 15:13:59.201  3833  4000 D FlexibleTaskController: check task which not have enough child, isInSingleWhiteList:false isCloneTask:false
09-23 15:13:59.201  3833  4822 D BackgroundInstallControlService: Package event received: 0
09-23 15:13:59.202  3833  5185 D NirvanaManager: enable_bg_limit_level_thermal feature is not supported
09-23 15:13:59.204  5261  6780 V OsAgent : broadcastSystemEvent - 7
09-23 15:13:59.204  5261  6780 V OsAgent : broadcastSystemEvent - 7
09-23 15:13:59.205  2061  2214 E PERFHAL-CONFIG: PERFHAL-CONFIG: GetConfig() 508: Config TFPS undefined for this target
09-23 15:13:59.205  6803  7599 D OplusAtlas.OplusAudioScene: callback success event:atlas_event_on_foreground_activities_changed eventInfo:pid:3034,uid:10369,hasForegroundActivities:1
09-23 15:13:59.205  2259  6461 D Dolphin.FeatureManager: mTargetFps = 0.000000
09-23 15:13:59.205  3833  5628 D OplusAppSwitchRuleInfo: generateActivityEnterInfo - launch_source_type =  , launch_source_traceid = 
09-23 15:13:59.206  3833  5107 W SurfaceFlingerPuller: Failed to pull atom 150134 from surfaceflinger. Success is 0, binder status is EX_NONE
09-23 15:13:59.206  3833  5628 D OplusAppSwitchRuleInfo: generateActivityEnterInfo - launch_source_type =  , launch_source_traceid = 
09-23 15:13:59.206  1871  1894 E statsd  : Stats puller failed for tag: 150134 at 520108322260513
09-23 15:13:59.206  2259  6461 I OplusPerfCollect: OplusPerfCollect onPullAtom
09-23 15:13:59.206  2259  6461 I OplusPerfCollect: OplusPerfCollect OplusVrrInfoRecord clear
09-23 15:13:59.206  2199  2395 D AudioBoost: audioSchedBoost, pid=2199, tid=2395, enable=1, ret=0
09-23 15:13:59.207  2199  2395 D AudioFlingerExtImpl: AudioFlingerExtImpl oplusSetParameters: keyvalue onForegroundActivitiesChanged=com.alibaba.mnnllm.android:foreground:1|10369:3034
09-23 15:13:59.207  1871  1894 I statsd  : An anomaly (104240000001) (42)0x10000->10369[I] (42)0x20000->com.alibaba.mnnllm.android[S] (42)0x30000->.main.MainActivity[S]  has occurred! Informing subscribers.
09-23 15:13:59.207  2199  2395 D AudioFlingerExtImpl: updateForegroundInfo, mapInf mForegroundMap(1)|[com.alibaba.mnnllm.android]=1, uidPidMapInf mForegroundUidPidMap(1)|[10369]=3034
09-23 15:13:59.207  2199  2395 D AudioBoost: audioSchedBoost, pid=2199, tid=2395, enable=0, ret=0
09-23 15:13:59.208  3034  3048 D OplusActivityManager: get AMS extension: android.os.BinderProxy@91c536c
09-23 15:13:59.208  1334 24528 I android.system.suspend-service: First holding wakelock name = PowerManagerService.WakeLocks
09-23 15:13:59.209  3034  3048 D OplusAppHeapManager: java.lang.NoSuchMethodException: dalvik.system.VMRuntime.updateProcessValue [int, int, int]
09-23 15:13:59.210  3034  3034 D CompactWindowAppManager: initCompactApplicationInfo CompactMode: , NormalMode: 
09-23 15:13:59.212  3034  3034 V Configuration: Updating configuration, locales updated from [] to [en_US]
09-23 15:13:59.212  3034  3047 D SurfaceSyncGroup: preCreateSurfaceSyncGroupTimerThread
09-23 15:13:59.212  3034  3034 D OplusScrollToTopManager: setIsInWhiteList false
09-23 15:13:59.213  3034  3034 D OplusViewDebugManager: OplusViewDebugManager Constructor android.view.debug.OplusViewDebugManager@d0145ca [mHasViewDebugProperty true] [mHasMsgDebugProperty false] [DEBUG false] [EXTRAINFOENABLE false] [LIGHT_OS false]
09-23 15:13:59.217  3034  3034 D CompatChangeReporter: Compat change id reported: 202956589; UID 10369; state: ENABLED
09-23 15:13:59.219  3034  3034 W libc    : Access denied finding property "ro.odm.prev.product.name"
09-23 15:13:59.219  2918  2929 W OplusExSystemServiceHelper: checkOplusExSystemService intent getComponent is null
09-23 15:13:59.221  3034  3034 D ApplicationLoaders: Returning zygote-cached class loader: /system_ext/framework/androidx.window.extensions.jar
09-23 15:13:59.221  3034  3034 D ApplicationLoaders: Returning zygote-cached class loader: /system_ext/framework/androidx.window.sidecar.jar
09-23 15:13:59.261  2032 28029 I sensors-hal: handle_oplus_wise_rgb_event:191, wise_rgb: (r, g, b, c)[549.00, 600.00, 365.00, 1387.00],(r2,g2,b2,c2)[[0.00, 0.00, 0.00, 0.00], algo:5.0, flag :0
09-23 15:13:59.261  2032 28029 I sensors-hal: handle_oplus_wise_rgb_event:217, high_pwm_light:lux 72.0,cct 1165739.5,brl/algo/ir 0.0/5.0/0.0,pwm/dc 0.0/0.0,rgbc 549.000000/600.000000/365.000000/1387.000000,ts 520108355461766,cnt 48810,flag 0
09-23 15:13:59.262  3833  4659 D FusionLightNextGen: process end reported = 1, mode: 0, cnt: 7045, lux 51.5, cct -1.0, r/g/b/c: 549.0/600.0/365.0/1387.0, R/G/B: -1.0/-1.0/-1.0, bri 0.0, match 0.00, ir 0.657473, conf 0.0, ts 520108355461766
09-23 15:13:59.306  2035 23726 I WifiHAL : event received NL80211_CMD_VENDOR, vendor_id = 0x1374, subcmd = 0xb6
09-23 15:13:59.306  6983 23727 D LOWI-9.0.1.125: [LOWI-Scan] wait_event:Wait done with Cmd 103
09-23 15:13:59.306  6983 23727 D LOWI-9.0.1.125: [LOWI-Scan] do_listen_events: Rcvd valid Netlink Cmd 0 Err 0
09-23 15:13:59.307  2965  2965 I cnss-daemon: nl80211 response handler invoked
09-23 15:13:59.307  2965  2965 I cnss-daemon: nl80211_response_handler: cmd 103, vendorID 4980, subcmd 182  received
09-23 15:13:59.357 31567  3057 I NearbySharing: Got package event: PackageReplaced(packageName=com.alibaba.mnnllm.android)
09-23 15:13:59.548 24051  2689 W brella.TrainingJob: Training ended with error (hasRetryWindow=true). 
09-23 15:13:59.560  1334 24528 I android.system.suspend-service: Last release wakelock name = PowerManagerService.WakeLocks
09-23 15:13:59.560  1334 24528 I android.system.suspend-service: mAutosuspendEnabled=1
09-23 15:13:59.562  3833  6765 W JobScheduler: Job didn't exist in JobStore: #com.google.android.as.oss/-1838665603
09-23 15:13:59.586  2032 28029 I sensors-hal: handle_oplus_wise_rgb_event:191, wise_rgb: (r, g, b, c)[549.00, 600.00, 364.00, 1389.00],(r2,g2,b2,c2)[[0.00, 0.00, 0.00, 0.00], algo:5.0, flag :0
09-23 15:13:59.699  3833  4000 W ActivityTaskManager: Activity top resumed state loss timeout for ActivityRecord{256973373 u0 com.alibaba.mnnllm.android/.main.MainActivity t129}
09-23 15:13:59.699  3833  4000 W ActivityTaskManager: Activity pause timeout for ActivityRecord{256973373 u0 com.alibaba.mnnllm.android/.main.MainActivity t129}
09-23 15:13:59.699  3833  4000 D ITheiaManagerExt: [sendEvent] TheiaEvent:[id:0x00000002 name:activityPauseTimeout type:java enable:false reportFreq:1800000 logType:4099 delay:30000 condition:0 recoveryId:0 extraInfo:] versionId:202409050900 INCREMENTAL:B.R4T3.250fe8f-2b9793-2d9dba
09-23 15:13:59.699  3833  4000 W ITheiaManagerExt: [sendEvent] the event state is disable: 2
09-23 15:13:59.700  3034  3034 D nativeloader: Configuring clns-9 for other apk /data/app/~~r64_QHv18jNZ-dtWaJleRw==/com.alibaba.mnnllm.android-2Lt5BX9dF6g4dawVVjOboQ==/base.apk. target_sdk_version=35, uses_libraries=libcdsprpc.so:libOpenCL.so, library_path=/data/app/~~r64_QHv18jNZ-dtWaJleRw==/com.alibaba.mnnllm.android-2Lt5BX9dF6g4dawVVjOboQ==/lib/arm64:/data/app/~~r64_QHv18jNZ-dtWaJleRw==/com.alibaba.mnnllm.android-2Lt5BX9dF6g4dawVVjOboQ==/base.apk!/lib/arm64-v8a, permitted_path=/data:/mnt/expand:/data/user/0/com.alibaba.mnnllm.android
09-23 15:13:59.703  3034  3034 I .mnnllm.android: AssetManager2(0xb4000076e12a0728) locale list changing from [] to [en-US]
09-23 15:13:59.706  3034  3034 V GraphicsEnvironment: Currently set values for:
09-23 15:13:59.706  3034  3034 V GraphicsEnvironment:   angle_gl_driver_selection_pkgs=[]
09-23 15:13:59.706  3034  3034 V GraphicsEnvironment:   angle_gl_driver_selection_values=[]
09-23 15:13:59.706  3034  3034 V GraphicsEnvironment: com.alibaba.mnnllm.android is not listed in per-application setting
09-23 15:13:59.706  3034  3034 V GraphicsEnvironment: ANGLE allowlist from config: com.dreamgames.royalmatch com.dts.freefiremax com.dxx.firenow com.gramgames.mergedragons com.ludo.king com.mojang.minecraftpe com.my.defense com.nintendo.zaka com.os.airforce com.playrix.fishdomdd.gplay io.teslatech.callbreak jp.konami.prospia net.peakgames.toonblast
09-23 15:13:59.706  3034  3034 V GraphicsEnvironment: com.alibaba.mnnllm.android is not listed in ANGLE allowlist or settings, returning default
09-23 15:13:59.706  3034  3034 V GraphicsEnvironment: Updatable production driver is not supported on the device.
09-23 15:13:59.707  3034  3034 D ResourcesManagerExtImpl: applyConfigurationToAppResourcesLocked app.getDisplayId() return callback.displayId:-1
09-23 15:13:59.709  3833  4822 D BackgroundInstallControlService: Package event received: 0
09-23 15:13:59.709  1871  1894 E statsd  : Stats puller failed for tag: 150134 at 520108822557648
09-23 15:13:59.710  3034  3034 W FirebaseApp: Default FirebaseApp failed to initialize because no default options were found. This usually means that com.google.gms:google-services was not applied to your gradle project.
09-23 15:13:59.710  3034  3034 I FirebaseInitProvider: FirebaseApp initialization unsuccessful
09-23 15:13:59.714  3034  3034 D OplusGraphicsEvent: OplusGraphicsEventListener create now!
09-23 15:13:59.714  3034  3034 D OplusGraphicsEvent: addEventListener success!
09-23 15:13:59.715  3034  3034 E [UAH_CLIENT]: uahInit enter
09-23 15:13:59.716  3034  3034 W .mnnllm.android: AIBinder_linkToDeath is being called with a non-null cookie and no onUnlink callback set. This might not be intended. AIBinder_DeathRecipient_setOnUnlinked should be called first.
09-23 15:13:59.716  2159  2159 I UrccFramework-halservice: Urcc::init is called 
09-23 15:13:59.716  3034  3034 I [UAH_CLIENT]: UahGetFeatureStatus enter
09-23 15:13:59.719  3034  3034 D CompatChangeReporter: Compat change id reported: 279646685; UID 10369; state: ENABLED
09-23 15:13:59.728  3034  3034 D nativeloader: Load /data/app/~~r64_QHv18jNZ-dtWaJleRw==/com.alibaba.mnnllm.android-2Lt5BX9dF6g4dawVVjOboQ==/lib/arm64/libmnnllmapp.so using class loader ns clns-9 (caller=/data/app/~~r64_QHv18jNZ-dtWaJleRw==/com.alibaba.mnnllm.android-2Lt5BX9dF6g4dawVVjOboQ==/base.apk!classes17.dex): ok
09-23 15:13:59.728  3034  3034 D MNN_DEBUG: JNI_OnLoad
09-23 15:13:59.735  3034  3034 D TimberConfig: Timber logging enabled with BLACKLIST mode (blocked: ModelDownloadManager, DownloadManager, FileUtils). File logging: false
09-23 15:13:59.747  3034  3034 I .mnnllm.android: hiddenapi: Accessing hidden method Ljava/lang/invoke/MethodHandles$Lookup;-><init>(Ljava/lang/Class;I)V (runtime_flags=0, domain=core-platform, api=unsupported) from Lretrofit2/Platform; (domain=app) using reflection: allowed
09-23 15:13:59.765  3833  7186 I ActivityManager: Flag disabled. Ignoring finishAttachApplication from uid: 10369. pid: 3034
09-23 15:13:59.766  3833  7186 I [UAH_CLIENT]: UahEventAcquire, cmdid:2, pkg:none, identity:OplusActivityManagerServiceEnhance
09-23 15:13:59.766  2240 17657 D GpuServiceExtImpl: getRUSWhiteList  size 0
09-23 15:13:59.766  3034  3034 I HWUI    : SupportApps size 0
09-23 15:13:59.766  3034  3034 D ExtensionsLoader: createInstance(64bit) : createExtendedFactory
09-23 15:13:59.766  3034  3034 D ExtensionsLoader: Opened libSchedAssistExtImpl.so
09-23 15:13:59.767  3034  3034 E SchedAssist: open sharedFd failed with error=Permission denied
09-23 15:13:59.767  3034  3034 E SchedAssist: open sharedFd failed with error=Permission denied
09-23 15:13:59.767  3034  3034 E SchedAssist: open sharedFd failed with error=Permission denied
09-23 15:13:59.768  3034  3034 I .mnnllm.android: AssetManager2(0xb400007699b13028) locale list changing from [] to [en-US]
09-23 15:13:59.768  3034  3071 I stetho  : Listening on @stetho_com.alibaba.mnnllm.android_devtools_remote
09-23 15:13:59.768  3034  3034 D ResourcesManagerExtImpl: applyConfigurationToAppResourcesLocked app.getDisplayId() return callback.displayId:0
09-23 15:13:59.769  3034  3074 D ExtensionsLoader: createInstance(64bit) : createExtendedFactory
09-23 15:13:59.769  3034  3074 D ExtensionsLoader: Opened libSchedAssistExtImpl.so
09-23 15:13:59.769  3034  3074 I DisplayManager: Choreographer implicitly registered for the refresh rate.
09-23 15:13:59.771  3034  3074 D vulkan  : searching for layers in '/data/app/~~r64_QHv18jNZ-dtWaJleRw==/com.alibaba.mnnllm.android-2Lt5BX9dF6g4dawVVjOboQ==/lib/arm64'
09-23 15:13:59.772  3034  3074 D vulkan  : searching for layers in '/data/app/~~r64_QHv18jNZ-dtWaJleRw==/com.alibaba.mnnllm.android-2Lt5BX9dF6g4dawVVjOboQ==/base.apk!/lib/arm64-v8a'
09-23 15:13:59.773  3034  3074 D colorx  : I can't find colorx layer , let's enumerate colorx layers first.
09-23 15:13:59.778  3034  3034 D AppCompatDelegate: Checking for metadata for AppLocalesMetadataHolderService : Service not found
09-23 15:13:59.778  3034  3034 I .mnnllm.android: AssetManager2(0xb4000076998fd628) locale list changing from [] to [en-US]
09-23 15:13:59.780  3034  3034 E ashmem  : Pinning is deprecated since Android Q. Please use trim or other methods.
09-23 15:13:59.781  2085  2085 I qspmHal : enter getGpuProf at: -799722651
09-23 15:13:59.781  2085  2085 I qspmHal : PID 3034 from GFX matched.
09-23 15:13:59.781  2085  2085 I qspmHal : gpuProfName:com.alibaba.mnnllm.android-gpu - gpu prof_info.path:/data/vendor/gaming/com.alibaba.mnnllm.android-gpu
09-23 15:13:59.781  2085  2085 E qspmHal : GPU profile file NOT found !!
09-23 15:13:59.781  3034  3074 I AdrenoVK-0: ===== BEGIN DUMP OF OVERRIDDEN SETTINGS =====
09-23 15:13:59.781  3034  3074 I AdrenoVK-0: ===== END DUMP OF OVERRIDDEN SETTINGS =====
09-23 15:13:59.785  2085  2085 I qspmHal : enter getGpuProf at: -799722647
09-23 15:13:59.785  2085  2085 I qspmHal : PID 3034 from GFX matched.
09-23 15:13:59.785  2085  2085 I qspmHal : gpuProfName:com.alibaba.mnnllm.android-gpu - gpu prof_info.path:/data/vendor/gaming/com.alibaba.mnnllm.android-gpu
09-23 15:13:59.785  2085  2085 E qspmHal : GPU profile file NOT found !!
09-23 15:13:59.785  3034  3074 I AdrenoVK-0: ===== BEGIN DUMP OF OVERRIDDEN SETTINGS =====
09-23 15:13:59.785  3034  3074 I AdrenoVK-0: ===== END DUMP OF OVERRIDDEN SETTINGS =====
09-23 15:13:59.788  3034  3074 D qdgralloc: Fetching IMapper5 from QtiMapper5
09-23 15:13:59.796  3034  3074 I SnapAlloc: Graphics lib is available
09-23 15:13:59.797  3034  3034 E OplusPredictiveBackController:  NoSuchMethodException 
09-23 15:13:59.797  3034  3034 E OplusPredictiveBackController:  NoSuchMethodException 
09-23 15:13:59.797  3034  3034 E OplusPredictiveBackController:  NoSuchMethodException 
09-23 15:13:59.797  3034  3034 D OplusPredictiveBackController: initPredictiveBackConfig for com.alibaba.mnnllm.android.main.MainActivity@7009930 initPredictiveBackConfig mShouldInterceptKeyEvent false
09-23 15:13:59.797  3034  3034 D WindowOnBackDispatcher:  predictive settings is disabled for com.alibaba.mnnllm.android
09-23 15:13:59.798  3034  3074 I AdrenoVK-0: QUALCOMM build          : 114a4db556, Id7ec5f7e46
09-23 15:13:59.798  3034  3074 I AdrenoVK-0: Build Date              : 12/03/25
09-23 15:13:59.798  3034  3074 I AdrenoVK-0: Shader Compiler Version : E031.50.19.14
09-23 15:13:59.798  3034  3074 I AdrenoVK-0: Local Branch            : 
09-23 15:13:59.798  3034  3074 I AdrenoVK-0: Remote Branch           : refs/tags/AU_LINUX_ANDROID_LA.VENDOR.16.2.0.R1.11.00.00.1277.089
09-23 15:13:59.798  3034  3074 I AdrenoVK-0: Remote Branch           : NONE
09-23 15:13:59.798  3034  3074 I AdrenoVK-0: Reconstruct Branch      : NOTHING
09-23 15:13:59.798  3034  3074 I AdrenoVK-0: Build Config            : C P 20.0.0 AArch64
09-23 15:13:59.798  3034  3074 I AdrenoVK-0: Driver Path             : /vendor/lib64/hw/vulkan.adreno.so
09-23 15:13:59.798  3034  3074 I AdrenoVK-0: Driver Version          : 0842.21
09-23 15:13:59.798  3034  3074 I AdrenoVK-0: PFP                     : 0x01510094
09-23 15:13:59.798  3034  3074 I AdrenoVK-0: ME                      : 0x01510025
09-23 15:13:59.798  3034  3074 I AdrenoVK-0: Application Name    : android framework
09-23 15:13:59.798  3034  3074 I AdrenoVK-0: Process Name        : com.alibaba.mnnllm.android
09-23 15:13:59.798  3034  3074 I AdrenoVK-0: Application Version : 0x00000000
09-23 15:13:59.798  3034  3074 I AdrenoVK-0: Engine Name         : android framework
09-23 15:13:59.798  3034  3074 I AdrenoVK-0: Engine Version      : 0x00000000
09-23 15:13:59.798  3034  3074 I AdrenoVK-0: Api Version         : 0x00401000
09-23 15:13:59.798  3034  3034 I oplus.android.OplusFrameworkFactoryImpl: Unknow feature:IOplusTextViewRTLUtilForUG
09-23 15:13:59.801  3034  3034 D CompatChangeReporter: Compat change id reported: 309578419; UID 10369; state: ENABLED
09-23 15:13:59.801  3034  3034 D DesktopModeFlags: Toggle override initialized to: OVERRIDE_UNSET
09-23 15:13:59.801  3034  3034 D OplusWindowManager: get WMS extension: android.os.BinderProxy@c3c44e1
09-23 15:13:59.801  3833  5107 W OplusNavigationBarUtil: color navigation bar util isn't init.
09-23 15:13:59.805  3034  3074 D ExtensionsLoader: createInstance(64bit) : createExtendedFactory
09-23 15:13:59.805  3034  3074 D ExtensionsLoader: Opened libeglextimpl.so
09-23 15:13:59.806  3034  3074 D PreCache: [IPreCacheRus]loadRUSConfigs#102 failed to transact: -22 prc:com.alibaba.mnnllm.android
09-23 15:13:59.808  3034  3034 I .mnnllm.android: hiddenapi: Accessing hidden method Landroid/view/ViewGroup;->makeOptionalFitsSystemWindows()V (runtime_flags=0, domain=platform, api=unsupported) from Landroidx/appcompat/widget/ViewUtils; (domain=app) using reflection: allowed
09-23 15:13:59.810  3034  3034 D ScrollOptimizationHelper: can't find the config file for optimizaiton
09-23 15:13:59.810  3034  3034 D ScrollOptimizationHelper: will not debug for debug is false
09-23 15:13:59.818  3034  3034 E OplusCustomizeRestrictionManager: sInstance is null, start a new sInstance
09-23 15:13:59.819  3034  3034 D CompatChangeReporter: Compat change id reported: 63938206; UID 10369; state: ENABLED
09-23 15:13:59.864  3034  3034 D UpdateChecker: checkForUpdates: https://modelscope.cn/datasets/MNN/mnn_llm_app_config/resolve/master/main_config.json
09-23 15:13:59.870  3034  3079 D UpdateChecker: Request: GET https://modelscope.cn/datasets/MNN/mnn_llm_app_config/resolve/master/main_config.json
09-23 15:13:59.870  3034  3034 D MainFragmentManager: Tab selected: LOCAL_MODELS
09-23 15:13:59.870  3034  3034 D MainActivity: Tab changed to LOCAL_MODELS, updating UI accordingly.
09-23 15:13:59.870  3034  3079 D UpdateChecker: Request headers: 
09-23 15:13:59.870  3034  3034 D MainActivity: onCreate: Before bottomNav.select, currentFragment: ModelListFragment
09-23 15:13:59.892  3034  3034 D CompatChangeReporter: Compat change id reported: 352594277; UID 10369; state: ENABLED
09-23 15:13:59.893  3034  3034 D OplusInputMethodUtil: init sDebug to false, init sDebugIme to false, init sAlwaysOn to false
09-23 15:13:59.893  3034  3034 D OplusInputMethodUtil: updateDebugToClass InputMethodManager.DEBUG = false
09-23 15:13:59.893  3034  3034 D OplusInputMethodUtil: updateDebugToClass ImeFocusController.DEBUG = false
09-23 15:13:59.893  3034  3034 D OplusInputMethodUtil: updateDebugToClass OnBackInvokedDispatcher.DEBUG = false
09-23 15:13:59.893  3034  3034 D OplusInputMethodUtil: updateDebugToClass InsetsController.DEBUG = false
09-23 15:13:59.893  3034  3034 D OplusInputMethodUtil: updateDebugToClass BaseInputConnection.DEBUG = false
09-23 15:13:59.896  3034  3034 V TextView: notifyAutoFillManagerAfterTextChanged
09-23 15:13:59.896  3034  3034 V AutofillManager: notifyValueChanged(1073741824): ignoring on state UNKNOWN
09-23 15:13:59.896  3034  3034 D CompatChangeReporter: Compat change id reported: 303326708; UID 10369; state: ENABLED
09-23 15:13:59.897  3034  3034 V TextView: notifyAutoFillManagerAfterTextChanged
09-23 15:13:59.897  3034  3034 V AutofillManager: notifyValueChanged(1073741824): ignoring on state UNKNOWN
09-23 15:13:59.901  3034  3034 V TextView: notifyAutoFillManagerAfterTextChanged
09-23 15:13:59.901  3034  3034 V AutofillManager: notifyValueChanged(1073741825): ignoring on state UNKNOWN
09-23 15:13:59.906  3034  3034 V AutofillManager: notifyValueChanged(1073741825): ignoring on state UNKNOWN
09-23 15:13:59.907  3034  3034 V TextView: notifyAutoFillManagerAfterTextChanged
09-23 15:13:59.907  3034  3034 V AutofillManager: notifyValueChanged(1073741825): ignoring on state UNKNOWN
09-23 15:13:59.907  3034  3034 V AutofillManager: notifyValueChanged(1073741826): ignoring on state UNKNOWN
09-23 15:13:59.908  3034  3034 V TextView: notifyAutoFillManagerAfterTextChanged
09-23 15:13:59.908  3034  3034 V AutofillManager: notifyValueChanged(1073741827): ignoring on state UNKNOWN
09-23 15:13:59.908  3034  3034 V TextView: notifyAutoFillManagerAfterTextChanged
09-23 15:13:59.908  3034  3034 V AutofillManager: notifyValueChanged(1073741827): ignoring on state UNKNOWN
09-23 15:13:59.910  2032 28029 I sensors-hal: handle_oplus_wise_rgb_event:191, wise_rgb: (r, g, b, c)[549.00, 600.00, 365.00, 1390.00],(r2,g2,b2,c2)[[0.00, 0.00, 0.00, 0.00], algo:5.0, flag :0
09-23 15:13:59.932  3034  3064 D CompatChangeReporter: Compat change id reported: 312399441; UID 10369; state: ENABLED
09-23 15:13:59.947  3034  3034 D BenchmarkStateMachine: StateMachine initialized with state: IDLE
09-23 15:13:59.948  3034  3034 D BenchmarkPresenter: onCreate called, initial state: IDLE
09-23 15:13:59.948  3034  3034 D BenchmarkPresenter: setupModelSelector called
09-23 15:13:59.948  3034  3034 V BenchmarkStateMachine: Transition validation: IDLE -> LOADING_MODELS = true (valid: [LOADING_MODELS])
09-23 15:13:59.948  3034  3034 D BenchmarkStateMachine: Ensuring state: LOADING_MODELS (current: IDLE)
09-23 15:13:59.948  3034  3034 D BenchmarkStateMachine: State change needed, transitioning to LOADING_MODELS
09-23 15:13:59.948  3034  3034 D BenchmarkStateMachine: Attempting transition: IDLE -> LOADING_MODELS
09-23 15:13:59.948  3034  3034 V BenchmarkStateMachine: Transition validation: IDLE -> LOADING_MODELS = true (valid: [LOADING_MODELS])
09-23 15:13:59.948  3034  3034 D BenchmarkStateMachine: ✓ State transition successful: IDLE -> LOADING_MODELS
09-23 15:13:59.948  3034  3034 D BenchmarkPresenter: Updating UI for state: LOADING_MODELS
09-23 15:13:59.948  3034  3034 D BenchmarkPresenter: Applying UI state: buttonText='Start Test', buttonEnabled=false, showProgressBar=true, showResults=false, showStatus=true, showBenchmarkIcon=true, showBenchmarkProgressBar=false, benchmarkProgress=0, showBackButton=false, showModelSelectorCard=true, showProgressCard=false, showStatusCard=false
09-23 15:13:59.948  3034  3034 D BenchmarkFragment: Setting start button text to: Start Test
09-23 15:13:59.948  3034  3034 D BenchmarkPresenter: Showing status: Loading models...
09-23 15:13:59.948  3034  3034 D BenchmarkFragment: showBenchmarkIcon: true (removed to match iOS)
09-23 15:13:59.948  3034  3034 D BenchmarkFragment: showBenchmarkProgressBar: false (using progress card instead)
09-23 15:13:59.948  3034  3034 D BenchmarkFragment: enableModelSelector: false
09-23 15:13:59.948  3034  3034 D BenchmarkFragment: updateButtonLayout: showBackButton=false (back button removed)
09-23 15:13:59.948  3034  3034 D BenchmarkFragment: showModelSelectorCard: true
09-23 15:13:59.948  3034  3034 D BenchmarkFragment: showProgressCard: false
09-23 15:13:59.948  3034  3034 D BenchmarkFragment: showStatusCard: false
09-23 15:13:59.949  3034  3034 D BenchmarkPresenter: Loading available models...
09-23 15:13:59.950  3034  3034 D BenchmarkPresenter: Calling ModelListManager.initialize from BenchmarkPresenter
09-23 15:13:59.950  3034  3034 D BenchmarkPresenter: java.lang.Throwable
09-23 15:13:59.950  3034  3034 D BenchmarkPresenter: 	at com.alibaba.mnnllm.android.benchmark.BenchmarkPresenter$setupModelSelector$1.invokeSuspend(BenchmarkPresenter.kt:413)
09-23 15:13:59.950  3034  3034 D BenchmarkPresenter: 	at kotlin.coroutines.jvm.internal.BaseContinuationImpl.resumeWith(ContinuationImpl.kt:33)
09-23 15:13:59.950  3034  3034 D BenchmarkPresenter: 	at kotlinx.coroutines.internal.DispatchedContinuationKt.resumeCancellableWith(DispatchedContinuation.kt:375)
09-23 15:13:59.950  3034  3034 D BenchmarkPresenter: 	at kotlinx.coroutines.intrinsics.CancellableKt.startCoroutineCancellable(Cancellable.kt:26)
09-23 15:13:59.950  3034  3034 D BenchmarkPresenter: 	at kotlinx.coroutines.CoroutineStart.invoke(CoroutineStart.kt:358)
09-23 15:13:59.950  3034  3034 D BenchmarkPresenter: 	at kotlinx.coroutines.AbstractCoroutine.start(AbstractCoroutine.kt:134)
09-23 15:13:59.950  3034  3034 D BenchmarkPresenter: 	at kotlinx.coroutines.BuildersKt__Builders_commonKt.launch(Builders.common.kt:53)
09-23 15:13:59.950  3034  3034 D BenchmarkPresenter: 	at kotlinx.coroutines.BuildersKt.launch(Unknown Source:1)
09-23 15:13:59.950  3034  3034 D BenchmarkPresenter: 	at kotlinx.coroutines.BuildersKt__Builders_commonKt.launch$default(Builders.common.kt:44)
09-23 15:13:59.950  3034  3034 D BenchmarkPresenter: 	at kotlinx.coroutines.BuildersKt.launch$default(Unknown Source:1)
09-23 15:13:59.950  3034  3034 D BenchmarkPresenter: 	at com.alibaba.mnnllm.android.benchmark.BenchmarkPresenter.setupModelSelector(BenchmarkPresenter.kt:410)
09-23 15:13:59.950  3034  3034 D BenchmarkPresenter: 	at com.alibaba.mnnllm.android.benchmark.BenchmarkPresenter.onCreate(BenchmarkPresenter.kt:41)
09-23 15:13:59.950  3034  3034 D BenchmarkPresenter: 	at com.alibaba.mnnllm.android.benchmark.BenchmarkFragment.onViewCreated(BenchmarkFragment.kt:61)
09-23 15:13:59.950  3034  3034 D BenchmarkPresenter: 	at androidx.fragment.app.Fragment.performViewCreated(Fragment.java:3147)
09-23 15:13:59.950  3034  3034 D BenchmarkPresenter: 	at androidx.fragment.app.FragmentStateManager.createView(FragmentStateManager.java:588)
09-23 15:13:59.950  3034  3034 D BenchmarkPresenter: 	at androidx.fragment.app.FragmentStateManager.moveToExpectedState(FragmentStateManager.java:272)
09-23 15:13:59.950  3034  3034 D BenchmarkPresenter: 	at androidx.fragment.app.FragmentManager.executeOpsTogether(FragmentManager.java:1943)
09-23 15:13:59.950  3034  3034 D BenchmarkPresenter: 	at androidx.fragment.app.FragmentManager.removeRedundantOperationsAndExecute(FragmentManager.java:1839)
09-23 15:13:59.950  3034  3034 D BenchmarkPresenter: 	at androidx.fragment.app.FragmentManager.execPendingActions(FragmentManager.java:1782)
09-23 15:13:59.950  3034  3034 D BenchmarkPresenter: 	at androidx.fragment.app.FragmentManager.dispatchStateChange(FragmentManager.java:3042)
09-23 15:13:59.950  3034  3034 D BenchmarkPresenter: 	at androidx.fragment.app.FragmentManager.dispatchActivityCreated(FragmentManager.java:2952)
09-23 15:13:59.950  3034  3034 D BenchmarkPresenter: 	at androidx.fragment.app.FragmentController.dispatchActivityCreated(FragmentController.java:263)
09-23 15:13:59.950  3034  3034 D BenchmarkPresenter: 	at androidx.fragment.app.FragmentActivity.onStart(FragmentActivity.java:350)
09-23 15:13:59.950  3034  3034 D BenchmarkPresenter: 	at androidx.appcompat.app.AppCompatActivity.onStart(AppCompatActivity.java:251)
09-23 15:13:59.950  3034  3034 D BenchmarkPresenter: 	at android.app.Instrumentation.callActivityOnStart(Instrumentation.java:1716)
09-23 15:13:59.950  3034  3034 D BenchmarkPresenter: 	at android.app.Activity.performStart(Activity.java:9443)
09-23 15:13:59.950  3034  3034 D BenchmarkPresenter: 	at android.app.ActivityThread.handleStartActivity(ActivityThread.java:4655)
09-23 15:13:59.950  3034  3034 D BenchmarkPresenter: 	at android.app.servertransaction.TransactionExecutor.performLifecycleSequence(TransactionExecutor.java:219)
09-23 15:13:59.950  3034  3034 D BenchmarkPresenter: 	at android.app.servertransaction.TransactionExecutor.cycleToPath(TransactionExecutor.java:199)
09-23 15:13:59.950  3034  3034 D BenchmarkPresenter: 	at android.app.servertransaction.TransactionExecutor.executeLifecycleItem(TransactionExecutor.java:171)
09-23 15:13:59.950  3034  3034 D BenchmarkPresenter: 	at android.app.servertransaction.TransactionExecutor.executeTransactionItems(TransactionExecutor.java:106)
09-23 15:13:59.950  3034  3034 D BenchmarkPresenter: 	at android.app.servertransaction.TransactionExecutor.execute(TransactionExecutor.java:85)
09-23 15:13:59.950  3034  3034 D BenchmarkPresenter: 	at android.app.ActivityThread$H.handleMessage(ActivityThread.java:3116)
09-23 15:13:59.950  3034  3034 D BenchmarkPresenter: 	at android.os.Handler.dispatchMessage(Handler.java:115)
09-23 15:13:59.950  3034  3034 D BenchmarkPresenter: 	at android.os.Looper.loopOnce(Looper.java:298)
09-23 15:13:59.950  3034  3034 D BenchmarkPresenter: 	at android.os.Looper.loop(Looper.java:408)
09-23 15:13:59.950  3034  3034 D BenchmarkPresenter: 	at android.app.ActivityThread.main(ActivityThread.java:9964)
09-23 15:13:59.950  3034  3034 D BenchmarkPresenter: 	at java.lang.reflect.Method.invoke(Native Method)
09-23 15:13:59.950  3034  3034 D BenchmarkPresenter: 	at com.android.internal.os.RuntimeInit$MethodAndArgsCaller.run(RuntimeInit.java:613)
09-23 15:13:59.950  3034  3034 D BenchmarkPresenter: 	at com.android.internal.os.ZygoteInit.main(ZygoteInit.java:1074)
09-23 15:13:59.950  3034  3034 D BenchmarkPresenter: Found 0 models
09-23 15:13:59.951  3034  3034 E BenchmarkPresenter: No models available
09-23 15:13:59.951  3034  3034 D BenchmarkStateMachine: Attempting transition: LOADING_MODELS -> ERROR (error: No models available)
09-23 15:13:59.951  3034  3034 V BenchmarkStateMachine: Transition validation: LOADING_MODELS -> ERROR = true (valid: [READY, ERROR_MODEL_NOT_FOUND, ERROR])
09-23 15:13:59.951  3034  3034 D BenchmarkStateMachine: ✓ State transition successful: LOADING_MODELS -> ERROR
09-23 15:13:59.951  3034  3034 D BenchmarkPresenter: Updating UI for state: ERROR
09-23 15:13:59.951  3034  3034 D BenchmarkPresenter: Applying UI state: buttonText='Start Test', buttonEnabled=true, showProgressBar=false, showResults=false, showStatus=false, showBenchmarkIcon=true, showBenchmarkProgressBar=false, benchmarkProgress=0, showBackButton=false, showModelSelectorCard=true, showProgressCard=false, showStatusCard=false
09-23 15:13:59.951  3034  3034 D BenchmarkFragment: Setting start button text to: Start Test
09-23 15:13:59.951  3034  3034 D BenchmarkFragment: showBenchmarkIcon: true (removed to match iOS)
09-23 15:13:59.951  3034  3034 D BenchmarkFragment: showBenchmarkProgressBar: false (using progress card instead)
09-23 15:13:59.951  3034  3034 D BenchmarkFragment: enableModelSelector: true
09-23 15:13:59.951  3034  3034 D BenchmarkFragment: updateButtonLayout: showBackButton=false (back button removed)
09-23 15:13:59.951  3034  3034 D BenchmarkFragment: showModelSelectorCard: true
09-23 15:13:59.951  3034  3034 D BenchmarkFragment: showProgressCard: false
09-23 15:13:59.951  3034  3034 D BenchmarkFragment: showStatusCard: false
09-23 15:13:59.967  3034  3034 D ModelMarketFragment: onHiddenChanged: hidden = true
09-23 15:13:59.967  3034  3034 D ModelMarketFragment: onHiddenChanged: removing custom toolbar
09-23 15:13:59.974  3034  3034 D ModelListPresenter: ModelListPresenter created
09-23 15:13:59.974  3034  3034 D ModelListAdapter: filterItems: skipping filter - adapter not yet initialized
09-23 15:13:59.974  3034  3034 D ModelListAdapter: filterItems: skipping filter - adapter not yet initialized
09-23 15:13:59.974  3034  3034 D ModelListPresenter: onCreate - starting Flow subscription
09-23 15:13:59.977  3034  3034 D WindowOnBackDispatcher:  predictive settings is disabled for com.alibaba.mnnllm.android
09-23 15:13:59.977  3034  3034 W WindowOnBackDispatcher: OnBackInvokedCallback is not enabled for the application.
09-23 15:13:59.977  3034  3034 W WindowOnBackDispatcher: Set 'android:enableOnBackInvokedCallback="true"' in the application manifest.
09-23 15:13:59.977  3034  3034 I ContentCaptureHelper: Setting logging level to OFF
09-23 15:13:59.978  3034  3034 D ActivityThread: ComponentInfo{com.alibaba.mnnllm.android/com.alibaba.mnnllm.android.main.MainActivity} checkFinished=false 2
09-23 15:13:59.978  3034  3034 D ResourcesManagerExtImpl: applyConfigurationToAppResourcesLocked app.getDisplayId() return callback.displayId:0
09-23 15:13:59.979  3034  3034 V AutofillClientController: onActivityResumed()
09-23 15:13:59.990  3034  3034 V AutofillClientController: onActivityPostResumed()
09-23 15:13:59.991  3034  3034 V AutofillClientController: onActivityPostResumed(): Relayout fix enabled
09-23 15:13:59.991  3034  3034 V AutofillClientController: forResume(): Not attempting refill.
09-23 15:13:59.991  3034  3034 D ModelMarketFragment: onResume: isHidden = true
09-23 15:13:59.991  3034  3034 D ModelMarketFragment: onHiddenChanged: hidden = true
09-23 15:13:59.991  3034  3034 D ModelMarketFragment: onHiddenChanged: removing custom toolbar
09-23 15:13:59.993  5531  6019 D DnsDomainBlock: onDnsEvent: latencyMs=118, returnCode=0, uid=10369
09-23 15:13:59.999  3034  3034 D CompatChangeReporter: Compat change id reported: 349153669; UID 10369; state: ENABLED
09-23 15:13:59.999  3833  4009 W UserAwareMgr: process owner is not matched: 10, threadName: HwUiTask, pid: 3034,tid=3087,owner=fg1
09-23 15:14:00.000  3833  4009 W UserAwareMgr: process owner is not matched: 10, threadName: HwUiTask, pid: 3034,tid=3088,owner=fg1
09-23 15:14:00.000  3034  3034 D WindowManager: Add to mViews: com.android.internal.policy.DecorView{4fcf8d1 I.E...... R.....ID 0,0-0,0 alpha=1.0 viewInfo = }[MainActivity],pkg= com.alibaba.mnnllm.android
09-23 15:14:00.001  3034  3074 D ExtensionsLoader: createInstance(64bit) : createExtendedFactory
09-23 15:14:00.001  5344  5344 I SystemUi--SystemUi--: Clock-->smallTime: 3:14
09-23 15:14:00.001  5344  5344 I SystemUi--SystemUi--: Clock-->smallTime: 3:14
09-23 15:14:00.002  3034  3074 D ExtensionsLoader: Opened libhwuiextimpl.so
09-23 15:14:00.002  3034  3074 D skia    : setRusSupported enable 0
09-23 15:14:00.002  3833  4009 W UserAwareMgr: process owner is not matched: 10, threadName: RenderThread, pid: 3034,tid=3074,owner=fg1
09-23 15:14:00.002  3833  5898 E SchedAssist: ofbCfgFrameTask tid(3074) failed with error=Socket operation on non-socket
09-23 15:14:00.006  3833  5898 I WindowManager: addWindow: New client android.os.BinderProxy@201221c : window=Window{883e25 u0 com.alibaba.mnnllm.android/com.alibaba.mnnllm.android.main.MainActivity}
09-23 15:14:00.008  3034  3034 D ViewRootImplExtImpl: onDisplayChanged -1 for VRI android.view.ViewRootImpl@a5da8c2
09-23 15:14:00.009  3034  3034 D ResourcesManagerExtImpl: applyConfigurationToAppResourcesLocked app.getDisplayId() return callback.displayId:0
09-23 15:14:00.012  3034  3034 D ModelMarketFragment: onPause: isHidden = true
09-23 15:14:00.014  3034  3034 I Choreographer: Skipped 33 frames!  The application may be doing too much work on its main thread.
09-23 15:14:00.031  3034  3034 E OplusBracketLog: [OplusViewMirrorManager] updateHostViewRootIfNeeded, not support android.view.ViewRootImpl@a5da8c2
09-23 15:14:00.031  5344  5344 I SystemUi--Notification: SimpleQsClock-->textWidth:88.0, mPaddingEnd 21, dynamicWidth 126, systemFontScale 1.0
09-23 15:14:00.033  5344  5344 I SystemUi--SystemUi--: Clock-->smallTime: 3:14
09-23 15:14:00.033  5344  5344 I SystemUi--SystemUi--: Clock-->smallTime: 3:14
09-23 15:14:00.047  3034  3034 D WindowOnBackDispatcher:  predictive settings is disabled for com.alibaba.mnnllm.android
09-23 15:14:00.047  3034  3034 D WindowOnBackDispatcher:  predictive settings is disabled for com.alibaba.mnnllm.android
09-23 15:14:00.047  3833  5898 D CoreBackPreview: Window{883e25 u0 com.alibaba.mnnllm.android/com.alibaba.mnnllm.android.main.MainActivity}: Setting back callback OnBackInvokedCallbackInfo{mCallback=android.window.IOnBackInvokedCallback$Stub$Proxy@d0c4408, mPriority=0, mIsAnimationCallback=false, mOverrideBehavior=0}
09-23 15:14:00.054  3034  3034 D ViewRootImplExtImpl: wrapConfigInfoIntoFlags rotation=0, smallestScreenWidthDp=0, residentWS=false, scenario=0, bounds=Rect(0, 0 - 1272, 2772), relayoutAsync=false, flags=0, newFlags=1453326336, title=com.alibaba.mnnllm.android/com.alibaba.mnnllm.android.main.MainActivity
09-23 15:14:00.055  3833  5898 V WindowManager: Relayout Window{883e25 u0 com.alibaba.mnnllm.android/com.alibaba.mnnllm.android.main.MainActivity}: viewVisibility=0, oldvis=4, req=1272x2772 , apr = 8, vsysui=LAYOUT_STABLE LAYOUT_FULLSCREEN LIGHT_STATUS_BAR, x=0, y=0
09-23 15:14:00.055  3833  5898 I WindowManager: Window{883e25 u0 com.alibaba.mnnllm.android/com.alibaba.mnnllm.android.main.MainActivity} state from NO_SURFACE to DRAW_PENDING; reason: resetDrawState
09-23 15:14:00.058  3833  5898 E OplusAppQuickStart_AppQuickStartController: not start from launcher transition:646
09-23 15:14:00.058  3833  5898 D Transition: collectOrderChanges onTopTasksEnd: [Task{a698100 #129 type=standard A=10369:com.alibaba.mnnllm.android}], reportedOnTop:null, mOnTopTasksStart: [Task{a698100 #129 type=standard A=10369:com.alibaba.mnnllm.android}], TDA child: [Task{3b60a5b #3 type=undefined}, Task{9f33c33 #1 type=home}, Task{a698100 #129 type=standard A=10369:com.alibaba.mnnllm.android}]
09-23 15:14:00.058  3833  5898 D OplusFlexibleActivityTransitionManager: fixTransitType type result:1, targets: []
09-23 15:14:00.059  3833  5898 D OplusTransitionController: onTransactionReady, transition: 646, info: {id=646 t=OPEN f=0x40 trk=0 r=[] c=[] 
09-23 15:14:00.059  3833  5898 D OplusTransitionController: extendInfo=[
09-23 15:14:00.059  3833  5898 D OplusTransitionController:  OplusTransitionExtendedInfo{mTmpFinishT=null, mInOplusCompatMode=false, mIsProcessRunning=false, mHasMismatchBoundsTarget=false, mRecentsController=null, mRemoteTransition=null, mIsTranslucentActivityToHome=false, mAvoidInterceptKeyEventToHome=false, mIsFromHome=false, mParentLeash=null, mBackAnimClosingLeash=null, mIsOplusAnimRes=false, mKeepBgForContinuous=false, mIsBalAllow=true, mTaskNotInRecent=false, mIsPredictiveBackAnim=false, mIsMergedWithPredictive=false, mIsLaunchFromSpruce=false, mIsLaunchFromDrive=false, mGlobalSearchPageSwitch=false, mNeedNoAlphaGlobalSearchScene=false, mAssistScreenShowing=false, mSwipeUpBrowserScreenShowing=false, mUserIdTransition=-1
09-23 15:14:00.059  3833  5898 D OplusTransitionController: , mInRemoteScene=false, mInPreReady=false, mPreStart=false, mToken=null, mAbortByRemoteFromHome=false, mShellApplyToken=null, mRequestTransitionTaskId=129, mAbortTransitionOnShell=0, mStartFromShortcut=false, mRemovedTaskId=-1, mTransitionInterruptType=0, mMergeSecondTaskId=-1, mTaskIdStartFromRecents=0, mTransitionId=646, mCanUseSpringSlideAnim=false, mTransitionLaunchFrom=0, mFoldChangeType=-1, mAnimStartingPosition=[0, 0, 0, 0], mIsOpeningStkDialogActivity=false, mSecondaryHomeToFrontWhenUnFolding=false, mIsNeedApplyStartTForEmbedded=false
09-23 15:14:00.059  3833  5898 D OplusTransitionController: , mNeedCanvasExitAnim=false, mMergeSecondTaskAnimation=false, mIsLaunchUnityStart=false, mIsLaunchFromAssistantByDefault=false, mSkipRemoteTransitionfalse, mIsStartFromKeyguard=false flags=0x0, mWCT=null, mIsOpenMergeToInValidPredictive=false}]}, targets : [], participants: {Task{a698100 #129 type=standard A=10369:com.alibaba.mnnllm.android}, ActivityRecord{256973373 u0 com.alibaba.mnnllm.android/.main.MainActivity t129}}
09-23 15:14:00.060  3833  5898 D WindowManager: NFW_findFocusedWindowIfNeeded:Window{95fc63b u0 NotificationShade} mCurrentFocus:Window{95fc63b u0 NotificationShade}
09-23 15:14:00.060  5344  5686 V WindowManagerShell: onTransitionReady(transaction=16462609683632)
09-23 15:14:00.060  5344  5506 V WindowManagerShell: onTransitionReady (#646) android.os.BinderProxy@95bfaad: {id=646 t=OPEN f=0x40 trk=0 r=[] c=[] 
09-23 15:14:00.060  5344  5506 V WindowManagerShell: extendInfo=[
09-23 15:14:00.060  5344  5506 V WindowManagerShell:  OplusTransitionExtendedInfo{mTmpFinishT=null, mInOplusCompatMode=false, mIsProcessRunning=false, mHasMismatchBoundsTarget=false, mRecentsController=null, mRemoteTransition=null, mIsTranslucentActivityToHome=false, mAvoidInterceptKeyEventToHome=false, mIsFromHome=false, mParentLeash=null, mBackAnimClosingLeash=null, mIsOplusAnimRes=false, mKeepBgForContinuous=false, mIsBalAllow=true, mTaskNotInRecent=false, mIsPredictiveBackAnim=false, mIsMergedWithPredictive=false, mIsLaunchFromSpruce=false, mIsLaunchFromDrive=false, mGlobalSearchPageSwitch=false, mNeedNoAlphaGlobalSearchScene=false, mAssistScreenShowing=false, mSwipeUpBrowserScreenShowing=false, mUserIdTransition=-1
09-23 15:14:00.060  5344  5506 V WindowManagerShell: , mInRemoteScene=false, mInPreReady=false, mPreStart=false, mToken=null, mAbortByRemoteFromHome=false, mShellApplyToken=null, mRequestTransitionTaskId=129, mAbortTransitionOnShell=0, mStartFromShortcut=false, mRemovedTaskId=-1, mTransitionInterruptType=0, mMergeSecondTaskId=-1, mTaskIdStartFromRecents=0, mTransitionId=646, mCanUseSpringSlideAnim=false, mTransitionLaunchFrom=0, mFoldChangeType=-1, mAnimStartingPosition=[0, 0, 0, 0], mIsOpeningStkDialogActivity=false, mSecondaryHomeToFrontWhenUnFolding=false, mIsNeedApplyStartTForEmbedded=false
09-23 15:14:00.060  5344  5506 V WindowManagerShell: , mNeedCanvasExitAnim=false, mMergeSecondTaskAnimation=false, mIsLaunchUnityStart=false, mIsLaunchFromAssistantByDefault=false, mSkipRemoteTransitionfalse, mIsStartFromKeyguard=false flags=0x0, mWCT=null, mIsOpenMergeToInValidPredictive=false}]}
09-23 15:14:00.061  5344  5506 D OplusShellTransition: dispatchReady, active:(#646) android.os.BinderProxy@95bfaad@0, isSync=false, track:com.android.wm.shell.transition.Transitions$Track@349ee39
09-23 15:14:00.061  5344  5506 V WindowManagerShell: No transition roots in (#646) android.os.BinderProxy@95bfaad@0 so abort
09-23 15:14:00.061  5344  5506 D OplusShellTransition: RemoteTransitionHandlerabortPrereadyTransition:  pendingRemote: null; isInPreready: false
09-23 15:14:00.061  7776  9897 I Quality-ScreenOnOffLogProcessor: withInScreenOnOffRange mIsScreenOn:false refTime:1790201639124 mRecentScreenOnTime:1790199375860 mRecentScreenOffTime:1790199392159
09-23 15:14:00.062  5344  5506 V WindowManagerShell: Transition animation finished (aborted=true), notifying core (#646) android.os.BinderProxy@95bfaad@0
09-23 15:14:00.062  5344  5506 D SplitScreen-->AppLockManager: setStartFromSafeControl mStartFromSafeControl=false
09-23 15:14:00.062  5344  5506 D ShellTaskOrganizerExt: adjust change for exiting mini task: -1
09-23 15:14:00.062  3833  5898 D Transition: finishTransition ar ActivityRecord{256973373 u0 com.alibaba.mnnllm.android/.main.MainActivity t129}, isVisibleRequested=false, state=PAUSED, visibleAtTransitionEndTokens={}, this=TransitionRecord{a8e2187 id=646 track=0 type=OPEN flags=0x40 state=2 c=[
09-23 15:14:00.062  3833  5898 D Transition:    ChangeInfo{22598b4 container=DefaultTaskDisplayArea@20425305 flags=0x0}
09-23 15:14:00.062  3833  5898 D Transition:    ChangeInfo{dc10cdd container=Task{a698100 #129 type=standard A=10369:com.alibaba.mnnllm.android} flags=0x0}
09-23 15:14:00.062  3833  5898 D Transition:    ChangeInfo{d0c0052 container=Display{#0 state=OFF size=1272x2772 ROTATION_0} flags=0x0}
09-23 15:14:00.062  3833  5898 D Transition:    ChangeInfo{7a14f23 container=ActivityRecord{256973373 u0 com.alibaba.mnnllm.android/.main.MainActivity t129} flags=0x0}
09-23 15:14:00.062  3833  5898 D Transition: ]
09-23 15:14:00.062  3833  5898 D Transition: }
09-23 15:14:00.062  3833  3997 V WindowManager: Sent Transition (#646) createdAt=09-23 15:13:59.104 via request=TransitionRequestInfo { type = OPEN, triggerTask = TaskInfo{userId=0 taskId=129 effectiveUid=10369 displayId=0 isRunning=true baseIntent=Intent { act=android.intent.action.MAIN cat=[android.intent.category.LAUNCHER] flg=0x10200000 cmp=com.alibaba.mnnllm.android/.main.MainActivity mCallingUid=2000 } baseActivity=ComponentInfo{com.alibaba.mnnllm.android/com.alibaba.mnnllm.android.main.MainActivity} topActivity=ComponentInfo{com.alibaba.mnnllm.android/com.alibaba.mnnllm.android.main.MainActivity} origActivity=null realActivity=ComponentInfo{com.alibaba.mnnllm.android/com.alibaba.mnnllm.android.main.MainActivity}
09-23 15:14:00.062  3833  3997 V WindowManager:  numActivities=1 lastActiveTime=520108244 supportsSplitScreenMultiWindow=true supportsMultiWindow=true supportsPocketStudioMultiWindow=true isInFlexibleEmbedded = false uid = 10369 pid = 0 resizeMode=1 isResizeable=true minWidth=-1 minHeight=-1 defaultMinSize=220 token=WCT{RemoteToken{4e02624 Task{a698100 #129 type=standard A=10369:com.alibaba.mnnllm.android}}} topActivityType=1 pictureInPictureParams=null shouldDockBigOverlays=false launchIntoPipHostTaskId=-1 lastParentTaskIdBeforePip=-1 displayCutoutSafeInsets=Rect(0, 141 - 0, 0)
09-23 15:14:00.062  3833  3997 V WindowManager:  topActivityInfo=ActivityInfo{2e7658d com.alibaba.mnnllm.android.main.MainActivity} launchCookies=[] positionInParent=Point(0, 0) parentTaskId=-1 isFocused=false isVisible=false isVisibleRequested=false isTopActivityNoDisplay=false isSleeping=true locusId=null displayAreaFeatureId=1 isTopActivityTransparent=false isActivityStackTransparent=false lastNonFullscreenBounds=Rect(310, 743 - 963, 2015) capturedLink=null capturedLinkTimestamp=0 requestedVisibleTypes=-9 topActivityRequestOpenInBrowserEducationTimestamp=0
09-23 15:14:00.062  3833  3997 V WindowManager:  appCompatTaskInfo=AppCompatTaskInfo { topActivityInSizeCompat=false topActivityInOplusCompatMode=false eligibleForLetterboxEducation= false isLetterboxEducationEnabled= false isLetterboxDoubleTapEnabled= false eligibleForUserAspectRatioButton= false topActivityBoundsLetterboxed= false isFromLetterboxDoubleTap= false topActivityLetterboxVerticalPosition= -1 topActivityLetterboxHorizontalPosition= -1 topActivityLetterboxWidth=-1 topActivityLetterboxHeight=-1 topActivityAppBounds=Rect(0, 0 - 1272, 2772) isUserFullscreenOverrideEnabled=false isSystemFullscreenOverrideEnabled=false hasMinAspectRatioOverride=false topActivityLetterboxBounds=null cameraCompatTaskInfo=CameraCompatTaskInfo { freeformCameraCompatMode=inactive}} topActivityMainWindowFrame=null topActivityLetterboxInsets=Rect(0, 0 - 0, 0)
09-23 15:14:00.062  3833  3997 V WindowManager:  mOplusExtraBundle = Bundle[{androidx.flexible.taskFrame=Rect(0, 0 - 0, 0), androidx.flexible.Alpha=1.0, androidx.activity.task.attach.blur=0, androidx.activity.LaunchInsensible=0, androidx.activity.LaunchCornerRadius=0, key_flexible_task_state=0, topActivitySupportAppInnerSplit=false, key_flexible_task_animating_type=-1, key_flexible_task_root_activity_processname=com.alibaba.mnnllm.android, androidx.activity.LaunchScenario=0, is_oplus_clone_task=false, flexible_super_mini_state=false, topRunningActivityHash=256973373, androidx.activity.LaunchScale=1.0, androidx.activity.LaunchShadowRadius=0, is_transient_hide_for_task_info=false, key_flexible_task_root_activity_pid=0, key_flexible_task_root_activity_uid=10369}]}, pipChange = null, remoteTransition = null, displayChange = null, flags = 0, debugId = 646 }
09-23 15:14:00.062  3833  3997 V WindowManager:     startWCT=WindowContainerTransaction { changes= {} hops= [] errorCallbackToken=null taskFragmentOrganizer=null }
09-23 15:14:00.062  3833  3997 V WindowManager:     info={id=646 t=OPEN f=0x40 trk=0 r=[] c=[] 
09-23 15:14:00.062  3833  3997 V WindowManager: extendInfo=[
09-23 15:14:00.062  3833  3997 V WindowManager:  OplusTransitionExtendedInfo{mTmpFinishT=null, mInOplusCompatMode=false, mIsProcessRunning=false, mHasMismatchBoundsTarget=false, mRecentsController=null, mRemoteTransition=null, mIsTranslucentActivityToHome=false, mAvoidInterceptKeyEventToHome=false, mIsFromHome=false, mParentLeash=null, mBackAnimClosingLeash=null, mIsOplusAnimRes=false, mKeepBgForContinuous=false, mIsBalAllow=true, mTaskNotInRecent=false, mIsPredictiveBackAnim=false, mIsMergedWithPredictive=false, mIsLaunchFromSpruce=false, mIsLaunchFromDrive=false, mGlobalSearchPageSwitch=false, mNeedNoAlphaGlobalSearchScene=false, mAssistScreenShowing=false, mSwipeUpBrowserScreenShowing=false, mUserIdTransition=-1
09-23 15:14:00.062  3833  3997 V WindowManager: , mInRemoteScene=false, mInPreReady=false, mPreStart=false, mToken=null, mAbortByRemoteFromHome=false, mShellApplyToken=null, mRequestTransitionTaskId=129, mAbortTransitionOnShell=0, mStartFromShortcut=false, mRemovedTaskId=-1, mTransitionInterruptType=0, mMergeSecondTaskId=-1, mTaskIdStartFromRecents=0, mTransitionId=646, mCanUseSpringSlideAnim=false, mTransitionLaunchFrom=0, mFoldChangeType=-1, mAnimStartingPosition=[0, 0, 0, 0], mIsOpeningStkDialogActivity=false, mSecondaryHomeToFrontWhenUnFolding=false, mIsNeedApplyStartTForEmbedded=false
09-23 15:14:00.062  3833  3997 V WindowManager: , mNeedCanvasExitAnim=false, mMergeSecondTaskAnimation=false, mIsLaunchUnityStart=false, mIsLaunchFromAssistantByDefault=false, mSkipRemoteTransitionfalse, mIsStartFromKeyguard=false flags=0x0, mWCT=null, mIsOpenMergeToInValidPredictive=false}]}
09-23 15:14:00.063  3833  5898 D OplusTransitionController: finishTransition, transition: TransitionRecord{a8e2187 id=646 track=0 type=OPEN flags=0x40 state=4 c=[
09-23 15:14:00.063  3833  5898 D OplusTransitionController:    ChangeInfo{22598b4 container=DefaultTaskDisplayArea@20425305 flags=0x0}
09-23 15:14:00.063  3833  5898 D OplusTransitionController:    ChangeInfo{dc10cdd container=Task{a698100 #129 type=standard A=10369:com.alibaba.mnnllm.android} flags=0x0}
09-23 15:14:00.063  3833  5898 D OplusTransitionController:    ChangeInfo{d0c0052 container=Display{#0 state=OFF size=1272x2772 ROTATION_0} flags=0x0}
09-23 15:14:00.063  3833  5898 D OplusTransitionController:    ChangeInfo{7a14f23 container=ActivityRecord{256973373 u0 com.alibaba.mnnllm.android/.main.MainActivity t129} flags=0x0}
09-23 15:14:00.063  3833  5898 D OplusTransitionController: ]
09-23 15:14:00.063  3833  5898 D OplusTransitionController: }
09-23 15:14:00.063  3833  5898 D FlexibleTaskTransitionController:  finishTransition pendingRecentToFlexibleTask:null,isRotationTransition:false ,pendingRecentToFlexible:null ,transition:TransitionRecord{a8e2187 id=646 track=0 type=OPEN flags=0x40 state=4 c=[
09-23 15:14:00.063  3833  5898 D FlexibleTaskTransitionController:    ChangeInfo{22598b4 container=DefaultTaskDisplayArea@20425305 flags=0x0}
09-23 15:14:00.063  3833  5898 D FlexibleTaskTransitionController:    ChangeInfo{dc10cdd container=Task{a698100 #129 type=standard A=10369:com.alibaba.mnnllm.android} flags=0x0}
09-23 15:14:00.063  3833  5898 D FlexibleTaskTransitionController:    ChangeInfo{d0c0052 container=Display{#0 state=OFF size=1272x2772 ROTATION_0} flags=0x0}
09-23 15:14:00.063  3833  5898 D FlexibleTaskTransitionController:    ChangeInfo{7a14f23 container=ActivityRecord{256973373 u0 com.alibaba.mnnllm.android/.main.MainActivity t129} flags=0x0}
09-23 15:14:00.063  3833  5898 D FlexibleTaskTransitionController: ]
09-23 15:14:00.063  3833  5898 D FlexibleTaskTransitionController: }
09-23 15:14:00.063  3833  5898 D RefreshRate: ***** request traversal for refresh rate change, reason is highTempRefreshRateChanged: false, windowRefreshRateChanged: true, flexibleWindowStateChanged: false, has float/zoom window *****
09-23 15:14:00.063  3833  5898 D TransitionControllerExtImpl: NFW_send RECOMPUTE_FOCUS in finishTransition
09-23 15:14:00.063  5344  5506 D ShellTaskOrganizer: onTransitionFinish, isRecent:false
09-23 15:14:00.063  5344  5506 V WindowManagerShell: Track 0 became idle
09-23 15:14:00.063  5344  5506 V WindowManagerShell: All active transition animations finished
09-23 15:14:00.063  3034  3034 D VRI[MainActivity]: relayoutWindow result, sizeChanged:true, surfaceControlChanged:true, transformHintChanged:false, mSurfaceSize:Point(1272, 2772), mLastSurfaceSize:Point(0, 0), mWidth:-1, mHeight:-1, requestedWidth:1272, requestedHeight:2772, transformHint:0, installOrientation:0, displayRotation:0, isSurfaceValid:true, attr.flag:-2122252032, tmpFrames:ClientWindowFrames{frame=[0,0][1272,2772] display=[0,0][1272,2772] parentFrame=[0,0][0,0]}, relayoutAsync:false, mSyncSeqId:0
09-23 15:14:00.064  3034  3034 W VRI[MainActivity]: updateBlastSurfaceIfNeeded, surfaceSize:Point(1272, 2772), lastSurfaceSize:Point(0, 0), format:-1, blastBufferQueue:null
09-23 15:14:00.064  3034  3034 D BufferQueueConsumer: [](id:bda00000000,api:0,p:-1,c:3034) connect: controlledByApp=false
09-23 15:14:00.064  3833  5898 I BLASTSyncEngine: onCommitted syncId: 646, timeout: false ran: false
09-23 15:14:00.064  3034  3034 D BufferQueueConsumer: [VRI[MainActivity]#0(BLAST Consumer)0](id:bda00000000,api:0,p:-1,c:3034) setMaxAcquiredBufferCount: 2
09-23 15:14:00.064  3833  5898 D Transition: finishTransaction-onCommitted syncId=646
09-23 15:14:00.065  3034  3074 D BufferQueueProducer: [VRI[MainActivity]#0(BLAST Consumer)0](id:bda00000000,api:1,p:3034,c:3034) connect: api=1 producerControlledByApp=true
09-23 15:14:00.066  3833  4000 D WindowManager: NFW_findFocusedWindowIfNeeded:Window{95fc63b u0 NotificationShade} mCurrentFocus:Window{95fc63b u0 NotificationShade}
09-23 15:14:00.066  5261  6780 V OsAgent : broadcastSystemEvent - 7
09-23 15:14:00.066  3833  4009 I UserAwareMgr: handleAppChangedToBg, pkgName: com.alibaba.mnnllm.android, pid: 3034
09-23 15:14:00.066  3833  4813 I MR2ServiceImpl: Updating composite discovery preference | preference: RouteDiscoveryRequest{ preferredFeatures={}, activeScan=false }, active routers: []
09-23 15:14:00.066  3833  4813 I MR2ServiceImpl: Updating composite discovery preference | preference: RouteDiscoveryRequest{ preferredFeatures={}, activeScan=false }, active routers: []
09-23 15:14:00.067  5261  6780 V OsAgent : broadcastSystemEvent - 7
09-23 15:14:00.069  5261  6780 V OsAgent : broadcastSystemEvent - 7
09-23 15:14:00.118  3034  3034 I SurfaceControl:  setExtendedRangeBrightness sc=Surface(name=com.alibaba.mnnllm.android/com.alibaba.mnnllm.android.main.MainActivity)/@0xb1763f2,currentBufferRatio=1.0,desiredRatio=1.0
09-23 15:14:00.129  3034  3074 I AdrenoUtils: <ReadGpuID:1333>: Reading chip ID through GSL
09-23 15:14:00.138  3034  3074 D BLASTBufferQueue: [VRI[MainActivity]#0](f:0,a:1) acquireNextBufferLocked size=1272x2772 mFrameNumber=1 applyTransaction=true mTimestamp=93655775823386(auto) mPendingTransactions.size=0 graphicBufferId=13030930776067 transform=0
09-23 15:14:00.138  3034  3074 D VRI[MainActivity]: Received frameCommittedCallback lastAttemptedDrawFrameNum=1 didProduceBuffer=true syncBuffer=false
09-23 15:14:00.138  3034  3074 D ExtensionsLoader: createInstance(64bit) : createExtendedFactory
09-23 15:14:00.138  3034  3074 D ExtensionsLoader: Opened libSchedAssistExtImpl.so
09-23 15:14:00.138  2259  2521 I ClientCache: add: Cache owner=0xb4000075bc220940
09-23 15:14:00.139  3034  3034 D ViewExtract: [OplusViewExtractManager] OplusViewExtractManager init com.alibaba.mnnllm.android
09-23 15:14:00.140  3034  3034 W TextView: onProvideContentCaptureStructure(): calling assumeLayout()
09-23 15:14:00.140  3034  3034 W TextView: onProvideContentCaptureStructure(): calling assumeLayout()
09-23 15:14:00.140  3034  3034 W TextView: onProvideContentCaptureStructure(): calling assumeLayout()
09-23 15:14:00.141  3034  3034 W TextView: onProvideContentCaptureStructure(): calling assumeLayout()
09-23 15:14:00.145  3034  3034 W TextView: onProvideContentCaptureStructure(): calling assumeLayout()
09-23 15:14:00.146  3034  3034 D VRI[MainActivity]: draw finished. seqId=0
09-23 15:14:00.146  3833  5898 I WindowManager: Window{883e25 u0 com.alibaba.mnnllm.android/com.alibaba.mnnllm.android.main.MainActivity} state from DRAW_PENDING to COMMIT_DRAW_PENDING; reason: finishDrawingLocked
09-23 15:14:00.148  3034  3034 D ModelListPresenter: State: Loading
09-23 15:14:00.148  3833  4001 I WindowManager: Window{883e25 u0 com.alibaba.mnnllm.android/com.alibaba.mnnllm.android.main.MainActivity} state from COMMIT_DRAW_PENDING to READY_TO_SHOW; reason: commitFinishDrawingLocked
09-23 15:14:00.148  3833  4001 D CoreBackPreview:  return markWindowHasDrawn mComposed: false  mWaitTransition: false
09-23 15:14:00.148  3833  4001 D ActivityTaskManager: Clearing startingData for activity=ActivityRecord{256973373 u0 com.alibaba.mnnllm.android/.main.MainActivity t129} mStartingData=null mStartingSurface=null
09-23 15:14:00.149  3833  4001 I Quality : LaunchTime2.0: com.alibaba.mnnllm.android/.main.MainActivity 1 1024 com.android.shell -1 99
09-23 15:14:00.150  3034  3034 D ViewRootImplExtImpl: wrapConfigInfoIntoFlags rotation=0, smallestScreenWidthDp=0, residentWS=false, scenario=0, bounds=Rect(0, 0 - 1272, 2772), relayoutAsync=false, flags=0, newFlags=1453326336, title=com.alibaba.mnnllm.android/com.alibaba.mnnllm.android.main.MainActivity
09-23 15:14:00.150  3833  4001 D FlexibleWindowManagerService: onFlexibleWindowTaskAppeared: task = 129, visible = false
09-23 15:14:00.150  3833  4001 D OplusFlexibleWindowMinimizedManagerHelper: onTaskAppered taskInfo:129
09-23 15:14:00.150  3833  4001 D OplusFlexibleDragToSplitAnimController: visibleFlexibleTaskInfos delete:129
09-23 15:14:00.150  3833  4001 E FlexibleWindowManagerService: notifyTaskObserverToAttachController not need to notify!
09-23 15:14:00.150  3833  4001 D FlexibleWindowManagerService: should not dispatch appeared task Task{a698100 #129 type=standard A=10369:com.alibaba.mnnllm.android}
09-23 15:14:00.150  3833  5898 V WindowManager: Relayout Window{883e25 u0 com.alibaba.mnnllm.android/com.alibaba.mnnllm.android.main.MainActivity}: viewVisibility=0, oldvis=0, req=1272x2772 , apr = 8, vsysui=LAYOUT_STABLE LAYOUT_FULLSCREEN LIGHT_STATUS_BAR, x=0, y=0
09-23 15:14:00.150  5620 11677 I iopgp   : Iopgp: TRANSACTION_IOPGP_ON_ACTIVITY_LAUNCH_FINISHED sequence_id = 101 timestamp_nanos = 93655786639063
09-23 15:14:00.151  3833  5898 D CoreBackPreview:  return markWindowHasDrawn mComposed: false  mWaitTransition: false
09-23 15:14:00.151  3833  5898 D ActivityTaskManager: Clearing startingData for activity=ActivityRecord{256973373 u0 com.alibaba.mnnllm.android/.main.MainActivity t129} mStartingData=null mStartingSurface=null
09-23 15:14:00.151  5344  5506 D ShellTaskOrganizer: Task appeared taskId=129, parentTaskId=-1, taskVisibility=false
09-23 15:14:00.151  5344  5506 D ShellTaskOrganizerExt: visibleFlexibleTaskInfos delete:129
09-23 15:14:00.151  5344  5506 D ShellTaskOrganizerExt: isOnCanvas size:0
09-23 15:14:00.151  5344  5506 D ShellTaskOrganizerExt: isOnThreeFlexibleCanvas size:0
09-23 15:14:00.152  3034  3034 D VRI[MainActivity]: relayoutWindow result, sizeChanged:false, surfaceControlChanged:false, transformHintChanged:false, mSurfaceSize:Point(1272, 2772), mLastSurfaceSize:Point(1272, 2772), mWidth:1272, mHeight:2772, requestedWidth:1272, requestedHeight:2772, transformHint:0, installOrientation:0, displayRotation:0, isSurfaceValid:true, attr.flag:-2122252032, tmpFrames:ClientWindowFrames{frame=[0,0][1272,2772] display=[0,0][1272,2772] parentFrame=[0,0][0,0]}, relayoutAsync:false, mSyncSeqId:0
09-23 15:14:00.153  3034  3034 W VRI[MainActivity]: updateBlastSurfaceIfNeeded, surfaceSize:Point(1272, 2772), lastSurfaceSize:Point(1272, 2772), format:-1, blastBufferQueue:android.graphics.BLASTBufferQueue@ba24d25
09-23 15:14:00.153  3034  3034 E ViewRootImpl: SkipDraw reason : screen_off displaySource From Constructor 0 state 1 caller  displayStateSource State 1 caller  mLastDisplayListenerState registerListeners , time 1790201640008 caller  mLastDisplayCallEvent null
09-23 15:14:00.153  2112  2183 D BatteryChargeControl: bcc get no support from charging protocol
09-23 15:14:00.154  3833  3997 I ActivityTaskManager: Displayed com.alibaba.mnnllm.android/.main.MainActivity for user 0: +1s52ms
09-23 15:14:00.154  2061  2214 E PERFHAL-BOOSTCONFIG: PERFHAL-BOOSTCONFIG: GetBoostConfig() 1872: Not able to fetch object
09-23 15:14:00.154  1871  1894 E statsd  : Gauge Stats puller failed for tag: 150134 at 520109274417856
09-23 15:14:00.154  1871  1894 I statsd  : An anomaly (104840000001) (48)0x10000->10369[I] (48)0x20000->com.alibaba.mnnllm.android[S] (48)0x30000->3[I]  has occurred! Informing subscribers.
09-23 15:14:00.156  3833  4001 D CoreBackPreview:  return markWindowHasDrawn mComposed: false  mWaitTransition: false
09-23 15:14:00.156  3833  4001 D ActivityTaskManager: Clearing startingData for activity=ActivityRecord{256973373 u0 com.alibaba.mnnllm.android/.main.MainActivity t129} mStartingData=null mStartingSurface=null
09-23 15:14:00.159  3034  3034 D VRI[MainActivity]: setWindowStopped stopped:true
09-23 15:14:00.160  5531  6019 D DnsDomainBlock: onDnsEvent: latencyMs=117, returnCode=0, uid=10369
09-23 15:14:00.171  3034  3034 I DynamicFramerate [FRTCConfigManager]: initFrameRateConfig: init with OplusDynamicFRTCConfig
09-23 15:14:00.171  3034  3034 I DynamicFramerate [FRTCConfigManager]: 	levelsFor120hz: [120, 60]
09-23 15:14:00.171  3034  3034 I DynamicFramerate [FRTCConfigManager]: 	thresholdsFor120hz: [300]
09-23 15:14:00.171  3034  3034 I DynamicFramerate [FRTCConfigManager]: 	levelsFor90hz: [90, 45]
09-23 15:14:00.171  3034  3034 I DynamicFramerate [FRTCConfigManager]: 	thresholdsFor90hz: [214]
09-23 15:14:00.171  3034  3034 I DynamicFramerate [FRTCConfigManager]: FRTCConfigManager: FRTC_CAPABILITY = 0, package name = com.alibaba.mnnllm.android, WINDOW_ANIMATION_SPEED_RATE = 10, SCROLL_ANIMATION_SPEED_RATE = 20, PACKAGE_ENABLE = true
09-23 15:14:00.171  3034  3034 I DynamicFramerate [DynamicFrameRateController]: init info: mPackageName = com.alibaba.mnnllm.android, mIsEnabled = true
09-23 15:14:00.173  3034  3034 D HWUI    : RenderProxy::destroy: this=0xb4000076a4643a00, mContext=0xb4000075a8ef46c0
09-23 15:14:00.173  3034  3074 D HWUI    : SkiaVulkanPipeline::setSurface: this=0xb4000075a8edda00, surface=NULL
09-23 15:14:00.173  3034  3074 D BufferQueueProducer: [VRI[MainActivity]#0(BLAST Consumer)0](id:bda00000000,api:1,p:3034,c:3034) disconnect: api 1
09-23 15:14:00.173  3034  3074 D BLASTBufferQueue: [VRI[MainActivity]#0](f:0,a:1) destructor()
09-23 15:14:00.173  3034  3074 D BufferQueueConsumer: [VRI[MainActivity]#0(BLAST Consumer)0](id:bda00000000,api:0,p:-1,c:3034) disconnect
09-23 15:14:00.174  3034  3034 D ViewRootImplExtImpl: wrapConfigInfoIntoFlags rotation=0, smallestScreenWidthDp=0, residentWS=false, scenario=0, bounds=Rect(0, 0 - 1272, 2772), relayoutAsync=false, flags=0, newFlags=1453326336, title=com.alibaba.mnnllm.android/com.alibaba.mnnllm.android.main.MainActivity
09-23 15:14:00.174  3833  7186 V WindowManager: Relayout Window{883e25 u0 com.alibaba.mnnllm.android/com.alibaba.mnnllm.android.main.MainActivity}: viewVisibility=4, oldvis=0, req=1272x2772 , apr = 8, vsysui=LAYOUT_STABLE LAYOUT_FULLSCREEN LIGHT_STATUS_BAR
09-23 15:14:00.175  3833  7186 D CoreBackPreview:  return markWindowHasDrawn mComposed: false  mWaitTransition: false
09-23 15:14:00.175  3833  7186 D ActivityTaskManager: Clearing startingData for activity=ActivityRecord{256973373 u0 com.alibaba.mnnllm.android/.main.MainActivity t129} mStartingData=null mStartingSurface=null
09-23 15:14:00.175  3833  7186 D WindowManager: NFW_findFocusedWindowIfNeeded:Window{95fc63b u0 NotificationShade} mCurrentFocus:Window{95fc63b u0 NotificationShade}
09-23 15:14:00.176  3034  3034 D VRI[MainActivity]: relayoutWindow result, sizeChanged:false, surfaceControlChanged:true, transformHintChanged:false, mSurfaceSize:Point(1272, 2772), mLastSurfaceSize:Point(1272, 2772), mWidth:1272, mHeight:2772, requestedWidth:1272, requestedHeight:2772, transformHint:0, installOrientation:0, displayRotation:0, isSurfaceValid:false, attr.flag:-2122252032, tmpFrames:ClientWindowFrames{frame=[0,0][1272,2772] display=[0,0][1272,2772] parentFrame=[0,0][0,0]}, relayoutAsync:false, mSyncSeqId:0
09-23 15:14:00.178  3833  7186 D WindowManager: NFW_setClientVisible:ActivityRecord{256973373 u0 com.alibaba.mnnllm.android/.main.MainActivity t129} clientVisible:false
09-23 15:14:00.179  3034  3047 D VRI[MainActivity]: dispatchAppVisibility visible:false mUpcomingWindowFocus:false
09-23 15:14:00.179  3833  4822 D BackgroundInstallControlService: Package event received: 0
09-23 15:14:00.179  3833  7186 I WindowManager: Window{883e25 u0 com.alibaba.mnnllm.android/com.alibaba.mnnllm.android.main.MainActivity} state from READY_TO_SHOW to NO_SURFACE; reason: destroySurface
09-23 15:14:00.180  3833  7186 D OplusStartingWindowManager: skip remove starting window for activity = ActivityRecord{256973373 u0 com.alibaba.mnnllm.android/.main.MainActivity t129} ,ar != topActivityContainsStartingWindow on activityStopped
09-23 15:14:00.181  3833  5183 I Osense-BaseDecisionMaker: notifySceneToAthenaPolicy: SCENE_ACTIVITY_IDLE, bundle: Bundle[{scene=SCENE_ACTIVITY_IDLE}]
09-23 15:14:00.181  3833  5183 I Osense-BaseDecisionMaker: OSense not supported scene! SCENE_ACTIVITY_IDLE
09-23 15:14:00.185  3034  3034 D HWUI    : RenderProxy::destroy: this=0xb4000076a4643a00, mContext=0xb4000075a8ef46c0
09-23 15:14:00.185  3034  3074 D HWUI    : SkiaVulkanPipeline::setSurface: this=0xb4000075a8edda00, surface=NULL
09-23 15:14:00.185  3034  3034 D ViewRootImplExtImpl: wrapConfigInfoIntoFlags rotation=0, smallestScreenWidthDp=0, residentWS=false, scenario=0, bounds=Rect(0, 0 - 1272, 2772), relayoutAsync=false, flags=0, newFlags=1453326336, title=com.alibaba.mnnllm.android/com.alibaba.mnnllm.android.main.MainActivity
09-23 15:14:00.186  6883  7013 E horae   : tz(cpu-1-1-1) temp changed suddenly, cut temp to:42700
09-23 15:14:00.186  6883  7013 E horae   : Recording abnormal tz:27 state:4.
09-23 15:14:00.186  3833  7186 V WindowManager: Relayout Window{883e25 u0 com.alibaba.mnnllm.android/com.alibaba.mnnllm.android.main.MainActivity}: viewVisibility=8, oldvis=4, req=1272x2772 , apr = 8, vsysui=LAYOUT_STABLE LAYOUT_FULLSCREEN LIGHT_STATUS_BAR
09-23 15:14:00.186  3833  7186 D WindowManager: NFW_findFocusedWindowIfNeeded:Window{95fc63b u0 NotificationShade} mCurrentFocus:Window{95fc63b u0 NotificationShade}
09-23 15:14:00.187  3034  3034 D VRI[MainActivity]: relayoutWindow result, sizeChanged:false, surfaceControlChanged:false, transformHintChanged:false, mSurfaceSize:Point(1272, 2772), mLastSurfaceSize:Point(1272, 2772), mWidth:1272, mHeight:2772, requestedWidth:1272, requestedHeight:2772, transformHint:0, installOrientation:0, displayRotation:0, isSurfaceValid:false, attr.flag:-2122252032, tmpFrames:ClientWindowFrames{frame=[0,0][1272,2772] display=[0,0][1272,2772] parentFrame=[0,0][0,0]}, relayoutAsync:false, mSyncSeqId:0
09-23 15:14:00.206  3034  3039 I .mnnllm.android: Compiler allocated 7246KB to compile void android.view.ViewRootImpl.performTraversals()
09-23 15:14:00.234  2032 28029 I sensors-hal: handle_oplus_wise_rgb_event:191, wise_rgb: (r, g, b, c)[550.00, 601.00, 364.00, 1390.00],(r2,g2,b2,c2)[[0.00, 0.00, 0.00, 0.00], algo:5.0, flag :0
09-23 15:14:00.314  3034  3077 I ModelRepository: fetchFromNetwork success: url=https://meta.alicdn.com/data/mnn/apis/model_market.json, version=21
09-23 15:14:00.506  3833  5898 W ProcessStats: Tracking association SourceState{4312e7d com.alibaba.mnnllm.android/10369 Top #113595} whose proc state 1 is better than process ProcessState{bd570c5 com.google.android.gms/10149 pkg=com.google.android.gms} proc state 4 (981 skipped)
09-23 15:14:00.509 31567 31925 I FontLog : (REDACTED) Received query %s, URI %s
09-23 15:14:00.509 31567 31925 I FontLog : (REDACTED) Query [%s] resolved to %s
09-23 15:14:00.510 31567 31925 I FontLog : (REDACTED) Fetch %s end status %s
09-23 15:14:00.512 31567 31923 I FontLog : (REDACTED) Pulling font file for id = %d, cache size = %d
09-23 15:14:00.516 31567 31923 I FontLog : (REDACTED) Pulling font file for id = %d, cache size = %d
09-23 15:14:00.558  2032 28029 I sensors-hal: handle_oplus_wise_rgb_event:191, wise_rgb: (r, g, b, c)[548.00, 598.00, 363.00, 1384.00],(r2,g2,b2,c2)[[0.00, 0.00, 0.00, 0.00], algo:5.0, flag :0
09-23 15:14:00.883  2032 28029 I sensors-hal: handle_oplus_wise_rgb_event:191, wise_rgb: (r, g, b, c)[548.00, 599.00, 363.00, 1383.00],(r2,g2,b2,c2)[[0.00, 0.00, 0.00, 0.00], algo:5.0, flag :0
09-23 15:14:00.883  3833  4659 D FusionLightNextGen: process end reported = 1, mode: 0, cnt: 7050, lux 51.6, cct -1.0, r/g/b/c: 548.0/599.0/363.0/1383.0, R/G/B: -1.0/-1.0/-1.0, bri 0.0, match 0.00, ir 0.657327, conf 0.0, ts 520109977117547
09-23 15:14:00.953  3034  3077 D TagMapper: initializeFromConfig: loaded 18 tag mappings
09-23 15:14:00.954  3034  3077 D ModelListManager: TagMapper initialized before cache emit: 9 tags
09-23 15:14:00.967  3034  3064 D ModelListManager: Emitting cached data (7 models)
09-23 15:14:00.967  3034  3034 D ModelListPresenter: State: Success (7 models, source: CACHE)
09-23 15:14:00.967  3034  3034 D ModelListPresenter: onListAvailable: received 7 modelWrappers
09-23 15:14:00.967  3034  3064 D ModelListManager: Processing local model: local//data/local/tmp/mnn_models/qwen2.5-1.5b-mnn-q4-clean, configPath: /data/local/tmp/mnn_models/qwen2.5-1.5b-mnn-q4-clean/config.json
09-23 15:14:00.968  3034  3034 D ModelListPresenter: onListAvailable: calling view.onListAvailable()
09-23 15:14:00.969  3034  3066 I ModelRepository: initialize started: env=prod, url=https://meta.alicdn.com/data/mnn/apis/model_market.json
09-23 15:14:01.033  3833  4868 D OplusWifiPowerWakeupStats: IPV4_TCP_Packet wake up count 8
09-23 15:14:01.036  3034  3079 D UpdateChecker: Response: 200 OK
09-23 15:14:01.036  3833  4868 D OplusWifiPower_WakeupIp: com.alibaba.mnnllm.android(47.251.62.***) wakeup host
09-23 15:14:01.036  2965  2965 I cnss-daemon: nl80211 response handler invoked
09-23 15:14:01.036  2965  2965 I cnss-daemon: nl80211_response_handler: cmd 103, vendorID 4980, subcmd 182  received
09-23 15:14:01.036  2035 23726 I WifiHAL : event received NL80211_CMD_VENDOR, vendor_id = 0x1374, subcmd = 0xb6
09-23 15:14:01.036  6983 23727 D LOWI-9.0.1.125: [LOWI-Scan] wait_event:Wait done with Cmd 103
09-23 15:14:01.036  3034  3079 D UpdateChecker: Response headers: Server: nginx/1.24.0
09-23 15:14:01.036  3034  3079 D UpdateChecker: Date: Wed, 23 Sep 2026 22:14:00 GMT
09-23 15:14:01.036  3034  3079 D UpdateChecker: Content-Type: application/json
09-23 15:14:01.036  3034  3079 D UpdateChecker: Content-Length: 194
09-23 15:14:01.036  3034  3079 D UpdateChecker: Connection: keep-alive
09-23 15:14:01.036  3034  3079 D UpdateChecker: Access-Control-Allow-Credentials: true
09-23 15:14:01.036  3034  3079 D UpdateChecker: Access-Control-Allow-Headers: Origin, X-Requested-With, Content-Type,Token,Accept, Connection, User-Agent, Cookie
09-23 15:14:01.036  3034  3079 D UpdateChecker: Access-Control-Allow-Methods: GET, HEAD, POST, PUT, DELETE, TRACE, OPTIONS, PATCH
09-23 15:14:01.036  3034  3079 D UpdateChecker: Access-Control-Max-Age: 3628800
09-23 15:14:01.036  3034  3079 D UpdateChecker: Content-Disposition: attachment;filename=main_config.json
09-23 15:14:01.036  3034  3079 D UpdateChecker: Set-Cookie: ██
09-23 15:14:01.036  3034  3079 D UpdateChecker: Vary: Origin
09-23 15:14:01.036  3034  3079 D UpdateChecker: Vary: Access-Control-Request-Method
09-23 15:14:01.036  3034  3079 D UpdateChecker: Vary: Access-Control-Request-Headers
09-23 15:14:01.036  6983 23727 D LOWI-9.0.1.125: [LOWI-Scan] do_listen_events: Rcvd valid Netlink Cmd 0 Err 0
09-23 15:14:01.036  3034  3079 D UpdateChecker: Response received - Code: 200, Message: OK
09-23 15:14:01.036  3034  3079 D UpdateChecker: Response URL: https://modelscope.cn/datasets/MNN/mnn_llm_app_config/resolve/master/main_config.json
09-23 15:14:01.037  3034  3079 D UpdateChecker: responde data: {
09-23 15:14:01.037  3034  3079 D UpdateChecker:     "latest_version":"0.8.2.2",
09-23 15:14:01.037  3034  3079 D UpdateChecker:     "update_message":"fix some bugs",
09-23 15:14:01.037  3034  3079 D UpdateChecker:     "update_message_zh":"fix some bugs",
09-23 15:14:01.037  3034  3079 D UpdateChecker:     "download_url":"https://meta.alicdn.com/data/mnn/apks/mnn_chat_0_8_2_2.apk"
09-23 15:14:01.037  3034  3079 D UpdateChecker: }
09-23 15:14:01.037  3034  3079 D UpdateChecker: currentVersion : 0.8.3
09-23 15:14:01.055  3034  3034 D TagMapper: initializeFromConfig: loaded 18 tag mappings
09-23 15:14:01.062  3034  3034 D ModelMarketViewModel: Model: gemma-4-E2B-it-MNN, modelId: HuggingFace/taobao-mnn/gemma-4-E2B-it-MNN initial downloadState: 0
09-23 15:14:01.064  3034  3034 D ModelMarketViewModel: Model: gemma-4-E4B-it-MNN, modelId: HuggingFace/taobao-mnn/gemma-4-E4B-it-MNN initial downloadState: 0
09-23 15:14:01.065  3034  3034 D ModelMarketViewModel: Model: gemma-4-26B-A4B-it-MNN, modelId: HuggingFace/taobao-mnn/gemma-4-26B-A4B-it-MNN initial downloadState: 0
09-23 15:14:01.066  3034  3034 D ModelMarketViewModel: Model: gemma-4-31B-it-MNN, modelId: HuggingFace/taobao-mnn/gemma-4-31B-it-MNN initial downloadState: 0
09-23 15:14:01.068  3034  3034 D ModelMarketViewModel: Model: LFM2-350M-MNN, modelId: HuggingFace/taobao-mnn/LFM2-350M-MNN initial downloadState: 0
09-23 15:14:01.069  3034  3034 D ModelMarketViewModel: Model: LFM2-700M-MNN, modelId: HuggingFace/taobao-mnn/LFM2-700M-MNN initial downloadState: 0
09-23 15:14:01.070  3034  3034 D ModelMarketViewModel: Model: LFM2-1.2B-MNN, modelId: HuggingFace/taobao-mnn/LFM2-1.2B-MNN initial downloadState: 0
09-23 15:14:01.072  3034  3034 D ModelMarketViewModel: Model: LFM2-1.2B-Extract-MNN, modelId: HuggingFace/taobao-mnn/LFM2-1.2B-Extract-MNN initial downloadState: 0
09-23 15:14:01.073  3034  3034 D ModelMarketViewModel: Model: LFM2-1.2B-RAG-MNN, modelId: HuggingFace/taobao-mnn/LFM2-1.2B-RAG-MNN initial downloadState: 0
09-23 15:14:01.074  3034  3034 D ModelMarketViewModel: Model: LFM2-1.2B-Tool-MNN, modelId: HuggingFace/taobao-mnn/LFM2-1.2B-Tool-MNN initial downloadState: 0
09-23 15:14:01.075  3034  3034 D ModelMarketViewModel: Model: LFM2.5-1.2B-Base-MNN, modelId: HuggingFace/taobao-mnn/LFM2.5-1.2B-Base-MNN initial downloadState: 0
09-23 15:14:01.076  3034  3034 D ModelMarketViewModel: Model: LFM2.5-1.2B-Instruct-MNN, modelId: HuggingFace/taobao-mnn/LFM2.5-1.2B-Instruct-MNN initial downloadState: 0
09-23 15:14:01.077  3034  3034 D ModelMarketViewModel: Model: LFM2.5-1.2B-JP-MNN, modelId: HuggingFace/taobao-mnn/LFM2.5-1.2B-JP-MNN initial downloadState: 0
09-23 15:14:01.078  3034  3034 D ModelMarketViewModel: Model: LFM2.5-1.2B-Thinking-MNN, modelId: HuggingFace/taobao-mnn/LFM2.5-1.2B-Thinking-MNN initial downloadState: 0
09-23 15:14:01.079  3034  3034 D ModelMarketViewModel: Model: LFM2-2.6B-MNN, modelId: HuggingFace/taobao-mnn/LFM2-2.6B-MNN initial downloadState: 0
09-23 15:14:01.080  3034  3034 D ModelMarketViewModel: Model: LFM2-2.6B-Exp-MNN, modelId: HuggingFace/taobao-mnn/LFM2-2.6B-Exp-MNN initial downloadState: 0
09-23 15:14:01.081  3034  3034 D ModelMarketViewModel: Model: LFM2-2.6B-Transcript-MNN, modelId: HuggingFace/taobao-mnn/LFM2-2.6B-Transcript-MNN initial downloadState: 0
09-23 15:14:01.082  3034  3034 D ModelMarketViewModel: Model: LFM2-24B-A2B-MNN, modelId: HuggingFace/taobao-mnn/LFM2-24B-A2B-MNN initial downloadState: 0
09-23 15:14:01.082  3034  3034 D ModelMarketViewModel: Model: LFM2-350M-ENJP-MT-MNN, modelId: HuggingFace/taobao-mnn/LFM2-350M-ENJP-MT-MNN initial downloadState: 0
09-23 15:14:01.083  3034  3034 D ModelMarketViewModel: Model: LFM2-350M-Extract-MNN, modelId: HuggingFace/taobao-mnn/LFM2-350M-Extract-MNN initial downloadState: 0
09-23 15:14:01.084  3034  3034 D ModelMarketViewModel: Model: LFM2-350M-Math-MNN, modelId: HuggingFace/taobao-mnn/LFM2-350M-Math-MNN initial downloadState: 0
09-23 15:14:01.085  3034  3034 D ModelMarketViewModel: Model: LFM2-350M-PII-Extract-JP-MNN, modelId: HuggingFace/taobao-mnn/LFM2-350M-PII-Extract-JP-MNN initial downloadState: 0
09-23 15:14:01.085  3034  3034 D ModelMarketViewModel: Model: LFM2-VL-450M-MNN, modelId: HuggingFace/taobao-mnn/LFM2-VL-450M-MNN initial downloadState: 0
09-23 15:14:01.086  3034  3034 D ModelMarketViewModel: Model: LFM2-VL-1.6B-MNN, modelId: HuggingFace/taobao-mnn/LFM2-VL-1.6B-MNN initial downloadState: 0
09-23 15:14:01.087  3034  3034 D ModelMarketViewModel: Model: LFM2-Audio-1.5B-MNN, modelId: HuggingFace/taobao-mnn/LFM2-Audio-1.5B-MNN initial downloadState: 0
09-23 15:14:01.088  3034  3034 D ModelMarketViewModel: Model: Qwen3.5-0.8B-Claude-4.6-Opus-Reasoning-Distilled-MNN, modelId: HuggingFace/taobao-mnn/Qwen3.5-0.8B-Claude-4.6-Opus-Reasoning-Distilled-MNN initial downloadState: 0
09-23 15:14:01.088  3034  3034 D ModelMarketViewModel: Model: Qwen3.5-2B-Claude-4.6-Opus-Reasoning-Distilled-MNN, modelId: HuggingFace/taobao-mnn/Qwen3.5-2B-Claude-4.6-Opus-Reasoning-Distilled-MNN initial downloadState: 0
09-23 15:14:01.089  3034  3034 D ModelMarketViewModel: Model: Qwen3.5-4B-Claude-4.6-Opus-Reasoning-Distilled-MNN, modelId: HuggingFace/taobao-mnn/Qwen3.5-4B-Claude-4.6-Opus-Reasoning-Distilled-MNN initial downloadState: 0
09-23 15:14:01.090  3034  3034 D ModelMarketViewModel: Model: Qwen3.5-27B-Claude-4.6-Opus-Reasoning-Distilled-MNN, modelId: HuggingFace/taobao-mnn/Qwen3.5-27B-Claude-4.6-Opus-Reasoning-Distilled-MNN initial downloadState: 0
09-23 15:14:01.091  3034  3034 D ModelMarketViewModel: Model: Qwen3.5-2B-MNN, modelId: HuggingFace/taobao-mnn/Qwen3.5-2B-MNN initial downloadState: 0
09-23 15:14:01.091  3034  3034 D ModelMarketViewModel: Model: Qwen3.5-0.8B-MNN, modelId: HuggingFace/taobao-mnn/Qwen3.5-0.8B-MNN initial downloadState: 0
09-23 15:14:01.092  3034  3034 D ModelMarketViewModel: Model: Qwen3.5-4B-MNN, modelId: HuggingFace/taobao-mnn/Qwen3.5-4B-MNN initial downloadState: 0
09-23 15:14:01.093  3034  3034 D ModelMarketViewModel: Model: Qwen3.5-35B-A3B-MNN, modelId: HuggingFace/taobao-mnn/Qwen3.5-35B-A3B-MNN initial downloadState: 0
09-23 15:14:01.094  3034  3034 D ModelMarketViewModel: Model: Qwen3.5-9B-MNN, modelId: HuggingFace/taobao-mnn/Qwen3.5-9B-MNN initial downloadState: 0
09-23 15:14:01.094  3034  3034 D ModelMarketViewModel: Model: MNN-Sana-Edit-V2, modelId: HuggingFace/taobao-mnn/MNN-Sana-Edit-V2 initial downloadState: 0
09-23 15:14:01.095  3034  3034 D ModelMarketViewModel: Model: Fun-Audio-Chat-8B-MNN, modelId: HuggingFace/taobao-mnn/Fun-Audio-Chat-8B-MNN initial downloadState: 0
09-23 15:14:01.096  3034  3034 D ModelMarketViewModel: Model: Hunyuan-MT-7B-MNN, modelId: HuggingFace/taobao-mnn/Hunyuan-MT-7B-MNN initial downloadState: 0
09-23 15:14:01.097  3034  3034 D ModelMarketViewModel: Model: MiniMind2-MNN, modelId: HuggingFace/taobao-mnn/MiniMind2-MNN initial downloadState: 0
09-23 15:14:01.098  3034  3034 D ModelMarketViewModel: Model: Nanbeige4-3B-Thinking-2511-MNN, modelId: HuggingFace/taobao-mnn/Nanbeige4-3B-Thinking-2511-MNN initial downloadState: 0
09-23 15:14:01.098  3034  3034 D ModelMarketViewModel: Model: QwQ-32B-Preview-MNN, modelId: HuggingFace/taobao-mnn/QwQ-32B-Preview-MNN initial downloadState: 0
09-23 15:14:01.099  3034  3034 D ModelMarketViewModel: Model: Qwen3-4B-SafeRL-MNN, modelId: HuggingFace/taobao-mnn/Qwen3-4B-SafeRL-MNN initial downloadState: 0
09-23 15:14:01.100  3034  3034 D ModelMarketViewModel: Model: Qwen3-VL-2B-Instruct-MNN, modelId: HuggingFace/taobao-mnn/Qwen3-VL-2B-Instruct-MNN initial downloadState: 0
09-23 15:14:01.101  3034  3034 D ModelMarketViewModel: Model: Qwen3-VL-2B-Thinking-MNN, modelId: HuggingFace/taobao-mnn/Qwen3-VL-2B-Thinking-MNN initial downloadState: 0
09-23 15:14:01.101  3034  3034 D ModelMarketViewModel: Model: Qwen3-VL-32B-Instruct-MNN, modelId: HuggingFace/taobao-mnn/Qwen3-VL-32B-Instruct-MNN initial downloadState: 0
09-23 15:14:01.102  3034  3034 D ModelMarketViewModel: Model: Qwen3-VL-32B-Thinking-MNN, modelId: HuggingFace/taobao-mnn/Qwen3-VL-32B-Thinking-MNN initial downloadState: 0
09-23 15:14:01.103  3034  3034 D ModelMarketViewModel: Model: Qwen3Guard-Gen-0.6B-MNN, modelId: HuggingFace/taobao-mnn/Qwen3Guard-Gen-0.6B-MNN initial downloadState: 0
09-23 15:14:01.104  3034  3034 D ModelMarketViewModel: Model: Qwen3Guard-Gen-4B-MNN, modelId: HuggingFace/taobao-mnn/Qwen3Guard-Gen-4B-MNN initial downloadState: 0
09-23 15:14:01.104  3034  3034 D ModelMarketViewModel: Model: Qwen3Guard-Gen-8B-MNN, modelId: HuggingFace/taobao-mnn/Qwen3Guard-Gen-8B-MNN initial downloadState: 0
09-23 15:14:01.105  3034  3034 D ModelMarketViewModel: Model: Qwen3Guard-Stream-0.6B-MNN, modelId: HuggingFace/taobao-mnn/Qwen3Guard-Stream-0.6B-MNN initial downloadState: 0
09-23 15:14:01.106  3034  3034 D ModelMarketViewModel: Model: Qwen3Guard-Stream-4B-MNN, modelId: HuggingFace/taobao-mnn/Qwen3Guard-Stream-4B-MNN initial downloadState: 0
09-23 15:14:01.106  3034  3034 D ModelMarketViewModel: Model: Qwen3Guard-Stream-8B-MNN, modelId: HuggingFace/taobao-mnn/Qwen3Guard-Stream-8B-MNN initial downloadState: 0
09-23 15:14:01.107  3034  3034 D ModelMarketViewModel: Model: SmolDocling-256M-preview-MNN, modelId: HuggingFace/taobao-mnn/SmolDocling-256M-preview-MNN initial downloadState: 0
09-23 15:14:01.108  3034  3034 D ModelMarketViewModel: Model: VibeThinker-1.5B-MNN, modelId: HuggingFace/taobao-mnn/VibeThinker-1.5B-MNN initial downloadState: 0
09-23 15:14:01.108  3034  3034 D ModelMarketViewModel: Model: YuFeng-XGuard-Reason-0.6B-MNN, modelId: HuggingFace/taobao-mnn/YuFeng-XGuard-Reason-0.6B-MNN initial downloadState: 0
09-23 15:14:01.109  3034  3034 D ModelMarketViewModel: Model: YuFeng-XGuard-Reason-8B-MNN, modelId: HuggingFace/taobao-mnn/YuFeng-XGuard-Reason-8B-MNN initial downloadState: 0
09-23 15:14:01.109  3034  3034 D ModelMarketViewModel: Model: bge-large-zh-MNN, modelId: HuggingFace/taobao-mnn/bge-large-zh-MNN initial downloadState: 0
09-23 15:14:01.110  3034  3034 D ModelMarketViewModel: Model: chatglm-6b-MNN, modelId: HuggingFace/taobao-mnn/chatglm-6b-MNN initial downloadState: 0
09-23 15:14:01.111  3034  3034 D ModelMarketViewModel: Model: chatglm2-6b-MNN, modelId: HuggingFace/taobao-mnn/chatglm2-6b-MNN initial downloadState: 0
09-23 15:14:01.111  3034  3034 D ModelMarketViewModel: Model: codegeex2-6b-MNN, modelId: HuggingFace/taobao-mnn/codegeex2-6b-MNN initial downloadState: 0
09-23 15:14:01.112  3034  3034 D ModelMarketViewModel: Model: gemma-3-270m-it-MNN, modelId: HuggingFace/taobao-mnn/gemma-3-270m-it-MNN initial downloadState: 0
09-23 15:14:01.113  3034  3034 D ModelMarketViewModel: Model: gte_sentence-embedding_multilingual-base-MNN, modelId: HuggingFace/taobao-mnn/gte_sentence-embedding_multilingual-base-MNN initial downloadState: 0
09-23 15:14:01.114  3034  3034 D ModelMarketViewModel: Model: Qwen3-VL-4B-Thinking-MNN, modelId: HuggingFace/taobao-mnn/Qwen3-VL-4B-Thinking-MNN initial downloadState: 0
09-23 15:14:01.115  3034  3034 D ModelMarketViewModel: Model: Qwen3-VL-4B-Instruct-MNN, modelId: HuggingFace/taobao-mnn/Qwen3-VL-4B-Instruct-MNN initial downloadState: 0
09-23 15:14:01.115  3034  3034 D ModelMarketViewModel: Model: Qwen3-VL-8B-Thinking-MNN, modelId: HuggingFace/taobao-mnn/Qwen3-VL-8B-Thinking-MNN initial downloadState: 0
09-23 15:14:01.116  3034  3034 D ModelMarketViewModel: Model: Qwen3-VL-8B-Instruct-MNN, modelId: HuggingFace/taobao-mnn/Qwen3-VL-8B-Instruct-MNN initial downloadState: 0
09-23 15:14:01.117  3034  3034 D ModelMarketViewModel: Model: Qwen3-VL-30B-A3B-Instruct-MNN, modelId: HuggingFace/taobao-mnn/Qwen3-VL-30B-A3B-Instruct-MNN initial downloadState: 0
09-23 15:14:01.118  3034  3034 D ModelMarketViewModel: Model: Qwen3-VL-30B-A3B-Thinking-MNN, modelId: HuggingFace/taobao-mnn/Qwen3-VL-30B-A3B-Thinking-MNN initial downloadState: 0
09-23 15:14:01.119  3034  3034 D ModelMarketViewModel: Model: WebSailor-3B-MNN, modelId: HuggingFace/taobao-mnn/WebSailor-3B-MNN initial downloadState: 0
09-23 15:14:01.120  3034  3034 D ModelMarketViewModel: Model: Lingshu-7B-MNN, modelId: HuggingFace/taobao-mnn/Lingshu-7B-MNN initial downloadState: 0
09-23 15:14:01.120  3034  3034 D ModelMarketViewModel: Model: MiniCPM-V-4-MNN, modelId: HuggingFace/taobao-mnn/MiniCPM-V-4-MNN initial downloadState: 0
09-23 15:14:01.121  3034  3034 D ModelMarketViewModel: Model: MiniCPM4-0.5B-MNN, modelId: HuggingFace/taobao-mnn/MiniCPM4-0.5B-MNN initial downloadState: 0
09-23 15:14:01.121  3034  3034 D ModelMarketViewModel: Model: MiniCPM4-8B-MNN, modelId: HuggingFace/taobao-mnn/MiniCPM4-8B-MNN initial downloadState: 0
09-23 15:14:01.122  3034  3034 D ModelMarketViewModel: Model: gpt-oss-20b-MNN, modelId: HuggingFace/taobao-mnn/gpt-oss-20b-MNN initial downloadState: 0
09-23 15:14:01.123  3034  3034 D ModelMarketViewModel: Model: Qwen3-4B-Thinking-2507-MNN, modelId: HuggingFace/taobao-mnn/Qwen3-4B-Thinking-2507-MNN initial downloadState: 0
09-23 15:14:01.123  3034  3034 D ModelMarketViewModel: Model: Qwen3-4B-Instruct-2507-MNN, modelId: HuggingFace/taobao-mnn/Qwen3-4B-Instruct-2507-MNN initial downloadState: 0
09-23 15:14:01.124  3034  3034 D ModelMarketViewModel: Model: Qwen3-Coder-30B-A3B-Instruct-MNN, modelId: HuggingFace/taobao-mnn/Qwen3-Coder-30B-A3B-Instruct-MNN initial downloadState: 0
09-23 15:14:01.125  3034  3034 D ModelMarketViewModel: Model: Qwen3-30B-A3B-Thinking-2507-MNN, modelId: HuggingFace/taobao-mnn/Qwen3-30B-A3B-Thinking-2507-MNN initial downloadState: 0
09-23 15:14:01.125  3034  3034 D ModelMarketViewModel: Model: Qwen3-30B-A3B-Instruct-2507-MNN, modelId: HuggingFace/taobao-mnn/Qwen3-30B-A3B-Instruct-2507-MNN initial downloadState: 0
09-23 15:14:01.126  3034  3034 D ModelMarketViewModel: Model: Hunyuan-0.5B-Instruct-MNN, modelId: HuggingFace/taobao-mnn/Hunyuan-0.5B-Instruct-MNN initial downloadState: 0
09-23 15:14:01.127  3034  3034 D ModelMarketViewModel: Model: Hunyuan-1.8B-Instruct-MNN, modelId: HuggingFace/taobao-mnn/Hunyuan-1.8B-Instruct-MNN initial downloadState: 0
09-23 15:14:01.127  3034  3034 D ModelMarketViewModel: Model: Hunyuan-4B-Instruct-MNN, modelId: HuggingFace/taobao-mnn/Hunyuan-4B-Instruct-MNN initial downloadState: 0
09-23 15:14:01.128  3034  3034 D ModelMarketViewModel: Model: Hunyuan-7B-Instruct-MNN, modelId: HuggingFace/taobao-mnn/Hunyuan-7B-Instruct-MNN initial downloadState: 0
09-23 15:14:01.129  3034  3034 D ModelMarketViewModel: Model: SmolLM3-3B-MNN, modelId: HuggingFace/taobao-mnn/SmolLM3-3B-MNN initial downloadState: 0
09-23 15:14:01.129  3034  3034 D ModelMarketViewModel: Model: ERNIE-4.5-0.3B-PT-MNN, modelId: HuggingFace/taobao-mnn/ERNIE-4.5-0.3B-PT-MNN initial downloadState: 0
09-23 15:14:01.130  3034  3034 D ModelMarketViewModel: Model: gemma-3-1b-it-qat-q4_0-gguf-MNN, modelId: HuggingFace/taobao-mnn/gemma-3-1b-it-qat-q4_0-gguf-MNN initial downloadState: 0
09-23 15:14:01.131  3034  3034 D ModelMarketViewModel: Model: Qwen3-4B-MNN, modelId: HuggingFace/taobao-mnn/Qwen3-4B-MNN initial downloadState: 0
09-23 15:14:01.131  3034  3034 D ModelMarketViewModel: Model: Qwen3-0.6B-MNN, modelId: HuggingFace/taobao-mnn/Qwen3-0.6B-MNN initial downloadState: 0
09-23 15:14:01.132  3034  3034 D ModelMarketViewModel: Model: Qwen2.5-Omni-3B-MNN, modelId: HuggingFace/taobao-mnn/Qwen2.5-Omni-3B-MNN initial downloadState: 0
09-23 15:14:01.133  3034  3034 D ModelMarketViewModel: Model: Qwen3-1.7B-MNN, modelId: HuggingFace/taobao-mnn/Qwen3-1.7B-MNN initial downloadState: 0
09-23 15:14:01.134  3034  3034 D ModelMarketViewModel: Model: Qwen3-8B-MNN, modelId: HuggingFace/taobao-mnn/Qwen3-8B-MNN initial downloadState: 0
09-23 15:14:01.135  3034  3034 D ModelMarketViewModel: Model: DeepSeek-R1-0528-Qwen3-8B-MNN, modelId: HuggingFace/taobao-mnn/DeepSeek-R1-0528-Qwen3-8B-MNN initial downloadState: 0
09-23 15:14:01.136  3034  3034 D ModelMarketViewModel: Model: Qwen3-30B-A3B-MNN, modelId: HuggingFace/taobao-mnn/Qwen3-30B-A3B-MNN initial downloadState: 0
09-23 15:14:01.137  3034  3034 D ModelMarketViewModel: Model: Qwen2.5-Omni-7B-MNN, modelId: HuggingFace/taobao-mnn/Qwen2.5-Omni-7B-MNN initial downloadState: 0
09-23 15:14:01.138  3034  3034 D ModelMarketViewModel: Model: Qwen3-32B-MNN, modelId: HuggingFace/taobao-mnn/Qwen3-32B-MNN initial downloadState: 0
09-23 15:14:01.139  3034  3034 D ModelMarketViewModel: Model: Qwen3-14B-MNN, modelId: HuggingFace/taobao-mnn/Qwen3-14B-MNN initial downloadState: 0
09-23 15:14:01.140  3034  3034 D ModelMarketViewModel: Model: Qwen2.5-0.5B-Instruct-MNN, modelId: HuggingFace/taobao-mnn/Qwen2.5-0.5B-Instruct-MNN initial downloadState: 0
09-23 15:14:01.141  3034  3034 D ModelMarketViewModel: Model: Qwen2.5-1.5B-Instruct-MNN, modelId: HuggingFace/taobao-mnn/Qwen2.5-1.5B-Instruct-MNN initial downloadState: 0
09-23 15:14:01.142  3034  3034 D ModelMarketViewModel: Model: DeepSeek-R1-1.5B-Qwen-MNN, modelId: HuggingFace/taobao-mnn/DeepSeek-R1-1.5B-Qwen-MNN initial downloadState: 0
09-23 15:14:01.143  3034  3034 D ModelMarketViewModel: Model: gemma-2-2b-it-MNN, modelId: HuggingFace/taobao-mnn/gemma-2-2b-it-MNN initial downloadState: 0
09-23 15:14:01.144  3034  3034 D ModelMarketViewModel: Model: Qwen2.5-7B-Instruct-MNN, modelId: HuggingFace/taobao-mnn/Qwen2.5-7B-Instruct-MNN initial downloadState: 0
09-23 15:14:01.144  3034  3034 D ModelMarketViewModel: Model: Qwen2.5-3B-Instruct-MNN, modelId: HuggingFace/taobao-mnn/Qwen2.5-3B-Instruct-MNN initial downloadState: 0
09-23 15:14:01.145  3034  3034 D ModelMarketViewModel: Model: DeepSeek-R1-7B-Qwen-MNN, modelId: HuggingFace/taobao-mnn/DeepSeek-R1-7B-Qwen-MNN initial downloadState: 0
09-23 15:14:01.146  3034  3034 D ModelMarketViewModel: Model: deepseek-vl-7b-chat-MNN, modelId: HuggingFace/taobao-mnn/deepseek-vl-7b-chat-MNN initial downloadState: 0
09-23 15:14:01.146  3034  3034 D ModelMarketViewModel: Model: deepseek-llm-7b-chat-MNN, modelId: HuggingFace/taobao-mnn/deepseek-llm-7b-chat-MNN initial downloadState: 0
09-23 15:14:01.147  3034  3034 D ModelMarketViewModel: Model: Qwen2.5-VL-3B-Instruct-MNN, modelId: HuggingFace/taobao-mnn/Qwen2.5-VL-3B-Instruct-MNN initial downloadState: 0
09-23 15:14:01.148  3034  3034 D ModelMarketViewModel: Model: SmolVLM2-500M-Video-Instruct-MNN, modelId: HuggingFace/taobao-mnn/SmolVLM2-500M-Video-Instruct-MNN initial downloadState: 0
09-23 15:14:01.149  3034  3034 D ModelMarketViewModel: Model: InternVL2_5-1B-MNN, modelId: HuggingFace/taobao-mnn/InternVL2_5-1B-MNN initial downloadState: 0
09-23 15:14:01.149  3034  3034 D ModelMarketViewModel: Model: Llama-3.2-3B-Instruct-MNN, modelId: HuggingFace/taobao-mnn/Llama-3.2-3B-Instruct-MNN initial downloadState: 0
09-23 15:14:01.150  3034  3034 D ModelMarketViewModel: Model: SmolVLM2-2.2B-Instruct-MNN, modelId: HuggingFace/taobao-mnn/SmolVLM2-2.2B-Instruct-MNN initial downloadState: 0
09-23 15:14:01.151  3034  3034 D ModelMarketViewModel: Model: gemma-2-9b-it-MNN, modelId: HuggingFace/taobao-mnn/gemma-2-9b-it-MNN initial downloadState: 0
09-23 15:14:01.151  3034  3034 D ModelMarketViewModel: Model: SmolVLM2-256M-Video-Instruct-MNN, modelId: HuggingFace/taobao-mnn/SmolVLM2-256M-Video-Instruct-MNN initial downloadState: 0
09-23 15:14:01.152  3034  3034 D ModelMarketViewModel: Model: FastVLM-1.5B-Stage3-MNN, modelId: HuggingFace/taobao-mnn/FastVLM-1.5B-Stage3-MNN initial downloadState: 0
09-23 15:14:01.153  3034  3034 D ModelMarketViewModel: Model: SmolVLM-500M-Instruct-MNN, modelId: HuggingFace/taobao-mnn/SmolVLM-500M-Instruct-MNN initial downloadState: 0
09-23 15:14:01.154  3034  3034 D ModelMarketViewModel: Model: Qwen-VL-Chat-MNN, modelId: HuggingFace/taobao-mnn/Qwen-VL-Chat-MNN initial downloadState: 0
09-23 15:14:01.154  2112  2183 D BatteryChargeControl: bcc get no support from charging protocol
09-23 15:14:01.155  3034  3034 D ModelMarketViewModel: Model: SmolLM2-360M-Instruct-MNN, modelId: HuggingFace/taobao-mnn/SmolLM2-360M-Instruct-MNN initial downloadState: 0
09-23 15:14:01.155  3034  3034 D ModelMarketViewModel: Model: SmolVLM-256M-Instruct-MNN, modelId: HuggingFace/taobao-mnn/SmolVLM-256M-Instruct-MNN initial downloadState: 0
09-23 15:14:01.156  3034  3034 D ModelMarketViewModel: Model: FastVLM-0.5B-Stage3-MNN, modelId: HuggingFace/taobao-mnn/FastVLM-0.5B-Stage3-MNN initial downloadState: 0
09-23 15:14:01.157  3034  3034 D ModelMarketViewModel: Model: Yi-6B-Chat-MNN, modelId: HuggingFace/taobao-mnn/Yi-6B-Chat-MNN initial downloadState: 0
09-23 15:14:01.157  3034  3034 D ModelMarketViewModel: Model: SmolVLM-Instruct-MNN, modelId: HuggingFace/taobao-mnn/SmolVLM-Instruct-MNN initial downloadState: 0
09-23 15:14:01.158  3034  3034 D ModelMarketViewModel: Model: MiMo-7B-RL-MNN, modelId: HuggingFace/taobao-mnn/MiMo-7B-RL-MNN initial downloadState: 0
09-23 15:14:01.159  3034  3034 D ModelMarketViewModel: Model: TinyLlama-1.1B-Chat-MNN, modelId: HuggingFace/taobao-mnn/TinyLlama-1.1B-Chat-MNN initial downloadState: 0
09-23 15:14:01.159  3034  3034 D ModelMarketViewModel: Model: internlm-chat-7b-MNN, modelId: HuggingFace/taobao-mnn/internlm-chat-7b-MNN initial downloadState: 0
09-23 15:14:01.160  3034  3034 D ModelMarketViewModel: Model: Qwen2.5-Math-7B-Instruct-MNN, modelId: HuggingFace/taobao-mnn/Qwen2.5-Math-7B-Instruct-MNN initial downloadState: 0
09-23 15:14:01.161  3034  3034 D ModelMarketViewModel: Model: Qwen2-VL-2B-Instruct-MNN, modelId: HuggingFace/taobao-mnn/Qwen2-VL-2B-Instruct-MNN initial downloadState: 0
09-23 15:14:01.162  3034  3034 D ModelMarketViewModel: Model: FastVLM-0.5B-Stage2-MNN, modelId: HuggingFace/taobao-mnn/FastVLM-0.5B-Stage2-MNN initial downloadState: 0
09-23 15:14:01.162  3034  3034 D ModelMarketViewModel: Model: Qwen2.5-VL-7B-Instruct-MNN, modelId: HuggingFace/taobao-mnn/Qwen2.5-VL-7B-Instruct-MNN initial downloadState: 0
09-23 15:14:01.163  3034  3034 D ModelMarketViewModel: Model: FastVLM-1.5B-Stage2-MNN, modelId: HuggingFace/taobao-mnn/FastVLM-1.5B-Stage2-MNN initial downloadState: 0
09-23 15:14:01.164  3034  3034 D ModelMarketViewModel: Model: DeepSeek-Prover-V2-7B-MNN, modelId: HuggingFace/taobao-mnn/DeepSeek-Prover-V2-7B-MNN initial downloadState: 0
09-23 15:14:01.164  3034  3034 D ModelMarketViewModel: Model: Baichuan2-7B-Chat-MNN, modelId: HuggingFace/taobao-mnn/Baichuan2-7B-Chat-MNN initial downloadState: 0
09-23 15:14:01.165  3034  3034 D ModelMarketViewModel: Model: phi-2-MNN, modelId: HuggingFace/taobao-mnn/phi-2-MNN initial downloadState: 0
09-23 15:14:01.166  3034  3034 D ModelMarketViewModel: Model: MobileLLM-125M-MNN, modelId: HuggingFace/taobao-mnn/MobileLLM-125M-MNN initial downloadState: 0
09-23 15:14:01.167  3034  3034 D ModelMarketViewModel: Model: Llama-2-7b-chat-ms-MNN, modelId: HuggingFace/taobao-mnn/Llama-2-7b-chat-ms-MNN initial downloadState: 0
09-23 15:14:01.167  3034  3034 D ModelMarketViewModel: Model: SmolLM2-135M-Instruct-MNN, modelId: HuggingFace/taobao-mnn/SmolLM2-135M-Instruct-MNN initial downloadState: 0
09-23 15:14:01.168  3034  3034 D ModelMarketViewModel: Model: Qwen-7B-Chat-MNN, modelId: HuggingFace/taobao-mnn/Qwen-7B-Chat-MNN initial downloadState: 0
09-23 15:14:01.169  3034  3034 D ModelMarketViewModel: Model: Llama-3.2-1B-Instruct-MNN, modelId: HuggingFace/taobao-mnn/Llama-3.2-1B-Instruct-MNN initial downloadState: 0
09-23 15:14:01.170  3034  3034 D ModelMarketViewModel: Model: glm-4-9b-chat-MNN, modelId: HuggingFace/taobao-mnn/glm-4-9b-chat-MNN initial downloadState: 0
09-23 15:14:01.171  3034  3034 D ModelMarketViewModel: Model: Qwen2-Audio-7B-Instruct-MNN, modelId: HuggingFace/taobao-mnn/Qwen2-Audio-7B-Instruct-MNN initial downloadState: 0
09-23 15:14:01.172  3034  3034 D ModelMarketViewModel: Model: gemma-7b-it-MNN, modelId: HuggingFace/taobao-mnn/gemma-7b-it-MNN initial downloadState: 0
09-23 15:14:01.173  3034  3034 D ModelMarketViewModel: Model: TinyLlama-1.1B-Chat-v1.0-MNN, modelId: HuggingFace/taobao-mnn/TinyLlama-1.1B-Chat-v1.0-MNN initial downloadState: 0
09-23 15:14:01.173  3034  3034 D ModelMarketViewModel: Model: MobileLLM-1B-MNN, modelId: HuggingFace/taobao-mnn/MobileLLM-1B-MNN initial downloadState: 0
09-23 15:14:01.174  3034  3034 D ModelMarketViewModel: Model: Meta-Llama-3.1-8B-Instruct-MNN, modelId: HuggingFace/taobao-mnn/Meta-Llama-3.1-8B-Instruct-MNN initial downloadState: 0
09-23 15:14:01.175  3034  3034 D ModelMarketViewModel: Model: Qwen2-1.5B-Instruct-MNN, modelId: HuggingFace/taobao-mnn/Qwen2-1.5B-Instruct-MNN initial downloadState: 0
09-23 15:14:01.176  3034  3034 D ModelMarketViewModel: Model: chatglm3-6b-MNN, modelId: HuggingFace/taobao-mnn/chatglm3-6b-MNN initial downloadState: 0
09-23 15:14:01.176  3034  3034 D ModelMarketViewModel: Model: MobileLLM-350M-MNN, modelId: HuggingFace/taobao-mnn/MobileLLM-350M-MNN initial downloadState: 0
09-23 15:14:01.177  3034  3034 D ModelMarketViewModel: Model: SmolLM2-1.7B-Instruct-MNN, modelId: HuggingFace/taobao-mnn/SmolLM2-1.7B-Instruct-MNN initial downloadState: 0
09-23 15:14:01.178  3034  3034 D ModelMarketViewModel: Model: Qwen2.5-Coder-7B-Instruct-MNN, modelId: HuggingFace/taobao-mnn/Qwen2.5-Coder-7B-Instruct-MNN initial downloadState: 0
09-23 15:14:01.178  3034  3034 D ModelMarketViewModel: Model: Qwen2.5-Math-1.5B-Instruct-MNN, modelId: HuggingFace/taobao-mnn/Qwen2.5-Math-1.5B-Instruct-MNN initial downloadState: 0
09-23 15:14:01.179  3034  3034 D ModelMarketViewModel: Model: QwQ-32B-MNN, modelId: HuggingFace/taobao-mnn/QwQ-32B-MNN initial downloadState: 0
09-23 15:14:01.180  3034  3034 D ModelMarketViewModel: Model: Qwen2-0.5B-Instruct-MNN, modelId: HuggingFace/taobao-mnn/Qwen2-0.5B-Instruct-MNN initial downloadState: 0
09-23 15:14:01.180  3034  3034 D ModelMarketViewModel: Model: Meta-Llama-3-8B-Instruct-MNN, modelId: HuggingFace/taobao-mnn/Meta-Llama-3-8B-Instruct-MNN initial downloadState: 0
09-23 15:14:01.181  3034  3034 D ModelMarketViewModel: Model: Qwen2.5-Coder-1.5B-Instruct-MNN, modelId: HuggingFace/taobao-mnn/Qwen2.5-Coder-1.5B-Instruct-MNN initial downloadState: 0
09-23 15:14:01.181  3034  3034 D ModelMarketViewModel: Model: MobileLLM-600M-MNN, modelId: HuggingFace/taobao-mnn/MobileLLM-600M-MNN initial downloadState: 0
09-23 15:14:01.182  3034  3034 D ModelMarketViewModel: Model: Qwen2-VL-7B-Instruct-MNN, modelId: HuggingFace/taobao-mnn/Qwen2-VL-7B-Instruct-MNN initial downloadState: 0
09-23 15:14:01.183  3034  3034 D ModelMarketViewModel: Model: MiMo-7B-SFT-MNN, modelId: HuggingFace/taobao-mnn/MiMo-7B-SFT-MNN initial downloadState: 0
09-23 15:14:01.183  3034  3034 D ModelMarketViewModel: Model: MiMo-7B-RL-Zero-MNN, modelId: HuggingFace/taobao-mnn/MiMo-7B-RL-Zero-MNN initial downloadState: 0
09-23 15:14:01.184  3034  3034 D ModelMarketViewModel: Model: MiMo-7B-Base-MNN, modelId: HuggingFace/taobao-mnn/MiMo-7B-Base-MNN initial downloadState: 0
09-23 15:14:01.185  3034  3034 D ModelMarketViewModel: Model: Qwen2-7B-Instruct-MNN, modelId: HuggingFace/taobao-mnn/Qwen2-7B-Instruct-MNN initial downloadState: 0
09-23 15:14:01.185  3034  3034 D ModelMarketViewModel: Model: gemma-3-4b-it-q4_0-mnn, modelId: HuggingFace/taobao-mnn/gemma-3-4b-it-q4_0-mnn initial downloadState: 0
09-23 15:14:01.186  3034  3034 D ModelMarketViewModel: Model: stable-diffusion-v1-5-mnn-opencl, modelId: HuggingFace/taobao-mnn/stable-diffusion-v1-5-mnn-opencl initial downloadState: 0
09-23 15:14:01.186  3034  3034 D ModelMarketViewModel: allModels: 159 models loaded
09-23 15:14:01.208  2032 28029 I sensors-hal: handle_oplus_wise_rgb_event:191, wise_rgb: (r, g, b, c)[546.00, 595.00, 362.00, 1375.00],(r2,g2,b2,c2)[[0.00, 0.00, 0.00, 0.00], algo:5.0, flag :0
09-23 15:14:01.259  3034  3104 D TagMapper: initializeFromConfig: loaded 18 tag mappings
09-23 15:14:01.260  3034  3104 I ModelRepository: initialize cache/assets ready: version=22, modelCount=164
09-23 15:14:01.260  3034  3104 I ModelRepository: background refresh started: env=prod, url=https://meta.alicdn.com/data/mnn/apis/model_market.json
09-23 15:14:01.261  3034  3105 D ModelListManager$startMarketDataSyncIfNeeded: Market data changed while model list not ready: null -> prod:22
09-23 15:14:01.263  3034  3094 D ModelMarketCache: ModelMarketCache initialized with 164 models
09-23 15:14:01.281  2035 23726 I WifiHAL : event received NL80211_CMD_VENDOR, vendor_id = 0x1374, subcmd = 0xb6
09-23 15:14:01.281  6983 23727 D LOWI-9.0.1.125: [LOWI-Scan] wait_event:Wait done with Cmd 103
09-23 15:14:01.282  6983 23727 D LOWI-9.0.1.125: [LOWI-Scan] do_listen_events: Rcvd valid Netlink Cmd 0 Err 0
09-23 15:14:01.282  2965  2965 I cnss-daemon: nl80211 response handler invoked
09-23 15:14:01.282  2965  2965 I cnss-daemon: nl80211_response_handler: cmd 103, vendorID 4980, subcmd 182  received
09-23 15:14:01.282  1334 24528 I android.system.suspend-service: First holding wakelock name = qms_event_Handler_wakeLock_
09-23 15:14:01.284  3034  3105 D ModelListManager: Processing local model: local//data/local/tmp/mnn_models/Qwen2.5-1.5B-base-q4, configPath: /data/local/tmp/mnn_models/Qwen2.5-1.5B-base-q4/config.json
09-23 15:14:01.289  1334 24528 I android.system.suspend-service: Last release wakelock name = qms_event_Handler_wakeLock_
09-23 15:14:01.289  1334 24528 I android.system.suspend-service: mAutosuspendEnabled=1
09-23 15:14:01.295  3034  3066 D ModelListManager: Processing local model: local//data/local/tmp/mnn_models/Llama-3.2-1B-base-q4, configPath: /data/local/tmp/mnn_models/Llama-3.2-1B-base-q4/config.json
09-23 15:14:01.308  3034  3094 D ModelListManager: Processing local model: local//data/local/tmp/mnn_models/Qwen3-0.6B-base-q4, configPath: /data/local/tmp/mnn_models/Qwen3-0.6B-base-q4/config.json
09-23 15:14:01.320  3034  3104 I ModelRepository: fetchFromNetwork success: url=https://meta.alicdn.com/data/mnn/apis/model_market.json, version=21
09-23 15:14:01.322  3034  3105 D ModelListManager: Processing local model: local//data/local/tmp/mnn_models/Qwen3.5-0.8B-base-q4, configPath: /data/local/tmp/mnn_models/Qwen3.5-0.8B-base-q4/config.json
09-23 15:14:01.328  3034  3066 D ModelListManager: Processing local model: local//data/local/tmp/mnn_models/Qwen2.5-1.5B-base-q4-opencl, configPath: /data/local/tmp/mnn_models/Qwen2.5-1.5B-base-q4-opencl/config.json
09-23 15:14:01.337  3034  3063 D ModelListManager: Processing local model: local//data/local/tmp/mnn_models/qwen2.5-1.5b-mnn-q4-360, configPath: /data/local/tmp/mnn_models/qwen2.5-1.5b-mnn-q4-360/config.json
09-23 15:14:01.347  3034  3064 D ModelListManager: Model properties changed for local//data/local/tmp/mnn_models/qwen2.5-1.5b-mnn-q4-clean
09-23 15:14:01.347  3034  3064 D ModelListManager: Fresh data differs from cache, emitting update (7 models)
09-23 15:14:01.348  3034  3034 D ModelListPresenter: State: Success (7 models, source: FRESH)
09-23 15:14:01.348  3034  3034 D ModelListPresenter: onListAvailable: received 7 modelWrappers
09-23 15:14:01.348  3034  3034 D ModelListPresenter: onListAvailable: calling view.onListAvailable()
09-23 15:14:01.348  3034  3105 D ModelListManager$ModelItemCacheDTO$Companion: ModelItemCacheDTO.from: Model local//data/local/tmp/mnn_models/qwen2.5-1.5b-mnn-q4-clean has no modelMarketItem (will rely on fallback name extraction)
09-23 15:14:01.348  3034  3105 D ModelListManager$ModelItemCacheDTO$Companion: ModelItemCacheDTO.from: INCLUDED - modelId: local//data/local/tmp/mnn_models/qwen2.5-1.5b-mnn-q4-clean, isLocal: true, modelPath: /data/local/tmp/mnn_models/qwen2.5-1.5b-mnn-q4-clean, hasMarketItem: false
09-23 15:14:01.349  3034  3105 D ModelListManager$ModelItemCacheDTO$Companion: ModelItemCacheDTO.from: Model local//data/local/tmp/mnn_models/Qwen2.5-1.5B-base-q4 has no modelMarketItem (will rely on fallback name extraction)
09-23 15:14:01.349  3034  3105 D ModelListManager$ModelItemCacheDTO$Companion: ModelItemCacheDTO.from: INCLUDED - modelId: local//data/local/tmp/mnn_models/Qwen2.5-1.5B-base-q4, isLocal: true, modelPath: /data/local/tmp/mnn_models/Qwen2.5-1.5B-base-q4, hasMarketItem: false
09-23 15:14:01.349  3034  3105 D ModelListManager$ModelItemCacheDTO$Companion: ModelItemCacheDTO.from: Model local//data/local/tmp/mnn_models/Llama-3.2-1B-base-q4 has no modelMarketItem (will rely on fallback name extraction)
09-23 15:14:01.350  3034  3105 D ModelListManager$ModelItemCacheDTO$Companion: ModelItemCacheDTO.from: INCLUDED - modelId: local//data/local/tmp/mnn_models/Llama-3.2-1B-base-q4, isLocal: true, modelPath: /data/local/tmp/mnn_models/Llama-3.2-1B-base-q4, hasMarketItem: false
09-23 15:14:01.350  3034  3105 D ModelListManager$ModelItemCacheDTO$Companion: ModelItemCacheDTO.from: Model local//data/local/tmp/mnn_models/Qwen3-0.6B-base-q4 has no modelMarketItem (will rely on fallback name extraction)
09-23 15:14:01.350  3034  3105 D ModelListManager$ModelItemCacheDTO$Companion: ModelItemCacheDTO.from: INCLUDED - modelId: local//data/local/tmp/mnn_models/Qwen3-0.6B-base-q4, isLocal: true, modelPath: /data/local/tmp/mnn_models/Qwen3-0.6B-base-q4, hasMarketItem: false
09-23 15:14:01.351  3034  3105 D ModelListManager$ModelItemCacheDTO$Companion: ModelItemCacheDTO.from: Model local//data/local/tmp/mnn_models/Qwen3.5-0.8B-base-q4 has no modelMarketItem (will rely on fallback name extraction)
09-23 15:14:01.351  3034  3105 D ModelListManager$ModelItemCacheDTO$Companion: ModelItemCacheDTO.from: INCLUDED - modelId: local//data/local/tmp/mnn_models/Qwen3.5-0.8B-base-q4, isLocal: true, modelPath: /data/local/tmp/mnn_models/Qwen3.5-0.8B-base-q4, hasMarketItem: false
09-23 15:14:01.351  3034  3105 D ModelListManager$ModelItemCacheDTO$Companion: ModelItemCacheDTO.from: Model local//data/local/tmp/mnn_models/Qwen2.5-1.5B-base-q4-opencl has no modelMarketItem (will rely on fallback name extraction)
09-23 15:14:01.351  3034  3105 D ModelListManager$ModelItemCacheDTO$Companion: ModelItemCacheDTO.from: INCLUDED - modelId: local//data/local/tmp/mnn_models/Qwen2.5-1.5B-base-q4-opencl, isLocal: true, modelPath: /data/local/tmp/mnn_models/Qwen2.5-1.5B-base-q4-opencl, hasMarketItem: false
09-23 15:14:01.351  3034  3105 D ModelListManager$ModelItemCacheDTO$Companion: ModelItemCacheDTO.from: Model local//data/local/tmp/mnn_models/qwen2.5-1.5b-mnn-q4-360 has no modelMarketItem (will rely on fallback name extraction)
09-23 15:14:01.351  3034  3105 D ModelListManager$ModelItemCacheDTO$Companion: ModelItemCacheDTO.from: INCLUDED - modelId: local//data/local/tmp/mnn_models/qwen2.5-1.5b-mnn-q4-360, isLocal: true, modelPath: /data/local/tmp/mnn_models/qwen2.5-1.5b-mnn-q4-360, hasMarketItem: false
09-23 15:14:01.356  3034  3066 D ModelListManager: ModelListManager initialization complete
09-23 15:14:01.466  3034  3104 D TagMapper: initializeFromConfig: loaded 18 tag mappings
09-23 15:14:01.466  3034  3104 I ModelRepository: background refresh applied: version=22, modelCount=164
09-23 15:14:01.532  2032 28029 I sensors-hal: handle_oplus_wise_rgb_event:191, wise_rgb: (r, g, b, c)[543.00, 594.00, 360.00, 1369.00],(r2,g2,b2,c2)[[0.00, 0.00, 0.00, 0.00], algo:5.0, flag :0
09-23 15:14:01.660 23395 23421 I APS_ALOG: flushRoutine g_immediateFlush=0 g_pendingCount=0 g_oobCount=0 asan-debug7
09-23 15:14:01.857  2032 28029 I sensors-hal: handle_oplus_wise_rgb_event:191, wise_rgb: (r, g, b, c)[547.00, 596.00, 361.00, 1378.00],(r2,g2,b2,c2)[[0.00, 0.00, 0.00, 0.00], algo:5.0, flag :0
09-23 15:14:02.155  2112  2183 D BatteryChargeControl: bcc get no support from charging protocol
09-23 15:14:02.182  2032 28029 I sensors-hal: handle_oplus_wise_rgb_event:191, wise_rgb: (r, g, b, c)[544.00, 593.00, 359.00, 1373.00],(r2,g2,b2,c2)[[0.00, 0.00, 0.00, 0.00], algo:5.0, flag :0
09-23 15:14:02.507  2032 28029 I sensors-hal: handle_oplus_wise_rgb_event:191, wise_rgb: (r, g, b, c)[543.00, 593.00, 360.00, 1369.00],(r2,g2,b2,c2)[[0.00, 0.00, 0.00, 0.00], algo:5.0, flag :0
09-23 15:14:02.507  2032 28029 I sensors-hal: handle_oplus_wise_rgb_event:217, high_pwm_light:lux 71.2,cct 1092138.0,brl/algo/ir 0.0/5.0/0.0,pwm/dc 0.0/0.0,rgbc 543.000000/593.000000/360.000000/1369.000000,ts 520111599557808,cnt 48820,flag 0
09-23 15:14:02.507  3833  4659 W OPLUS_LOG_LOAD: ==LOGS PROG INFO, prog(system_server) ==
09-23 15:14:02.507  3833  4659 D FusionLightNextGen: process end reported = 1, mode: 0, cnt: 7055, lux 51.4, cct -1.0, r/g/b/c: 543.0/593.0/360.0/1369.0, R/G/B: -1.0/-1.0/-1.0, bri 0.0, match 0.00, ir 0.657021, conf 0.0, ts 520111599557808
09-23 15:14:02.831  2032 28029 I sensors-hal: handle_oplus_wise_rgb_event:191, wise_rgb: (r, g, b, c)[546.00, 597.00, 362.00, 1378.00],(r2,g2,b2,c2)[[0.00, 0.00, 0.00, 0.00], algo:5.0, flag :0
09-23 15:14:02.851  2072 29069 V Codec2-DumpInput: [processLoop:L764][c2.qti.hevc.decoder_136]QueueRead[0] empty, waiting buffer.
09-23 15:14:03.155  2112  2183 D BatteryChargeControl: bcc get no support from charging protocol
09-23 15:14:03.156  2032 28029 I sensors-hal: handle_oplus_wise_rgb_event:191, wise_rgb: (r, g, b, c)[550.00, 601.00, 364.00, 1387.00],(r2,g2,b2,c2)[[0.00, 0.00, 0.00, 0.00], algo:5.0, flag :0
09-23 15:14:03.481  2032 28029 I sensors-hal: handle_oplus_wise_rgb_event:191, wise_rgb: (r, g, b, c)[548.00, 600.00, 364.00, 1384.00],(r2,g2,b2,c2)[[0.00, 0.00, 0.00, 0.00], algo:5.0, flag :0
09-23 15:14:03.500  3833  7186 I ActivityManager: Broadcasting: Intent { act=com.mnnllmchat.RUN_PROMPT flg=0x400000 cmp=com.alibaba.mnnllm.android/.benchmark.headless.BenchmarkHeadlessReceiver (has extras) }
09-23 15:14:03.505  3833  7186 I ActivityManager: Enqueued broadcast Intent { act=com.mnnllmchat.RUN_PROMPT flg=0x400000 cmp=com.alibaba.mnnllm.android/.benchmark.headless.BenchmarkHeadlessReceiver (has extras) }: 0
09-23 15:14:03.514  3034  3034 I BenchmarkHeadlessReceiver: Received RUN_PROMPT run_id=run_1_1790201643091 model_path=/data/local/tmp/mnn_models/Qwen2.5-1.5B-base-q4-opencl max_tokens=4096 top_k=null top_p=null min_p=null backend_type=opencl
09-23 15:14:03.518  3833  5898 D CompatChangeReporter: Compat change id reported: 311208749; UID 10369; state: ENABLED
09-23 15:14:03.519  3833  5898 I ActivityManager: Background started FGS: Allowed [callingPackage: com.alibaba.mnnllm.android; callingUid: 10369; uidState: RCVR; uidBFSL: n/a; intent: Intent { xflg=0x4 cmp=com.alibaba.mnnllm.android/.benchmark.headless.HeadlessBenchmarkService (has extras) mCallingUid=10369 }; code:ACTIVITY_STARTER; tempAllowListReason:<,reasonCode:SYSTEM_ALLOW_LISTED,duration:9223372036854775807,callingUid:-1>; allowWiu:52; targetSdkVersion:35; callerTargetSdkVersion:35; startForegroundCount:0; bindFromPackage:null: isBindService:false]
09-23 15:14:03.519  3833  5898 D CompatChangeReporter: Compat change id reported: 311208629; UID 10369; state: ENABLED
09-23 15:14:03.526  3833  4808 I ActivityManager: Broadcast completed: result=0
09-23 15:14:03.528  5753 12673 I ConferenceScene: onForegroundServiceStateChanged 3034 10369 0 fg_stateMachinesuid is null
09-23 15:14:03.531  5261  6780 V OsAgent : broadcastSystemEvent - 7
09-23 15:14:03.541  3833  7186 D CompatChangeReporter: Compat change id reported: 296558535; UID 10369; state: ENABLED
09-23 15:14:03.541  3833  7186 D CompatChangeReporter: Compat change id reported: 317799821; UID 10369; state: ENABLED
09-23 15:14:03.542  3833  7186 D CompatChangeReporter: Compat change id reported: 313677553; UID 10369; state: ENABLED
09-23 15:14:03.543  3833  7186 I ActivityManager: Background started FGS: Allowed [callingPackage: com.alibaba.mnnllm.android; callingUid: 10369; uidState: FGS ; uidBFSL: [BFSL]; intent: Intent { cmp=com.alibaba.mnnllm.android/.benchmark.headless.HeadlessBenchmarkService mCallingUid=10369 }; code:ACTIVITY_STARTER; tempAllowListReason:<,reasonCode:SYSTEM_ALLOW_LISTED,duration:9223372036854775807,callingUid:-1>; allowWiu:52; targetSdkVersion:35; callerTargetSdkVersion:35; startForegroundCount:0; bindFromPackage:null: isBindService:false]
09-23 15:14:03.544  3833  7186 W ForegroundServiceTypeLoggerModule: Foreground service start for UID: 10369 does not have any types
09-23 15:14:03.546  5344 16291 I SystemUi--QuickSettings: OplusFgsManagerController-->onForegroundStateChanged: com.alibaba.mnnllm.android 0 true 0
09-23 15:14:03.549  5753 12673 I ConferenceScene: onForegroundServiceStateChanged 3034 10369 1 fg_stateMachinesuid is null
09-23 15:14:03.551  1334 24738 I android.system.suspend-service: First holding wakelock name = PowerManagerService.WakeLocks
09-23 15:14:03.553  3833  4014 D NotificationService--OplusNotificationFixHelper: fixAppIcon: pkg=com.alibaba.mnnllm.android
09-23 15:14:03.553  3833  4014 D NotificationService--OplusNotificationFixHelper: fixAppIcon: appIcon = null, pkg = com.alibaba.mnnllm.android
09-23 15:14:03.554  1334 24738 I android.system.suspend-service: Last release wakelock name = PowerManagerService.WakeLocks
09-23 15:14:03.554  1334 24738 I android.system.suspend-service: mAutosuspendEnabled=1
09-23 15:14:03.555  5344 16291 I SystemUi--QuickSettings: OplusFgsManagerController-->onForegroundStateChanged numPackagesAfter: 1
09-23 15:14:03.555  5344  5684 I SystemUi--QuickSettings: OplusSeparateQSPrivacyManager-->onNumberOfPackagesChanged numPackages 1
09-23 15:14:03.574  2965  2965 I cnss-daemon: nl80211 response handler invoked
09-23 15:14:03.574  2965  2965 I cnss-daemon: nl80211_response_handler: cmd 103, vendorID 4980, subcmd 182  received
09-23 15:14:03.575  6983 23727 D LOWI-9.0.1.125: [LOWI-Scan] wait_event:Wait done with Cmd 103
09-23 15:14:03.576  6983 23727 D LOWI-9.0.1.125: [LOWI-Scan] do_listen_events: Rcvd valid Netlink Cmd 0 Err 0
09-23 15:14:03.579  3034  3104 D ThermalSampler: discovered 60 thermal zones; cpu=/sys/class/thermal/thermal_zone0/temp, skin=not found
09-23 15:14:03.579  2035 23726 I WifiHAL : event received NL80211_CMD_VENDOR, vendor_id = 0x1374, subcmd = 0xb6
09-23 15:14:03.579  1334 24738 I android.system.suspend-service: First holding wakelock name = qms_event_Handler_wakeLock_
09-23 15:14:03.585  3034  3104 D MemoryMonitor: Current PSS: 332404KB, Max PSS: 332404KB
09-23 15:14:03.586  3034  3104 I BenchmarkHeadless: run_id=run_1_1790201643091 SAMPLER_OVERRIDE_TOP_K=default SAMPLER_OVERRIDE_TOP_P=default SAMPLER_OVERRIDE_MIN_P=default
09-23 15:14:03.586  3034  3104 I BenchmarkHeadless: run_id=run_1_1790201643091 BACKEND_TYPE_OVERRIDE=opencl
09-23 15:14:03.587  3034  3493 D MemoryMonitor: Current PSS: 332532KB, Max PSS: 332532KB
09-23 15:14:03.589  1334 24738 I android.system.suspend-service: Last release wakelock name = qms_event_Handler_wakeLock_
09-23 15:14:03.589  1334 24738 I android.system.suspend-service: mAutosuspendEnabled=1
09-23 15:14:03.589  3034  3104 D LlmSession: MNN_DEBUG load begin modelId: headless//data/local/tmp/mnn_models/Qwen2.5-1.5B-base-q4-opencl backend: opencl
09-23 15:14:03.591  3034  3104 D LlmSession: Checking for split files in model directory: /data/local/tmp/mnn_models/Qwen2.5-1.5B-base-q4-opencl
09-23 15:14:03.592  3034  3104 D LlmSession: No split files found for model: headless//data/local/tmp/mnn_models/Qwen2.5-1.5B-base-q4-opencl
09-23 15:14:03.625  3034  3104 D LlmSession: MNN_DEBUG load initNative
09-23 15:14:03.628  2112  2165 D vendor.oplus.hardware.charger-V10-service: parallel fold conf file parse fail parallel_fold_state 2
09-23 15:14:03.628  2112  2165 D vendor.oplus.hardware.charger-V10-service: scale_chg Start!!!
09-23 15:14:03.628  2112  2165 D vendor.oplus.hardware.charger-V10-service: [0, 0, 3]
09-23 15:14:03.628  2112  2165 D vendor.oplus.hardware.charger-V10-service: [0, 2, 10]
09-23 15:14:03.628  2112  2165 D vendor.oplus.hardware.charger-V10-service: [0, 1, 3]
09-23 15:14:03.628  2112  2165 D vendor.oplus.hardware.charger-V10-service: [0, 3, 4]
09-23 15:14:03.628  2112  2165 D vendor.oplus.hardware.charger-V10-service: [0, 4, 4]
09-23 15:14:03.628  2112  2165 D vendor.oplus.hardware.charger-V10-service: [0, 5, 3]
09-23 15:14:03.628  2112  2165 D vendor.oplus.hardware.charger-V10-service: [0, 6, 10]
09-23 15:14:03.628  2112  2165 D vendor.oplus.hardware.charger-V10-service: scale_chg Start!!!
09-23 15:14:03.628  2112  2165 D vendor.oplus.hardware.charger-V10-service: [0, 0, 3]
09-23 15:14:03.628  2112  2165 D vendor.oplus.hardware.charger-V10-service: [0, 2, 10]
09-23 15:14:03.628  2112  2165 D vendor.oplus.hardware.charger-V10-service: [0, 1, 3]
09-23 15:14:03.628  2112  2165 D vendor.oplus.hardware.charger-V10-service: [0, 3, 4]
09-23 15:14:03.628  2112  2165 D vendor.oplus.hardware.charger-V10-service: [0, 4, 4]
09-23 15:14:03.628  2112  2165 D vendor.oplus.hardware.charger-V10-service: [0, 5, 3]
09-23 15:14:03.628  2112  2165 D vendor.oplus.hardware.charger-V10-service: [0, 6, 10]
09-23 15:14:03.631  3034  3104 D MNN_DEBUG: createLLM BeginLoad /data/local/tmp/mnn_models/Qwen2.5-1.5B-base-q4-opencl/config.json
09-23 15:14:03.635  3034  3104 W libc    : Access denied finding property "ro.hardware.chipname"
09-23 15:14:03.636  3034  3104 D MNN_DEBUG: extra_config: {"backend_type":"opencl","llm_model":"llm.mnn","llm_weight":"llm.mnn.weight","memory":"high","n_gram":8,"ngram_factor":1.0,"precision":"high","sampler_type":"mixed","temperature":0.8,"thread_num":4,"typical":0.95,"use_mmap":false}
09-23 15:14:03.639  3034  3104 D MNN_DEBUG: dumped config: {"llm_model":"llm.mnn","llm_weight":"llm.mnn.weight","backend_type":"opencl","thread_num":4,"precision":"high","memory":"high","sampler_type":"mixed","temperature":0.8,"top_k":40,"top_p":0.9,"min_p":0.05,"tfs_z":1.0,"typical":0.95,"repetition_penalty":1.0,"presence_penalty":0.0,"frequency_penalty":0.0,"penalty_window":0,"n_gram":8,"ngram_factor":1.0,"tokenizer_file":"tokenizer.mtok","model_type":"qwen2","hidden_size":1536,"layer_nums":28,"attention_mask":"float","attention_type":"full","is_mrope":false,"attn_scale":0.08838834764831845,"jinja":{"chat_template":"{%- if tools %}\n    {{- '<|im_start|>system\\n' }}\n    {%- if messages[0]['role'] == 'system' %}\n        {{- messages[0]['content'] }}\n    {%- else %}\n        {{- 'You are a helpful assistant.' }}\n    {%- endif %}\n    {{- \"\\n\\n# Tools\\n\\nYou may call one or more functions to assist with the user query.\\n\\nYou are provided with function signatures within <tools></tools> XML tags:\\n<tools>\" }}\n    {%- for tool in tools %}\
09-23 15:14:03.642  3034  3104 D colorx  : I can't find colorx layer , let's enumerate colorx layers first.
09-23 15:14:03.642  3034  3104 I AdrenoVK-0: Vulkan was asked to load OpenCL
09-23 15:14:03.643  3034  3104 I AdrenoVK-0: Vulkan loaded OpenCL driver
09-23 15:14:03.668  3034  3104 I MNN_LLM_ACTUAL_BACKEND: requested=3(opencl) actual=3(opencl)
09-23 15:14:03.805  2032 28029 I sensors-hal: handle_oplus_wise_rgb_event:191, wise_rgb: (r, g, b, c)[545.00, 595.00, 362.00, 1375.00],(r2,g2,b2,c2)[[0.00, 0.00, 0.00, 0.00], algo:5.0, flag :0
09-23 15:14:03.846  5109  6681 I Athena  : EmJail: remove died proc: 2026/09/23 15:07:49, ab_flag=proc_mem_limit, leak_type=gpu_limit, delayHandleFlag=false, status=confirm, pid=32658, uid=10369, proc=com.alibaba.mnnllm.android, pkg=com.alibaba.mnnllm.android, comm=.mnnllm.android, duration=0|2, reportCnt=1, becameNormal=false, becameNormalCnt=0, p_type=JAVA, front=Y, bit32=N, rss=6164, pss=6139, opss=6172, ion=0, gpu=5927, vss=16290, shmem=0, dalvikAlloc=25, dalvik=14, native=76, anon=67, file=6029, swap=169, dalvikMax=0, rss_t=4096, pss_t=3072, gpu_t=2048, ion_t=2048, shmem_t=2048, vss_t=-1, tla_growth_min=3, tlaDelta=70, tla_q=[-], lla_count=0, lla_q=[rss#6169, gpu#5927, ion#0, shmem#0], dla_q=[-], ab_id=14321610136285, dumpFileTimeoutList=null, timeStamps=null, fineDump=0
09-23 15:14:03.999  2112  2180 D vendor.oplus.hardware.charger-V10-service: ret_value:167, read content:,280,280,4484,4483,0,100,100,1,9,1048704,187,5221,100,0,4530,500,2000,0,0,3500,0,0,1,0,2,1,0,0,4,7763,100,7158,6190,6190,0,0,0,0,0,101,100.00,100,100.00,94.54,100.00,
09-23 15:14:03.999  2112  2180 D vendor.oplus.hardware.charger-V10-service: gmtime: 2026-09-23-15-14-03
09-23 15:14:04.000  2112  2180 D vendor.oplus.hardware.charger-V10-service: usb_online:1, ac_online:-2147483648, wireless_online:0
09-23 15:14:04.129  2032 28029 I sensors-hal: handle_oplus_wise_rgb_event:191, wise_rgb: (r, g, b, c)[542.00, 592.00, 358.00, 1365.00],(r2,g2,b2,c2)[[0.00, 0.00, 0.00, 0.00], algo:5.0, flag :0
09-23 15:14:04.130  3833  4659 D FusionLightNextGen: process end reported = 1, mode: 0, cnt: 7060, lux 51.3, cct -1.0, r/g/b/c: 542.0/592.0/358.0/1365.0, R/G/B: -1.0/-1.0/-1.0, bri 0.0, match 0.00, ir 0.656871, conf 0.0, ts 520113223009266
09-23 15:14:04.156  2112  2183 D BatteryChargeControl: bcc get no support from charging protocol
09-23 15:14:04.340  3833  4014 D ProcessCpuTrackerExtImpl: mContext is already set, return now! 
09-23 15:14:04.454  2032 28029 I sensors-hal: handle_oplus_wise_rgb_event:191, wise_rgb: (r, g, b, c)[541.00, 591.00, 360.00, 1363.00],(r2,g2,b2,c2)[[0.00, 0.00, 0.00, 0.00], algo:5.0, flag :0
09-23 15:14:04.588  3034  3493 D MemoryMonitor: Current PSS: 937156KB, Max PSS: 937156KB
09-23 15:14:04.778  2032 28029 I sensors-hal: handle_oplus_wise_rgb_event:191, wise_rgb: (r, g, b, c)[541.00, 590.00, 357.00, 1365.00],(r2,g2,b2,c2)[[0.00, 0.00, 0.00, 0.00], algo:5.0, flag :0
09-23 15:14:05.003  1334 24738 I android.system.suspend-service: First holding wakelock name = qms_event_Handler_wakeLock_
09-23 15:14:05.004  1334 24738 I android.system.suspend-service: Last release wakelock name = qms_event_Handler_wakeLock_
09-23 15:14:05.004  1334 24738 I android.system.suspend-service: mAutosuspendEnabled=1
09-23 15:14:05.102  2032 28029 I sensors-hal: handle_oplus_wise_rgb_event:191, wise_rgb: (r, g, b, c)[542.00, 591.00, 359.00, 1365.00],(r2,g2,b2,c2)[[0.00, 0.00, 0.00, 0.00], algo:5.0, flag :0
09-23 15:14:05.156  2112  2183 D BatteryChargeControl: bcc get no support from charging protocol
09-23 15:14:05.189  7776  9897 D ShellSubscriberWorkerThread: the first 8 bytes empty, and RestData length > 8 
09-23 15:14:05.426  2032 28029 I sensors-hal: handle_oplus_wise_rgb_event:191, wise_rgb: (r, g, b, c)[542.00, 589.00, 358.00, 1362.00],(r2,g2,b2,c2)[[0.00, 0.00, 0.00, 0.00], algo:5.0, flag :0
09-23 15:14:05.588  3034  3493 D MemoryMonitor: Current PSS: 1743428KB, Max PSS: 1743428KB
09-23 15:14:05.621  2965  2965 I cnss-daemon: nl80211 response handler invoked
09-23 15:14:05.622  2965  2965 I cnss-daemon: nl80211_response_handler: cmd 103, vendorID 4980, subcmd 182  received
09-23 15:14:05.622  2035 23726 I WifiHAL : event received NL80211_CMD_VENDOR, vendor_id = 0x1374, subcmd = 0xb6
09-23 15:14:05.622  1334 21489 I android.system.suspend-service: First holding wakelock name = qms_event_Handler_wakeLock_
09-23 15:14:05.623  6983 23727 D LOWI-9.0.1.125: [LOWI-Scan] wait_event:Wait done with Cmd 103
09-23 15:14:05.623  6983 23727 D LOWI-9.0.1.125: [LOWI-Scan] do_listen_events: Rcvd valid Netlink Cmd 0 Err 0
09-23 15:14:05.629  1334 21489 I android.system.suspend-service: Last release wakelock name = qms_event_Handler_wakeLock_
09-23 15:14:05.629  1334 21489 I android.system.suspend-service: mAutosuspendEnabled=1
09-23 15:14:05.750  2032 28029 I sensors-hal: handle_oplus_wise_rgb_event:191, wise_rgb: (r, g, b, c)[540.00, 589.00, 358.00, 1361.00],(r2,g2,b2,c2)[[0.00, 0.00, 0.00, 0.00], algo:5.0, flag :0
09-23 15:14:05.750  2032 28029 I sensors-hal: handle_oplus_wise_rgb_event:217, high_pwm_light:lux 70.7,cct 1109300.6,brl/algo/ir 0.0/5.0/0.0,pwm/dc 0.0/0.0,rgbc 540.000000/589.000000/358.000000/1361.000000,ts 520114844260516,cnt 48830,flag 0
09-23 15:14:05.751  3833  4659 D FusionLightNextGen: process end reported = 1, mode: 0, cnt: 7065, lux 51.0, cct -1.0, r/g/b/c: 540.0/589.0/358.0/1361.0, R/G/B: -1.0/-1.0/-1.0, bri 0.0, match 0.00, ir 0.657042, conf 0.0, ts 520114844260516
09-23 15:14:05.902  3034  3517 D ProfileInstaller: Installing profile for com.alibaba.mnnllm.android
09-23 15:14:06.075  2032 28029 I sensors-hal: handle_oplus_wise_rgb_event:191, wise_rgb: (r, g, b, c)[538.00, 588.00, 357.00, 1363.00],(r2,g2,b2,c2)[[0.00, 0.00, 0.00, 0.00], algo:5.0, flag :0
09-23 15:14:06.157  2112  2183 D BatteryChargeControl: bcc get no support from charging protocol
09-23 15:14:06.399  2032 28029 I sensors-hal: handle_oplus_wise_rgb_event:191, wise_rgb: (r, g, b, c)[540.00, 589.00, 357.00, 1362.00],(r2,g2,b2,c2)[[0.00, 0.00, 0.00, 0.00], algo:5.0, flag :0
09-23 15:14:06.589  3034  3493 D MemoryMonitor: Current PSS: 2548884KB, Max PSS: 2548884KB
09-23 15:14:06.661 23395 23421 W OPLUS_LOG_LOAD: ==LOGS PROG INFO, prog(com.oplus.camera) ==
09-23 15:14:06.661 23395 23421 I APS_ALOG: flushRoutine g_immediateFlush=0 g_pendingCount=0 g_oobCount=0 asan-debug7
09-23 15:14:06.724  2032 28029 I sensors-hal: handle_oplus_wise_rgb_event:191, wise_rgb: (r, g, b, c)[538.00, 588.00, 357.00, 1361.00],(r2,g2,b2,c2)[[0.00, 0.00, 0.00, 0.00], algo:5.0, flag :0
09-23 15:14:07.047  2032 28029 I sensors-hal: handle_oplus_wise_rgb_event:191, wise_rgb: (r, g, b, c)[540.00, 589.00, 358.00, 1362.00],(r2,g2,b2,c2)[[0.00, 0.00, 0.00, 0.00], algo:5.0, flag :0
09-23 15:14:07.158  2112  2183 D BatteryChargeControl: bcc get no support from charging protocol
09-23 15:14:07.211  3833  5195 I Osense-PsiDetector: 6670,505,6540,8704,25,734,2806,1450,3988,2032,1881,0,16,7548
09-23 15:14:07.212  3833  5183 I Osense-BaseDecisionMaker: notifySceneToAthenaPolicy: SCENE_RES_MEM_PSI_NORMAL, bundle: Bundle[{memLevel=3}]
09-23 15:14:07.215 22223 22235 I metis_v2_OsenseCallBack: memLevel: 3 [Metis|com.oplus.metis|2.0.20-aa39d14]
09-23 15:14:07.217  3833  4503 D CompressAction: set affinity failed.
09-23 15:14:07.219  3833  4503 E OsenseCommonUtils: write /dev/memcg/memory.force_shrink_file failed
09-23 15:14:07.219  3833  4503 E OsenseCommonUtils: java.io.IOException: write failed: EBUSY (Device or resource busy)
09-23 15:14:07.219  3833  4503 E OsenseCommonUtils: 	at libcore.io.IoBridge.write(IoBridge.java:651)
09-23 15:14:07.219  3833  4503 E OsenseCommonUtils: 	at java.io.FileOutputStream.write(FileOutputStream.java:436)
09-23 15:14:07.219  3833  4503 E OsenseCommonUtils: 	at sun.nio.cs.StreamEncoder.writeBytes(StreamEncoder.java:233)
09-23 15:14:07.219  3833  4503 E OsenseCommonUtils: 	at sun.nio.cs.StreamEncoder.implFlushBuffer(StreamEncoder.java:309)
09-23 15:14:07.219  3833  4503 E OsenseCommonUtils: 	at sun.nio.cs.StreamEncoder.implFlush(StreamEncoder.java:313)
09-23 15:14:07.219  3833  4503 E OsenseCommonUtils: 	at sun.nio.cs.StreamEncoder.flush(StreamEncoder.java:153)
09-23 15:14:07.219  3833  4503 E OsenseCommonUtils: 	at java.io.OutputStreamWriter.flush(OutputStreamWriter.java:248)
09-23 15:14:07.219  3833  4503 E OsenseCommonUtils: 	at com.android.server.oplus.osense.utils.OsenseCommonUtils.writeFile(OsenseCommonUtils.java:154)
09-23 15:14:07.219  3833  4503 E OsenseCommonUtils: 	at com.android.server.am.OplusOsenseCompressAction.doGlobalShrink(OplusOsenseCompressAction.java:1886)
09-23 15:14:07.219  3833  4503 E OsenseCommonUtils: 	at com.android.server.am.OplusOsenseCompressAction.-$$Nest$mdoGlobalShrink(Unknown Source:0)
09-23 15:14:07.219  3833  4503 E OsenseCommonUtils: 	at com.android.server.am.OplusOsenseCompressAction$CompressHandler.handleMessage(OplusOsenseCompressAction.java:1334)
09-23 15:14:07.219  3833  4503 E OsenseCommonUtils: 	at android.os.Handler.dispatchMessage(Handler.java:115)
09-23 15:14:07.219  3833  4503 E OsenseCommonUtils: 	at android.os.Looper.loopOnce(Looper.java:298)
09-23 15:14:07.219  3833  4503 E OsenseCommonUtils: 	at android.os.Looper.loop(Looper.java:408)
09-23 15:14:07.219  3833  4503 E OsenseCommonUtils: 	at android.os.HandlerThread.run(HandlerThread.java:85)
09-23 15:14:07.219  3833  4503 E OsenseCommonUtils: Caused by: android.system.ErrnoException: write failed: EBUSY (Device or resource busy)
09-23 15:14:07.219  3833  4503 E OsenseCommonUtils: 	at libcore.io.Linux.writeBytes(Native Method)
09-23 15:14:07.219  3833  4503 E OsenseCommonUtils: 	at libcore.io.Linux.write(Linux.java:336)
09-23 15:14:07.219  3833  4503 E OsenseCommonUtils: 	at libcore.io.ForwardingOs.write(ForwardingOs.java:948)
09-23 15:14:07.219  3833  4503 E OsenseCommonUtils: 	at libcore.io.BlockGuardOs.write(BlockGuardOs.java:448)
09-23 15:14:07.219  3833  4503 E OsenseCommonUtils: 	at libcore.io.IoBridge.write(IoBridge.java:646)
09-23 15:14:07.219  3833  4503 E OsenseCommonUtils: 	... 14 more
09-23 15:14:07.371  2032 28029 I sensors-hal: handle_oplus_wise_rgb_event:191, wise_rgb: (r, g, b, c)[540.00, 588.00, 356.00, 1364.00],(r2,g2,b2,c2)[[0.00, 0.00, 0.00, 0.00], algo:5.0, flag :0
09-23 15:14:07.371  3833  4659 D FusionLightNextGen: process end reported = 1, mode: 0, cnt: 7070, lux 50.7, cct -1.0, r/g/b/c: 540.0/588.0/356.0/1364.0, R/G/B: -1.0/-1.0/-1.0, bri 0.0, match 0.00, ir 0.658331, conf 0.0, ts 520116464769683
09-23 15:14:07.414  7337 11175 D gaia-GaiaConnectChecker: start connect check++
09-23 15:14:07.589  3034  3493 D MemoryMonitor: Current PSS: 3334420KB, Max PSS: 3334420KB
09-23 15:14:07.695  2032 28029 I sensors-hal: handle_oplus_wise_rgb_event:191, wise_rgb: (r, g, b, c)[540.00, 589.00, 357.00, 1363.00],(r2,g2,b2,c2)[[0.00, 0.00, 0.00, 0.00], algo:5.0, flag :0
09-23 15:14:07.730  1145  1145 E lowmemorykiller: device memory 1598844 free 91231 file 1000147
09-23 15:14:07.731  3833  5195 I Osense-PsiDetector: 6245,371,6540,8704,25,734,3236,1450,3981,2044,1862,0,16,7548
09-23 15:14:07.733  3833  4503 D CompressAction: set affinity failed.
09-23 15:14:07.734  3833  4503 E OsenseCommonUtils: write /dev/memcg/memory.force_shrink_file failed
09-23 15:14:07.734  3833  4503 E OsenseCommonUtils: java.io.IOException: write failed: EBUSY (Device or resource busy)
09-23 15:14:07.734  3833  4503 E OsenseCommonUtils: 	at libcore.io.IoBridge.write(IoBridge.java:651)
09-23 15:14:07.734  3833  4503 E OsenseCommonUtils: 	at java.io.FileOutputStream.write(FileOutputStream.java:436)
09-23 15:14:07.734  3833  4503 E OsenseCommonUtils: 	at sun.nio.cs.StreamEncoder.writeBytes(StreamEncoder.java:233)
09-23 15:14:07.734  3833  4503 E OsenseCommonUtils: 	at sun.nio.cs.StreamEncoder.implFlushBuffer(StreamEncoder.java:309)
09-23 15:14:07.734  3833  4503 E OsenseCommonUtils: 	at sun.nio.cs.StreamEncoder.implFlush(StreamEncoder.java:313)
09-23 15:14:07.734  3833  4503 E OsenseCommonUtils: 	at sun.nio.cs.StreamEncoder.flush(StreamEncoder.java:153)
09-23 15:14:07.734  3833  4503 E OsenseCommonUtils: 	at java.io.OutputStreamWriter.flush(OutputStreamWriter.java:248)
09-23 15:14:07.734  3833  4503 E OsenseCommonUtils: 	at com.android.server.oplus.osense.utils.OsenseCommonUtils.writeFile(OsenseCommonUtils.java:154)
09-23 15:14:07.734  3833  4503 E OsenseCommonUtils: 	at com.android.server.am.OplusOsenseCompressAction.doGlobalShrink(OplusOsenseCompressAction.java:1886)
09-23 15:14:07.734  3833  4503 E OsenseCommonUtils: 	at com.android.server.am.OplusOsenseCompressAction.-$$Nest$mdoGlobalShrink(Unknown Source:0)
09-23 15:14:07.734  3833  4503 E OsenseCommonUtils: 	at com.android.server.am.OplusOsenseCompressAction$CompressHandler.handleMessage(OplusOsenseCompressAction.java:1334)
09-23 15:14:07.734  3833  4503 E OsenseCommonUtils: 	at android.os.Handler.dispatchMessage(Handler.java:115)
09-23 15:14:07.734  3833  4503 E OsenseCommonUtils: 	at android.os.Looper.loopOnce(Looper.java:298)
09-23 15:14:07.734  3833  4503 E OsenseCommonUtils: 	at android.os.Looper.loop(Looper.java:408)
09-23 15:14:07.734  3833  4503 E OsenseCommonUtils: 	at android.os.HandlerThread.run(HandlerThread.java:85)
09-23 15:14:07.734  3833  4503 E OsenseCommonUtils: Caused by: android.system.ErrnoException: write failed: EBUSY (Device or resource busy)
09-23 15:14:07.734  3833  4503 E OsenseCommonUtils: 	at libcore.io.Linux.writeBytes(Native Method)
09-23 15:14:07.734  3833  4503 E OsenseCommonUtils: 	at libcore.io.Linux.write(Linux.java:336)
09-23 15:14:07.734  3833  4503 E OsenseCommonUtils: 	at libcore.io.ForwardingOs.write(ForwardingOs.java:948)
09-23 15:14:07.734  3833  4503 E OsenseCommonUtils: 	at libcore.io.BlockGuardOs.write(BlockGuardOs.java:448)
09-23 15:14:07.734  3833  4503 E OsenseCommonUtils: 	at libcore.io.IoBridge.write(IoBridge.java:646)
09-23 15:14:07.734  3833  4503 E OsenseCommonUtils: 	... 14 more
09-23 15:14:07.770  7337  8673 D gaia-GaiaConnectChecker: start connect check++
09-23 15:14:07.831  1145  1145 E lowmemorykiller: device memory 1571457 free 90790 file 1000147
09-23 15:14:07.852  2072 29069 V Codec2-DumpInput: [processLoop:L764][c2.qti.hevc.decoder_136]QueueRead[0] empty, waiting buffer.
09-23 15:14:07.932  1145  1145 E lowmemorykiller: device memory 1566375 free 90739 file 1000075
09-23 15:14:08.020  2032 28029 I sensors-hal: handle_oplus_wise_rgb_event:191, wise_rgb: (r, g, b, c)[541.00, 589.00, 358.00, 1364.00],(r2,g2,b2,c2)[[0.00, 0.00, 0.00, 0.00], algo:5.0, flag :0
09-23 15:14:08.033  1145  1145 E lowmemorykiller: device memory 1539369 free 90341 file 1000033
09-23 15:14:08.159  2112  2183 D BatteryChargeControl: bcc get no support from charging protocol
09-23 15:14:08.235  1145  1145 E lowmemorykiller: device memory 1494838 free 90170 file 999878
09-23 15:14:08.250  3833  5195 I Osense-PsiDetector: 5835,367,6540,8704,25,734,3646,1450,3980,2043,1861,0,16,7548
09-23 15:14:08.252  3833  5183 I Osense-BaseDecisionMaker: notifySceneToAthenaPolicy: SCENE_RES_MEM_PSI_NORMAL, bundle: Bundle[{memLevel=3}]
09-23 15:14:08.252  3833  4503 D CompressAction: set affinity failed.
09-23 15:14:08.253  3833  4503 E OsenseCommonUtils: write /dev/memcg/memory.force_shrink_file failed
09-23 15:14:08.253  3833  4503 E OsenseCommonUtils: java.io.IOException: write failed: EBUSY (Device or resource busy)
09-23 15:14:08.253  3833  4503 E OsenseCommonUtils: 	at libcore.io.IoBridge.write(IoBridge.java:651)
09-23 15:14:08.253  3833  4503 E OsenseCommonUtils: 	at java.io.FileOutputStream.write(FileOutputStream.java:436)
09-23 15:14:08.253  3833  4503 E OsenseCommonUtils: 	at sun.nio.cs.StreamEncoder.writeBytes(StreamEncoder.java:233)
09-23 15:14:08.253  3833  4503 E OsenseCommonUtils: 	at sun.nio.cs.StreamEncoder.implFlushBuffer(StreamEncoder.java:309)
09-23 15:14:08.253  3833  4503 E OsenseCommonUtils: 	at sun.nio.cs.StreamEncoder.implFlush(StreamEncoder.java:313)
09-23 15:14:08.253  3833  4503 E OsenseCommonUtils: 	at sun.nio.cs.StreamEncoder.flush(StreamEncoder.java:153)
09-23 15:14:08.253  3833  4503 E OsenseCommonUtils: 	at java.io.OutputStreamWriter.flush(OutputStreamWriter.java:248)
09-23 15:14:08.253  3833  4503 E OsenseCommonUtils: 	at com.android.server.oplus.osense.utils.OsenseCommonUtils.writeFile(OsenseCommonUtils.java:154)
09-23 15:14:08.253  3833  4503 E OsenseCommonUtils: 	at com.android.server.am.OplusOsenseCompressAction.doGlobalShrink(OplusOsenseCompressAction.java:1886)
09-23 15:14:08.253  3833  4503 E OsenseCommonUtils: 	at com.android.server.am.OplusOsenseCompressAction.-$$Nest$mdoGlobalShrink(Unknown Source:0)
09-23 15:14:08.253  3833  4503 E OsenseCommonUtils: 	at com.android.server.am.OplusOsenseCompressAction$CompressHandler.handleMessage(OplusOsenseCompressAction.java:1334)
09-23 15:14:08.253  3833  4503 E OsenseCommonUtils: 	at android.os.Handler.dispatchMessage(Handler.java:115)
09-23 15:14:08.253  3833  4503 E OsenseCommonUtils: 	at android.os.Looper.loopOnce(Looper.java:298)
09-23 15:14:08.253  3833  4503 E OsenseCommonUtils: 	at android.os.Looper.loop(Looper.java:408)
09-23 15:14:08.253  3833  4503 E OsenseCommonUtils: 	at android.os.HandlerThread.run(HandlerThread.java:85)
09-23 15:14:08.253  3833  4503 E OsenseCommonUtils: Caused by: android.system.ErrnoException: write failed: EBUSY (Device or resource busy)
09-23 15:14:08.253  3833  4503 E OsenseCommonUtils: 	at libcore.io.Linux.writeBytes(Native Method)
09-23 15:14:08.253  3833  4503 E OsenseCommonUtils: 	at libcore.io.Linux.write(Linux.java:336)
09-23 15:14:08.253  3833  4503 E OsenseCommonUtils: 	at libcore.io.ForwardingOs.write(ForwardingOs.java:948)
09-23 15:14:08.253  3833  4503 E OsenseCommonUtils: 	at libcore.io.BlockGuardOs.write(BlockGuardOs.java:448)
09-23 15:14:08.253  3833  4503 E OsenseCommonUtils: 	at libcore.io.IoBridge.write(IoBridge.java:646)
09-23 15:14:08.253  3833  4503 E OsenseCommonUtils: 	... 14 more
09-23 15:14:08.336  1145  1145 E lowmemorykiller: device memory 1480384 free 90170 file 999878
09-23 15:14:08.344  2032 28029 I sensors-hal: handle_oplus_wise_rgb_event:191, wise_rgb: (r, g, b, c)[541.00, 589.00, 358.00, 1363.00],(r2,g2,b2,c2)[[0.00, 0.00, 0.00, 0.00], algo:5.0, flag :0
09-23 15:14:08.436  1145  1145 E lowmemorykiller: device memory 1461942 free 89838 file 999810
09-23 15:14:08.537  1145  1145 E lowmemorykiller: device memory 1434845 free 89720 file 999810
09-23 15:14:08.588  3034  3493 D MemoryMonitor: Current PSS: 4119828KB, Max PSS: 4119828KB
09-23 15:14:08.629  2112  2165 D vendor.oplus.hardware.charger-V10-service: parallel fold conf file parse fail parallel_fold_state 2
09-23 15:14:08.629  2112  2165 D vendor.oplus.hardware.charger-V10-service: scale_chg Start!!!
09-23 15:14:08.630  2112  2165 D vendor.oplus.hardware.charger-V10-service: [0, 0, 3]
09-23 15:14:08.630  2112  2165 D vendor.oplus.hardware.charger-V10-service: [0, 2, 10]
09-23 15:14:08.630  2112  2165 D vendor.oplus.hardware.charger-V10-service: [0, 1, 3]
09-23 15:14:08.630  2112  2165 D vendor.oplus.hardware.charger-V10-service: [0, 3, 4]
09-23 15:14:08.630  2112  2165 D vendor.oplus.hardware.charger-V10-service: [0, 4, 4]
09-23 15:14:08.631  2112  2165 D vendor.oplus.hardware.charger-V10-service: [0, 5, 3]
09-23 15:14:08.631  2112  2165 D vendor.oplus.hardware.charger-V10-service: [0, 6, 10]
09-23 15:14:08.631  2112  2165 D vendor.oplus.hardware.charger-V10-service: scale_chg Start!!!
09-23 15:14:08.631  2112  2165 D vendor.oplus.hardware.charger-V10-service: [0, 0, 3]
09-23 15:14:08.632  2112  2165 D vendor.oplus.hardware.charger-V10-service: [0, 2, 10]
09-23 15:14:08.632  2112  2165 D vendor.oplus.hardware.charger-V10-service: [0, 1, 3]
09-23 15:14:08.632  2112  2165 D vendor.oplus.hardware.charger-V10-service: [0, 3, 4]
09-23 15:14:08.632  2112  2165 D vendor.oplus.hardware.charger-V10-service: [0, 4, 4]
09-23 15:14:08.632  2112  2165 D vendor.oplus.hardware.charger-V10-service: [0, 5, 3]
09-23 15:14:08.632  2112  2165 D vendor.oplus.hardware.charger-V10-service: [0, 6, 10]
09-23 15:14:08.638  1145  1145 E lowmemorykiller: device memory 1421462 free 89753 file 999756
09-23 15:14:08.668  2032 28029 I sensors-hal: handle_oplus_wise_rgb_event:191, wise_rgb: (r, g, b, c)[541.00, 589.00, 358.00, 1366.00],(r2,g2,b2,c2)[[0.00, 0.00, 0.00, 0.00], algo:5.0, flag :0
09-23 15:14:08.739  1145  1145 E lowmemorykiller: device memory 1402823 free 89695 file 999756
09-23 15:14:08.840  1145  1145 E lowmemorykiller: device memory 1387236 free 90039 file 999671
09-23 15:14:08.874  1145  1145 E lowmemorykiller: device memory 1370318 free 89376 file 999608
09-23 15:14:08.875  3833  5195 I Osense-PsiDetector: 5352,364,6540,8704,25,734,4130,1450,3979,2043,1860,0,16,7549
09-23 15:14:08.882  3833  4503 D CompressAction: set affinity failed.
09-23 15:14:08.884  3833  4503 E OsenseCommonUtils: write /dev/memcg/memory.force_shrink_file failed
09-23 15:14:08.884  3833  4503 E OsenseCommonUtils: java.io.IOException: write failed: EBUSY (Device or resource busy)
09-23 15:14:08.884  3833  4503 E OsenseCommonUtils: 	at libcore.io.IoBridge.write(IoBridge.java:651)
09-23 15:14:08.884  3833  4503 E OsenseCommonUtils: 	at java.io.FileOutputStream.write(FileOutputStream.java:436)
09-23 15:14:08.884  3833  4503 E OsenseCommonUtils: 	at sun.nio.cs.StreamEncoder.writeBytes(StreamEncoder.java:233)
09-23 15:14:08.884  3833  4503 E OsenseCommonUtils: 	at sun.nio.cs.StreamEncoder.implFlushBuffer(StreamEncoder.java:309)
09-23 15:14:08.884  3833  4503 E OsenseCommonUtils: 	at sun.nio.cs.StreamEncoder.implFlush(StreamEncoder.java:313)
09-23 15:14:08.884  3833  4503 E OsenseCommonUtils: 	at sun.nio.cs.StreamEncoder.flush(StreamEncoder.java:153)
09-23 15:14:08.884  3833  4503 E OsenseCommonUtils: 	at java.io.OutputStreamWriter.flush(OutputStreamWriter.java:248)
09-23 15:14:08.884  3833  4503 E OsenseCommonUtils: 	at com.android.server.oplus.osense.utils.OsenseCommonUtils.writeFile(OsenseCommonUtils.java:154)
09-23 15:14:08.884  3833  4503 E OsenseCommonUtils: 	at com.android.server.am.OplusOsenseCompressAction.doGlobalShrink(OplusOsenseCompressAction.java:1886)
09-23 15:14:08.884  3833  4503 E OsenseCommonUtils: 	at com.android.server.am.OplusOsenseCompressAction.-$$Nest$mdoGlobalShrink(Unknown Source:0)
09-23 15:14:08.884  3833  4503 E OsenseCommonUtils: 	at com.android.server.am.OplusOsenseCompressAction$CompressHandler.handleMessage(OplusOsenseCompressAction.java:1334)
09-23 15:14:08.884  3833  4503 E OsenseCommonUtils: 	at android.os.Handler.dispatchMessage(Handler.java:115)
09-23 15:14:08.884  3833  4503 E OsenseCommonUtils: 	at android.os.Looper.loopOnce(Looper.java:298)
09-23 15:14:08.884  3833  4503 E OsenseCommonUtils: 	at android.os.Looper.loop(Looper.java:408)
09-23 15:14:08.884  3833  4503 E OsenseCommonUtils: 	at android.os.HandlerThread.run(HandlerThread.java:85)
09-23 15:14:08.884  3833  4503 E OsenseCommonUtils: Caused by: android.system.ErrnoException: write failed: EBUSY (Device or resource busy)
09-23 15:14:08.884  3833  4503 E OsenseCommonUtils: 	at libcore.io.Linux.writeBytes(Native Method)
09-23 15:14:08.884  3833  4503 E OsenseCommonUtils: 	at libcore.io.Linux.write(Linux.java:336)
09-23 15:14:08.884  3833  4503 E OsenseCommonUtils: 	at libcore.io.ForwardingOs.write(ForwardingOs.java:948)
09-23 15:14:08.884  3833  4503 E OsenseCommonUtils: 	at libcore.io.BlockGuardOs.write(BlockGuardOs.java:448)
09-23 15:14:08.884  3833  4503 E OsenseCommonUtils: 	at libcore.io.IoBridge.write(IoBridge.java:646)
09-23 15:14:08.884  3833  4503 E OsenseCommonUtils: 	... 14 more
09-23 15:14:08.975  1145  1145 E lowmemorykiller: device memory 1350795 free 88813 file 999521
09-23 15:14:08.992  2032 28029 I sensors-hal: handle_oplus_wise_rgb_event:191, wise_rgb: (r, g, b, c)[541.00, 590.00, 358.00, 1366.00],(r2,g2,b2,c2)[[0.00, 0.00, 0.00, 0.00], algo:5.0, flag :0
09-23 15:14:08.992  2032 28029 I sensors-hal: handle_oplus_wise_rgb_event:217, high_pwm_light:lux 70.8,cct 1154165.1,brl/algo/ir 0.0/5.0/0.0,pwm/dc 0.0/0.0,rgbc 541.000000/590.000000/358.000000/1366.000000,ts 520118086241662,cnt 48840,flag 0
09-23 15:14:08.993  3833  4659 D FusionLightNextGen: process end reported = 1, mode: 0, cnt: 7075, lux 50.8, cct -1.0, r/g/b/c: 541.0/590.0/358.0/1366.0, R/G/B: -1.0/-1.0/-1.0, bri 0.0, match 0.00, ir 0.657799, conf 0.0, ts 520118086241662
09-23 15:14:09.000  2112  2180 D vendor.oplus.hardware.charger-V10-service: ret_value:168, read content:,281,281,4485,4483,-6,100,100,1,9,1048704,675,5146,100,0,4530,500,2000,0,0,3500,0,0,1,0,2,1,0,0,4,7763,100,7158,6190,6190,0,0,0,0,0,101,100.00,100,100.00,94.54,100.00,
09-23 15:14:09.000  2112  2180 D vendor.oplus.hardware.charger-V10-service: gmtime: 2026-09-23-15-14-09
09-23 15:14:09.001  2112  2180 D vendor.oplus.hardware.charger-V10-service: usb_online:1, ac_online:-2147483648, wireless_online:0
09-23 15:14:09.077  1145  1145 E lowmemorykiller: device memory 1356431 free 101888 file 999516
09-23 15:14:09.159  2112  2183 D BatteryChargeControl: bcc get no support from charging protocol
09-23 15:14:09.177  1145  1145 E lowmemorykiller: device memory 1326391 free 96408 file 999516
09-23 15:14:09.317  2032 28029 I sensors-hal: handle_oplus_wise_rgb_event:191, wise_rgb: (r, g, b, c)[541.00, 589.00, 358.00, 1366.00],(r2,g2,b2,c2)[[0.00, 0.00, 0.00, 0.00], algo:5.0, flag :0
09-23 15:14:09.379  1145  1145 E lowmemorykiller: device memory 1294224 free 96045 file 999412
09-23 15:14:09.480  1145  1145 E lowmemorykiller: device memory 1267347 free 96045 file 999412
09-23 15:14:09.580  1145  1145 E lowmemorykiller: device memory 1249027 free 96123 file 999326
09-23 15:14:09.589  3034  3493 D MemoryMonitor: Current PSS: 4926868KB, Max PSS: 4926868KB
09-23 15:14:09.641  2032 28029 I sensors-hal: handle_oplus_wise_rgb_event:191, wise_rgb: (r, g, b, c)[541.00, 589.00, 358.00, 1365.00],(r2,g2,b2,c2)[[0.00, 0.00, 0.00, 0.00], algo:5.0, flag :0
09-23 15:14:09.664  3833  5898 W Settings: Setting notification_bubbles has moved from android.provider.Settings.Global to android.provider.Settings.Secure, returning read-only value.
09-23 15:14:09.664  3833  5898 W Settings: Setting apply_ramping_ringer has moved from android.provider.Settings.Global to android.provider.Settings.System, returning read-only value.
09-23 15:14:09.668  3833  5898 W SettingsStatsUtil: Can not parse value to float: +network
09-23 15:14:09.681  1145  1145 E lowmemorykiller: device memory 1221967 free 96004 file 999326
09-23 15:14:09.782  1145  1145 E lowmemorykiller: device memory 1216887 free 95975 file 999247
09-23 15:14:09.883  1145  1145 E lowmemorykiller: device memory 1189883 free 95848 file 999247
09-23 15:14:09.883 22223 22235 I metis_v2_OsenseCallBack: memLevel: 0 [Metis|com.oplus.metis|2.0.20-aa39d14]
09-23 15:14:09.965  2032 28029 I sensors-hal: handle_oplus_wise_rgb_event:191, wise_rgb: (r, g, b, c)[542.00, 589.00, 357.00, 1364.00],(r2,g2,b2,c2)[[0.00, 0.00, 0.00, 0.00], algo:5.0, flag :0
09-23 15:14:10.159  2112  2183 D BatteryChargeControl: bcc get no support from charging protocol
09-23 15:14:10.191  1334 24738 I android.system.suspend-service: First holding wakelock name = PowerManagerService.WakeLocks
09-23 15:14:10.200  1868 12725 E TetherController: property_get sys.radio.data.modem_share_flag return 0, 1!
09-23 15:14:10.208  1334 21489 I android.system.suspend-service: Last release wakelock name = PowerManagerService.WakeLocks
09-23 15:14:10.208  1334 21489 I android.system.suspend-service: mAutosuspendEnabled=1
09-23 15:14:10.215  7776  7819 E MIDASApplication: MIDASPullAtomManager: onPullAtom 150017
09-23 15:14:10.218  3833  5898 D KernelStatsHelper: getKernelStats start!
09-23 15:14:10.220  3833  4849 D OplusNetlinkSocket: handleNetlinkRecvKernelMessage:nlmsghdr:StructNlMsgHdr{ nlmsg_len{1964}, nlmsg_type{54()}, nlmsg_flags{0()}, nlmsg_seq{0}, nlmsg_pid{251204337} }
09-23 15:14:10.220  3833  4849 D KernelStatsHelper: get magic :[-1, -1, -1, 77, 65, 71, 73, 67]
09-23 15:14:10.220  3833  4849 D KernelStatsHelper: magic matched count:37 data_len:1924
09-23 15:14:10.220  3833  4849 D KernelStatsHelper: data over! check: true
09-23 15:14:10.289  2032 28029 I sensors-hal: handle_oplus_wise_rgb_event:191, wise_rgb: (r, g, b, c)[542.00, 589.00, 359.00, 1365.00],(r2,g2,b2,c2)[[0.00, 0.00, 0.00, 0.00], algo:5.0, flag :0
09-23 15:14:10.591  3034  3493 D MemoryMonitor: Current PSS: 5852692KB, Max PSS: 5852692KB
09-23 15:14:10.614  2032 28029 I sensors-hal: handle_oplus_wise_rgb_event:191, wise_rgb: (r, g, b, c)[541.00, 590.00, 358.00, 1364.00],(r2,g2,b2,c2)[[0.00, 0.00, 0.00, 0.00], algo:5.0, flag :0
09-23 15:14:10.614  3833  4659 D FusionLightNextGen: process end reported = 1, mode: 0, cnt: 7080, lux 50.8, cct -1.0, r/g/b/c: 541.0/590.0/358.0/1364.0, R/G/B: -1.0/-1.0/-1.0, bri 0.0, match 0.00, ir 0.657297, conf 0.0, ts 520119707726401
09-23 15:14:10.746  1145  1145 E lowmemorykiller: device memory 936986 free 32401 file 938548
09-23 15:14:10.747 22223 22235 I metis_v2_OsenseCallBack: memLevel: 3 [Metis|com.oplus.metis|2.0.20-aa39d14]
09-23 15:14:10.749  3833  5195 I Osense-PsiDetector: 3655,127,6539,8704,25,734,5307,2034,3735,2054,1606,0,16,7546
09-23 15:14:10.750  3833  5183 I Osense-BaseDecisionMaker: notifySceneToAthenaPolicy: SCENE_RES_MEM_PSI_NORMAL, bundle: Bundle[{memLevel=3}]
09-23 15:14:10.757  3833  4503 D CompressAction: set affinity failed.
09-23 15:14:10.760  3833  4503 E OsenseCommonUtils: write /dev/memcg/memory.force_shrink_file failed
09-23 15:14:10.760  3833  4503 E OsenseCommonUtils: java.io.IOException: write failed: EBUSY (Device or resource busy)
09-23 15:14:10.760  3833  4503 E OsenseCommonUtils: 	at libcore.io.IoBridge.write(IoBridge.java:651)
09-23 15:14:10.760  3833  4503 E OsenseCommonUtils: 	at java.io.FileOutputStream.write(FileOutputStream.java:436)
09-23 15:14:10.760  3833  4503 E OsenseCommonUtils: 	at sun.nio.cs.StreamEncoder.writeBytes(StreamEncoder.java:233)
09-23 15:14:10.760  3833  4503 E OsenseCommonUtils: 	at sun.nio.cs.StreamEncoder.implFlushBuffer(StreamEncoder.java:309)
09-23 15:14:10.760  3833  4503 E OsenseCommonUtils: 	at sun.nio.cs.StreamEncoder.implFlush(StreamEncoder.java:313)
09-23 15:14:10.760  3833  4503 E OsenseCommonUtils: 	at sun.nio.cs.StreamEncoder.flush(StreamEncoder.java:153)
09-23 15:14:10.760  3833  4503 E OsenseCommonUtils: 	at java.io.OutputStreamWriter.flush(OutputStreamWriter.java:248)
09-23 15:14:10.760  3833  4503 E OsenseCommonUtils: 	at com.android.server.oplus.osense.utils.OsenseCommonUtils.writeFile(OsenseCommonUtils.java:154)
09-23 15:14:10.760  3833  4503 E OsenseCommonUtils: 	at com.android.server.am.OplusOsenseCompressAction.doGlobalShrink(OplusOsenseCompressAction.java:1886)
09-23 15:14:10.760  3833  4503 E OsenseCommonUtils: 	at com.android.server.am.OplusOsenseCompressAction.-$$Nest$mdoGlobalShrink(Unknown Source:0)
09-23 15:14:10.760  3833  4503 E OsenseCommonUtils: 	at com.android.server.am.OplusOsenseCompressAction$CompressHandler.handleMessage(OplusOsenseCompressAction.java:1334)
09-23 15:14:10.760  3833  4503 E OsenseCommonUtils: 	at android.os.Handler.dispatchMessage(Handler.java:115)
09-23 15:14:10.760  3833  4503 E OsenseCommonUtils: 	at android.os.Looper.loopOnce(Looper.java:298)
09-23 15:14:10.760  3833  4503 E OsenseCommonUtils: 	at android.os.Looper.loop(Looper.java:408)
09-23 15:14:10.760  3833  4503 E OsenseCommonUtils: 	at android.os.HandlerThread.run(HandlerThread.java:85)
09-23 15:14:10.760  3833  4503 E OsenseCommonUtils: Caused by: android.system.ErrnoException: write failed: EBUSY (Device or resource busy)
09-23 15:14:10.760  3833  4503 E OsenseCommonUtils: 	at libcore.io.Linux.writeBytes(Native Method)
09-23 15:14:10.760  3833  4503 E OsenseCommonUtils: 	at libcore.io.Linux.write(Linux.java:336)
09-23 15:14:10.760  3833  4503 E OsenseCommonUtils: 	at libcore.io.ForwardingOs.write(ForwardingOs.java:948)
09-23 15:14:10.760  3833  4503 E OsenseCommonUtils: 	at libcore.io.BlockGuardOs.write(BlockGuardOs.java:448)
09-23 15:14:10.760  3833  4503 E OsenseCommonUtils: 	at libcore.io.IoBridge.write(IoBridge.java:646)
09-23 15:14:10.760  3833  4503 E OsenseCommonUtils: 	... 14 more
09-23 15:14:10.847  1145  1145 E lowmemorykiller: device memory 891710 free 32369 file 893239
09-23 15:14:10.850  3833  5195 I Osense-PsiDetector: 3478,127,6539,8704,25,734,5307,2211,3559,2061,1423,0,16,7546
09-23 15:14:10.851  3833  5183 I Osense-BaseDecisionMaker: notifySceneToAthenaPolicy: SCENE_RES_MEM_PSI_NORMAL, bundle: Bundle[{memLevel=4}]
09-23 15:14:10.853  3833  5183 I Osense-BaseDecisionMaker: notifySceneToAthenaPolicy: SCENE_RES_MEM_PSI_LEAK, bundle: Bundle[{memLevel=4}]
09-23 15:14:10.854  3833  5192 I OsenseKillAction: KillAction: [atomic clean] start name=nirvana, requestId=-1, startAvail=3474, startFreeMB=126, purposeAvailMB=-1, purposeFreeMB=781, anonRssTarget=655, minBgCount=30, maxAppCare=79, swapTarget=0, scene=NirvanaLowFree, type=cached, qb=false, cchOnly=true, urgency=false, hoggingCpuPids={}, invalid-cnt=0
09-23 15:14:10.862  3833  5192 D ClearAppCare: getBaseAppcareListForAppStatus: []
09-23 15:14:10.866  3833  5192 D ClearAppCare: getBaseAppcareListForAppStatus: [98]
09-23 15:14:10.866  3833  5192 D ClearAppCare: getBaseAppcareListForAppStatus: []
09-23 15:14:10.866  3833  5192 D ClearAppCare: getBaseAppcareListForAppStatus: []
09-23 15:14:10.866  3833  5192 D ClearAppCare: getBaseAppcareListForAppStatus: [96]
09-23 15:14:10.866  3833  5192 D ClearAppCare: getBaseAppcareListForAppStatus: [2]
09-23 15:14:10.866  3833  5192 D ClearAppCare: getBaseAppcareListForAppStatus: []
09-23 15:14:10.866  3833  5192 D ClearAppCare: getBaseAppcareListForAppStatus: []
09-23 15:14:10.866  3833  5192 D ClearAppCare: getBaseAppcareListForAppStatus: []
09-23 15:14:10.866  3833  5192 D ClearAppCare: getBaseAppcareListForAppStatus: []
09-23 15:14:10.866  3833  5192 D ClearAppCare: getBaseAppcareListForAppStatus: []
09-23 15:14:10.866  3833  5192 D ClearAppCare: getBaseAppcareListForAppStatus: []
09-23 15:14:10.866  3833  5192 D ClearAppCare: getBaseAppcareListForAppStatus: []
09-23 15:14:10.866  3833  5192 D ClearAppCare: getBaseAppcareListForAppStatus: []
09-23 15:14:10.866  3833  5192 D ClearAppCare: getBaseAppcareListForAppStatus: []
09-23 15:14:10.866  3833  5192 D ClearAppCare: getBaseAppcareListForAppStatus: []
09-23 15:14:10.866  3833  5192 D ClearAppCare: getBaseAppcareListForAppStatus: []
09-23 15:14:10.866  3833  5192 D ClearAppCare: getBaseAppcareListForAppStatus: []
09-23 15:14:10.866  3833  5192 D ClearAppCare: getBaseAppcareListForAppStatus: []
09-23 15:14:10.866  3833  5192 D ClearAppCare: getBaseAppcareListForAppStatus: []
09-23 15:14:10.866  3833  5192 D ClearAppCare: getBaseAppcareListForAppStatus: []
09-23 15:14:10.866  3833  5192 D ClearAppCare: getBaseAppcareListForAppStatus: []
09-23 15:14:10.866  3833  5192 D ClearAppCare: getBaseAppcareListForAppStatus: []
09-23 15:14:10.866  3833  5192 D ClearAppCare: getBaseAppcareListForAppStatus: []
09-23 15:14:10.866  3833  5192 D ClearAppCare: getBaseAppcareListForAppStatus: []
09-23 15:14:10.866  3833  5192 D ClearAppCare: getBaseAppcareListForAppStatus: []
09-23 15:14:10.866  3833  5192 D ClearAppCare: getBaseAppcareListForAppStatus: []
09-23 15:14:10.866  3833  5192 D ClearAppCare: getBaseAppcareListForAppStatus: []
09-23 15:14:10.866  3833  5192 D ClearAppCare: getBaseAppcareListForAppStatus: []
09-23 15:14:10.866  3833  5192 D ClearAppCare: getBaseAppcareListForAppStatus: []
09-23 15:14:10.866  3833  5192 D ClearAppCare: getBaseAppcareListForAppStatus: []
09-23 15:14:10.866  3833  5192 D ClearAppCare: getBaseAppcareListForAppStatus: []
09-23 15:14:10.866  3833  5192 D ClearAppCare: getBaseAppcareListForAppStatus: []
09-23 15:14:10.867  3833  5192 D ClearAppCare: getBaseAppcareListForAppStatus: []
09-23 15:14:10.867  3833  5192 D ClearAppCare: getBaseAppcareListForAppStatus: []
09-23 15:14:10.867  3833  5192 D ClearAppCare: getBaseAppcareListForAppStatus: []
09-23 15:14:10.867  3833  5192 D ClearAppCare: getBaseAppcareListForAppStatus: []
09-23 15:14:10.867  3833  5192 D ClearAppCare: getBaseAppcareListForAppStatus: []
09-23 15:14:10.867  3833  5192 D ClearAppCare: getBaseAppcareListForAppStatus: []
09-23 15:14:10.867  3833  5192 D ClearAppCare: getBaseAppcareListForAppStatus: []
09-23 15:14:10.867  3833  5192 D ClearAppCare: getBaseAppcareListForAppStatus: []
09-23 15:14:10.867  3833  5192 D ClearAppCare: getBaseAppcareListForAppStatus: []
09-23 15:14:10.867  3833  5192 D ClearAppCare: getBaseAppcareListForAppStatus: []
09-23 15:14:10.867  3833  5192 D ClearAppCare: getBaseAppcareListForAppStatus: []
09-23 15:14:10.867  3833  5192 D ClearAppCare: getBaseAppcareListForAppStatus: []
09-23 15:14:10.867  3833  5192 D ClearAppCare: getBaseAppcareListForAppStatus: []
09-23 15:14:10.867  3833  5192 D ClearAppCare: getBaseAppcareListForAppStatus: []
09-23 15:14:10.867  3833  5192 D ClearAppCare: getBaseAppcareListForAppStatus: []
09-23 15:14:10.867  3833  5192 D ClearAppCare: getBaseAppcareListForAppStatus: []
09-23 15:14:10.867  3833  5192 D ClearAppCare: getBaseAppcareListForAppStatus: []
09-23 15:14:10.867  3833  5192 D ClearAppCare: getBaseAppcareListForAppStatus: []
09-23 15:14:10.867  3833  5192 D ClearAppCare: getBaseAppcareListForAppStatus: []
09-23 15:14:10.867  3833  5192 D ClearAppCare: getBaseAppcareListForAppStatus: []
09-23 15:14:10.867  3833  5192 D ClearAppCare: getBaseAppcareListForAppStatus: []
09-23 15:14:10.867  3833  5192 D ClearAppCare: getBaseAppcareListForAppStatus: []
09-23 15:14:10.867  3833  5192 D ClearAppCare: getBaseAppcareListForAppStatus: []
09-23 15:14:10.867  3833  5192 D ClearAppCare: getBaseAppcareListForAppStatus: []
09-23 15:14:10.867  3833  5192 D ClearAppCare: getBaseAppcareListForAppStatus: []
09-23 15:14:10.867  3833  5192 D ClearAppCare: getBaseAppcareListForAppStatus: []
09-23 15:14:10.867  3833  5192 D ClearAppCare: getBaseAppcareListForAppStatus: []
09-23 15:14:10.867  3833  5192 D ClearAppCare: getBaseAppcareListForAppStatus: []
09-23 15:14:10.867  3833  5192 D ClearAppCare: getBaseAppcareListForAppStatus: []
09-23 15:14:10.867  3833  5192 D ClearAppCare: getBaseAppcareListForAppStatus: []
09-23 15:14:10.867  3833  5192 D ClearAppCare: getBaseAppcareListForAppStatus: []
09-23 15:14:10.867  3833  5192 D ClearAppCare: getBaseAppcareListForAppStatus: []
09-23 15:14:10.867  3833  5192 D ClearAppCare: getBaseAppcareListForAppStatus: []
09-23 15:14:10.868  3833  5192 D ClearAppCare: getBaseAppcareListForAppStatus: []
09-23 15:14:10.868  3833  5192 D ClearAppCare: getBaseAppcareListForAppStatus: [60]
09-23 15:14:10.868  3833  5192 D ClearAppCare: getBaseAppcareListForAppStatus: [97, 92]
09-23 15:14:10.868  3833  5192 D ClearAppCare: getBaseAppcareListForAppStatus: []
09-23 15:14:10.868  3833  5192 D ClearAppCare: getBaseAppcareListForAppStatus: []
09-23 15:14:10.868  3833  5192 D ClearAppCare: getBaseAppcareListForAppStatus: [2]
09-23 15:14:10.868  3833  5192 D ClearAppCare: getBaseAppcareListForAppStatus: []
09-23 15:14:10.868  3833  5192 D ClearAppCare: getBaseAppcareListForAppStatus: [92]
09-23 15:14:10.868  3833  5192 D ClearAppCare: getBaseAppcareListForAppStatus: []
09-23 15:14:10.868  3833  5192 D ClearAppCare: getBaseAppcareListForAppStatus: []
09-23 15:14:10.868  3833  5192 D ClearAppCare: getBaseAppcareListForAppStatus: []
09-23 15:14:10.868  3833  5192 D ClearAppCare: getBaseAppcareListForAppStatus: []
09-23 15:14:10.868  3833  5192 D ClearAppCare: getBaseAppcareListForAppStatus: []
09-23 15:14:10.868  3833  5192 D ClearAppCare: getBaseAppcareListForAppStatus: []
09-23 15:14:10.868  3833  5192 D ClearAppCare: getBaseAppcareListForAppStatus: []
09-23 15:14:10.868  3833  5192 D ClearAppCare: getBaseAppcareListForAppStatus: []
09-23 15:14:10.868  3833  5192 D ClearAppCare: getBaseAppcareListForAppStatus: []
09-23 15:14:10.868  3833  5192 D ClearAppCare: getBaseAppcareListForAppStatus: []
09-23 15:14:10.868  3833  5192 D ClearAppCare: getBaseAppcareListForAppStatus: []
09-23 15:14:10.868  3833  5192 D ClearAppCare: getBaseAppcareListForAppStatus: []
09-23 15:14:10.868  3833  5192 D ClearAppCare: getBaseAppcareListForAppStatus: []
09-23 15:14:10.868  3833  5192 D ClearAppCare: getBaseAppcareListForAppStatus: []
09-23 15:14:10.868  3833  5192 D ClearAppCare: getBaseAppcareListForAppStatus: []
09-23 15:14:10.868  3833  5192 D ClearAppCare: getBaseAppcareListForAppStatus: []
09-23 15:14:10.868  3833  5192 D ClearAppCare: getBaseAppcareListForAppStatus: []
09-23 15:14:10.868  3833  5192 D ClearAppCare: getBaseAppcareListForAppStatus: [92]
09-23 15:14:10.868  3833  5192 D ClearAppCare: getBaseAppcareListForAppStatus: []
09-23 15:14:10.868  3833  5192 D ClearAppCare: getBaseAppcareListForAppStatus: []
09-23 15:14:10.868  3833  5192 D ClearAppCare: getBaseAppcareListForAppStatus: []
09-23 15:14:10.868  3833  5192 D ClearAppCare: getBaseAppcareListForAppStatus: []
09-23 15:14:10.868  3833  5192 D ClearAppCare: getBaseAppcareListForAppStatus: []
09-23 15:14:10.868  3833  5192 D ClearAppCare: getBaseAppcareListForAppStatus: []
09-23 15:14:10.869  3833  5192 I OsenseKillAction: KillAction: group process done, total=10ms, firstLoop=2ms, updateProcessInfo=1ms, idleList=7ms, curBg=1
09-23 15:14:10.869  3833  5192 I OsenseKillAction: KillAction: don't check adj for non perceptible fgs app: ProcessInfo{3034:com.alibaba.mnnllm.android/u0a369 oom:FGS/110/50/fg-service-act mem:0/6101/23}
09-23 15:14:10.869  3833  5192 I OsenseKillAction: scanCchEmptyProc: +++++++ start double check +++++++
09-23 15:14:10.869  3833  5192 I OsenseKillAction: scanCchEmptyProc: cch check done: killablePss=0kb, killableAnonRss=575mb, time=0ms, candidate cnt: 11
09-23 15:14:10.869  3833  5192 I OsenseKillAction: scanNonUiProc: skip scan non ui process for nirvana
09-23 15:14:10.869  3833  5192 I OsenseKillAction: scanOomAdj: skip scan oom adj for nirvana
09-23 15:14:10.869  3833  5192 I OsenseKillAction: scanAllProc: skip scan all proc for nirvana
09-23 15:14:10.873  3833  5192 I OsenseKillAction: KillAction: Kill ProcessInfo{27401:com.google.android.youtube/u0a213 oom:CEM/35/975/cch-empty mem:0/66/76 extra:816s/true/false/0/5/false}: Cached(nirvana) 4ms
09-23 15:14:10.876  3833  5192 I OsenseKillAction: KillAction: Kill ProcessInfo{29825:com.google.android.calendar/u0a195 oom:CEM/36/975/cch-empty mem:0/49/55 extra:816s/true/false/0/6/false}: Cached(nirvana) 3ms
09-23 15:14:10.878  3833  5192 I OsenseKillAction: KillAction: Kill ProcessInfo{31441:com.google.android.apps.restore/u0a143 oom:CEM/39/975/cch-empty mem:0/45/45 extra:813s/true/false/0/4/false}: Cached(nirvana) 2ms
09-23 15:14:10.879  3833  5192 I OsenseKillAction: KillAction: Kill ProcessInfo{24186:com.google.android.apps.wellbeing/u0a153 oom:CEM/40/975/cch-empty mem:0/46/46 extra:812s/true/false/0/4/false}: Cached(nirvana) 1ms
09-23 15:14:10.879  3833  5192 I OsenseKillAction: KillAction: Kill ProcessInfo{31568:com.oplus.wirelesssettings/1000 oom:CEM/43/965/cch-empty mem:0/43/40 extra:692s/true/false/0/9/false}: Cached(nirvana) 1ms
09-23 15:14:10.880  3833  5192 I OsenseKillAction: KillAction: Kill ProcessInfo{22325:com.oplus.stdid/1000 oom:CEM/44/965/cch-empty mem:0/43/39 extra:631s/true/false/0/1/false}: Cached(nirvana) 0ms
09-23 15:14:10.881  3833  5192 I OsenseKillAction: KillAction: Kill ProcessInfo{22408:com.heytap.htms:cloudctrl/u0a235 oom:CEM/45/965/cch-empty mem:0/47/46 extra:627s/true/false/0/2/false}: Cached(nirvana) 1ms
09-23 15:14:10.881  3833  5192 I OsenseKillAction: KillAction: Kill ProcessInfo{1620:com.google.android.odad/u0a138 oom:CEM/51/965/cch-empty mem:0/48/34 extra:181s/true/false/0/0/false}: Cached(nirvana) 0ms
09-23 15:14:10.882  3833  5192 I OsenseKillAction: KillAction: Kill ProcessInfo{1679:com.google.android.contacts:learning_bg/u0a199 oom:CEM/69/945/cch-empty mem:0/64/32 extra:180s/true/false/0/0/false}: Cached(nirvana) 1ms
09-23 15:14:10.882  3833  5192 I OsenseKillAction: KillAction: Kill ProcessInfo{2918:com.google.android.as.oss:learning_bg/u0a147 oom:CEM/99/905/cch-empty mem:0/53/33 extra:11s/true/false/0/0/false}: Cached(nirvana) 0ms
09-23 15:14:10.883  3833  5192 I OsenseKillAction: KillAction: Kill ProcessInfo{1140:com.google.android.gms.unstable/u0a149 oom:CEM/88/915/cch-empty mem:0/71/33 extra:175s/true/false/0/0/false}: Cached(nirvana) 1ms
09-23 15:14:10.883  3833  5192 I OsenseKillAction: KillAction: done execute kill, pi2app=0ms, monitor=0ms, kill=14ms, total=14ms, kill cnt=11, local cnt=11
09-23 15:14:10.883  3833  5192 I OsenseKillAction: KillAction: [atomic clean] end requestId=-1, endAvail=3429mb, reclaimed: [pss=0mb, anonRss=575mb, swap=479mb, mem=575mb, Rss=1846mb], timing: [total=30ms, update=1ms, readMem=4ms, group=10ms, cch=0ms, nonUi=0ms, oomadj=0ms, allProc=0ms, monitor=0ms, kill=14ms], sysinfo: [bgcount=1]
09-23 15:14:10.883  3833  5192 I OsenseKillAction: KillAction: 80mb more anonRss to reclaim, 0mb more swapMb to reclaim, <skip> mem guard, cur avail=3429mb, bundle: Bundle[{bgActivityAppCount=1, minBgCount=30, type=cached, scene=NirvanaLowFree, maxAppCare=79, purposeFreeMB=781}]
09-23 15:14:10.883  3833  5183 I Osense-BaseDecisionMaker: notifySceneToAthenaPolicy: SCENE_MEM_RELEASED, bundle: Bundle[{scene=SCENE_MEM_RELEASED}]
09-23 15:14:10.883  3833  5183 I Osense-BaseDecisionMaker: OSense not supported scene! SCENE_MEM_RELEASED
09-23 15:14:10.906  3833  7179 I ActivityManager: Death received, pid = 31568, processName = com.oplus.wirelesssettings for thread android.os.BinderProxy@9882cdd
09-23 15:14:10.907  1872  1872 I Zygote  : Process 31568 exited due to signal 9 (Killed)
09-23 15:14:10.907  3833  6767 I ActivityManager: Process com.oplus.wirelesssettings (pid 31568) has died: cch+65 CEM 
09-23 15:14:10.908  3833  7179 I ActivityManager: Death received, pid = 2918, processName = com.google.android.as.oss:learning_bg for thread android.os.BinderProxy@e2938c8
09-23 15:14:10.908  2061  2214 E PERFHAL-BOOSTCONFIG: PERFHAL-BOOSTCONFIG: GetBoostConfig() 1872: Not able to fetch object
09-23 15:14:10.909  3833  6779 I OStatsManager_OplusBatteryStatsManager: updateStateTime: PkgName = com.oplus.wirelesssettings, uid = 1000, state to em, mForegroundCnt = 0, isFg = false
09-23 15:14:10.909  1872  1872 I Zygote  : Process 2918 exited due to signal 9 (Killed)
09-23 15:14:10.910  2061  2214 E PERF_APPCLASSIFIER: PERF_APPCLASSIFIER: getData() 195: DBQuery failed for appName:com.oplus.wirelesssettings
09-23 15:14:10.910  3833  6767 E WindowProcessControllerExtImpl: shouldMakeAbnormalActivityFinishing, list may empty, mHasActivities: false
09-23 15:14:10.911  3833  5868 W Athena  : athena_optimize: recordTime, mLastDeathTime: 464597
09-23 15:14:10.911  3833  5868 W Athena  : athena_optimize: recordInterval,  intervalTime: 54709
09-23 15:14:10.911  3833  5868 E Athena  : athena_optimize: pkg: com.oplus.wirelesssettings, processName: com.oplus.wirelesssettingsgetPercentage: 0
09-23 15:14:10.911  3833  5244 I ActivityManager: Process com.google.android.as.oss:learning_bg (pid 2918) has died: cch+5 CEM 
09-23 15:14:10.911  2061  2214 E PERFHAL-BOOSTCONFIG: PERFHAL-BOOSTCONFIG: GetBoostConfig() 1872: Not able to fetch object
09-23 15:14:10.911  2061  2214 E PERF_APPCLASSIFIER: PERF_APPCLASSIFIER: getData() 195: DBQuery failed for appName:com.google.android.as.oss:learning_bg
09-23 15:14:10.912  3833  5868 W Athena  : athena_optimize: recordTime, mLastDeathTime: 519492
09-23 15:14:10.912  3833  5868 W Athena  : athena_optimize: recordInterval,  intervalTime: 574
09-23 15:14:10.912  3833  5868 E Athena  : athena_optimize: pkg: com.google.android.as.oss, processName: com.google.android.as.oss:learning_bggetPercentage: 0
09-23 15:14:10.913  3833  5898 I ActivityManager: Death received, pid = 22325, processName = com.oplus.stdid for thread android.os.BinderProxy@98a4d61
09-23 15:14:10.914  3833  5244 E WindowProcessControllerExtImpl: shouldMakeAbnormalActivityFinishing, list may empty, mHasActivities: false
09-23 15:14:10.914  3833  6767 I ActivityManager: Process com.oplus.stdid (pid 22325) has died: cch+65 CEM 
09-23 15:14:10.914  2061  2214 E PERF_APPCLASSIFIER: PERF_APPCLASSIFIER: getData() 195: DBQuery failed for appName:com.oplus.stdid
09-23 15:14:10.915  2061  2214 E PERFHAL-BOOSTCONFIG: PERFHAL-BOOSTCONFIG: GetBoostConfig() 1872: Not able to fetch object
09-23 15:14:10.915  3833  5868 W Athena  : athena_optimize: recordTime, mLastDeathTime: 481109
09-23 15:14:10.915  3833  5868 W Athena  : athena_optimize: recordInterval,  intervalTime: 46
09-23 15:14:10.915  3833  5868 E Athena  : athena_optimize: pkg: com.oplus.stdid, processName: com.oplus.stdidgetPercentage: 0
09-23 15:14:10.915  3833  6779 I OStatsManager_OplusBatteryStatsManager: updateStateTime: PkgName = com.oplus.stdid, uid = 1000, state to em, mForegroundCnt = 0, isFg = false
09-23 15:14:10.916 22223 22275 I metis_v2_AppDiedObserver: shortcutAppDiedCallback, fenceKey = app_died_shortcut [Metis|com.oplus.metis|2.0.20-aa39d14]
09-23 15:14:10.918  1872  1872 I Zygote  : Process 22325 exited due to signal 9 (Killed)
09-23 15:14:10.918  3833  6767 E WindowProcessControllerExtImpl: shouldMakeAbnormalActivityFinishing, list may empty, mHasActivities: false
09-23 15:14:10.922 22223 22275 I metis_v2_AppDiedObserver: shortcutAppDiedCallback, fenceKey = app_died_shortcut
09-23 15:14:10.922  1872  1872 I Zygote  : Process 29825 exited due to signal 9 (Killed)
09-23 15:14:10.922  3833  5106 I ActivityManager: Death received, pid = 29825, processName = com.google.android.calendar for thread android.os.BinderProxy@ef31df
09-23 15:14:10.922  3833  5244 I ActivityManager: Process com.google.android.calendar (pid 29825) has died: cch+75 CEM 
09-23 15:14:10.923 22224 22262 E IDHelper: 1029
09-23 15:14:10.923  2061  2214 E PERFHAL-BOOSTCONFIG: PERFHAL-BOOSTCONFIG: GetBoostConfig() 1872: Not able to fetch object
09-23 15:14:10.923 22223 22275 I metis_v2_AppDiedObserver: shortcutAppDiedCallback, fenceKey = app_died_shortcut
09-23 15:14:10.925  3833  6779 I OStatsManager_OplusBatteryStatsManager: updateStateTime: PkgName = com.google.android.calendar, uid = 10195, state to em, mForegroundCnt = 0, isFg = false
09-23 15:14:10.925  3833  5244 E WindowProcessControllerExtImpl: shouldMakeAbnormalActivityFinishing, list may empty, mHasActivities: false
09-23 15:14:10.926  1872  1872 I Zygote  : Process 1620 exited due to signal 9 (Killed)
09-23 15:14:10.926  3833  5903 I ActivityManager: Death received, pid = 1620, processName = com.google.android.odad for thread android.os.BinderProxy@798a7c8
09-23 15:14:10.926  3833  6767 I ActivityManager: Process com.google.android.odad (pid 1620) has died: cch+65 CEM 
09-23 15:14:10.926  2061  2214 E PERFHAL-BOOSTCONFIG: PERFHAL-BOOSTCONFIG: GetBoostConfig() 1872: Not able to fetch object
09-23 15:14:10.927  3833  6767 E WindowProcessControllerExtImpl: shouldMakeAbnormalActivityFinishing, list may empty, mHasActivities: false
09-23 15:14:10.927  5261  6780 V OsAgent : broadcastSystemEvent - 7
09-23 15:14:10.928 22223 22275 I metis_v2_AppDiedObserver: shortcutAppDiedCallback, fenceKey = app_died_shortcut
09-23 15:14:10.928  3833  6779 I OStatsManager_OplusBatteryStatsManager: updateStateTime: PkgName = com.google.android.odad, uid = 10138, state to em, mForegroundCnt = 0, isFg = false
09-23 15:14:10.929 22223 22275 I metis_v2_AppDiedObserver: shortcutAppDiedCallback, fenceKey = app_died_shortcut
09-23 15:14:10.930  5261  6780 V OsAgent : broadcastSystemEvent - 7
09-23 15:14:10.928  5753 12673 D ActivityAdapter: ugc uid gone, uid=10195
09-23 15:14:10.931  3833  5868 W Athena  : athena_optimize: recordTime, mLastDeathTime: 518447
09-23 15:14:10.931  3833  5868 W Athena  : athena_optimize: recordInterval,  intervalTime: 87
09-23 15:14:10.931  3833  5868 E Athena  : athena_optimize: pkg: com.google.android.calendar, processName: com.google.android.calendargetPercentage: 0
09-23 15:14:10.931  3833  5868 W Athena  : athena_optimize: recordTime, mLastDeathTime: 481109
09-23 15:14:10.931  3833  5868 W Athena  : athena_optimize: recordInterval,  intervalTime: 38829
09-23 15:14:10.931  3833  5868 E Athena  : athena_optimize: pkg: com.google.android.odad, processName: com.google.android.odadgetPercentage: 0
09-23 15:14:10.932  5531  6019 D OplusLinkBoostSceneManager: sceneStateUpdate: 5023,com.google.android.calendar,switch:[false, true, true, true]
09-23 15:14:10.932  5531  6019 D OplusLinkBoostCommon: onSceneUpdated: 5023,com.google.android.calendar
09-23 15:14:10.932  5531  6019 D OplusLinkBoostSceneManager: sceneStateUpdate: 5023,com.google.android.odad,switch:[false, true, true, true]
09-23 15:14:10.932  5531  6019 D OplusLinkBoostCommon: onSceneUpdated: 5023,com.google.android.odad
09-23 15:14:10.931  5753 12673 D ActivityAdapter: ugc uid gone, uid=10138
09-23 15:14:10.934  3833  7186 I ActivityManager: Death received, pid = 31441, processName = com.google.android.apps.restore for thread android.os.BinderProxy@e5091c1
09-23 15:14:10.934  3833  5244 I ActivityManager: Process com.google.android.apps.restore (pid 31441) has died: cch+75 CEM 
09-23 15:14:10.935  1872  1872 I Zygote  : Process 31441 exited due to signal 9 (Killed)
09-23 15:14:10.935  3833  5868 W Athena  : athena_optimize: recordTime, mLastDeathTime: 476189
09-23 15:14:10.935  3833  5868 W Athena  : athena_optimize: recordInterval,  intervalTime: 43114
09-23 15:14:10.936  3833  5868 E Athena  : athena_optimize: pkg: com.google.android.apps.restore, processName: com.google.android.apps.restoregetPercentage: 0
09-23 15:14:10.936  1872  1872 I Zygote  : Process 24186 exited due to signal 9 (Killed)
09-23 15:14:10.936  3833  5244 E WindowProcessControllerExtImpl: shouldMakeAbnormalActivityFinishing, list may empty, mHasActivities: false
09-23 15:14:10.936  2061  2214 E PERFHAL-BOOSTCONFIG: PERFHAL-BOOSTCONFIG: GetBoostConfig() 1872: Not able to fetch object
09-23 15:14:10.936  3833  5735 I ActivityManager: Death received, pid = 24186, processName = com.google.android.apps.wellbeing for thread android.os.BinderProxy@77d7529
09-23 15:14:10.936  5753 12673 D ActivityAdapter: ugc uid gone, uid=10143
09-23 15:14:10.936  3833  6779 I OStatsManager_OplusBatteryStatsManager: updateStateTime: PkgName = com.google.android.apps.restore, uid = 10143, state to em, mForegroundCnt = 0, isFg = false
09-23 15:14:10.937 22223 22275 I metis_v2_AppDiedObserver: shortcutAppDiedCallback, fenceKey = app_died_shortcut
09-23 15:14:10.937  5261  6780 V OsAgent : broadcastSystemEvent - 7
09-23 15:14:10.937  3833  6767 I ActivityManager: Process com.google.android.apps.wellbeing (pid 24186) has died: cch+75 CEM 
09-23 15:14:10.937  2061  2214 E PERFHAL-BOOSTCONFIG: PERFHAL-BOOSTCONFIG: GetBoostConfig() 1872: Not able to fetch object
09-23 15:14:10.938  5531  6019 D OplusLinkBoostSceneManager: sceneStateUpdate: 5023,com.google.android.apps.restore,switch:[false, true, true, true]
09-23 15:14:10.938  5531  6019 D OplusLinkBoostCommon: onSceneUpdated: 5023,com.google.android.apps.restore
09-23 15:14:10.938  2032 28029 I sensors-hal: handle_oplus_wise_rgb_event:191, wise_rgb: (r, g, b, c)[543.00, 590.00, 357.00, 1364.00],(r2,g2,b2,c2)[[0.00, 0.00, 0.00, 0.00], algo:5.0, flag :0
09-23 15:14:10.939  3833  6767 E WindowProcessControllerExtImpl: shouldMakeAbnormalActivityFinishing, list may empty, mHasActivities: false
09-23 15:14:10.939  3833  6779 I OStatsManager_OplusBatteryStatsManager: updateStateTime: PkgName = com.google.android.apps.wellbeing, uid = 10153, state to em, mForegroundCnt = 0, isFg = false
09-23 15:14:10.940 22223 22275 I metis_v2_AppDiedObserver: shortcutAppDiedCallback, fenceKey = app_died_shortcut
09-23 15:14:10.940  5261  6780 V OsAgent : broadcastSystemEvent - 7
09-23 15:14:10.941  5753 12673 D ActivityAdapter: ugc uid gone, uid=10153
09-23 15:14:10.941  5531  6019 D OplusLinkBoostSceneManager: sceneStateUpdate: 5023,com.google.android.apps.wellbeing,switch:[false, true, true, true]
09-23 15:14:10.941  5531  6019 D OplusLinkBoostCommon: onSceneUpdated: 5023,com.google.android.apps.wellbeing
09-23 15:14:10.942  3833  5868 W Athena  : athena_optimize: recordTime, mLastDeathTime: 481109
09-23 15:14:10.942  3833  5868 W Athena  : athena_optimize: recordInterval,  intervalTime: 12247
09-23 15:14:10.942  3833  5868 E Athena  : athena_optimize: pkg: com.google.android.apps.wellbeing, processName: com.google.android.apps.wellbeinggetPercentage: 0
09-23 15:14:10.943  1872  1872 I Zygote  : Process 1679 exited due to signal 9 (Killed)
09-23 15:14:10.943  1175  1175 I adbd    : Remote process closed the socket (on MSG_PEEK)
09-23 15:14:10.944  3833  5735 I ActivityManager: Death received, pid = 1679, processName = com.google.android.contacts:learning_bg for thread android.os.BinderProxy@d7cb086
09-23 15:14:10.944  3833  5244 I ActivityManager: Process com.google.android.contacts:learning_bg (pid 1679) has died: cch+45 CEM 
09-23 15:14:10.944  3833  4762 D ConnectivityService: releasing NetworkRequest [ REQUEST id=3930, [ Capabilities: INTERNET&NOT_RESTRICTED&TRUSTED&NOT_VCN_MANAGED&NOT_BANDWIDTH_CONSTRAINED Uid: 10199 RequestorUid: 10199 RequestorPkg: com.google.android.contacts UnderlyingNetworks: Null] ] (release request)
09-23 15:14:10.946  2061  2214 E PERFHAL-BOOSTCONFIG: PERFHAL-BOOSTCONFIG: GetBoostConfig() 1872: Not able to fetch object
09-23 15:14:10.946  2061  2214 E PERF_APPCLASSIFIER: PERF_APPCLASSIFIER: getData() 195: DBQuery failed for appName:com.google.android.contacts:learning_bg
09-23 15:14:10.946 22223 22275 I metis_v2_AppDiedObserver: shortcutAppDiedCallback, fenceKey = app_died_shortcut
09-23 15:14:10.946  1145  1145 E lowmemorykiller: device memory 865545 free 83527 file 855384
09-23 15:14:10.946  3833  5244 E WindowProcessControllerExtImpl: shouldMakeAbnormalActivityFinishing, list may empty, mHasActivities: false
09-23 15:14:10.947  3833  5868 W Athena  : athena_optimize: recordTime, mLastDeathTime: 465048
09-23 15:14:10.947  1872  1872 I Zygote  : Process 22408 exited due to signal 9 (Killed)
09-23 15:14:10.948  3833  5313 I ActivityManager: Death received, pid = 22408, processName = com.heytap.htms:cloudctrl for thread android.os.BinderProxy@efd1974
09-23 15:14:10.948  3833  5868 W Athena  : athena_optimize: recordInterval,  intervalTime: 54890
09-23 15:14:10.948  3833  5868 E Athena  : athena_optimize: pkg: com.google.android.contacts, processName: com.google.android.contacts:learning_bggetPercentage: 0
09-23 15:14:10.948  3833  6767 I ActivityManager: Process com.heytap.htms:cloudctrl (pid 22408) has died: cch+65 CEM 
09-23 15:14:10.948  2061  2214 E PERF_APPCLASSIFIER: PERF_APPCLASSIFIER: getData() 195: DBQuery failed for appName:com.heytap.htms:cloudctrl
09-23 15:14:10.948  2061  2214 E PERFHAL-BOOSTCONFIG: PERFHAL-BOOSTCONFIG: GetBoostConfig() 1872: Not able to fetch object
09-23 15:14:10.948  1872  1872 I Zygote  : Process 1140 exited due to signal 9 (Killed)
09-23 15:14:10.949  3833  4495 I ActivityManager: Death received, pid = 1140, processName = com.google.android.gms.unstable for thread android.os.BinderProxy@33d5e9d
09-23 15:14:10.949  3833  6779 I OStatsManager_OplusBatteryStatsManager: updateStateTime: PkgName = com.heytap.htms, uid = 10235, state to em, mForegroundCnt = 0, isFg = false
09-23 15:14:10.949  5753 12673 D ActivityAdapter: ugc uid gone, uid=10235
09-23 15:14:10.950  3833  6767 E WindowProcessControllerExtImpl: shouldMakeAbnormalActivityFinishing, list may empty, mHasActivities: false
09-23 15:14:10.950 22223 22275 I metis_v2_AppDiedObserver: shortcutAppDiedCallback, fenceKey = app_died_shortcut
09-23 15:14:10.950  3833  5868 W Athena  : athena_optimize: recordTime, mLastDeathTime: 481109
09-23 15:14:10.950  3833  5868 W Athena  : athena_optimize: recordInterval,  intervalTime: 46
09-23 15:14:10.950  3833  5868 E Athena  : athena_optimize: pkg: com.heytap.htms, processName: com.heytap.htms:cloudctrlgetPercentage: 0
09-23 15:14:10.950  5531  6019 D OplusLinkBoostSceneManager: sceneStateUpdate: 5023,com.heytap.htms,switch:[false, true, true, true]
09-23 15:14:10.950  5531  6019 D OplusLinkBoostCommon: onSceneUpdated: 5023,com.heytap.htms
09-23 15:14:10.950  3833  5244 I ActivityManager: Process com.google.android.gms.unstable (pid 1140) has died: cch+15 CEM 
09-23 15:14:10.950  5261  6780 V OsAgent : broadcastSystemEvent - 7
09-23 15:14:10.950  2061  2214 E PERF_APPCLASSIFIER: PERF_APPCLASSIFIER: getData() 195: DBQuery failed for appName:com.google.android.gms.unstable
09-23 15:14:10.950  2061  2214 E PERFHAL-BOOSTCONFIG: PERFHAL-BOOSTCONFIG: GetBoostConfig() 1872: Not able to fetch object
09-23 15:14:10.951  3833  5868 W Athena  : athena_optimize: recordTime, mLastDeathTime: 519492
09-23 15:14:10.951  3833  5244 E WindowProcessControllerExtImpl: shouldMakeAbnormalActivityFinishing, list may empty, mHasActivities: false
09-23 15:14:10.951  3833  5868 W Athena  : athena_optimize: recordInterval,  intervalTime: 446
09-23 15:14:10.951  3833  5868 E Athena  : athena_optimize: pkg: com.google.android.gms, processName: com.google.android.gms.unstablegetPercentage: 0
09-23 15:14:10.952 22223 22275 I metis_v2_AppDiedObserver: shortcutAppDiedCallback, fenceKey = app_died_shortcut
09-23 15:14:10.961  3833  4016 I libprocessgroup: Removed cgroup /sys/fs/cgroup/apps/uid_10213/pid_27401
09-23 15:14:10.961  1872  1872 I Zygote  : Process 27401 exited due to signal 9 (Killed)
09-23 15:14:10.961  3833  4016 I libprocessgroup: Removed cgroup /sys/fs/cgroup/apps/uid_10195/pid_29825
09-23 15:14:10.961  3833  4016 I libprocessgroup: Removed cgroup /sys/fs/cgroup/apps/uid_10143/pid_31441
09-23 15:14:10.961  3833  5894 I ActivityManager: Death received, pid = 27401, processName = com.google.android.youtube for thread android.os.BinderProxy@ad3d5e
09-23 15:14:10.961  3833  4016 I libprocessgroup: Removed cgroup /sys/fs/cgroup/apps/uid_10153/pid_24186
09-23 15:14:10.961  3833  4016 I libprocessgroup: Removed cgroup /sys/fs/cgroup/system/uid_1000/pid_31568
09-23 15:14:10.962  3833  4016 I libprocessgroup: Removed cgroup /sys/fs/cgroup/system/uid_1000/pid_22325
09-23 15:14:10.962  3833  4016 I libprocessgroup: Removed cgroup /sys/fs/cgroup/apps/uid_10235/pid_22408
09-23 15:14:10.962  3833  6767 I ActivityManager: Process com.google.android.youtube (pid 27401) has died: cch+75 CEM 
09-23 15:14:10.962  3833  4016 I libprocessgroup: Removed cgroup /sys/fs/cgroup/apps/uid_10138/pid_1620
09-23 15:14:10.962  3833  4762 D ConnectivityService: releasing NetworkRequest [ REQUEST id=3860, [ Capabilities: INTERNET&NOT_RESTRICTED&TRUSTED&NOT_VCN_MANAGED&NOT_BANDWIDTH_CONSTRAINED Uid: 10213 RequestorUid: 10213 RequestorPkg: com.google.android.youtube UnderlyingNetworks: Null] ] (release request)
09-23 15:14:10.962  2061  2214 E PERFHAL-BOOSTCONFIG: PERFHAL-BOOSTCONFIG: GetBoostConfig() 1872: Not able to fetch object
09-23 15:14:10.962  3833  4016 I libprocessgroup: Removed cgroup /sys/fs/cgroup/apps/uid_10199/pid_1679
09-23 15:14:10.962  3833  4016 I libprocessgroup: Removed cgroup /sys/fs/cgroup/apps/uid_10147/pid_2918
09-23 15:14:10.962  3833  4016 I libprocessgroup: Removed cgroup /sys/fs/cgroup/apps/uid_10149/pid_1140
09-23 15:14:10.962  3833  4762 D ConnectivityService: releasing NetworkRequest [ REQUEST id=3853, [ Capabilities: INTERNET&NOT_RESTRICTED&TRUSTED&NOT_VCN_MANAGED&NOT_BANDWIDTH_CONSTRAINED Uid: 10213 RequestorUid: 10213 RequestorPkg: com.google.android.youtube UnderlyingNetworks: Null] ] (release request)
09-23 15:14:10.963  3833  4762 D ConnectivityService: releasing NetworkRequest [ REQUEST id=3851, [ Capabilities: INTERNET&NOT_RESTRICTED&TRUSTED&NOT_VCN_MANAGED&NOT_BANDWIDTH_CONSTRAINED Uid: 10213 RequestorUid: 10213 RequestorPkg: com.google.android.youtube UnderlyingNetworks: Null] ] (release request)
09-23 15:14:10.963  3833  4762 D ConnectivityService: releasing NetworkRequest [ REQUEST id=3858, [ Capabilities: INTERNET&NOT_RESTRICTED&TRUSTED&NOT_VCN_MANAGED&NOT_BANDWIDTH_CONSTRAINED Uid: 10213 RequestorUid: 10213 RequestorPkg: com.google.android.youtube UnderlyingNetworks: Null] ] (release request)
09-23 15:14:10.963  3833  6779 I OStatsManager_OplusBatteryStatsManager: updateStateTime: PkgName = com.google.android.youtube, uid = 10213, state to em, mForegroundCnt = 0, isFg = false
09-23 15:14:10.964  3833  5868 W Athena  : athena_optimize: recordTime, mLastDeathTime: 476189
09-23 15:14:10.964  3833  5868 W Athena  : athena_optimize: recordInterval,  intervalTime: 41268
09-23 15:14:10.964  3833  5868 E Athena  : athena_optimize: pkg: com.google.android.youtube, processName: com.google.android.youtubegetPercentage: 0
09-23 15:14:10.964 22223 22275 I metis_v2_AppDiedObserver: shortcutAppDiedCallback, fenceKey = app_died_shortcut
09-23 15:14:10.965  3833  6767 E WindowProcessControllerExtImpl: shouldMakeAbnormalActivityFinishing, list may empty, mHasActivities: false
09-23 15:14:10.965  5753 12673 D ActivityAdapter: ugc uid gone, uid=10213
09-23 15:14:10.965  5261  6780 V OsAgent : broadcastSystemEvent - 7
09-23 15:14:10.966  5531  6019 D OplusLinkBoostSceneManager: sceneStateUpdate: 5023,com.google.android.youtube,switch:[false, true, true, true]
09-23 15:14:10.966  5531  6019 D OplusLinkBoostCommon: onSceneUpdated: 5023,com.google.android.youtube
09-23 15:14:11.051  1145  1145 E lowmemorykiller: device memory 864999 free 121075 file 811311
09-23 15:14:11.152  1145  1145 E lowmemorykiller: device memory 723961 free 56705 file 749932
09-23 15:14:11.160  2112  2183 D BatteryChargeControl: bcc get no support from charging protocol
09-23 15:14:11.252  1145  1145 E lowmemorykiller: device memory 696145 free 83307 file 692326
09-23 15:14:11.262  2032 28029 I sensors-hal: handle_oplus_wise_rgb_event:191, wise_rgb: (r, g, b, c)[542.00, 589.00, 358.00, 1366.00],(r2,g2,b2,c2)[[0.00, 0.00, 0.00, 0.00], algo:5.0, flag :0
09-23 15:14:11.270  1145  1145 E lowmemorykiller: device memory 697612 free 86163 file 689995
09-23 15:14:11.351  1145  1145 E lowmemorykiller: device memory 699272 free 102577 file 674276
09-23 15:14:11.452  1145  1145 E lowmemorykiller: device memory 699762 free 103543 file 673905
09-23 15:14:11.553  1145  1145 E lowmemorykiller: device memory 699634 free 103415 file 673905
09-23 15:14:11.587  2032 28029 I sensors-hal: handle_oplus_wise_rgb_event:191, wise_rgb: (r, g, b, c)[542.00, 590.00, 359.00, 1366.00],(r2,g2,b2,c2)[[0.00, 0.00, 0.00, 0.00], algo:5.0, flag :0
09-23 15:14:11.592  3034  3493 D MemoryMonitor: Current PSS: 7348076KB, Max PSS: 7348076KB
09-23 15:14:11.661 23395 23421 I APS_ALOG: flushRoutine g_immediateFlush=0 g_pendingCount=18 g_oobCount=0 asan-debug7
09-23 15:14:11.855 22223 22235 I metis_v2_OsenseCallBack: memLevel: 0 [Metis|com.oplus.metis|2.0.20-aa39d14]
09-23 15:14:11.859  3034  3104 D MNN_DEBUG: LIFECYCLE: LlmSession CREATED at 0xb4000076a4bfa000, load_success=1
09-23 15:14:11.859  3034  3104 D MNN_DEBUG: createLLM EndLoad -5476376637312360448 
09-23 15:14:11.859  3034  3104 D LlmSession: MNN_DEBUG load initNative end
09-23 15:14:11.859  3034  3104 D MemoryMonitor: Current PSS: 7348752KB, Max PSS: 7348752KB
09-23 15:14:11.860  3034  3104 D LlmSession: updateConfig: {"jinja":{"context":{"enable_thinking":false}}}
09-23 15:14:11.860  3034  3104 D MNN_DEBUG: Updated config applied: {"backend_type":"opencl","jinja":{"context":{"enable_thinking":false}},"llm_model":"llm.mnn","llm_weight":"llm.mnn.weight","memory":"high","n_gram":8,"ngram_factor":1.0,"precision":"high","sampler_type":"mixed","temperature":0.8,"thread_num":4,"typical":0.95,"use_mmap":false}
09-23 15:14:11.860  3034  3104 D MNN_DEBUG: THINKDEBUG jinja present in current_config_ after merge: {"context":{"enable_thinking":false}}
09-23 15:14:11.860  3034  3104 I THINKDEBUG: pushed jinja fragment: {"jinja":{"context":{"enable_thinking":false}}}
09-23 15:14:11.860  3034  3104 I BenchmarkHeadless: run_id=run_1_1790201643091 ENABLE_THINKING=false
09-23 15:14:11.860  3034  3104 I BenchmarkHeadless: run_id=run_1_1790201643091 MAX_TOKENS=4096
09-23 15:14:11.862  3034  3104 D LlmSession: start generate prompt: What is the Capital of France?
09-23 15:14:11.862  3034  3104 D LlmSession: MNN_DEBUG submitWhat is the Capital of France?
09-23 15:14:11.862  3034  3104 D MNN_DEBUG: submitNative history count 2
09-23 15:14:11.862  3034  3104 D MNN_DEBUG: submitNative prompt_string_for_debug count You are a helpful assistant.What is the Capital of France? max_new_tokens_:4096
09-23 15:14:11.862  3034  3104 D MNN_DEBUG: PROMPTDEBUG rendered_chat_template_prompt: <|im_start|>system\nYou are a helpful assistant.<|im_end|>\n<|im_start|>user\nWhat is the Capital of France?<|im_end|>\n<|im_start|>assistant\n
09-23 15:14:11.862  3034  3104 D MNN_DEBUG: No multimodal content detected, using regular text API
09-23 15:14:11.866  3034  3544 I PowerSampler: POWER_UNIT_INTERPRETATION source=BatteryManager.BATTERY_PROPERTY_CURRENT_NOW rawSample=-7 interpretedAs=milliamps (already-mA workaround applied, scaled x1000)
09-23 15:14:11.911  2032 28029 I sensors-hal: handle_oplus_wise_rgb_event:191, wise_rgb: (r, g, b, c)[542.00, 590.00, 357.00, 1367.00],(r2,g2,b2,c2)[[0.00, 0.00, 0.00, 0.00], algo:5.0, flag :0
09-23 15:14:12.000  3833  5195 I Osense-PsiDetector: 2726,458,6602,8704,25,734,6198,2138,2708,2080,551,0,16,7138
09-23 15:14:12.001 22223 22235 I metis_v2_OsenseCallBack: memLevel: 4 [Metis|com.oplus.metis|2.0.20-aa39d14]
09-23 15:14:12.004  3833  5183 I Osense-BaseDecisionMaker: notifySceneToAthenaPolicy: SCENE_RES_MEM_PSI_NORMAL, bundle: Bundle[{memLevel=4}]
09-23 15:14:12.006  3833  5183 I Osense-BaseDecisionMaker: notifySceneToAthenaPolicy: SCENE_RES_MEM_PSI_LEAK, bundle: Bundle[{memLevel=4}]
09-23 15:14:12.162  2112  2183 D BatteryChargeControl: bcc get no support from charging protocol
09-23 15:14:12.236  2032 28029 I sensors-hal: handle_oplus_wise_rgb_event:191, wise_rgb: (r, g, b, c)[542.00, 590.00, 359.00, 1367.00],(r2,g2,b2,c2)[[0.00, 0.00, 0.00, 0.00], algo:5.0, flag :0
09-23 15:14:12.236  2032 28029 I sensors-hal: handle_oplus_wise_rgb_event:217, high_pwm_light:lux 70.8,cct 1170255.6,brl/algo/ir 0.0/5.0/0.0,pwm/dc 0.0/0.0,rgbc 542.000000/590.000000/359.000000/1367.000000,ts 520121329417808,cnt 48850,flag 0
09-23 15:14:12.236  3833  4659 D FusionLightNextGen: process end reported = 1, mode: 0, cnt: 7085, lux 50.9, cct -1.0, r/g/b/c: 542.0/590.0/359.0/1367.0, R/G/B: -1.0/-1.0/-1.0, bri 0.0, match 0.00, ir 0.657551, conf 0.0, ts 520121329417808
09-23 15:14:12.258  1145  1145 E lowmemorykiller: device memory 808351 free 209618 file 673932
09-23 15:14:12.561  2032 28029 I sensors-hal: handle_oplus_wise_rgb_event:191, wise_rgb: (r, g, b, c)[541.00, 591.00, 358.00, 1370.00],(r2,g2,b2,c2)[[0.00, 0.00, 0.00, 0.00], algo:5.0, flag :0
09-23 15:14:12.593  3034  3493 D MemoryMonitor: Current PSS: 6399936KB, Max PSS: 7348752KB
09-23 15:14:12.853  2072 29069 V Codec2-DumpInput: [processLoop:L764][c2.qti.hevc.decoder_136]QueueRead[0] empty, waiting buffer.
09-23 15:14:12.885  2032 28029 I sensors-hal: handle_oplus_wise_rgb_event:191, wise_rgb: (r, g, b, c)[542.00, 589.00, 357.00, 1366.00],(r2,g2,b2,c2)[[0.00, 0.00, 0.00, 0.00], algo:5.0, flag :0
09-23 15:14:13.006 22223 22235 I metis_v2_OsenseCallBack: memLevel: 0 [Metis|com.oplus.metis|2.0.20-aa39d14]
09-23 15:14:13.099  2112  2194 D [ANTI_EXPANSION]: GetAdapterInPlacesStatus : usb_online=1, ac_online=0, wireless_online=0, buf=Full,status=1
09-23 15:14:13.107  2112  2194 D [ANTI_EXPANSION]: mKeyAntiExpansionData :1790201353,1790144878,87,95,70,84,0,0,0,0,0,0,0,0,0,0,0,0,0,0,0,0,0,0,0,0,0,157,0.C=}.L=96!!!
09-23 15:14:13.107  2112  2194 D [ANTI_EXPANSION]: chg_update_anti_expansion_check_thread In progress: [100,true] [1790201653,93668] [1,1],[87,84,4] 116
09-23 15:14:13.143  3833  5195 W OPLUS_LOG_LOAD: ==LOGS PROG INFO, prog(system_server) ==
09-23 15:14:13.143  3833  5195 I Osense-PsiDetector: 3610,1343,6602,8704,25,734,6198,1235,2708,2080,551,0,16,7138
09-23 15:14:13.145 22223 22235 I metis_v2_OsenseCallBack: memLevel: 4 [Metis|com.oplus.metis|2.0.20-aa39d14]
09-23 15:14:13.147  3833  5183 I Osense-BaseDecisionMaker: notifySceneToAthenaPolicy: SCENE_RES_MEM_PSI_NORMAL, bundle: Bundle[{memLevel=4}]
09-23 15:14:13.149  3833  5183 I Osense-BaseDecisionMaker: notifySceneToAthenaPolicy: SCENE_RES_MEM_PSI_LEAK, bundle: Bundle[{memLevel=4}]
09-23 15:14:13.163  2112  2183 D BatteryChargeControl: bcc get no support from charging protocol
09-23 15:14:13.210  2032 28029 I sensors-hal: handle_oplus_wise_rgb_event:191, wise_rgb: (r, g, b, c)[542.00, 590.00, 359.00, 1368.00],(r2,g2,b2,c2)[[0.00, 0.00, 0.00, 0.00], algo:5.0, flag :0
09-23 15:14:13.534  2032 28029 I sensors-hal: handle_oplus_wise_rgb_event:191, wise_rgb: (r, g, b, c)[541.00, 590.00, 359.00, 1366.00],(r2,g2,b2,c2)[[0.00, 0.00, 0.00, 0.00], algo:5.0, flag :0
09-23 15:14:13.558  1334 21489 I android.system.suspend-service: First holding wakelock name = PowerManagerService.WakeLocks
09-23 15:14:13.563  3833  4014 D NotificationService--OplusNotificationFixHelper: fixAppIcon: pkg=com.alibaba.mnnllm.android
09-23 15:14:13.563  3833  4014 D NotificationService--OplusNotificationFixHelper: fixAppIcon: appIcon = null, pkg = com.alibaba.mnnllm.android
09-23 15:14:13.564  3833  4014 D NotificationService--NotificationRecord: isSupportRearLight , isRearLight = false mLedRM = false isMultilLed = false
09-23 15:14:13.567  1334 21489 I android.system.suspend-service: Last release wakelock name = PowerManagerService.WakeLocks
09-23 15:14:13.567  1334 21489 I android.system.suspend-service: mAutosuspendEnabled=1
09-23 15:14:13.594  3034  3493 D MemoryMonitor: Current PSS: 6404628KB, Max PSS: 7348752KB
09-23 15:14:13.633  2112  2165 D vendor.oplus.hardware.charger-V10-service: parallel fold conf file parse fail parallel_fold_state 2
09-23 15:14:13.633  2112  2165 D vendor.oplus.hardware.charger-V10-service: scale_chg Start!!!
09-23 15:14:13.634  2112  2165 D vendor.oplus.hardware.charger-V10-service: [0, 0, 3]
09-23 15:14:13.634  2112  2165 D vendor.oplus.hardware.charger-V10-service: [0, 2, 10]
09-23 15:14:13.634  2112  2165 D vendor.oplus.hardware.charger-V10-service: [0, 1, 3]
09-23 15:14:13.634  2112  2165 D vendor.oplus.hardware.charger-V10-service: [0, 3, 4]
09-23 15:14:13.634  2112  2165 D vendor.oplus.hardware.charger-V10-service: [0, 4, 4]
09-23 15:14:13.634  2112  2165 D vendor.oplus.hardware.charger-V10-service: [0, 5, 3]
09-23 15:14:13.634  2112  2165 D vendor.oplus.hardware.charger-V10-service: [0, 6, 10]
09-23 15:14:13.634  2112  2165 D vendor.oplus.hardware.charger-V10-service: scale_chg Start!!!
09-23 15:14:13.634  2112  2165 D vendor.oplus.hardware.charger-V10-service: [0, 0, 3]
09-23 15:14:13.634  2112  2165 D vendor.oplus.hardware.charger-V10-service: [0, 2, 10]
09-23 15:14:13.635  2112  2165 D vendor.oplus.hardware.charger-V10-service: [0, 1, 3]
09-23 15:14:13.635  2112  2165 D vendor.oplus.hardware.charger-V10-service: [0, 3, 4]
09-23 15:14:13.635  2112  2165 D vendor.oplus.hardware.charger-V10-service: [0, 4, 4]
09-23 15:14:13.635  2112  2165 D vendor.oplus.hardware.charger-V10-service: [0, 5, 3]
09-23 15:14:13.635  2112  2165 D vendor.oplus.hardware.charger-V10-service: [0, 6, 10]
09-23 15:14:13.858  2032 28029 I sensors-hal: handle_oplus_wise_rgb_event:191, wise_rgb: (r, g, b, c)[541.00, 590.00, 359.00, 1370.00],(r2,g2,b2,c2)[[0.00, 0.00, 0.00, 0.00], algo:5.0, flag :0
09-23 15:14:13.858  3833  4659 D FusionLightNextGen: process end reported = 1, mode: 0, cnt: 7090, lux 50.8, cct -1.0, r/g/b/c: 541.0/590.0/359.0/1370.0, R/G/B: -1.0/-1.0/-1.0, bri 0.0, match 0.00, ir 0.658620, conf 0.0, ts 520122951708745
09-23 15:14:14.002  2112  2180 D vendor.oplus.hardware.charger-V10-service: ret_value:168, read content:,281,281,4485,4483,-6,100,100,1,9,1048704,675,5146,100,0,4530,500,2000,0,0,3500,0,0,1,0,2,1,0,0,4,7763,100,7158,6190,6190,0,0,0,0,0,101,100.00,100,100.00,94.54,100.00,
09-23 15:14:14.003  2112  2180 D vendor.oplus.hardware.charger-V10-service: gmtime: 2026-09-23-15-14-14
09-23 15:14:14.005  2112  2180 D vendor.oplus.hardware.charger-V10-service: usb_online:1, ac_online:-2147483648, wireless_online:0
09-23 15:14:14.146 22223 22235 I metis_v2_OsenseCallBack: memLevel: 0 [Metis|com.oplus.metis|2.0.20-aa39d14]
09-23 15:14:14.164  2112  2183 D BatteryChargeControl: bcc get no support from charging protocol
09-23 15:14:14.171  7431  2977 I PTC.DISC.AndroidMultiLanServer: Watcher sysNif=[wlan0], userNif=[wlan0 state=(LISTEN JOIN(2CEDBD|21701)), , null], clientNif=[wlan0 state=(LISTEN), , ], tcpServer state=LISTEN, ipv4=**0.239
09-23 15:14:14.183  2032 28029 I sensors-hal: handle_oplus_wise_rgb_event:191, wise_rgb: (r, g, b, c)[542.00, 589.00, 357.00, 1368.00],(r2,g2,b2,c2)[[0.00, 0.00, 0.00, 0.00], algo:5.0, flag :0
09-23 15:14:14.507  2032 28029 I sensors-hal: handle_oplus_wise_rgb_event:191, wise_rgb: (r, g, b, c)[542.00, 591.00, 358.00, 1368.00],(r2,g2,b2,c2)[[0.00, 0.00, 0.00, 0.00], algo:5.0, flag :0
09-23 15:14:14.594  3034  3493 D MemoryMonitor: Current PSS: 6410900KB, Max PSS: 7348752KB
09-23 15:14:14.835  2032 28029 I sensors-hal: handle_oplus_wise_rgb_event:191, wise_rgb: (r, g, b, c)[543.00, 590.00, 358.00, 1369.00],(r2,g2,b2,c2)[[0.00, 0.00, 0.00, 0.00], algo:5.0, flag :0
09-23 15:14:15.155  2032 28029 I sensors-hal: handle_oplus_wise_rgb_event:191, wise_rgb: (r, g, b, c)[541.00, 591.00, 359.00, 1368.00],(r2,g2,b2,c2)[[0.00, 0.00, 0.00, 0.00], algo:5.0, flag :0
09-23 15:14:15.165  2112  2183 D BatteryChargeControl: bcc get no support from charging protocol
09-23 15:14:15.191  7776  9897 D ShellSubscriberWorkerThread: the first 8 bytes empty, and RestData length > 8 
09-23 15:14:15.477  2032 28029 I sensors-hal: handle_oplus_wise_rgb_event:191, wise_rgb: (r, g, b, c)[542.00, 589.00, 360.00, 1369.00],(r2,g2,b2,c2)[[0.00, 0.00, 0.00, 0.00], algo:5.0, flag :0
09-23 15:14:15.477  2032 28029 I sensors-hal: handle_oplus_wise_rgb_event:217, high_pwm_light:lux 70.7,cct 1294581.1,brl/algo/ir 0.0/5.0/0.0,pwm/dc 0.0/0.0,rgbc 542.000000/589.000000/360.000000/1369.000000,ts 520124570910620,cnt 48860,flag 0
09-23 15:14:15.477  3833  4659 D FusionLightNextGen: process end reported = 1, mode: 0, cnt: 7095, lux 50.8, cct -1.0, r/g/b/c: 542.0/589.0/360.0/1369.0, R/G/B: -1.0/-1.0/-1.0, bri 0.0, match 0.00, ir 0.658051, conf 0.0, ts 520124570910620
09-23 15:14:15.485  2642 29063 W OplusFeedbackInfo: callingPid(5073) 0xb400007132237f00 c2.qti.hevc.decoder codec[0xb4000071322f0000] 1272x2776 inputFps=0 outputFps=0 renderFps=0, discardFps=0
09-23 15:14:15.501  1334 21489 I android.system.suspend-service: First holding wakelock name = qms_event_Handler_wakeLock_
09-23 15:14:15.502  1334 21489 I android.system.suspend-service: Last release wakelock name = qms_event_Handler_wakeLock_
09-23 15:14:15.502  1334 21489 I android.system.suspend-service: mAutosuspendEnabled=1
09-23 15:14:15.594  3034  3493 D MemoryMonitor: Current PSS: 6408100KB, Max PSS: 7348752KB
09-23 15:14:15.696  2028  2028 D healthd : system healthd: battery l=100 v=4485 t=28.1 h=2 st=5 c=0 fc=7300000 cc=0 chg=u
09-23 15:14:15.703  2112  2112 D ChargerInfo: getInfo: type: 0x1, update: 1
09-23 15:14:15.703  2112  2162 D ChargerInfo: chargerInfoUpdateThread: update start
09-23 15:14:15.712  2112  2162 D ChargerInfo: wlsAdapterPower: path(/sys/class/oplus_chg/wireless/max_w_power): not exist
09-23 15:14:15.713  2112  2162 D ChargerInfo: unknown: path(/sys/class/oplus_chg/ac/online) and backupPath(/sys/class/power_supply/ac/online) not exist
09-23 15:14:15.714  2112  2162 D ChargerInfo: unknown: path(/sys/class/oplus_chg/ac/online) and backupPath(/sys/class/power_supply/ac/online) not exist
09-23 15:14:15.714  2112  2162 D ChargerInfo: get_ui_charge_icon_type: 0 0 0 0
09-23 15:14:15.715  2112  2162 D ChargerInfo: unknown: path(/sys/class/oplus_chg/ac/online) and backupPath(/sys/class/power_supply/ac/online) not exist
09-23 15:14:15.715  2112  2162 D ChargerInfo: unknown: path(/sys/class/oplus_chg/ac/online) and backupPath(/sys/class/power_supply/ac/online) not exist
09-23 15:14:15.715  2112  2162 E ChargerInfo: SingleHyperPath not found
09-23 15:14:15.716  2112  2162 D ChargerInfo: chargerInfoUpdateThread: update end
09-23 15:14:15.716  2112  2162 D ChargerInfo: chargerInfoUpdateThread: update wait
09-23 15:14:15.716  2112  2112 D ChargerInfo: wlsAdapterPower: path(/sys/class/oplus_chg/wireless/max_w_power): not exist
09-23 15:14:15.716  2112  2112 D ChargerInfo: getInfo: {"Update":{"batteryFcc":6740,"batteryRm":6190,"bddLeakCurr":0,"bmsStatus":0,"bypassChgStatus":2,"chargeTimeRemaining":0,"cpaPower":10,"enableTx":"disable","fastCharge":0,"isSupportSpeedCharge":0,"notifyCode":1048704,"otgOnline":1,"ppsChargePower":0,"ppsCharging":0,"shortCHwStatus":0,"shortIcOtpStatus":0,"uiIconType":0,"uiPower":0,"usbStatus":0,"wlsAdapterPower":0}}
09-23 15:14:15.799  2032 28029 I sensors-hal: handle_oplus_wise_rgb_event:191, wise_rgb: (r, g, b, c)[543.00, 591.00, 359.00, 1369.00],(r2,g2,b2,c2)[[0.00, 0.00, 0.00, 0.00], algo:5.0, flag :0
09-23 15:14:16.121  2032 28029 I sensors-hal: handle_oplus_wise_rgb_event:191, wise_rgb: (r, g, b, c)[543.00, 591.00, 359.00, 1369.00],(r2,g2,b2,c2)[[0.00, 0.00, 0.00, 0.00], algo:5.0, flag :0
09-23 15:14:16.166  2112  2183 D BatteryChargeControl: bcc get no support from charging protocol
09-23 15:14:16.444  2032 28029 I sensors-hal: handle_oplus_wise_rgb_event:191, wise_rgb: (r, g, b, c)[542.00, 590.00, 357.00, 1372.00],(r2,g2,b2,c2)[[0.00, 0.00, 0.00, 0.00], algo:5.0, flag :0
09-23 15:14:16.595  3034  3493 D MemoryMonitor: Current PSS: 6411556KB, Max PSS: 7348752KB
09-23 15:14:16.663 23395 23421 W OPLUS_LOG_LOAD: ==LOGS PROG INFO, prog(com.oplus.camera) ==
09-23 15:14:16.663 23395 23421 I APS_ALOG: flushRoutine g_immediateFlush=0 g_pendingCount=30 g_oobCount=0 asan-debug7
09-23 15:14:16.768  2032 28029 I sensors-hal: handle_oplus_wise_rgb_event:191, wise_rgb: (r, g, b, c)[542.00, 592.00, 358.00, 1371.00],(r2,g2,b2,c2)[[0.00, 0.00, 0.00, 0.00], algo:5.0, flag :0
09-23 15:14:17.091  2032 28029 I sensors-hal: handle_oplus_wise_rgb_event:191, wise_rgb: (r, g, b, c)[544.00, 591.00, 359.00, 1370.00],(r2,g2,b2,c2)[[0.00, 0.00, 0.00, 0.00], algo:5.0, flag :0
09-23 15:14:17.092  3833  4659 D FusionLightNextGen: process end reported = 1, mode: 0, cnt: 7100, lux 50.9, cct -1.0, r/g/b/c: 544.0/591.0/359.0/1370.0, R/G/B: -1.0/-1.0/-1.0, bri 0.0, match 0.00, ir 0.657484, conf 0.0, ts 520126184826037
09-23 15:14:17.149  5344  7299 W OPLUS_LOG_LOAD: ==LOGS PROG INFO, prog(com.android.systemui) ==
09-23 15:14:17.149  5344  7299 I PluginSeedling--Origin: OSenseManager-->isMEMHighPressure oldState:false newState: false isMEMHighPressure:false
09-23 15:14:17.169  2112  2183 D BatteryChargeControl: bcc get no support from charging protocol
09-23 15:14:17.304  6983 23727 D LOWI-9.0.1.125: [LOWI-Scan] wait_event:Wait done with Cmd 103
09-23 15:14:17.304  6983 23727 D LOWI-9.0.1.125: [LOWI-Scan] do_listen_events: Rcvd valid Netlink Cmd 0 Err 0
09-23 15:14:17.305  2965  2965 I cnss-daemon: nl80211 response handler invoked
09-23 15:14:17.305  2965  2965 I cnss-daemon: nl80211_response_handler: cmd 103, vendorID 4980, subcmd 182  received
09-23 15:14:17.322  2035 23726 I WifiHAL : event received NL80211_CMD_VENDOR, vendor_id = 0x1374, subcmd = 0xb6
09-23 15:14:17.329  1868 12725 E TetherController: property_get sys.radio.data.modem_share_flag return 0, 1!
09-23 15:14:17.414  7337 11175 D gaia-GaiaConnectChecker: start connect check++
09-23 15:14:17.414  2032 28029 I sensors-hal: handle_oplus_wise_rgb_event:191, wise_rgb: (r, g, b, c)[544.00, 593.00, 358.00, 1372.00],(r2,g2,b2,c2)[[0.00, 0.00, 0.00, 0.00], algo:5.0, flag :0
09-23 15:14:17.596  3034  3493 D MemoryMonitor: Current PSS: 6412040KB, Max PSS: 7348752KB
09-23 15:14:17.739  2032 28029 I sensors-hal: handle_oplus_wise_rgb_event:191, wise_rgb: (r, g, b, c)[544.00, 592.00, 359.00, 1371.00],(r2,g2,b2,c2)[[0.00, 0.00, 0.00, 0.00], algo:5.0, flag :0
09-23 15:14:17.770  7337  8673 D gaia-GaiaConnectChecker: start connect check++
09-23 15:14:17.854  2072 29069 V Codec2-DumpInput: [processLoop:L764][c2.qti.hevc.decoder_136]QueueRead[0] empty, waiting buffer.
09-23 15:14:17.977 24909 22994 D CustomLogManagerService: WorkHandler msg.what :5
09-23 15:14:17.983 24909 22994 D CustomLogManagerService: curTemp:281 limit:390
09-23 15:14:17.983 24909 22994 D CustomLogManagerService: checkUploadStatus: isSceenOn=false activeNetType=1 isCharging=true isUploading:false temperatureLimit:false
09-23 15:14:17.983 24909 22994 D CustomLogManagerService: sys.log.customer=false
09-23 15:14:17.983 24909 22994 D CustomLogManagerService: isHaveCustomLogCollecting :false
09-23 15:14:17.983 24909 22994 D CustomLogManagerService: startUpload
09-23 15:14:17.983 24909 22994 D CustomLogManagerService: not support now
09-23 15:14:18.064  2032 28029 I sensors-hal: handle_oplus_wise_rgb_event:191, wise_rgb: (r, g, b, c)[543.00, 592.00, 358.00, 1374.00],(r2,g2,b2,c2)[[0.00, 0.00, 0.00, 0.00], algo:5.0, flag :0
09-23 15:14:18.169  2112  2183 D BatteryChargeControl: bcc get no support from charging protocol
09-23 15:14:18.385  2032 28029 I sensors-hal: handle_oplus_wise_rgb_event:191, wise_rgb: (r, g, b, c)[544.00, 592.00, 359.00, 1376.00],(r2,g2,b2,c2)[[0.00, 0.00, 0.00, 0.00], algo:5.0, flag :0
09-23 15:14:18.596  3034  3493 D MemoryMonitor: Current PSS: 6409760KB, Max PSS: 7348752KB
09-23 15:14:18.635  2112  2165 D vendor.oplus.hardware.charger-V10-service: parallel fold conf file parse fail parallel_fold_state 2
09-23 15:14:18.635  2112  2165 D vendor.oplus.hardware.charger-V10-service: scale_chg Start!!!
09-23 15:14:18.636  2112  2165 D vendor.oplus.hardware.charger-V10-service: [0, 0, 3]
09-23 15:14:18.636  2112  2165 D vendor.oplus.hardware.charger-V10-service: [0, 2, 10]
09-23 15:14:18.636  2112  2165 D vendor.oplus.hardware.charger-V10-service: [0, 1, 3]
09-23 15:14:18.636  2112  2165 D vendor.oplus.hardware.charger-V10-service: [0, 3, 4]
09-23 15:14:18.636  2112  2165 D vendor.oplus.hardware.charger-V10-service: [0, 4, 4]
09-23 15:14:18.636  2112  2165 D vendor.oplus.hardware.charger-V10-service: [0, 5, 3]
09-23 15:14:18.636  2112  2165 D vendor.oplus.hardware.charger-V10-service: [0, 6, 10]
09-23 15:14:18.636  2112  2165 D vendor.oplus.hardware.charger-V10-service: scale_chg Start!!!
09-23 15:14:18.636  2112  2165 D vendor.oplus.hardware.charger-V10-service: [0, 0, 3]
09-23 15:14:18.636  2112  2165 D vendor.oplus.hardware.charger-V10-service: [0, 2, 10]
09-23 15:14:18.636  2112  2165 D vendor.oplus.hardware.charger-V10-service: [0, 1, 3]
09-23 15:14:18.636  2112  2165 D vendor.oplus.hardware.charger-V10-service: [0, 3, 4]
09-23 15:14:18.636  2112  2165 D vendor.oplus.hardware.charger-V10-service: [0, 4, 4]
09-23 15:14:18.636  2112  2165 D vendor.oplus.hardware.charger-V10-service: [0, 5, 3]
09-23 15:14:18.637  2112  2165 D vendor.oplus.hardware.charger-V10-service: [0, 6, 10]
09-23 15:14:18.708  2032 28029 I sensors-hal: handle_oplus_wise_rgb_event:191, wise_rgb: (r, g, b, c)[544.00, 592.00, 360.00, 1374.00],(r2,g2,b2,c2)[[0.00, 0.00, 0.00, 0.00], algo:5.0, flag :0
09-23 15:14:18.708  2032 28029 I sensors-hal: handle_oplus_wise_rgb_event:217, high_pwm_light:lux 71.0,cct 1217924.2,brl/algo/ir 0.0/5.0/0.0,pwm/dc 0.0/0.0,rgbc 544.000000/592.000000/360.000000/1374.000000,ts 520127802001505,cnt 48870,flag 0
09-23 15:14:18.708  3833  4659 D FusionLightNextGen: process end reported = 1, mode: 0, cnt: 7105, lux 51.0, cct -1.0, r/g/b/c: 544.0/592.0/360.0/1374.0, R/G/B: -1.0/-1.0/-1.0, bri 0.0, match 0.00, ir 0.658127, conf 0.0, ts 520127802001505
09-23 15:14:19.006  2112  2180 D vendor.oplus.hardware.charger-V10-service: ret_value:166, read content:,281,281,4485,4483,0,100,100,1,9,1048704,56,5227,100,0,4530,500,2000,0,0,3500,0,0,1,0,2,1,0,0,4,7763,100,7158,6190,6190,0,0,0,0,0,101,100.00,100,100.00,94.54,100.00,
09-23 15:14:19.006  2112  2180 D vendor.oplus.hardware.charger-V10-service: gmtime: 2026-09-23-15-14-19
09-23 15:14:19.006  2112  2180 D vendor.oplus.hardware.charger-V10-service: usb_online:1, ac_online:-2147483648, wireless_online:0
09-23 15:14:19.032  2032 28029 I sensors-hal: handle_oplus_wise_rgb_event:191, wise_rgb: (r, g, b, c)[545.00, 592.00, 358.00, 1373.00],(r2,g2,b2,c2)[[0.00, 0.00, 0.00, 0.00], algo:5.0, flag :0
09-23 15:14:19.170  2112  2183 D BatteryChargeControl: bcc get no support from charging protocol
09-23 15:14:19.355  2032 28029 I sensors-hal: handle_oplus_wise_rgb_event:191, wise_rgb: (r, g, b, c)[542.00, 591.00, 358.00, 1370.00],(r2,g2,b2,c2)[[0.00, 0.00, 0.00, 0.00], algo:5.0, flag :0
09-23 15:14:19.597  3034  3493 D MemoryMonitor: Current PSS: 6410272KB, Max PSS: 7348752KB
09-23 15:14:19.678  2032 28029 I sensors-hal: handle_oplus_wise_rgb_event:191, wise_rgb: (r, g, b, c)[543.00, 590.00, 359.00, 1371.00],(r2,g2,b2,c2)[[0.00, 0.00, 0.00, 0.00], algo:5.0, flag :0
09-23 15:14:20.000  2032 28029 I sensors-hal: handle_oplus_wise_rgb_event:191, wise_rgb: (r, g, b, c)[544.00, 590.00, 359.00, 1370.00],(r2,g2,b2,c2)[[0.00, 0.00, 0.00, 0.00], algo:5.0, flag :0
09-23 15:14:20.171  2112  2183 D BatteryChargeControl: bcc get no support from charging protocol
09-23 15:14:20.193  7776  9897 D ShellSubscriberWorkerThread: the first 8 bytes empty, and RestData length > 8 
09-23 15:14:20.324  2032 28029 I sensors-hal: handle_oplus_wise_rgb_event:191, wise_rgb: (r, g, b, c)[542.00, 589.00, 356.00, 1365.00],(r2,g2,b2,c2)[[0.00, 0.00, 0.00, 0.00], algo:5.0, flag :0
09-23 15:14:20.324  3833  4659 D FusionLightNextGen: process end reported = 1, mode: 0, cnt: 7110, lux 50.9, cct -1.0, r/g/b/c: 542.0/589.0/356.0/1365.0, R/G/B: -1.0/-1.0/-1.0, bri 0.0, match 0.00, ir 0.657762, conf 0.0, ts 520129417636558
09-23 15:14:20.597  3034  3493 D MemoryMonitor: Current PSS: 6411296KB, Max PSS: 7348752KB
09-23 15:14:20.646  2032 28029 I sensors-hal: handle_oplus_wise_rgb_event:191, wise_rgb: (r, g, b, c)[542.00, 588.00, 355.00, 1363.00],(r2,g2,b2,c2)[[0.00, 0.00, 0.00, 0.00], algo:5.0, flag :0
09-23 15:14:20.968  2032 28029 I sensors-hal: handle_oplus_wise_rgb_event:191, wise_rgb: (r, g, b, c)[541.00, 588.00, 356.00, 1364.00],(r2,g2,b2,c2)[[0.00, 0.00, 0.00, 0.00], algo:5.0, flag :0
09-23 15:14:21.171  2112  2183 D BatteryChargeControl: bcc get no support from charging protocol
09-23 15:14:21.291  2032 28029 I sensors-hal: handle_oplus_wise_rgb_event:191, wise_rgb: (r, g, b, c)[543.00, 588.00, 355.00, 1363.00],(r2,g2,b2,c2)[[0.00, 0.00, 0.00, 0.00], algo:5.0, flag :0
09-23 15:14:21.597  3034  3493 D MemoryMonitor: Current PSS: 6411936KB, Max PSS: 7348752KB
09-23 15:14:21.613  2032 28029 I sensors-hal: handle_oplus_wise_rgb_event:191, wise_rgb: (r, g, b, c)[541.00, 588.00, 355.00, 1363.00],(r2,g2,b2,c2)[[0.00, 0.00, 0.00, 0.00], algo:5.0, flag :0
09-23 15:14:21.664 23395 23421 I APS_ALOG: flushRoutine g_immediateFlush=0 g_pendingCount=0 g_oobCount=0 asan-debug7
09-23 15:14:21.935  2032 28029 I sensors-hal: handle_oplus_wise_rgb_event:191, wise_rgb: (r, g, b, c)[540.00, 587.00, 355.00, 1364.00],(r2,g2,b2,c2)[[0.00, 0.00, 0.00, 0.00], algo:5.0, flag :0
09-23 15:14:21.935  2032 28029 I sensors-hal: handle_oplus_wise_rgb_event:217, high_pwm_light:lux 70.4,cct 1184217.1,brl/algo/ir 0.0/5.0/0.0,pwm/dc 0.0/0.0,rgbc 540.000000/587.000000/355.000000/1364.000000,ts 520131029497755,cnt 48880,flag 0
09-23 15:14:21.936  3833  4659 D FusionLightNextGen: process end reported = 1, mode: 0, cnt: 7115, lux 50.6, cct -1.0, r/g/b/c: 540.0/587.0/355.0/1364.0, R/G/B: -1.0/-1.0/-1.0, bri 0.0, match 0.00, ir 0.658688, conf 0.0, ts 520131029497755
09-23 15:14:22.076  5753  5753 D DiagnoseService: handleMessage: 1001
09-23 15:14:22.076  5753  5753 D RadioProxyJ[0]: [2748]> getDiagPktVersionMismatchDb
09-23 15:14:22.079  2606  2668 D QmiVsClient: getDiagPktVersionMismatchDb - enter
09-23 15:14:22.080  2606  4194 D QmiVsClient: getDiagPktVersionMismatchDb callback - enter
09-23 15:14:22.082  2606  2668 D VsProxy : handleMessage msg is 4001
09-23 15:14:22.082  2606  2668 D RadioProxy: getDiagPktVersionMismatchDb : response cb for instance 0
09-23 15:14:22.083  2606  2606 D VendorService: getDiagPktVersionMismatchDb recordNumber 0
09-23 15:14:22.084  5753 12689 D SubsysRadioResponse: responseDiagPacketVersionMismatchDb() recordNumber = 0
09-23 15:14:22.084  5753 12689 D RadioProxyJ[0]: [2748]< getDiagPktVersionMismatchDbResponse 
09-23 15:14:22.084  5753  5753 D DiagnoseService: handleMessage: 1002
09-23 15:14:22.085  5753  5753 D DiagnoseService: no diag packets with version mismatched
09-23 15:14:22.172  2112  2183 D BatteryChargeControl: bcc get no support from charging protocol
09-23 15:14:22.263  2032 28029 I sensors-hal: handle_oplus_wise_rgb_event:191, wise_rgb: (r, g, b, c)[540.00, 588.00, 356.00, 1363.00],(r2,g2,b2,c2)[[0.00, 0.00, 0.00, 0.00], algo:5.0, flag :0
09-23 15:14:22.548  6893  7046 I midasd  : OplusObrainService::notifyEventInt eventId:21 iParam:0
09-23 15:14:22.552  7776  7819 I OplusObrain: OplusObrainClientInvoke.nativeGetTelephonyInfo
09-23 15:14:22.556  7776  7819 I OplusObrain: OplusObrainClientInvoke.nativeGetTrafficTypeInfoForNetworkType networkType 0
09-23 15:14:22.556  3833  5013 D KernelStatsHelper: getKernelStats start!
09-23 15:14:22.557  3833  4849 D OplusNetlinkSocket: handleNetlinkRecvKernelMessage:nlmsghdr:StructNlMsgHdr{ nlmsg_len{1964}, nlmsg_type{54()}, nlmsg_flags{0()}, nlmsg_seq{0}, nlmsg_pid{251204337} }
09-23 15:14:22.557  3833  4849 D KernelStatsHelper: get magic :[-1, -1, -1, 77, 65, 71, 73, 67]
09-23 15:14:22.557  3833  4849 D KernelStatsHelper: magic matched count:37 data_len:1924
09-23 15:14:22.557  3833  4849 D KernelStatsHelper: data over! check: true
09-23 15:14:22.557  2089  2089 E android.hardware.power.stats-impl.oplus: HandleFactory::read open charger_input_current_now(/proc/charger/input_current_now) failed! fd: -1 errno: 2
09-23 15:14:22.558  2089  2089 W android.hardware.power.stats-impl.oplus: PruneException: Unknown binder exception (2) pruned into EX_TRANSACTION_FAILED
09-23 15:14:22.558  6893  9791 W midasd  : handleFactory read failed.
09-23 15:14:22.582  2032 28029 I sensors-hal: handle_oplus_wise_rgb_event:191, wise_rgb: (r, g, b, c)[540.00, 588.00, 355.00, 1364.00],(r2,g2,b2,c2)[[0.00, 0.00, 0.00, 0.00], algo:5.0, flag :0
09-23 15:14:22.598  3034  3493 D MemoryMonitor: Current PSS: 6411936KB, Max PSS: 7348752KB
09-23 15:14:22.854  2072 29069 V Codec2-DumpInput: [processLoop:L764][c2.qti.hevc.decoder_136]QueueRead[0] empty, waiting buffer.
09-23 15:14:22.904  2032 28029 I sensors-hal: handle_oplus_wise_rgb_event:191, wise_rgb: (r, g, b, c)[541.00, 587.00, 356.00, 1365.00],(r2,g2,b2,c2)[[0.00, 0.00, 0.00, 0.00], algo:5.0, flag :0
09-23 15:14:23.173  2112  2183 D BatteryChargeControl: bcc get no support from charging protocol
09-23 15:14:23.226  2032 28029 I sensors-hal: handle_oplus_wise_rgb_event:191, wise_rgb: (r, g, b, c)[542.00, 588.00, 355.00, 1364.00],(r2,g2,b2,c2)[[0.00, 0.00, 0.00, 0.00], algo:5.0, flag :0
09-23 15:14:23.549  2032 28029 I sensors-hal: handle_oplus_wise_rgb_event:191, wise_rgb: (r, g, b, c)[540.00, 587.00, 356.00, 1363.00],(r2,g2,b2,c2)[[0.00, 0.00, 0.00, 0.00], algo:5.0, flag :0
09-23 15:14:23.550  3833  4659 W OPLUS_LOG_LOAD: ==LOGS PROG INFO, prog(system_server) ==
09-23 15:14:23.550  3833  4659 D FusionLightNextGen: process end reported = 1, mode: 0, cnt: 7120, lux 50.5, cct -1.0, r/g/b/c: 540.0/587.0/356.0/1363.0, R/G/B: -1.0/-1.0/-1.0, bri 0.0, match 0.00, ir 0.658259, conf 0.0, ts 520132643310880
09-23 15:14:23.598  3034  3493 D MemoryMonitor: Current PSS: 6411936KB, Max PSS: 7348752KB
09-23 15:14:23.637  2112  2165 D vendor.oplus.hardware.charger-V10-service: parallel fold conf file parse fail parallel_fold_state 2
09-23 15:14:23.637  2112  2165 D vendor.oplus.hardware.charger-V10-service: scale_chg Start!!!
09-23 15:14:23.638  2112  2165 D vendor.oplus.hardware.charger-V10-service: [0, 0, 3]
09-23 15:14:23.638  2112  2165 D vendor.oplus.hardware.charger-V10-service: [0, 2, 10]
09-23 15:14:23.638  2112  2165 D vendor.oplus.hardware.charger-V10-service: [0, 1, 3]
09-23 15:14:23.638  2112  2165 D vendor.oplus.hardware.charger-V10-service: [0, 3, 4]
09-23 15:14:23.638  2112  2165 D vendor.oplus.hardware.charger-V10-service: [0, 4, 4]
09-23 15:14:23.638  2112  2165 D vendor.oplus.hardware.charger-V10-service: [0, 5, 3]
09-23 15:14:23.638  2112  2165 D vendor.oplus.hardware.charger-V10-service: [0, 6, 10]
09-23 15:14:23.638  2112  2165 D vendor.oplus.hardware.charger-V10-service: scale_chg Start!!!
09-23 15:14:23.639  2112  2165 D vendor.oplus.hardware.charger-V10-service: [0, 0, 3]
09-23 15:14:23.639  2112  2165 D vendor.oplus.hardware.charger-V10-service: [0, 2, 10]
09-23 15:14:23.639  2112  2165 D vendor.oplus.hardware.charger-V10-service: [0, 1, 3]
09-23 15:14:23.639  2112  2165 D vendor.oplus.hardware.charger-V10-service: [0, 3, 4]
09-23 15:14:23.639  2112  2165 D vendor.oplus.hardware.charger-V10-service: [0, 4, 4]
09-23 15:14:23.639  2112  2165 D vendor.oplus.hardware.charger-V10-service: [0, 5, 3]
09-23 15:14:23.639  2112  2165 D vendor.oplus.hardware.charger-V10-service: [0, 6, 10]
09-23 15:14:23.846  5753  6258 D RadioProxyJ[1]: startChannelMonitoring update mLatestRequestId:-1
09-23 15:14:23.847  5753 12650 D RadioProxyJ[0]: startChannelMonitoring update mLatestRequestId:-1
09-23 15:14:23.872  2032 28029 I sensors-hal: handle_oplus_wise_rgb_event:191, wise_rgb: (r, g, b, c)[541.00, 586.00, 356.00, 1363.00],(r2,g2,b2,c2)[[0.00, 0.00, 0.00, 0.00], algo:5.0, flag :0
09-23 15:14:24.007  2112  2180 D vendor.oplus.hardware.charger-V10-service: ret_value:166, read content:,281,281,4486,4483,0,100,100,1,9,1048704,69,5228,100,0,4530,500,2000,0,0,3500,0,0,1,0,2,1,0,0,4,7763,100,7158,6190,6190,0,0,0,0,0,101,100.00,100,100.00,94.54,100.00,
09-23 15:14:24.007  2112  2180 D vendor.oplus.hardware.charger-V10-service: gmtime: 2026-09-23-15-14-24
09-23 15:14:24.007  2112  2180 D vendor.oplus.hardware.charger-V10-service: usb_online:1, ac_online:-2147483648, wireless_online:0
09-23 15:14:24.174  2112  2183 D BatteryChargeControl: bcc get no support from charging protocol
09-23 15:14:24.196  2032 28029 I sensors-hal: handle_oplus_wise_rgb_event:191, wise_rgb: (r, g, b, c)[540.00, 588.00, 356.00, 1365.00],(r2,g2,b2,c2)[[0.00, 0.00, 0.00, 0.00], algo:5.0, flag :0
09-23 15:14:24.519  2032 28029 I sensors-hal: handle_oplus_wise_rgb_event:191, wise_rgb: (r, g, b, c)[540.00, 587.00, 355.00, 1365.00],(r2,g2,b2,c2)[[0.00, 0.00, 0.00, 0.00], algo:5.0, flag :0
09-23 15:14:24.598  3034  3493 D MemoryMonitor: Current PSS: 6413472KB, Max PSS: 7348752KB
09-23 15:14:24.841  2032 28029 I sensors-hal: handle_oplus_wise_rgb_event:191, wise_rgb: (r, g, b, c)[540.00, 587.00, 356.00, 1363.00],(r2,g2,b2,c2)[[0.00, 0.00, 0.00, 0.00], algo:5.0, flag :0
09-23 15:14:25.163  2032 28029 I sensors-hal: handle_oplus_wise_rgb_event:191, wise_rgb: (r, g, b, c)[541.00, 588.00, 355.00, 1365.00],(r2,g2,b2,c2)[[0.00, 0.00, 0.00, 0.00], algo:5.0, flag :0
09-23 15:14:25.164  2032 28029 I sensors-hal: handle_oplus_wise_rgb_event:217, high_pwm_light:lux 70.6,cct 1133788.6,brl/algo/ir 0.0/5.0/0.0,pwm/dc 0.0/0.0,rgbc 541.000000/588.000000/355.000000/1365.000000,ts 520134257727130,cnt 48890,flag 0
09-23 15:14:25.164  3833  4659 D FusionLightNextGen: process end reported = 1, mode: 0, cnt: 7125, lux 50.5, cct -1.0, r/g/b/c: 541.0/588.0/355.0/1365.0, R/G/B: -1.0/-1.0/-1.0, bri 0.0, match 0.00, ir 0.658439, conf 0.0, ts 520134257727130
09-23 15:14:25.174  2112  2183 D BatteryChargeControl: bcc get no support from charging protocol
09-23 15:14:25.486  2032 28029 I sensors-hal: handle_oplus_wise_rgb_event:191, wise_rgb: (r, g, b, c)[543.00, 588.00, 357.00, 1366.00],(r2,g2,b2,c2)[[0.00, 0.00, 0.00, 0.00], algo:5.0, flag :0
09-23 15:14:25.598  3034  3493 D MemoryMonitor: Current PSS: 6413436KB, Max PSS: 7348752KB
09-23 15:14:25.808  2032 28029 I sensors-hal: handle_oplus_wise_rgb_event:191, wise_rgb: (r, g, b, c)[541.00, 586.00, 356.00, 1367.00],(r2,g2,b2,c2)[[0.00, 0.00, 0.00, 0.00], algo:5.0, flag :0
09-23 15:14:25.926  3833  4868 D OplusWifiPowerWakeupStats: ICMPV6_RA wake up count 63
09-23 15:14:25.927  5286 27219 W AlarmManager: Unrecognized alarm listener com.android.networkstack.android.net.ip.IpClientLinkObserver$Dhcp6PdPreferredPrefixAlarmListener@95d03b2
09-23 15:14:25.927  2035 23726 I WifiHAL : event received NL80211_CMD_VENDOR, vendor_id = 0x1374, subcmd = 0xb6
09-23 15:14:25.928  5286 27219 D ApfFilter: (wlan0): Adding RA fe80::fad0:eff:fe51:b767 -> ff02::1 180s 2601:600:8281:1c80::/64 7200s/7200s DNS 180s 2001:558:feed::1 2001:558:feed::2 RIO 180s ::/0 
09-23 15:14:25.929  2965  2965 I cnss-daemon: nl80211 response handler invoked
09-23 15:14:25.930  2965  2965 I cnss-daemon: nl80211_response_handler: cmd 103, vendorID 4980, subcmd 182  received
09-23 15:14:25.930  6983 23727 D LOWI-9.0.1.125: [LOWI-Scan] wait_event:Wait done with Cmd 103
09-23 15:14:25.930  6983 23727 D LOWI-9.0.1.125: [LOWI-Scan] do_listen_events: Rcvd valid Netlink Cmd 0 Err 0
09-23 15:14:26.130  2032 28029 I sensors-hal: handle_oplus_wise_rgb_event:191, wise_rgb: (r, g, b, c)[542.00, 588.00, 357.00, 1366.00],(r2,g2,b2,c2)[[0.00, 0.00, 0.00, 0.00], algo:5.0, flag :0
09-23 15:14:26.175  2112  2183 D BatteryChargeControl: bcc get no support from charging protocol
09-23 15:14:26.453  2032 28029 I sensors-hal: handle_oplus_wise_rgb_event:191, wise_rgb: (r, g, b, c)[542.00, 588.00, 357.00, 1365.00],(r2,g2,b2,c2)[[0.00, 0.00, 0.00, 0.00], algo:5.0, flag :0
09-23 15:14:26.599  3034  3493 D MemoryMonitor: Current PSS: 6413564KB, Max PSS: 7348752KB
09-23 15:14:26.665 23395 23421 W OPLUS_LOG_LOAD: ==LOGS PROG INFO, prog(com.oplus.camera) ==
09-23 15:14:26.665 23395 23421 I APS_ALOG: flushRoutine g_immediateFlush=0 g_pendingCount=0 g_oobCount=0 asan-debug7
09-23 15:14:26.775  2032 28029 I sensors-hal: handle_oplus_wise_rgb_event:191, wise_rgb: (r, g, b, c)[541.00, 587.00, 357.00, 1363.00],(r2,g2,b2,c2)[[0.00, 0.00, 0.00, 0.00], algo:5.0, flag :0
09-23 15:14:26.775  3833  4659 D FusionLightNextGen: process end reported = 1, mode: 0, cnt: 7130, lux 50.6, cct -1.0, r/g/b/c: 541.0/587.0/357.0/1363.0, R/G/B: -1.0/-1.0/-1.0, bri 0.0, match 0.00, ir 0.657759, conf 0.0, ts 520135869314266
09-23 15:14:26.831  7431  7860 I discovery::core::moni..: DiscMonitor: [trace_id=57221931748]DiscoveryComponentStatus { adaptive_sdp_client_status: Some("{\"0\":\"0.0.0.0\",\"1\":null}"), adaptive_sdp_server_status: None, network_interface_states: Some({}) }
09-23 15:14:27.097  2032 28029 I sensors-hal: handle_oplus_wise_rgb_event:191, wise_rgb: (r, g, b, c)[541.00, 587.00, 356.00, 1363.00],(r2,g2,b2,c2)[[0.00, 0.00, 0.00, 0.00], algo:5.0, flag :0
09-23 15:14:27.177  2112  2183 D BatteryChargeControl: bcc get no support from charging protocol
09-23 15:14:27.272  1334 21489 I android.system.suspend-service: First holding wakelock name = qms_event_Handler_wakeLock_
09-23 15:14:27.277  1334 21489 I android.system.suspend-service: Last release wakelock name = qms_event_Handler_wakeLock_
09-23 15:14:27.277  1334 21489 I android.system.suspend-service: mAutosuspendEnabled=1
09-23 15:14:27.414  7337 11175 D gaia-GaiaConnectChecker: start connect check++
09-23 15:14:27.419  2032 28029 I sensors-hal: handle_oplus_wise_rgb_event:191, wise_rgb: (r, g, b, c)[540.00, 587.00, 355.00, 1363.00],(r2,g2,b2,c2)[[0.00, 0.00, 0.00, 0.00], algo:5.0, flag :0
09-23 15:14:27.599  3034  3493 D MemoryMonitor: Current PSS: 6413692KB, Max PSS: 7348752KB
09-23 15:14:27.746  2032 28029 I sensors-hal: handle_oplus_wise_rgb_event:191, wise_rgb: (r, g, b, c)[541.00, 587.00, 356.00, 1363.00],(r2,g2,b2,c2)[[0.00, 0.00, 0.00, 0.00], algo:5.0, flag :0
09-23 15:14:27.770  7337  8673 D gaia-GaiaConnectChecker: start connect check++
09-23 15:14:27.855  2072 29069 V Codec2-DumpInput: [processLoop:L764][c2.qti.hevc.decoder_136]QueueRead[0] empty, waiting buffer.
09-23 15:14:28.064  2032 28029 I sensors-hal: handle_oplus_wise_rgb_event:191, wise_rgb: (r, g, b, c)[541.00, 587.00, 356.00, 1363.00],(r2,g2,b2,c2)[[0.00, 0.00, 0.00, 0.00], algo:5.0, flag :0
09-23 15:14:28.178  2112  2183 D BatteryChargeControl: bcc get no support from charging protocol
09-23 15:14:28.386  2032 28029 I sensors-hal: handle_oplus_wise_rgb_event:191, wise_rgb: (r, g, b, c)[541.00, 587.00, 356.00, 1365.00],(r2,g2,b2,c2)[[0.00, 0.00, 0.00, 0.00], algo:5.0, flag :0
09-23 15:14:28.387  2032 28029 I sensors-hal: handle_oplus_wise_rgb_event:217, high_pwm_light:lux 70.4,cct 1200964.0,brl/algo/ir 0.0/5.0/0.0,pwm/dc 0.0/0.0,rgbc 541.000000/587.000000/356.000000/1365.000000,ts 520137480732130,cnt 48900,flag 0
09-23 15:14:28.387  3833  4659 D FusionLightNextGen: process end reported = 1, mode: 0, cnt: 7135, lux 50.6, cct -1.0, r/g/b/c: 541.0/587.0/356.0/1365.0, R/G/B: -1.0/-1.0/-1.0, bri 0.0, match 0.00, ir 0.658439, conf 0.0, ts 520137480732130
09-23 15:14:28.600  3034  3493 D MemoryMonitor: Current PSS: 6413080KB, Max PSS: 7348752KB
09-23 15:14:28.639  2112  2165 D vendor.oplus.hardware.charger-V10-service: parallel fold conf file parse fail parallel_fold_state 2
09-23 15:14:28.639  2112  2165 D vendor.oplus.hardware.charger-V10-service: scale_chg Start!!!
09-23 15:14:28.640  2112  2165 D vendor.oplus.hardware.charger-V10-service: [0, 0, 3]
09-23 15:14:28.640  2112  2165 D vendor.oplus.hardware.charger-V10-service: [0, 2, 10]
09-23 15:14:28.640  2112  2165 D vendor.oplus.hardware.charger-V10-service: [0, 1, 3]
09-23 15:14:28.640  2112  2165 D vendor.oplus.hardware.charger-V10-service: [0, 3, 4]
09-23 15:14:28.640  2112  2165 D vendor.oplus.hardware.charger-V10-service: [0, 4, 4]
09-23 15:14:28.640  2112  2165 D vendor.oplus.hardware.charger-V10-service: [0, 5, 3]
09-23 15:14:28.640  2112  2165 D vendor.oplus.hardware.charger-V10-service: [0, 6, 10]
09-23 15:14:28.640  2112  2165 D vendor.oplus.hardware.charger-V10-service: scale_chg Start!!!
09-23 15:14:28.640  2112  2165 D vendor.oplus.hardware.charger-V10-service: [0, 0, 3]
09-23 15:14:28.640  2112  2165 D vendor.oplus.hardware.charger-V10-service: [0, 2, 10]
09-23 15:14:28.640  2112  2165 D vendor.oplus.hardware.charger-V10-service: [0, 1, 3]
09-23 15:14:28.640  2112  2165 D vendor.oplus.hardware.charger-V10-service: [0, 3, 4]
09-23 15:14:28.641  2112  2165 D vendor.oplus.hardware.charger-V10-service: [0, 4, 4]
09-23 15:14:28.641  2112  2165 D vendor.oplus.hardware.charger-V10-service: [0, 5, 3]
09-23 15:14:28.641  2112  2165 D vendor.oplus.hardware.charger-V10-service: [0, 6, 10]
09-23 15:14:28.709  2032 28029 I sensors-hal: handle_oplus_wise_rgb_event:191, wise_rgb: (r, g, b, c)[540.00, 588.00, 356.00, 1363.00],(r2,g2,b2,c2)[[0.00, 0.00, 0.00, 0.00], algo:5.0, flag :0
09-23 15:14:29.010  2112  2180 D vendor.oplus.hardware.charger-V10-service: ret_value:166, read content:,281,281,4485,4483,0,100,100,1,9,1048704,62,5232,100,0,4530,500,2000,0,0,3500,0,0,1,0,2,1,0,0,4,7763,100,7158,6190,6190,0,0,0,0,0,101,100.00,100,100.00,94.54,100.00,
09-23 15:14:29.010  2112  2180 D vendor.oplus.hardware.charger-V10-service: gmtime: 2026-09-23-15-14-29
09-23 15:14:29.011  2112  2180 D vendor.oplus.hardware.charger-V10-service: usb_online:1, ac_online:-2147483648, wireless_online:0
09-23 15:14:29.031  2032 28029 I sensors-hal: handle_oplus_wise_rgb_event:191, wise_rgb: (r, g, b, c)[540.00, 587.00, 356.00, 1361.00],(r2,g2,b2,c2)[[0.00, 0.00, 0.00, 0.00], algo:5.0, flag :0
09-23 15:14:29.178  2112  2183 D BatteryChargeControl: bcc get no support from charging protocol
09-23 15:14:29.354  2032 28029 I sensors-hal: handle_oplus_wise_rgb_event:191, wise_rgb: (r, g, b, c)[541.00, 587.00, 355.00, 1365.00],(r2,g2,b2,c2)[[0.00, 0.00, 0.00, 0.00], algo:5.0, flag :0
09-23 15:14:29.600  3034  3493 D MemoryMonitor: Current PSS: 6413336KB, Max PSS: 7348752KB
09-23 15:14:29.677  2032 28029 I sensors-hal: handle_oplus_wise_rgb_event:191, wise_rgb: (r, g, b, c)[541.00, 586.00, 355.00, 1364.00],(r2,g2,b2,c2)[[0.00, 0.00, 0.00, 0.00], algo:5.0, flag :0
09-23 15:14:29.854  2112  2195 D [ANTI_EXPANSION_ALGORITHM]: chg_update_anti_expansion_handle_thread In progress...: [12,4,0] [0,0]0
09-23 15:14:30.006  2032 28029 I sensors-hal: handle_oplus_wise_rgb_event:191, wise_rgb: (r, g, b, c)[542.00, 588.00, 356.00, 1365.00],(r2,g2,b2,c2)[[0.00, 0.00, 0.00, 0.00], algo:5.0, flag :0
09-23 15:14:30.006  3833  4659 D FusionLightNextGen: process end reported = 1, mode: 0, cnt: 7140, lux 50.6, cct -1.0, r/g/b/c: 542.0/588.0/356.0/1365.0, R/G/B: -1.0/-1.0/-1.0, bri 0.0, match 0.00, ir 0.657940, conf 0.0, ts 520139093771610
09-23 15:14:30.179  2112  2183 D BatteryChargeControl: bcc get no support from charging protocol
09-23 15:14:30.190  7776  9897 D ShellSubscriberWorkerThread: the first 8 bytes empty, and RestData length > 8 
09-23 15:14:30.323  2032 28029 I sensors-hal: handle_oplus_wise_rgb_event:191, wise_rgb: (r, g, b, c)[541.00, 587.00, 356.00, 1363.00],(r2,g2,b2,c2)[[0.00, 0.00, 0.00, 0.00], algo:5.0, flag :0
09-23 15:14:30.600  3034  3493 D MemoryMonitor: Current PSS: 6412692KB, Max PSS: 7348752KB
09-23 15:14:30.646  2032 28029 I sensors-hal: handle_oplus_wise_rgb_event:191, wise_rgb: (r, g, b, c)[540.00, 586.00, 355.00, 1364.00],(r2,g2,b2,c2)[[0.00, 0.00, 0.00, 0.00], algo:5.0, flag :0
09-23 15:14:30.970  2032 28029 I sensors-hal: handle_oplus_wise_rgb_event:191, wise_rgb: (r, g, b, c)[540.00, 586.00, 355.00, 1366.00],(r2,g2,b2,c2)[[0.00, 0.00, 0.00, 0.00], algo:5.0, flag :0
09-23 15:14:31.180  2112  2183 D BatteryChargeControl: bcc get no support from charging protocol
09-23 15:14:31.294  2032 28029 I sensors-hal: handle_oplus_wise_rgb_event:191, wise_rgb: (r, g, b, c)[541.00, 587.00, 355.00, 1365.00],(r2,g2,b2,c2)[[0.00, 0.00, 0.00, 0.00], algo:5.0, flag :0
09-23 15:14:31.601  3034  3493 D MemoryMonitor: Current PSS: 6413332KB, Max PSS: 7348752KB
09-23 15:14:31.615  2032 28029 I sensors-hal: handle_oplus_wise_rgb_event:191, wise_rgb: (r, g, b, c)[542.00, 587.00, 356.00, 1364.00],(r2,g2,b2,c2)[[0.00, 0.00, 0.00, 0.00], algo:5.0, flag :0
09-23 15:14:31.615  2032 28029 I sensors-hal: handle_oplus_wise_rgb_event:217, high_pwm_light:lux 70.4,cct 1141825.0,brl/algo/ir 0.0/5.0/0.0,pwm/dc 0.0/0.0,rgbc 542.000000/587.000000/356.000000/1364.000000,ts 520140708873433,cnt 48910,flag 0
09-23 15:14:31.615  3833  4659 D FusionLightNextGen: process end reported = 1, mode: 0, cnt: 7145, lux 50.5, cct -1.0, r/g/b/c: 542.0/587.0/356.0/1364.0, R/G/B: -1.0/-1.0/-1.0, bri 0.0, match 0.00, ir 0.657867, conf 0.0, ts 520140708873433
09-23 15:14:31.666 23395 23421 I APS_ALOG: flushRoutine g_immediateFlush=0 g_pendingCount=0 g_oobCount=0 asan-debug7
09-23 15:14:31.938  2032 28029 I sensors-hal: handle_oplus_wise_rgb_event:191, wise_rgb: (r, g, b, c)[540.00, 586.00, 355.00, 1365.00],(r2,g2,b2,c2)[[0.00, 0.00, 0.00, 0.00], algo:5.0, flag :0
09-23 15:14:32.181  2112  2183 D BatteryChargeControl: bcc get no support from charging protocol
09-23 15:14:32.262  2032 28029 I sensors-hal: handle_oplus_wise_rgb_event:191, wise_rgb: (r, g, b, c)[541.00, 587.00, 355.00, 1365.00],(r2,g2,b2,c2)[[0.00, 0.00, 0.00, 0.00], algo:5.0, flag :0
09-23 15:14:32.585  2032 28029 I sensors-hal: handle_oplus_wise_rgb_event:191, wise_rgb: (r, g, b, c)[541.00, 585.00, 357.00, 1366.00],(r2,g2,b2,c2)[[0.00, 0.00, 0.00, 0.00], algo:5.0, flag :0
09-23 15:14:32.600  3034  3493 D MemoryMonitor: Current PSS: 6413332KB, Max PSS: 7348752KB
09-23 15:14:32.856  2072 29069 V Codec2-DumpInput: [processLoop:L764][c2.qti.hevc.decoder_136]QueueRead[0] empty, waiting buffer.
09-23 15:14:32.907  2032 28029 I sensors-hal: handle_oplus_wise_rgb_event:191, wise_rgb: (r, g, b, c)[542.00, 587.00, 356.00, 1364.00],(r2,g2,b2,c2)[[0.00, 0.00, 0.00, 0.00], algo:5.0, flag :0
09-23 15:14:33.182  2112  2183 D BatteryChargeControl: bcc get no support from charging protocol
09-23 15:14:33.230  2032 28029 I sensors-hal: handle_oplus_wise_rgb_event:191, wise_rgb: (r, g, b, c)[541.00, 588.00, 355.00, 1367.00],(r2,g2,b2,c2)[[0.00, 0.00, 0.00, 0.00], algo:5.0, flag :0
09-23 15:14:33.230  3833  4659 D FusionLightNextGen: process end reported = 1, mode: 0, cnt: 7150, lux 50.5, cct -1.0, r/g/b/c: 541.0/588.0/355.0/1367.0, R/G/B: -1.0/-1.0/-1.0, bri 0.0, match 0.00, ir 0.658939, conf 0.0, ts 520142323873328
09-23 15:14:33.552  2032 28029 I sensors-hal: handle_oplus_wise_rgb_event:191, wise_rgb: (r, g, b, c)[542.00, 589.00, 356.00, 1368.00],(r2,g2,b2,c2)[[0.00, 0.00, 0.00, 0.00], algo:5.0, flag :0
09-23 15:14:33.600  3034  3493 D MemoryMonitor: Current PSS: 6413332KB, Max PSS: 7348752KB
09-23 15:14:33.641  2112  2165 D vendor.oplus.hardware.charger-V10-service: parallel fold conf file parse fail parallel_fold_state 2
09-23 15:14:33.642  2112  2165 D vendor.oplus.hardware.charger-V10-service: scale_chg Start!!!
09-23 15:14:33.643  2112  2165 D vendor.oplus.hardware.charger-V10-service: [0, 0, 3]
09-23 15:14:33.643  2112  2165 D vendor.oplus.hardware.charger-V10-service: [0, 2, 10]
09-23 15:14:33.643  2112  2165 D vendor.oplus.hardware.charger-V10-service: [0, 1, 3]
09-23 15:14:33.643  2112  2165 D vendor.oplus.hardware.charger-V10-service: [0, 3, 4]
09-23 15:14:33.643  2112  2165 D vendor.oplus.hardware.charger-V10-service: [0, 4, 4]
09-23 15:14:33.643  2112  2165 D vendor.oplus.hardware.charger-V10-service: [0, 5, 3]
09-23 15:14:33.643  2112  2165 D vendor.oplus.hardware.charger-V10-service: [0, 6, 10]
09-23 15:14:33.644  2112  2165 D vendor.oplus.hardware.charger-V10-service: scale_chg Start!!!
09-23 15:14:33.644  2112  2165 D vendor.oplus.hardware.charger-V10-service: [0, 0, 3]
09-23 15:14:33.644  2112  2165 D vendor.oplus.hardware.charger-V10-service: [0, 2, 10]
09-23 15:14:33.644  2112  2165 D vendor.oplus.hardware.charger-V10-service: [0, 1, 3]
09-23 15:14:33.644  2112  2165 D vendor.oplus.hardware.charger-V10-service: [0, 3, 4]
09-23 15:14:33.644  2112  2165 D vendor.oplus.hardware.charger-V10-service: [0, 4, 4]
09-23 15:14:33.644  2112  2165 D vendor.oplus.hardware.charger-V10-service: [0, 5, 3]
09-23 15:14:33.644  2112  2165 D vendor.oplus.hardware.charger-V10-service: [0, 6, 10]
09-23 15:14:33.875  2032 28029 I sensors-hal: handle_oplus_wise_rgb_event:191, wise_rgb: (r, g, b, c)[542.00, 589.00, 356.00, 1369.00],(r2,g2,b2,c2)[[0.00, 0.00, 0.00, 0.00], algo:5.0, flag :0
09-23 15:14:34.011  2112  2180 D vendor.oplus.hardware.charger-V10-service: ret_value:167, read content:,281,281,4485,4483,-6,100,100,1,9,1048704,56,5227,100,0,4530,500,2000,0,0,3500,0,0,1,0,2,1,0,0,4,7763,100,7158,6190,6190,0,0,0,0,0,101,100.00,100,100.00,94.54,100.00,
09-23 15:14:34.011  2112  2180 D vendor.oplus.hardware.charger-V10-service: gmtime: 2026-09-23-15-14-34
09-23 15:14:34.012  2112  2180 D vendor.oplus.hardware.charger-V10-service: usb_online:1, ac_online:-2147483648, wireless_online:0
09-23 15:14:34.183  2112  2183 D BatteryChargeControl: bcc get no support from charging protocol
09-23 15:14:34.198  2032 28029 I sensors-hal: handle_oplus_wise_rgb_event:191, wise_rgb: (r, g, b, c)[544.00, 589.00, 357.00, 1370.00],(r2,g2,b2,c2)[[0.00, 0.00, 0.00, 0.00], algo:5.0, flag :0
09-23 15:14:34.521  2032 28029 I sensors-hal: handle_oplus_wise_rgb_event:191, wise_rgb: (r, g, b, c)[544.00, 589.00, 356.00, 1370.00],(r2,g2,b2,c2)[[0.00, 0.00, 0.00, 0.00], algo:5.0, flag :0
09-23 15:14:34.600  3034  3493 D MemoryMonitor: Current PSS: 6413460KB, Max PSS: 7348752KB
09-23 15:14:34.844  2032 28029 I sensors-hal: handle_oplus_wise_rgb_event:191, wise_rgb: (r, g, b, c)[543.00, 588.00, 357.00, 1369.00],(r2,g2,b2,c2)[[0.00, 0.00, 0.00, 0.00], algo:5.0, flag :0
09-23 15:14:34.844  2032 28029 I sensors-hal: handle_oplus_wise_rgb_event:217, high_pwm_light:lux 70.6,cct 1215828.9,brl/algo/ir 0.0/5.0/0.0,pwm/dc 0.0/0.0,rgbc 543.000000/588.000000/357.000000/1369.000000,ts 520143938010568,cnt 48920,flag 0
09-23 15:14:34.844  3833  4659 W OPLUS_LOG_LOAD: ==LOGS PROG INFO, prog(system_server) ==
09-23 15:14:34.844  3833  4659 D FusionLightNextGen: process end reported = 1, mode: 0, cnt: 7155, lux 50.6, cct -1.0, r/g/b/c: 543.0/588.0/357.0/1369.0, R/G/B: -1.0/-1.0/-1.0, bri 0.0, match 0.00, ir 0.658442, conf 0.0, ts 520143938010568
09-23 15:14:35.166  2032 28029 I sensors-hal: handle_oplus_wise_rgb_event:191, wise_rgb: (r, g, b, c)[543.00, 590.00, 357.00, 1370.00],(r2,g2,b2,c2)[[0.00, 0.00, 0.00, 0.00], algo:5.0, flag :0
09-23 15:14:35.184  2112  2183 D BatteryChargeControl: bcc get no support from charging protocol
09-23 15:14:35.191  7776  9897 D ShellSubscriberWorkerThread: the first 8 bytes empty, and RestData length > 8 
09-23 15:14:35.364 24909 24943 D TrafficMonitor3: checkWifiApEnabled ap state:11 0/false
09-23 15:14:35.488  2032 28029 I sensors-hal: handle_oplus_wise_rgb_event:191, wise_rgb: (r, g, b, c)[543.00, 589.00, 357.00, 1370.00],(r2,g2,b2,c2)[[0.00, 0.00, 0.00, 0.00], algo:5.0, flag :0
09-23 15:14:35.600  3034  3493 D MemoryMonitor: Current PSS: 6411904KB, Max PSS: 7348752KB
09-23 15:14:35.811  2032 28029 I sensors-hal: handle_oplus_wise_rgb_event:191, wise_rgb: (r, g, b, c)[543.00, 588.00, 356.00, 1371.00],(r2,g2,b2,c2)[[0.00, 0.00, 0.00, 0.00], algo:5.0, flag :0
09-23 15:14:35.838  2028  2028 D healthd : system healthd: battery l=100 v=4485 t=28.1 h=2 st=5 c=-5 fc=7300000 cc=0 chg=u
09-23 15:14:35.866  2112  2112 D ChargerInfo: getInfo: type: 0x1, update: 1
09-23 15:14:35.867  2112  2162 D ChargerInfo: chargerInfoUpdateThread: update start
09-23 15:14:36.077  2112  2162 D ChargerInfo: wlsAdapterPower: path(/sys/class/oplus_chg/wireless/max_w_power): not exist
09-23 15:14:36.078  2112  2162 D ChargerInfo: unknown: path(/sys/class/oplus_chg/ac/online) and backupPath(/sys/class/power_supply/ac/online) not exist
09-23 15:14:36.078  2112  2162 D ChargerInfo: unknown: path(/sys/class/oplus_chg/ac/online) and backupPath(/sys/class/power_supply/ac/online) not exist
09-23 15:14:36.078  2112  2162 D ChargerInfo: get_ui_charge_icon_type: 0 0 0 0
09-23 15:14:36.078  2112  2162 D ChargerInfo: unknown: path(/sys/class/oplus_chg/ac/online) and backupPath(/sys/class/power_supply/ac/online) not exist
09-23 15:14:36.078  2112  2162 D ChargerInfo: unknown: path(/sys/class/oplus_chg/ac/online) and backupPath(/sys/class/power_supply/ac/online) not exist
09-23 15:14:36.079  2112  2162 E ChargerInfo: SingleHyperPath not found
09-23 15:14:36.081  2112  2162 D ChargerInfo: chargerInfoUpdateThread: update end
09-23 15:14:36.083  2112  2162 D ChargerInfo: chargerInfoUpdateThread: update wait
09-23 15:14:36.084  2112  2112 D ChargerInfo: wlsAdapterPower: path(/sys/class/oplus_chg/wireless/max_w_power): not exist
09-23 15:14:36.084  2112  2112 D ChargerInfo: getInfo: {"Update":{"batteryFcc":6740,"batteryRm":6190,"bddLeakCurr":0,"bmsStatus":0,"bypassChgStatus":2,"chargeTimeRemaining":0,"cpaPower":10,"enableTx":"disable","fastCharge":0,"isSupportSpeedCharge":0,"notifyCode":1048704,"otgOnline":1,"ppsChargePower":0,"ppsCharging":0,"shortCHwStatus":0,"shortIcOtpStatus":0,"uiIconType":0,"uiPower":0,"usbStatus":0,"wlsAdapterPower":0}}
09-23 15:14:36.087  3833  4026 D OplusThermalStats: REPORT_UPDATE_CPU  ->  phoneTemp:280  preHeatThreshold:400
09-23 15:14:36.134  2032 28029 I sensors-hal: handle_oplus_wise_rgb_event:191, wise_rgb: (r, g, b, c)[543.00, 589.00, 357.00, 1370.00],(r2,g2,b2,c2)[[0.00, 0.00, 0.00, 0.00], algo:5.0, flag :0
09-23 15:14:36.184  2112  2183 D BatteryChargeControl: bcc get no support from charging protocol
09-23 15:14:36.245  3833  4026 D ProcessCpuTrackerExtImpl: mContext is already set, return now! 
09-23 15:14:36.456  2032 28029 I sensors-hal: handle_oplus_wise_rgb_event:191, wise_rgb: (r, g, b, c)[543.00, 589.00, 357.00, 1374.00],(r2,g2,b2,c2)[[0.00, 0.00, 0.00, 0.00], algo:5.0, flag :0
09-23 15:14:36.456  3833  4659 D FusionLightNextGen: process end reported = 1, mode: 0, cnt: 7160, lux 50.7, cct -1.0, r/g/b/c: 543.0/589.0/357.0/1374.0, R/G/B: -1.0/-1.0/-1.0, bri 0.0, match 0.00, ir 0.659508, conf 0.0, ts 520145550118328
09-23 15:14:36.601  3034  3493 D MemoryMonitor: Current PSS: 6412288KB, Max PSS: 7348752KB
09-23 15:14:36.666 23395 23421 W OPLUS_LOG_LOAD: ==LOGS PROG INFO, prog(com.oplus.camera) ==
09-23 15:14:36.666 23395 23421 I APS_ALOG: flushRoutine g_immediateFlush=0 g_pendingCount=0 g_oobCount=0 asan-debug7
09-23 15:14:36.778  2032 28029 I sensors-hal: handle_oplus_wise_rgb_event:191, wise_rgb: (r, g, b, c)[544.00, 589.00, 357.00, 1373.00],(r2,g2,b2,c2)[[0.00, 0.00, 0.00, 0.00], algo:5.0, flag :0
09-23 15:14:37.101  2032 28029 I sensors-hal: handle_oplus_wise_rgb_event:191, wise_rgb: (r, g, b, c)[544.00, 589.00, 357.00, 1375.00],(r2,g2,b2,c2)[[0.00, 0.00, 0.00, 0.00], algo:5.0, flag :0
09-23 15:14:37.185  2112  2183 D BatteryChargeControl: bcc get no support from charging protocol
09-23 15:14:37.414  7337 11175 D gaia-GaiaConnectChecker: start connect check++
09-23 15:14:37.424  2032 28029 I sensors-hal: handle_oplus_wise_rgb_event:191, wise_rgb: (r, g, b, c)[545.00, 589.00, 356.00, 1372.00],(r2,g2,b2,c2)[[0.00, 0.00, 0.00, 0.00], algo:5.0, flag :0
09-23 15:14:37.601  3034  3493 D MemoryMonitor: Current PSS: 6412288KB, Max PSS: 7348752KB
09-23 15:14:37.748  2032 28029 I sensors-hal: handle_oplus_wise_rgb_event:191, wise_rgb: (r, g, b, c)[545.00, 589.00, 357.00, 1372.00],(r2,g2,b2,c2)[[0.00, 0.00, 0.00, 0.00], algo:5.0, flag :0
09-23 15:14:37.770  7337  8673 D gaia-GaiaConnectChecker: start connect check++
09-23 15:14:37.857  2072 29069 V Codec2-DumpInput: [processLoop:L764][c2.qti.hevc.decoder_136]QueueRead[0] empty, waiting buffer.
09-23 15:14:38.071  2032 28029 I sensors-hal: handle_oplus_wise_rgb_event:191, wise_rgb: (r, g, b, c)[544.00, 591.00, 357.00, 1374.00],(r2,g2,b2,c2)[[0.00, 0.00, 0.00, 0.00], algo:5.0, flag :0
09-23 15:14:38.071  2032 28029 I sensors-hal: handle_oplus_wise_rgb_event:217, high_pwm_light:lux 70.9,cct 1179453.4,brl/algo/ir 0.0/5.0/0.0,pwm/dc 0.0/0.0,rgbc 544.000000/591.000000/357.000000/1374.000000,ts 520147164884630,cnt 48930,flag 0
09-23 15:14:38.071  3833  4659 D FusionLightNextGen: process end reported = 1, mode: 0, cnt: 7165, lux 50.7, cct -1.0, r/g/b/c: 544.0/591.0/357.0/1374.0, R/G/B: -1.0/-1.0/-1.0, bri 0.0, match 0.00, ir 0.658835, conf 0.0, ts 520147164884630
09-23 15:14:38.186  2112  2183 D BatteryChargeControl: bcc get no support from charging protocol
09-23 15:14:38.295  3833  4504 D osense.compress: try do inactive compress task
09-23 15:14:38.394  2032 28029 I sensors-hal: handle_oplus_wise_rgb_event:191, wise_rgb: (r, g, b, c)[545.00, 589.00, 357.00, 1376.00],(r2,g2,b2,c2)[[0.00, 0.00, 0.00, 0.00], algo:5.0, flag :0
09-23 15:14:38.600  3034  3493 D MemoryMonitor: Current PSS: 6412288KB, Max PSS: 7348752KB
09-23 15:14:38.645  2112  2165 D vendor.oplus.hardware.charger-V10-service: parallel fold conf file parse fail parallel_fold_state 2
09-23 15:14:38.645  2112  2165 D vendor.oplus.hardware.charger-V10-service: scale_chg Start!!!
09-23 15:14:38.645  2112  2165 D vendor.oplus.hardware.charger-V10-service: [0, 0, 3]
09-23 15:14:38.645  2112  2165 D vendor.oplus.hardware.charger-V10-service: [0, 2, 10]
09-23 15:14:38.646  2112  2165 D vendor.oplus.hardware.charger-V10-service: [0, 1, 3]
09-23 15:14:38.646  2112  2165 D vendor.oplus.hardware.charger-V10-service: [0, 3, 4]
09-23 15:14:38.646  2112  2165 D vendor.oplus.hardware.charger-V10-service: [0, 4, 4]
09-23 15:14:38.646  2112  2165 D vendor.oplus.hardware.charger-V10-service: [0, 5, 3]
09-23 15:14:38.646  2112  2165 D vendor.oplus.hardware.charger-V10-service: [0, 6, 10]
09-23 15:14:38.646  2112  2165 D vendor.oplus.hardware.charger-V10-service: scale_chg Start!!!
09-23 15:14:38.646  2112  2165 D vendor.oplus.hardware.charger-V10-service: [0, 0, 3]
09-23 15:14:38.646  2112  2165 D vendor.oplus.hardware.charger-V10-service: [0, 2, 10]
09-23 15:14:38.646  2112  2165 D vendor.oplus.hardware.charger-V10-service: [0, 1, 3]
09-23 15:14:38.646  2112  2165 D vendor.oplus.hardware.charger-V10-service: [0, 3, 4]
09-23 15:14:38.646  2112  2165 D vendor.oplus.hardware.charger-V10-service: [0, 4, 4]
09-23 15:14:38.646  2112  2165 D vendor.oplus.hardware.charger-V10-service: [0, 5, 3]
09-23 15:14:38.646  2112  2165 D vendor.oplus.hardware.charger-V10-service: [0, 6, 10]
09-23 15:14:38.717  2032 28029 I sensors-hal: handle_oplus_wise_rgb_event:191, wise_rgb: (r, g, b, c)[545.00, 589.00, 357.00, 1378.00],(r2,g2,b2,c2)[[0.00, 0.00, 0.00, 0.00], algo:5.0, flag :0
09-23 15:14:39.012  2112  2180 D vendor.oplus.hardware.charger-V10-service: ret_value:167, read content:,281,281,4485,4483,-5,100,100,1,9,1048704,69,5229,100,0,4530,500,2000,0,0,3500,0,0,1,0,2,1,0,0,4,7763,100,7158,6190,6190,0,0,0,0,0,101,100.00,100,100.00,94.54,100.00,
09-23 15:14:39.013  2112  2180 D vendor.oplus.hardware.charger-V10-service: gmtime: 2026-09-23-15-14-39
09-23 15:14:39.014  2112  2180 D vendor.oplus.hardware.charger-V10-service: usb_online:1, ac_online:-2147483648, wireless_online:0
09-23 15:14:39.042  2032 28029 I sensors-hal: handle_oplus_wise_rgb_event:191, wise_rgb: (r, g, b, c)[545.00, 591.00, 357.00, 1376.00],(r2,g2,b2,c2)[[0.00, 0.00, 0.00, 0.00], algo:5.0, flag :0
09-23 15:14:39.186  2112  2183 D BatteryChargeControl: bcc get no support from charging protocol
09-23 15:14:39.364  2032 28029 I sensors-hal: handle_oplus_wise_rgb_event:191, wise_rgb: (r, g, b, c)[544.00, 590.00, 357.00, 1377.00],(r2,g2,b2,c2)[[0.00, 0.00, 0.00, 0.00], algo:5.0, flag :0
09-23 15:14:39.603  3034  3493 D MemoryMonitor: Current PSS: 6412544KB, Max PSS: 7348752KB
09-23 15:14:39.675  3833  5295 W Settings: Setting notification_bubbles has moved from android.provider.Settings.Global to android.provider.Settings.Secure, returning read-only value.
09-23 15:14:39.675  3833  5295 W Settings: Setting apply_ramping_ringer has moved from android.provider.Settings.Global to android.provider.Settings.System, returning read-only value.
09-23 15:14:39.679  3833  5295 W SettingsStatsUtil: Can not parse value to float: +network
09-23 15:14:39.687  2032 28029 I sensors-hal: handle_oplus_wise_rgb_event:191, wise_rgb: (r, g, b, c)[546.00, 591.00, 358.00, 1375.00],(r2,g2,b2,c2)[[0.00, 0.00, 0.00, 0.00], algo:5.0, flag :0
09-23 15:14:39.687  3833  4659 D FusionLightNextGen: process end reported = 1, mode: 0, cnt: 7170, lux 50.7, cct -1.0, r/g/b/c: 546.0/591.0/358.0/1375.0, R/G/B: -1.0/-1.0/-1.0, bri 0.0, match 0.00, ir 0.658270, conf 0.0, ts 520148780718276
09-23 15:14:40.009  2032 28029 I sensors-hal: handle_oplus_wise_rgb_event:191, wise_rgb: (r, g, b, c)[545.00, 590.00, 357.00, 1378.00],(r2,g2,b2,c2)[[0.00, 0.00, 0.00, 0.00], algo:5.0, flag :0
09-23 15:14:40.190  2112  2183 D BatteryChargeControl: bcc get no support from charging protocol
09-23 15:14:40.192  7776  9897 D ShellSubscriberWorkerThread: the first 8 bytes empty, and RestData length > 8 
09-23 15:14:40.331  2032 28029 I sensors-hal: handle_oplus_wise_rgb_event:191, wise_rgb: (r, g, b, c)[546.00, 591.00, 357.00, 1377.00],(r2,g2,b2,c2)[[0.00, 0.00, 0.00, 0.00], algo:5.0, flag :0
09-23 15:14:40.603  3034  3493 D MemoryMonitor: Current PSS: 6412544KB, Max PSS: 7348752KB
09-23 15:14:40.655  2032 28029 I sensors-hal: handle_oplus_wise_rgb_event:191, wise_rgb: (r, g, b, c)[545.00, 590.00, 358.00, 1378.00],(r2,g2,b2,c2)[[0.00, 0.00, 0.00, 0.00], algo:5.0, flag :0
09-23 15:14:40.978  2032 28029 I sensors-hal: handle_oplus_wise_rgb_event:191, wise_rgb: (r, g, b, c)[545.00, 590.00, 358.00, 1376.00],(r2,g2,b2,c2)[[0.00, 0.00, 0.00, 0.00], algo:5.0, flag :0
09-23 15:14:41.190  2112  2183 D BatteryChargeControl: bcc get no support from charging protocol
09-23 15:14:41.300  2032 28029 I sensors-hal: handle_oplus_wise_rgb_event:191, wise_rgb: (r, g, b, c)[546.00, 591.00, 358.00, 1380.00],(r2,g2,b2,c2)[[0.00, 0.00, 0.00, 0.00], algo:5.0, flag :0
09-23 15:14:41.300  2032 28029 I sensors-hal: handle_oplus_wise_rgb_event:217, high_pwm_light:lux 70.9,cct 1291207.8,brl/algo/ir 0.0/5.0/0.0,pwm/dc 0.0/0.0,rgbc 546.000000/591.000000/358.000000/1380.000000,ts 520150394484735,cnt 48940,flag 0
09-23 15:14:41.301  3833  4659 D FusionLightNextGen: process end reported = 1, mode: 0, cnt: 7175, lux 50.7, cct -1.0, r/g/b/c: 546.0/591.0/358.0/1380.0, R/G/B: -1.0/-1.0/-1.0, bri 0.0, match 0.00, ir 0.659508, conf 0.0, ts 520150394484735
09-23 15:14:41.603  3034  3493 D MemoryMonitor: Current PSS: 6412544KB, Max PSS: 7348752KB
09-23 15:14:41.623  2032 28029 I sensors-hal: handle_oplus_wise_rgb_event:191, wise_rgb: (r, g, b, c)[546.00, 591.00, 358.00, 1379.00],(r2,g2,b2,c2)[[0.00, 0.00, 0.00, 0.00], algo:5.0, flag :0
09-23 15:14:41.667 23395 23421 I APS_ALOG: flushRoutine g_immediateFlush=0 g_pendingCount=0 g_oobCount=0 asan-debug7
09-23 15:14:41.946  2032 28029 I sensors-hal: handle_oplus_wise_rgb_event:191, wise_rgb: (r, g, b, c)[547.00, 591.00, 359.00, 1382.00],(r2,g2,b2,c2)[[0.00, 0.00, 0.00, 0.00], algo:5.0, flag :0
09-23 15:14:42.191  2112  2183 D BatteryChargeControl: bcc get no support from charging protocol
09-23 15:14:42.269  2032 28029 I sensors-hal: handle_oplus_wise_rgb_event:191, wise_rgb: (r, g, b, c)[547.00, 593.00, 359.00, 1380.00],(r2,g2,b2,c2)[[0.00, 0.00, 0.00, 0.00], algo:5.0, flag :0
09-23 15:14:42.591  2032 28029 I sensors-hal: handle_oplus_wise_rgb_event:191, wise_rgb: (r, g, b, c)[546.00, 591.00, 357.00, 1380.00],(r2,g2,b2,c2)[[0.00, 0.00, 0.00, 0.00], algo:5.0, flag :0
09-23 15:14:42.603  3034  3493 D MemoryMonitor: Current PSS: 6413696KB, Max PSS: 7348752KB
09-23 15:14:42.708  1961  2299 I sscrpcd : vendor/qcom/proprietary/adsprpc/src/apps_std_imp.c:1093: Successfully opened file /mnt/vendor/persist/sensors/registry/fstempfile
09-23 15:14:42.709  1961  2299 D sscrpcd : vendor/qcom/proprietary/adsprpc/src/apps_std_imp.c:586: apps_std_fwrite returning 216 bytes, requested was 216 bytes for 64, err 0, fwrite:13us
09-23 15:14:42.716  1961  2299 I sscrpcd : vendor/qcom/proprietary/adsprpc/src/apps_std_imp.c:1093: Successfully opened file /mnt/vendor/persist/sensors/registry/fstempfile
09-23 15:14:42.717  1961  2299 D sscrpcd : vendor/qcom/proprietary/adsprpc/src/apps_std_imp.c:586: apps_std_fwrite returning 226 bytes, requested was 226 bytes for 64, err 0, fwrite:13us
09-23 15:14:42.720  1961  2299 I sscrpcd : vendor/qcom/proprietary/adsprpc/src/apps_std_imp.c:1093: Successfully opened file /mnt/vendor/persist/sensors/registry/fstempfile
09-23 15:14:42.721  1961  2299 D sscrpcd : vendor/qcom/proprietary/adsprpc/src/apps_std_imp.c:586: apps_std_fwrite returning 219 bytes, requested was 219 bytes for 64, err 0, fwrite:10us
09-23 15:14:42.723  1961  2299 I sscrpcd : vendor/qcom/proprietary/adsprpc/src/apps_std_imp.c:1093: Successfully opened file /mnt/vendor/persist/sensors/registry/fstempfile
09-23 15:14:42.724  1961  2299 D sscrpcd : vendor/qcom/proprietary/adsprpc/src/apps_std_imp.c:586: apps_std_fwrite returning 238 bytes, requested was 238 bytes for 64, err 0, fwrite:7us
09-23 15:14:42.857  2072 29069 V Codec2-DumpInput: [processLoop:L764][c2.qti.hevc.decoder_136]QueueRead[0] empty, waiting buffer.
09-23 15:14:42.914  2032 28029 I sensors-hal: handle_oplus_wise_rgb_event:191, wise_rgb: (r, g, b, c)[546.00, 592.00, 358.00, 1385.00],(r2,g2,b2,c2)[[0.00, 0.00, 0.00, 0.00], algo:5.0, flag :0
09-23 15:14:42.914  3833  4659 D FusionLightNextGen: process end reported = 1, mode: 0, cnt: 7180, lux 50.8, cct -1.0, r/g/b/c: 546.0/592.0/358.0/1385.0, R/G/B: -1.0/-1.0/-1.0, bri 0.0, match 0.00, ir 0.660561, conf 0.0, ts 520152008259422
09-23 15:14:43.192  2112  2183 D BatteryChargeControl: bcc get no support from charging protocol
09-23 15:14:43.236  2032 28029 I sensors-hal: handle_oplus_wise_rgb_event:191, wise_rgb: (r, g, b, c)[547.00, 592.00, 358.00, 1383.00],(r2,g2,b2,c2)[[0.00, 0.00, 0.00, 0.00], algo:5.0, flag :0
09-23 15:14:43.561  2032 28029 I sensors-hal: handle_oplus_wise_rgb_event:191, wise_rgb: (r, g, b, c)[547.00, 590.00, 359.00, 1382.00],(r2,g2,b2,c2)[[0.00, 0.00, 0.00, 0.00], algo:5.0, flag :0
09-23 15:14:43.603  3034  3493 D MemoryMonitor: Current PSS: 6414592KB, Max PSS: 7348752KB
09-23 15:14:43.650  2112  2165 D vendor.oplus.hardware.charger-V10-service: parallel fold conf file parse fail parallel_fold_state 2
09-23 15:14:43.650  2112  2165 D vendor.oplus.hardware.charger-V10-service: scale_chg Start!!!
09-23 15:14:43.650  2112  2165 D vendor.oplus.hardware.charger-V10-service: [0, 0, 3]
09-23 15:14:43.651  2112  2165 D vendor.oplus.hardware.charger-V10-service: [0, 2, 10]
09-23 15:14:43.651  2112  2165 D vendor.oplus.hardware.charger-V10-service: [0, 1, 3]
09-23 15:14:43.651  2112  2165 D vendor.oplus.hardware.charger-V10-service: [0, 3, 4]
09-23 15:14:43.651  2112  2165 D vendor.oplus.hardware.charger-V10-service: [0, 4, 4]
09-23 15:14:43.651  2112  2165 D vendor.oplus.hardware.charger-V10-service: [0, 5, 3]
09-23 15:14:43.651  2112  2165 D vendor.oplus.hardware.charger-V10-service: [0, 6, 10]
09-23 15:14:43.651  2112  2165 D vendor.oplus.hardware.charger-V10-service: scale_chg Start!!!
09-23 15:14:43.651  2112  2165 D vendor.oplus.hardware.charger-V10-service: [0, 0, 3]
09-23 15:14:43.651  2112  2165 D vendor.oplus.hardware.charger-V10-service: [0, 2, 10]
09-23 15:14:43.651  2112  2165 D vendor.oplus.hardware.charger-V10-service: [0, 1, 3]
09-23 15:14:43.651  2112  2165 D vendor.oplus.hardware.charger-V10-service: [0, 3, 4]
09-23 15:14:43.651  2112  2165 D vendor.oplus.hardware.charger-V10-service: [0, 4, 4]
09-23 15:14:43.651  2112  2165 D vendor.oplus.hardware.charger-V10-service: [0, 5, 3]
09-23 15:14:43.651  2112  2165 D vendor.oplus.hardware.charger-V10-service: [0, 6, 10]
09-23 15:14:43.884  2032 28029 I sensors-hal: handle_oplus_wise_rgb_event:191, wise_rgb: (r, g, b, c)[547.00, 592.00, 357.00, 1381.00],(r2,g2,b2,c2)[[0.00, 0.00, 0.00, 0.00], algo:5.0, flag :0
09-23 15:14:44.015  2112  2180 D vendor.oplus.hardware.charger-V10-service: ret_value:168, read content:,281,281,4485,4483,-11,100,100,1,9,1048704,62,5231,100,0,4530,500,2000,0,0,3500,0,0,1,0,2,1,0,0,4,7763,100,7158,6190,6190,0,0,0,0,0,101,100.00,100,100.00,94.54,100.00,
09-23 15:14:44.015  2112  2180 D vendor.oplus.hardware.charger-V10-service: gmtime: 2026-09-23-15-14-44
09-23 15:14:44.015  2112  2180 D vendor.oplus.hardware.charger-V10-service: usb_online:1, ac_online:-2147483648, wireless_online:0
09-23 15:14:44.183  7431  2977 I PTC.DISC.AndroidMultiLanServer: Watcher sysNif=[wlan0], userNif=[wlan0 state=(LISTEN JOIN(2CEDBD|21701)), , null], clientNif=[wlan0 state=(LISTEN), , ], tcpServer state=LISTEN, ipv4=**0.239
09-23 15:14:44.193  2112  2183 D BatteryChargeControl: bcc get no support from charging protocol
09-23 15:14:44.208  2032 28029 I sensors-hal: handle_oplus_wise_rgb_event:191, wise_rgb: (r, g, b, c)[548.00, 592.00, 358.00, 1385.00],(r2,g2,b2,c2)[[0.00, 0.00, 0.00, 0.00], algo:5.0, flag :0
09-23 15:14:44.532  2032 28029 I sensors-hal: handle_oplus_wise_rgb_event:191, wise_rgb: (r, g, b, c)[548.00, 593.00, 359.00, 1385.00],(r2,g2,b2,c2)[[0.00, 0.00, 0.00, 0.00], algo:5.0, flag :0
09-23 15:14:44.532  2032 28029 I sensors-hal: handle_oplus_wise_rgb_event:217, high_pwm_light:lux 71.2,cct 1288166.0,brl/algo/ir 0.0/5.0/0.0,pwm/dc 0.0/0.0,rgbc 548.000000/593.000000/359.000000/1385.000000,ts 520153625401453,cnt 48950,flag 0
09-23 15:14:44.533  3833  4659 D FusionLightNextGen: process end reported = 1, mode: 0, cnt: 7185, lux 50.8, cct -1.0, r/g/b/c: 548.0/593.0/359.0/1385.0, R/G/B: -1.0/-1.0/-1.0, bri 0.0, match 0.00, ir 0.659578, conf 0.0, ts 520153625401453
09-23 15:14:44.605  3034  3493 D MemoryMonitor: Current PSS: 6412380KB, Max PSS: 7348752KB
09-23 15:14:44.856  2032 28029 I sensors-hal: handle_oplus_wise_rgb_event:191, wise_rgb: (r, g, b, c)[548.00, 593.00, 358.00, 1386.00],(r2,g2,b2,c2)[[0.00, 0.00, 0.00, 0.00], algo:5.0, flag :0
09-23 15:14:45.181  2032 28029 I sensors-hal: handle_oplus_wise_rgb_event:191, wise_rgb: (r, g, b, c)[548.00, 594.00, 358.00, 1387.00],(r2,g2,b2,c2)[[0.00, 0.00, 0.00, 0.00], algo:5.0, flag :0
09-23 15:14:45.190  1871  1894 E statsd  : Could not find a broadcast receiver for (1000 1002)
09-23 15:14:45.190  1871  1894 E statsd  : Could not find a broadcast receiver for (1000 100000)
09-23 15:14:45.194  2112  2183 D BatteryChargeControl: bcc get no support from charging protocol
09-23 15:14:45.495  2642 29063 W OplusFeedbackInfo: callingPid(5073) 0xb400007132237f00 c2.qti.hevc.decoder codec[0xb4000071322f0000] 1272x2776 inputFps=0 outputFps=0 renderFps=0, discardFps=0
09-23 15:14:45.505  2032 28029 I sensors-hal: handle_oplus_wise_rgb_event:191, wise_rgb: (r, g, b, c)[548.00, 594.00, 359.00, 1386.00],(r2,g2,b2,c2)[[0.00, 0.00, 0.00, 0.00], algo:5.0, flag :0
09-23 15:14:45.608  3034  3493 D MemoryMonitor: Current PSS: 6412380KB, Max PSS: 7348752KB
09-23 15:14:45.829  2032 28029 I sensors-hal: handle_oplus_wise_rgb_event:191, wise_rgb: (r, g, b, c)[551.00, 593.00, 359.00, 1388.00],(r2,g2,b2,c2)[[0.00, 0.00, 0.00, 0.00], algo:5.0, flag :0
09-23 15:14:46.155  2032 28029 I sensors-hal: handle_oplus_wise_rgb_event:191, wise_rgb: (r, g, b, c)[549.00, 592.00, 360.00, 1388.00],(r2,g2,b2,c2)[[0.00, 0.00, 0.00, 0.00], algo:5.0, flag :0
09-23 15:14:46.155  3833  4659 W OPLUS_LOG_LOAD: ==LOGS PROG INFO, prog(system_server) ==
09-23 15:14:46.155  3833  4659 D FusionLightNextGen: process end reported = 1, mode: 0, cnt: 7190, lux 50.9, cct -1.0, r/g/b/c: 549.0/592.0/360.0/1388.0, R/G/B: -1.0/-1.0/-1.0, bri 0.0, match 0.00, ir 0.659998, conf 0.0, ts 520155246763120
09-23 15:14:46.195  2112  2183 D BatteryChargeControl: bcc get no support from charging protocol
09-23 15:14:46.477  2032 28029 I sensors-hal: handle_oplus_wise_rgb_event:191, wise_rgb: (r, g, b, c)[550.00, 593.00, 359.00, 1389.00],(r2,g2,b2,c2)[[0.00, 0.00, 0.00, 0.00], algo:5.0, flag :0
09-23 15:14:46.608  3034  3493 D MemoryMonitor: Current PSS: 6412828KB, Max PSS: 7348752KB
09-23 15:14:46.668 23395 23421 W OPLUS_LOG_LOAD: ==LOGS PROG INFO, prog(com.oplus.camera) ==
09-23 15:14:46.668 23395 23421 I APS_ALOG: flushRoutine g_immediateFlush=0 g_pendingCount=0 g_oobCount=0 asan-debug7
09-23 15:14:46.804  2032 28029 I sensors-hal: handle_oplus_wise_rgb_event:191, wise_rgb: (r, g, b, c)[549.00, 593.00, 359.00, 1390.00],(r2,g2,b2,c2)[[0.00, 0.00, 0.00, 0.00], algo:5.0, flag :0
09-23 15:14:47.126  2032 28029 I sensors-hal: handle_oplus_wise_rgb_event:191, wise_rgb: (r, g, b, c)[548.00, 595.00, 359.00, 1391.00],(r2,g2,b2,c2)[[0.00, 0.00, 0.00, 0.00], algo:5.0, flag :0
09-23 15:14:47.195  2112  2183 D BatteryChargeControl: bcc get no support from charging protocol
09-23 15:14:47.414  7337 11175 D gaia-GaiaConnectChecker: start connect check++
09-23 15:14:47.450  2032 28029 I sensors-hal: handle_oplus_wise_rgb_event:191, wise_rgb: (r, g, b, c)[550.00, 594.00, 359.00, 1390.00],(r2,g2,b2,c2)[[0.00, 0.00, 0.00, 0.00], algo:5.0, flag :0
09-23 15:14:47.607  3034  3493 D MemoryMonitor: Current PSS: 6412828KB, Max PSS: 7348752KB
09-23 15:14:47.770  7337  8673 D gaia-GaiaConnectChecker: start connect check++
09-23 15:14:47.774  2032 28029 I sensors-hal: handle_oplus_wise_rgb_event:191, wise_rgb: (r, g, b, c)[551.00, 595.00, 360.00, 1391.00],(r2,g2,b2,c2)[[0.00, 0.00, 0.00, 0.00], algo:5.0, flag :0
09-23 15:14:47.774  2032 28029 I sensors-hal: handle_oplus_wise_rgb_event:217, high_pwm_light:lux 71.4,cct 1274076.6,brl/algo/ir 0.0/5.0/0.0,pwm/dc 0.0/0.0,rgbc 551.000000/595.000000/360.000000/1391.000000,ts 520156867967912,cnt 48960,flag 0
09-23 15:14:47.774  3833  4659 D FusionLightNextGen: process end reported = 1, mode: 0, cnt: 7195, lux 50.9, cct -1.0, r/g/b/c: 551.0/595.0/360.0/1391.0, R/G/B: -1.0/-1.0/-1.0, bri 0.0, match 0.00, ir 0.659577, conf 0.0, ts 520156867967912
09-23 15:14:47.858  2072 29069 V Codec2-DumpInput: [processLoop:L764][c2.qti.hevc.decoder_136]QueueRead[0] empty, waiting buffer.
09-23 15:14:48.099  2032 28029 I sensors-hal: handle_oplus_wise_rgb_event:191, wise_rgb: (r, g, b, c)[550.00, 595.00, 360.00, 1389.00],(r2,g2,b2,c2)[[0.00, 0.00, 0.00, 0.00], algo:5.0, flag :0
09-23 15:14:48.196  2112  2183 D BatteryChargeControl: bcc get no support from charging protocol
09-23 15:14:48.425  2032 28029 I sensors-hal: handle_oplus_wise_rgb_event:191, wise_rgb: (r, g, b, c)[551.00, 596.00, 361.00, 1393.00],(r2,g2,b2,c2)[[0.00, 0.00, 0.00, 0.00], algo:5.0, flag :0
09-23 15:14:48.608  3034  3493 D MemoryMonitor: Current PSS: 6414832KB, Max PSS: 7348752KB
09-23 15:14:48.652  2112  2165 D vendor.oplus.hardware.charger-V10-service: parallel fold conf file parse fail parallel_fold_state 2
09-23 15:14:48.652  2112  2165 D vendor.oplus.hardware.charger-V10-service: scale_chg Start!!!
09-23 15:14:48.653  2112  2165 D vendor.oplus.hardware.charger-V10-service: [0, 0, 3]
09-23 15:14:48.653  2112  2165 D vendor.oplus.hardware.charger-V10-service: [0, 2, 10]
09-23 15:14:48.653  2112  2165 D vendor.oplus.hardware.charger-V10-service: [0, 1, 3]
09-23 15:14:48.653  2112  2165 D vendor.oplus.hardware.charger-V10-service: [0, 3, 4]
09-23 15:14:48.653  2112  2165 D vendor.oplus.hardware.charger-V10-service: [0, 4, 4]
09-23 15:14:48.653  2112  2165 D vendor.oplus.hardware.charger-V10-service: [0, 5, 3]
09-23 15:14:48.654  2112  2165 D vendor.oplus.hardware.charger-V10-service: [0, 6, 10]
09-23 15:14:48.654  2112  2165 D vendor.oplus.hardware.charger-V10-service: scale_chg Start!!!
09-23 15:14:48.654  2112  2165 D vendor.oplus.hardware.charger-V10-service: [0, 0, 3]
09-23 15:14:48.654  2112  2165 D vendor.oplus.hardware.charger-V10-service: [0, 2, 10]
09-23 15:14:48.654  2112  2165 D vendor.oplus.hardware.charger-V10-service: [0, 1, 3]
09-23 15:14:48.654  2112  2165 D vendor.oplus.hardware.charger-V10-service: [0, 3, 4]
09-23 15:14:48.654  2112  2165 D vendor.oplus.hardware.charger-V10-service: [0, 4, 4]
09-23 15:14:48.654  2112  2165 D vendor.oplus.hardware.charger-V10-service: [0, 5, 3]
09-23 15:14:48.654  2112  2165 D vendor.oplus.hardware.charger-V10-service: [0, 6, 10]
09-23 15:14:48.747  2032 28029 I sensors-hal: handle_oplus_wise_rgb_event:191, wise_rgb: (r, g, b, c)[551.00, 596.00, 360.00, 1393.00],(r2,g2,b2,c2)[[0.00, 0.00, 0.00, 0.00], algo:5.0, flag :0
09-23 15:14:49.016  2112  2180 D vendor.oplus.hardware.charger-V10-service: ret_value:169, read content:,281,281,4487,4485,-24,100,100,1,9,1048704,706,5023,100,0,4530,500,2000,0,0,3500,0,0,1,0,2,1,0,0,4,7763,100,7158,6190,6190,0,0,0,0,0,101,100.00,100,100.00,94.54,100.00,
09-23 15:14:49.017  2112  2180 D vendor.oplus.hardware.charger-V10-service: gmtime: 2026-09-23-15-14-49
09-23 15:14:49.017  2112  2180 D vendor.oplus.hardware.charger-V10-service: usb_online:1, ac_online:-2147483648, wireless_online:0
09-23 15:14:49.072  2032 28029 I sensors-hal: handle_oplus_wise_rgb_event:191, wise_rgb: (r, g, b, c)[552.00, 596.00, 361.00, 1394.00],(r2,g2,b2,c2)[[0.00, 0.00, 0.00, 0.00], algo:5.0, flag :0
09-23 15:14:49.197  2112  2183 D BatteryChargeControl: bcc get no support from charging protocol
09-23 15:14:49.398  2032 28029 I sensors-hal: handle_oplus_wise_rgb_event:191, wise_rgb: (r, g, b, c)[552.00, 597.00, 360.00, 1395.00],(r2,g2,b2,c2)[[0.00, 0.00, 0.00, 0.00], algo:5.0, flag :0
09-23 15:14:49.398  3833  4659 D FusionLightNextGen: process end reported = 1, mode: 0, cnt: 7200, lux 51.1, cct -1.0, r/g/b/c: 552.0/597.0/360.0/1395.0, R/G/B: -1.0/-1.0/-1.0, bri 0.0, match 0.00, ir 0.659891, conf 0.0, ts 520158489269943
09-23 15:14:49.608  3034  3493 D MemoryMonitor: Current PSS: 6415424KB, Max PSS: 7348752KB
09-23 15:14:49.722  2032 28029 I sensors-hal: handle_oplus_wise_rgb_event:191, wise_rgb: (r, g, b, c)[551.00, 597.00, 362.00, 1395.00],(r2,g2,b2,c2)[[0.00, 0.00, 0.00, 0.00], algo:5.0, flag :0
09-23 15:14:50.044  2032 28029 I sensors-hal: handle_oplus_wise_rgb_event:191, wise_rgb: (r, g, b, c)[552.00, 596.00, 361.00, 1396.00],(r2,g2,b2,c2)[[0.00, 0.00, 0.00, 0.00], algo:5.0, flag :0
09-23 15:14:50.191  7776  9897 D ShellSubscriberWorkerThread: the first 8 bytes empty, and RestData length > 8 
09-23 15:14:50.198  2112  2183 D BatteryChargeControl: bcc get no support from charging protocol
09-23 15:14:50.367  2032 28029 I sensors-hal: handle_oplus_wise_rgb_event:191, wise_rgb: (r, g, b, c)[552.00, 597.00, 361.00, 1394.00],(r2,g2,b2,c2)[[0.00, 0.00, 0.00, 0.00], algo:5.0, flag :0
09-23 15:14:50.610  3034  3493 D MemoryMonitor: Current PSS: 6415552KB, Max PSS: 7348752KB
09-23 15:14:50.694  2032 28029 I sensors-hal: handle_oplus_wise_rgb_event:191, wise_rgb: (r, g, b, c)[554.00, 598.00, 361.00, 1397.00],(r2,g2,b2,c2)[[0.00, 0.00, 0.00, 0.00], algo:5.0, flag :0
09-23 15:14:51.016  2032 28029 I sensors-hal: handle_oplus_wise_rgb_event:191, wise_rgb: (r, g, b, c)[553.00, 597.00, 361.00, 1397.00],(r2,g2,b2,c2)[[0.00, 0.00, 0.00, 0.00], algo:5.0, flag :0
09-23 15:14:51.016  2032 28029 I sensors-hal: handle_oplus_wise_rgb_event:217, high_pwm_light:lux 71.6,cct 1298591.4,brl/algo/ir 0.0/5.0/0.0,pwm/dc 0.0/0.0,rgbc 553.000000/597.000000/361.000000/1397.000000,ts 520160109159555,cnt 48970,flag 0
09-23 15:14:51.016  3833  4659 D FusionLightNextGen: process end reported = 1, mode: 0, cnt: 7205, lux 51.2, cct -1.0, r/g/b/c: 553.0/597.0/361.0/1397.0, R/G/B: -1.0/-1.0/-1.0, bri 0.0, match 0.00, ir 0.659890, conf 0.0, ts 520160109159555
09-23 15:14:51.198  2112  2183 D BatteryChargeControl: bcc get no support from charging protocol
09-23 15:14:51.340  2032 28029 I sensors-hal: handle_oplus_wise_rgb_event:191, wise_rgb: (r, g, b, c)[552.00, 597.00, 361.00, 1397.00],(r2,g2,b2,c2)[[0.00, 0.00, 0.00, 0.00], algo:5.0, flag :0
09-23 15:14:51.610  3034  3493 D MemoryMonitor: Current PSS: 6415552KB, Max PSS: 7348752KB
09-23 15:14:51.664  2032 28029 I sensors-hal: handle_oplus_wise_rgb_event:191, wise_rgb: (r, g, b, c)[554.00, 598.00, 361.00, 1396.00],(r2,g2,b2,c2)[[0.00, 0.00, 0.00, 0.00], algo:5.0, flag :0
09-23 15:14:51.669 23395 23421 I APS_ALOG: flushRoutine g_immediateFlush=0 g_pendingCount=0 g_oobCount=0 asan-debug7
09-23 15:14:51.990  2032 28029 I sensors-hal: handle_oplus_wise_rgb_event:191, wise_rgb: (r, g, b, c)[555.00, 598.00, 362.00, 1398.00],(r2,g2,b2,c2)[[0.00, 0.00, 0.00, 0.00], algo:5.0, flag :0
09-23 15:14:52.054  2112  2166 D chg_exchange_mesg: cmd[2], data_size[52]
09-23 15:14:52.056  3070  3070 E BSP_KEVENT_RECORD: oplus_kevent Receive message from kernel, event_type=1
09-23 15:14:52.056  3070  3070 E BSP_KEVENT_RECORD: OPLUS_KEVENT payload:charge_monitor$$track_ver@@4.0$$battery_type@@silicon_1$$type_reason@@general_record$$flag_reason@@GaugeInfo$$time@@[2026-09-23 15:14:52]$$device_id@@sn28z729$$err_scene@@default$$err_reason@@general_info$$calib_t@@1,1$$delta_time@@5$$reg_info@@time[2026-09-23 15:14:51]-0x06=c2,0b|0x08=0b,23|0x0a=e0,00|0x0c=13,00|0x10=17,0c|0x12=17,0c|0x14=0a,00|0x2a=00,00|0x2c=64,00|0x2e=64,00|0x0006=08,81|0x0056=4a,18,0b|0x0071=85,11,86,11,00,00,00,00,04,23,05,23|0x0073=1c,0c,40,09,79,00,6a,00,17,0c,3b,09,bb,0b,c2,0b|0x0074=01,0e,00,00,79,00,ab,04,00,00,50,03,60,03,a2,ff,ad,ff,0b,00,50,01,40,01|0x0075=2a,0f,29,0f,50,03,60,03,a2,ff,0b,00,64,00,e8,03|0x0076=00,00,00,00,50,03,60,03
09-23 15:14:52.056  3070  3070 I BSP_KEVENT_RECORD: Enter oplus_record_kevent_to_file loop, uid_num=0
09-23 15:14:52.059  2112  2166 D chg_exchange_mesg: write calib time: 1, 1 0, 0
09-23 15:14:52.059  2112  2166 D chg_exchange_mesg: cmd read
09-23 15:14:52.199  2112  2183 D BatteryChargeControl: bcc get no support from charging protocol
09-23 15:14:52.312  2032 28029 I sensors-hal: handle_oplus_wise_rgb_event:191, wise_rgb: (r, g, b, c)[553.00, 598.00, 362.00, 1400.00],(r2,g2,b2,c2)[[0.00, 0.00, 0.00, 0.00], algo:5.0, flag :0
09-23 15:14:52.610  3034  3493 D MemoryMonitor: Current PSS: 6415552KB, Max PSS: 7348752KB
09-23 15:14:52.636  2032 28029 I sensors-hal: handle_oplus_wise_rgb_event:191, wise_rgb: (r, g, b, c)[554.00, 598.00, 362.00, 1400.00],(r2,g2,b2,c2)[[0.00, 0.00, 0.00, 0.00], algo:5.0, flag :0
09-23 15:14:52.636  3833  4659 D FusionLightNextGen: process end reported = 1, mode: 0, cnt: 7210, lux 51.3, cct -1.0, r/g/b/c: 554.0/598.0/362.0/1400.0, R/G/B: -1.0/-1.0/-1.0, bri 0.0, match 0.00, ir 0.659959, conf 0.0, ts 520161729599139
09-23 15:14:52.859  2072 29069 V Codec2-DumpInput: [processLoop:L764][c2.qti.hevc.decoder_136]QueueRead[0] empty, waiting buffer.
09-23 15:14:52.960  2032 28029 I sensors-hal: handle_oplus_wise_rgb_event:191, wise_rgb: (r, g, b, c)[555.00, 599.00, 363.00, 1401.00],(r2,g2,b2,c2)[[0.00, 0.00, 0.00, 0.00], algo:5.0, flag :0
09-23 15:14:53.200  2112  2183 D BatteryChargeControl: bcc get no support from charging protocol
09-23 15:14:53.284  2032 28029 I sensors-hal: handle_oplus_wise_rgb_event:191, wise_rgb: (r, g, b, c)[554.00, 598.00, 363.00, 1402.00],(r2,g2,b2,c2)[[0.00, 0.00, 0.00, 0.00], algo:5.0, flag :0
09-23 15:14:53.610  3034  3493 D MemoryMonitor: Current PSS: 6415552KB, Max PSS: 7348752KB
09-23 15:14:53.611  2032 28029 I sensors-hal: handle_oplus_wise_rgb_event:191, wise_rgb: (r, g, b, c)[554.00, 600.00, 363.00, 1399.00],(r2,g2,b2,c2)[[0.00, 0.00, 0.00, 0.00], algo:5.0, flag :0
09-23 15:14:53.655  2112  2165 D vendor.oplus.hardware.charger-V10-service: parallel fold conf file parse fail parallel_fold_state 2
09-23 15:14:53.655  2112  2165 D vendor.oplus.hardware.charger-V10-service: scale_chg Start!!!
09-23 15:14:53.656  2112  2165 D vendor.oplus.hardware.charger-V10-service: [0, 0, 3]
09-23 15:14:53.656  2112  2165 D vendor.oplus.hardware.charger-V10-service: [0, 2, 10]
09-23 15:14:53.656  2112  2165 D vendor.oplus.hardware.charger-V10-service: [0, 1, 3]
09-23 15:14:53.656  2112  2165 D vendor.oplus.hardware.charger-V10-service: [0, 3, 4]
09-23 15:14:53.656  2112  2165 D vendor.oplus.hardware.charger-V10-service: [0, 4, 4]
09-23 15:14:53.656  2112  2165 D vendor.oplus.hardware.charger-V10-service: [0, 5, 3]
09-23 15:14:53.656  2112  2165 D vendor.oplus.hardware.charger-V10-service: [0, 6, 10]
09-23 15:14:53.656  2112  2165 D vendor.oplus.hardware.charger-V10-service: scale_chg Start!!!
09-23 15:14:53.656  2112  2165 D vendor.oplus.hardware.charger-V10-service: [0, 0, 3]
09-23 15:14:53.656  2112  2165 D vendor.oplus.hardware.charger-V10-service: [0, 2, 10]
09-23 15:14:53.657  2112  2165 D vendor.oplus.hardware.charger-V10-service: [0, 1, 3]
09-23 15:14:53.657  2112  2165 D vendor.oplus.hardware.charger-V10-service: [0, 3, 4]
09-23 15:14:53.657  2112  2165 D vendor.oplus.hardware.charger-V10-service: [0, 4, 4]
09-23 15:14:53.657  2112  2165 D vendor.oplus.hardware.charger-V10-service: [0, 5, 3]
09-23 15:14:53.657  2112  2165 D vendor.oplus.hardware.charger-V10-service: [0, 6, 10]
09-23 15:14:53.933  2032 28029 I sensors-hal: handle_oplus_wise_rgb_event:191, wise_rgb: (r, g, b, c)[556.00, 600.00, 362.00, 1401.00],(r2,g2,b2,c2)[[0.00, 0.00, 0.00, 0.00], algo:5.0, flag :0
09-23 15:14:54.018  2112  2180 D vendor.oplus.hardware.charger-V10-service: ret_value:169, read content:,281,281,4486,4484,-19,100,100,1,9,1048704,781,5120,100,0,4530,500,2000,0,0,3500,0,0,1,0,2,1,0,0,4,7763,100,7158,6190,6190,0,0,0,0,0,101,100.00,100,100.00,94.54,100.00,
09-23 15:14:54.018  2112  2180 D vendor.oplus.hardware.charger-V10-service: gmtime: 2026-09-23-15-14-54
09-23 15:14:54.019  2112  2180 D vendor.oplus.hardware.charger-V10-service: usb_online:1, ac_online:-2147483648, wireless_online:0
09-23 15:14:54.201  2112  2183 D BatteryChargeControl: bcc get no support from charging protocol
09-23 15:14:54.261  2032 28029 I sensors-hal: handle_oplus_wise_rgb_event:191, wise_rgb: (r, g, b, c)[555.00, 600.00, 364.00, 1401.00],(r2,g2,b2,c2)[[0.00, 0.00, 0.00, 0.00], algo:5.0, flag :0
09-23 15:14:54.261  2032 28029 I sensors-hal: handle_oplus_wise_rgb_event:217, high_pwm_light:lux 72.0,cct 1280488.5,brl/algo/ir 0.0/5.0/0.0,pwm/dc 0.0/0.0,rgbc 555.000000/600.000000/364.000000/1401.000000,ts 520163350773618,cnt 48980,flag 0
09-23 15:14:54.262  3833  4659 D FusionLightNextGen: process end reported = 1, mode: 0, cnt: 7215, lux 51.5, cct -1.0, r/g/b/c: 555.0/600.0/364.0/1401.0, R/G/B: -1.0/-1.0/-1.0, bri 0.0, match 0.00, ir 0.659195, conf 0.0, ts 520163350773618
09-23 15:14:54.583  2032 28029 I sensors-hal: handle_oplus_wise_rgb_event:191, wise_rgb: (r, g, b, c)[556.00, 600.00, 364.00, 1402.00],(r2,g2,b2,c2)[[0.00, 0.00, 0.00, 0.00], algo:5.0, flag :0
09-23 15:14:54.610  3034  3493 D MemoryMonitor: Current PSS: 6415552KB, Max PSS: 7348752KB
09-23 15:14:54.906  2032 28029 I sensors-hal: handle_oplus_wise_rgb_event:191, wise_rgb: (r, g, b, c)[556.00, 600.00, 365.00, 1404.00],(r2,g2,b2,c2)[[0.00, 0.00, 0.00, 0.00], algo:5.0, flag :0
09-23 15:14:55.188  6883  7013 E horae   : 0: back:27792,back_1:27895,frame:27560,frame_1:27486,frame_2:27350,front:28330,front_1:28777, 1, +(2116), 0 ,28100,29768,30153,27706,29587,30008,28100,29699,30831,27755,29542,30067,28100,30137,33442,27752,30304,31760,28100,30893,33833,27755,30973,32713, target_temp:28777, algo:0
09-23 15:14:55.202  2112  2183 D BatteryChargeControl: bcc get no support from charging protocol
09-23 15:14:55.231  2032 28029 I sensors-hal: handle_oplus_wise_rgb_event:191, wise_rgb: (r, g, b, c)[556.00, 601.00, 364.00, 1403.00],(r2,g2,b2,c2)[[0.00, 0.00, 0.00, 0.00], algo:5.0, flag :0
09-23 15:14:55.556  2032 28029 I sensors-hal: handle_oplus_wise_rgb_event:191, wise_rgb: (r, g, b, c)[558.00, 601.00, 363.00, 1407.00],(r2,g2,b2,c2)[[0.00, 0.00, 0.00, 0.00], algo:5.0, flag :0
09-23 15:14:55.610  3034  3493 D MemoryMonitor: Current PSS: 6415680KB, Max PSS: 7348752KB
09-23 15:14:55.880  2032 28029 I sensors-hal: handle_oplus_wise_rgb_event:191, wise_rgb: (r, g, b, c)[557.00, 600.00, 363.00, 1405.00],(r2,g2,b2,c2)[[0.00, 0.00, 0.00, 0.00], algo:5.0, flag :0
09-23 15:14:55.881  3833  4659 D FusionLightNextGen: process end reported = 1, mode: 0, cnt: 7220, lux 51.6, cct -1.0, r/g/b/c: 557.0/600.0/363.0/1405.0, R/G/B: -1.0/-1.0/-1.0, bri 0.0, match 0.00, ir 0.659715, conf 0.0, ts 520164971859451
09-23 15:14:56.202  2112  2183 D BatteryChargeControl: bcc get no support from charging protocol
09-23 15:14:56.203  2032 28029 I sensors-hal: handle_oplus_wise_rgb_event:191, wise_rgb: (r, g, b, c)[557.00, 601.00, 365.00, 1406.00],(r2,g2,b2,c2)[[0.00, 0.00, 0.00, 0.00], algo:5.0, flag :0
09-23 15:14:56.527  2032 28029 I sensors-hal: handle_oplus_wise_rgb_event:191, wise_rgb: (r, g, b, c)[557.00, 602.00, 365.00, 1406.00],(r2,g2,b2,c2)[[0.00, 0.00, 0.00, 0.00], algo:5.0, flag :0
09-23 15:14:56.610  3034  3493 D MemoryMonitor: Current PSS: 6415808KB, Max PSS: 7348752KB
09-23 15:14:56.670 23395 23421 W OPLUS_LOG_LOAD: ==LOGS PROG INFO, prog(com.oplus.camera) ==
09-23 15:14:56.670 23395 23421 I APS_ALOG: flushRoutine g_immediateFlush=0 g_pendingCount=0 g_oobCount=0 asan-debug7
09-23 15:14:56.851  2032 28029 I sensors-hal: handle_oplus_wise_rgb_event:191, wise_rgb: (r, g, b, c)[558.00, 602.00, 364.00, 1407.00],(r2,g2,b2,c2)[[0.00, 0.00, 0.00, 0.00], algo:5.0, flag :0
09-23 15:14:57.175  2032 28029 I sensors-hal: handle_oplus_wise_rgb_event:191, wise_rgb: (r, g, b, c)[557.00, 601.00, 365.00, 1409.00],(r2,g2,b2,c2)[[0.00, 0.00, 0.00, 0.00], algo:5.0, flag :0
09-23 15:14:57.203  2112  2183 D BatteryChargeControl: bcc get no support from charging protocol
09-23 15:14:57.416  7337 11175 D gaia-GaiaConnectChecker: start connect check++
09-23 15:14:57.500  2032 28029 I sensors-hal: handle_oplus_wise_rgb_event:191, wise_rgb: (r, g, b, c)[558.00, 602.00, 365.00, 1409.00],(r2,g2,b2,c2)[[0.00, 0.00, 0.00, 0.00], algo:5.0, flag :0
09-23 15:14:57.500  2032 28029 I sensors-hal: handle_oplus_wise_rgb_event:217, high_pwm_light:lux 72.2,cct 1321611.4,brl/algo/ir 0.0/5.0/0.0,pwm/dc 0.0/0.0,rgbc 558.000000/602.000000/365.000000/1409.000000,ts 520166592940858,cnt 48990,flag 0
09-23 15:14:57.500  3833  4659 W OPLUS_LOG_LOAD: ==LOGS PROG INFO, prog(system_server) ==
09-23 15:14:57.500  3833  4659 D FusionLightNextGen: process end reported = 1, mode: 0, cnt: 7225, lux 51.7, cct -1.0, r/g/b/c: 558.0/602.0/365.0/1409.0, R/G/B: -1.0/-1.0/-1.0, bri 0.0, match 0.00, ir 0.659679, conf 0.0, ts 520166592940858
09-23 15:14:57.611  3034  3493 D MemoryMonitor: Current PSS: 6415808KB, Max PSS: 7348752KB
09-23 15:14:57.770  7337  8673 D gaia-GaiaConnectChecker: start connect check++
09-23 15:14:57.824  2032 28029 I sensors-hal: handle_oplus_wise_rgb_event:191, wise_rgb: (r, g, b, c)[559.00, 603.00, 365.00, 1410.00],(r2,g2,b2,c2)[[0.00, 0.00, 0.00, 0.00], algo:5.0, flag :0
09-23 15:14:57.860  2072 29069 V Codec2-DumpInput: [processLoop:L764][c2.qti.hevc.decoder_136]QueueRead[0] empty, waiting buffer.
09-23 15:14:58.150  2032 28029 I sensors-hal: handle_oplus_wise_rgb_event:191, wise_rgb: (r, g, b, c)[559.00, 604.00, 365.00, 1410.00],(r2,g2,b2,c2)[[0.00, 0.00, 0.00, 0.00], algo:5.0, flag :0
09-23 15:14:58.204  2112  2183 D BatteryChargeControl: bcc get no support from charging protocol
09-23 15:14:58.474  2032 28029 I sensors-hal: handle_oplus_wise_rgb_event:191, wise_rgb: (r, g, b, c)[559.00, 604.00, 366.00, 1412.00],(r2,g2,b2,c2)[[0.00, 0.00, 0.00, 0.00], algo:5.0, flag :0
09-23 15:14:58.615  3034  3493 D MemoryMonitor: Current PSS: 6415808KB, Max PSS: 7348752KB
09-23 15:14:58.657  2112  2165 D vendor.oplus.hardware.charger-V10-service: parallel fold conf file parse fail parallel_fold_state 2
09-23 15:14:58.658  2112  2165 D vendor.oplus.hardware.charger-V10-service: scale_chg Start!!!
09-23 15:14:58.658  2112  2165 D vendor.oplus.hardware.charger-V10-service: [0, 0, 3]
09-23 15:14:58.658  2112  2165 D vendor.oplus.hardware.charger-V10-service: [0, 2, 10]
09-23 15:14:58.658  2112  2165 D vendor.oplus.hardware.charger-V10-service: [0, 1, 3]
09-23 15:14:58.658  2112  2165 D vendor.oplus.hardware.charger-V10-service: [0, 3, 4]
09-23 15:14:58.658  2112  2165 D vendor.oplus.hardware.charger-V10-service: [0, 4, 4]
09-23 15:14:58.659  2112  2165 D vendor.oplus.hardware.charger-V10-service: [0, 5, 3]
09-23 15:14:58.659  2112  2165 D vendor.oplus.hardware.charger-V10-service: [0, 6, 10]
09-23 15:14:58.659  2112  2165 D vendor.oplus.hardware.charger-V10-service: scale_chg Start!!!
09-23 15:14:58.659  2112  2165 D vendor.oplus.hardware.charger-V10-service: [0, 0, 3]
09-23 15:14:58.659  2112  2165 D vendor.oplus.hardware.charger-V10-service: [0, 2, 10]
09-23 15:14:58.659  2112  2165 D vendor.oplus.hardware.charger-V10-service: [0, 1, 3]
09-23 15:14:58.659  2112  2165 D vendor.oplus.hardware.charger-V10-service: [0, 3, 4]
09-23 15:14:58.659  2112  2165 D vendor.oplus.hardware.charger-V10-service: [0, 4, 4]
09-23 15:14:58.659  2112  2165 D vendor.oplus.hardware.charger-V10-service: [0, 5, 3]
09-23 15:14:58.659  2112  2165 D vendor.oplus.hardware.charger-V10-service: [0, 6, 10]
09-23 15:14:58.796  2032 28029 I sensors-hal: handle_oplus_wise_rgb_event:191, wise_rgb: (r, g, b, c)[560.00, 604.00, 365.00, 1411.00],(r2,g2,b2,c2)[[0.00, 0.00, 0.00, 0.00], algo:5.0, flag :0
09-23 15:14:58.896  5286 27219 W AlarmManager: Unrecognized alarm listener com.android.networkstack.android.net.ip.IpClientLinkObserver$Dhcp6PdPreferredPrefixAlarmListener@95d03b2
09-23 15:14:58.898  3833  4868 D OplusWifiPowerWakeupStats: ICMPV6_RA wake up count 64
09-23 15:14:58.900  2035 23726 I WifiHAL : event received NL80211_CMD_VENDOR, vendor_id = 0x1374, subcmd = 0xb6
09-23 15:14:58.900  6983 23727 D LOWI-9.0.1.125: [LOWI-Scan] wait_event:Wait done with Cmd 103
09-23 15:14:58.900  6983 23727 D LOWI-9.0.1.125: [LOWI-Scan] do_listen_events: Rcvd valid Netlink Cmd 0 Err 0
09-23 15:14:58.900  5286 27219 D ApfFilter: (wlan0): Adding RA fe80::fad0:eff:fe51:b767 -> ff02::1 180s 2601:600:8281:1c80::/64 7200s/7200s DNS 180s 2001:558:feed::1 2001:558:feed::2 RIO 180s ::/0 
09-23 15:14:58.900  2965  2965 I cnss-daemon: nl80211 response handler invoked
09-23 15:14:58.900  2965  2965 I cnss-daemon: nl80211_response_handler: cmd 103, vendorID 4980, subcmd 182  received
09-23 15:14:58.994  5484  6265 D EuiccConnector: handleMessage: E msg.what=3
09-23 15:14:58.994  5484  6265 D EuiccConnector: processMsg: ConnectedState
09-23 15:14:59.000 17463 17463 I EuiccGoogle: [2] EuiccServiceImpl.onDestroy: onDestroy: EuiccService on destroy.
09-23 15:14:59.003  5484  6265 D EuiccConnector: transitionTo: destState=AvailableState
09-23 15:14:59.003  5484  6265 D EuiccConnector: handleMessage: new destination call exit/enter
09-23 15:14:59.003  5484  6265 D EuiccConnector: setupTempStateStackWithStatesToEnter: X mTempStateStackCount=2,curStateInfo: null
09-23 15:14:59.003  5484  6265 D EuiccConnector: invokeExitMethods: ConnectedState
09-23 15:14:59.003  5484  6265 D EuiccConnector: invokeExitMethods: DisconnectedState
09-23 15:14:59.003  5484  6265 D EuiccConnector: moveTempStackToStateStack: i=1,j=0
09-23 15:14:59.003  5484  6265 D EuiccConnector: moveTempStackToStateStack: i=0,j=1
09-23 15:14:59.003  5484  6265 D EuiccConnector: moveTempStackToStateStack: X mStateStackTop=1,startingIndex=0,Top=AvailableState
09-23 15:14:59.003  5484  6265 D EuiccConnector: invokeEnterMethods: UnavailableState
09-23 15:14:59.003  5484  6265 D EuiccConnector: invokeEnterMethods: AvailableState
09-23 15:14:59.003  5484  6265 D EuiccConnector: handleMessage: X
09-23 15:14:59.019  2112  2180 D vendor.oplus.hardware.charger-V10-service: ret_value:170, read content:,281,281,4487,4485,-11,100,100,1,9,1048704,1000,5107,100,0,4530,500,2000,0,0,3500,0,0,1,0,2,1,0,0,4,7763,100,7158,6190,6190,0,0,0,0,0,101,100.00,100,100.00,94.54,100.00,
09-23 15:14:59.020  2112  2180 D vendor.oplus.hardware.charger-V10-service: gmtime: 2026-09-23-15-14-59
09-23 15:14:59.020  2112  2180 D vendor.oplus.hardware.charger-V10-service: usb_online:1, ac_online:-2147483648, wireless_online:0
09-23 15:14:59.123  2032 28029 I sensors-hal: handle_oplus_wise_rgb_event:191, wise_rgb: (r, g, b, c)[560.00, 605.00, 366.00, 1413.00],(r2,g2,b2,c2)[[0.00, 0.00, 0.00, 0.00], algo:5.0, flag :0
09-23 15:14:59.123  3833  4659 D FusionLightNextGen: process end reported = 1, mode: 0, cnt: 7230, lux 51.9, cct -1.0, r/g/b/c: 560.0/605.0/366.0/1413.0, R/G/B: -1.0/-1.0/-1.0, bri 0.0, match 0.00, ir 0.659335, conf 0.0, ts 520168214116014
09-23 15:14:59.204  2112  2183 D BatteryChargeControl: bcc get no support from charging protocol
09-23 15:14:59.447  2032 28029 I sensors-hal: handle_oplus_wise_rgb_event:191, wise_rgb: (r, g, b, c)[559.00, 605.00, 367.00, 1414.00],(r2,g2,b2,c2)[[0.00, 0.00, 0.00, 0.00], algo:5.0, flag :0
09-23 15:14:59.615  3034  3493 D MemoryMonitor: Current PSS: 6415808KB, Max PSS: 7348752KB
09-23 15:14:59.769  2032 28029 I sensors-hal: handle_oplus_wise_rgb_event:191, wise_rgb: (r, g, b, c)[561.00, 604.00, 364.00, 1415.00],(r2,g2,b2,c2)[[0.00, 0.00, 0.00, 0.00], algo:5.0, flag :0
09-23 15:15:00.048  5344  5344 W OPLUS_LOG_LOAD: ==LOGS PROG INFO, prog(com.android.systemui) ==
09-23 15:15:00.048  5344  5344 I SystemUi--SystemUi--: Clock-->smallTime: 3:15
09-23 15:15:00.050  5344  5344 I SystemUi--SystemUi--: Clock-->smallTime: 3:15
09-23 15:15:00.050  5344  5344 I SystemUi--SystemUi--: Clock-->smallTime: 3:15
09-23 15:15:00.050  5344  5344 I SystemUi--SystemUi--: Clock-->smallTime: 3:15
09-23 15:15:00.072  5344  5344 I SystemUi--Notification: SimpleQsClock-->textWidth:88.0, mPaddingEnd 21, dynamicWidth 126, systemFontScale 1.0
09-23 15:15:00.093  2032 28029 I sensors-hal: handle_oplus_wise_rgb_event:191, wise_rgb: (r, g, b, c)[562.00, 604.00, 367.00, 1415.00],(r2,g2,b2,c2)[[0.00, 0.00, 0.00, 0.00], algo:5.0, flag :0
09-23 15:15:00.194  7776  9897 D ShellSubscriberWorkerThread: the first 8 bytes empty, and RestData length > 8 
09-23 15:15:00.195  7776  9897 D ShellSubscriberWorkerThread: the first 8 bytes empty, and RestData length > 8 
09-23 15:15:00.205  2112  2183 D BatteryChargeControl: bcc get no support from charging protocol
09-23 15:15:00.420  2032 28029 I sensors-hal: handle_oplus_wise_rgb_event:191, wise_rgb: (r, g, b, c)[562.00, 606.00, 366.00, 1416.00],(r2,g2,b2,c2)[[0.00, 0.00, 0.00, 0.00], algo:5.0, flag :0
09-23 15:15:00.615  3034  3493 D MemoryMonitor: Current PSS: 6416064KB, Max PSS: 7348752KB
09-23 15:15:00.743  2032 28029 I sensors-hal: handle_oplus_wise_rgb_event:191, wise_rgb: (r, g, b, c)[561.00, 605.00, 367.00, 1417.00],(r2,g2,b2,c2)[[0.00, 0.00, 0.00, 0.00], algo:5.0, flag :0
09-23 15:15:00.743  2032 28029 I sensors-hal: handle_oplus_wise_rgb_event:217, high_pwm_light:lux 72.6,cct 1346196.8,brl/algo/ir 0.0/5.0/0.0,pwm/dc 0.0/0.0,rgbc 561.000000/605.000000/367.000000/1417.000000,ts 520169834669972,cnt 49000,flag 0
09-23 15:15:00.743  3833  4659 D FusionLightNextGen: process end reported = 1, mode: 0, cnt: 7235, lux 52.0, cct -1.0, r/g/b/c: 561.0/605.0/367.0/1417.0, R/G/B: -1.0/-1.0/-1.0, bri 0.0, match 0.00, ir 0.659816, conf 0.0, ts 520169834669972
09-23 15:15:01.065  2032 28029 I sensors-hal: handle_oplus_wise_rgb_event:191, wise_rgb: (r, g, b, c)[563.00, 605.00, 367.00, 1417.00],(r2,g2,b2,c2)[[0.00, 0.00, 0.00, 0.00], algo:5.0, flag :0
09-23 15:15:01.208  2112  2183 D BatteryChargeControl: bcc get no support from charging protocol
09-23 15:15:01.392  2032 28029 I sensors-hal: handle_oplus_wise_rgb_event:191, wise_rgb: (r, g, b, c)[564.00, 607.00, 366.00, 1419.00],(r2,g2,b2,c2)[[0.00, 0.00, 0.00, 0.00], algo:5.0, flag :0
09-23 15:15:01.615  3034  3493 D MemoryMonitor: Current PSS: 6411504KB, Max PSS: 7348752KB
09-23 15:15:01.671 23395 23421 I APS_ALOG: flushRoutine g_immediateFlush=0 g_pendingCount=0 g_oobCount=0 asan-debug7
09-23 15:15:01.714  2032 28029 I sensors-hal: handle_oplus_wise_rgb_event:191, wise_rgb: (r, g, b, c)[563.00, 607.00, 368.00, 1420.00],(r2,g2,b2,c2)[[0.00, 0.00, 0.00, 0.00], algo:5.0, flag :0
09-23 15:15:02.040  2032 28029 I sensors-hal: handle_oplus_wise_rgb_event:191, wise_rgb: (r, g, b, c)[563.00, 607.00, 367.00, 1418.00],(r2,g2,b2,c2)[[0.00, 0.00, 0.00, 0.00], algo:5.0, flag :0
09-23 15:15:02.209  2112  2183 D BatteryChargeControl: bcc get no support from charging protocol
09-23 15:15:02.364  2032 28029 I sensors-hal: handle_oplus_wise_rgb_event:191, wise_rgb: (r, g, b, c)[563.00, 608.00, 366.00, 1422.00],(r2,g2,b2,c2)[[0.00, 0.00, 0.00, 0.00], algo:5.0, flag :0
09-23 15:15:02.364  3833  4659 D FusionLightNextGen: process end reported = 1, mode: 0, cnt: 7240, lux 52.1, cct -1.0, r/g/b/c: 563.0/608.0/366.0/1422.0, R/G/B: -1.0/-1.0/-1.0, bri 0.0, match 0.00, ir 0.660054, conf 0.0, ts 520171455921795
09-23 15:15:02.615  3034  3493 D MemoryMonitor: Current PSS: 6411504KB, Max PSS: 7348752KB
09-23 15:15:02.686  2032 28029 I sensors-hal: handle_oplus_wise_rgb_event:191, wise_rgb: (r, g, b, c)[564.00, 609.00, 367.00, 1423.00],(r2,g2,b2,c2)[[0.00, 0.00, 0.00, 0.00], algo:5.0, flag :0
09-23 15:15:02.861  2072 29069 V Codec2-DumpInput: [processLoop:L764][c2.qti.hevc.decoder_136]QueueRead[0] empty, waiting buffer.
09-23 15:15:03.011  2032 28029 I sensors-hal: handle_oplus_wise_rgb_event:191, wise_rgb: (r, g, b, c)[564.00, 607.00, 368.00, 1425.00],(r2,g2,b2,c2)[[0.00, 0.00, 0.00, 0.00], algo:5.0, flag :0
09-23 15:15:03.212  2112  2183 D BatteryChargeControl: bcc get no support from charging protocol
09-23 15:15:03.335  2032 28029 I sensors-hal: handle_oplus_wise_rgb_event:191, wise_rgb: (r, g, b, c)[564.00, 608.00, 367.00, 1425.00],(r2,g2,b2,c2)[[0.00, 0.00, 0.00, 0.00], algo:5.0, flag :0
09-23 15:15:03.616  3034  3493 D MemoryMonitor: Current PSS: 6411504KB, Max PSS: 7348752KB
09-23 15:15:03.659  2032 28029 I sensors-hal: handle_oplus_wise_rgb_event:191, wise_rgb: (r, g, b, c)[566.00, 610.00, 369.00, 1425.00],(r2,g2,b2,c2)[[0.00, 0.00, 0.00, 0.00], algo:5.0, flag :0
09-23 15:15:03.661  2112  2165 D vendor.oplus.hardware.charger-V10-service: parallel fold conf file parse fail parallel_fold_state 2
09-23 15:15:03.661  2112  2165 D vendor.oplus.hardware.charger-V10-service: scale_chg Start!!!
09-23 15:15:03.661  2112  2165 D vendor.oplus.hardware.charger-V10-service: [0, 0, 3]
09-23 15:15:03.661  2112  2165 D vendor.oplus.hardware.charger-V10-service: [0, 2, 10]
09-23 15:15:03.661  2112  2165 D vendor.oplus.hardware.charger-V10-service: [0, 1, 3]
09-23 15:15:03.661  2112  2165 D vendor.oplus.hardware.charger-V10-service: [0, 3, 4]
09-23 15:15:03.661  2112  2165 D vendor.oplus.hardware.charger-V10-service: [0, 4, 4]
09-23 15:15:03.661  2112  2165 D vendor.oplus.hardware.charger-V10-service: [0, 5, 3]
09-23 15:15:03.662  2112  2165 D vendor.oplus.hardware.charger-V10-service: [0, 6, 10]
09-23 15:15:03.662  2112  2165 D vendor.oplus.hardware.charger-V10-service: scale_chg Start!!!
09-23 15:15:03.662  2112  2165 D vendor.oplus.hardware.charger-V10-service: [0, 0, 3]
09-23 15:15:03.662  2112  2165 D vendor.oplus.hardware.charger-V10-service: [0, 2, 10]
09-23 15:15:03.662  2112  2165 D vendor.oplus.hardware.charger-V10-service: [0, 1, 3]
09-23 15:15:03.662  2112  2165 D vendor.oplus.hardware.charger-V10-service: [0, 3, 4]
09-23 15:15:03.662  2112  2165 D vendor.oplus.hardware.charger-V10-service: [0, 4, 4]
09-23 15:15:03.662  2112  2165 D vendor.oplus.hardware.charger-V10-service: [0, 5, 3]
09-23 15:15:03.662  2112  2165 D vendor.oplus.hardware.charger-V10-service: [0, 6, 10]
09-23 15:15:03.984  2032 28029 I sensors-hal: handle_oplus_wise_rgb_event:191, wise_rgb: (r, g, b, c)[565.00, 608.00, 369.00, 1428.00],(r2,g2,b2,c2)[[0.00, 0.00, 0.00, 0.00], algo:5.0, flag :0
09-23 15:15:03.984  2032 28029 I sensors-hal: handle_oplus_wise_rgb_event:217, high_pwm_light:lux 73.0,cct 1419169.0,brl/algo/ir 0.0/5.0/0.0,pwm/dc 0.0/0.0,rgbc 565.000000/608.000000/369.000000/1428.000000,ts 520173076756899,cnt 49010,flag 0
09-23 15:15:03.984  3833  4659 D FusionLightNextGen: process end reported = 1, mode: 0, cnt: 7245, lux 52.2, cct -1.0, r/g/b/c: 565.0/608.0/369.0/1428.0, R/G/B: -1.0/-1.0/-1.0, bri 0.0, match 0.00, ir 0.660358, conf 0.0, ts 520173076756899
09-23 15:15:04.021  2112  2180 D vendor.oplus.hardware.charger-V10-service: ret_value:169, read content:,282,282,4487,4485,-13,100,100,1,9,1048704,762,5144,100,0,4530,500,2000,0,0,3500,0,0,1,0,2,1,0,0,4,7763,100,7158,6190,6190,0,0,0,0,0,101,100.00,100,100.00,94.54,100.00,
09-23 15:15:04.022  2112  2180 D vendor.oplus.hardware.charger-V10-service: gmtime: 2026-09-23-15-15-04
09-23 15:15:04.022  2112  2180 D vendor.oplus.hardware.charger-V10-service: usb_online:1, ac_online:-2147483648, wireless_online:0
09-23 15:15:04.214  2112  2183 D BatteryChargeControl: bcc get no support from charging protocol
09-23 15:15:04.308  2032 28029 I sensors-hal: handle_oplus_wise_rgb_event:191, wise_rgb: (r, g, b, c)[566.00, 610.00, 368.00, 1431.00],(r2,g2,b2,c2)[[0.00, 0.00, 0.00, 0.00], algo:5.0, flag :0
09-23 15:15:04.616  3034  3493 D MemoryMonitor: Current PSS: 6411632KB, Max PSS: 7348752KB
09-23 15:15:04.632  2032 28029 I sensors-hal: handle_oplus_wise_rgb_event:191, wise_rgb: (r, g, b, c)[565.00, 611.00, 370.00, 1429.00],(r2,g2,b2,c2)[[0.00, 0.00, 0.00, 0.00], algo:5.0, flag :0
09-23 15:15:04.955  2032 28029 I sensors-hal: handle_oplus_wise_rgb_event:191, wise_rgb: (r, g, b, c)[566.00, 611.00, 370.00, 1431.00],(r2,g2,b2,c2)[[0.00, 0.00, 0.00, 0.00], algo:5.0, flag :0
09-23 15:15:05.189  6883  7013 E horae   : 0: back:28155,back_1:28302,frame:27626,frame_1:27257,frame_2:27523,front:28592,front_1:29490, 1, +(2357), 0 ,28100,30137,33442,27752,30304,31760,28100,30893,33833,27755,30973,32713,28100,31422,34327,27796,31448,33278,28200,31847,34710,27828,31760,33683, target_temp:29490, algo:0
09-23 15:15:05.217  2112  2183 D BatteryChargeControl: bcc get no support from charging protocol
09-23 15:15:05.281  2032 28029 I sensors-hal: handle_oplus_wise_rgb_event:191, wise_rgb: (r, g, b, c)[567.00, 611.00, 370.00, 1431.00],(r2,g2,b2,c2)[[0.00, 0.00, 0.00, 0.00], algo:5.0, flag :0
09-23 15:15:05.604  2032 28029 I sensors-hal: handle_oplus_wise_rgb_event:191, wise_rgb: (r, g, b, c)[566.00, 610.00, 369.00, 1431.00],(r2,g2,b2,c2)[[0.00, 0.00, 0.00, 0.00], algo:5.0, flag :0
09-23 15:15:05.605  3833  4659 D FusionLightNextGen: process end reported = 1, mode: 0, cnt: 7250, lux 52.4, cct -1.0, r/g/b/c: 566.0/610.0/369.0/1431.0, R/G/B: -1.0/-1.0/-1.0, bri 0.0, match 0.00, ir 0.660424, conf 0.0, ts 520174697890389
09-23 15:15:05.616  3034  3493 D MemoryMonitor: Current PSS: 6411632KB, Max PSS: 7348752KB
09-23 15:15:05.931  2032 28029 I sensors-hal: handle_oplus_wise_rgb_event:191, wise_rgb: (r, g, b, c)[567.00, 611.00, 370.00, 1432.00],(r2,g2,b2,c2)[[0.00, 0.00, 0.00, 0.00], algo:5.0, flag :0
09-23 15:15:06.063  2035 23726 I WifiHAL : event received NL80211_CMD_VENDOR, vendor_id = 0x1374, subcmd = 0xb6
09-23 15:15:06.064  3833  4868 D OplusWifiPowerWakeupStats: IPV4_TCP_Packet wake up count 9
09-23 15:15:06.066  3833  4868 D OplusWifiPower_WakeupIp: com.alibaba.mnnllm.android(47.251.62.***) wakeup host
09-23 15:15:06.068  2965  2965 I cnss-daemon: nl80211 response handler invoked
09-23 15:15:06.068  2965  2965 I cnss-daemon: nl80211_response_handler: cmd 103, vendorID 4980, subcmd 182  received
09-23 15:15:06.068  6983 23727 D LOWI-9.0.1.125: [LOWI-Scan] wait_event:Wait done with Cmd 103
09-23 15:15:06.068  6983 23727 D LOWI-9.0.1.125: [LOWI-Scan] do_listen_events: Rcvd valid Netlink Cmd 0 Err 0
09-23 15:15:06.218  2112  2183 D BatteryChargeControl: bcc get no support from charging protocol
09-23 15:15:06.253  2032 28029 I sensors-hal: handle_oplus_wise_rgb_event:191, wise_rgb: (r, g, b, c)[567.00, 612.00, 370.00, 1432.00],(r2,g2,b2,c2)[[0.00, 0.00, 0.00, 0.00], algo:5.0, flag :0
09-23 15:15:06.577  2032 28029 I sensors-hal: handle_oplus_wise_rgb_event:191, wise_rgb: (r, g, b, c)[569.00, 613.00, 371.00, 1434.00],(r2,g2,b2,c2)[[0.00, 0.00, 0.00, 0.00], algo:5.0, flag :0
09-23 15:15:06.616  3034  3493 D MemoryMonitor: Current PSS: 6411632KB, Max PSS: 7348752KB
09-23 15:15:06.671 23395 23421 W OPLUS_LOG_LOAD: ==LOGS PROG INFO, prog(com.oplus.camera) ==
09-23 15:15:06.671 23395 23421 I APS_ALOG: flushRoutine g_immediateFlush=0 g_pendingCount=0 g_oobCount=0 asan-debug7
09-23 15:15:06.903  2032 28029 I sensors-hal: handle_oplus_wise_rgb_event:191, wise_rgb: (r, g, b, c)[568.00, 612.00, 370.00, 1435.00],(r2,g2,b2,c2)[[0.00, 0.00, 0.00, 0.00], algo:5.0, flag :0
09-23 15:15:07.219  2112  2183 D BatteryChargeControl: bcc get no support from charging protocol
09-23 15:15:07.225  2032 28029 I sensors-hal: handle_oplus_wise_rgb_event:191, wise_rgb: (r, g, b, c)[569.00, 612.00, 370.00, 1436.00],(r2,g2,b2,c2)[[0.00, 0.00, 0.00, 0.00], algo:5.0, flag :0
09-23 15:15:07.225  2032 28029 I sensors-hal: handle_oplus_wise_rgb_event:217, high_pwm_light:lux 73.4,cct 1322428.0,brl/algo/ir 0.0/5.0/0.0,pwm/dc 0.0/0.0,rgbc 569.000000/612.000000/370.000000/1436.000000,ts 520176319015024,cnt 49020,flag 0
09-23 15:15:07.225  3833  4659 D FusionLightNextGen: process end reported = 1, mode: 0, cnt: 7255, lux 52.5, cct -1.0, r/g/b/c: 569.0/612.0/370.0/1436.0, R/G/B: -1.0/-1.0/-1.0, bri 0.0, match 0.00, ir 0.660184, conf 0.0, ts 520176319015024
09-23 15:15:07.417  7337 11175 D gaia-GaiaConnectChecker: start connect check++
09-23 15:15:07.549  2032 28029 I sensors-hal: handle_oplus_wise_rgb_event:191, wise_rgb: (r, g, b, c)[568.00, 613.00, 370.00, 1434.00],(r2,g2,b2,c2)[[0.00, 0.00, 0.00, 0.00], algo:5.0, flag :0
09-23 15:15:07.617  3034  3493 D MemoryMonitor: Current PSS: 6411632KB, Max PSS: 7348752KB
09-23 15:15:07.770  7337  8673 D gaia-GaiaConnectChecker: start connect check++
09-23 15:15:07.862  2072 29069 V Codec2-DumpInput: [processLoop:L764][c2.qti.hevc.decoder_136]QueueRead[0] empty, waiting buffer.
09-23 15:15:07.873  2032 28029 I sensors-hal: handle_oplus_wise_rgb_event:191, wise_rgb: (r, g, b, c)[569.00, 614.00, 370.00, 1437.00],(r2,g2,b2,c2)[[0.00, 0.00, 0.00, 0.00], algo:5.0, flag :0
09-23 15:15:08.198  2032 28029 I sensors-hal: handle_oplus_wise_rgb_event:191, wise_rgb: (r, g, b, c)[569.00, 614.00, 370.00, 1437.00],(r2,g2,b2,c2)[[0.00, 0.00, 0.00, 0.00], algo:5.0, flag :0
09-23 15:15:08.220  2112  2183 D BatteryChargeControl: bcc get no support from charging protocol
09-23 15:15:08.524  2032 28029 I sensors-hal: handle_oplus_wise_rgb_event:191, wise_rgb: (r, g, b, c)[570.00, 613.00, 372.00, 1438.00],(r2,g2,b2,c2)[[0.00, 0.00, 0.00, 0.00], algo:5.0, flag :0
09-23 15:15:08.617  3034  3493 D MemoryMonitor: Current PSS: 6411632KB, Max PSS: 7348752KB
09-23 15:15:08.664  2112  2165 D vendor.oplus.hardware.charger-V10-service: parallel fold conf file parse fail parallel_fold_state 2
09-23 15:15:08.664  2112  2165 D vendor.oplus.hardware.charger-V10-service: scale_chg Start!!!
09-23 15:15:08.664  2112  2165 D vendor.oplus.hardware.charger-V10-service: [0, 0, 3]
09-23 15:15:08.664  2112  2165 D vendor.oplus.hardware.charger-V10-service: [0, 2, 10]
09-23 15:15:08.664  2112  2165 D vendor.oplus.hardware.charger-V10-service: [0, 1, 3]
09-23 15:15:08.664  2112  2165 D vendor.oplus.hardware.charger-V10-service: [0, 3, 4]
09-23 15:15:08.664  2112  2165 D vendor.oplus.hardware.charger-V10-service: [0, 4, 4]
09-23 15:15:08.664  2112  2165 D vendor.oplus.hardware.charger-V10-service: [0, 5, 3]
09-23 15:15:08.664  2112  2165 D vendor.oplus.hardware.charger-V10-service: [0, 6, 10]
09-23 15:15:08.665  2112  2165 D vendor.oplus.hardware.charger-V10-service: scale_chg Start!!!
09-23 15:15:08.665  2112  2165 D vendor.oplus.hardware.charger-V10-service: [0, 0, 3]
09-23 15:15:08.665  2112  2165 D vendor.oplus.hardware.charger-V10-service: [0, 2, 10]
09-23 15:15:08.665  2112  2165 D vendor.oplus.hardware.charger-V10-service: [0, 1, 3]
09-23 15:15:08.665  2112  2165 D vendor.oplus.hardware.charger-V10-service: [0, 3, 4]
09-23 15:15:08.665  2112  2165 D vendor.oplus.hardware.charger-V10-service: [0, 4, 4]
09-23 15:15:08.665  2112  2165 D vendor.oplus.hardware.charger-V10-service: [0, 5, 3]
09-23 15:15:08.665  2112  2165 D vendor.oplus.hardware.charger-V10-service: [0, 6, 10]
09-23 15:15:08.846  2032 28029 I sensors-hal: handle_oplus_wise_rgb_event:191, wise_rgb: (r, g, b, c)[571.00, 615.00, 371.00, 1440.00],(r2,g2,b2,c2)[[0.00, 0.00, 0.00, 0.00], algo:5.0, flag :0
09-23 15:15:08.847  3833  4659 W OPLUS_LOG_LOAD: ==LOGS PROG INFO, prog(system_server) ==
09-23 15:15:08.847  3833  4659 D FusionLightNextGen: process end reported = 1, mode: 0, cnt: 7260, lux 52.6, cct -1.0, r/g/b/c: 571.0/615.0/371.0/1440.0, R/G/B: -1.0/-1.0/-1.0, bri 0.0, match 0.00, ir 0.659844, conf 0.0, ts 520177939598514
09-23 15:15:09.023  2112  2180 D vendor.oplus.hardware.charger-V10-service: ret_value:169, read content:,282,282,4486,4485,-20,100,100,1,9,1048704,931,5110,100,0,4530,500,2000,0,0,3500,0,0,1,0,2,1,0,0,4,7763,100,7158,6190,6190,0,0,0,0,0,101,100.00,100,100.00,94.54,100.00,
09-23 15:15:09.023  2112  2180 D vendor.oplus.hardware.charger-V10-service: gmtime: 2026-09-23-15-15-09
09-23 15:15:09.023  2112  2180 D vendor.oplus.hardware.charger-V10-service: usb_online:1, ac_online:-2147483648, wireless_online:0
09-23 15:15:09.170  2032 28029 I sensors-hal: handle_oplus_wise_rgb_event:191, wise_rgb: (r, g, b, c)[571.00, 614.00, 372.00, 1443.00],(r2,g2,b2,c2)[[0.00, 0.00, 0.00, 0.00], algo:5.0, flag :0
09-23 15:15:09.224  2112  2183 D BatteryChargeControl: bcc get no support from charging protocol
09-23 15:15:09.437  3833  4868 D OplusWifiPowerWakeupStats: IPV6_TCP_Packet wake up count 9
09-23 15:15:09.440  2035 23726 I WifiHAL : event received NL80211_CMD_VENDOR, vendor_id = 0x1374, subcmd = 0xb6
09-23 15:15:09.442  3833  4868 D OplusWifiPower_WakeupIp: com.google.android.apps.messaging(2607:f8b0:4005:0818:0000:0000:0000:2003) wakeup host
09-23 15:15:09.442  6983 23727 D LOWI-9.0.1.125: [LOWI-Scan] wait_event:Wait done with Cmd 103
09-23 15:15:09.442  6983 23727 D LOWI-9.0.1.125: [LOWI-Scan] do_listen_events: Rcvd valid Netlink Cmd 0 Err 0
09-23 15:15:09.443  2965  2965 I cnss-daemon: nl80211 response handler invoked
09-23 15:15:09.443  2965  2965 I cnss-daemon: nl80211_response_handler: cmd 103, vendorID 4980, subcmd 182  received
09-23 15:15:09.494  2032 28029 I sensors-hal: handle_oplus_wise_rgb_event:191, wise_rgb: (r, g, b, c)[570.00, 615.00, 371.00, 1441.00],(r2,g2,b2,c2)[[0.00, 0.00, 0.00, 0.00], algo:5.0, flag :0
09-23 15:15:09.617  3034  3493 D MemoryMonitor: Current PSS: 6411760KB, Max PSS: 7348752KB
09-23 15:15:09.666  3833  5886 W Settings: Setting notification_bubbles has moved from android.provider.Settings.Global to android.provider.Settings.Secure, returning read-only value.
09-23 15:15:09.666  3833  5886 W Settings: Setting apply_ramping_ringer has moved from android.provider.Settings.Global to android.provider.Settings.System, returning read-only value.
09-23 15:15:09.670  3833  5886 W SettingsStatsUtil: Can not parse value to float: +network
09-23 15:15:09.818  2032 28029 I sensors-hal: handle_oplus_wise_rgb_event:191, wise_rgb: (r, g, b, c)[572.00, 617.00, 373.00, 1444.00],(r2,g2,b2,c2)[[0.00, 0.00, 0.00, 0.00], algo:5.0, flag :0
09-23 15:15:09.941 22698 22703 W .apps.messaging: Reducing the number of considered missed Gc histogram windows from 157 to 100
09-23 15:15:10.145  2032 28029 I sensors-hal: handle_oplus_wise_rgb_event:191, wise_rgb: (r, g, b, c)[572.00, 615.00, 372.00, 1444.00],(r2,g2,b2,c2)[[0.00, 0.00, 0.00, 0.00], algo:5.0, flag :0
09-23 15:15:10.189  7776  9897 D ShellSubscriberWorkerThread: the first 8 bytes empty, and RestData length > 8 
09-23 15:15:10.224  2112  2183 D BatteryChargeControl: bcc get no support from charging protocol
09-23 15:15:10.466  2032 28029 I sensors-hal: handle_oplus_wise_rgb_event:191, wise_rgb: (r, g, b, c)[572.00, 617.00, 373.00, 1445.00],(r2,g2,b2,c2)[[0.00, 0.00, 0.00, 0.00], algo:5.0, flag :0
09-23 15:15:10.467  2032 28029 I sensors-hal: handle_oplus_wise_rgb_event:217, high_pwm_light:lux 74.0,cct 1310338.9,brl/algo/ir 0.0/5.0/0.0,pwm/dc 0.0/0.0,rgbc 572.000000/617.000000/373.000000/1445.000000,ts 520179560406170,cnt 49030,flag 0
09-23 15:15:10.467  3833  4659 D FusionLightNextGen: process end reported = 1, mode: 0, cnt: 7265, lux 52.8, cct -1.0, r/g/b/c: 572.0/617.0/373.0/1445.0, R/G/B: -1.0/-1.0/-1.0, bri 0.0, match 0.00, ir 0.660045, conf 0.0, ts 520179560406170
09-23 15:15:10.620  3034  3493 D MemoryMonitor: Current PSS: 6416496KB, Max PSS: 7348752KB
09-23 15:15:10.790  2032 28029 I sensors-hal: handle_oplus_wise_rgb_event:191, wise_rgb: (r, g, b, c)[573.00, 617.00, 373.00, 1445.00],(r2,g2,b2,c2)[[0.00, 0.00, 0.00, 0.00], algo:5.0, flag :0
09-23 15:15:11.010  3034  3104 I RESPDEBUG: run_id=run_1_1790201643091 onProgress call #1 raw_chunk="What" chunkLength=4 responseBuilderLengthBefore=0 responseBuilderLengthAfter=4 thread=DefaultDispatcher-worker-7 ts=1790201711009
09-23 15:15:11.010  3034  3104 I REPDEBUG: run_id=run_1_1790201643091 hasRepeatingTail SKIPPED textLength=4 totalLenNeeded=80
09-23 15:15:11.113  2032 28029 I sensors-hal: handle_oplus_wise_rgb_event:191, wise_rgb: (r, g, b, c)[573.00, 619.00, 374.00, 1448.00],(r2,g2,b2,c2)[[0.00, 0.00, 0.00, 0.00], algo:5.0, flag :0
09-23 15:15:11.225  2112  2183 D BatteryChargeControl: bcc get no support from charging protocol
09-23 15:15:11.307  1334 21489 I android.system.suspend-service: First holding wakelock name = qms_event_Handler_wakeLock_
09-23 15:15:11.308  1334 21489 I android.system.suspend-service: Last release wakelock name = qms_event_Handler_wakeLock_
09-23 15:15:11.308  1334 21489 I android.system.suspend-service: mAutosuspendEnabled=1
09-23 15:15:11.322  2035 23726 I WifiHAL : event received NL80211_CMD_VENDOR, vendor_id = 0x1374, subcmd = 0xb6
09-23 15:15:11.322  6983 23727 D LOWI-9.0.1.125: [LOWI-Scan] wait_event:Wait done with Cmd 103
09-23 15:15:11.322  6983 23727 D LOWI-9.0.1.125: [LOWI-Scan] do_listen_events: Rcvd valid Netlink Cmd 0 Err 0
09-23 15:15:11.323  2965  2965 I cnss-daemon: nl80211 response handler invoked
09-23 15:15:11.323  2965  2965 I cnss-daemon: nl80211_response_handler: cmd 103, vendorID 4980, subcmd 182  received
09-23 15:15:11.331  1334 24738 I android.system.suspend-service: First holding wakelock name = qms_event_Handler_wakeLock_
09-23 15:15:11.333  1334 24738 I android.system.suspend-service: Last release wakelock name = qms_event_Handler_wakeLock_
09-23 15:15:11.333  1334 24738 I android.system.suspend-service: mAutosuspendEnabled=1
09-23 15:15:11.437  2032 28029 I sensors-hal: handle_oplus_wise_rgb_event:191, wise_rgb: (r, g, b, c)[574.00, 617.00, 374.00, 1447.00],(r2,g2,b2,c2)[[0.00, 0.00, 0.00, 0.00], algo:5.0, flag :0
09-23 15:15:11.620  3034  3493 D MemoryMonitor: Current PSS: 6420592KB, Max PSS: 7348752KB
09-23 15:15:11.672 23395 23421 I APS_ALOG: flushRoutine g_immediateFlush=0 g_pendingCount=0 g_oobCount=0 asan-debug7
09-23 15:15:11.760  2032 28029 I sensors-hal: handle_oplus_wise_rgb_event:191, wise_rgb: (r, g, b, c)[576.00, 619.00, 375.00, 1448.00],(r2,g2,b2,c2)[[0.00, 0.00, 0.00, 0.00], algo:5.0, flag :0
09-23 15:15:11.978  1334 21489 I android.system.suspend-service: First holding wakelock name = radio-interface
09-23 15:15:11.980  2387  3355 D QC-time-services: Lib:time_genoff_operation: pargs->base = 12
09-23 15:15:11.981  2387  3355 D QC-time-services: Lib:time_genoff_operation: pargs->operation = 0
09-23 15:15:11.981  2387  3355 D QC-time-services: Lib:time_genoff_operation: pargs->ts_val = 1790201710921
09-23 15:15:11.981  2387  3355 D QC-time-services: Lib:time_genoff_operation: Send to server  passed!!
09-23 15:15:11.981  1799  1814 D QC-time-services: Daemon: Connection accepted:time_genoff
09-23 15:15:11.983  1799  3730 D QC-time-services: Daemon:Received base = 12, unit = 1, operation = 0,value = 1790201710921
09-23 15:15:11.983  1799  3730 D QC-time-services: Daemon:genoff_opr: Base = 12, val = 1790201710921, operation = 0
09-23 15:15:11.983  1799  3730 D QC-time-services: Daemon:Value read from QTimer mseconds = 520188109
09-23 15:15:11.983  1799  3730 D QC-time-services: Daemon:Value read from RTC mseconds on boot = 11000
09-23 15:15:11.983  1799  3730 D QC-time-services: Daemon:Delta read on boot mseconds = 801
09-23 15:15:11.983  1799  3730 D QC-time-services: Daemon:new time 1790201710921 
09-23 15:15:11.983  1799  3730 D QC-time-services: Daemon: delta 1789681522011 genoff 1789681522011 
09-23 15:15:11.983  1799  3730 D QC-time-services: Daemon:genoff_persistent_update: Writing genoff = 1789681522011 to memory
09-23 15:15:11.983  1799  3730 D QC-time-services: Daemon:Opening File: /mnt/vendor/persist/time/ats_12 /data/vendor/time/ats_12
09-23 15:15:11.983  1799  3730 D QC-time-services: Daemon:time_persistent_memory_opr:Genoff write operation 
09-23 15:15:11.988  5484  5484 W libc    : Access denied finding property "vendor.ril.iccid.sim1"
09-23 15:15:11.988  5484  5484 W libc    : Access denied finding property "vendor.ril.radio.status.sim1"
09-23 15:15:11.995  1799  1814 E QC-time-services: Daemon: Time-services: Waiting to acceptconnection
09-23 15:15:11.995  2387  3355 E QC-time-services: Receive Passed == base = 12, unit = 1, operation = 0, result = 0
09-23 15:15:11.996  2387  3355 D QC-time-services: Lib:time_genoff_operation: pargs->base = 13
09-23 15:15:11.996  2387  3355 D QC-time-services: Lib:time_genoff_operation: pargs->operation = 0
09-23 15:15:11.996  2387  3355 D QC-time-services: Lib:time_genoff_operation: pargs->ts_val = 1790201710921
09-23 15:15:11.996  2387  3355 D QC-time-services: Lib:time_genoff_operation: Send to server  passed!!
09-23 15:15:11.996  1799  1814 D QC-time-services: Daemon: Connection accepted:time_genoff
09-23 15:15:11.996  1799  3731 D QC-time-services: Daemon:Received base = 13, unit = 1, operation = 0,value = 1790201710921
09-23 15:15:11.996  1799  3731 D QC-time-services: Daemon:genoff_opr: Base = 13, val = 1790201710921, operation = 0
09-23 15:15:11.996  1799  3731 D QC-time-services: Daemon:Value read from QTimer mseconds = 520188123
09-23 15:15:11.996  1799  3731 D QC-time-services: Daemon:Value read from RTC mseconds on boot = 11000
09-23 15:15:11.997  1799  3731 D QC-time-services: Daemon:Delta read on boot mseconds = 801
09-23 15:15:11.997  1799  3731 D QC-time-services: Daemon:new time 1790201710921 
09-23 15:15:11.997  1799  3731 D QC-time-services: Daemon: delta 1789681521997 genoff 1789681521997 
09-23 15:15:11.997  1799  3731 D QC-time-services: Daemon:genoff_persistent_update: Writing genoff = 1789681521997 to memory
09-23 15:15:11.997  1799  3731 D QC-time-services: Daemon:Opening File: /mnt/vendor/persist/time/ats_13 /data/vendor/time/ats_13
09-23 15:15:11.997  1799  3731 D QC-time-services: Daemon:time_persistent_memory_opr:Genoff write operation 
09-23 15:15:11.999  2387  3355 E QC-time-services: Receive Passed == base = 13, unit = 1, operation = 0, result = 0
09-23 15:15:12.001  1799  1814 E QC-time-services: Daemon: Time-services: Waiting to acceptconnection
09-23 15:15:12.002  2387  3355 D QC-time-services: Lib:time_genoff_operation: pargs->base = 12
09-23 15:15:12.002  2387  3355 D QC-time-services: Lib:time_genoff_operation: pargs->operation = 0
09-23 15:15:12.002  2387  3355 D QC-time-services: Lib:time_genoff_operation: pargs->ts_val = 1790201710921
09-23 15:15:12.002  2387  3355 D QC-time-services: Lib:time_genoff_operation: Send to server  passed!!
09-23 15:15:12.002  1799  1814 D QC-time-services: Daemon: Connection accepted:time_genoff
09-23 15:15:12.003  1799  3732 D QC-time-services: Daemon:Received base = 12, unit = 1, operation = 0,value = 1790201710921
09-23 15:15:12.003  1799  3732 D QC-time-services: Daemon:genoff_opr: Base = 12, val = 1790201710921, operation = 0
09-23 15:15:12.003  1799  3732 D QC-time-services: Daemon:Value read from QTimer mseconds = 520188129
09-23 15:15:12.003  1799  3732 D QC-time-services: Daemon:Value read from RTC mseconds on boot = 11000
09-23 15:15:12.003  1799  3732 D QC-time-services: Daemon:Delta read on boot mseconds = 801
09-23 15:15:12.003  1799  3732 D QC-time-services: Daemon:new time 1790201710921 
09-23 15:15:12.003  1799  3732 D QC-time-services: Daemon: delta 1789681521991 genoff 1789681521991 
09-23 15:15:12.003  1799  3732 D QC-time-services: Daemon:genoff_persistent_update: Writing genoff = 1789681521991 to memory
09-23 15:15:12.003  1799  3732 D QC-time-services: Daemon:Opening File: /mnt/vendor/persist/time/ats_12 /data/vendor/time/ats_12
09-23 15:15:12.003  1799  3732 D QC-time-services: Daemon:time_persistent_memory_opr:Genoff write operation 
09-23 15:15:12.004  5484  5484 W libc    : Access denied finding property "vendor.ril.iccid.sim1"
09-23 15:15:12.004  5484  5484 W libc    : Access denied finding property "vendor.ril.radio.status.sim1"
09-23 15:15:12.006  2387  3355 E QC-time-services: Receive Passed == base = 12, unit = 1, operation = 0, result = 0
09-23 15:15:12.006  2387  3355 D QC-time-services: Lib:time_genoff_operation: pargs->base = 13
09-23 15:15:12.006  2387  3355 D QC-time-services: Lib:time_genoff_operation: pargs->operation = 0
09-23 15:15:12.006  2387  3355 D QC-time-services: Lib:time_genoff_operation: pargs->ts_val = 1790201710921
09-23 15:15:12.006  2387  3355 D QC-time-services: Lib:time_genoff_operation: Send to server  passed!!
09-23 15:15:12.006  1799  1814 E QC-time-services: Daemon: Time-services: Waiting to acceptconnection
09-23 15:15:12.007  1799  1814 D QC-time-services: Daemon: Connection accepted:time_genoff
09-23 15:15:12.007  1799  3733 D QC-time-services: Daemon:Received base = 13, unit = 1, operation = 0,value = 1790201710921
09-23 15:15:12.007  1799  3733 D QC-time-services: Daemon:genoff_opr: Base = 13, val = 1790201710921, operation = 0
09-23 15:15:12.007  1799  3733 D QC-time-services: Daemon:Value read from QTimer mseconds = 520188133
09-23 15:15:12.007  1799  3733 D QC-time-services: Daemon:Value read from RTC mseconds on boot = 11000
09-23 15:15:12.007  1799  3733 D QC-time-services: Daemon:Delta read on boot mseconds = 801
09-23 15:15:12.007  1799  3733 D QC-time-services: Daemon:new time 1790201710921 
09-23 15:15:12.007  1799  3733 D QC-time-services: Daemon: delta 1789681521987 genoff 1789681521987 
09-23 15:15:12.007  1799  3733 D QC-time-services: Daemon:genoff_persistent_update: Writing genoff = 1789681521987 to memory
09-23 15:15:12.007  1799  3733 D QC-time-services: Daemon:Opening File: /mnt/vendor/persist/time/ats_13 /data/vendor/time/ats_13
09-23 15:15:12.007  1799  3733 D QC-time-services: Daemon:time_persistent_memory_opr:Genoff write operation 
09-23 15:15:12.009  2387  3355 E QC-time-services: Receive Passed == base = 13, unit = 1, operation = 0, result = 0
09-23 15:15:12.009  1799  1814 E QC-time-services: Daemon: Time-services: Waiting to acceptconnection
09-23 15:15:12.082  2032 28029 I sensors-hal: handle_oplus_wise_rgb_event:191, wise_rgb: (r, g, b, c)[574.00, 618.00, 373.00, 1450.00],(r2,g2,b2,c2)[[0.00, 0.00, 0.00, 0.00], algo:5.0, flag :0
09-23 15:15:12.082  3833  4659 D FusionLightNextGen: process end reported = 1, mode: 0, cnt: 7270, lux 53.0, cct -1.0, r/g/b/c: 574.0/618.0/373.0/1450.0, R/G/B: -1.0/-1.0/-1.0, bri 0.0, match 0.00, ir 0.660445, conf 0.0, ts 520181176629712
09-23 15:15:12.205  1334 24528 I android.system.suspend-service: Last release wakelock name = PowerManagerService.WakeLocks
09-23 15:15:12.205  1334 24528 I android.system.suspend-service: mAutosuspendEnabled=1
09-23 15:15:12.226  2112  2183 D BatteryChargeControl: bcc get no support from charging protocol
09-23 15:15:12.352  5531  6019 D DnsDomainBlock: onDnsEvent: latencyMs=49, returnCode=0, uid=10147
09-23 15:15:12.405  2032 28029 I sensors-hal: handle_oplus_wise_rgb_event:191, wise_rgb: (r, g, b, c)[576.00, 619.00, 374.00, 1452.00],(r2,g2,b2,c2)[[0.00, 0.00, 0.00, 0.00], algo:5.0, flag :0
09-23 15:15:12.620  3034  3493 D MemoryMonitor: Current PSS: 6422512KB, Max PSS: 7348752KB
09-23 15:15:12.728  2032 28029 I sensors-hal: handle_oplus_wise_rgb_event:191, wise_rgb: (r, g, b, c)[576.00, 619.00, 374.00, 1452.00],(r2,g2,b2,c2)[[0.00, 0.00, 0.00, 0.00], algo:5.0, flag :0
09-23 15:15:12.862  2072 29069 V Codec2-DumpInput: [processLoop:L764][c2.qti.hevc.decoder_136]QueueRead[0] empty, waiting buffer.
09-23 15:15:13.050  2032 28029 I sensors-hal: handle_oplus_wise_rgb_event:191, wise_rgb: (r, g, b, c)[576.00, 620.00, 375.00, 1451.00],(r2,g2,b2,c2)[[0.00, 0.00, 0.00, 0.00], algo:5.0, flag :0
09-23 15:15:13.226  2112  2183 D BatteryChargeControl: bcc get no support from charging protocol
09-23 15:15:13.373  2032 28029 I sensors-hal: handle_oplus_wise_rgb_event:191, wise_rgb: (r, g, b, c)[575.00, 620.00, 375.00, 1454.00],(r2,g2,b2,c2)[[0.00, 0.00, 0.00, 0.00], algo:5.0, flag :0
09-23 15:15:13.620  3034  3493 D MemoryMonitor: Current PSS: 6422640KB, Max PSS: 7348752KB
09-23 15:15:13.666  2112  2165 D vendor.oplus.hardware.charger-V10-service: parallel fold conf file parse fail parallel_fold_state 2
09-23 15:15:13.666  2112  2165 D vendor.oplus.hardware.charger-V10-service: scale_chg Start!!!
09-23 15:15:13.666  2112  2165 D vendor.oplus.hardware.charger-V10-service: [0, 0, 3]
09-23 15:15:13.666  2112  2165 D vendor.oplus.hardware.charger-V10-service: [0, 2, 10]
09-23 15:15:13.666  2112  2165 D vendor.oplus.hardware.charger-V10-service: [0, 1, 3]
09-23 15:15:13.666  2112  2165 D vendor.oplus.hardware.charger-V10-service: [0, 3, 4]
09-23 15:15:13.666  2112  2165 D vendor.oplus.hardware.charger-V10-service: [0, 4, 4]
09-23 15:15:13.666  2112  2165 D vendor.oplus.hardware.charger-V10-service: [0, 5, 3]
09-23 15:15:13.667  2112  2165 D vendor.oplus.hardware.charger-V10-service: [0, 6, 10]
09-23 15:15:13.667  2112  2165 D vendor.oplus.hardware.charger-V10-service: scale_chg Start!!!
09-23 15:15:13.667  2112  2165 D vendor.oplus.hardware.charger-V10-service: [0, 0, 3]
09-23 15:15:13.667  2112  2165 D vendor.oplus.hardware.charger-V10-service: [0, 2, 10]
09-23 15:15:13.667  2112  2165 D vendor.oplus.hardware.charger-V10-service: [0, 1, 3]
09-23 15:15:13.667  2112  2165 D vendor.oplus.hardware.charger-V10-service: [0, 3, 4]
09-23 15:15:13.667  2112  2165 D vendor.oplus.hardware.charger-V10-service: [0, 4, 4]
09-23 15:15:13.667  2112  2165 D vendor.oplus.hardware.charger-V10-service: [0, 5, 3]
09-23 15:15:13.667  2112  2165 D vendor.oplus.hardware.charger-V10-service: [0, 6, 10]
09-23 15:15:13.696  2032 28029 I sensors-hal: handle_oplus_wise_rgb_event:191, wise_rgb: (r, g, b, c)[577.00, 621.00, 376.00, 1454.00],(r2,g2,b2,c2)[[0.00, 0.00, 0.00, 0.00], algo:5.0, flag :0
09-23 15:15:13.696  2032 28029 I sensors-hal: handle_oplus_wise_rgb_event:217, high_pwm_light:lux 74.5,cct 1268968.6,brl/algo/ir 0.0/5.0/0.0,pwm/dc 0.0/0.0,rgbc 577.000000/621.000000/376.000000/1454.000000,ts 520182790145441,cnt 49040,flag 0
09-23 15:15:13.696  3833  4659 D FusionLightNextGen: process end reported = 1, mode: 0, cnt: 7275, lux 53.2, cct -1.0, r/g/b/c: 577.0/621.0/376.0/1454.0, R/G/B: -1.0/-1.0/-1.0, bri 0.0, match 0.00, ir 0.659472, conf 0.0, ts 520182790145441
09-23 15:15:14.019  2032 28029 I sensors-hal: handle_oplus_wise_rgb_event:191, wise_rgb: (r, g, b, c)[576.00, 622.00, 376.00, 1454.00],(r2,g2,b2,c2)[[0.00, 0.00, 0.00, 0.00], algo:5.0, flag :0
09-23 15:15:14.029  2112  2180 D vendor.oplus.hardware.charger-V10-service: ret_value:169, read content:,282,282,4485,4484,-15,100,100,1,9,1048704,166,5208,100,0,4530,500,2000,0,0,3500,0,0,1,0,2,1,0,0,4,7763,100,7158,6190,6190,0,0,0,0,0,101,100.00,100,100.00,94.54,100.00,
09-23 15:15:14.029  2112  2180 D vendor.oplus.hardware.charger-V10-service: gmtime: 2026-09-23-15-15-14
09-23 15:15:14.030  2112  2180 D vendor.oplus.hardware.charger-V10-service: usb_online:1, ac_online:-2147483648, wireless_online:0
09-23 15:15:14.197  7431  3650 I PTC.DISC.AndroidMultiLanServer: Watcher sysNif=[wlan0], userNif=[wlan0 state=(LISTEN JOIN(2CEDBD|21701)), , null], clientNif=[wlan0 state=(LISTEN), , ], tcpServer state=LISTEN, ipv4=**0.239
09-23 15:15:14.228  2112  2183 D BatteryChargeControl: bcc get no support from charging protocol
09-23 15:15:14.341  2032 28029 I sensors-hal: handle_oplus_wise_rgb_event:191, wise_rgb: (r, g, b, c)[578.00, 621.00, 376.00, 1458.00],(r2,g2,b2,c2)[[0.00, 0.00, 0.00, 0.00], algo:5.0, flag :0
09-23 15:15:14.620  3034  3493 D MemoryMonitor: Current PSS: 6423536KB, Max PSS: 7348752KB
09-23 15:15:14.635  1334 24738 I android.system.suspend-service: First holding wakelock name = qms_event_Handler_wakeLock_
09-23 15:15:14.637  1334 24738 I android.system.suspend-service: Last release wakelock name = qms_event_Handler_wakeLock_
09-23 15:15:14.637  1334 24738 I android.system.suspend-service: mAutosuspendEnabled=1
09-23 15:15:14.664  2032 28029 I sensors-hal: handle_oplus_wise_rgb_event:191, wise_rgb: (r, g, b, c)[578.00, 623.00, 376.00, 1458.00],(r2,g2,b2,c2)[[0.00, 0.00, 0.00, 0.00], algo:5.0, flag :0
09-23 15:15:14.986  2032 28029 I sensors-hal: handle_oplus_wise_rgb_event:191, wise_rgb: (r, g, b, c)[578.00, 623.00, 376.00, 1459.00],(r2,g2,b2,c2)[[0.00, 0.00, 0.00, 0.00], algo:5.0, flag :0
09-23 15:15:15.194  7776  9897 D ShellSubscriberWorkerThread: the first 8 bytes empty, and RestData length > 8 
09-23 15:15:15.229  2112  2183 D BatteryChargeControl: bcc get no support from charging protocol
09-23 15:15:15.309  2032 28029 I sensors-hal: handle_oplus_wise_rgb_event:191, wise_rgb: (r, g, b, c)[579.00, 624.00, 377.00, 1459.00],(r2,g2,b2,c2)[[0.00, 0.00, 0.00, 0.00], algo:5.0, flag :0
09-23 15:15:15.310  3833  4659 D FusionLightNextGen: process end reported = 1, mode: 0, cnt: 7280, lux 53.4, cct -1.0, r/g/b/c: 579.0/624.0/377.0/1459.0, R/G/B: -1.0/-1.0/-1.0, bri 0.0, match 0.00, ir 0.659372, conf 0.0, ts 520184403301639
09-23 15:15:15.510  2642 29063 W OplusFeedbackInfo: callingPid(5073) 0xb400007132237f00 c2.qti.hevc.decoder codec[0xb4000071322f0000] 1272x2776 inputFps=0 outputFps=0 renderFps=0, discardFps=0
09-23 15:15:15.621  3034  3493 D MemoryMonitor: Current PSS: 6424304KB, Max PSS: 7348752KB
09-23 15:15:15.631  2032 28029 I sensors-hal: handle_oplus_wise_rgb_event:191, wise_rgb: (r, g, b, c)[578.00, 622.00, 376.00, 1459.00],(r2,g2,b2,c2)[[0.00, 0.00, 0.00, 0.00], algo:5.0, flag :0
09-23 15:15:15.692  2028  2028 D healthd : system healthd: battery l=100 v=4485 t=28.2 h=2 st=5 c=-9 fc=7300000 cc=0 chg=u
09-23 15:15:15.702  2112  2112 D ChargerInfo: getInfo: type: 0x1, update: 1
09-23 15:15:15.703  2112  2162 D ChargerInfo: chargerInfoUpdateThread: update start
09-23 15:15:15.711  2112  2162 D ChargerInfo: wlsAdapterPower: path(/sys/class/oplus_chg/wireless/max_w_power): not exist
09-23 15:15:15.711  2112  2162 D ChargerInfo: unknown: path(/sys/class/oplus_chg/ac/online) and backupPath(/sys/class/power_supply/ac/online) not exist
09-23 15:15:15.712  2112  2162 D ChargerInfo: unknown: path(/sys/class/oplus_chg/ac/online) and backupPath(/sys/class/power_supply/ac/online) not exist
09-23 15:15:15.712  2112  2162 D ChargerInfo: get_ui_charge_icon_type: 0 0 0 0
09-23 15:15:15.712  2112  2162 D ChargerInfo: unknown: path(/sys/class/oplus_chg/ac/online) and backupPath(/sys/class/power_supply/ac/online) not exist
09-23 15:15:15.712  2112  2162 D ChargerInfo: unknown: path(/sys/class/oplus_chg/ac/online) and backupPath(/sys/class/power_supply/ac/online) not exist
09-23 15:15:15.712  2112  2162 E ChargerInfo: SingleHyperPath not found
09-23 15:15:15.713  2112  2162 D ChargerInfo: chargerInfoUpdateThread: update end
09-23 15:15:15.713  2112  2162 D ChargerInfo: chargerInfoUpdateThread: update wait
09-23 15:15:15.714  2112  2112 D ChargerInfo: wlsAdapterPower: path(/sys/class/oplus_chg/wireless/max_w_power): not exist
09-23 15:15:15.714  2112  2112 D ChargerInfo: getInfo: {"Update":{"batteryFcc":6740,"batteryRm":6190,"bddLeakCurr":0,"bmsStatus":0,"bypassChgStatus":2,"chargeTimeRemaining":0,"cpaPower":10,"enableTx":"disable","fastCharge":0,"isSupportSpeedCharge":0,"notifyCode":1048704,"otgOnline":1,"ppsChargePower":0,"ppsCharging":0,"shortCHwStatus":0,"shortIcOtpStatus":0,"uiIconType":0,"uiPower":0,"usbStatus":0,"wlsAdapterPower":0}}
09-23 15:15:15.954  2032 28029 I sensors-hal: handle_oplus_wise_rgb_event:191, wise_rgb: (r, g, b, c)[580.00, 624.00, 378.00, 1463.00],(r2,g2,b2,c2)[[0.00, 0.00, 0.00, 0.00], algo:5.0, flag :0
09-23 15:15:16.231  2112  2183 D BatteryChargeControl: bcc get no support from charging protocol
09-23 15:15:16.276  2032 28029 I sensors-hal: handle_oplus_wise_rgb_event:191, wise_rgb: (r, g, b, c)[582.00, 628.00, 377.00, 1468.00],(r2,g2,b2,c2)[[0.00, 0.00, 0.00, 0.00], algo:5.0, flag :0
09-23 15:15:16.600  2032 28029 I sensors-hal: handle_oplus_wise_rgb_event:191, wise_rgb: (r, g, b, c)[582.00, 629.00, 379.00, 1470.00],(r2,g2,b2,c2)[[0.00, 0.00, 0.00, 0.00], algo:5.0, flag :0
09-23 15:15:16.621  3034  3493 D MemoryMonitor: Current PSS: 6424304KB, Max PSS: 7348752KB
09-23 15:15:16.672 23395 23421 W OPLUS_LOG_LOAD: ==LOGS PROG INFO, prog(com.oplus.camera) ==
09-23 15:15:16.672 23395 23421 I APS_ALOG: flushRoutine g_immediateFlush=0 g_pendingCount=0 g_oobCount=0 asan-debug7
09-23 15:15:16.924  2032 28029 I sensors-hal: handle_oplus_wise_rgb_event:191, wise_rgb: (r, g, b, c)[585.00, 629.00, 380.00, 1474.00],(r2,g2,b2,c2)[[0.00, 0.00, 0.00, 0.00], algo:5.0, flag :0
09-23 15:15:16.925  2032 28029 I sensors-hal: handle_oplus_wise_rgb_event:217, high_pwm_light:lux 75.5,cct 1258063.5,brl/algo/ir 0.0/5.0/0.0,pwm/dc 0.0/0.0,rgbc 585.000000/629.000000/380.000000/1474.000000,ts 520186017862837,cnt 49050,flag 0
09-23 15:15:16.925  3833  4659 D FusionLightNextGen: process end reported = 1, mode: 0, cnt: 7285, lux 53.6, cct -1.0, r/g/b/c: 585.0/629.0/380.0/1474.0, R/G/B: -1.0/-1.0/-1.0, bri 0.0, match 0.00, ir 0.659736, conf 0.0, ts 520186017862837
09-23 15:15:17.151  3034  3104 I RESPDEBUG: run_id=run_1_1790201643091 onProgress call #2 raw_chunk=" is" chunkLength=3 responseBuilderLengthBefore=4 responseBuilderLengthAfter=7 thread=DefaultDispatcher-worker-7 ts=1790201717151
09-23 15:15:17.152  3034  3104 I REPDEBUG: run_id=run_1_1790201643091 hasRepeatingTail SKIPPED textLength=7 totalLenNeeded=80
09-23 15:15:17.231  2112  2183 D BatteryChargeControl: bcc get no support from charging protocol
09-23 15:15:17.236  3833  7278 D UsageStatsService: User[0] type=0 b=1790201470672 e=1790201717235 cb=1790201442859 ce=1790201644636 disk=0 all=6
09-23 15:15:17.249  2032 28029 I sensors-hal: handle_oplus_wise_rgb_event:191, wise_rgb: (r, g, b, c)[584.00, 630.00, 381.00, 1471.00],(r2,g2,b2,c2)[[0.00, 0.00, 0.00, 0.00], algo:5.0, flag :0
09-23 15:15:17.304  3034  3104 I RESPDEBUG: run_id=run_1_1790201643091 onProgress call #3 raw_chunk=" the" chunkLength=4 responseBuilderLengthBefore=7 responseBuilderLengthAfter=11 thread=DefaultDispatcher-worker-7 ts=1790201717304
09-23 15:15:17.305  3034  3104 I REPDEBUG: run_id=run_1_1790201643091 hasRepeatingTail SKIPPED textLength=11 totalLenNeeded=80
09-23 15:15:17.417  7337 11175 D gaia-GaiaConnectChecker: start connect check++
09-23 15:15:17.460  3034  3104 I RESPDEBUG: run_id=run_1_1790201643091 onProgress call #4 raw_chunk=" Capital" chunkLength=8 responseBuilderLengthBefore=11 responseBuilderLengthAfter=19 thread=DefaultDispatcher-worker-7 ts=1790201717459
09-23 15:15:17.460  3034  3104 I REPDEBUG: run_id=run_1_1790201643091 hasRepeatingTail SKIPPED textLength=19 totalLenNeeded=80
09-23 15:15:17.573  2032 28029 I sensors-hal: handle_oplus_wise_rgb_event:191, wise_rgb: (r, g, b, c)[584.00, 629.00, 380.00, 1474.00],(r2,g2,b2,c2)[[0.00, 0.00, 0.00, 0.00], algo:5.0, flag :0
09-23 15:15:17.614  3034  3104 I RESPDEBUG: run_id=run_1_1790201643091 onProgress call #5 raw_chunk=" of" chunkLength=3 responseBuilderLengthBefore=19 responseBuilderLengthAfter=22 thread=DefaultDispatcher-worker-7 ts=1790201717614
09-23 15:15:17.614  3034  3104 I REPDEBUG: run_id=run_1_1790201643091 hasRepeatingTail SKIPPED textLength=22 totalLenNeeded=80
09-23 15:15:17.622  3034  3493 D MemoryMonitor: Current PSS: 6426668KB, Max PSS: 7348752KB
09-23 15:15:17.770  3034  3104 I RESPDEBUG: run_id=run_1_1790201643091 onProgress call #6 raw_chunk=" France" chunkLength=7 responseBuilderLengthBefore=22 responseBuilderLengthAfter=29 thread=DefaultDispatcher-worker-7 ts=1790201717770
09-23 15:15:17.770  3034  3104 I REPDEBUG: run_id=run_1_1790201643091 hasRepeatingTail SKIPPED textLength=29 totalLenNeeded=80
09-23 15:15:17.771  7337  8673 D gaia-GaiaConnectChecker: start connect check++
09-23 15:15:17.863  2072 29069 V Codec2-DumpInput: [processLoop:L764][c2.qti.hevc.decoder_136]QueueRead[0] empty, waiting buffer.
09-23 15:15:17.898  2032 28029 I sensors-hal: handle_oplus_wise_rgb_event:191, wise_rgb: (r, g, b, c)[584.00, 630.00, 380.00, 1476.00],(r2,g2,b2,c2)[[0.00, 0.00, 0.00, 0.00], algo:5.0, flag :0
09-23 15:15:17.924  3034  3104 I RESPDEBUG: run_id=run_1_1790201643091 onProgress call #7 raw_chunk="?" chunkLength=1 responseBuilderLengthBefore=29 responseBuilderLengthAfter=30 thread=DefaultDispatcher-worker-7 ts=1790201717924
09-23 15:15:17.924  3034  3104 I REPDEBUG: run_id=run_1_1790201643091 hasRepeatingTail SKIPPED textLength=30 totalLenNeeded=80
09-23 15:15:18.000 24909 22994 D CustomLogManagerService: WorkHandler msg.what :5
09-23 15:15:18.004 24909 22994 D CustomLogManagerService: curTemp:281 limit:390
09-23 15:15:18.004 24909 22994 D CustomLogManagerService: checkUploadStatus: isSceenOn=false activeNetType=1 isCharging=true isUploading:false temperatureLimit:false
09-23 15:15:18.005 24909 22994 D CustomLogManagerService: sys.log.customer=false
09-23 15:15:18.005 24909 22994 D CustomLogManagerService: isHaveCustomLogCollecting :false
09-23 15:15:18.005 24909 22994 D CustomLogManagerService: startUpload
09-23 15:15:18.005 24909 22994 D CustomLogManagerService: not support now
09-23 15:15:18.068  3034  3104 I RESPDEBUG: run_id=run_1_1790201643091 onProgress call #8 raw_chunk="话语权" chunkLength=3 responseBuilderLengthBefore=30 responseBuilderLengthAfter=33 thread=DefaultDispatcher-worker-7 ts=1790201718068
09-23 15:15:18.068  3034  3104 I REPDEBUG: run_id=run_1_1790201643091 hasRepeatingTail SKIPPED textLength=33 totalLenNeeded=80
09-23 15:15:18.213  3034  3104 I RESPDEBUG: run_id=run_1_1790201643091 onProgress call #9 raw_chunk="\n" chunkLength=1 responseBuilderLengthBefore=33 responseBuilderLengthAfter=34 thread=DefaultDispatcher-worker-7 ts=1790201718213
09-23 15:15:18.214  3034  3104 I REPDEBUG: run_id=run_1_1790201643091 hasRepeatingTail SKIPPED textLength=34 totalLenNeeded=80
09-23 15:15:18.222  2032 28029 I sensors-hal: handle_oplus_wise_rgb_event:191, wise_rgb: (r, g, b, c)[586.00, 631.00, 381.00, 1476.00],(r2,g2,b2,c2)[[0.00, 0.00, 0.00, 0.00], algo:5.0, flag :0
09-23 15:15:18.232  2112  2183 D BatteryChargeControl: bcc get no support from charging protocol
09-23 15:15:18.358  3034  3104 I RESPDEBUG: run_id=run_1_1790201643091 onProgress call #10 raw_chunk="话语权" chunkLength=3 responseBuilderLengthBefore=34 responseBuilderLengthAfter=37 thread=DefaultDispatcher-worker-7 ts=1790201718358
09-23 15:15:18.359  3034  3104 I REPDEBUG: run_id=run_1_1790201643091 hasRepeatingTail SKIPPED textLength=37 totalLenNeeded=80
09-23 15:15:18.511  3034  3104 I RESPDEBUG: run_id=run_1_1790201643091 onProgress call #11 raw_chunk="\n" chunkLength=1 responseBuilderLengthBefore=37 responseBuilderLengthAfter=38 thread=DefaultDispatcher-worker-7 ts=1790201718511
09-23 15:15:18.512  3034  3104 I REPDEBUG: run_id=run_1_1790201643091 hasRepeatingTail SKIPPED textLength=38 totalLenNeeded=80
09-23 15:15:18.545  2032 28029 I sensors-hal: handle_oplus_wise_rgb_event:191, wise_rgb: (r, g, b, c)[586.00, 630.00, 382.00, 1478.00],(r2,g2,b2,c2)[[0.00, 0.00, 0.00, 0.00], algo:5.0, flag :0
09-23 15:15:18.546  3833  4659 D FusionLightNextGen: process end reported = 1, mode: 0, cnt: 7290, lux 54.0, cct -1.0, r/g/b/c: 586.0/630.0/382.0/1478.0, R/G/B: -1.0/-1.0/-1.0, bri 0.0, match 0.00, ir 0.659867, conf 0.0, ts 520187639157472
09-23 15:15:18.620  3034  3493 D MemoryMonitor: Current PSS: 6426796KB, Max PSS: 7348752KB
09-23 15:15:18.659  3034  3104 I RESPDEBUG: run_id=run_1_1790201643091 onProgress call #12 raw_chunk="话语权" chunkLength=3 responseBuilderLengthBefore=38 responseBuilderLengthAfter=41 thread=DefaultDispatcher-worker-7 ts=1790201718659
09-23 15:15:18.660  3034  3104 I REPDEBUG: run_id=run_1_1790201643091 hasRepeatingTail SKIPPED textLength=41 totalLenNeeded=80
09-23 15:15:18.667  2112  2165 D vendor.oplus.hardware.charger-V10-service: parallel fold conf file parse fail parallel_fold_state 2
09-23 15:15:18.667  2112  2165 D vendor.oplus.hardware.charger-V10-service: scale_chg Start!!!
09-23 15:15:18.668  2112  2165 D vendor.oplus.hardware.charger-V10-service: [0, 0, 3]
09-23 15:15:18.668  2112  2165 D vendor.oplus.hardware.charger-V10-service: [0, 2, 10]
09-23 15:15:18.668  2112  2165 D vendor.oplus.hardware.charger-V10-service: [0, 1, 3]
09-23 15:15:18.668  2112  2165 D vendor.oplus.hardware.charger-V10-service: [0, 3, 4]
09-23 15:15:18.668  2112  2165 D vendor.oplus.hardware.charger-V10-service: [0, 4, 4]
09-23 15:15:18.669  2112  2165 D vendor.oplus.hardware.charger-V10-service: [0, 5, 3]
09-23 15:15:18.669  2112  2165 D vendor.oplus.hardware.charger-V10-service: [0, 6, 10]
09-23 15:15:18.669  2112  2165 D vendor.oplus.hardware.charger-V10-service: scale_chg Start!!!
09-23 15:15:18.669  2112  2165 D vendor.oplus.hardware.charger-V10-service: [0, 0, 3]
09-23 15:15:18.669  2112  2165 D vendor.oplus.hardware.charger-V10-service: [0, 2, 10]
09-23 15:15:18.669  2112  2165 D vendor.oplus.hardware.charger-V10-service: [0, 1, 3]
09-23 15:15:18.669  2112  2165 D vendor.oplus.hardware.charger-V10-service: [0, 3, 4]
09-23 15:15:18.669  2112  2165 D vendor.oplus.hardware.charger-V10-service: [0, 4, 4]
09-23 15:15:18.669  2112  2165 D vendor.oplus.hardware.charger-V10-service: [0, 5, 3]
09-23 15:15:18.670  2112  2165 D vendor.oplus.hardware.charger-V10-service: [0, 6, 10]
09-23 15:15:18.810  3034  3104 I RESPDEBUG: run_id=run_1_1790201643091 onProgress call #13 raw_chunk="\n" chunkLength=1 responseBuilderLengthBefore=41 responseBuilderLengthAfter=42 thread=DefaultDispatcher-worker-7 ts=1790201718810
09-23 15:15:18.810  3034  3104 I REPDEBUG: run_id=run_1_1790201643091 hasRepeatingTail SKIPPED textLength=42 totalLenNeeded=80
09-23 15:15:18.869  2032 28029 I sensors-hal: handle_oplus_wise_rgb_event:191, wise_rgb: (r, g, b, c)[585.00, 631.00, 381.00, 1478.00],(r2,g2,b2,c2)[[0.00, 0.00, 0.00, 0.00], algo:5.0, flag :0
09-23 15:15:18.955  3034  3104 I RESPDEBUG: run_id=run_1_1790201643091 onProgress call #14 raw_chunk="话语权" chunkLength=3 responseBuilderLengthBefore=42 responseBuilderLengthAfter=45 thread=DefaultDispatcher-worker-7 ts=1790201718955
09-23 15:15:18.956  3034  3104 I REPDEBUG: run_id=run_1_1790201643091 hasRepeatingTail SKIPPED textLength=45 totalLenNeeded=80
09-23 15:15:19.030  2112  2180 D vendor.oplus.hardware.charger-V10-service: ret_value:168, read content:,282,282,4486,4485,-13,100,100,1,9,1048704,66,5097,100,0,4530,500,2000,0,0,3500,0,0,1,0,2,1,0,0,4,7763,100,7158,6190,6190,0,0,0,0,0,101,100.00,100,100.00,94.54,100.00,
09-23 15:15:19.031  2112  2180 D vendor.oplus.hardware.charger-V10-service: gmtime: 2026-09-23-15-15-19
09-23 15:15:19.031  2112  2180 D vendor.oplus.hardware.charger-V10-service: usb_online:1, ac_online:-2147483648, wireless_online:0
09-23 15:15:19.125  3034  3104 I RESPDEBUG: run_id=run_1_1790201643091 onProgress call #15 raw_chunk="\n" chunkLength=1 responseBuilderLengthBefore=45 responseBuilderLengthAfter=46 thread=DefaultDispatcher-worker-7 ts=1790201719125
09-23 15:15:19.126  3034  3104 I REPDEBUG: run_id=run_1_1790201643091 hasRepeatingTail SKIPPED textLength=46 totalLenNeeded=80
09-23 15:15:19.194  2032 28029 I sensors-hal: handle_oplus_wise_rgb_event:191, wise_rgb: (r, g, b, c)[586.00, 631.00, 382.00, 1480.00],(r2,g2,b2,c2)[[0.00, 0.00, 0.00, 0.00], algo:5.0, flag :0
09-23 15:15:19.233  2112  2183 D BatteryChargeControl: bcc get no support from charging protocol
09-23 15:15:19.292  3034  3104 I RESPDEBUG: run_id=run_1_1790201643091 onProgress call #16 raw_chunk="话语权" chunkLength=3 responseBuilderLengthBefore=46 responseBuilderLengthAfter=49 thread=DefaultDispatcher-worker-7 ts=1790201719292
09-23 15:15:19.293  3034  3104 I REPDEBUG: run_id=run_1_1790201643091 hasRepeatingTail SKIPPED textLength=49 totalLenNeeded=80
09-23 15:15:19.450  3034  3104 I RESPDEBUG: run_id=run_1_1790201643091 onProgress call #17 raw_chunk="\n" chunkLength=1 responseBuilderLengthBefore=49 responseBuilderLengthAfter=50 thread=DefaultDispatcher-worker-7 ts=1790201719450
09-23 15:15:19.451  3034  3104 I REPDEBUG: run_id=run_1_1790201643091 hasRepeatingTail SKIPPED textLength=50 totalLenNeeded=80
09-23 15:15:19.518  2032 28029 I sensors-hal: handle_oplus_wise_rgb_event:191, wise_rgb: (r, g, b, c)[588.00, 633.00, 383.00, 1483.00],(r2,g2,b2,c2)[[0.00, 0.00, 0.00, 0.00], algo:5.0, flag :0
09-23 15:15:19.603  3034  3104 I RESPDEBUG: run_id=run_1_1790201643091 onProgress call #18 raw_chunk="话语权" chunkLength=3 responseBuilderLengthBefore=50 responseBuilderLengthAfter=53 thread=DefaultDispatcher-worker-7 ts=1790201719603
09-23 15:15:19.603  3034  3104 I REPDEBUG: run_id=run_1_1790201643091 hasRepeatingTail SKIPPED textLength=53 totalLenNeeded=80
09-23 15:15:19.622  3034  3493 D MemoryMonitor: Current PSS: 6426796KB, Max PSS: 7348752KB
09-23 15:15:19.763  3034  3104 I RESPDEBUG: run_id=run_1_1790201643091 onProgress call #19 raw_chunk="\n" chunkLength=1 responseBuilderLengthBefore=53 responseBuilderLengthAfter=54 thread=DefaultDispatcher-worker-7 ts=1790201719762
09-23 15:15:19.763  3034  3104 I REPDEBUG: run_id=run_1_1790201643091 hasRepeatingTail SKIPPED textLength=54 totalLenNeeded=80
09-23 15:15:19.843  2032 28029 I sensors-hal: handle_oplus_wise_rgb_event:191, wise_rgb: (r, g, b, c)[587.00, 632.00, 383.00, 1483.00],(r2,g2,b2,c2)[[0.00, 0.00, 0.00, 0.00], algo:5.0, flag :0
09-23 15:15:19.913  3034  3104 I RESPDEBUG: run_id=run_1_1790201643091 onProgress call #20 raw_chunk="话语权" chunkLength=3 responseBuilderLengthBefore=54 responseBuilderLengthAfter=57 thread=DefaultDispatcher-worker-7 ts=1790201719913
09-23 15:15:19.913  3034  3104 I REPDEBUG: run_id=run_1_1790201643091 hasRepeatingTail SKIPPED textLength=57 totalLenNeeded=80
09-23 15:15:20.067  3034  3104 I RESPDEBUG: run_id=run_1_1790201643091 onProgress call #21 raw_chunk="\n" chunkLength=1 responseBuilderLengthBefore=57 responseBuilderLengthAfter=58 thread=DefaultDispatcher-worker-7 ts=1790201720067
09-23 15:15:20.068  3034  3104 I REPDEBUG: run_id=run_1_1790201643091 hasRepeatingTail SKIPPED textLength=58 totalLenNeeded=80
09-23 15:15:20.166  2032 28029 I sensors-hal: handle_oplus_wise_rgb_event:191, wise_rgb: (r, g, b, c)[586.00, 633.00, 382.00, 1481.00],(r2,g2,b2,c2)[[0.00, 0.00, 0.00, 0.00], algo:5.0, flag :0
09-23 15:15:20.166  2032 28029 I sensors-hal: handle_oplus_wise_rgb_event:217, high_pwm_light:lux 76.0,cct 1283621.9,brl/algo/ir 0.0/5.0/0.0,pwm/dc 0.0/0.0,rgbc 586.000000/633.000000/382.000000/1481.000000,ts 520189259149503,cnt 49060,flag 0
09-23 15:15:20.166  3833  4659 W OPLUS_LOG_LOAD: ==LOGS PROG INFO, prog(system_server) ==
09-23 15:15:20.166  3833  4659 D FusionLightNextGen: process end reported = 1, mode: 0, cnt: 7295, lux 54.2, cct -1.0, r/g/b/c: 586.0/633.0/382.0/1481.0, R/G/B: -1.0/-1.0/-1.0, bri 0.0, match 0.00, ir 0.660064, conf 0.0, ts 520189259149503
09-23 15:15:20.221  3034  3104 I RESPDEBUG: run_id=run_1_1790201643091 onProgress call #22 raw_chunk="话语权" chunkLength=3 responseBuilderLengthBefore=58 responseBuilderLengthAfter=61 thread=DefaultDispatcher-worker-7 ts=1790201720221
09-23 15:15:20.222  3034  3104 I REPDEBUG: run_id=run_1_1790201643091 hasRepeatingTail SKIPPED textLength=61 totalLenNeeded=80
09-23 15:15:20.233  2112  2183 D BatteryChargeControl: bcc get no support from charging protocol
09-23 15:15:20.375  3034  3104 I RESPDEBUG: run_id=run_1_1790201643091 onProgress call #23 raw_chunk="\n" chunkLength=1 responseBuilderLengthBefore=61 responseBuilderLengthAfter=62 thread=DefaultDispatcher-worker-7 ts=1790201720375
09-23 15:15:20.375  3034  3104 I REPDEBUG: run_id=run_1_1790201643091 hasRepeatingTail SKIPPED textLength=62 totalLenNeeded=80
09-23 15:15:20.489  2032 28029 I sensors-hal: handle_oplus_wise_rgb_event:191, wise_rgb: (r, g, b, c)[586.00, 631.00, 382.00, 1479.00],(r2,g2,b2,c2)[[0.00, 0.00, 0.00, 0.00], algo:5.0, flag :0
09-23 15:15:20.525  3034  3104 I RESPDEBUG: run_id=run_1_1790201643091 onProgress call #24 raw_chunk="话语权" chunkLength=3 responseBuilderLengthBefore=62 responseBuilderLengthAfter=65 thread=DefaultDispatcher-worker-7 ts=1790201720525
09-23 15:15:20.526  3034  3104 I REPDEBUG: run_id=run_1_1790201643091 hasRepeatingTail SKIPPED textLength=65 totalLenNeeded=80
09-23 15:15:20.622  3034  3493 D MemoryMonitor: Current PSS: 6426796KB, Max PSS: 7348752KB
09-23 15:15:20.682  3034  3104 I RESPDEBUG: run_id=run_1_1790201643091 onProgress call #25 raw_chunk="\n" chunkLength=1 responseBuilderLengthBefore=65 responseBuilderLengthAfter=66 thread=DefaultDispatcher-worker-7 ts=1790201720682
09-23 15:15:20.683  3034  3104 I REPDEBUG: run_id=run_1_1790201643091 hasRepeatingTail SKIPPED textLength=66 totalLenNeeded=80
09-23 15:15:20.813  2032 28029 I sensors-hal: handle_oplus_wise_rgb_event:191, wise_rgb: (r, g, b, c)[587.00, 632.00, 381.00, 1479.00],(r2,g2,b2,c2)[[0.00, 0.00, 0.00, 0.00], algo:5.0, flag :0
09-23 15:15:20.839  3034  3104 I RESPDEBUG: run_id=run_1_1790201643091 onProgress call #26 raw_chunk="话语权" chunkLength=3 responseBuilderLengthBefore=66 responseBuilderLengthAfter=69 thread=DefaultDispatcher-worker-7 ts=1790201720839
09-23 15:15:20.839  3034  3104 I REPDEBUG: run_id=run_1_1790201643091 hasRepeatingTail SKIPPED textLength=69 totalLenNeeded=80
09-23 15:15:20.987  3034  3104 I RESPDEBUG: run_id=run_1_1790201643091 onProgress call #27 raw_chunk="\n" chunkLength=1 responseBuilderLengthBefore=69 responseBuilderLengthAfter=70 thread=DefaultDispatcher-worker-7 ts=1790201720987
09-23 15:15:20.988  3034  3104 I REPDEBUG: run_id=run_1_1790201643091 hasRepeatingTail SKIPPED textLength=70 totalLenNeeded=80
09-23 15:15:21.137  2032 28029 I sensors-hal: handle_oplus_wise_rgb_event:191, wise_rgb: (r, g, b, c)[588.00, 633.00, 383.00, 1482.00],(r2,g2,b2,c2)[[0.00, 0.00, 0.00, 0.00], algo:5.0, flag :0
09-23 15:15:21.144  3034  3104 I RESPDEBUG: run_id=run_1_1790201643091 onProgress call #28 raw_chunk="话语权" chunkLength=3 responseBuilderLengthBefore=70 responseBuilderLengthAfter=73 thread=DefaultDispatcher-worker-7 ts=1790201721144
09-23 15:15:21.145  3034  3104 I REPDEBUG: run_id=run_1_1790201643091 hasRepeatingTail SKIPPED textLength=73 totalLenNeeded=80
09-23 15:15:21.234  2112  2183 D BatteryChargeControl: bcc get no support from charging protocol
09-23 15:15:21.300  3034  3104 I RESPDEBUG: run_id=run_1_1790201643091 onProgress call #29 raw_chunk="\n" chunkLength=1 responseBuilderLengthBefore=73 responseBuilderLengthAfter=74 thread=DefaultDispatcher-worker-7 ts=1790201721300
09-23 15:15:21.301  3034  3104 I REPDEBUG: run_id=run_1_1790201643091 hasRepeatingTail SKIPPED textLength=74 totalLenNeeded=80
09-23 15:15:21.457  3034  3104 I RESPDEBUG: run_id=run_1_1790201643091 onProgress call #30 raw_chunk="话语权" chunkLength=3 responseBuilderLengthBefore=74 responseBuilderLengthAfter=77 thread=DefaultDispatcher-worker-7 ts=1790201721457
09-23 15:15:21.457  3034  3104 I REPDEBUG: run_id=run_1_1790201643091 hasRepeatingTail SKIPPED textLength=77 totalLenNeeded=80
09-23 15:15:21.461  2032 28029 I sensors-hal: handle_oplus_wise_rgb_event:191, wise_rgb: (r, g, b, c)[590.00, 634.00, 383.00, 1485.00],(r2,g2,b2,c2)[[0.00, 0.00, 0.00, 0.00], algo:5.0, flag :0
09-23 15:15:21.617  3034  3104 I RESPDEBUG: run_id=run_1_1790201643091 onProgress call #31 raw_chunk="\n" chunkLength=1 responseBuilderLengthBefore=77 responseBuilderLengthAfter=78 thread=DefaultDispatcher-worker-7 ts=1790201721617
09-23 15:15:21.617  3034  3104 I REPDEBUG: run_id=run_1_1790201643091 hasRepeatingTail SKIPPED textLength=78 totalLenNeeded=80
09-23 15:15:21.621  3034  3493 D MemoryMonitor: Current PSS: 6426796KB, Max PSS: 7348752KB
09-23 15:15:21.673 23395 23421 I APS_ALOG: flushRoutine g_immediateFlush=0 g_pendingCount=0 g_oobCount=0 asan-debug7
09-23 15:15:21.770  3034  3104 I RESPDEBUG: run_id=run_1_1790201643091 onProgress call #32 raw_chunk="话语权" chunkLength=3 responseBuilderLengthBefore=78 responseBuilderLengthAfter=81 thread=DefaultDispatcher-worker-7 ts=1790201721769
09-23 15:15:21.771  3034  3104 I REPDEBUG: run_id=run_1_1790201643091 hasRepeatingTail textLength=81 tailStart=1 i=1 unit="hat is the Capit" block="al of France?话语权" matches=false
09-23 15:15:21.785  2032 28029 I sensors-hal: handle_oplus_wise_rgb_event:191, wise_rgb: (r, g, b, c)[589.00, 634.00, 383.00, 1483.00],(r2,g2,b2,c2)[[0.00, 0.00, 0.00, 0.00], algo:5.0, flag :0
09-23 15:15:21.786  3833  4659 D FusionLightNextGen: process end reported = 1, mode: 0, cnt: 7300, lux 54.3, cct -1.0, r/g/b/c: 589.0/634.0/383.0/1483.0, R/G/B: -1.0/-1.0/-1.0, bri 0.0, match 0.00, ir 0.659308, conf 0.0, ts 520190878980701
09-23 15:15:21.924  3034  3104 I RESPDEBUG: run_id=run_1_1790201643091 onProgress call #33 raw_chunk="\n" chunkLength=1 responseBuilderLengthBefore=81 responseBuilderLengthAfter=82 thread=DefaultDispatcher-worker-7 ts=1790201721924
09-23 15:15:21.924  3034  3104 I REPDEBUG: run_id=run_1_1790201643091 hasRepeatingTail textLength=82 tailStart=2 i=1 unit="at is the Capita" block="l of France?话语权\n" matches=false
09-23 15:15:22.069  3034  3104 I RESPDEBUG: run_id=run_1_1790201643091 onProgress call #34 raw_chunk="话语权" chunkLength=3 responseBuilderLengthBefore=82 responseBuilderLengthAfter=85 thread=DefaultDispatcher-worker-7 ts=1790201722068
09-23 15:15:22.069  3034  3104 I REPDEBUG: run_id=run_1_1790201643091 hasRepeatingTail textLength=85 tailStart=5 i=1 unit="is the Capital o" block="f France?话语权\n话语权" matches=false
09-23 15:15:22.109  2032 28029 I sensors-hal: handle_oplus_wise_rgb_event:191, wise_rgb: (r, g, b, c)[590.00, 634.00, 383.00, 1488.00],(r2,g2,b2,c2)[[0.00, 0.00, 0.00, 0.00], algo:5.0, flag :0
09-23 15:15:22.225  3034  3104 I RESPDEBUG: run_id=run_1_1790201643091 onProgress call #35 raw_chunk="\n" chunkLength=1 responseBuilderLengthBefore=85 responseBuilderLengthAfter=86 thread=DefaultDispatcher-worker-7 ts=1790201722225
09-23 15:15:22.226  3034  3104 I REPDEBUG: run_id=run_1_1790201643091 hasRepeatingTail textLength=86 tailStart=6 i=1 unit="s the Capital of" block=" France?话语权\n话语权\n" matches=false
09-23 15:15:22.235  2112  2183 D BatteryChargeControl: bcc get no support from charging protocol
09-23 15:15:22.330  2035 23726 I WifiHAL : event received NL80211_CMD_VENDOR, vendor_id = 0x1374, subcmd = 0xb6
09-23 15:15:22.330  6983 23727 D LOWI-9.0.1.125: [LOWI-Scan] wait_event:Wait done with Cmd 103
09-23 15:15:22.330  6983 23727 D LOWI-9.0.1.125: [LOWI-Scan] do_listen_events: Rcvd valid Netlink Cmd 0 Err 0
09-23 15:15:22.331  2965  2965 I cnss-daemon: nl80211 response handler invoked
09-23 15:15:22.331  2965  2965 I cnss-daemon: nl80211_response_handler: cmd 103, vendorID 4980, subcmd 182  received
09-23 15:15:22.384  3034  3104 I RESPDEBUG: run_id=run_1_1790201643091 onProgress call #36 raw_chunk="话语权" chunkLength=3 responseBuilderLengthBefore=86 responseBuilderLengthAfter=89 thread=DefaultDispatcher-worker-7 ts=1790201722384
09-23 15:15:22.384  3034  3104 I REPDEBUG: run_id=run_1_1790201643091 hasRepeatingTail textLength=89 tailStart=9 i=1 unit="he Capital of Fr" block="ance?话语权\n话语权\n话语权" matches=false
09-23 15:15:22.434  2032 28029 I sensors-hal: handle_oplus_wise_rgb_event:191, wise_rgb: (r, g, b, c)[590.00, 636.00, 383.00, 1488.00],(r2,g2,b2,c2)[[0.00, 0.00, 0.00, 0.00], algo:5.0, flag :0
09-23 15:15:22.544  3034  3104 I RESPDEBUG: run_id=run_1_1790201643091 onProgress call #37 raw_chunk="\n" chunkLength=1 responseBuilderLengthBefore=89 responseBuilderLengthAfter=90 thread=DefaultDispatcher-worker-7 ts=1790201722543
09-23 15:15:22.544  3034  3104 I REPDEBUG: run_id=run_1_1790201643091 hasRepeatingTail textLength=90 tailStart=10 i=1 unit="e Capital of Fra" block="nce?话语权\n话语权\n话语权\n" matches=false
09-23 15:15:22.552  6893  7046 I midasd  : OplusObrainService::notifyEventInt eventId:21 iParam:0
09-23 15:15:22.554  7776  7819 I OplusObrain: OplusObrainClientInvoke.nativeGetTelephonyInfo
09-23 15:15:22.555  2089  2089 E android.hardware.power.stats-impl.oplus: HandleFactory::read open charger_input_current_now(/proc/charger/input_current_now) failed! fd: -1 errno: 2
09-23 15:15:22.555  2089  2089 W android.hardware.power.stats-impl.oplus: PruneException: Unknown binder exception (2) pruned into EX_TRANSACTION_FAILED
09-23 15:15:22.556  7776  7819 I OplusObrain: OplusObrainClientInvoke.nativeGetTrafficTypeInfoForNetworkType networkType 0
09-23 15:15:22.556  6893  9791 W midasd  : handleFactory read failed.
09-23 15:15:22.556  3833  5886 D KernelStatsHelper: getKernelStats start!
09-23 15:15:22.559  3833  4849 D OplusNetlinkSocket: handleNetlinkRecvKernelMessage:nlmsghdr:StructNlMsgHdr{ nlmsg_len{1964}, nlmsg_type{54()}, nlmsg_flags{0()}, nlmsg_seq{0}, nlmsg_pid{251204337} }
09-23 15:15:22.559  3833  4849 D KernelStatsHelper: get magic :[-1, -1, -1, 77, 65, 71, 73, 67]
09-23 15:15:22.559  3833  4849 D KernelStatsHelper: magic matched count:37 data_len:1924
09-23 15:15:22.559  3833  4849 D KernelStatsHelper: data over! check: true
09-23 15:15:22.623  3034  3493 D MemoryMonitor: Current PSS: 6426796KB, Max PSS: 7348752KB
09-23 15:15:22.693  3034  3104 I RESPDEBUG: run_id=run_1_1790201643091 onProgress call #38 raw_chunk="话语权" chunkLength=3 responseBuilderLengthBefore=90 responseBuilderLengthAfter=93 thread=DefaultDispatcher-worker-7 ts=1790201722693
09-23 15:15:22.693  3034  3104 I REPDEBUG: run_id=run_1_1790201643091 hasRepeatingTail textLength=93 tailStart=13 i=1 unit="apital of France" block="?话语权\n话语权\n话语权\n话语权" matches=false
09-23 15:15:22.758  2032 28029 I sensors-hal: handle_oplus_wise_rgb_event:191, wise_rgb: (r, g, b, c)[591.00, 635.00, 384.00, 1490.00],(r2,g2,b2,c2)[[0.00, 0.00, 0.00, 0.00], algo:5.0, flag :0
09-23 15:15:22.845  3034  3104 I RESPDEBUG: run_id=run_1_1790201643091 onProgress call #39 raw_chunk="\n" chunkLength=1 responseBuilderLengthBefore=93 responseBuilderLengthAfter=94 thread=DefaultDispatcher-worker-7 ts=1790201722845
09-23 15:15:22.846  3034  3104 I REPDEBUG: run_id=run_1_1790201643091 hasRepeatingTail textLength=94 tailStart=14 i=1 unit="pital of France?" block="话语权\n话语权\n话语权\n话语权\n" matches=false
09-23 15:15:22.863  2072 29069 V Codec2-DumpInput: [processLoop:L764][c2.qti.hevc.decoder_136]QueueRead[0] empty, waiting buffer.
09-23 15:15:23.004  3034  3104 I RESPDEBUG: run_id=run_1_1790201643091 onProgress call #40 raw_chunk="话语权" chunkLength=3 responseBuilderLengthBefore=94 responseBuilderLengthAfter=97 thread=DefaultDispatcher-worker-7 ts=1790201723004
09-23 15:15:23.005  3034  3104 I REPDEBUG: run_id=run_1_1790201643091 hasRepeatingTail textLength=97 tailStart=17 i=1 unit="al of France?话语权" block="\n话语权\n话语权\n话语权\n话语权" matches=false
09-23 15:15:23.082  2032 28029 I sensors-hal: handle_oplus_wise_rgb_event:191, wise_rgb: (r, g, b, c)[591.00, 636.00, 384.00, 1493.00],(r2,g2,b2,c2)[[0.00, 0.00, 0.00, 0.00], algo:5.0, flag :0
09-23 15:15:23.157  3034  3104 I RESPDEBUG: run_id=run_1_1790201643091 onProgress call #41 raw_chunk="\n" chunkLength=1 responseBuilderLengthBefore=97 responseBuilderLengthAfter=98 thread=DefaultDispatcher-worker-7 ts=1790201723157
09-23 15:15:23.158  3034  3104 I REPDEBUG: run_id=run_1_1790201643091 hasRepeatingTail textLength=98 tailStart=18 i=1 unit="l of France?话语权\n" block="话语权\n话语权\n话语权\n话语权\n" matches=false
09-23 15:15:23.235  2112  2183 D BatteryChargeControl: bcc get no support from charging protocol
09-23 15:15:23.311  3034  3104 I RESPDEBUG: run_id=run_1_1790201643091 onProgress call #42 raw_chunk="话语权" chunkLength=3 responseBuilderLengthBefore=98 responseBuilderLengthAfter=101 thread=DefaultDispatcher-worker-7 ts=1790201723311
09-23 15:15:23.312  3034  3104 I REPDEBUG: run_id=run_1_1790201643091 hasRepeatingTail textLength=101 tailStart=21 i=1 unit="f France?话语权\n话语权" block="\n话语权\n话语权\n话语权\n话语权" matches=false
09-23 15:15:23.407  2032 28029 I sensors-hal: handle_oplus_wise_rgb_event:191, wise_rgb: (r, g, b, c)[592.00, 636.00, 384.00, 1493.00],(r2,g2,b2,c2)[[0.00, 0.00, 0.00, 0.00], algo:5.0, flag :0
09-23 15:15:23.407  2032 28029 I sensors-hal: handle_oplus_wise_rgb_event:217, high_pwm_light:lux 76.3,cct 1300669.0,brl/algo/ir 0.0/5.0/0.0,pwm/dc 0.0/0.0,rgbc 592.000000/636.000000/384.000000/1493.000000,ts 520192500451378,cnt 49070,flag 0
09-23 15:15:23.407  3833  4659 D FusionLightNextGen: process end reported = 1, mode: 0, cnt: 7305, lux 54.5, cct -1.0, r/g/b/c: 592.0/636.0/384.0/1493.0, R/G/B: -1.0/-1.0/-1.0, bri 0.0, match 0.00, ir 0.660222, conf 0.0, ts 520192500451378
09-23 15:15:23.468  3034  3104 I RESPDEBUG: run_id=run_1_1790201643091 onProgress call #43 raw_chunk="\n" chunkLength=1 responseBuilderLengthBefore=101 responseBuilderLengthAfter=102 thread=DefaultDispatcher-worker-7 ts=1790201723468
09-23 15:15:23.469  3034  3104 I REPDEBUG: run_id=run_1_1790201643091 hasRepeatingTail textLength=102 tailStart=22 i=1 unit=" France?话语权\n话语权\n" block="话语权\n话语权\n话语权\n话语权\n" matches=false
09-23 15:15:23.621  3034  3104 I RESPDEBUG: run_id=run_1_1790201643091 onProgress call #44 raw_chunk="话语权" chunkLength=3 responseBuilderLengthBefore=102 responseBuilderLengthAfter=105 thread=DefaultDispatcher-worker-7 ts=1790201723621
09-23 15:15:23.622  3034  3104 I REPDEBUG: run_id=run_1_1790201643091 hasRepeatingTail textLength=105 tailStart=25 i=1 unit="ance?话语权\n话语权\n话语权" block="\n话语权\n话语权\n话语权\n话语权" matches=false
09-23 15:15:23.624  3034  3493 D MemoryMonitor: Current PSS: 6426796KB, Max PSS: 7348752KB
09-23 15:15:23.670  2112  2165 D vendor.oplus.hardware.charger-V10-service: parallel fold conf file parse fail parallel_fold_state 2
09-23 15:15:23.670  2112  2165 D vendor.oplus.hardware.charger-V10-service: scale_chg Start!!!
09-23 15:15:23.671  2112  2165 D vendor.oplus.hardware.charger-V10-service: [0, 0, 3]
09-23 15:15:23.671  2112  2165 D vendor.oplus.hardware.charger-V10-service: [0, 2, 10]
09-23 15:15:23.671  2112  2165 D vendor.oplus.hardware.charger-V10-service: [0, 1, 3]
09-23 15:15:23.671  2112  2165 D vendor.oplus.hardware.charger-V10-service: [0, 3, 4]
09-23 15:15:23.671  2112  2165 D vendor.oplus.hardware.charger-V10-service: [0, 4, 4]
09-23 15:15:23.671  2112  2165 D vendor.oplus.hardware.charger-V10-service: [0, 5, 3]
09-23 15:15:23.671  2112  2165 D vendor.oplus.hardware.charger-V10-service: [0, 6, 10]
09-23 15:15:23.671  2112  2165 D vendor.oplus.hardware.charger-V10-service: scale_chg Start!!!
09-23 15:15:23.671  2112  2165 D vendor.oplus.hardware.charger-V10-service: [0, 0, 3]
09-23 15:15:23.671  2112  2165 D vendor.oplus.hardware.charger-V10-service: [0, 2, 10]
09-23 15:15:23.671  2112  2165 D vendor.oplus.hardware.charger-V10-service: [0, 1, 3]
09-23 15:15:23.671  2112  2165 D vendor.oplus.hardware.charger-V10-service: [0, 3, 4]
09-23 15:15:23.671  2112  2165 D vendor.oplus.hardware.charger-V10-service: [0, 4, 4]
09-23 15:15:23.672  2112  2165 D vendor.oplus.hardware.charger-V10-service: [0, 5, 3]
09-23 15:15:23.672  2112  2165 D vendor.oplus.hardware.charger-V10-service: [0, 6, 10]
09-23 15:15:23.732  2032 28029 I sensors-hal: handle_oplus_wise_rgb_event:191, wise_rgb: (r, g, b, c)[593.00, 638.00, 384.00, 1494.00],(r2,g2,b2,c2)[[0.00, 0.00, 0.00, 0.00], algo:5.0, flag :0
09-23 15:15:23.770  3034  3104 I RESPDEBUG: run_id=run_1_1790201643091 onProgress call #45 raw_chunk="\n" chunkLength=1 responseBuilderLengthBefore=105 responseBuilderLengthAfter=106 thread=DefaultDispatcher-worker-7 ts=1790201723769
09-23 15:15:23.770  3034  3104 I REPDEBUG: run_id=run_1_1790201643091 hasRepeatingTail textLength=106 tailStart=26 i=1 unit="nce?话语权\n话语权\n话语权\n" block="话语权\n话语权\n话语权\n话语权\n" matches=false
09-23 15:15:23.848  5753  6255 D RadioProxyJ[0]: startChannelMonitoring update mLatestRequestId:-1
09-23 15:15:23.850  5753  6258 D RadioProxyJ[1]: startChannelMonitoring update mLatestRequestId:-1
09-23 15:15:23.920  3034  3104 I RESPDEBUG: run_id=run_1_1790201643091 onProgress call #46 raw_chunk="话语权" chunkLength=3 responseBuilderLengthBefore=106 responseBuilderLengthAfter=109 thread=DefaultDispatcher-worker-7 ts=1790201723920
09-23 15:15:23.920  3034  3104 I REPDEBUG: run_id=run_1_1790201643091 hasRepeatingTail textLength=109 tailStart=29 i=1 unit="?话语权\n话语权\n话语权\n话语权" block="\n话语权\n话语权\n话语权\n话语权" matches=false
09-23 15:15:24.032  2112  2180 D vendor.oplus.hardware.charger-V10-service: ret_value:170, read content:,283,283,4487,4485,-20,100,100,1,9,1048704,1534,5019,100,0,4530,500,2000,0,0,3500,0,0,1,0,2,1,0,0,4,7763,100,7158,6190,6190,0,0,0,0,0,101,100.00,100,100.00,94.54,100.00,
09-23 15:15:24.032  2112  2180 D vendor.oplus.hardware.charger-V10-service: gmtime: 2026-09-23-15-15-24
09-23 15:15:24.033  2112  2180 D vendor.oplus.hardware.charger-V10-service: usb_online:1, ac_online:-2147483648, wireless_online:0
09-23 15:15:24.055  2032 28029 I sensors-hal: handle_oplus_wise_rgb_event:191, wise_rgb: (r, g, b, c)[592.00, 636.00, 385.00, 1495.00],(r2,g2,b2,c2)[[0.00, 0.00, 0.00, 0.00], algo:5.0, flag :0
09-23 15:15:24.076  3034  3104 I RESPDEBUG: run_id=run_1_1790201643091 onProgress call #47 raw_chunk="\n" chunkLength=1 responseBuilderLengthBefore=109 responseBuilderLengthAfter=110 thread=DefaultDispatcher-worker-7 ts=1790201724076
09-23 15:15:24.077  3034  3104 I REPDEBUG: run_id=run_1_1790201643091 hasRepeatingTail textLength=110 tailStart=30 i=1 unit="话语权\n话语权\n话语权\n话语权\n" block="话语权\n话语权\n话语权\n话语权\n" matches=true
09-23 15:15:24.077  3034  3104 I REPDEBUG: run_id=run_1_1790201643091 hasRepeatingTail textLength=110 tailStart=30 i=2 unit="话语权\n话语权\n话语权\n话语权\n" block="话语权\n话语权\n话语权\n话语权\n" matches=true
09-23 15:15:24.077  3034  3104 I REPDEBUG: run_id=run_1_1790201643091 hasRepeatingTail textLength=110 tailStart=30 i=3 unit="话语权\n话语权\n话语权\n话语权\n" block="话语权\n话语权\n话语权\n话语权\n" matches=true
09-23 15:15:24.077  3034  3104 I REPDEBUG: run_id=run_1_1790201643091 hasRepeatingTail textLength=110 tailStart=30 i=4 unit="话语权\n话语权\n话语权\n话语权\n" block="话语权\n话语权\n话语权\n话语权\n" matches=true
09-23 15:15:24.077  3034  3104 I REPDEBUG: run_id=run_1_1790201643091 hasRepeatingTail TRIGGERED textLength=110 unit="话语权\n话语权\n话语权\n话语权\n"
09-23 15:15:24.077  3034  3104 I BenchmarkHeadless: run_id=run_1_1790201643091 REPETITION_DETECTED stopping early responseLength=110
09-23 15:15:24.232  3034  3104 D MNN_DEBUG: PERF | prefill: 26 tok in 59.14s (0.4 t/s) | decode: 47 tok in 12.90s (3.6 t/s) | history: 3 msgs
09-23 15:15:24.233  3034  3104 I RESPDEBUG: run_id=run_1_1790201643091 onProgress total calls=47 final responseBuilder length=110 content="What is the Capital of France?话语权\n话语权\n话语权\n话语权\n话语权\n话语权\n话语权\n话语权\n话语权\n话语权\n话语权\n话语权\n话语权\n话语权\n话语权\n话语权\n话语权\n话语权\n话语权\n话语权\n"
09-23 15:15:24.238  2112  2183 D BatteryChargeControl: bcc get no support from charging protocol
09-23 15:15:24.259  3034  3104 I BenchmarkHeadless: run_id=run_1_1790201643091 COLD_LOAD_MS=8273
09-23 15:15:24.259  3034  3104 I BenchmarkHeadless: run_id=run_1_1790201643091 TTFT_MS=59148.513155
09-23 15:15:24.259  3034  3104 I BenchmarkHeadless: run_id=run_1_1790201643091 PREFILL_TIME_US=59140968
09-23 15:15:24.259  3034  3104 I BenchmarkHeadless: run_id=run_1_1790201643091 DECODE_TIME_US=12899582
09-23 15:15:24.260  3034  3104 I BenchmarkHeadless: run_id=run_1_1790201643091 PROMPT_LEN=26
09-23 15:15:24.260  3034  3104 I BenchmarkHeadless: run_id=run_1_1790201643091 DECODE_LEN=47
09-23 15:15:24.260  3034  3104 I BenchmarkHeadless: run_id=run_1_1790201643091 PEAK_RSS_KB=7348752
09-23 15:15:24.261  3034  3104 I BenchmarkHeadless: run_id=run_1_1790201643091 POWER_MA=12.95
09-23 15:15:24.261  3034  3104 I BenchmarkHeadless: run_id=run_1_1790201643091 ENERGY_MAS_SAMPLED=843.990
09-23 15:15:24.261  3034  3104 I BenchmarkHeadless: run_id=run_1_1790201643091 ENERGY_MJ_SAMPLED=3785.293
09-23 15:15:24.261  3034  3104 I BenchmarkHeadless: run_id=run_1_1790201643091 THERMAL_STATUS=Normal
09-23 15:15:24.261  3034  3104 I BenchmarkHeadless: run_id=run_1_1790201643091 THERMAL_TEMP_CPU_C=41.5
09-23 15:15:24.261  3034  3104 I BenchmarkHeadless: run_id=run_1_1790201643091 THERMAL_TEMP_SKIN_C=unavailable
09-23 15:15:24.262  3034  3104 I BenchmarkHeadless: run_id=run_1_1790201643091 RUN_DONE response=What is the Capital of France?话语权\n话语权\n话语权\n话语权\n话语权\n话语权\n话语权\n话语权\n话语权\n话语权\n话语权\n话语权\n话语权\n话语权\n话语权\n话语权\n话语权\n话语权\n话语权\n话语权\n
09-23 15:15:24.262  3034  3104 D LlmSession: MNN_DEBUG release nativePtr: -5476376637312360448 mGenerating: false
09-23 15:15:24.262  3034  3104 D MNN_DEBUG: LIFECYCLE: About to DESTROY LlmSession at 0xb4000076a4bfa000
09-23 15:15:24.262  3034  3104 D MNN_DEBUG: LIFECYCLE: LlmSession DESTROYED at 0xb4000076a4bfa000
09-23 15:15:24.379  2032 28029 I sensors-hal: handle_oplus_wise_rgb_event:191, wise_rgb: (r, g, b, c)[592.00, 638.00, 385.00, 1497.00],(r2,g2,b2,c2)[[0.00, 0.00, 0.00, 0.00], algo:5.0, flag :0
09-23 15:15:24.701  2032 28029 I sensors-hal: handle_oplus_wise_rgb_event:191, wise_rgb: (r, g, b, c)[595.00, 637.00, 385.00, 1498.00],(r2,g2,b2,c2)[[0.00, 0.00, 0.00, 0.00], algo:5.0, flag :0
09-23 15:15:25.023  2032 28029 I sensors-hal: handle_oplus_wise_rgb_event:191, wise_rgb: (r, g, b, c)[595.00, 639.00, 386.00, 1500.00],(r2,g2,b2,c2)[[0.00, 0.00, 0.00, 0.00], algo:5.0, flag :0
09-23 15:15:25.024  3833  4659 D FusionLightNextGen: process end reported = 1, mode: 0, cnt: 7310, lux 54.7, cct -1.0, r/g/b/c: 595.0/639.0/386.0/1500.0, R/G/B: -1.0/-1.0/-1.0, bri 0.0, match 0.00, ir 0.660121, conf 0.0, ts 520194117482264
09-23 15:15:25.239  2112  2183 D BatteryChargeControl: bcc get no support from charging protocol
09-23 15:15:25.346  2032 28029 I sensors-hal: handle_oplus_wise_rgb_event:191, wise_rgb: (r, g, b, c)[595.00, 639.00, 385.00, 1501.00],(r2,g2,b2,c2)[[0.00, 0.00, 0.00, 0.00], algo:5.0, flag :0
09-23 15:15:25.644  1334 21489 I android.system.suspend-service: First holding wakelock name = qms_event_Handler_wakeLock_
09-23 15:15:25.645  1334 21489 I android.system.suspend-service: Last release wakelock name = qms_event_Handler_wakeLock_
09-23 15:15:25.645  1334 21489 I android.system.suspend-service: mAutosuspendEnabled=1
09-23 15:15:25.668  2032 28029 I sensors-hal: handle_oplus_wise_rgb_event:191, wise_rgb: (r, g, b, c)[596.00, 641.00, 386.00, 1505.00],(r2,g2,b2,c2)[[0.00, 0.00, 0.00, 0.00], algo:5.0, flag :0
09-23 15:15:25.990  2032 28029 I sensors-hal: handle_oplus_wise_rgb_event:191, wise_rgb: (r, g, b, c)[597.00, 642.00, 388.00, 1506.00],(r2,g2,b2,c2)[[0.00, 0.00, 0.00, 0.00], algo:5.0, flag :0
09-23 15:15:26.240  2112  2183 D BatteryChargeControl: bcc get no support from charging protocol
09-23 15:15:26.312  2032 28029 I sensors-hal: handle_oplus_wise_rgb_event:191, wise_rgb: (r, g, b, c)[598.00, 641.00, 387.00, 1506.00],(r2,g2,b2,c2)[[0.00, 0.00, 0.00, 0.00], algo:5.0, flag :0
09-23 15:15:26.635  2032 28029 I sensors-hal: handle_oplus_wise_rgb_event:191, wise_rgb: (r, g, b, c)[598.00, 641.00, 385.00, 1506.00],(r2,g2,b2,c2)[[0.00, 0.00, 0.00, 0.00], algo:5.0, flag :0
09-23 15:15:26.635  2032 28029 I sensors-hal: handle_oplus_wise_rgb_event:217, high_pwm_light:lux 76.9,cct 1230955.9,brl/algo/ir 0.0/5.0/0.0,pwm/dc 0.0/0.0,rgbc 598.000000/641.000000/385.000000/1506.000000,ts 520195728915128,cnt 49080,flag 0
09-23 15:15:26.635  3833  4659 D FusionLightNextGen: process end reported = 1, mode: 0, cnt: 7315, lux 54.9, cct -1.0, r/g/b/c: 598.0/641.0/385.0/1506.0, R/G/B: -1.0/-1.0/-1.0, bri 0.0, match 0.00, ir 0.660442, conf 0.0, ts 520195728915128
09-23 15:15:26.673 23395 23421 W OPLUS_LOG_LOAD: ==LOGS PROG INFO, prog(com.oplus.camera) ==
09-23 15:15:26.673 23395 23421 I APS_ALOG: flushRoutine g_immediateFlush=0 g_pendingCount=0 g_oobCount=0 asan-debug7
09-23 15:15:26.833  7431  7860 I discovery::core::moni..: DiscMonitor: [trace_id=57221931748]DiscoveryComponentStatus { adaptive_sdp_client_status: Some("{\"0\":\"0.0.0.0\",\"1\":null}"), adaptive_sdp_server_status: None, network_interface_states: Some({}) }
09-23 15:15:26.957  2032 28029 I sensors-hal: handle_oplus_wise_rgb_event:191, wise_rgb: (r, g, b, c)[598.00, 642.00, 388.00, 1507.00],(r2,g2,b2,c2)[[0.00, 0.00, 0.00, 0.00], algo:5.0, flag :0
09-23 15:15:27.083  3034  3104 D MNN_DEBUG: LIFECYCLE: LlmSessionInner DESTROYED at 0xb4000076a4bfa000
09-23 15:15:27.085  3833  5886 D ActivityManager: Stop FGS timeout: ServiceRecord{20cef5a u0 com.alibaba.mnnllm.android/.benchmark.headless.HeadlessBenchmarkService c:com.alibaba.mnnllm.android}
09-23 15:15:27.086  3833  5886 W ForegroundServiceTypeLoggerModule: FGS stop call for: 10369 has no types!
09-23 15:15:27.092  5344 31177 W OPLUS_LOG_LOAD: ==LOGS PROG INFO, prog(com.android.systemui) ==
09-23 15:15:27.092  5344 31177 I SystemUi--QuickSettings: OplusFgsManagerController-->onForegroundStateChanged: com.alibaba.mnnllm.android 0 false 1
09-23 15:15:27.092  5344 31177 I SystemUi--QuickSettings: OplusFgsManagerController-->onForegroundStateChanged numPackagesAfter: 0
09-23 15:15:27.093  5344  5684 I SystemUi--QuickSettings: OplusSeparateQSPrivacyManager-->onNumberOfPackagesChanged numPackages 0
09-23 15:15:27.093  5753 12673 I ConferenceScene: onForegroundServiceStateChanged 3034 10369 0 fg_stateMachinesuid is null
09-23 15:15:27.098  5261  6780 V OsAgent : broadcastSystemEvent - 7
09-23 15:15:27.241  2112  2183 D BatteryChargeControl: bcc get no support from charging protocol
09-23 15:15:27.283  2032 28029 I sensors-hal: handle_oplus_wise_rgb_event:191, wise_rgb: (r, g, b, c)[599.00, 642.00, 388.00, 1509.00],(r2,g2,b2,c2)[[0.00, 0.00, 0.00, 0.00], algo:5.0, flag :0
09-23 15:15:27.418  7337 11175 D gaia-GaiaConnectChecker: start connect check++
09-23 15:15:27.606  2032 28029 I sensors-hal: handle_oplus_wise_rgb_event:191, wise_rgb: (r, g, b, c)[598.00, 644.00, 388.00, 1507.00],(r2,g2,b2,c2)[[0.00, 0.00, 0.00, 0.00], algo:5.0, flag :0
09-23 15:15:27.770  7337  8673 D gaia-GaiaConnectChecker: start connect check++
09-23 15:15:27.864  2072 29069 V Codec2-DumpInput: [processLoop:L764][c2.qti.hevc.decoder_136]QueueRead[0] empty, waiting buffer.
09-23 15:15:27.927  2032 28029 I sensors-hal: handle_oplus_wise_rgb_event:191, wise_rgb: (r, g, b, c)[600.00, 644.00, 389.00, 1510.00],(r2,g2,b2,c2)[[0.00, 0.00, 0.00, 0.00], algo:5.0, flag :0
09-23 15:15:28.166 13248 13301 I PhenotypeProcessReaper: Memory state is: 200
09-23 15:15:28.247  2032 28029 I sensors-hal: handle_oplus_wise_rgb_event:191, wise_rgb: (r, g, b, c)[601.00, 646.00, 389.00, 1515.00],(r2,g2,b2,c2)[[0.00, 0.00, 0.00, 0.00], algo:5.0, flag :0
09-23 15:15:28.247  2112  2183 D BatteryChargeControl: bcc get no support from charging protocol
09-23 15:15:28.247  3833  4659 D FusionLightNextGen: process end reported = 1, mode: 0, cnt: 7320, lux 55.1, cct -1.0, r/g/b/c: 601.0/646.0/389.0/1515.0, R/G/B: -1.0/-1.0/-1.0, bri 0.0, match 0.00, ir 0.660147, conf 0.0, ts 520197340431951
09-23 15:15:28.569  2032 28029 I sensors-hal: handle_oplus_wise_rgb_event:191, wise_rgb: (r, g, b, c)[603.00, 647.00, 391.00, 1519.00],(r2,g2,b2,c2)[[0.00, 0.00, 0.00, 0.00], algo:5.0, flag :0
09-23 15:15:28.673  2112  2165 D vendor.oplus.hardware.charger-V10-service: parallel fold conf file parse fail parallel_fold_state 2
09-23 15:15:28.674  2112  2165 D vendor.oplus.hardware.charger-V10-service: scale_chg Start!!!
09-23 15:15:28.674  2112  2165 D vendor.oplus.hardware.charger-V10-service: [0, 0, 3]
09-23 15:15:28.674  2112  2165 D vendor.oplus.hardware.charger-V10-service: [0, 2, 10]
09-23 15:15:28.674  2112  2165 D vendor.oplus.hardware.charger-V10-service: [0, 1, 3]
09-23 15:15:28.674  2112  2165 D vendor.oplus.hardware.charger-V10-service: [0, 3, 4]
09-23 15:15:28.675  2112  2165 D vendor.oplus.hardware.charger-V10-service: [0, 4, 4]
09-23 15:15:28.675  2112  2165 D vendor.oplus.hardware.charger-V10-service: [0, 5, 3]
09-23 15:15:28.675  2112  2165 D vendor.oplus.hardware.charger-V10-service: [0, 6, 10]
09-23 15:15:28.675  2112  2165 D vendor.oplus.hardware.charger-V10-service: scale_chg Start!!!
09-23 15:15:28.675  2112  2165 D vendor.oplus.hardware.charger-V10-service: [0, 0, 3]
09-23 15:15:28.675  2112  2165 D vendor.oplus.hardware.charger-V10-service: [0, 2, 10]
09-23 15:15:28.675  2112  2165 D vendor.oplus.hardware.charger-V10-service: [0, 1, 3]
09-23 15:15:28.675  2112  2165 D vendor.oplus.hardware.charger-V10-service: [0, 3, 4]
09-23 15:15:28.675  2112  2165 D vendor.oplus.hardware.charger-V10-service: [0, 4, 4]
09-23 15:15:28.675  2112  2165 D vendor.oplus.hardware.charger-V10-service: [0, 5, 3]
09-23 15:15:28.675  2112  2165 D vendor.oplus.hardware.charger-V10-service: [0, 6, 10]
09-23 15:15:28.716  1334 24528 I android.system.suspend-service: First holding wakelock name = qms_event_Handler_wakeLock_
09-23 15:15:28.718  1334 21489 I android.system.suspend-service: Last release wakelock name = qms_event_Handler_wakeLock_
09-23 15:15:28.719  1334 21489 I android.system.suspend-service: mAutosuspendEnabled=1
09-23 15:15:28.894  2032 28029 I sensors-hal: handle_oplus_wise_rgb_event:191, wise_rgb: (r, g, b, c)[602.00, 648.00, 390.00, 1519.00],(r2,g2,b2,c2)[[0.00, 0.00, 0.00, 0.00], algo:5.0, flag :0
09-23 15:15:29.034  2112  2180 D vendor.oplus.hardware.charger-V10-service: ret_value:166, read content:,283,283,4485,4483,0,100,100,1,9,1048704,53,5227,100,0,4530,500,2000,0,0,3500,0,0,1,0,2,1,0,0,4,7763,100,7158,6190,6190,0,0,0,0,0,101,100.00,100,100.00,94.54,100.00,
09-23 15:15:29.034  2112  2180 D vendor.oplus.hardware.charger-V10-service: gmtime: 2026-09-23-15-15-29
09-23 15:15:29.034  2112  2180 D vendor.oplus.hardware.charger-V10-service: usb_online:1, ac_online:-2147483648, wireless_online:0
09-23 15:15:29.217  2032 28029 I sensors-hal: handle_oplus_wise_rgb_event:191, wise_rgb: (r, g, b, c)[604.00, 650.00, 393.00, 1520.00],(r2,g2,b2,c2)[[0.00, 0.00, 0.00, 0.00], algo:5.0, flag :0
09-23 15:15:29.250  2112  2183 D BatteryChargeControl: bcc get no support from charging protocol
09-23 15:15:29.537  2032 28029 I sensors-hal: handle_oplus_wise_rgb_event:191, wise_rgb: (r, g, b, c)[604.00, 649.00, 391.00, 1522.00],(r2,g2,b2,c2)[[0.00, 0.00, 0.00, 0.00], algo:5.0, flag :0
09-23 15:15:29.861  2032 28029 I sensors-hal: handle_oplus_wise_rgb_event:191, wise_rgb: (r, g, b, c)[605.00, 651.00, 393.00, 1525.00],(r2,g2,b2,c2)[[0.00, 0.00, 0.00, 0.00], algo:5.0, flag :0
09-23 15:15:29.861  2032 28029 I sensors-hal: handle_oplus_wise_rgb_event:217, high_pwm_light:lux 78.1,cct 1252750.2,brl/algo/ir 0.0/5.0/0.0,pwm/dc 0.0/0.0,rgbc 605.000000/651.000000/393.000000/1525.000000,ts 520198951819972,cnt 49090,flag 0
09-23 15:15:29.861  3833  4659 D FusionLightNextGen: process end reported = 1, mode: 0, cnt: 7325, lux 55.6, cct -1.0, r/g/b/c: 605.0/651.0/393.0/1525.0, R/G/B: -1.0/-1.0/-1.0, bri 0.0, match 0.00, ir 0.659791, conf 0.0, ts 520198951819972
09-23 15:15:30.183  2032 28029 I sensors-hal: handle_oplus_wise_rgb_event:191, wise_rgb: (r, g, b, c)[606.00, 651.00, 393.00, 1526.00],(r2,g2,b2,c2)[[0.00, 0.00, 0.00, 0.00], algo:5.0, flag :0
09-23 15:15:30.194  7776  9897 D ShellSubscriberWorkerThread: the first 8 bytes empty, and RestData length > 8 
09-23 15:15:30.252  2112  2183 D BatteryChargeControl: bcc get no support from charging protocol
09-23 15:15:30.504  2032 28029 I sensors-hal: handle_oplus_wise_rgb_event:191, wise_rgb: (r, g, b, c)[606.00, 652.00, 393.00, 1528.00],(r2,g2,b2,c2)[[0.00, 0.00, 0.00, 0.00], algo:5.0, flag :0
09-23 15:15:30.829  2032 28029 I sensors-hal: handle_oplus_wise_rgb_event:191, wise_rgb: (r, g, b, c)[608.00, 655.00, 394.00, 1531.00],(r2,g2,b2,c2)[[0.00, 0.00, 0.00, 0.00], algo:5.0, flag :0
09-23 15:15:31.151  2032 28029 I sensors-hal: handle_oplus_wise_rgb_event:191, wise_rgb: (r, g, b, c)[609.00, 653.00, 393.00, 1532.00],(r2,g2,b2,c2)[[0.00, 0.00, 0.00, 0.00], algo:5.0, flag :0
09-23 15:15:31.253  2112  2183 D BatteryChargeControl: bcc get no support from charging protocol
09-23 15:15:31.473  2032 28029 I sensors-hal: handle_oplus_wise_rgb_event:191, wise_rgb: (r, g, b, c)[609.00, 655.00, 395.00, 1534.00],(r2,g2,b2,c2)[[0.00, 0.00, 0.00, 0.00], algo:5.0, flag :0
09-23 15:15:31.474  3833  4659 W OPLUS_LOG_LOAD: ==LOGS PROG INFO, prog(system_server) ==
09-23 15:15:31.474  3833  4659 D FusionLightNextGen: process end reported = 1, mode: 0, cnt: 7330, lux 55.9, cct -1.0, r/g/b/c: 609.0/655.0/395.0/1534.0, R/G/B: -1.0/-1.0/-1.0, bri 0.0, match 0.00, ir 0.659695, conf 0.0, ts 520200564332941
09-23 15:15:31.677 23395 23421 I APS_ALOG: flushRoutine g_immediateFlush=0 g_pendingCount=0 g_oobCount=0 asan-debug7
09-23 15:15:31.793  2032 28029 I sensors-hal: handle_oplus_wise_rgb_event:191, wise_rgb: (r, g, b, c)[609.00, 656.00, 394.00, 1534.00],(r2,g2,b2,c2)[[0.00, 0.00, 0.00, 0.00], algo:5.0, flag :0
09-23 15:15:31.972  3833  4868 D OplusWifiPowerWakeupStats: ICMPV6_RA wake up count 65
09-23 15:15:31.973  5286 27219 W AlarmManager: Unrecognized alarm listener com.android.networkstack.android.net.ip.IpClientLinkObserver$Dhcp6PdPreferredPrefixAlarmListener@95d03b2
09-23 15:15:31.975  5286 27219 D ApfFilter: (wlan0): Adding RA fe80::fad0:eff:fe51:b767 -> ff02::1 180s 2601:600:8281:1c80::/64 7200s/7200s DNS 180s 2001:558:feed::1 2001:558:feed::2 RIO 180s ::/0 
09-23 15:15:31.976  2035 23726 I WifiHAL : event received NL80211_CMD_VENDOR, vendor_id = 0x1374, subcmd = 0xb6
09-23 15:15:31.976  2965  2965 I cnss-daemon: nl80211 response handler invoked
09-23 15:15:31.976  2965  2965 I cnss-daemon: nl80211_response_handler: cmd 103, vendorID 4980, subcmd 182  received
09-23 15:15:31.977  6983 23727 D LOWI-9.0.1.125: [LOWI-Scan] wait_event:Wait done with Cmd 103
09-23 15:15:31.977  6983 23727 D LOWI-9.0.1.125: [LOWI-Scan] do_listen_events: Rcvd valid Netlink Cmd 0 Err 0
09-23 15:15:32.118  2032 28029 I sensors-hal: handle_oplus_wise_rgb_event:191, wise_rgb: (r, g, b, c)[609.00, 654.00, 395.00, 1536.00],(r2,g2,b2,c2)[[0.00, 0.00, 0.00, 0.00], algo:5.0, flag :0
09-23 15:15:32.257  2112  2183 D BatteryChargeControl: bcc get no support from charging protocol
09-23 15:15:32.440  2032 28029 I sensors-hal: handle_oplus_wise_rgb_event:191, wise_rgb: (r, g, b, c)[610.00, 657.00, 395.00, 1538.00],(r2,g2,b2,c2)[[0.00, 0.00, 0.00, 0.00], algo:5.0, flag :0
09-23 15:15:32.491 24909 24941 D QcomSubSystemLpmParser: read file:/proc/subsys_sleepmon/adsp_compact
09-23 15:15:32.493 24909 24941 I QcomSubSystemLpmParser: file not exists : /proc/subsys_sleepmon/adsp_compact
09-23 15:15:32.493 24909 24941 D QcomSubSystemLpmParser: read file:/proc/subsys_sleepmon/cdsp_compact
09-23 15:15:32.493 24909 24941 I QcomSubSystemLpmParser: file not exists : /proc/subsys_sleepmon/cdsp_compact
09-23 15:15:32.493 24909 24941 D QcomSubSystemLpmParser: read file:/proc/subsys_sleepmon/slpi_compact
09-23 15:15:32.493 24909 24941 I QcomSubSystemLpmParser: file not exists : /proc/subsys_sleepmon/slpi_compact
09-23 15:15:32.493 24909 24941 I STANDBY_NETLINK: send uint32 message to family_id=63, cmd_id=2, attribute_count=1
09-23 15:15:32.493 24909 24941 I STANDBY_NETLINK: Attribute 0: ID=2, Value=2
09-23 15:15:32.493 24909 24941 I STANDBY_NETLINK: buflen = 28
09-23 15:15:32.493 24909 24941 I STANDBY_NETLINK: attr 0: type=2, value=2, offset=20
09-23 15:15:32.493 24909 24941 I STANDBY_NETLINK: send multi uint32 message:
09-23 15:15:32.493 24909 24941 I STANDBY_NETLINK:   family_id: 63, cmd: 2, version: 1
09-23 15:15:32.493 24909 24941 I STANDBY_NETLINK:   attr count: 1
09-23 15:15:32.496 24909 24941 I STANDBY_NETLINK: success send uint32.
09-23 15:15:32.496 24909 24941 E STANDBY_NETLINK: 32 bytes received.
09-23 15:15:32.496 24909 24941 E STANDBY_NETLINK: Message header: type=63 (0x3f), len=32
09-23 15:15:32.496 24909 24941 E STANDBY_NETLINK: parse_netlink_msg_attrs: type: 2, value: Empty
09-23 15:15:32.496 24909 24941 D RegulatorsMonitor: updateCountersStatsMapLocked syncToLocal:false
09-23 15:15:32.496 24909 24941 I STANDBY_NETLINK: send uint32 message to family_id=63, cmd_id=2, attribute_count=1
09-23 15:15:32.496 24909 24941 I STANDBY_NETLINK: Attribute 0: ID=2, Value=4
09-23 15:15:32.496 24909 24941 I STANDBY_NETLINK: buflen = 28
09-23 15:15:32.497 24909 24941 I STANDBY_NETLINK: attr 0: type=2, value=4, offset=20
09-23 15:15:32.497 24909 24941 I STANDBY_NETLINK: send multi uint32 message:
09-23 15:15:32.497 24909 24941 I STANDBY_NETLINK:   family_id: 63, cmd: 2, version: 1
09-23 15:15:32.497 24909 24941 I STANDBY_NETLINK:   attr count: 1
09-23 15:15:32.497 24909 24941 I STANDBY_NETLINK: success send uint32.
09-23 15:15:32.497 24909 24941 E STANDBY_NETLINK: 32 bytes received.
09-23 15:15:32.497 24909 24941 E STANDBY_NETLINK: Message header: type=63 (0x3f), len=32
09-23 15:15:32.497 24909 24941 E STANDBY_NETLINK: parse_netlink_msg_attrs: type: 4, value: Empty
09-23 15:15:32.763  2032 28029 I sensors-hal: handle_oplus_wise_rgb_event:191, wise_rgb: (r, g, b, c)[611.00, 657.00, 394.00, 1538.00],(r2,g2,b2,c2)[[0.00, 0.00, 0.00, 0.00], algo:5.0, flag :0
09-23 15:15:32.865  2072 29069 V Codec2-DumpInput: [processLoop:L764][c2.qti.hevc.decoder_136]QueueRead[0] empty, waiting buffer.
09-23 15:15:33.082  2032 28029 I sensors-hal: handle_oplus_wise_rgb_event:191, wise_rgb: (r, g, b, c)[612.00, 655.00, 396.00, 1539.00],(r2,g2,b2,c2)[[0.00, 0.00, 0.00, 0.00], algo:5.0, flag :0
09-23 15:15:33.082  2032 28029 I sensors-hal: handle_oplus_wise_rgb_event:217, high_pwm_light:lux 78.6,cct 1268443.9,brl/algo/ir 0.0/5.0/0.0,pwm/dc 0.0/0.0,rgbc 612.000000/655.000000/396.000000/1539.000000,ts 520202175572108,cnt 49100,flag 0
09-23 15:15:33.083  3833  4659 D FusionLightNextGen: process end reported = 1, mode: 0, cnt: 7335, lux 56.2, cct -1.0, r/g/b/c: 612.0/655.0/396.0/1539.0, R/G/B: -1.0/-1.0/-1.0, bri 0.0, match 0.00, ir 0.659788, conf 0.0, ts 520202175572108
09-23 15:15:33.259  2112  2183 D BatteryChargeControl: bcc get no support from charging protocol
09-23 15:15:33.407  2032 28029 I sensors-hal: handle_oplus_wise_rgb_event:191, wise_rgb: (r, g, b, c)[612.00, 658.00, 397.00, 1542.00],(r2,g2,b2,c2)[[0.00, 0.00, 0.00, 0.00], algo:5.0, flag :0
09-23 15:15:33.677  2112  2165 D vendor.oplus.hardware.charger-V10-service: parallel fold conf file parse fail parallel_fold_state 2
09-23 15:15:33.677  2112  2165 D vendor.oplus.hardware.charger-V10-service: scale_chg Start!!!
09-23 15:15:33.677  2112  2165 D vendor.oplus.hardware.charger-V10-service: [0, 0, 3]
09-23 15:15:33.677  2112  2165 D vendor.oplus.hardware.charger-V10-service: [0, 2, 10]
09-23 15:15:33.678  2112  2165 D vendor.oplus.hardware.charger-V10-service: [0, 1, 3]
09-23 15:15:33.678  2112  2165 D vendor.oplus.hardware.charger-V10-service: [0, 3, 4]
09-23 15:15:33.678  2112  2165 D vendor.oplus.hardware.charger-V10-service: [0, 4, 4]
09-23 15:15:33.678  2112  2165 D vendor.oplus.hardware.charger-V10-service: [0, 5, 3]
09-23 15:15:33.678  2112  2165 D vendor.oplus.hardware.charger-V10-service: [0, 6, 10]
09-23 15:15:33.678  2112  2165 D vendor.oplus.hardware.charger-V10-service: scale_chg Start!!!
09-23 15:15:33.678  2112  2165 D vendor.oplus.hardware.charger-V10-service: [0, 0, 3]
09-23 15:15:33.678  2112  2165 D vendor.oplus.hardware.charger-V10-service: [0, 2, 10]
09-23 15:15:33.678  2112  2165 D vendor.oplus.hardware.charger-V10-service: [0, 1, 3]
09-23 15:15:33.678  2112  2165 D vendor.oplus.hardware.charger-V10-service: [0, 3, 4]
09-23 15:15:33.678  2112  2165 D vendor.oplus.hardware.charger-V10-service: [0, 4, 4]
09-23 15:15:33.678  2112  2165 D vendor.oplus.hardware.charger-V10-service: [0, 5, 3]
09-23 15:15:33.679  2112  2165 D vendor.oplus.hardware.charger-V10-service: [0, 6, 10]
09-23 15:15:33.729  2032 28029 I sensors-hal: handle_oplus_wise_rgb_event:191, wise_rgb: (r, g, b, c)[613.00, 659.00, 398.00, 1544.00],(r2,g2,b2,c2)[[0.00, 0.00, 0.00, 0.00], algo:5.0, flag :0
09-23 15:15:34.035  2112  2180 D vendor.oplus.hardware.charger-V10-service: ret_value:166, read content:,283,283,4484,4483,0,100,100,1,9,1048704,37,5227,100,0,4530,500,2000,0,0,3500,0,0,1,0,2,1,0,0,4,7763,100,7158,6190,6190,0,0,0,0,0,101,100.00,100,100.00,94.54,100.00,
09-23 15:15:34.035  2112  2180 D vendor.oplus.hardware.charger-V10-service: gmtime: 2026-09-23-15-15-34
09-23 15:15:34.036  2112  2180 D vendor.oplus.hardware.charger-V10-service: usb_online:1, ac_online:-2147483648, wireless_online:0
09-23 15:15:34.049  2032 28029 I sensors-hal: handle_oplus_wise_rgb_event:191, wise_rgb: (r, g, b, c)[614.00, 658.00, 397.00, 1547.00],(r2,g2,b2,c2)[[0.00, 0.00, 0.00, 0.00], algo:5.0, flag :0
09-23 15:15:34.263  2112  2183 D BatteryChargeControl: bcc get no support from charging protocol
09-23 15:15:34.371  2032 28029 I sensors-hal: handle_oplus_wise_rgb_event:191, wise_rgb: (r, g, b, c)[614.00, 660.00, 397.00, 1547.00],(r2,g2,b2,c2)[[0.00, 0.00, 0.00, 0.00], algo:5.0, flag :0
09-23 15:15:34.694  2032 28029 I sensors-hal: handle_oplus_wise_rgb_event:191, wise_rgb: (r, g, b, c)[615.00, 659.00, 398.00, 1548.00],(r2,g2,b2,c2)[[0.00, 0.00, 0.00, 0.00], algo:5.0, flag :0
09-23 15:15:34.695  3833  4659 D FusionLightNextGen: process end reported = 1, mode: 0, cnt: 7340, lux 56.5, cct -1.0, r/g/b/c: 615.0/659.0/398.0/1548.0, R/G/B: -1.0/-1.0/-1.0, bri 0.0, match 0.00, ir 0.659975, conf 0.0, ts 520203788074295
09-23 15:15:35.020  2032 28029 I sensors-hal: handle_oplus_wise_rgb_event:191, wise_rgb: (r, g, b, c)[615.00, 660.00, 398.00, 1550.00],(r2,g2,b2,c2)[[0.00, 0.00, 0.00, 0.00], algo:5.0, flag :0
09-23 15:15:35.265  2112  2183 D BatteryChargeControl: bcc get no support from charging protocol
09-23 15:15:35.344  2032 28029 I sensors-hal: handle_oplus_wise_rgb_event:191, wise_rgb: (r, g, b, c)[617.00, 661.00, 399.00, 1552.00],(r2,g2,b2,c2)[[0.00, 0.00, 0.00, 0.00], algo:5.0, flag :0
09-23 15:15:35.471 24909 24943 D TrafficMonitor3: checkWifiApEnabled ap state:11 0/false
09-23 15:15:35.664  2032 28029 I sensors-hal: handle_oplus_wise_rgb_event:191, wise_rgb: (r, g, b, c)[616.00, 660.00, 399.00, 1550.00],(r2,g2,b2,c2)[[0.00, 0.00, 0.00, 0.00], algo:5.0, flag :0
09-23 15:15:35.984  2032 28029 I sensors-hal: handle_oplus_wise_rgb_event:191, wise_rgb: (r, g, b, c)[617.00, 662.00, 399.00, 1552.00],(r2,g2,b2,c2)[[0.00, 0.00, 0.00, 0.00], algo:5.0, flag :0
09-23 15:15:36.269  2112  2183 D BatteryChargeControl: bcc get no support from charging protocol
09-23 15:15:36.309  2032 28029 I sensors-hal: handle_oplus_wise_rgb_event:191, wise_rgb: (r, g, b, c)[616.00, 661.00, 399.00, 1552.00],(r2,g2,b2,c2)[[0.00, 0.00, 0.00, 0.00], algo:5.0, flag :0
09-23 15:15:36.309  2032 28029 I sensors-hal: handle_oplus_wise_rgb_event:217, high_pwm_light:lux 79.3,cct 1280419.5,brl/algo/ir 0.0/5.0/0.0,pwm/dc 0.0/0.0,rgbc 616.000000/661.000000/399.000000/1552.000000,ts 520205399470233,cnt 49110,flag 0
09-23 15:15:36.309  3833  4659 D FusionLightNextGen: process end reported = 1, mode: 0, cnt: 7345, lux 56.7, cct -1.0, r/g/b/c: 616.0/661.0/399.0/1552.0, R/G/B: -1.0/-1.0/-1.0, bri 0.0, match 0.00, ir 0.660099, conf 0.0, ts 520205399470233
09-23 15:15:36.631  2032 28029 I sensors-hal: handle_oplus_wise_rgb_event:191, wise_rgb: (r, g, b, c)[617.00, 660.00, 398.00, 1553.00],(r2,g2,b2,c2)[[0.00, 0.00, 0.00, 0.00], algo:5.0, flag :0
09-23 15:15:36.683 23395 23421 W OPLUS_LOG_LOAD: ==LOGS PROG INFO, prog(com.oplus.camera) ==
09-23 15:15:36.683 23395 23421 I APS_ALOG: flushRoutine g_immediateFlush=0 g_pendingCount=0 g_oobCount=0 asan-debug7
09-23 15:15:36.954  2032 28029 I sensors-hal: handle_oplus_wise_rgb_event:191, wise_rgb: (r, g, b, c)[618.00, 662.00, 398.00, 1555.00],(r2,g2,b2,c2)[[0.00, 0.00, 0.00, 0.00], algo:5.0, flag :0
09-23 15:15:37.255  5109  6680 I om.oplus.athena: Explicit concurrent mark compact GC freed 4094KB AllocSpace bytes, 0(0B) LOS objects, 82% free, 2553KB/14MB, paused 703us,2.832ms total 70.428ms
09-23 15:15:37.271  2112  2183 D BatteryChargeControl: bcc get no support from charging protocol
09-23 15:15:37.273  2032 28029 I sensors-hal: handle_oplus_wise_rgb_event:191, wise_rgb: (r, g, b, c)[618.00, 661.00, 398.00, 1556.00],(r2,g2,b2,c2)[[0.00, 0.00, 0.00, 0.00], algo:5.0, flag :0
09-23 15:15:37.422  7337 11175 D gaia-GaiaConnectChecker: start connect check++
09-23 15:15:37.599  2032 28029 I sensors-hal: handle_oplus_wise_rgb_event:191, wise_rgb: (r, g, b, c)[619.00, 661.00, 401.00, 1555.00],(r2,g2,b2,c2)[[0.00, 0.00, 0.00, 0.00], algo:5.0, flag :0
09-23 15:15:37.770  7337  8673 D gaia-GaiaConnectChecker: start connect check++
09-23 15:15:37.867  2072 29069 V Codec2-DumpInput: [processLoop:L764][c2.qti.hevc.decoder_136]QueueRead[0] empty, waiting buffer.
09-23 15:15:37.921  2032 28029 I sensors-hal: handle_oplus_wise_rgb_event:191, wise_rgb: (r, g, b, c)[620.00, 663.00, 400.00, 1558.00],(r2,g2,b2,c2)[[0.00, 0.00, 0.00, 0.00], algo:5.0, flag :0
09-23 15:15:37.922  3833  4659 D FusionLightNextGen: process end reported = 1, mode: 0, cnt: 7350, lux 56.8, cct -1.0, r/g/b/c: 620.0/663.0/400.0/1558.0, R/G/B: -1.0/-1.0/-1.0, bri 0.0, match 0.00, ir 0.659816, conf 0.0, ts 520207012055285
09-23 15:15:38.240  2032 28029 I sensors-hal: handle_oplus_wise_rgb_event:191, wise_rgb: (r, g, b, c)[620.00, 664.00, 401.00, 1563.00],(r2,g2,b2,c2)[[0.00, 0.00, 0.00, 0.00], algo:5.0, flag :0
09-23 15:15:38.275  2112  2183 D BatteryChargeControl: bcc get no support from charging protocol
09-23 15:15:38.298  3833  4504 D osense.compress: try do inactive compress task
09-23 15:15:38.566  2032 28029 I sensors-hal: handle_oplus_wise_rgb_event:191, wise_rgb: (r, g, b, c)[620.00, 665.00, 401.00, 1562.00],(r2,g2,b2,c2)[[0.00, 0.00, 0.00, 0.00], algo:5.0, flag :0
09-23 15:15:38.679  2112  2165 D vendor.oplus.hardware.charger-V10-service: parallel fold conf file parse fail parallel_fold_state 2
09-23 15:15:38.679  2112  2165 D vendor.oplus.hardware.charger-V10-service: scale_chg Start!!!
09-23 15:15:38.680  2112  2165 D vendor.oplus.hardware.charger-V10-service: [0, 0, 3]
09-23 15:15:38.680  2112  2165 D vendor.oplus.hardware.charger-V10-service: [0, 2, 10]
09-23 15:15:38.680  2112  2165 D vendor.oplus.hardware.charger-V10-service: [0, 1, 3]
09-23 15:15:38.680  2112  2165 D vendor.oplus.hardware.charger-V10-service: [0, 3, 4]
09-23 15:15:38.680  2112  2165 D vendor.oplus.hardware.charger-V10-service: [0, 4, 4]
09-23 15:15:38.680  2112  2165 D vendor.oplus.hardware.charger-V10-service: [0, 5, 3]
09-23 15:15:38.680  2112  2165 D vendor.oplus.hardware.charger-V10-service: [0, 6, 10]
09-23 15:15:38.680  2112  2165 D vendor.oplus.hardware.charger-V10-service: scale_chg Start!!!
09-23 15:15:38.680  2112  2165 D vendor.oplus.hardware.charger-V10-service: [0, 0, 3]
09-23 15:15:38.680  2112  2165 D vendor.oplus.hardware.charger-V10-service: [0, 2, 10]
09-23 15:15:38.680  2112  2165 D vendor.oplus.hardware.charger-V10-service: [0, 1, 3]
09-23 15:15:38.681  2112  2165 D vendor.oplus.hardware.charger-V10-service: [0, 3, 4]
09-23 15:15:38.681  2112  2165 D vendor.oplus.hardware.charger-V10-service: [0, 4, 4]
09-23 15:15:38.681  2112  2165 D vendor.oplus.hardware.charger-V10-service: [0, 5, 3]
09-23 15:15:38.681  2112  2165 D vendor.oplus.hardware.charger-V10-service: [0, 6, 10]
09-23 15:15:38.844  2028  2028 D healthd : system healthd: battery l=100 v=4485 t=28.3 h=2 st=5 c=0 fc=7300000 cc=0 chg=u
09-23 15:15:38.872  2112  2112 D ChargerInfo: getInfo: type: 0x1, update: 1
09-23 15:15:38.872  2112  2162 D ChargerInfo: chargerInfoUpdateThread: update start
09-23 15:15:38.885  2032 28029 I sensors-hal: handle_oplus_wise_rgb_event:191, wise_rgb: (r, g, b, c)[621.00, 664.00, 401.00, 1565.00],(r2,g2,b2,c2)[[0.00, 0.00, 0.00, 0.00], algo:5.0, flag :0
09-23 15:15:39.037  2112  2180 D vendor.oplus.hardware.charger-V10-service: ret_value:166, read content:,283,283,4485,4483,0,100,100,1,9,1048704,53,5232,100,0,4530,500,2000,0,0,3500,0,0,1,0,2,1,0,0,4,7763,100,7158,6190,6190,0,0,0,0,0,101,100.00,100,100.00,94.54,100.00,
09-23 15:15:39.037  2112  2180 D vendor.oplus.hardware.charger-V10-service: gmtime: 2026-09-23-15-15-39
09-23 15:15:39.038  2112  2180 D vendor.oplus.hardware.charger-V10-service: usb_online:1, ac_online:-2147483648, wireless_online:0
09-23 15:15:39.060  2112  2162 D ChargerInfo: wlsAdapterPower: path(/sys/class/oplus_chg/wireless/max_w_power): not exist
09-23 15:15:39.060  2112  2162 D ChargerInfo: unknown: path(/sys/class/oplus_chg/ac/online) and backupPath(/sys/class/power_supply/ac/online) not exist
09-23 15:15:39.061  2112  2162 D ChargerInfo: unknown: path(/sys/class/oplus_chg/ac/online) and backupPath(/sys/class/power_supply/ac/online) not exist
09-23 15:15:39.061  2112  2162 D ChargerInfo: get_ui_charge_icon_type: 0 0 0 0
09-23 15:15:39.061  2112  2162 D ChargerInfo: unknown: path(/sys/class/oplus_chg/ac/online) and backupPath(/sys/class/power_supply/ac/online) not exist
09-23 15:15:39.061  2112  2162 D ChargerInfo: unknown: path(/sys/class/oplus_chg/ac/online) and backupPath(/sys/class/power_supply/ac/online) not exist
09-23 15:15:39.061  2112  2162 E ChargerInfo: SingleHyperPath not found
09-23 15:15:39.063  2112  2162 D ChargerInfo: chargerInfoUpdateThread: update end
09-23 15:15:39.063  2112  2162 D ChargerInfo: chargerInfoUpdateThread: update wait
09-23 15:15:39.064  2112  2112 D ChargerInfo: wlsAdapterPower: path(/sys/class/oplus_chg/wireless/max_w_power): not exist
09-23 15:15:39.064  2112  2112 D ChargerInfo: getInfo: {"Update":{"batteryFcc":6740,"batteryRm":6190,"bddLeakCurr":0,"bmsStatus":0,"bypassChgStatus":2,"chargeTimeRemaining":0,"cpaPower":10,"enableTx":"disable","fastCharge":0,"isSupportSpeedCharge":0,"notifyCode":1048704,"otgOnline":1,"ppsChargePower":0,"ppsCharging":0,"shortCHwStatus":0,"shortIcOtpStatus":0,"uiIconType":0,"uiPower":0,"usbStatus":0,"wlsAdapterPower":0}}
09-23 15:15:39.066  3833  4026 D OplusThermalStats: REPORT_UPDATE_CPU  ->  phoneTemp:290  preHeatThreshold:400
09-23 15:15:39.207  2032 28029 I sensors-hal: handle_oplus_wise_rgb_event:191, wise_rgb: (r, g, b, c)[620.00, 665.00, 401.00, 1564.00],(r2,g2,b2,c2)[[0.00, 0.00, 0.00, 0.00], algo:5.0, flag :0
09-23 15:15:39.217  3833  4026 D ProcessCpuTrackerExtImpl: mContext is already set, return now! 
09-23 15:15:39.277  2112  2183 D BatteryChargeControl: bcc get no support from charging protocol
09-23 15:15:39.533  2032 28029 I sensors-hal: handle_oplus_wise_rgb_event:191, wise_rgb: (r, g, b, c)[622.00, 665.00, 402.00, 1565.00],(r2,g2,b2,c2)[[0.00, 0.00, 0.00, 0.00], algo:5.0, flag :0
09-23 15:15:39.533  2032 28029 I sensors-hal: handle_oplus_wise_rgb_event:217, high_pwm_light:lux 79.8,cct 1306311.4,brl/algo/ir 0.0/5.0/0.0,pwm/dc 0.0/0.0,rgbc 622.000000/665.000000/402.000000/1565.000000,ts 520208623383305,cnt 49120,flag 0
09-23 15:15:39.533  3833  4659 D FusionLightNextGen: process end reported = 1, mode: 0, cnt: 7355, lux 57.0, cct -1.0, r/g/b/c: 622.0/665.0/402.0/1565.0, R/G/B: -1.0/-1.0/-1.0, bri 0.0, match 0.00, ir 0.660156, conf 0.0, ts 520208623383305
09-23 15:15:39.672  3833  5835 W Settings: Setting notification_bubbles has moved from android.provider.Settings.Global to android.provider.Settings.Secure, returning read-only value.
09-23 15:15:39.672  3833  5835 W Settings: Setting apply_ramping_ringer has moved from android.provider.Settings.Global to android.provider.Settings.System, returning read-only value.
09-23 15:15:39.676  3833  5835 W SettingsStatsUtil: Can not parse value to float: +network
09-23 15:15:39.852  2032 28029 I sensors-hal: handle_oplus_wise_rgb_event:191, wise_rgb: (r, g, b, c)[622.00, 664.00, 401.00, 1566.00],(r2,g2,b2,c2)[[0.00, 0.00, 0.00, 0.00], algo:5.0, flag :0
09-23 15:15:40.175  2032 28029 I sensors-hal: handle_oplus_wise_rgb_event:191, wise_rgb: (r, g, b, c)[623.00, 666.00, 402.00, 1568.00],(r2,g2,b2,c2)[[0.00, 0.00, 0.00, 0.00], algo:5.0, flag :0
09-23 15:15:40.281  2112  2183 D BatteryChargeControl: bcc get no support from charging protocol
09-23 15:15:40.498  2032 28029 I sensors-hal: handle_oplus_wise_rgb_event:191, wise_rgb: (r, g, b, c)[624.00, 666.00, 403.00, 1571.00],(r2,g2,b2,c2)[[0.00, 0.00, 0.00, 0.00], algo:5.0, flag :0
09-23 15:15:40.823  2032 28029 I sensors-hal: handle_oplus_wise_rgb_event:191, wise_rgb: (r, g, b, c)[625.00, 668.00, 403.00, 1573.00],(r2,g2,b2,c2)[[0.00, 0.00, 0.00, 0.00], algo:5.0, flag :0
09-23 15:15:41.145  2032 28029 I sensors-hal: handle_oplus_wise_rgb_event:191, wise_rgb: (r, g, b, c)[624.00, 669.00, 403.00, 1573.00],(r2,g2,b2,c2)[[0.00, 0.00, 0.00, 0.00], algo:5.0, flag :0
09-23 15:15:41.146  3833  4659 D FusionLightNextGen: process end reported = 1, mode: 0, cnt: 7360, lux 57.2, cct -1.0, r/g/b/c: 624.0/669.0/403.0/1573.0, R/G/B: -1.0/-1.0/-1.0, bri 0.0, match 0.00, ir 0.660555, conf 0.0, ts 520210235723149
09-23 15:15:41.285  2112  2183 D BatteryChargeControl: bcc get no support from charging protocol
09-23 15:15:41.467  2032 28029 I sensors-hal: handle_oplus_wise_rgb_event:191, wise_rgb: (r, g, b, c)[625.00, 667.00, 404.00, 1573.00],(r2,g2,b2,c2)[[0.00, 0.00, 0.00, 0.00], algo:5.0, flag :0
09-23 15:15:41.684 23395 23421 I APS_ALOG: flushRoutine g_immediateFlush=0 g_pendingCount=0 g_oobCount=0 asan-debug7
09-23 15:15:41.786  2032 28029 I sensors-hal: handle_oplus_wise_rgb_event:191, wise_rgb: (r, g, b, c)[625.00, 668.00, 404.00, 1577.00],(r2,g2,b2,c2)[[0.00, 0.00, 0.00, 0.00], algo:5.0, flag :0
09-23 15:15:42.109  2032 28029 I sensors-hal: handle_oplus_wise_rgb_event:191, wise_rgb: (r, g, b, c)[626.00, 670.00, 404.00, 1578.00],(r2,g2,b2,c2)[[0.00, 0.00, 0.00, 0.00], algo:5.0, flag :0
09-23 15:15:42.287  2112  2183 D BatteryChargeControl: bcc get no support from charging protocol
09-23 15:15:42.434  2032 28029 I sensors-hal: handle_oplus_wise_rgb_event:191, wise_rgb: (r, g, b, c)[629.00, 671.00, 406.00, 1583.00],(r2,g2,b2,c2)[[0.00, 0.00, 0.00, 0.00], algo:5.0, flag :0
09-23 15:15:42.756  2032 28029 I sensors-hal: handle_oplus_wise_rgb_event:191, wise_rgb: (r, g, b, c)[630.00, 673.00, 406.00, 1585.00],(r2,g2,b2,c2)[[0.00, 0.00, 0.00, 0.00], algo:5.0, flag :0
09-23 15:15:42.756  2032 28029 I sensors-hal: handle_oplus_wise_rgb_event:217, high_pwm_light:lux 80.8,cct 1295272.4,brl/algo/ir 0.0/5.0/0.0,pwm/dc 0.0/0.0,rgbc 630.000000/673.000000/406.000000/1585.000000,ts 520211847240337,cnt 49130,flag 0
09-23 15:15:42.757  3833  4659 W OPLUS_LOG_LOAD: ==LOGS PROG INFO, prog(system_server) ==
09-23 15:15:42.757  3833  4659 D FusionLightNextGen: process end reported = 1, mode: 0, cnt: 7365, lux 57.3, cct -1.0, r/g/b/c: 630.0/673.0/406.0/1585.0, R/G/B: -1.0/-1.0/-1.0, bri 0.0, match 0.00, ir 0.660393, conf 0.0, ts 520211847240337
09-23 15:15:42.870  2072 29069 V Codec2-DumpInput: [processLoop:L764][c2.qti.hevc.decoder_136]QueueRead[0] empty, waiting buffer.
09-23 15:15:43.075  2032 28029 I sensors-hal: handle_oplus_wise_rgb_event:191, wise_rgb: (r, g, b, c)[631.00, 676.00, 407.00, 1588.00],(r2,g2,b2,c2)[[0.00, 0.00, 0.00, 0.00], algo:5.0, flag :0
09-23 15:15:43.291  2112  2183 D BatteryChargeControl: bcc get no support from charging protocol
09-23 15:15:43.378  5531  5996 I PluginManager: dalvikMax=16,dalvikFree=11dalvikAllocated=5
09-23 15:15:43.398  2032 28029 I sensors-hal: handle_oplus_wise_rgb_event:191, wise_rgb: (r, g, b, c)[631.00, 675.00, 407.00, 1591.00],(r2,g2,b2,c2)[[0.00, 0.00, 0.00, 0.00], algo:5.0, flag :0
09-23 15:15:43.684  2112  2165 D vendor.oplus.hardware.charger-V10-service: parallel fold conf file parse fail parallel_fold_state 2
09-23 15:15:43.685  2112  2165 D vendor.oplus.hardware.charger-V10-service: scale_chg Start!!!
09-23 15:15:43.685  2112  2165 D vendor.oplus.hardware.charger-V10-service: [0, 0, 3]
09-23 15:15:43.685  2112  2165 D vendor.oplus.hardware.charger-V10-service: [0, 2, 10]
09-23 15:15:43.686  2112  2165 D vendor.oplus.hardware.charger-V10-service: [0, 1, 3]
09-23 15:15:43.686  2112  2165 D vendor.oplus.hardware.charger-V10-service: [0, 3, 4]
09-23 15:15:43.686  2112  2165 D vendor.oplus.hardware.charger-V10-service: [0, 4, 4]
09-23 15:15:43.686  2112  2165 D vendor.oplus.hardware.charger-V10-service: [0, 5, 3]
09-23 15:15:43.686  2112  2165 D vendor.oplus.hardware.charger-V10-service: [0, 6, 10]
09-23 15:15:43.686  2112  2165 D vendor.oplus.hardware.charger-V10-service: scale_chg Start!!!
09-23 15:15:43.686  2112  2165 D vendor.oplus.hardware.charger-V10-service: [0, 0, 3]
09-23 15:15:43.686  2112  2165 D vendor.oplus.hardware.charger-V10-service: [0, 2, 10]
09-23 15:15:43.686  2112  2165 D vendor.oplus.hardware.charger-V10-service: [0, 1, 3]
09-23 15:15:43.686  2112  2165 D vendor.oplus.hardware.charger-V10-service: [0, 3, 4]
09-23 15:15:43.686  2112  2165 D vendor.oplus.hardware.charger-V10-service: [0, 4, 4]
09-23 15:15:43.687  2112  2165 D vendor.oplus.hardware.charger-V10-service: [0, 5, 3]
09-23 15:15:43.687  2112  2165 D vendor.oplus.hardware.charger-V10-service: [0, 6, 10]
09-23 15:15:43.723  2032 28029 I sensors-hal: handle_oplus_wise_rgb_event:191, wise_rgb: (r, g, b, c)[630.00, 672.00, 407.00, 1588.00],(r2,g2,b2,c2)[[0.00, 0.00, 0.00, 0.00], algo:5.0, flag :0
09-23 15:15:44.041  2112  2180 D vendor.oplus.hardware.charger-V10-service: ret_value:166, read content:,283,283,4485,4483,0,100,100,1,9,1048704,53,5232,100,0,4530,500,2000,0,0,3500,0,0,1,0,2,1,0,0,4,7763,100,7158,6190,6190,0,0,0,0,0,101,100.00,100,100.00,94.54,100.00,
09-23 15:15:44.043  2032 28029 I sensors-hal: handle_oplus_wise_rgb_event:191, wise_rgb: (r, g, b, c)[631.00, 673.00, 407.00, 1587.00],(r2,g2,b2,c2)[[0.00, 0.00, 0.00, 0.00], algo:5.0, flag :0
09-23 15:15:44.044  2112  2180 D vendor.oplus.hardware.charger-V10-service: gmtime: 2026-09-23-15-15-44
09-23 15:15:44.044  2112  2180 D vendor.oplus.hardware.charger-V10-service: usb_online:1, ac_online:-2147483648, wireless_online:0
09-23 15:15:44.211  7431  3650 I PTC.DISC.AndroidMultiLanServer: Watcher sysNif=[wlan0], userNif=[wlan0 state=(LISTEN JOIN(2CEDBD|21701)), , null], clientNif=[wlan0 state=(LISTEN), , ], tcpServer state=LISTEN, ipv4=**0.239
09-23 15:15:44.293  2112  2183 D BatteryChargeControl: bcc get no support from charging protocol
09-23 15:15:44.368  2032 28029 I sensors-hal: handle_oplus_wise_rgb_event:191, wise_rgb: (r, g, b, c)[630.00, 672.00, 406.00, 1587.00],(r2,g2,b2,c2)[[0.00, 0.00, 0.00, 0.00], algo:5.0, flag :0
09-23 15:15:44.369  3833  4659 D FusionLightNextGen: process end reported = 1, mode: 0, cnt: 7370, lux 57.7, cct -1.0, r/g/b/c: 630.0/672.0/406.0/1587.0, R/G/B: -1.0/-1.0/-1.0, bri 0.0, match 0.00, ir 0.660974, conf 0.0, ts 520213458245805
09-23 15:15:44.691  2032 28029 I sensors-hal: handle_oplus_wise_rgb_event:191, wise_rgb: (r, g, b, c)[631.00, 674.00, 408.00, 1590.00],(r2,g2,b2,c2)[[0.00, 0.00, 0.00, 0.00], algo:5.0, flag :0
09-23 15:15:45.010  2032 28029 I sensors-hal: handle_oplus_wise_rgb_event:191, wise_rgb: (r, g, b, c)[631.00, 675.00, 406.00, 1590.00],(r2,g2,b2,c2)[[0.00, 0.00, 0.00, 0.00], algo:5.0, flag :0
09-23 15:15:45.197  1871  1894 E statsd  : Could not find a broadcast receiver for (1000 1002)
09-23 15:15:45.198  1871  1894 E statsd  : Could not find a broadcast receiver for (1000 100000)
09-23 15:15:45.199  7776  9897 D ShellSubscriberWorkerThread: the first 8 bytes empty, and RestData length > 8 
09-23 15:15:45.294  2112  2183 D BatteryChargeControl: bcc get no support from charging protocol
09-23 15:15:45.333  2032 28029 I sensors-hal: handle_oplus_wise_rgb_event:191, wise_rgb: (r, g, b, c)[631.00, 675.00, 408.00, 1591.00],(r2,g2,b2,c2)[[0.00, 0.00, 0.00, 0.00], algo:5.0, flag :0
09-23 15:15:45.548  2642 29063 W OplusFeedbackInfo: callingPid(5073) 0xb400007132237f00 c2.qti.hevc.decoder codec[0xb4000071322f0000] 1272x2776 inputFps=0 outputFps=0 renderFps=0, discardFps=0
09-23 15:15:45.655  2032 28029 I sensors-hal: handle_oplus_wise_rgb_event:191, wise_rgb: (r, g, b, c)[634.00, 676.00, 406.00, 1592.00],(r2,g2,b2,c2)[[0.00, 0.00, 0.00, 0.00], algo:5.0, flag :0
09-23 15:15:45.980  2032 28029 I sensors-hal: handle_oplus_wise_rgb_event:191, wise_rgb: (r, g, b, c)[633.00, 677.00, 409.00, 1593.00],(r2,g2,b2,c2)[[0.00, 0.00, 0.00, 0.00], algo:5.0, flag :0
09-23 15:15:45.980  2032 28029 I sensors-hal: handle_oplus_wise_rgb_event:217, high_pwm_light:lux 81.2,cct 1301436.0,brl/algo/ir 0.0/5.0/0.0,pwm/dc 0.0/0.0,rgbc 633.000000/677.000000/409.000000/1593.000000,ts 520215070876326,cnt 49140,flag 0
09-23 15:15:45.981  3833  4659 D FusionLightNextGen: process end reported = 1, mode: 0, cnt: 7375, lux 57.9, cct -1.0, r/g/b/c: 633.0/677.0/409.0/1593.0, R/G/B: -1.0/-1.0/-1.0, bri 0.0, match 0.00, ir 0.660205, conf 0.0, ts 520215070876326
09-23 15:15:46.299  2112  2183 D BatteryChargeControl: bcc get no support from charging protocol
09-23 15:15:46.300  2032 28029 I sensors-hal: handle_oplus_wise_rgb_event:191, wise_rgb: (r, g, b, c)[634.00, 676.00, 409.00, 1596.00],(r2,g2,b2,c2)[[0.00, 0.00, 0.00, 0.00], algo:5.0, flag :0
09-23 15:15:46.625  2032 28029 I sensors-hal: handle_oplus_wise_rgb_event:191, wise_rgb: (r, g, b, c)[633.00, 677.00, 410.00, 1597.00],(r2,g2,b2,c2)[[0.00, 0.00, 0.00, 0.00], algo:5.0, flag :0
09-23 15:15:46.688 23395 23421 W OPLUS_LOG_LOAD: ==LOGS PROG INFO, prog(com.oplus.camera) ==
09-23 15:15:46.688 23395 23421 I APS_ALOG: flushRoutine g_immediateFlush=0 g_pendingCount=0 g_oobCount=0 asan-debug7
09-23 15:15:46.889  3833  5835 D FlexibleTaskController: check task which not have enough child, isInSingleWhiteList:false isCloneTask:false
09-23 15:15:46.944  2032 28029 I sensors-hal: handle_oplus_wise_rgb_event:191, wise_rgb: (r, g, b, c)[633.00, 678.00, 410.00, 1596.00],(r2,g2,b2,c2)[[0.00, 0.00, 0.00, 0.00], algo:5.0, flag :0
09-23 15:15:47.269  2032 28029 I sensors-hal: handle_oplus_wise_rgb_event:191, wise_rgb: (r, g, b, c)[634.00, 677.00, 410.00, 1600.00],(r2,g2,b2,c2)[[0.00, 0.00, 0.00, 0.00], algo:5.0, flag :0
09-23 15:15:47.300  2112  2183 D BatteryChargeControl: bcc get no support from charging protocol
09-23 15:15:47.423  7337 11175 D gaia-GaiaConnectChecker: start connect check++
09-23 15:15:47.591  2032 28029 I sensors-hal: handle_oplus_wise_rgb_event:191, wise_rgb: (r, g, b, c)[635.00, 678.00, 410.00, 1597.00],(r2,g2,b2,c2)[[0.00, 0.00, 0.00, 0.00], algo:5.0, flag :0
09-23 15:15:47.592  3833  4659 D FusionLightNextGen: process end reported = 1, mode: 0, cnt: 7380, lux 58.1, cct -1.0, r/g/b/c: 635.0/678.0/410.0/1597.0, R/G/B: -1.0/-1.0/-1.0, bri 0.0, match 0.00, ir 0.660203, conf 0.0, ts 520216682149972
09-23 15:15:47.773  7337  8673 D gaia-GaiaConnectChecker: start connect check++
09-23 15:15:47.872  2072 29069 V Codec2-DumpInput: [processLoop:L764][c2.qti.hevc.decoder_136]QueueRead[0] empty, waiting buffer.
09-23 15:15:47.914  2032 28029 I sensors-hal: handle_oplus_wise_rgb_event:191, wise_rgb: (r, g, b, c)[634.00, 677.00, 408.00, 1598.00],(r2,g2,b2,c2)[[0.00, 0.00, 0.00, 0.00], algo:5.0, flag :0
09-23 15:15:48.236  2032 28029 I sensors-hal: handle_oplus_wise_rgb_event:191, wise_rgb: (r, g, b, c)[633.00, 678.00, 409.00, 1598.00],(r2,g2,b2,c2)[[0.00, 0.00, 0.00, 0.00], algo:5.0, flag :0
09-23 15:15:48.250  5753  5753 I Subsys-Service: runGcAutomatic dalvik memory info{max=15.65MB,free=1.75MB,allocated=13.90MB}
09-23 15:15:48.304  2112  2183 D BatteryChargeControl: bcc get no support from charging protocol
09-23 15:15:48.558  2032 28029 I sensors-hal: handle_oplus_wise_rgb_event:191, wise_rgb: (r, g, b, c)[635.00, 679.00, 411.00, 1600.00],(r2,g2,b2,c2)[[0.00, 0.00, 0.00, 0.00], algo:5.0, flag :0
09-23 15:15:48.688  2112  2165 D vendor.oplus.hardware.charger-V10-service: parallel fold conf file parse fail parallel_fold_state 2
09-23 15:15:48.688  2112  2165 D vendor.oplus.hardware.charger-V10-service: scale_chg Start!!!
09-23 15:15:48.689  2112  2165 D vendor.oplus.hardware.charger-V10-service: [0, 0, 3]
09-23 15:15:48.689  2112  2165 D vendor.oplus.hardware.charger-V10-service: [0, 2, 10]
09-23 15:15:48.689  2112  2165 D vendor.oplus.hardware.charger-V10-service: [0, 1, 3]
09-23 15:15:48.689  2112  2165 D vendor.oplus.hardware.charger-V10-service: [0, 3, 4]
09-23 15:15:48.689  2112  2165 D vendor.oplus.hardware.charger-V10-service: [0, 4, 4]
09-23 15:15:48.689  2112  2165 D vendor.oplus.hardware.charger-V10-service: [0, 5, 3]
09-23 15:15:48.689  2112  2165 D vendor.oplus.hardware.charger-V10-service: [0, 6, 10]
09-23 15:15:48.689  2112  2165 D vendor.oplus.hardware.charger-V10-service: scale_chg Start!!!
09-23 15:15:48.689  2112  2165 D vendor.oplus.hardware.charger-V10-service: [0, 0, 3]
09-23 15:15:48.689  2112  2165 D vendor.oplus.hardware.charger-V10-service: [0, 2, 10]
09-23 15:15:48.690  2112  2165 D vendor.oplus.hardware.charger-V10-service: [0, 1, 3]
09-23 15:15:48.690  2112  2165 D vendor.oplus.hardware.charger-V10-service: [0, 3, 4]
09-23 15:15:48.690  2112  2165 D vendor.oplus.hardware.charger-V10-service: [0, 4, 4]
09-23 15:15:48.690  2112  2165 D vendor.oplus.hardware.charger-V10-service: [0, 5, 3]
09-23 15:15:48.690  2112  2165 D vendor.oplus.hardware.charger-V10-service: [0, 6, 10]
09-23 15:15:48.721  5887 19097 W OPLUS_LOG_LOAD: ==LOGS PROG INFO, prog(com.android.launcher) ==
09-23 15:15:48.721  5887 19097 I UTrace.Sdk.HLogConfigHelper: [PantaCardSdk|com.android.launcher] delayQueryConfig() sendEmptyMessageDelayed what = MSG_SCHED_NEXT_QUERY,delayMillis = HOUR [OplusLauncher|com.android.launcher|2.0.42-6d1531a]
09-23 15:15:48.723  5887 19096 I UTrace.Sdk.HLogConfigHelper: getHLogConfigInfo data=null [OplusLauncher|com.android.launcher|2.0.42-6d1531a]
09-23 15:15:48.728  5887 19096 I UTrace.Sdk.HLogConfigHelper: [PantaCardSdk|com.android.launcher] queryLogConfigBySetting() fail:Attempt to invoke virtual method 'int java.lang.String.length()' on a null object reference [OplusLauncher|com.android.launcher|2.0.42-6d1531a]
09-23 15:15:48.734  5887  3819 I UTrace.Lib.UserUnlock: isUnlocked() result=true pkg=com.android.launcher currentTime=520217855 [OplusLauncher|com.android.launcher|2.0.42-6d1531a]
09-23 15:15:48.738  5887 19096 I UTrace.Sdk.HLogConfigHelper: [PantaCardSdk|com.android.launcher] doQueryHLogConfig() can't query log config [OplusLauncher|com.android.launcher|2.0.42-6d1531a]
09-23 15:15:48.743  5887  3819 I UTrace.Sdk.SdkConfig: queryIfExpired() unchanged configData=SdkConfigData(isEnabled=false, overflow=FlowCtrl(window=1000, maxFlow=9223372036854775807), overflowPt=[], logsDebuggable=false, traceCacheMetrics=TraceCacheMetrics(maxPendingRecordsL1=1000, maxPendingRecordsL2=50, delayAddTraceList=500, spanNameCacheSize=600, dbCacheWindow=3600000, dbSendWindow=3600000, dbExpireWindow=21600000, dbDelaySend=300000), traceLogCtrl=TraceLogCtrl(intentUseInfo=false, codeUseInfo=true), hLogCtrl=null, bindWindow=3600000, expireTime=1790244948738) unlocked=true expireTime=(Thu Sep 24 03:15:48 PDT 2026) [OplusLauncher|com.android.launcher|2.0.42-6d1531a]
09-23 15:15:48.880  2032 28029 I sensors-hal: handle_oplus_wise_rgb_event:191, wise_rgb: (r, g, b, c)[635.00, 680.00, 410.00, 1600.00],(r2,g2,b2,c2)[[0.00, 0.00, 0.00, 0.00], algo:5.0, flag :0
09-23 15:15:49.046  2112  2180 D vendor.oplus.hardware.charger-V10-service: ret_value:166, read content:,283,283,4485,4483,0,100,100,1,9,1048704,56,5228,100,0,4530,500,2000,0,0,3500,0,0,1,0,2,1,0,0,4,7763,100,7158,6190,6190,0,0,0,0,0,101,100.00,100,100.00,94.54,100.00,
09-23 15:15:49.046  2112  2180 D vendor.oplus.hardware.charger-V10-service: gmtime: 2026-09-23-15-15-49
09-23 15:15:49.046  2112  2180 D vendor.oplus.hardware.charger-V10-service: usb_online:1, ac_online:-2147483648, wireless_online:0
09-23 15:15:49.199  2032 28029 I sensors-hal: handle_oplus_wise_rgb_event:191, wise_rgb: (r, g, b, c)[636.00, 680.00, 412.00, 1604.00],(r2,g2,b2,c2)[[0.00, 0.00, 0.00, 0.00], algo:5.0, flag :0
09-23 15:15:49.199  2032 28029 I sensors-hal: handle_oplus_wise_rgb_event:217, high_pwm_light:lux 81.6,cct 1430393.8,brl/algo/ir 0.0/5.0/0.0,pwm/dc 0.0/0.0,rgbc 636.000000/680.000000/412.000000/1604.000000,ts 520218293440649,cnt 49150,flag 0
09-23 15:15:49.199  3833  4659 D FusionLightNextGen: process end reported = 1, mode: 0, cnt: 7385, lux 58.2, cct -1.0, r/g/b/c: 636.0/680.0/412.0/1604.0, R/G/B: -1.0/-1.0/-1.0, bri 0.0, match 0.00, ir 0.660806, conf 0.0, ts 520218293440649
09-23 15:15:49.306  2112  2183 D BatteryChargeControl: bcc get no support from charging protocol
09-23 15:15:49.525  2032 28029 I sensors-hal: handle_oplus_wise_rgb_event:191, wise_rgb: (r, g, b, c)[637.00, 681.00, 412.00, 1605.00],(r2,g2,b2,c2)[[0.00, 0.00, 0.00, 0.00], algo:5.0, flag :0
09-23 15:15:49.844  2032 28029 I sensors-hal: handle_oplus_wise_rgb_event:191, wise_rgb: (r, g, b, c)[637.00, 681.00, 411.00, 1607.00],(r2,g2,b2,c2)[[0.00, 0.00, 0.00, 0.00], algo:5.0, flag :0
09-23 15:15:50.166  2032 28029 I sensors-hal: handle_oplus_wise_rgb_event:191, wise_rgb: (r, g, b, c)[637.00, 683.00, 410.00, 1610.00],(r2,g2,b2,c2)[[0.00, 0.00, 0.00, 0.00], algo:5.0, flag :0
09-23 15:15:50.312  2112  2183 D BatteryChargeControl: bcc get no support from charging protocol
09-23 15:15:50.492  2032 28029 I sensors-hal: handle_oplus_wise_rgb_event:191, wise_rgb: (r, g, b, c)[638.00, 682.00, 412.00, 1610.00],(r2,g2,b2,c2)[[0.00, 0.00, 0.00, 0.00], algo:5.0, flag :0
09-23 15:15:50.811  2032 28029 I sensors-hal: handle_oplus_wise_rgb_event:191, wise_rgb: (r, g, b, c)[639.00, 683.00, 414.00, 1609.00],(r2,g2,b2,c2)[[0.00, 0.00, 0.00, 0.00], algo:5.0, flag :0
09-23 15:15:50.812  3833  4659 D FusionLightNextGen: process end reported = 1, mode: 0, cnt: 7390, lux 58.4, cct -1.0, r/g/b/c: 639.0/683.0/414.0/1609.0, R/G/B: -1.0/-1.0/-1.0, bri 0.0, match 0.00, ir 0.660288, conf 0.0, ts 520219904980886
09-23 15:15:51.133  2032 28029 I sensors-hal: handle_oplus_wise_rgb_event:191, wise_rgb: (r, g, b, c)[640.00, 683.00, 413.00, 1613.00],(r2,g2,b2,c2)[[0.00, 0.00, 0.00, 0.00], algo:5.0, flag :0
09-23 15:15:51.314  2112  2183 D BatteryChargeControl: bcc get no support from charging protocol
09-23 15:15:51.459  2032 28029 I sensors-hal: handle_oplus_wise_rgb_event:191, wise_rgb: (r, g, b, c)[639.00, 684.00, 414.00, 1612.00],(r2,g2,b2,c2)[[0.00, 0.00, 0.00, 0.00], algo:5.0, flag :0
09-23 15:15:51.690 23395 23421 I APS_ALOG: flushRoutine g_immediateFlush=0 g_pendingCount=0 g_oobCount=0 asan-debug7
09-23 15:15:51.781  2032 28029 I sensors-hal: handle_oplus_wise_rgb_event:191, wise_rgb: (r, g, b, c)[640.00, 683.00, 413.00, 1611.00],(r2,g2,b2,c2)[[0.00, 0.00, 0.00, 0.00], algo:5.0, flag :0
09-23 15:15:52.103  2032 28029 I sensors-hal: handle_oplus_wise_rgb_event:191, wise_rgb: (r, g, b, c)[638.00, 682.00, 413.00, 1611.00],(r2,g2,b2,c2)[[0.00, 0.00, 0.00, 0.00], algo:5.0, flag :0
09-23 15:15:52.316  2112  2183 D BatteryChargeControl: bcc get no support from charging protocol
09-23 15:15:52.425  2032 28029 I sensors-hal: handle_oplus_wise_rgb_event:191, wise_rgb: (r, g, b, c)[641.00, 683.00, 414.00, 1611.00],(r2,g2,b2,c2)[[0.00, 0.00, 0.00, 0.00], algo:5.0, flag :0
09-23 15:15:52.426  2032 28029 I sensors-hal: handle_oplus_wise_rgb_event:217, high_pwm_light:lux 82.0,cct 1351320.8,brl/algo/ir 0.0/5.0/0.0,pwm/dc 0.0/0.0,rgbc 641.000000/683.000000/414.000000/1611.000000,ts 520221516303491,cnt 49160,flag 0
09-23 15:15:52.426  3833  4659 D FusionLightNextGen: process end reported = 1, mode: 0, cnt: 7395, lux 58.6, cct -1.0, r/g/b/c: 641.0/683.0/414.0/1611.0, R/G/B: -1.0/-1.0/-1.0, bri 0.0, match 0.00, ir 0.660166, conf 0.0, ts 520221516303491
09-23 15:15:52.745  2032 28029 I sensors-hal: handle_oplus_wise_rgb_event:191, wise_rgb: (r, g, b, c)[641.00, 684.00, 414.00, 1615.00],(r2,g2,b2,c2)[[0.00, 0.00, 0.00, 0.00], algo:5.0, flag :0
09-23 15:15:52.873  2072 29069 V Codec2-DumpInput: [processLoop:L764][c2.qti.hevc.decoder_136]QueueRead[0] empty, waiting buffer.
09-23 15:15:53.067  2032 28029 I sensors-hal: handle_oplus_wise_rgb_event:191, wise_rgb: (r, g, b, c)[641.00, 685.00, 414.00, 1616.00],(r2,g2,b2,c2)[[0.00, 0.00, 0.00, 0.00], algo:5.0, flag :0
09-23 15:15:53.317  2112  2183 D BatteryChargeControl: bcc get no support from charging protocol
09-23 15:15:53.392  2032 28029 I sensors-hal: handle_oplus_wise_rgb_event:191, wise_rgb: (r, g, b, c)[640.00, 686.00, 413.00, 1618.00],(r2,g2,b2,c2)[[0.00, 0.00, 0.00, 0.00], algo:5.0, flag :0
09-23 15:15:53.691  2112  2165 D vendor.oplus.hardware.charger-V10-service: parallel fold conf file parse fail parallel_fold_state 2
09-23 15:15:53.691  2112  2165 D vendor.oplus.hardware.charger-V10-service: scale_chg Start!!!
09-23 15:15:53.691  2112  2165 D vendor.oplus.hardware.charger-V10-service: [0, 0, 3]
09-23 15:15:53.691  2112  2165 D vendor.oplus.hardware.charger-V10-service: [0, 2, 10]
09-23 15:15:53.691  2112  2165 D vendor.oplus.hardware.charger-V10-service: [0, 1, 3]
09-23 15:15:53.692  2112  2165 D vendor.oplus.hardware.charger-V10-service: [0, 3, 4]
09-23 15:15:53.692  2112  2165 D vendor.oplus.hardware.charger-V10-service: [0, 4, 4]
09-23 15:15:53.692  2112  2165 D vendor.oplus.hardware.charger-V10-service: [0, 5, 3]
09-23 15:15:53.692  2112  2165 D vendor.oplus.hardware.charger-V10-service: [0, 6, 10]
09-23 15:15:53.692  2112  2165 D vendor.oplus.hardware.charger-V10-service: scale_chg Start!!!
09-23 15:15:53.692  2112  2165 D vendor.oplus.hardware.charger-V10-service: [0, 0, 3]
09-23 15:15:53.692  2112  2165 D vendor.oplus.hardware.charger-V10-service: [0, 2, 10]
09-23 15:15:53.692  2112  2165 D vendor.oplus.hardware.charger-V10-service: [0, 1, 3]
09-23 15:15:53.692  2112  2165 D vendor.oplus.hardware.charger-V10-service: [0, 3, 4]
09-23 15:15:53.692  2112  2165 D vendor.oplus.hardware.charger-V10-service: [0, 4, 4]
09-23 15:15:53.692  2112  2165 D vendor.oplus.hardware.charger-V10-service: [0, 5, 3]
09-23 15:15:53.692  2112  2165 D vendor.oplus.hardware.charger-V10-service: [0, 6, 10]
09-23 15:15:53.713  2032 28029 I sensors-hal: handle_oplus_wise_rgb_event:191, wise_rgb: (r, g, b, c)[642.00, 686.00, 415.00, 1619.00],(r2,g2,b2,c2)[[0.00, 0.00, 0.00, 0.00], algo:5.0, flag :0
09-23 15:15:54.037  2032 28029 I sensors-hal: handle_oplus_wise_rgb_event:191, wise_rgb: (r, g, b, c)[643.00, 687.00, 415.00, 1621.00],(r2,g2,b2,c2)[[0.00, 0.00, 0.00, 0.00], algo:5.0, flag :0
09-23 15:15:54.038  3833  4659 W OPLUS_LOG_LOAD: ==LOGS PROG INFO, prog(system_server) ==
09-23 15:15:54.038  3833  4659 D FusionLightNextGen: process end reported = 1, mode: 0, cnt: 7400, lux 58.7, cct -1.0, r/g/b/c: 643.0/687.0/415.0/1621.0, R/G/B: -1.0/-1.0/-1.0, bri 0.0, match 0.00, ir 0.660973, conf 0.0, ts 520223127862032
09-23 15:15:54.047  2112  2180 D vendor.oplus.hardware.charger-V10-service: ret_value:166, read content:,283,283,4485,4483,0,100,100,1,9,1048704,31,5228,100,0,4530,500,2000,0,0,3500,0,0,1,0,2,1,0,0,4,7763,100,7158,6190,6190,0,0,0,0,0,101,100.00,100,100.00,94.54,100.00,
09-23 15:15:54.047  2112  2180 D vendor.oplus.hardware.charger-V10-service: gmtime: 2026-09-23-15-15-54
09-23 15:15:54.048  2112  2180 D vendor.oplus.hardware.charger-V10-service: usb_online:1, ac_online:-2147483648, wireless_online:0
09-23 15:15:54.319  2112  2183 D BatteryChargeControl: bcc get no support from charging protocol
09-23 15:15:54.356  2032 28029 I sensors-hal: handle_oplus_wise_rgb_event:191, wise_rgb: (r, g, b, c)[644.00, 689.00, 416.00, 1625.00],(r2,g2,b2,c2)[[0.00, 0.00, 0.00, 0.00], algo:5.0, flag :0
09-23 15:15:54.682  2032 28029 I sensors-hal: handle_oplus_wise_rgb_event:191, wise_rgb: (r, g, b, c)[646.00, 690.00, 417.00, 1626.00],(r2,g2,b2,c2)[[0.00, 0.00, 0.00, 0.00], algo:5.0, flag :0
09-23 15:15:55.002  2032 28029 I sensors-hal: handle_oplus_wise_rgb_event:191, wise_rgb: (r, g, b, c)[648.00, 693.00, 417.00, 1629.00],(r2,g2,b2,c2)[[0.00, 0.00, 0.00, 0.00], algo:5.0, flag :0
09-23 15:15:55.319  2112  2183 D BatteryChargeControl: bcc get no support from charging protocol
09-23 15:15:55.324  2032 28029 I sensors-hal: handle_oplus_wise_rgb_event:191, wise_rgb: (r, g, b, c)[647.00, 692.00, 419.00, 1632.00],(r2,g2,b2,c2)[[0.00, 0.00, 0.00, 0.00], algo:5.0, flag :0
09-23 15:15:55.649  2032 28029 I sensors-hal: handle_oplus_wise_rgb_event:191, wise_rgb: (r, g, b, c)[648.00, 694.00, 419.00, 1633.00],(r2,g2,b2,c2)[[0.00, 0.00, 0.00, 0.00], algo:5.0, flag :0
09-23 15:15:55.650  2032 28029 I sensors-hal: handle_oplus_wise_rgb_event:217, high_pwm_light:lux 83.3,cct 1324964.9,brl/algo/ir 0.0/5.0/0.0,pwm/dc 0.0/0.0,rgbc 648.000000/694.000000/419.000000/1633.000000,ts 520224740207709,cnt 49170,flag 0
09-23 15:15:55.650  3833  4659 D FusionLightNextGen: process end reported = 1, mode: 0, cnt: 7405, lux 59.2, cct -1.0, r/g/b/c: 648.0/694.0/419.0/1633.0, R/G/B: -1.0/-1.0/-1.0, bri 0.0, match 0.00, ir 0.660485, conf 0.0, ts 520224740207709
09-23 15:15:55.972  2032 28029 I sensors-hal: handle_oplus_wise_rgb_event:191, wise_rgb: (r, g, b, c)[650.00, 693.00, 419.00, 1634.00],(r2,g2,b2,c2)[[0.00, 0.00, 0.00, 0.00], algo:5.0, flag :0
09-23 15:15:56.293  2032 28029 I sensors-hal: handle_oplus_wise_rgb_event:191, wise_rgb: (r, g, b, c)[650.00, 695.00, 419.00, 1637.00],(r2,g2,b2,c2)[[0.00, 0.00, 0.00, 0.00], algo:5.0, flag :0
09-23 15:15:56.321  2112  2183 D BatteryChargeControl: bcc get no support from charging protocol
09-23 15:15:56.613  2032 28029 I sensors-hal: handle_oplus_wise_rgb_event:191, wise_rgb: (r, g, b, c)[650.00, 696.00, 421.00, 1639.00],(r2,g2,b2,c2)[[0.00, 0.00, 0.00, 0.00], algo:5.0, flag :0
09-23 15:15:56.693 23395 23421 W OPLUS_LOG_LOAD: ==LOGS PROG INFO, prog(com.oplus.camera) ==
09-23 15:15:56.693 23395 23421 I APS_ALOG: flushRoutine g_immediateFlush=0 g_pendingCount=0 g_oobCount=0 asan-debug7
09-23 15:15:56.938  2032 28029 I sensors-hal: handle_oplus_wise_rgb_event:191, wise_rgb: (r, g, b, c)[651.00, 697.00, 421.00, 1641.00],(r2,g2,b2,c2)[[0.00, 0.00, 0.00, 0.00], algo:5.0, flag :0
09-23 15:15:57.261  2032 28029 I sensors-hal: handle_oplus_wise_rgb_event:191, wise_rgb: (r, g, b, c)[651.00, 697.00, 420.00, 1641.00],(r2,g2,b2,c2)[[0.00, 0.00, 0.00, 0.00], algo:5.0, flag :0
09-23 15:15:57.261  3833  4659 D FusionLightNextGen: process end reported = 1, mode: 0, cnt: 7410, lux 59.6, cct -1.0, r/g/b/c: 651.0/697.0/420.0/1641.0, R/G/B: -1.0/-1.0/-1.0, bri 0.0, match 0.00, ir 0.660747, conf 0.0, ts 520226351616980
09-23 15:15:57.323  2112  2183 D BatteryChargeControl: bcc get no support from charging protocol
09-23 15:15:57.424  7337 11175 D gaia-GaiaConnectChecker: start connect check++
09-23 15:15:57.580  2032 28029 I sensors-hal: handle_oplus_wise_rgb_event:191, wise_rgb: (r, g, b, c)[652.00, 698.00, 421.00, 1642.00],(r2,g2,b2,c2)[[0.00, 0.00, 0.00, 0.00], algo:5.0, flag :0
09-23 15:15:57.774  7337  8673 D gaia-GaiaConnectChecker: start connect check++
09-23 15:15:57.874  2072 29069 V Codec2-DumpInput: [processLoop:L764][c2.qti.hevc.decoder_136]QueueRead[0] empty, waiting buffer.
09-23 15:15:57.905  2032 28029 I sensors-hal: handle_oplus_wise_rgb_event:191, wise_rgb: (r, g, b, c)[653.00, 698.00, 421.00, 1646.00],(r2,g2,b2,c2)[[0.00, 0.00, 0.00, 0.00], algo:5.0, flag :0
09-23 15:15:58.228  2032 28029 I sensors-hal: handle_oplus_wise_rgb_event:191, wise_rgb: (r, g, b, c)[653.00, 698.00, 420.00, 1646.00],(r2,g2,b2,c2)[[0.00, 0.00, 0.00, 0.00], algo:5.0, flag :0
09-23 15:15:58.325  2112  2183 D BatteryChargeControl: bcc get no support from charging protocol
09-23 15:15:58.550  2032 28029 I sensors-hal: handle_oplus_wise_rgb_event:191, wise_rgb: (r, g, b, c)[654.00, 699.00, 422.00, 1647.00],(r2,g2,b2,c2)[[0.00, 0.00, 0.00, 0.00], algo:5.0, flag :0
09-23 15:15:58.693  2112  2165 D vendor.oplus.hardware.charger-V10-service: parallel fold conf file parse fail parallel_fold_state 2
09-23 15:15:58.693  2112  2165 D vendor.oplus.hardware.charger-V10-service: scale_chg Start!!!
09-23 15:15:58.694  2112  2165 D vendor.oplus.hardware.charger-V10-service: [0, 0, 3]
09-23 15:15:58.694  2112  2165 D vendor.oplus.hardware.charger-V10-service: [0, 2, 10]
09-23 15:15:58.694  2112  2165 D vendor.oplus.hardware.charger-V10-service: [0, 1, 3]
09-23 15:15:58.694  2112  2165 D vendor.oplus.hardware.charger-V10-service: [0, 3, 4]
09-23 15:15:58.694  2112  2165 D vendor.oplus.hardware.charger-V10-service: [0, 4, 4]
09-23 15:15:58.694  2112  2165 D vendor.oplus.hardware.charger-V10-service: [0, 5, 3]
09-23 15:15:58.694  2112  2165 D vendor.oplus.hardware.charger-V10-service: [0, 6, 10]
09-23 15:15:58.694  2112  2165 D vendor.oplus.hardware.charger-V10-service: scale_chg Start!!!
09-23 15:15:58.694  2112  2165 D vendor.oplus.hardware.charger-V10-service: [0, 0, 3]
09-23 15:15:58.695  2112  2165 D vendor.oplus.hardware.charger-V10-service: [0, 2, 10]
09-23 15:15:58.695  2112  2165 D vendor.oplus.hardware.charger-V10-service: [0, 1, 3]
09-23 15:15:58.695  2112  2165 D vendor.oplus.hardware.charger-V10-service: [0, 3, 4]
09-23 15:15:58.695  2112  2165 D vendor.oplus.hardware.charger-V10-service: [0, 4, 4]
09-23 15:15:58.695  2112  2165 D vendor.oplus.hardware.charger-V10-service: [0, 5, 3]
09-23 15:15:58.695  2112  2165 D vendor.oplus.hardware.charger-V10-service: [0, 6, 10]
09-23 15:15:58.872  2032 28029 I sensors-hal: handle_oplus_wise_rgb_event:191, wise_rgb: (r, g, b, c)[653.00, 698.00, 421.00, 1647.00],(r2,g2,b2,c2)[[0.00, 0.00, 0.00, 0.00], algo:5.0, flag :0
09-23 15:15:58.872  2032 28029 I sensors-hal: handle_oplus_wise_rgb_event:217, high_pwm_light:lux 83.8,cct 1384687.8,brl/algo/ir 0.0/5.0/0.0,pwm/dc 0.0/0.0,rgbc 653.000000/698.000000/421.000000/1647.000000,ts 520227962873855,cnt 49180,flag 0
09-23 15:15:58.873  3833  4659 D FusionLightNextGen: process end reported = 1, mode: 0, cnt: 7415, lux 59.8, cct -1.0, r/g/b/c: 653.0/698.0/421.0/1647.0, R/G/B: -1.0/-1.0/-1.0, bri 0.0, match 0.00, ir 0.661156, conf 0.0, ts 520227962873855
09-23 15:15:59.049  2112  2180 D vendor.oplus.hardware.charger-V10-service: ret_value:167, read content:,284,284,4485,4484,-5,100,100,1,9,1048704,37,5219,100,0,4530,500,2000,0,0,3500,0,0,1,0,2,1,0,0,4,7763,100,7158,6190,6190,0,0,0,0,0,101,100.00,100,100.00,94.54,100.00,
09-23 15:15:59.049  2112  2180 D vendor.oplus.hardware.charger-V10-service: gmtime: 2026-09-23-15-15-59
09-23 15:15:59.049  2112  2180 D vendor.oplus.hardware.charger-V10-service: usb_online:1, ac_online:-2147483648, wireless_online:0
09-23 15:15:59.071  2965  2965 I cnss-daemon: nl80211 response handler invoked
09-23 15:15:59.071  2965  2965 I cnss-daemon: nl80211_response_handler: cmd 103, vendorID 4980, subcmd 182  received
09-23 15:15:59.072  6983 23727 D LOWI-9.0.1.125: [LOWI-Scan] wait_event:Wait done with Cmd 103
09-23 15:15:59.072  6983 23727 D LOWI-9.0.1.125: [LOWI-Scan] do_listen_events: Rcvd valid Netlink Cmd 0 Err 0
09-23 15:15:59.098  2035 23726 I WifiHAL : event received NL80211_CMD_VENDOR, vendor_id = 0x1374, subcmd = 0xb6
09-23 15:15:59.106  1868 12725 E TetherController: property_get sys.radio.data.modem_share_flag return 0, 1!
09-23 15:15:59.195  2032 28029 I sensors-hal: handle_oplus_wise_rgb_event:191, wise_rgb: (r, g, b, c)[655.00, 698.00, 423.00, 1649.00],(r2,g2,b2,c2)[[0.00, 0.00, 0.00, 0.00], algo:5.0, flag :0
09-23 15:15:59.327  2112  2183 D BatteryChargeControl: bcc get no support from charging protocol
09-23 15:15:59.518  2032 28029 I sensors-hal: handle_oplus_wise_rgb_event:191, wise_rgb: (r, g, b, c)[654.00, 700.00, 421.00, 1651.00],(r2,g2,b2,c2)[[0.00, 0.00, 0.00, 0.00], algo:5.0, flag :0
09-23 15:15:59.837  2032 28029 I sensors-hal: handle_oplus_wise_rgb_event:191, wise_rgb: (r, g, b, c)[656.00, 700.00, 423.00, 1652.00],(r2,g2,b2,c2)[[0.00, 0.00, 0.00, 0.00], algo:5.0, flag :0
09-23 15:16:00.035  5344  5344 W OPLUS_LOG_LOAD: ==LOGS PROG INFO, prog(com.android.systemui) ==
09-23 15:16:00.035  5344  5344 I SystemUi--SystemUi--: Clock-->smallTime: 3:16
09-23 15:16:00.039  5344  5344 I SystemUi--SystemUi--: Clock-->smallTime: 3:16
09-23 15:16:00.039  5344  5344 I SystemUi--SystemUi--: Clock-->smallTime: 3:16
09-23 15:16:00.039  5344  5344 I SystemUi--SystemUi--: Clock-->smallTime: 3:16
09-23 15:16:00.059  5344  5344 I SystemUi--Notification: SimpleQsClock-->textWidth:88.0, mPaddingEnd 21, dynamicWidth 126, systemFontScale 1.0
09-23 15:16:00.159  2032 28029 I sensors-hal: handle_oplus_wise_rgb_event:191, wise_rgb: (r, g, b, c)[656.00, 702.00, 422.00, 1654.00],(r2,g2,b2,c2)[[0.00, 0.00, 0.00, 0.00], algo:5.0, flag :0
09-23 15:16:00.192  6883  7013 E horae   : 0: back:28416,back_1:28735,frame:28616,frame_1:27968,frame_2:27402,front:27917,front_1:28985, 1, +(1931), 0 ,28300,31697,32028,28045,31182,31806,28300,31369,31663,28063,30911,31450,28400,31126,31372,28080,30718,31168,28400,30916,31142,28080,30552,30938, target_temp:28985, algo:0
09-23 15:16:00.328  2112  2183 D BatteryChargeControl: bcc get no support from charging protocol
09-23 15:16:00.482  2032 28029 I sensors-hal: handle_oplus_wise_rgb_event:191, wise_rgb: (r, g, b, c)[657.00, 703.00, 424.00, 1656.00],(r2,g2,b2,c2)[[0.00, 0.00, 0.00, 0.00], algo:5.0, flag :0
09-23 15:16:00.483  3833  4659 D FusionLightNextGen: process end reported = 1, mode: 0, cnt: 7420, lux 60.0, cct -1.0, r/g/b/c: 657.0/703.0/424.0/1656.0, R/G/B: -1.0/-1.0/-1.0, bri 0.0, match 0.00, ir 0.660765, conf 0.0, ts 520229575399116
09-23 15:16:00.804  2032 28029 I sensors-hal: handle_oplus_wise_rgb_event:191, wise_rgb: (r, g, b, c)[658.00, 703.00, 423.00, 1657.00],(r2,g2,b2,c2)[[0.00, 0.00, 0.00, 0.00], algo:5.0, flag :0
09-23 15:16:01.129  2032 28029 I sensors-hal: handle_oplus_wise_rgb_event:191, wise_rgb: (r, g, b, c)[658.00, 703.00, 424.00, 1660.00],(r2,g2,b2,c2)[[0.00, 0.00, 0.00, 0.00], algo:5.0, flag :0
09-23 15:16:01.329  2112  2183 D BatteryChargeControl: bcc get no support from charging protocol
09-23 15:16:01.353  3833  4868 D OplusWifiPowerWakeupStats: IPV6_TCP_Packet wake up count 10
09-23 15:16:01.357  6983 23727 D LOWI-9.0.1.125: [LOWI-Scan] wait_event:Wait done with Cmd 103
09-23 15:16:01.357  6983 23727 D LOWI-9.0.1.125: [LOWI-Scan] do_listen_events: Rcvd valid Netlink Cmd 0 Err 0
09-23 15:16:01.358  2035 23726 I WifiHAL : event received NL80211_CMD_VENDOR, vendor_id = 0x1374, subcmd = 0xb6
09-23 15:16:01.358  2965  2965 I cnss-daemon: nl80211 response handler invoked
09-23 15:16:01.358  2965  2965 I cnss-daemon: nl80211_response_handler: cmd 103, vendorID 4980, subcmd 182  received
09-23 15:16:01.358  3833  4868 D OplusWifiPower_WakeupIp: com.alibaba.mnnllm.android(2404:2280:01b9:0000:0003:0000:0000:000d) wakeup host
09-23 15:16:01.449  2032 28029 I sensors-hal: handle_oplus_wise_rgb_event:191, wise_rgb: (r, g, b, c)[659.00, 704.00, 425.00, 1662.00],(r2,g2,b2,c2)[[0.00, 0.00, 0.00, 0.00], algo:5.0, flag :0
09-23 15:16:01.696 23395 23421 I APS_ALOG: flushRoutine g_immediateFlush=0 g_pendingCount=0 g_oobCount=0 asan-debug7
09-23 15:16:01.774  2032 28029 I sensors-hal: handle_oplus_wise_rgb_event:191, wise_rgb: (r, g, b, c)[659.00, 705.00, 427.00, 1664.00],(r2,g2,b2,c2)[[0.00, 0.00, 0.00, 0.00], algo:5.0, flag :0
09-23 15:16:02.093  2032 28029 I sensors-hal: handle_oplus_wise_rgb_event:191, wise_rgb: (r, g, b, c)[661.00, 705.00, 426.00, 1666.00],(r2,g2,b2,c2)[[0.00, 0.00, 0.00, 0.00], algo:5.0, flag :0
09-23 15:16:02.094  2032 28029 I sensors-hal: handle_oplus_wise_rgb_event:217, high_pwm_light:lux 84.6,cct 1417995.8,brl/algo/ir 0.0/5.0/0.0,pwm/dc 0.0/0.0,rgbc 661.000000/705.000000/426.000000/1666.000000,ts 520231186949220,cnt 49190,flag 0
09-23 15:16:02.094  3833  4659 D FusionLightNextGen: process end reported = 1, mode: 0, cnt: 7425, lux 60.3, cct -1.0, r/g/b/c: 661.0/705.0/426.0/1666.0, R/G/B: -1.0/-1.0/-1.0, bri 0.0, match 0.00, ir 0.661166, conf 0.0, ts 520231186949220
09-23 15:16:02.331  2112  2183 D BatteryChargeControl: bcc get no support from charging protocol
09-23 15:16:02.418  2032 28029 I sensors-hal: handle_oplus_wise_rgb_event:191, wise_rgb: (r, g, b, c)[660.00, 706.00, 427.00, 1669.00],(r2,g2,b2,c2)[[0.00, 0.00, 0.00, 0.00], algo:5.0, flag :0
09-23 15:16:02.741  2032 28029 I sensors-hal: handle_oplus_wise_rgb_event:191, wise_rgb: (r, g, b, c)[662.00, 708.00, 428.00, 1671.00],(r2,g2,b2,c2)[[0.00, 0.00, 0.00, 0.00], algo:5.0, flag :0
09-23 15:16:02.878  2072 29069 V Codec2-DumpInput: [processLoop:L764][c2.qti.hevc.decoder_136]QueueRead[0] empty, waiting buffer.
09-23 15:16:03.063  2032 28029 I sensors-hal: handle_oplus_wise_rgb_event:191, wise_rgb: (r, g, b, c)[662.00, 709.00, 427.00, 1672.00],(r2,g2,b2,c2)[[0.00, 0.00, 0.00, 0.00], algo:5.0, flag :0
09-23 15:16:03.333  2112  2183 D BatteryChargeControl: bcc get no support from charging protocol
09-23 15:16:03.383  2032 28029 I sensors-hal: handle_oplus_wise_rgb_event:191, wise_rgb: (r, g, b, c)[662.00, 709.00, 428.00, 1674.00],(r2,g2,b2,c2)[[0.00, 0.00, 0.00, 0.00], algo:5.0, flag :0
09-23 15:16:03.696  2112  2165 D vendor.oplus.hardware.charger-V10-service: parallel fold conf file parse fail parallel_fold_state 2
09-23 15:16:03.697  2112  2165 D vendor.oplus.hardware.charger-V10-service: scale_chg Start!!!
09-23 15:16:03.697  2112  2165 D vendor.oplus.hardware.charger-V10-service: [0, 0, 3]
09-23 15:16:03.697  2112  2165 D vendor.oplus.hardware.charger-V10-service: [0, 2, 10]
09-23 15:16:03.697  2112  2165 D vendor.oplus.hardware.charger-V10-service: [0, 1, 3]
09-23 15:16:03.697  2112  2165 D vendor.oplus.hardware.charger-V10-service: [0, 3, 4]
09-23 15:16:03.697  2112  2165 D vendor.oplus.hardware.charger-V10-service: [0, 4, 4]
09-23 15:16:03.697  2112  2165 D vendor.oplus.hardware.charger-V10-service: [0, 5, 3]
09-23 15:16:03.697  2112  2165 D vendor.oplus.hardware.charger-V10-service: [0, 6, 10]
09-23 15:16:03.697  2112  2165 D vendor.oplus.hardware.charger-V10-service: scale_chg Start!!!
09-23 15:16:03.698  2112  2165 D vendor.oplus.hardware.charger-V10-service: [0, 0, 3]
09-23 15:16:03.698  2112  2165 D vendor.oplus.hardware.charger-V10-service: [0, 2, 10]
09-23 15:16:03.698  2112  2165 D vendor.oplus.hardware.charger-V10-service: [0, 1, 3]
09-23 15:16:03.698  2112  2165 D vendor.oplus.hardware.charger-V10-service: [0, 3, 4]
09-23 15:16:03.698  2112  2165 D vendor.oplus.hardware.charger-V10-service: [0, 4, 4]
09-23 15:16:03.698  2112  2165 D vendor.oplus.hardware.charger-V10-service: [0, 5, 3]
09-23 15:16:03.698  2112  2165 D vendor.oplus.hardware.charger-V10-service: [0, 6, 10]
09-23 15:16:03.704  2032 28029 I sensors-hal: handle_oplus_wise_rgb_event:191, wise_rgb: (r, g, b, c)[665.00, 711.00, 429.00, 1677.00],(r2,g2,b2,c2)[[0.00, 0.00, 0.00, 0.00], algo:5.0, flag :0
09-23 15:16:03.705  3833  4659 D FusionLightNextGen: process end reported = 1, mode: 0, cnt: 7430, lux 60.7, cct -1.0, r/g/b/c: 665.0/711.0/429.0/1677.0, R/G/B: -1.0/-1.0/-1.0, bri 0.0, match 0.00, ir 0.661039, conf 0.0, ts 520232798469949
09-23 15:16:04.027  2032 28029 I sensors-hal: handle_oplus_wise_rgb_event:191, wise_rgb: (r, g, b, c)[666.00, 711.00, 429.00, 1679.00],(r2,g2,b2,c2)[[0.00, 0.00, 0.00, 0.00], algo:5.0, flag :0
09-23 15:16:04.053  2112  2180 D vendor.oplus.hardware.charger-V10-service: ret_value:166, read content:,284,284,4485,4483,0,100,100,1,9,1048704,34,5231,100,0,4530,500,2000,0,0,3500,0,0,1,0,2,1,0,0,4,7763,100,7158,6190,6190,0,0,0,0,0,101,100.00,100,100.00,94.54,100.00,
09-23 15:16:04.054  2112  2180 D vendor.oplus.hardware.charger-V10-service: gmtime: 2026-09-23-15-16-04
09-23 15:16:04.054  2112  2180 D vendor.oplus.hardware.charger-V10-service: usb_online:1, ac_online:-2147483648, wireless_online:0
09-23 15:16:04.334  2112  2183 D BatteryChargeControl: bcc get no support from charging protocol
09-23 15:16:04.350  2032 28029 I sensors-hal: handle_oplus_wise_rgb_event:191, wise_rgb: (r, g, b, c)[666.00, 710.00, 428.00, 1677.00],(r2,g2,b2,c2)[[0.00, 0.00, 0.00, 0.00], algo:5.0, flag :0
09-23 15:16:04.677  2032 28029 I sensors-hal: handle_oplus_wise_rgb_event:191, wise_rgb: (r, g, b, c)[668.00, 713.00, 430.00, 1680.00],(r2,g2,b2,c2)[[0.00, 0.00, 0.00, 0.00], algo:5.0, flag :0
09-23 15:16:04.948  5286 27219 W AlarmManager: Unrecognized alarm listener com.android.networkstack.android.net.ip.IpClientLinkObserver$Dhcp6PdPreferredPrefixAlarmListener@95d03b2
09-23 15:16:04.948  3833  4868 W OPLUS_LOG_LOAD: ==LOGS PROG INFO, prog(system_server) ==
09-23 15:16:04.948  3833  4868 D OplusWifiPowerWakeupStats: ICMPV6_RA wake up count 66
09-23 15:16:04.948  5286 27219 D ApfFilter: (wlan0): Adding RA fe80::fad0:eff:fe51:b767 -> ff02::1 180s 2601:600:8281:1c80::/64 7200s/7200s DNS 180s 2001:558:feed::1 2001:558:feed::2 RIO 180s ::/0 
09-23 15:16:04.949  2035 23726 I WifiHAL : event received NL80211_CMD_VENDOR, vendor_id = 0x1374, subcmd = 0xb6
09-23 15:16:04.950  2965  2965 I cnss-daemon: nl80211 response handler invoked
09-23 15:16:04.950  2965  2965 I cnss-daemon: nl80211_response_handler: cmd 103, vendorID 4980, subcmd 182  received
09-23 15:16:04.951  6983 23727 D LOWI-9.0.1.125: [LOWI-Scan] wait_event:Wait done with Cmd 103
09-23 15:16:04.951  6983 23727 D LOWI-9.0.1.125: [LOWI-Scan] do_listen_events: Rcvd valid Netlink Cmd 0 Err 0
09-23 15:16:04.994  2032 28029 I sensors-hal: handle_oplus_wise_rgb_event:191, wise_rgb: (r, g, b, c)[667.00, 713.00, 430.00, 1684.00],(r2,g2,b2,c2)[[0.00, 0.00, 0.00, 0.00], algo:5.0, flag :0
09-23 15:16:05.073  5286  5303 I rkstack.process: Background concurrent mark compact GC freed 10012KB AllocSpace bytes, 121(2420KB) LOS objects, 80% free, 2968KB/14MB, paused 1.275ms,4.607ms total 119.575ms
09-23 15:16:05.317  2032 28029 I sensors-hal: handle_oplus_wise_rgb_event:191, wise_rgb: (r, g, b, c)[669.00, 714.00, 431.00, 1687.00],(r2,g2,b2,c2)[[0.00, 0.00, 0.00, 0.00], algo:5.0, flag :0
09-23 15:16:05.317  2032 28029 I sensors-hal: handle_oplus_wise_rgb_event:217, high_pwm_light:lux 85.7,cct 1414865.9,brl/algo/ir 0.0/5.0/0.0,pwm/dc 0.0/0.0,rgbc 669.000000/714.000000/431.000000/1687.000000,ts 520234410436459,cnt 49200,flag 0
09-23 15:16:05.318  3833  4659 D FusionLightNextGen: process end reported = 1, mode: 0, cnt: 7435, lux 60.9, cct -1.0, r/g/b/c: 669.0/714.0/431.0/1687.0, R/G/B: -1.0/-1.0/-1.0, bri 0.0, match 0.00, ir 0.661289, conf 0.0, ts 520234410436459
09-23 15:16:05.335  2112  2183 D BatteryChargeControl: bcc get no support from charging protocol
09-23 15:16:05.642  2032 28029 I sensors-hal: handle_oplus_wise_rgb_event:191, wise_rgb: (r, g, b, c)[669.00, 714.00, 431.00, 1685.00],(r2,g2,b2,c2)[[0.00, 0.00, 0.00, 0.00], algo:5.0, flag :0
09-23 15:16:05.964  2032 28029 I sensors-hal: handle_oplus_wise_rgb_event:191, wise_rgb: (r, g, b, c)[671.00, 714.00, 431.00, 1690.00],(r2,g2,b2,c2)[[0.00, 0.00, 0.00, 0.00], algo:5.0, flag :0
09-23 15:16:06.286  2032 28029 I sensors-hal: handle_oplus_wise_rgb_event:191, wise_rgb: (r, g, b, c)[670.00, 717.00, 432.00, 1691.00],(r2,g2,b2,c2)[[0.00, 0.00, 0.00, 0.00], algo:5.0, flag :0
09-23 15:16:06.336  2112  2183 D BatteryChargeControl: bcc get no support from charging protocol
09-23 15:16:06.602  1334 24528 I android.system.suspend-service: First holding wakelock name = qms_event_Handler_wakeLock_
09-23 15:16:06.605  1334 24528 I android.system.suspend-service: Last release wakelock name = qms_event_Handler_wakeLock_
09-23 15:16:06.605  1334 24528 I android.system.suspend-service: mAutosuspendEnabled=1
09-23 15:16:06.605  2032 28029 I sensors-hal: handle_oplus_wise_rgb_event:191, wise_rgb: (r, g, b, c)[672.00, 716.00, 433.00, 1692.00],(r2,g2,b2,c2)[[0.00, 0.00, 0.00, 0.00], algo:5.0, flag :0
09-23 15:16:06.626  6983 23727 D LOWI-9.0.1.125: [LOWI-Scan] wait_event:Wait done with Cmd 103
09-23 15:16:06.626  6983 23727 D LOWI-9.0.1.125: [LOWI-Scan] do_listen_events: Rcvd valid Netlink Cmd 0 Err 0
09-23 15:16:06.627  2965  2965 I cnss-daemon: nl80211 response handler invoked
09-23 15:16:06.627  2035 23726 I WifiHAL : event received NL80211_CMD_VENDOR, vendor_id = 0x1374, subcmd = 0xb6
09-23 15:16:06.627  2965  2965 I cnss-daemon: nl80211_response_handler: cmd 103, vendorID 4980, subcmd 182  received
09-23 15:16:06.650  1334 21489 I android.system.suspend-service: First holding wakelock name = qms_event_Handler_wakeLock_
09-23 15:16:06.652  1334 21489 I android.system.suspend-service: Last release wakelock name = qms_event_Handler_wakeLock_
09-23 15:16:06.652  1334 21489 I android.system.suspend-service: mAutosuspendEnabled=1
09-23 15:16:06.697 23395 23421 W OPLUS_LOG_LOAD: ==LOGS PROG INFO, prog(com.oplus.camera) ==
09-23 15:16:06.697 23395 23421 I APS_ALOG: flushRoutine g_immediateFlush=0 g_pendingCount=0 g_oobCount=0 asan-debug7
09-23 15:16:06.929  2032 28029 I sensors-hal: handle_oplus_wise_rgb_event:191, wise_rgb: (r, g, b, c)[674.00, 719.00, 434.00, 1695.00],(r2,g2,b2,c2)[[0.00, 0.00, 0.00, 0.00], algo:5.0, flag :0
09-23 15:16:06.930  3833  4659 D FusionLightNextGen: process end reported = 1, mode: 0, cnt: 7440, lux 61.2, cct -1.0, r/g/b/c: 674.0/719.0/434.0/1695.0, R/G/B: -1.0/-1.0/-1.0, bri 0.0, match 0.00, ir 0.660448, conf 0.0, ts 520236021908855
09-23 15:16:07.254  2032 28029 I sensors-hal: handle_oplus_wise_rgb_event:191, wise_rgb: (r, g, b, c)[675.00, 718.00, 433.00, 1700.00],(r2,g2,b2,c2)[[0.00, 0.00, 0.00, 0.00], algo:5.0, flag :0
09-23 15:16:07.337  2112  2183 D BatteryChargeControl: bcc get no support from charging protocol
09-23 15:16:07.425  7337 11175 D gaia-GaiaConnectChecker: start connect check++
09-23 15:16:07.576  2032 28029 I sensors-hal: handle_oplus_wise_rgb_event:191, wise_rgb: (r, g, b, c)[675.00, 721.00, 435.00, 1700.00],(r2,g2,b2,c2)[[0.00, 0.00, 0.00, 0.00], algo:5.0, flag :0
09-23 15:16:07.777  7337  8673 D gaia-GaiaConnectChecker: start connect check++
09-23 15:16:07.879  2072 29069 V Codec2-DumpInput: [processLoop:L764][c2.qti.hevc.decoder_136]QueueRead[0] empty, waiting buffer.
09-23 15:16:07.898  2032 28029 I sensors-hal: handle_oplus_wise_rgb_event:191, wise_rgb: (r, g, b, c)[676.00, 721.00, 435.00, 1703.00],(r2,g2,b2,c2)[[0.00, 0.00, 0.00, 0.00], algo:5.0, flag :0
09-23 15:16:08.221  2032 28029 I sensors-hal: handle_oplus_wise_rgb_event:191, wise_rgb: (r, g, b, c)[678.00, 721.00, 435.00, 1703.00],(r2,g2,b2,c2)[[0.00, 0.00, 0.00, 0.00], algo:5.0, flag :0
09-23 15:16:08.338  2112  2183 D BatteryChargeControl: bcc get no support from charging protocol
09-23 15:16:08.543  2032 28029 I sensors-hal: handle_oplus_wise_rgb_event:191, wise_rgb: (r, g, b, c)[677.00, 723.00, 435.00, 1706.00],(r2,g2,b2,c2)[[0.00, 0.00, 0.00, 0.00], algo:5.0, flag :0
09-23 15:16:08.543  2032 28029 I sensors-hal: handle_oplus_wise_rgb_event:217, high_pwm_light:lux 86.8,cct 1335733.6,brl/algo/ir 0.0/5.0/0.0,pwm/dc 0.0/0.0,rgbc 677.000000/723.000000/435.000000/1706.000000,ts 520237633446043,cnt 49210,flag 0
09-23 15:16:08.544  3833  4659 D FusionLightNextGen: process end reported = 1, mode: 0, cnt: 7445, lux 61.8, cct -1.0, r/g/b/c: 677.0/723.0/435.0/1706.0, R/G/B: -1.0/-1.0/-1.0, bri 0.0, match 0.00, ir 0.661155, conf 0.0, ts 520237633446043
09-23 15:16:08.701  2112  2165 D vendor.oplus.hardware.charger-V10-service: parallel fold conf file parse fail parallel_fold_state 2
09-23 15:16:08.702  2112  2165 D vendor.oplus.hardware.charger-V10-service: scale_chg Start!!!
09-23 15:16:08.702  2112  2165 D vendor.oplus.hardware.charger-V10-service: [0, 0, 3]
09-23 15:16:08.702  2112  2165 D vendor.oplus.hardware.charger-V10-service: [0, 2, 10]
09-23 15:16:08.702  2112  2165 D vendor.oplus.hardware.charger-V10-service: [0, 1, 3]
09-23 15:16:08.702  2112  2165 D vendor.oplus.hardware.charger-V10-service: [0, 3, 4]
09-23 15:16:08.703  2112  2165 D vendor.oplus.hardware.charger-V10-service: [0, 4, 4]
09-23 15:16:08.703  2112  2165 D vendor.oplus.hardware.charger-V10-service: [0, 5, 3]
09-23 15:16:08.703  2112  2165 D vendor.oplus.hardware.charger-V10-service: [0, 6, 10]
09-23 15:16:08.703  2112  2165 D vendor.oplus.hardware.charger-V10-service: scale_chg Start!!!
09-23 15:16:08.703  2112  2165 D vendor.oplus.hardware.charger-V10-service: [0, 0, 3]
09-23 15:16:08.703  2112  2165 D vendor.oplus.hardware.charger-V10-service: [0, 2, 10]
09-23 15:16:08.703  2112  2165 D vendor.oplus.hardware.charger-V10-service: [0, 1, 3]
09-23 15:16:08.703  2112  2165 D vendor.oplus.hardware.charger-V10-service: [0, 3, 4]
09-23 15:16:08.703  2112  2165 D vendor.oplus.hardware.charger-V10-service: [0, 4, 4]
09-23 15:16:08.703  2112  2165 D vendor.oplus.hardware.charger-V10-service: [0, 5, 3]
09-23 15:16:08.703  2112  2165 D vendor.oplus.hardware.charger-V10-service: [0, 6, 10]
09-23 15:16:08.863  2032 28029 I sensors-hal: handle_oplus_wise_rgb_event:191, wise_rgb: (r, g, b, c)[678.00, 722.00, 435.00, 1703.00],(r2,g2,b2,c2)[[0.00, 0.00, 0.00, 0.00], algo:5.0, flag :0
09-23 15:16:09.055  2112  2180 D vendor.oplus.hardware.charger-V10-service: ret_value:166, read content:,284,284,4484,4483,0,100,100,1,9,1048704,34,5231,100,0,4530,500,2000,0,0,3500,0,0,1,0,2,1,0,0,4,7763,100,7158,6190,6190,0,0,0,0,0,101,100.00,100,100.00,94.54,100.00,
09-23 15:16:09.056  2112  2180 D vendor.oplus.hardware.charger-V10-service: gmtime: 2026-09-23-15-16-09
09-23 15:16:09.056  2112  2180 D vendor.oplus.hardware.charger-V10-service: usb_online:1, ac_online:-2147483648, wireless_online:0
09-23 15:16:09.186  2032 28029 I sensors-hal: handle_oplus_wise_rgb_event:191, wise_rgb: (r, g, b, c)[680.00, 722.00, 436.00, 1701.00],(r2,g2,b2,c2)[[0.00, 0.00, 0.00, 0.00], algo:5.0, flag :0
09-23 15:16:09.339  2112  2183 D BatteryChargeControl: bcc get no support from charging protocol
09-23 15:16:09.508  2032 28029 I sensors-hal: handle_oplus_wise_rgb_event:191, wise_rgb: (r, g, b, c)[683.00, 724.00, 436.00, 1709.00],(r2,g2,b2,c2)[[0.00, 0.00, 0.00, 0.00], algo:5.0, flag :0
09-23 15:16:09.667  3833  5295 W Settings: Setting notification_bubbles has moved from android.provider.Settings.Global to android.provider.Settings.Secure, returning read-only value.
09-23 15:16:09.668  3833  5295 W Settings: Setting apply_ramping_ringer has moved from android.provider.Settings.Global to android.provider.Settings.System, returning read-only value.
09-23 15:16:09.671  3833  5295 W SettingsStatsUtil: Can not parse value to float: +network
09-23 15:16:09.830  2032 28029 I sensors-hal: handle_oplus_wise_rgb_event:191, wise_rgb: (r, g, b, c)[685.00, 729.00, 439.00, 1716.00],(r2,g2,b2,c2)[[0.00, 0.00, 0.00, 0.00], algo:5.0, flag :0
09-23 15:16:10.027  2035 23726 I WifiHAL : event received NL80211_CMD_VENDOR, vendor_id = 0x1374, subcmd = 0xb6
09-23 15:16:10.027  2965  2965 I cnss-daemon: nl80211 response handler invoked
09-23 15:16:10.028  2965  2965 I cnss-daemon: nl80211_response_handler: cmd 103, vendorID 4980, subcmd 182  received
09-23 15:16:10.028  6983 23727 D LOWI-9.0.1.125: [LOWI-Scan] wait_event:Wait done with Cmd 103
09-23 15:16:10.028  6983 23727 D LOWI-9.0.1.125: [LOWI-Scan] do_listen_events: Rcvd valid Netlink Cmd 0 Err 0
09-23 15:16:10.157  2032 28029 I sensors-hal: handle_oplus_wise_rgb_event:191, wise_rgb: (r, g, b, c)[685.00, 728.00, 440.00, 1718.00],(r2,g2,b2,c2)[[0.00, 0.00, 0.00, 0.00], algo:5.0, flag :0
09-23 15:16:10.157  3833  4659 D FusionLightNextGen: process end reported = 1, mode: 0, cnt: 7450, lux 62.1, cct -1.0, r/g/b/c: 685.0/728.0/440.0/1718.0, R/G/B: -1.0/-1.0/-1.0, bri 0.0, match 0.00, ir 0.660067, conf 0.0, ts 520239246190209
09-23 15:16:10.341  2112  2183 D BatteryChargeControl: bcc get no support from charging protocol
09-23 15:16:10.474  2032 28029 I sensors-hal: handle_oplus_wise_rgb_event:191, wise_rgb: (r, g, b, c)[685.00, 731.00, 441.00, 1725.00],(r2,g2,b2,c2)[[0.00, 0.00, 0.00, 0.00], algo:5.0, flag :0
09-23 15:16:10.797  2032 28029 I sensors-hal: handle_oplus_wise_rgb_event:191, wise_rgb: (r, g, b, c)[687.00, 733.00, 441.00, 1726.00],(r2,g2,b2,c2)[[0.00, 0.00, 0.00, 0.00], algo:5.0, flag :0
09-23 15:16:11.055  5531  6019 D DnsDomainBlock: onDnsEvent: latencyMs=48, returnCode=0, uid=10133
09-23 15:16:11.119  2032 28029 I sensors-hal: handle_oplus_wise_rgb_event:191, wise_rgb: (r, g, b, c)[687.00, 733.00, 442.00, 1728.00],(r2,g2,b2,c2)[[0.00, 0.00, 0.00, 0.00], algo:5.0, flag :0
09-23 15:16:11.343  2112  2183 D BatteryChargeControl: bcc get no support from charging protocol
09-23 15:16:11.441  2032 28029 I sensors-hal: handle_oplus_wise_rgb_event:191, wise_rgb: (r, g, b, c)[690.00, 734.00, 442.00, 1732.00],(r2,g2,b2,c2)[[0.00, 0.00, 0.00, 0.00], algo:5.0, flag :0
09-23 15:16:11.698 23395 23421 I APS_ALOG: flushRoutine g_immediateFlush=0 g_pendingCount=0 g_oobCount=0 asan-debug7
09-23 15:16:11.764  2032 28029 I sensors-hal: handle_oplus_wise_rgb_event:191, wise_rgb: (r, g, b, c)[690.00, 735.00, 443.00, 1734.00],(r2,g2,b2,c2)[[0.00, 0.00, 0.00, 0.00], algo:5.0, flag :0
09-23 15:16:11.764  2032 28029 I sensors-hal: handle_oplus_wise_rgb_event:217, high_pwm_light:lux 88.2,cct 1290715.5,brl/algo/ir 0.0/5.0/0.0,pwm/dc 0.0/0.0,rgbc 690.000000/735.000000/443.000000/1734.000000,ts 520240857741772,cnt 49220,flag 0
09-23 15:16:11.764  3833  4659 D FusionLightNextGen: process end reported = 1, mode: 0, cnt: 7455, lux 62.9, cct -1.0, r/g/b/c: 690.0/735.0/443.0/1734.0, R/G/B: -1.0/-1.0/-1.0, bri 0.0, match 0.00, ir 0.660538, conf 0.0, ts 520240857741772
09-23 15:16:12.089  2032 28029 I sensors-hal: handle_oplus_wise_rgb_event:191, wise_rgb: (r, g, b, c)[691.00, 735.00, 443.00, 1737.00],(r2,g2,b2,c2)[[0.00, 0.00, 0.00, 0.00], algo:5.0, flag :0
09-23 15:16:12.344  2112  2183 D BatteryChargeControl: bcc get no support from charging protocol
09-23 15:16:12.409  2032 28029 I sensors-hal: handle_oplus_wise_rgb_event:191, wise_rgb: (r, g, b, c)[695.00, 738.00, 444.00, 1740.00],(r2,g2,b2,c2)[[0.00, 0.00, 0.00, 0.00], algo:5.0, flag :0
09-23 15:16:12.734  2032 28029 I sensors-hal: handle_oplus_wise_rgb_event:191, wise_rgb: (r, g, b, c)[693.00, 740.00, 445.00, 1741.00],(r2,g2,b2,c2)[[0.00, 0.00, 0.00, 0.00], algo:5.0, flag :0
09-23 15:16:12.880  2072 29069 V Codec2-DumpInput: [processLoop:L764][c2.qti.hevc.decoder_136]QueueRead[0] empty, waiting buffer.
09-23 15:16:13.057  2032 28029 I sensors-hal: handle_oplus_wise_rgb_event:191, wise_rgb: (r, g, b, c)[694.00, 740.00, 446.00, 1749.00],(r2,g2,b2,c2)[[0.00, 0.00, 0.00, 0.00], algo:5.0, flag :0
09-23 15:16:13.345  2112  2183 D BatteryChargeControl: bcc get no support from charging protocol
09-23 15:16:13.378  2032 28029 I sensors-hal: handle_oplus_wise_rgb_event:191, wise_rgb: (r, g, b, c)[694.00, 740.00, 446.00, 1750.00],(r2,g2,b2,c2)[[0.00, 0.00, 0.00, 0.00], algo:5.0, flag :0
09-23 15:16:13.378  3833  4659 D FusionLightNextGen: process end reported = 1, mode: 0, cnt: 7460, lux 63.4, cct -1.0, r/g/b/c: 694.0/740.0/446.0/1750.0, R/G/B: -1.0/-1.0/-1.0, bri 0.0, match 0.00, ir 0.661529, conf 0.0, ts 520242469585053
09-23 15:16:13.700  2032 28029 I sensors-hal: handle_oplus_wise_rgb_event:191, wise_rgb: (r, g, b, c)[697.00, 742.00, 447.00, 1754.00],(r2,g2,b2,c2)[[0.00, 0.00, 0.00, 0.00], algo:5.0, flag :0
09-23 15:16:13.703  2112  2165 D vendor.oplus.hardware.charger-V10-service: parallel fold conf file parse fail parallel_fold_state 2
09-23 15:16:13.704  2112  2165 D vendor.oplus.hardware.charger-V10-service: scale_chg Start!!!
09-23 15:16:13.704  2112  2165 D vendor.oplus.hardware.charger-V10-service: [0, 0, 3]
09-23 15:16:13.705  2112  2165 D vendor.oplus.hardware.charger-V10-service: [0, 2, 10]
09-23 15:16:13.705  2112  2165 D vendor.oplus.hardware.charger-V10-service: [0, 1, 3]
09-23 15:16:13.705  2112  2165 D vendor.oplus.hardware.charger-V10-service: [0, 3, 4]
09-23 15:16:13.705  2112  2165 D vendor.oplus.hardware.charger-V10-service: [0, 4, 4]
09-23 15:16:13.705  2112  2165 D vendor.oplus.hardware.charger-V10-service: [0, 5, 3]
09-23 15:16:13.705  2112  2165 D vendor.oplus.hardware.charger-V10-service: [0, 6, 10]
09-23 15:16:13.705  2112  2165 D vendor.oplus.hardware.charger-V10-service: scale_chg Start!!!
09-23 15:16:13.706  2112  2165 D vendor.oplus.hardware.charger-V10-service: [0, 0, 3]
09-23 15:16:13.706  2112  2165 D vendor.oplus.hardware.charger-V10-service: [0, 2, 10]
09-23 15:16:13.706  2112  2165 D vendor.oplus.hardware.charger-V10-service: [0, 1, 3]
09-23 15:16:13.706  2112  2165 D vendor.oplus.hardware.charger-V10-service: [0, 3, 4]
09-23 15:16:13.706  2112  2165 D vendor.oplus.hardware.charger-V10-service: [0, 4, 4]
09-23 15:16:13.706  2112  2165 D vendor.oplus.hardware.charger-V10-service: [0, 5, 3]
09-23 15:16:13.706  2112  2165 D vendor.oplus.hardware.charger-V10-service: [0, 6, 10]
09-23 15:16:14.025  2032 28029 I sensors-hal: handle_oplus_wise_rgb_event:191, wise_rgb: (r, g, b, c)[697.00, 743.00, 448.00, 1755.00],(r2,g2,b2,c2)[[0.00, 0.00, 0.00, 0.00], algo:5.0, flag :0
09-23 15:16:14.059  2112  2180 D vendor.oplus.hardware.charger-V10-service: ret_value:168, read content:,284,284,4485,4483,-6,100,100,1,9,1048704,159,5207,100,0,4530,500,2000,0,0,3500,0,0,1,0,2,1,0,0,4,7763,100,7158,6190,6190,0,0,0,0,0,101,100.00,100,100.00,94.54,100.00,
09-23 15:16:14.061  2112  2180 D vendor.oplus.hardware.charger-V10-service: gmtime: 2026-09-23-15-16-14
09-23 15:16:14.061  2112  2180 D vendor.oplus.hardware.charger-V10-service: usb_online:1, ac_online:-2147483648, wireless_online:0
09-23 15:16:14.224  7431  3824 I PTC.DISC.AndroidMultiLanServer: Watcher sysNif=[wlan0], userNif=[wlan0 state=(LISTEN JOIN(2CEDBD|21701)), , null], clientNif=[wlan0 state=(LISTEN), , ], tcpServer state=LISTEN, ipv4=**0.239
09-23 15:16:14.345  2032 28029 I sensors-hal: handle_oplus_wise_rgb_event:191, wise_rgb: (r, g, b, c)[696.00, 741.00, 447.00, 1748.00],(r2,g2,b2,c2)[[0.00, 0.00, 0.00, 0.00], algo:5.0, flag :0
09-23 15:16:14.347  2112  2183 D BatteryChargeControl: bcc get no support from charging protocol
09-23 15:16:14.670  2032 28029 I sensors-hal: handle_oplus_wise_rgb_event:191, wise_rgb: (r, g, b, c)[697.00, 743.00, 449.00, 1752.00],(r2,g2,b2,c2)[[0.00, 0.00, 0.00, 0.00], algo:5.0, flag :0
09-23 15:16:14.992  2032 28029 I sensors-hal: handle_oplus_wise_rgb_event:191, wise_rgb: (r, g, b, c)[700.00, 745.00, 449.00, 1759.00],(r2,g2,b2,c2)[[0.00, 0.00, 0.00, 0.00], algo:5.0, flag :0
09-23 15:16:14.992  2032 28029 I sensors-hal: handle_oplus_wise_rgb_event:217, high_pwm_light:lux 89.4,cct 1302284.1,brl/algo/ir 0.0/5.0/0.0,pwm/dc 0.0/0.0,rgbc 700.000000/745.000000/449.000000/1759.000000,ts 520244082792449,cnt 49230,flag 0
09-23 15:16:14.993  3833  4659 W OPLUS_LOG_LOAD: ==LOGS PROG INFO, prog(system_server) ==
09-23 15:16:14.993  3833  4659 D FusionLightNextGen: process end reported = 1, mode: 0, cnt: 7465, lux 63.6, cct -1.0, r/g/b/c: 700.0/745.0/449.0/1759.0, R/G/B: -1.0/-1.0/-1.0, bri 0.0, match 0.00, ir 0.660661, conf 0.0, ts 520244082792449
09-23 15:16:15.191  7776  9897 D ShellSubscriberWorkerThread: the first 8 bytes empty, and RestData length > 8 
09-23 15:16:15.311  2032 28029 I sensors-hal: handle_oplus_wise_rgb_event:191, wise_rgb: (r, g, b, c)[702.00, 748.00, 451.00, 1762.00],(r2,g2,b2,c2)[[0.00, 0.00, 0.00, 0.00], algo:5.0, flag :0
09-23 15:16:15.348  2112  2183 D BatteryChargeControl: bcc get no support from charging protocol
09-23 15:16:15.596  2642 29063 W OplusFeedbackInfo: callingPid(5073) 0xb400007132237f00 c2.qti.hevc.decoder codec[0xb4000071322f0000] 1272x2776 inputFps=0 outputFps=0 renderFps=0, discardFps=0
09-23 15:16:15.631  1334  1349 E android.system.suspend-service: Error opening wakeup38/name for wakeup38: Permission denied
09-23 15:16:15.632  1334  1349 E android.system.suspend-service: Error opening wakeup38/active_count for wakeup38: Permission denied
09-23 15:16:15.632  1334  1349 E android.system.suspend-service: Error opening wakeup38/total_time_ms for wakeup38: Permission denied
09-23 15:16:15.633  2032 28029 I sensors-hal: handle_oplus_wise_rgb_event:191, wise_rgb: (r, g, b, c)[703.00, 748.00, 451.00, 1767.00],(r2,g2,b2,c2)[[0.00, 0.00, 0.00, 0.00], algo:5.0, flag :0
09-23 15:16:15.634  1334  1349 E android.system.suspend-service: Error opening wakeup44/name for wakeup44: Permission denied
09-23 15:16:15.635  1334  1349 E android.system.suspend-service: Error opening wakeup44/active_count for wakeup44: Permission denied
09-23 15:16:15.635  1334  1349 E android.system.suspend-service: Error opening wakeup44/total_time_ms for wakeup44: Permission denied
09-23 15:16:15.636  1334  1349 E android.system.suspend-service: Error opening wakeup9/name for wakeup9: Permission denied
09-23 15:16:15.636  1334  1349 E android.system.suspend-service: Error opening wakeup9/active_count for wakeup9: Permission denied
09-23 15:16:15.637  1334  1349 E android.system.suspend-service: Error opening wakeup9/total_time_ms for wakeup9: Permission denied
09-23 15:16:15.637  1334  1349 E android.system.suspend-service: Error opening wakeup14/name for wakeup14: Permission denied
09-23 15:16:15.637  1334  1349 E android.system.suspend-service: Error opening wakeup14/active_count for wakeup14: Permission denied
09-23 15:16:15.638  1334  1349 E android.system.suspend-service: Error opening wakeup14/total_time_ms for wakeup14: Permission denied
09-23 15:16:15.638  1334  1349 E android.system.suspend-service: Error opening wakeup42/name for wakeup42: Permission denied
09-23 15:16:15.639  1334  1349 E android.system.suspend-service: Error opening wakeup42/active_count for wakeup42: Permission denied
09-23 15:16:15.639  1334  1349 E android.system.suspend-service: Error opening wakeup42/total_time_ms for wakeup42: Permission denied
09-23 15:16:15.641  1334  1349 E android.system.suspend-service: Error opening wakeup39/name for wakeup39: Permission denied
09-23 15:16:15.641  1334  1349 E android.system.suspend-service: Error opening wakeup39/active_count for wakeup39: Permission denied
09-23 15:16:15.642  1334  1349 E android.system.suspend-service: Error opening wakeup39/total_time_ms for wakeup39: Permission denied
09-23 15:16:15.642  1334  1349 E android.system.suspend-service: Error opening wakeup3/name for wakeup3: Permission denied
09-23 15:16:15.643  1334  1349 E android.system.suspend-service: Error opening wakeup3/active_count for wakeup3: Permission denied
09-23 15:16:15.643  1334  1349 E android.system.suspend-service: Error opening wakeup3/total_time_ms for wakeup3: Permission denied
09-23 15:16:15.644  1334  1349 E android.system.suspend-service: Error opening wakeup27/name for wakeup27: Permission denied
09-23 15:16:15.644  1334  1349 E android.system.suspend-service: Error opening wakeup27/active_count for wakeup27: Permission denied
09-23 15:16:15.645  1334  1349 E android.system.suspend-service: Error opening wakeup27/total_time_ms for wakeup27: Permission denied
09-23 15:16:15.645  1334  1349 E android.system.suspend-service: Error opening wakeup55/name for wakeup55: Permission denied
09-23 15:16:15.646  1334  1349 E android.system.suspend-service: Error opening wakeup55/active_count for wakeup55: Permission denied
09-23 15:16:15.646  1334  1349 E android.system.suspend-service: Error opening wakeup55/total_time_ms for wakeup55: Permission denied
09-23 15:16:15.648  1334  1349 I android.system.suspend-service: System run for more than ten minutes but no wakelock was hold.
09-23 15:16:15.692  2028  2028 D healthd : system healthd: battery l=100 v=4485 t=28.4 h=2 st=5 c=-5 fc=7300000 cc=0 chg=u
09-23 15:16:15.700  2112  2112 D ChargerInfo: getInfo: type: 0x1, update: 1
09-23 15:16:15.700  2112  2162 D ChargerInfo: chargerInfoUpdateThread: update start
09-23 15:16:15.716  2112  2162 D ChargerInfo: wlsAdapterPower: path(/sys/class/oplus_chg/wireless/max_w_power): not exist
09-23 15:16:15.716  2112  2162 D ChargerInfo: unknown: path(/sys/class/oplus_chg/ac/online) and backupPath(/sys/class/power_supply/ac/online) not exist
09-23 15:16:15.716  2112  2162 D ChargerInfo: unknown: path(/sys/class/oplus_chg/ac/online) and backupPath(/sys/class/power_supply/ac/online) not exist
09-23 15:16:15.716  2112  2162 D ChargerInfo: get_ui_charge_icon_type: 0 0 0 0
09-23 15:16:15.716  2112  2162 D ChargerInfo: unknown: path(/sys/class/oplus_chg/ac/online) and backupPath(/sys/class/power_supply/ac/online) not exist
09-23 15:16:15.717  2112  2162 D ChargerInfo: unknown: path(/sys/class/oplus_chg/ac/online) and backupPath(/sys/class/power_supply/ac/online) not exist
09-23 15:16:15.717  2112  2162 E ChargerInfo: SingleHyperPath not found
09-23 15:16:15.718  2112  2162 D ChargerInfo: chargerInfoUpdateThread: update end
09-23 15:16:15.719  2112  2162 D ChargerInfo: chargerInfoUpdateThread: update wait
09-23 15:16:15.719  2112  2112 D ChargerInfo: wlsAdapterPower: path(/sys/class/oplus_chg/wireless/max_w_power): not exist
09-23 15:16:15.719  2112  2112 D ChargerInfo: getInfo: {"Update":{"batteryFcc":6740,"batteryRm":6190,"bddLeakCurr":0,"bmsStatus":0,"bypassChgStatus":2,"chargeTimeRemaining":0,"cpaPower":10,"enableTx":"disable","fastCharge":0,"isSupportSpeedCharge":0,"notifyCode":1048704,"otgOnline":1,"ppsChargePower":0,"ppsCharging":0,"shortCHwStatus":0,"shortIcOtpStatus":0,"uiIconType":0,"uiPower":0,"usbStatus":0,"wlsAdapterPower":0}}
09-23 15:16:15.816  1334 21489 I android.system.suspend-service: First holding wakelock name = qms_event_Handler_wakeLock_
09-23 15:16:15.821  1334 21489 I android.system.suspend-service: Last release wakelock name = qms_event_Handler_wakeLock_
09-23 15:16:15.821  1334 21489 I android.system.suspend-service: mAutosuspendEnabled=1
09-23 15:16:15.828  1334  1349 D android.system.suspend@1.0-service:  
09-23 15:16:15.828  1334  1349 D android.system.suspend@1.0-service:  
09-23 15:16:15.828  1334  1349 D android.system.suspend@1.0-service: ----- pid 1334 at 2026-09-23 15:16:15 -----
09-23 15:16:15.828  1334  1349 D android.system.suspend@1.0-service: Cmd line: /system/bin/hw/android.system.suspend-service
09-23 15:16:15.828  1334  1349 D android.system.suspend@1.0-service:  
09-23 15:16:15.828  1334  1349 D android.system.suspend@1.0-service: "android.system." sysTid=1334
09-23 15:16:15.828  1334  1349 D android.system.suspend@1.0-service:     #00 pc 0000000000079404  /system/lib64/libbinder.so (android::IPCThreadState::joinThreadPool(bool)+812) (BuildId: 793bc322c2729d70f82c13d418ec634b)
09-23 15:16:15.828  1334  1349 D android.system.suspend@1.0-service:     #01 pc 0000000000023cdc  /system/bin/hw/android.system.suspend-service (main+3356) (BuildId: 48d1eeaae6e99ab3ee0bcba3f7267d28)
09-23 15:16:15.828  1334  1349 D android.system.suspend@1.0-service:     #02 pc 0000000000083d60  /apex/com.android.runtime/lib64/bionic/libc.so (__libc_init+124) (BuildId: ea7b19bd582e7030a81f9d21fbcb1833)
09-23 15:16:15.828  1334  1349 D android.system.suspend@1.0-service:  
09-23 15:16:15.828  1334  1349 D android.system.suspend@1.0-service: "binder:1334_1" sysTid=1347
09-23 15:16:15.828  1334  1349 D android.system.suspend@1.0-service:     #00 pc 00000000000f1b4c  /apex/com.android.runtime/lib64/bionic/libc.so (__ioctl+12) (BuildId: ea7b19bd582e7030a81f9d21fbcb1833)
09-23 15:16:15.828  1334  1349 D android.system.suspend@1.0-service:     #01 pc 0000000000096724  /apex/com.android.runtime/lib64/bionic/libc.so (ioctl+156) (BuildId: ea7b19bd582e7030a81f9d21fbcb1833)
09-23 15:16:15.828  1334  1349 D android.system.suspend@1.0-service:     #02 pc 0000000000079404  /system/lib64/libbinder.so (android::IPCThreadState::joinThreadPool(bool)+812) (BuildId: 793bc322c2729d70f82c13d418ec634b)
09-23 15:16:15.828  1334  1349 D android.system.suspend@1.0-service:     #03 pc 0000000000078e38  /system/lib64/libbinder.so (android::PoolThread::threadLoop()+100) (BuildId: 793bc322c2729d70f82c13d418ec634b)
09-23 15:16:15.828  1334  1349 D android.system.suspend@1.0-service:     #04 pc 0000000000019464  /system/lib64/libutils.so (android::Thread::_threadLoop(void*)+252) (BuildId: 5906596ce9f6df705b3277e9ea0a1997)
09-23 15:16:15.828  1334  1349 D android.system.suspend@1.0-service:     #05 pc 000000000001bbd0  /system/lib64/libutils.so (libutil_thread_trampoline(void*) (.__uniq.226528677032898775202282855395389835431)+24) (BuildId: 5906596ce9f6df705b3277e9ea0a1997)
09-23 15:16:15.828  1334  1349 D android.system.suspend@1.0-service:     #06 pc 000000000009bc34  /apex/com.android.runtime/lib64/bionic/libc.so (__pthread_start(void*)+184) (BuildId: ea7b19bd582e7030a81f9d21fbcb1833)
09-23 15:16:15.828  1334  1349 D android.system.suspend@1.0-service:     #07 pc 000000000008e0f4  /apex/com.android.runtime/lib64/bionic/libc.so (__start_thread+68) (BuildId: ea7b19bd582e7030a81f9d21fbcb1833)
09-23 15:16:15.828  1334  1349 D android.system.suspend@1.0-service:  
09-23 15:16:15.828  1334  1349 D android.system.suspend@1.0-service: "binder:1334_2" sysTid=1348
09-23 15:16:15.828  1334  1349 D android.system.suspend@1.0-service:     #00 pc 00000000000f1b4c  /apex/com.android.runtime/lib64/bionic/libc.so (__ioctl+12) (BuildId: ea7b19bd582e7030a81f9d21fbcb1833)
09-23 15:16:15.828  1334  1349 D android.system.suspend@1.0-service:     #01 pc 0000000000096724  /apex/com.android.runtime/lib64/bionic/libc.so (ioctl+156) (BuildId: ea7b19bd582e7030a81f9d21fbcb1833)
09-23 15:16:15.828  1334  1349 D android.system.suspend@1.0-service:     #02 pc 0000000000079404  /system/lib64/libbinder.so (android::IPCThreadState::joinThreadPool(bool)+812) (BuildId: 793bc322c2729d70f82c13d418ec634b)
09-23 15:16:15.828  1334  1349 D android.system.suspend@1.0-service:     #03 pc 0000000000078e38  /system/lib64/libbinder.so (android::PoolThread::threadLoop()+100) (BuildId: 793bc322c2729d70f82c13d418ec634b)
09-23 15:16:15.828  1334  1349 D android.system.suspend@1.0-service:     #04 pc 0000000000019464  /system/lib64/libutils.so (android::Thread::_threadLoop(void*)+252) (BuildId: 5906596ce9f6df705b3277e9ea0a1997)
09-23 15:16:15.828  1334  1349 D android.system.suspend@1.0-service:     #05 pc 000000000001bbd0  /system/lib64/libutils.so (libutil_thread_trampoline(void*) (.__uniq.226528677032898775202282855395389835431)+24) (BuildId: 5906596ce9f6df705b3277e9ea0a1997)
09-23 15:16:15.828  1334  1349 D android.system.suspend@1.0-service:     #06 pc 000000000009bc34  /apex/com.android.runtime/lib64/bionic/libc.so (__pthread_start(void*)+184) (BuildId: ea7b19bd582e7030a81f9d21fbcb1833)
09-23 15:16:15.828  1334  1349 D android.system.suspend@1.0-service:     #07 pc 000000000008e0f4  /apex/com.android.runtime/lib64/bionic/libc.so (__start_thread+68) (BuildId: ea7b19bd582e7030a81f9d21fbcb1833)
09-23 15:16:15.828  1334  1349 D android.system.suspend@1.0-service:  
09-23 15:16:15.828  1334  1349 D android.system.suspend@1.0-service: "suspend_monitor" sysTid=1349
09-23 15:16:15.828  1334  1349 D android.system.suspend@1.0-service:     #00 pc 00000000000049c8  /system/lib64/libutilscallstack.so (android::CallStack::update(int, int)+256) (BuildId: c1839886c2c7e0e1810b2ff3d102bedd)
09-23 15:16:15.828  1334  1349 D android.system.suspend@1.0-service:     #01 pc 00000000000057dc  /system/lib64/libutilscallstack.so (android::ProcessCallStack::update()+528) (BuildId: c1839886c2c7e0e1810b2ff3d102bedd)
09-23 15:16:15.828  1334  1349 D android.system.suspend@1.0-service:     #02 pc 000000000001b9ac  /system/bin/hw/android.system.suspend-service (void* std::__1::__thread_proxy[abi:nn200000]<std::__1::tuple<std::__1::unique_ptr<std::__1::__thread_struct, std::__1::default_delete<std::__1::__thread_struct>>, android::system::suspend::V1_0::SystemSuspend::initSuspendMonitor()::$_0>>(void*)+1224) (BuildId: 48d1eeaae6e99ab3ee0bcba3f7267d28)
09-23 15:16:15.828  1334  1349 D android.system.suspend@1.0-service:     #03 pc 000000000009bc34  /apex/com.android.runtime/lib64/bionic/libc.so (__pthread_start(void*)+184) (BuildId: ea7b19bd582e7030a81f9d21fbcb1833)
09-23 15:16:15.828  1334  1349 D android.system.suspend@1.0-service:     #04 pc 000000000008e0f4  /apex/com.android.runtime/lib64/bionic/libc.so (__start_thread+68) (BuildId: ea7b19bd582e7030a81f9d21fbcb1833)
09-23 15:16:15.828  1334  1349 D android.system.suspend@1.0-service:  
09-23 15:16:15.828  1334  1349 D android.system.suspend@1.0-service: "binder:1334_3" sysTid=3327
09-23 15:16:15.828  1334  1349 D android.system.suspend@1.0-service:     #00 pc 00000000000f1b4c  /apex/com.android.runtime/lib64/bionic/libc.so (__ioctl+12) (BuildId: ea7b19bd582e7030a81f9d21fbcb1833)
09-23 15:16:15.828  1334  1349 D android.system.suspend@1.0-service:     #01 pc 0000000000096724  /apex/com.android.runtime/lib64/bionic/libc.so (ioctl+156) (BuildId: ea7b19bd582e7030a81f9d21fbcb1833)
09-23 15:16:15.828  1334  1349 D android.system.suspend@1.0-service:     #02 pc 0000000000079404  /system/lib64/libbinder.so (android::IPCThreadState::joinThreadPool(bool)+812) (BuildId: 793bc322c2729d70f82c13d418ec634b)
09-23 15:16:15.828  1334  1349 D android.system.suspend@1.0-service:     #03 pc 0000000000078e38  /system/lib64/libbinder.so (android::PoolThread::threadLoop()+100) (BuildId: 793bc322c2729d70f82c13d418ec634b)
09-23 15:16:15.828  1334  1349 D android.system.suspend@1.0-service:     #04 pc 0000000000019464  /system/lib64/libutils.so (android::Thread::_threadLoop(void*)+252) (BuildId: 5906596ce9f6df705b3277e9ea0a1997)
09-23 15:16:15.828  1334  1349 D android.system.suspend@1.0-service:     #05 pc 000000000001bbd0  /system/lib64/libutils.so (libutil_thread_trampoline(void*) (.__uniq.226528677032898775202282855395389835431)+24) (BuildId: 5906596ce9f6df705b3277e9ea0a1997)
09-23 15:16:15.828  1334  1349 D android.system.suspend@1.0-service:     #06 pc 000000000009bc34  /apex/com.android.runtime/lib64/bionic/libc.so (__pthread_start(void*)+184) (BuildId: ea7b19bd582e7030a81f9d21fbcb1833)
09-23 15:16:15.828  1334  1349 D android.system.suspend@1.0-service:     #07 pc 000000000008e0f4  /apex/com.android.runtime/lib64/bionic/libc.so (__start_thread+68) (BuildId: ea7b19bd582e7030a81f9d21fbcb1833)
09-23 15:16:15.828  1334  1349 D android.system.suspend@1.0-service:  
09-23 15:16:15.828  1334  1349 D android.system.suspend@1.0-service: "binder:1334_4" sysTid=3328
09-23 15:16:15.828  1334  1349 D android.system.suspend@1.0-service:     #00 pc 00000000000f1b4c  /apex/com.android.runtime/lib64/bionic/libc.so (__ioctl+12) (BuildId: ea7b19bd582e7030a81f9d21fbcb1833)
09-23 15:16:15.828  1334  1349 D android.system.suspend@1.0-service:     #01 pc 0000000000096724  /apex/com.android.runtime/lib64/bionic/libc.so (ioctl+156) (BuildId: ea7b19bd582e7030a81f9d21fbcb1833)
09-23 15:16:15.828  1334  1349 D android.system.suspend@1.0-service:     #02 pc 0000000000079404  /system/lib64/libbinder.so (android::IPCThreadState::joinThreadPool(bool)+812) (BuildId: 793bc322c2729d70f82c13d418ec634b)
09-23 15:16:15.828  1334  1349 D android.system.suspend@1.0-service:     #03 pc 0000000000078e38  /system/lib64/libbinder.so (android::PoolThread::threadLoop()+100) (BuildId: 793bc322c2729d70f82c13d418ec634b)
09-23 15:16:15.828  1334  1349 D android.system.suspend@1.0-service:     #04 pc 0000000000019464  /system/lib64/libutils.so (android::Thread::_threadLoop(void*)+252) (BuildId: 5906596ce9f6df705b3277e9ea0a1997)
09-23 15:16:15.829  1334  1349 D android.system.suspend@1.0-service:     #05 pc 000000000001bbd0  /system/lib64/libutils.so (libutil_thread_trampoline(void*) (.__uniq.226528677032898775202282855395389835431)+24) (BuildId: 5906596ce9f6df705b3277e9ea0a1997)
09-23 15:16:15.829  1334  1349 D android.system.suspend@1.0-service:     #06 pc 000000000009bc34  /apex/com.android.runtime/lib64/bionic/libc.so (__pthread_start(void*)+184) (BuildId: ea7b19bd582e7030a81f9d21fbcb1833)
09-23 15:16:15.829  1334  1349 D android.system.suspend@1.0-service:     #07 pc 000000000008e0f4  /apex/com.android.runtime/lib64/bionic/libc.so (__start_thread+68) (BuildId: ea7b19bd582e7030a81f9d21fbcb1833)
09-23 15:16:15.829  1334  1349 D android.system.suspend@1.0-service:  
09-23 15:16:15.829  1334  1349 D android.system.suspend@1.0-service: "binder:1334_5" sysTid=5968
09-23 15:16:15.829  1334  1349 D android.system.suspend@1.0-service:     #00 pc 00000000000f1b4c  /apex/com.android.runtime/lib64/bionic/libc.so (__ioctl+12) (BuildId: ea7b19bd582e7030a81f9d21fbcb1833)
09-23 15:16:15.829  1334  1349 D android.system.suspend@1.0-service:     #01 pc 0000000000096724  /apex/com.android.runtime/lib64/bionic/libc.so (ioctl+156) (BuildId: ea7b19bd582e7030a81f9d21fbcb1833)
09-23 15:16:15.829  1334  1349 D android.system.suspend@1.0-service:     #02 pc 0000000000079404  /system/lib64/libbinder.so (android::IPCThreadState::joinThreadPool(bool)+812) (BuildId: 793bc322c2729d70f82c13d418ec634b)
09-23 15:16:15.829  1334  1349 D android.system.suspend@1.0-service:     #03 pc 0000000000078e38  /system/lib64/libbinder.so (android::PoolThread::threadLoop()+100) (BuildId: 793bc322c2729d70f82c13d418ec634b)
09-23 15:16:15.829  1334  1349 D android.system.suspend@1.0-service:     #04 pc 0000000000019464  /system/lib64/libutils.so (android::Thread::_threadLoop(void*)+252) (BuildId: 5906596ce9f6df705b3277e9ea0a1997)
09-23 15:16:15.829  1334  1349 D android.system.suspend@1.0-service:     #05 pc 000000000001bbd0  /system/lib64/libutils.so (libutil_thread_trampoline(void*) (.__uniq.226528677032898775202282855395389835431)+24) (BuildId: 5906596ce9f6df705b3277e9ea0a1997)
09-23 15:16:15.829  1334  1349 D android.system.suspend@1.0-service:     #06 pc 000000000009bc34  /apex/com.android.runtime/lib64/bionic/libc.so (__pthread_start(void*)+184) (BuildId: ea7b19bd582e7030a81f9d21fbcb1833)
09-23 15:16:15.829  1334  1349 D android.system.suspend@1.0-service:     #07 pc 000000000008e0f4  /apex/com.android.runtime/lib64/bionic/libc.so (__start_thread+68) (BuildId: ea7b19bd582e7030a81f9d21fbcb1833)
09-23 15:16:15.829  1334  1349 D android.system.suspend@1.0-service:  
09-23 15:16:15.829  1334  1349 D android.system.suspend@1.0-service: "binder:1334_6" sysTid=5977
09-23 15:16:15.829  1334  1349 D android.system.suspend@1.0-service:     #00 pc 00000000000f1b4c  /apex/com.android.runtime/lib64/bionic/libc.so (__ioctl+12) (BuildId: ea7b19bd582e7030a81f9d21fbcb1833)
09-23 15:16:15.829  1334  1349 D android.system.suspend@1.0-service:     #01 pc 0000000000096724  /apex/com.android.runtime/lib64/bionic/libc.so (ioctl+156) (BuildId: ea7b19bd582e7030a81f9d21fbcb1833)
09-23 15:16:15.829  1334  1349 D android.system.suspend@1.0-service:     #02 pc 0000000000079404  /system/lib64/libbinder.so (android::IPCThreadState::joinThreadPool(bool)+812) (BuildId: 793bc322c2729d70f82c13d418ec634b)
09-23 15:16:15.829  1334  1349 D android.system.suspend@1.0-service:     #03 pc 0000000000078e38  /system/lib64/libbinder.so (android::PoolThread::threadLoop()+100) (BuildId: 793bc322c2729d70f82c13d418ec634b)
09-23 15:16:15.829  1334  1349 D android.system.suspend@1.0-service:     #04 pc 0000000000019464  /system/lib64/libutils.so (android::Thread::_threadLoop(void*)+252) (BuildId: 5906596ce9f6df705b3277e9ea0a1997)
09-23 15:16:15.829  1334  1349 D android.system.suspend@1.0-service:     #05 pc 000000000001bbd0  /system/lib64/libutils.so (libutil_thread_trampoline(void*) (.__uniq.226528677032898775202282855395389835431)+24) (BuildId: 5906596ce9f6df705b3277e9ea0a1997)
09-23 15:16:15.829  1334  1349 D android.system.suspend@1.0-service:     #06 pc 000000000009bc34  /apex/com.android.runtime/lib64/bionic/libc.so (__pthread_start(void*)+184) (BuildId: ea7b19bd582e7030a81f9d21fbcb1833)
09-23 15:16:15.829  1334  1349 D android.system.suspend@1.0-service:     #07 pc 000000000008e0f4  /apex/com.android.runtime/lib64/bionic/libc.so (__start_thread+68) (BuildId: ea7b19bd582e7030a81f9d21fbcb1833)
09-23 15:16:15.829  1334  1349 D android.system.suspend@1.0-service:  
09-23 15:16:15.829  1334  1349 D android.system.suspend@1.0-service: "binder:1334_7" sysTid=10992
09-23 15:16:15.829  1334  1349 D android.system.suspend@1.0-service:     #00 pc 00000000000f1b4c  /apex/com.android.runtime/lib64/bionic/libc.so (__ioctl+12) (BuildId: ea7b19bd582e7030a81f9d21fbcb1833)
09-23 15:16:15.829  1334  1349 D android.system.suspend@1.0-service:     #01 pc 0000000000096724  /apex/com.android.runtime/lib64/bionic/libc.so (ioctl+156) (BuildId: ea7b19bd582e7030a81f9d21fbcb1833)
09-23 15:16:15.829  1334  1349 D android.system.suspend@1.0-service:     #02 pc 0000000000079404  /system/lib64/libbinder.so (android::IPCThreadState::joinThreadPool(bool)+812) (BuildId: 793bc322c2729d70f82c13d418ec634b)
09-23 15:16:15.829  1334  1349 D android.system.suspend@1.0-service:     #03 pc 0000000000078e38  /system/lib64/libbinder.so (android::PoolThread::threadLoop()+100) (BuildId: 793bc322c2729d70f82c13d418ec634b)
09-23 15:16:15.829  1334  1349 D android.system.suspend@1.0-service:     #04 pc 0000000000019464  /system/lib64/libutils.so (android::Thread::_threadLoop(void*)+252) (BuildId: 5906596ce9f6df705b3277e9ea0a1997)
09-23 15:16:15.829  1334  1349 D android.system.suspend@1.0-service:     #05 pc 000000000001bbd0  /system/lib64/libutils.so (libutil_thread_trampoline(void*) (.__uniq.226528677032898775202282855395389835431)+24) (BuildId: 5906596ce9f6df705b3277e9ea0a1997)
09-23 15:16:15.829  1334  1349 D android.system.suspend@1.0-service:     #06 pc 000000000009bc34  /apex/com.android.runtime/lib64/bionic/libc.so (__pthread_start(void*)+184) (BuildId: ea7b19bd582e7030a81f9d21fbcb1833)
09-23 15:16:15.829  1334  1349 D android.system.suspend@1.0-service:     #07 pc 000000000008e0f4  /apex/com.android.runtime/lib64/bionic/libc.so (__start_thread+68) (BuildId: ea7b19bd582e7030a81f9d21fbcb1833)
09-23 15:16:15.829  1334  1349 D android.system.suspend@1.0-service:  
09-23 15:16:15.829  1334  1349 D android.system.suspend@1.0-service: "autosuspend" sysTid=21280
09-23 15:16:15.829  1334  1349 D android.system.suspend@1.0-service:     #00 pc 00000000000f150c  /apex/com.android.runtime/lib64/bionic/libc.so (read+12) (BuildId: ea7b19bd582e7030a81f9d21fbcb1833)
09-23 15:16:15.829  1334  1349 D android.system.suspend@1.0-service:     #01 pc 0000000000019314  /system/bin/hw/android.system.suspend-service (void* std::__1::__thread_proxy[abi:nn200000]<std::__1::tuple<std::__1::unique_ptr<std::__1::__thread_struct, std::__1::default_delete<std::__1::__thread_struct>>, android::system::suspend::V1_0::SystemSuspend::initAutosuspendLocked()::$_2>>(void*)+660) (BuildId: 48d1eeaae6e99ab3ee0bcba3f7267d28)
09-23 15:16:15.829  1334  1349 D android.system.suspend@1.0-service:     #02 pc 000000000009bc34  /apex/com.android.runtime/lib64/bionic/libc.so (__pthread_start(void*)+184) (BuildId: ea7b19bd582e7030a81f9d21fbcb1833)
09-23 15:16:15.829  1334  1349 D android.system.suspend@1.0-service:     #03 pc 000000000008e0f4  /apex/com.android.runtime/lib64/bionic/libc.so (__start_thread+68) (BuildId: ea7b19bd582e7030a81f9d21fbcb1833)
09-23 15:16:15.829  1334  1349 D android.system.suspend@1.0-service:  
09-23 15:16:15.829  1334  1349 D android.system.suspend@1.0-service: "binder:1334_A" sysTid=21489
09-23 15:16:15.829  1334  1349 D android.system.suspend@1.0-service:     #00 pc 00000000000f1b4c  /apex/com.android.runtime/lib64/bionic/libc.so (__ioctl+12) (BuildId: ea7b19bd582e7030a81f9d21fbcb1833)
09-23 15:16:15.829  1334  1349 D android.system.suspend@1.0-service:     #01 pc 0000000000096724  /apex/com.android.runtime/lib64/bionic/libc.so (ioctl+156) (BuildId: ea7b19bd582e7030a81f9d21fbcb1833)
09-23 15:16:15.829  1334  1349 D android.system.suspend@1.0-service:     #02 pc 0000000000079404  /system/lib64/libbinder.so (android::IPCThreadState::joinThreadPool(bool)+812) (BuildId: 793bc322c2729d70f82c13d418ec634b)
09-23 15:16:15.829  1334  1349 D android.system.suspend@1.0-service:     #03 pc 0000000000078e38  /system/lib64/libbinder.so (android::PoolThread::threadLoop()+100) (BuildId: 793bc322c2729d70f82c13d418ec634b)
09-23 15:16:15.829  1334  1349 D android.system.suspend@1.0-service:     #04 pc 0000000000019464  /system/lib64/libutils.so (android::Thread::_threadLoop(void*)+252) (BuildId: 5906596ce9f6df705b3277e9ea0a1997)
09-23 15:16:15.829  1334  1349 D android.system.suspend@1.0-service:     #05 pc 000000000001bbd0  /system/lib64/libutils.so (libutil_thread_trampoline(void*) (.__uniq.226528677032898775202282855395389835431)+24) (BuildId: 5906596ce9f6df705b3277e9ea0a1997)
09-23 15:16:15.829  1334  1349 D android.system.suspend@1.0-service:     #06 pc 000000000009bc34  /apex/com.android.runtime/lib64/bionic/libc.so (__pthread_start(void*)+184) (BuildId: ea7b19bd582e7030a81f9d21fbcb1833)
09-23 15:16:15.829  1334  1349 D android.system.suspend@1.0-service:     #07 pc 000000000008e0f4  /apex/com.android.runtime/lib64/bionic/libc.so (__start_thread+68) (BuildId: ea7b19bd582e7030a81f9d21fbcb1833)
09-23 15:16:15.829  1334  1349 D android.system.suspend@1.0-service:  
09-23 15:16:15.829  1334  1349 D android.system.suspend@1.0-service: "binder:1334_B" sysTid=24528
09-23 15:16:15.829  1334  1349 D android.system.suspend@1.0-service:     #00 pc 00000000000f1b4c  /apex/com.android.runtime/lib64/bionic/libc.so (__ioctl+12) (BuildId: ea7b19bd582e7030a81f9d21fbcb1833)
09-23 15:16:15.829  1334  1349 D android.system.suspend@1.0-service:     #01 pc 0000000000096724  /apex/com.android.runtime/lib64/bionic/libc.so (ioctl+156) (BuildId: ea7b19bd582e7030a81f9d21fbcb1833)
09-23 15:16:15.829  1334  1349 D android.system.suspend@1.0-service:     #02 pc 0000000000079404  /system/lib64/libbinder.so (android::IPCThreadState::joinThreadPool(bool)+812) (BuildId: 793bc322c2729d70f82c13d418ec634b)
09-23 15:16:15.829  1334  1349 D android.system.suspend@1.0-service:     #03 pc 0000000000078e38  /system/lib64/libbinder.so (android::PoolThread::threadLoop()+100) (BuildId: 793bc322c2729d70f82c13d418ec634b)
09-23 15:16:15.829  1334  1349 D android.system.suspend@1.0-service:     #04 pc 0000000000019464  /system/lib64/libutils.so (android::Thread::_threadLoop(void*)+252) (BuildId: 5906596ce9f6df705b3277e9ea0a1997)
09-23 15:16:15.829  1334  1349 D android.system.suspend@1.0-service:     #05 pc 000000000001bbd0  /system/lib64/libutils.so (libutil_thread_trampoline(void*) (.__uniq.226528677032898775202282855395389835431)+24) (BuildId: 5906596ce9f6df705b3277e9ea0a1997)
09-23 15:16:15.829  1334  1349 D android.system.suspend@1.0-service:     #06 pc 000000000009bc34  /apex/com.android.runtime/lib64/bionic/libc.so (__pthread_start(void*)+184) (BuildId: ea7b19bd582e7030a81f9d21fbcb1833)
09-23 15:16:15.829  1334  1349 D android.system.suspend@1.0-service:     #07 pc 000000000008e0f4  /apex/com.android.runtime/lib64/bionic/libc.so (__start_thread+68) (BuildId: ea7b19bd582e7030a81f9d21fbcb1833)
09-23 15:16:15.829  1334  1349 D android.system.suspend@1.0-service:  
09-23 15:16:15.829  1334  1349 D android.system.suspend@1.0-service: "binder:1334_9" sysTid=24738
09-23 15:16:15.829  1334  1349 D android.system.suspend@1.0-service:     #00 pc 00000000000f1b4c  /apex/com.android.runtime/lib64/bionic/libc.so (__ioctl+12) (BuildId: ea7b19bd582e7030a81f9d21fbcb1833)
09-23 15:16:15.829  1334  1349 D android.system.suspend@1.0-service:     #01 pc 0000000000096724  /apex/com.android.runtime/lib64/bionic/libc.so (ioctl+156) (BuildId: ea7b19bd582e7030a81f9d21fbcb1833)
09-23 15:16:15.829  1334  1349 D android.system.suspend@1.0-service:     #02 pc 0000000000079404  /system/lib64/libbinder.so (android::IPCThreadState::joinThreadPool(bool)+812) (BuildId: 793bc322c2729d70f82c13d418ec634b)
09-23 15:16:15.829  1334  1349 D android.system.suspend@1.0-service:     #03 pc 0000000000078e38  /system/lib64/libbinder.so (android::PoolThread::threadLoop()+100) (BuildId: 793bc322c2729d70f82c13d418ec634b)
09-23 15:16:15.829  1334  1349 D android.system.suspend@1.0-service:     #04 pc 0000000000019464  /system/lib64/libutils.so (android::Thread::_threadLoop(void*)+252) (BuildId: 5906596ce9f6df705b3277e9ea0a1997)
09-23 15:16:15.829  1334  1349 D android.system.suspend@1.0-service:     #05 pc 000000000001bbd0  /system/lib64/libutils.so (libutil_thread_trampoline(void*) (.__uniq.226528677032898775202282855395389835431)+24) (BuildId: 5906596ce9f6df705b3277e9ea0a1997)
09-23 15:16:15.829  1334  1349 D android.system.suspend@1.0-service:     #06 pc 000000000009bc34  /apex/com.android.runtime/lib64/bionic/libc.so (__pthread_start(void*)+184) (BuildId: ea7b19bd582e7030a81f9d21fbcb1833)
09-23 15:16:15.829  1334  1349 D android.system.suspend@1.0-service:     #07 pc 000000000008e0f4  /apex/com.android.runtime/lib64/bionic/libc.so (__start_thread+68) (BuildId: ea7b19bd582e7030a81f9d21fbcb1833)
09-23 15:16:15.829  1334  1349 D android.system.suspend@1.0-service:  
09-23 15:16:15.829  1334  1349 D android.system.suspend@1.0-service: "binder:1334_8" sysTid=28325
09-23 15:16:15.829  1334  1349 D android.system.suspend@1.0-service:     #00 pc 00000000000f1b4c  /apex/com.android.runtime/lib64/bionic/libc.so (__ioctl+12) (BuildId: ea7b19bd582e7030a81f9d21fbcb1833)
09-23 15:16:15.829  1334  1349 D android.system.suspend@1.0-service:     #01 pc 0000000000096724  /apex/com.android.runtime/lib64/bionic/libc.so (ioctl+156) (BuildId: ea7b19bd582e7030a81f9d21fbcb1833)
09-23 15:16:15.829  1334  1349 D android.system.suspend@1.0-service:     #02 pc 0000000000079404  /system/lib64/libbinder.so (android::IPCThreadState::joinThreadPool(bool)+812) (BuildId: 793bc322c2729d70f82c13d418ec634b)
09-23 15:16:15.829  1334  1349 D android.system.suspend@1.0-service:     #03 pc 0000000000078e38  /system/lib64/libbinder.so (android::PoolThread::threadLoop()+100) (BuildId: 793bc322c2729d70f82c13d418ec634b)
09-23 15:16:15.829  1334  1349 D android.system.suspend@1.0-service:     #04 pc 0000000000019464  /system/lib64/libutils.so (android::Thread::_threadLoop(void*)+252) (BuildId: 5906596ce9f6df705b3277e9ea0a1997)
09-23 15:16:15.829  1334  1349 D android.system.suspend@1.0-service:     #05 pc 000000000001bbd0  /system/lib64/libutils.so (libutil_thread_trampoline(void*) (.__uniq.226528677032898775202282855395389835431)+24) (BuildId: 5906596ce9f6df705b3277e9ea0a1997)
09-23 15:16:15.829  1334  1349 D android.system.suspend@1.0-service:     #06 pc 000000000009bc34  /apex/com.android.runtime/lib64/bionic/libc.so (__pthread_start(void*)+184) (BuildId: ea7b19bd582e7030a81f9d21fbcb1833)
09-23 15:16:15.829  1334  1349 D android.system.suspend@1.0-service:     #07 pc 000000000008e0f4  /apex/com.android.runtime/lib64/bionic/libc.so (__start_thread+68) (BuildId: ea7b19bd582e7030a81f9d21fbcb1833)
09-23 15:16:15.829  1334  1349 D android.system.suspend@1.0-service:  
09-23 15:16:15.829  1334  1349 D android.system.suspend@1.0-service: ----- end 1334 -----
09-23 15:16:15.829  1334  1349 D android.system.suspend@1.0-service:  
09-23 15:16:15.839  2035 23726 I WifiHAL : event received NL80211_CMD_VENDOR, vendor_id = 0x1374, subcmd = 0xb6
09-23 15:16:15.839  6983 23727 D LOWI-9.0.1.125: [LOWI-Scan] wait_event:Wait done with Cmd 103
09-23 15:16:15.839  6983 23727 D LOWI-9.0.1.125: [LOWI-Scan] do_listen_events: Rcvd valid Netlink Cmd 0 Err 0
09-23 15:16:15.840  2965  2965 I cnss-daemon: nl80211 response handler invoked
09-23 15:16:15.840  2965  2965 I cnss-daemon: nl80211_response_handler: cmd 103, vendorID 4980, subcmd 182  received
09-23 15:16:15.863  1334 24528 I android.system.suspend-service: First holding wakelock name = qms_event_Handler_wakeLock_
09-23 15:16:15.867  1334 24528 I android.system.suspend-service: Last release wakelock name = qms_event_Handler_wakeLock_
09-23 15:16:15.867  1334 24528 I android.system.suspend-service: mAutosuspendEnabled=1
09-23 15:16:15.959  2032 28029 I sensors-hal: handle_oplus_wise_rgb_event:191, wise_rgb: (r, g, b, c)[703.00, 749.00, 452.00, 1767.00],(r2,g2,b2,c2)[[0.00, 0.00, 0.00, 0.00], algo:5.0, flag :0
09-23 15:16:16.281  2032 28029 I sensors-hal: handle_oplus_wise_rgb_event:191, wise_rgb: (r, g, b, c)[706.00, 751.00, 452.00, 1772.00],(r2,g2,b2,c2)[[0.00, 0.00, 0.00, 0.00], algo:5.0, flag :0
09-23 15:16:16.350  2112  2183 D BatteryChargeControl: bcc get no support from charging protocol
09-23 15:16:16.605  2032 28029 I sensors-hal: handle_oplus_wise_rgb_event:191, wise_rgb: (r, g, b, c)[706.00, 753.00, 453.00, 1777.00],(r2,g2,b2,c2)[[0.00, 0.00, 0.00, 0.00], algo:5.0, flag :0
09-23 15:16:16.606  3833  4659 D FusionLightNextGen: process end reported = 1, mode: 0, cnt: 7470, lux 64.2, cct -1.0, r/g/b/c: 706.0/753.0/453.0/1777.0, R/G/B: -1.0/-1.0/-1.0, bri 0.0, match 0.00, ir 0.660978, conf 0.0, ts 520245694369845
09-23 15:16:16.702 23395 23421 W OPLUS_LOG_LOAD: ==LOGS PROG INFO, prog(com.oplus.camera) ==
09-23 15:16:16.702 23395 23421 I APS_ALOG: flushRoutine g_immediateFlush=0 g_pendingCount=0 g_oobCount=0 asan-debug7
09-23 15:16:16.923  2032 28029 I sensors-hal: handle_oplus_wise_rgb_event:191, wise_rgb: (r, g, b, c)[709.00, 755.00, 455.00, 1776.00],(r2,g2,b2,c2)[[0.00, 0.00, 0.00, 0.00], algo:5.0, flag :0
09-23 15:16:17.248  2032 28029 I sensors-hal: handle_oplus_wise_rgb_event:191, wise_rgb: (r, g, b, c)[710.00, 757.00, 457.00, 1782.00],(r2,g2,b2,c2)[[0.00, 0.00, 0.00, 0.00], algo:5.0, flag :0
09-23 15:16:17.353  2112  2183 D BatteryChargeControl: bcc get no support from charging protocol
09-23 15:16:17.425  7337 11175 D gaia-GaiaConnectChecker: start connect check++
09-23 15:16:17.571  2032 28029 I sensors-hal: handle_oplus_wise_rgb_event:191, wise_rgb: (r, g, b, c)[711.00, 757.00, 455.00, 1781.00],(r2,g2,b2,c2)[[0.00, 0.00, 0.00, 0.00], algo:5.0, flag :0
09-23 15:16:17.777  7337  8673 D gaia-GaiaConnectChecker: start connect check++
09-23 15:16:17.880  2072 29069 V Codec2-DumpInput: [processLoop:L764][c2.qti.hevc.decoder_136]QueueRead[0] empty, waiting buffer.
09-23 15:16:17.889  2032 28029 I sensors-hal: handle_oplus_wise_rgb_event:191, wise_rgb: (r, g, b, c)[712.00, 760.00, 456.00, 1787.00],(r2,g2,b2,c2)[[0.00, 0.00, 0.00, 0.00], algo:5.0, flag :0
09-23 15:16:18.066 24909 22994 D CustomLogManagerService: WorkHandler msg.what :5
09-23 15:16:18.073 24909 22994 D CustomLogManagerService: curTemp:281 limit:390
09-23 15:16:18.073 24909 22994 D CustomLogManagerService: checkUploadStatus: isSceenOn=false activeNetType=1 isCharging=true isUploading:false temperatureLimit:false
09-23 15:16:18.073 24909 22994 D CustomLogManagerService: sys.log.customer=false
09-23 15:16:18.073 24909 22994 D CustomLogManagerService: isHaveCustomLogCollecting :false
09-23 15:16:18.073 24909 22994 D CustomLogManagerService: startUpload
09-23 15:16:18.073 24909 22994 D CustomLogManagerService: not support now
09-23 15:16:18.212  2032 28029 I sensors-hal: handle_oplus_wise_rgb_event:191, wise_rgb: (r, g, b, c)[716.00, 760.00, 458.00, 1792.00],(r2,g2,b2,c2)[[0.00, 0.00, 0.00, 0.00], algo:5.0, flag :0
09-23 15:16:18.212  2032 28029 I sensors-hal: handle_oplus_wise_rgb_event:217, high_pwm_light:lux 91.2,cct 1195759.6,brl/algo/ir 0.0/5.0/0.0,pwm/dc 0.0/0.0,rgbc 716.000000/760.000000/458.000000/1792.000000,ts 520247305852084,cnt 49240,flag 0
09-23 15:16:18.213  3833  4659 D FusionLightNextGen: process end reported = 1, mode: 0, cnt: 7475, lux 65.0, cct -1.0, r/g/b/c: 716.0/760.0/458.0/1792.0, R/G/B: -1.0/-1.0/-1.0, bri 0.0, match 0.00, ir 0.659744, conf 0.0, ts 520247305852084
09-23 15:16:18.354  2112  2183 D BatteryChargeControl: bcc get no support from charging protocol
09-23 15:16:18.538  2032 28029 I sensors-hal: handle_oplus_wise_rgb_event:191, wise_rgb: (r, g, b, c)[715.00, 762.00, 459.00, 1798.00],(r2,g2,b2,c2)[[0.00, 0.00, 0.00, 0.00], algo:5.0, flag :0
09-23 15:16:18.709  2112  2165 D vendor.oplus.hardware.charger-V10-service: parallel fold conf file parse fail parallel_fold_state 2
09-23 15:16:18.709  2112  2165 D vendor.oplus.hardware.charger-V10-service: scale_chg Start!!!
09-23 15:16:18.710  2112  2165 D vendor.oplus.hardware.charger-V10-service: [0, 0, 3]
09-23 15:16:18.710  2112  2165 D vendor.oplus.hardware.charger-V10-service: [0, 2, 10]
09-23 15:16:18.710  2112  2165 D vendor.oplus.hardware.charger-V10-service: [0, 1, 3]
09-23 15:16:18.710  2112  2165 D vendor.oplus.hardware.charger-V10-service: [0, 3, 4]
09-23 15:16:18.710  2112  2165 D vendor.oplus.hardware.charger-V10-service: [0, 4, 4]
09-23 15:16:18.711  2112  2165 D vendor.oplus.hardware.charger-V10-service: [0, 5, 3]
09-23 15:16:18.711  2112  2165 D vendor.oplus.hardware.charger-V10-service: [0, 6, 10]
09-23 15:16:18.711  2112  2165 D vendor.oplus.hardware.charger-V10-service: scale_chg Start!!!
09-23 15:16:18.711  2112  2165 D vendor.oplus.hardware.charger-V10-service: [0, 0, 3]
09-23 15:16:18.711  2112  2165 D vendor.oplus.hardware.charger-V10-service: [0, 2, 10]
09-23 15:16:18.711  2112  2165 D vendor.oplus.hardware.charger-V10-service: [0, 1, 3]
09-23 15:16:18.711  2112  2165 D vendor.oplus.hardware.charger-V10-service: [0, 3, 4]
09-23 15:16:18.711  2112  2165 D vendor.oplus.hardware.charger-V10-service: [0, 4, 4]
09-23 15:16:18.711  2112  2165 D vendor.oplus.hardware.charger-V10-service: [0, 5, 3]
09-23 15:16:18.711  2112  2165 D vendor.oplus.hardware.charger-V10-service: [0, 6, 10]
09-23 15:16:18.862  2032 28029 I sensors-hal: handle_oplus_wise_rgb_event:191, wise_rgb: (r, g, b, c)[719.00, 765.00, 461.00, 1800.00],(r2,g2,b2,c2)[[0.00, 0.00, 0.00, 0.00], algo:5.0, flag :0
09-23 15:16:19.065  2112  2180 D vendor.oplus.hardware.charger-V10-service: ret_value:166, read content:,284,284,4486,4484,0,100,100,1,9,1048704,37,5225,100,0,4530,500,2000,0,0,3500,0,0,1,0,2,1,0,0,4,7763,100,7158,6190,6190,0,0,0,0,0,101,100.00,100,100.00,94.54,100.00,
09-23 15:16:19.065  2112  2180 D vendor.oplus.hardware.charger-V10-service: gmtime: 2026-09-23-15-16-19
09-23 15:16:19.066  2112  2180 D vendor.oplus.hardware.charger-V10-service: usb_online:1, ac_online:-2147483648, wireless_online:0
09-23 15:16:19.180  2032 28029 I sensors-hal: handle_oplus_wise_rgb_event:191, wise_rgb: (r, g, b, c)[721.00, 767.00, 462.00, 1806.00],(r2,g2,b2,c2)[[0.00, 0.00, 0.00, 0.00], algo:5.0, flag :0
09-23 15:16:19.347  5344  5344 W OPLUS_LOG_LOAD: ==LOGS PROG INFO, prog(com.android.systemui) ==
09-23 15:16:19.347  5344  5344 D ZenModeController: Added callback class com.oplus.systemui.qs.tiles.OplusDndTile$1
09-23 15:16:19.349  5344  5684 D ControlsListingControllerImpl: Subscribing callback, service count: 1
09-23 15:16:19.351  5344  6458 I QuickAccessWalletTile: QAW service is unavailable, recreating the wallet client.
09-23 15:16:19.353  3833  5835 D LockSettingsService: [getStrongAuthForUser]  userId = 0
09-23 15:16:19.356  5344  5684 D Tile.QuickAccessWalletTile: refreshState: tile not listening, ignore
09-23 15:16:19.356  2112  2183 D BatteryChargeControl: bcc get no support from charging protocol
09-23 15:16:19.356  3833  5013 V AudioServiceExtImpl: oplusGetParameters() keyValuePairs:OPLUS_AUDIO_GET_MUTE_PHONE, uid: 10268
09-23 15:16:19.358  5344  6458 V OplusCustomizeCacheManager: queryCache name: cache_key.system_server.common_customize_cache18025 param: null
09-23 15:16:19.358  3833  5295 D LockSettingsService: [getStrongAuthForUser]  userId = 0
09-23 15:16:19.361  5344  6458 V OplusCustomizeCacheManager: queryCache name: cache_key.system_server.common_customize_cache18027 param: null
09-23 15:16:19.362  5344  6458 I SystemUi--QuickSettings: Tile.OplusAirplaneModeTile-->handleUpdateState state.state: 1 airplaneMode: false
09-23 15:16:19.362  5344  6458 V OplusCustomizeCacheManager: queryCache name: cache_key.system_server.common_customize_cache18026 param: null
09-23 15:16:19.364  5344  6458 V OplusCustomizeCacheManager: queryCache name: cache_key.system_server.common_customize_cache11009 param: null
09-23 15:16:19.364  5344  6458 V OplusCustomizeCacheManager: queryCache name: cache_key.system_server.common_customize_cache11010 param: null
09-23 15:16:19.364  5344  6458 V OplusCustomizeCacheManager: queryCache name: cache_key.system_server.common_customize_cache11010 param: null
09-23 15:16:19.371  5344  6458 V OplusCustomizeCacheManager: queryCache name: cache_key.system_server.common_customize_cache18013 param: null
09-23 15:16:19.371  5344  6458 V OplusCustomizeCacheManager: queryCache name: cache_key.system_server.common_customize_cache11011 param: null
09-23 15:16:19.373  5344  5344 D ZenModeController: Removed callback class com.oplus.systemui.qs.tiles.OplusDndTile$1
09-23 15:16:19.373  5344  5684 D ControlsListingControllerImpl: Unsubscribing callback
09-23 15:16:19.392  2035 23726 I WifiHAL : event received NL80211_CMD_VENDOR, vendor_id = 0x1374, subcmd = 0xb6
09-23 15:16:19.392  6983 23727 D LOWI-9.0.1.125: [LOWI-Scan] wait_event:Wait done with Cmd 103
09-23 15:16:19.393  6983 23727 D LOWI-9.0.1.125: [LOWI-Scan] do_listen_events: Rcvd valid Netlink Cmd 0 Err 0
09-23 15:16:19.393  2965  2965 I cnss-daemon: nl80211 response handler invoked
09-23 15:16:19.393  2965  2965 I cnss-daemon: nl80211_response_handler: cmd 103, vendorID 4980, subcmd 182  received
09-23 15:16:19.452  5531  6019 D DnsDomainBlock: onDnsEvent: latencyMs=73, returnCode=0, uid=10157
09-23 15:16:19.502  2032 28029 I sensors-hal: handle_oplus_wise_rgb_event:191, wise_rgb: (r, g, b, c)[723.00, 767.00, 462.00, 1808.00],(r2,g2,b2,c2)[[0.00, 0.00, 0.00, 0.00], algo:5.0, flag :0
09-23 15:16:19.593  2035 23726 I WifiHAL : event received NL80211_CMD_VENDOR, vendor_id = 0x1374, subcmd = 0xb6
09-23 15:16:19.594  2965  2965 I cnss-daemon: nl80211 response handler invoked
09-23 15:16:19.594  6983 23727 D LOWI-9.0.1.125: [LOWI-Scan] wait_event:Wait done with Cmd 103
09-23 15:16:19.595  6983 23727 D LOWI-9.0.1.125: [LOWI-Scan] do_listen_events: Rcvd valid Netlink Cmd 0 Err 0
09-23 15:16:19.594  2965  2965 I cnss-daemon: nl80211_response_handler: cmd 103, vendorID 4980, subcmd 182  received
09-23 15:16:19.596  1334 21489 I android.system.suspend-service: First holding wakelock name = qms_event_Handler_wakeLock_
09-23 15:16:19.604  1334 21489 I android.system.suspend-service: Last release wakelock name = qms_event_Handler_wakeLock_
09-23 15:16:19.604  1334 21489 I android.system.suspend-service: mAutosuspendEnabled=1
09-23 15:16:19.828  2032 28029 I sensors-hal: handle_oplus_wise_rgb_event:191, wise_rgb: (r, g, b, c)[726.00, 770.00, 463.00, 1814.00],(r2,g2,b2,c2)[[0.00, 0.00, 0.00, 0.00], algo:5.0, flag :0
09-23 15:16:19.828  3833  4659 D FusionLightNextGen: process end reported = 1, mode: 0, cnt: 7480, lux 65.8, cct -1.0, r/g/b/c: 726.0/770.0/463.0/1814.0, R/G/B: -1.0/-1.0/-1.0, bri 0.0, match 0.00, ir 0.659445, conf 0.0, ts 520248918514636
09-23 15:16:20.147  2032 28029 I sensors-hal: handle_oplus_wise_rgb_event:191, wise_rgb: (r, g, b, c)[728.00, 773.00, 464.00, 1821.00],(r2,g2,b2,c2)[[0.00, 0.00, 0.00, 0.00], algo:5.0, flag :0
09-23 15:16:20.195  7776  9897 D ShellSubscriberWorkerThread: the first 8 bytes empty, and RestData length > 8 
09-23 15:16:20.357  2112  2183 D BatteryChargeControl: bcc get no support from charging protocol
09-23 15:16:20.472  2032 28029 I sensors-hal: handle_oplus_wise_rgb_event:191, wise_rgb: (r, g, b, c)[729.00, 775.00, 466.00, 1824.00],(r2,g2,b2,c2)[[0.00, 0.00, 0.00, 0.00], algo:5.0, flag :0
09-23 15:16:20.792  2032 28029 I sensors-hal: handle_oplus_wise_rgb_event:191, wise_rgb: (r, g, b, c)[731.00, 776.00, 466.00, 1828.00],(r2,g2,b2,c2)[[0.00, 0.00, 0.00, 0.00], algo:5.0, flag :0
09-23 15:16:20.894  6983 23727 D LOWI-9.0.1.125: [LOWI-Scan] wait_event:Wait done with Cmd 103
09-23 15:16:20.894  6983 23727 D LOWI-9.0.1.125: [LOWI-Scan] do_listen_events: Rcvd valid Netlink Cmd 0 Err 0
09-23 15:16:20.894  2965  2965 I cnss-daemon: nl80211 response handler invoked
09-23 15:16:20.894  2965  2965 I cnss-daemon: nl80211_response_handler: cmd 103, vendorID 4980, subcmd 182  received
09-23 15:16:20.894  1334 24738 I android.system.suspend-service: First holding wakelock name = qms_event_Handler_wakeLock_
09-23 15:16:20.895  2035 23726 I WifiHAL : event received NL80211_CMD_VENDOR, vendor_id = 0x1374, subcmd = 0xb6
09-23 15:16:20.900  1334 24738 I android.system.suspend-service: Last release wakelock name = qms_event_Handler_wakeLock_
09-23 15:16:20.900  1334 24738 I android.system.suspend-service: mAutosuspendEnabled=1
09-23 15:16:21.117  2032 28029 I sensors-hal: handle_oplus_wise_rgb_event:191, wise_rgb: (r, g, b, c)[733.00, 780.00, 468.00, 1836.00],(r2,g2,b2,c2)[[0.00, 0.00, 0.00, 0.00], algo:5.0, flag :0
09-23 15:16:21.359  2112  2183 D BatteryChargeControl: bcc get no support from charging protocol
09-23 15:16:21.437  2032 28029 I sensors-hal: handle_oplus_wise_rgb_event:191, wise_rgb: (r, g, b, c)[736.00, 782.00, 469.00, 1844.00],(r2,g2,b2,c2)[[0.00, 0.00, 0.00, 0.00], algo:5.0, flag :0
09-23 15:16:21.438  2032 28029 I sensors-hal: handle_oplus_wise_rgb_event:217, high_pwm_light:lux 93.8,cct 1171971.6,brl/algo/ir 0.0/5.0/0.0,pwm/dc 0.0/0.0,rgbc 736.000000/782.000000/469.000000/1844.000000,ts 520250529855626,cnt 49250,flag 0
09-23 15:16:21.438  3833  4659 D FusionLightNextGen: process end reported = 1, mode: 0, cnt: 7485, lux 66.6, cct -1.0, r/g/b/c: 736.0/782.0/469.0/1844.0, R/G/B: -1.0/-1.0/-1.0, bri 0.0, match 0.00, ir 0.660238, conf 0.0, ts 520250529855626
09-23 15:16:21.705 23395 23421 I APS_ALOG: flushRoutine g_immediateFlush=0 g_pendingCount=0 g_oobCount=0 asan-debug7
09-23 15:16:21.759  2032 28029 I sensors-hal: handle_oplus_wise_rgb_event:191, wise_rgb: (r, g, b, c)[740.00, 784.00, 471.00, 1848.00],(r2,g2,b2,c2)[[0.00, 0.00, 0.00, 0.00], algo:5.0, flag :0
09-23 15:16:22.084  2032 28029 I sensors-hal: handle_oplus_wise_rgb_event:191, wise_rgb: (r, g, b, c)[741.00, 787.00, 474.00, 1853.00],(r2,g2,b2,c2)[[0.00, 0.00, 0.00, 0.00], algo:5.0, flag :0
09-23 15:16:22.360  2112  2183 D BatteryChargeControl: bcc get no support from charging protocol
09-23 15:16:22.406  2032 28029 I sensors-hal: handle_oplus_wise_rgb_event:191, wise_rgb: (r, g, b, c)[744.00, 789.00, 475.00, 1858.00],(r2,g2,b2,c2)[[0.00, 0.00, 0.00, 0.00], algo:5.0, flag :0
09-23 15:16:22.549  6893  7046 I midasd  : OplusObrainService::notifyEventInt eventId:21 iParam:0
09-23 15:16:22.552  7776  7819 I OplusObrain: OplusObrainClientInvoke.nativeGetTelephonyInfo
09-23 15:16:22.554  7776  7819 I OplusObrain: OplusObrainClientInvoke.nativeGetTrafficTypeInfoForNetworkType networkType 0
09-23 15:16:22.554  3833  5835 D KernelStatsHelper: getKernelStats start!
09-23 15:16:22.557  2089  2089 E android.hardware.power.stats-impl.oplus: HandleFactory::read open charger_input_current_now(/proc/charger/input_current_now) failed! fd: -1 errno: 2
09-23 15:16:22.557  2089  2089 W android.hardware.power.stats-impl.oplus: PruneException: Unknown binder exception (2) pruned into EX_TRANSACTION_FAILED
09-23 15:16:22.558  6893  9791 W midasd  : handleFactory read failed.
09-23 15:16:22.558  3833  4849 D OplusNetlinkSocket: handleNetlinkRecvKernelMessage:nlmsghdr:StructNlMsgHdr{ nlmsg_len{1964}, nlmsg_type{54()}, nlmsg_flags{0()}, nlmsg_seq{0}, nlmsg_pid{251204337} }
09-23 15:16:22.558  3833  4849 D KernelStatsHelper: get magic :[-1, -1, -1, 77, 65, 71, 73, 67]
09-23 15:16:22.558  3833  4849 D KernelStatsHelper: magic matched count:37 data_len:1924
09-23 15:16:22.558  3833  4849 D KernelStatsHelper: data over! check: true
09-23 15:16:22.725  2032 28029 I sensors-hal: handle_oplus_wise_rgb_event:191, wise_rgb: (r, g, b, c)[746.00, 792.00, 476.00, 1863.00],(r2,g2,b2,c2)[[0.00, 0.00, 0.00, 0.00], algo:5.0, flag :0
09-23 15:16:22.885  2072 29069 V Codec2-DumpInput: [processLoop:L764][c2.qti.hevc.decoder_136]QueueRead[0] empty, waiting buffer.
09-23 15:16:23.051  2032 28029 I sensors-hal: handle_oplus_wise_rgb_event:191, wise_rgb: (r, g, b, c)[750.00, 794.00, 476.00, 1869.00],(r2,g2,b2,c2)[[0.00, 0.00, 0.00, 0.00], algo:5.0, flag :0
09-23 15:16:23.052  3833  4659 D FusionLightNextGen: process end reported = 1, mode: 0, cnt: 7490, lux 67.7, cct -1.0, r/g/b/c: 750.0/794.0/476.0/1869.0, R/G/B: -1.0/-1.0/-1.0, bri 0.0, match 0.00, ir 0.659030, conf 0.0, ts 520252141628178
09-23 15:16:23.362  2112  2183 D BatteryChargeControl: bcc get no support from charging protocol
09-23 15:16:23.370  2032 28029 I sensors-hal: handle_oplus_wise_rgb_event:191, wise_rgb: (r, g, b, c)[750.00, 796.00, 478.00, 1876.00],(r2,g2,b2,c2)[[0.00, 0.00, 0.00, 0.00], algo:5.0, flag :0
09-23 15:16:23.693  2032 28029 I sensors-hal: handle_oplus_wise_rgb_event:191, wise_rgb: (r, g, b, c)[754.00, 798.00, 480.00, 1880.00],(r2,g2,b2,c2)[[0.00, 0.00, 0.00, 0.00], algo:5.0, flag :0
09-23 15:16:23.712  2112  2165 D vendor.oplus.hardware.charger-V10-service: parallel fold conf file parse fail parallel_fold_state 2
09-23 15:16:23.712  2112  2165 D vendor.oplus.hardware.charger-V10-service: scale_chg Start!!!
09-23 15:16:23.712  2112  2165 D vendor.oplus.hardware.charger-V10-service: [0, 0, 3]
09-23 15:16:23.713  2112  2165 D vendor.oplus.hardware.charger-V10-service: [0, 2, 10]
09-23 15:16:23.713  2112  2165 D vendor.oplus.hardware.charger-V10-service: [0, 1, 3]
09-23 15:16:23.713  2112  2165 D vendor.oplus.hardware.charger-V10-service: [0, 3, 4]
09-23 15:16:23.713  2112  2165 D vendor.oplus.hardware.charger-V10-service: [0, 4, 4]
09-23 15:16:23.713  2112  2165 D vendor.oplus.hardware.charger-V10-service: [0, 5, 3]
09-23 15:16:23.713  2112  2165 D vendor.oplus.hardware.charger-V10-service: [0, 6, 10]
09-23 15:16:23.713  2112  2165 D vendor.oplus.hardware.charger-V10-service: scale_chg Start!!!
09-23 15:16:23.713  2112  2165 D vendor.oplus.hardware.charger-V10-service: [0, 0, 3]
09-23 15:16:23.713  2112  2165 D vendor.oplus.hardware.charger-V10-service: [0, 2, 10]
09-23 15:16:23.713  2112  2165 D vendor.oplus.hardware.charger-V10-service: [0, 1, 3]
09-23 15:16:23.713  2112  2165 D vendor.oplus.hardware.charger-V10-service: [0, 3, 4]
09-23 15:16:23.713  2112  2165 D vendor.oplus.hardware.charger-V10-service: [0, 4, 4]
09-23 15:16:23.713  2112  2165 D vendor.oplus.hardware.charger-V10-service: [0, 5, 3]
09-23 15:16:23.714  2112  2165 D vendor.oplus.hardware.charger-V10-service: [0, 6, 10]
09-23 15:16:23.851  5753 12655 D RadioProxyJ[1]: startChannelMonitoring update mLatestRequestId:-1
09-23 15:16:23.852  5753  6255 D RadioProxyJ[0]: startChannelMonitoring update mLatestRequestId:-1
09-23 15:16:24.019  2032 28029 I sensors-hal: handle_oplus_wise_rgb_event:191, wise_rgb: (r, g, b, c)[755.00, 802.00, 480.00, 1885.00],(r2,g2,b2,c2)[[0.00, 0.00, 0.00, 0.00], algo:5.0, flag :0
09-23 15:16:24.067  2112  2180 D vendor.oplus.hardware.charger-V10-service: ret_value:166, read content:,284,284,4484,4483,0,100,100,1,9,1048704,31,5229,100,0,4530,500,2000,0,0,3500,0,0,1,0,2,1,0,0,4,7763,100,7158,6190,6190,0,0,0,0,0,101,100.00,100,100.00,94.54,100.00,
09-23 15:16:24.068  2112  2180 D vendor.oplus.hardware.charger-V10-service: gmtime: 2026-09-23-15-16-24
09-23 15:16:24.068  2112  2180 D vendor.oplus.hardware.charger-V10-service: usb_online:1, ac_online:-2147483648, wireless_online:0
09-23 15:16:24.341  2032 28029 I sensors-hal: handle_oplus_wise_rgb_event:191, wise_rgb: (r, g, b, c)[757.00, 803.00, 481.00, 1891.00],(r2,g2,b2,c2)[[0.00, 0.00, 0.00, 0.00], algo:5.0, flag :0
09-23 15:16:24.363  2112  2183 D BatteryChargeControl: bcc get no support from charging protocol
09-23 15:16:24.663  2032 28029 I sensors-hal: handle_oplus_wise_rgb_event:191, wise_rgb: (r, g, b, c)[760.00, 805.00, 482.00, 1896.00],(r2,g2,b2,c2)[[0.00, 0.00, 0.00, 0.00], algo:5.0, flag :0
09-23 15:16:24.664  2032 28029 I sensors-hal: handle_oplus_wise_rgb_event:217, high_pwm_light:lux 96.6,cct 1064208.9,brl/algo/ir 0.0/5.0/0.0,pwm/dc 0.0/0.0,rgbc 760.000000/805.000000/482.000000/1896.000000,ts 520253754233491,cnt 49260,flag 0
09-23 15:16:24.664  3833  4659 D FusionLightNextGen: process end reported = 1, mode: 0, cnt: 7495, lux 68.7, cct -1.0, r/g/b/c: 760.0/805.0/482.0/1896.0, R/G/B: -1.0/-1.0/-1.0, bri 0.0, match 0.00, ir 0.659396, conf 0.0, ts 520253754233491
09-23 15:16:24.985  2032 28029 I sensors-hal: handle_oplus_wise_rgb_event:191, wise_rgb: (r, g, b, c)[764.00, 807.00, 485.00, 1904.00],(r2,g2,b2,c2)[[0.00, 0.00, 0.00, 0.00], algo:5.0, flag :0
09-23 15:16:25.305  2032 28029 I sensors-hal: handle_oplus_wise_rgb_event:191, wise_rgb: (r, g, b, c)[763.00, 810.00, 486.00, 1909.00],(r2,g2,b2,c2)[[0.00, 0.00, 0.00, 0.00], algo:5.0, flag :0
09-23 15:16:25.364  2112  2183 D BatteryChargeControl: bcc get no support from charging protocol
09-23 15:16:25.627  2032 28029 I sensors-hal: handle_oplus_wise_rgb_event:191, wise_rgb: (r, g, b, c)[768.00, 815.00, 490.00, 1918.00],(r2,g2,b2,c2)[[0.00, 0.00, 0.00, 0.00], algo:5.0, flag :0
09-23 15:16:25.949  2032 28029 I sensors-hal: handle_oplus_wise_rgb_event:191, wise_rgb: (r, g, b, c)[769.00, 816.00, 490.00, 1921.00],(r2,g2,b2,c2)[[0.00, 0.00, 0.00, 0.00], algo:5.0, flag :0
09-23 15:16:26.275  2032 28029 I sensors-hal: handle_oplus_wise_rgb_event:191, wise_rgb: (r, g, b, c)[769.00, 818.00, 490.00, 1928.00],(r2,g2,b2,c2)[[0.00, 0.00, 0.00, 0.00], algo:5.0, flag :0
09-23 15:16:26.276  3833  4659 W OPLUS_LOG_LOAD: ==LOGS PROG INFO, prog(system_server) ==
09-23 15:16:26.276  3833  4659 D FusionLightNextGen: process end reported = 1, mode: 0, cnt: 7500, lux 69.5, cct -1.0, r/g/b/c: 769.0/818.0/490.0/1928.0, R/G/B: -1.0/-1.0/-1.0, bri 0.0, match 0.00, ir 0.660356, conf 0.0, ts 520255365406511
09-23 15:16:26.366  2112  2183 D BatteryChargeControl: bcc get no support from charging protocol
09-23 15:16:26.597  2032 28029 I sensors-hal: handle_oplus_wise_rgb_event:191, wise_rgb: (r, g, b, c)[773.00, 820.00, 492.00, 1934.00],(r2,g2,b2,c2)[[0.00, 0.00, 0.00, 0.00], algo:5.0, flag :0
09-23 15:16:26.707 23395 23421 W OPLUS_LOG_LOAD: ==LOGS PROG INFO, prog(com.oplus.camera) ==
09-23 15:16:26.707 23395 23421 I APS_ALOG: flushRoutine g_immediateFlush=0 g_pendingCount=0 g_oobCount=0 asan-debug7
09-23 15:16:26.835  7431  7860 I discovery::core::moni..: DiscMonitor: [trace_id=57221931748]DiscoveryComponentStatus { adaptive_sdp_client_status: Some("{\"0\":\"0.0.0.0\",\"1\":null}"), adaptive_sdp_server_status: None, network_interface_states: Some({}) }
09-23 15:16:26.919  2032 28029 I sensors-hal: handle_oplus_wise_rgb_event:191, wise_rgb: (r, g, b, c)[775.00, 823.00, 494.00, 1937.00],(r2,g2,b2,c2)[[0.00, 0.00, 0.00, 0.00], algo:5.0, flag :0
09-23 15:16:27.239  2032 28029 I sensors-hal: handle_oplus_wise_rgb_event:191, wise_rgb: (r, g, b, c)[778.00, 823.00, 497.00, 1946.00],(r2,g2,b2,c2)[[0.00, 0.00, 0.00, 0.00], algo:5.0, flag :0
09-23 15:16:27.367  2112  2183 D BatteryChargeControl: bcc get no support from charging protocol
09-23 15:16:27.428  7337 11175 D gaia-GaiaConnectChecker: start connect check++
09-23 15:16:27.560  2032 28029 I sensors-hal: handle_oplus_wise_rgb_event:191, wise_rgb: (r, g, b, c)[780.00, 829.00, 497.00, 1951.00],(r2,g2,b2,c2)[[0.00, 0.00, 0.00, 0.00], algo:5.0, flag :0
09-23 15:16:27.781  7337  8673 D gaia-GaiaConnectChecker: start connect check++
09-23 15:16:27.852  1334 24528 I android.system.suspend-service: First holding wakelock name = qms_event_Handler_wakeLock_
09-23 15:16:27.854  1334 24738 I android.system.suspend-service: Last release wakelock name = qms_event_Handler_wakeLock_
09-23 15:16:27.854  1334 24738 I android.system.suspend-service: mAutosuspendEnabled=1
09-23 15:16:27.883  2032 28029 I sensors-hal: handle_oplus_wise_rgb_event:191, wise_rgb: (r, g, b, c)[781.00, 830.00, 499.00, 1954.00],(r2,g2,b2,c2)[[0.00, 0.00, 0.00, 0.00], algo:5.0, flag :0
09-23 15:16:27.883  2032 28029 I sensors-hal: handle_oplus_wise_rgb_event:217, high_pwm_light:lux 99.6,cct 1143791.0,brl/algo/ir 0.0/5.0/0.0,pwm/dc 0.0/0.0,rgbc 781.000000/830.000000/499.000000/1954.000000,ts 520256976756824,cnt 49270,flag 0
09-23 15:16:27.883  3833  4659 D FusionLightNextGen: process end reported = 1, mode: 0, cnt: 7505, lux 70.7, cct -1.0, r/g/b/c: 781.0/830.0/499.0/1954.0, R/G/B: -1.0/-1.0/-1.0, bri 0.0, match 0.00, ir 0.659572, conf 0.0, ts 520256976756824
09-23 15:16:27.885  2072 29069 V Codec2-DumpInput: [processLoop:L764][c2.qti.hevc.decoder_136]QueueRead[0] empty, waiting buffer.
09-23 15:16:28.208  2032 28029 I sensors-hal: handle_oplus_wise_rgb_event:191, wise_rgb: (r, g, b, c)[783.00, 832.00, 500.00, 1960.00],(r2,g2,b2,c2)[[0.00, 0.00, 0.00, 0.00], algo:5.0, flag :0
09-23 15:16:28.369  2112  2183 D BatteryChargeControl: bcc get no support from charging protocol
09-23 15:16:28.530  2032 28029 I sensors-hal: handle_oplus_wise_rgb_event:191, wise_rgb: (r, g, b, c)[785.00, 834.00, 501.00, 1966.00],(r2,g2,b2,c2)[[0.00, 0.00, 0.00, 0.00], algo:5.0, flag :0
09-23 15:16:28.715  2112  2165 D vendor.oplus.hardware.charger-V10-service: parallel fold conf file parse fail parallel_fold_state 2
09-23 15:16:28.715  2112  2165 D vendor.oplus.hardware.charger-V10-service: scale_chg Start!!!
09-23 15:16:28.715  2112  2165 D vendor.oplus.hardware.charger-V10-service: [0, 0, 3]
09-23 15:16:28.715  2112  2165 D vendor.oplus.hardware.charger-V10-service: [0, 2, 10]
09-23 15:16:28.716  2112  2165 D vendor.oplus.hardware.charger-V10-service: [0, 1, 3]
09-23 15:16:28.716  2112  2165 D vendor.oplus.hardware.charger-V10-service: [0, 3, 4]
09-23 15:16:28.716  2112  2165 D vendor.oplus.hardware.charger-V10-service: [0, 4, 4]
09-23 15:16:28.716  2112  2165 D vendor.oplus.hardware.charger-V10-service: [0, 5, 3]
09-23 15:16:28.716  2112  2165 D vendor.oplus.hardware.charger-V10-service: [0, 6, 10]
09-23 15:16:28.716  2112  2165 D vendor.oplus.hardware.charger-V10-service: scale_chg Start!!!
09-23 15:16:28.716  2112  2165 D vendor.oplus.hardware.charger-V10-service: [0, 0, 3]
09-23 15:16:28.716  2112  2165 D vendor.oplus.hardware.charger-V10-service: [0, 2, 10]
09-23 15:16:28.716  2112  2165 D vendor.oplus.hardware.charger-V10-service: [0, 1, 3]
09-23 15:16:28.716  2112  2165 D vendor.oplus.hardware.charger-V10-service: [0, 3, 4]
09-23 15:16:28.716  2112  2165 D vendor.oplus.hardware.charger-V10-service: [0, 4, 4]
09-23 15:16:28.716  2112  2165 D vendor.oplus.hardware.charger-V10-service: [0, 5, 3]
09-23 15:16:28.716  2112  2165 D vendor.oplus.hardware.charger-V10-service: [0, 6, 10]
09-23 15:16:28.850  2032 28029 I sensors-hal: handle_oplus_wise_rgb_event:191, wise_rgb: (r, g, b, c)[788.00, 836.00, 502.00, 1970.00],(r2,g2,b2,c2)[[0.00, 0.00, 0.00, 0.00], algo:5.0, flag :0
09-23 15:16:28.864 22542 22605 I Finsky:background: [129] Stats for Executor: bgExecutor xsm@741196c[Running, pool size = 4, active threads = 0, queued tasks = 0, completed tasks = 101]
09-23 15:16:28.864 22542 22605 I Finsky:background: [129] Stats for Executor: LightweightExecutor xsm@1feeb35[Running, pool size = 4, active threads = 0, queued tasks = 0, completed tasks = 42]
09-23 15:16:28.872 22542 22605 I Finsky:background: [129] Stats for Executor: BlockingExecutor xsm@5327bca[Running, pool size = 0, active threads = 0, queued tasks = 0, completed tasks = 8]
09-23 15:16:29.069  2112  2180 D vendor.oplus.hardware.charger-V10-service: ret_value:166, read content:,284,284,4484,4483,0,100,100,1,9,1048704,28,5229,100,0,4530,500,2000,0,0,3500,0,0,1,0,2,1,0,0,4,7763,100,7158,6190,6190,0,0,0,0,0,101,100.00,100,100.00,94.54,100.00,
09-23 15:16:29.070  2112  2180 D vendor.oplus.hardware.charger-V10-service: gmtime: 2026-09-23-15-16-29
09-23 15:16:29.070  2112  2180 D vendor.oplus.hardware.charger-V10-service: usb_online:1, ac_online:-2147483648, wireless_online:0
09-23 15:16:29.176  2032 28029 I sensors-hal: handle_oplus_wise_rgb_event:191, wise_rgb: (r, g, b, c)[790.00, 838.00, 504.00, 1974.00],(r2,g2,b2,c2)[[0.00, 0.00, 0.00, 0.00], algo:5.0, flag :0
09-23 15:16:29.370  2112  2183 D BatteryChargeControl: bcc get no support from charging protocol
09-23 15:16:29.499  2032 28029 I sensors-hal: handle_oplus_wise_rgb_event:191, wise_rgb: (r, g, b, c)[791.00, 840.00, 504.00, 1977.00],(r2,g2,b2,c2)[[0.00, 0.00, 0.00, 0.00], algo:5.0, flag :0
09-23 15:16:29.500  3833  4659 D FusionLightNextGen: process end reported = 1, mode: 0, cnt: 7510, lux 71.6, cct -1.0, r/g/b/c: 791.0/840.0/504.0/1977.0, R/G/B: -1.0/-1.0/-1.0, bri 0.0, match 0.00, ir 0.659472, conf 0.0, ts 520258589502553
09-23 15:16:29.818  2032 28029 I sensors-hal: handle_oplus_wise_rgb_event:191, wise_rgb: (r, g, b, c)[793.00, 842.00, 505.00, 1984.00],(r2,g2,b2,c2)[[0.00, 0.00, 0.00, 0.00], algo:5.0, flag :0
09-23 15:16:30.143  2032 28029 I sensors-hal: handle_oplus_wise_rgb_event:191, wise_rgb: (r, g, b, c)[794.00, 844.00, 505.00, 1988.00],(r2,g2,b2,c2)[[0.00, 0.00, 0.00, 0.00], algo:5.0, flag :0
09-23 15:16:30.191  7776  9897 D ShellSubscriberWorkerThread: the first 8 bytes empty, and RestData length > 8 
09-23 15:16:30.371  2112  2183 D BatteryChargeControl: bcc get no support from charging protocol
09-23 15:16:30.466  2032 28029 I sensors-hal: handle_oplus_wise_rgb_event:191, wise_rgb: (r, g, b, c)[796.00, 846.00, 507.00, 1991.00],(r2,g2,b2,c2)[[0.00, 0.00, 0.00, 0.00], algo:5.0, flag :0
09-23 15:16:30.788  2032 28029 I sensors-hal: handle_oplus_wise_rgb_event:191, wise_rgb: (r, g, b, c)[799.00, 847.00, 509.00, 1996.00],(r2,g2,b2,c2)[[0.00, 0.00, 0.00, 0.00], algo:5.0, flag :0
09-23 15:16:31.108  2032 28029 I sensors-hal: handle_oplus_wise_rgb_event:191, wise_rgb: (r, g, b, c)[801.00, 850.00, 510.00, 2001.00],(r2,g2,b2,c2)[[0.00, 0.00, 0.00, 0.00], algo:5.0, flag :0
09-23 15:16:31.108  2032 28029 I sensors-hal: handle_oplus_wise_rgb_event:217, high_pwm_light:lux 73.0,cct 4606.9,brl/algo/ir 0.0/5.0/659.6,pwm/dc 0.0/0.0,rgbc 801.000000/850.000000/510.000000/2001.000000,ts 520260200969584,cnt 49280,flag 0
09-23 15:16:31.109  3833  4659 D FusionLightNextGen: process end reported = 1, mode: 0, cnt: 7515, lux 72.4, cct -1.0, r/g/b/c: 801.0/850.0/510.0/2001.0, R/G/B: -1.0/-1.0/-1.0, bri 0.0, match 0.00, ir 0.659424, conf 0.0, ts 520260200969584
09-23 15:16:31.372  2112  2183 D BatteryChargeControl: bcc get no support from charging protocol
09-23 15:16:31.432  2032 28029 I sensors-hal: handle_oplus_wise_rgb_event:191, wise_rgb: (r, g, b, c)[804.00, 852.00, 511.00, 2007.00],(r2,g2,b2,c2)[[0.00, 0.00, 0.00, 0.00], algo:5.0, flag :0
09-23 15:16:31.711 23395 23421 I APS_ALOG: flushRoutine g_immediateFlush=0 g_pendingCount=0 g_oobCount=0 asan-debug7
09-23 15:16:31.755  2032 28029 I sensors-hal: handle_oplus_wise_rgb_event:191, wise_rgb: (r, g, b, c)[806.00, 854.00, 511.00, 2011.00],(r2,g2,b2,c2)[[0.00, 0.00, 0.00, 0.00], algo:5.0, flag :0
09-23 15:16:32.077  2032 28029 I sensors-hal: handle_oplus_wise_rgb_event:191, wise_rgb: (r, g, b, c)[807.00, 856.00, 513.00, 2020.00],(r2,g2,b2,c2)[[0.00, 0.00, 0.00, 0.00], algo:5.0, flag :0
09-23 15:16:32.374  2112  2183 D BatteryChargeControl: bcc get no support from charging protocol
09-23 15:16:32.399  2032 28029 I sensors-hal: handle_oplus_wise_rgb_event:191, wise_rgb: (r, g, b, c)[809.00, 859.00, 515.00, 2024.00],(r2,g2,b2,c2)[[0.00, 0.00, 0.00, 0.00], algo:5.0, flag :0
09-23 15:16:32.722  2032 28029 I sensors-hal: handle_oplus_wise_rgb_event:191, wise_rgb: (r, g, b, c)[812.00, 859.00, 516.00, 2030.00],(r2,g2,b2,c2)[[0.00, 0.00, 0.00, 0.00], algo:5.0, flag :0
09-23 15:16:32.723  3833  4659 D FusionLightNextGen: process end reported = 1, mode: 0, cnt: 7520, lux 73.3, cct -1.0, r/g/b/c: 812.0/859.0/516.0/2030.0, R/G/B: -1.0/-1.0/-1.0, bri 0.0, match 0.00, ir 0.660119, conf 0.0, ts 520261812576772
09-23 15:16:32.889  2072 29069 V Codec2-DumpInput: [processLoop:L764][c2.qti.hevc.decoder_136]QueueRead[0] empty, waiting buffer.
09-23 15:16:33.044  2032 28029 I sensors-hal: handle_oplus_wise_rgb_event:191, wise_rgb: (r, g, b, c)[815.00, 863.00, 518.00, 2037.00],(r2,g2,b2,c2)[[0.00, 0.00, 0.00, 0.00], algo:5.0, flag :0
09-23 15:16:33.365  2032 28029 I sensors-hal: handle_oplus_wise_rgb_event:191, wise_rgb: (r, g, b, c)[819.00, 866.00, 521.00, 2043.00],(r2,g2,b2,c2)[[0.00, 0.00, 0.00, 0.00], algo:5.0, flag :0
09-23 15:16:33.376  2112  2183 D BatteryChargeControl: bcc get no support from charging protocol
09-23 15:16:33.690  2032 28029 I sensors-hal: handle_oplus_wise_rgb_event:191, wise_rgb: (r, g, b, c)[823.00, 869.00, 521.00, 2053.00],(r2,g2,b2,c2)[[0.00, 0.00, 0.00, 0.00], algo:5.0, flag :0
09-23 15:16:33.717  2112  2165 D vendor.oplus.hardware.charger-V10-service: parallel fold conf file parse fail parallel_fold_state 2
09-23 15:16:33.717  2112  2165 D vendor.oplus.hardware.charger-V10-service: scale_chg Start!!!
09-23 15:16:33.718  2112  2165 D vendor.oplus.hardware.charger-V10-service: [0, 0, 3]
09-23 15:16:33.718  2112  2165 D vendor.oplus.hardware.charger-V10-service: [0, 2, 10]
09-23 15:16:33.718  2112  2165 D vendor.oplus.hardware.charger-V10-service: [0, 1, 3]
09-23 15:16:33.719  2112  2165 D vendor.oplus.hardware.charger-V10-service: [0, 3, 4]
09-23 15:16:33.719  2112  2165 D vendor.oplus.hardware.charger-V10-service: [0, 4, 4]
09-23 15:16:33.719  2112  2165 D vendor.oplus.hardware.charger-V10-service: [0, 5, 3]
09-23 15:16:33.719  2112  2165 D vendor.oplus.hardware.charger-V10-service: [0, 6, 10]
09-23 15:16:33.719  2112  2165 D vendor.oplus.hardware.charger-V10-service: scale_chg Start!!!
09-23 15:16:33.719  2112  2165 D vendor.oplus.hardware.charger-V10-service: [0, 0, 3]
09-23 15:16:33.719  2112  2165 D vendor.oplus.hardware.charger-V10-service: [0, 2, 10]
09-23 15:16:33.719  2112  2165 D vendor.oplus.hardware.charger-V10-service: [0, 1, 3]
09-23 15:16:33.719  2112  2165 D vendor.oplus.hardware.charger-V10-service: [0, 3, 4]
09-23 15:16:33.719  2112  2165 D vendor.oplus.hardware.charger-V10-service: [0, 4, 4]
09-23 15:16:33.719  2112  2165 D vendor.oplus.hardware.charger-V10-service: [0, 5, 3]
09-23 15:16:33.719  2112  2165 D vendor.oplus.hardware.charger-V10-service: [0, 6, 10]
09-23 15:16:33.997  1334 21489 I android.system.suspend-service: First holding wakelock name = qms_event_Handler_wakeLock_
09-23 15:16:33.999  1334 21489 I android.system.suspend-service: Last release wakelock name = qms_event_Handler_wakeLock_
09-23 15:16:33.999  1334 21489 I android.system.suspend-service: mAutosuspendEnabled=1
09-23 15:16:34.009  2032 28029 I sensors-hal: handle_oplus_wise_rgb_event:191, wise_rgb: (r, g, b, c)[824.00, 875.00, 522.00, 2059.00],(r2,g2,b2,c2)[[0.00, 0.00, 0.00, 0.00], algo:5.0, flag :0
09-23 15:16:34.071  2112  2180 D vendor.oplus.hardware.charger-V10-service: ret_value:166, read content:,285,285,4484,4483,0,100,100,1,9,1048704,31,5229,100,0,4530,500,2000,0,0,3500,0,0,1,0,2,1,0,0,4,7763,100,7158,6190,6190,0,0,0,0,0,101,100.00,100,100.00,94.54,100.00,
09-23 15:16:34.072  2112  2180 D vendor.oplus.hardware.charger-V10-service: gmtime: 2026-09-23-15-16-34
09-23 15:16:34.072  2112  2180 D vendor.oplus.hardware.charger-V10-service: usb_online:1, ac_online:-2147483648, wireless_online:0
09-23 15:16:34.335  2032 28029 I sensors-hal: handle_oplus_wise_rgb_event:191, wise_rgb: (r, g, b, c)[829.00, 878.00, 525.00, 2065.00],(r2,g2,b2,c2)[[0.00, 0.00, 0.00, 0.00], algo:5.0, flag :0
09-23 15:16:34.335  2032 28029 I sensors-hal: handle_oplus_wise_rgb_event:217, high_pwm_light:lux 75.4,cct 4581.6,brl/algo/ir 0.0/5.0/659.1,pwm/dc 0.0/0.0,rgbc 829.000000/878.000000/525.000000/2065.000000,ts 520263424951980,cnt 49290,flag 0
09-23 15:16:34.335  3833  4659 D FusionLightNextGen: process end reported = 1, mode: 0, cnt: 7525, lux 74.5, cct -1.0, r/g/b/c: 829.0/878.0/525.0/2065.0, R/G/B: -1.0/-1.0/-1.0, bri 0.0, match 0.00, ir 0.658978, conf 0.0, ts 520263424951980
09-23 15:16:34.380  2112  2183 D BatteryChargeControl: bcc get no support from charging protocol
09-23 15:16:34.656  2032 28029 I sensors-hal: handle_oplus_wise_rgb_event:191, wise_rgb: (r, g, b, c)[832.00, 880.00, 527.00, 2076.00],(r2,g2,b2,c2)[[0.00, 0.00, 0.00, 0.00], algo:5.0, flag :0
09-23 15:16:34.979  2032 28029 I sensors-hal: handle_oplus_wise_rgb_event:191, wise_rgb: (r, g, b, c)[832.00, 883.00, 529.00, 2082.00],(r2,g2,b2,c2)[[0.00, 0.00, 0.00, 0.00], algo:5.0, flag :0
09-23 15:16:35.194  7776  9897 D ShellSubscriberWorkerThread: the first 8 bytes empty, and RestData length > 8 
09-23 15:16:35.298  2032 28029 I sensors-hal: handle_oplus_wise_rgb_event:191, wise_rgb: (r, g, b, c)[837.00, 886.00, 530.00, 2088.00],(r2,g2,b2,c2)[[0.00, 0.00, 0.00, 0.00], algo:5.0, flag :0
09-23 15:16:35.382  2112  2183 D BatteryChargeControl: bcc get no support from charging protocol
09-23 15:16:35.567 24909 24943 D TrafficMonitor3: checkWifiApEnabled ap state:11 0/false
09-23 15:16:35.624  2032 28029 I sensors-hal: handle_oplus_wise_rgb_event:191, wise_rgb: (r, g, b, c)[838.00, 889.00, 533.00, 2097.00],(r2,g2,b2,c2)[[0.00, 0.00, 0.00, 0.00], algo:5.0, flag :0
09-23 15:16:35.946  2032 28029 I sensors-hal: handle_oplus_wise_rgb_event:191, wise_rgb: (r, g, b, c)[841.00, 891.00, 533.00, 2102.00],(r2,g2,b2,c2)[[0.00, 0.00, 0.00, 0.00], algo:5.0, flag :0
09-23 15:16:35.947  3833  4659 D FusionLightNextGen: process end reported = 1, mode: 0, cnt: 7530, lux 75.7, cct -1.0, r/g/b/c: 841.0/891.0/533.0/2102.0, R/G/B: -1.0/-1.0/-1.0, bri 0.0, match 0.00, ir 0.660051, conf 0.0, ts 520265036421720
09-23 15:16:36.265  2032 28029 I sensors-hal: handle_oplus_wise_rgb_event:191, wise_rgb: (r, g, b, c)[844.00, 894.00, 535.00, 2108.00],(r2,g2,b2,c2)[[0.00, 0.00, 0.00, 0.00], algo:5.0, flag :0
09-23 15:16:36.383  2112  2183 D BatteryChargeControl: bcc get no support from charging protocol
09-23 15:16:36.591  2032 28029 I sensors-hal: handle_oplus_wise_rgb_event:191, wise_rgb: (r, g, b, c)[848.00, 898.00, 537.00, 2117.00],(r2,g2,b2,c2)[[0.00, 0.00, 0.00, 0.00], algo:5.0, flag :0
09-23 15:16:36.713 23395 23421 W OPLUS_LOG_LOAD: ==LOGS PROG INFO, prog(com.oplus.camera) ==
09-23 15:16:36.713 23395 23421 I APS_ALOG: flushRoutine g_immediateFlush=0 g_pendingCount=0 g_oobCount=0 asan-debug7
09-23 15:16:36.911  2032 28029 I sensors-hal: handle_oplus_wise_rgb_event:191, wise_rgb: (r, g, b, c)[851.00, 900.00, 539.00, 2125.00],(r2,g2,b2,c2)[[0.00, 0.00, 0.00, 0.00], algo:5.0, flag :0
09-23 15:16:37.234  2032 28029 I sensors-hal: handle_oplus_wise_rgb_event:191, wise_rgb: (r, g, b, c)[853.00, 903.00, 540.00, 2133.00],(r2,g2,b2,c2)[[0.00, 0.00, 0.00, 0.00], algo:5.0, flag :0
09-23 15:16:37.388  2112  2183 D BatteryChargeControl: bcc get no support from charging protocol
09-23 15:16:37.428  7337 11175 D gaia-GaiaConnectChecker: start connect check++
09-23 15:16:37.555  2032 28029 I sensors-hal: handle_oplus_wise_rgb_event:191, wise_rgb: (r, g, b, c)[856.00, 905.00, 543.00, 2138.00],(r2,g2,b2,c2)[[0.00, 0.00, 0.00, 0.00], algo:5.0, flag :0
09-23 15:16:37.555  2032 28029 I sensors-hal: handle_oplus_wise_rgb_event:217, high_pwm_light:lux 77.7,cct 4584.1,brl/algo/ir 0.0/5.0/660.1,pwm/dc 0.0/0.0,rgbc 856.000000/905.000000/543.000000/2138.000000,ts 520266648438595,cnt 49300,flag 0
09-23 15:16:37.556  3833  4659 W OPLUS_LOG_LOAD: ==LOGS PROG INFO, prog(system_server) ==
09-23 15:16:37.556  3833  4659 D FusionLightNextGen: process end reported = 1, mode: 0, cnt: 7535, lux 77.1, cct -1.0, r/g/b/c: 856.0/905.0/543.0/2138.0, R/G/B: -1.0/-1.0/-1.0, bri 0.0, match 0.00, ir 0.659973, conf 0.0, ts 520266648438595
09-23 15:16:37.782  7337  8673 D gaia-GaiaConnectChecker: start connect check++
09-23 15:16:37.878  2032 28029 I sensors-hal: handle_oplus_wise_rgb_event:191, wise_rgb: (r, g, b, c)[862.00, 911.00, 545.00, 2147.00],(r2,g2,b2,c2)[[0.00, 0.00, 0.00, 0.00], algo:5.0, flag :0
09-23 15:16:37.890  2072 29069 V Codec2-DumpInput: [processLoop:L764][c2.qti.hevc.decoder_136]QueueRead[0] empty, waiting buffer.
09-23 15:16:38.016  5286 27219 W AlarmManager: Unrecognized alarm listener com.android.networkstack.android.net.ip.IpClientLinkObserver$Dhcp6PdPreferredPrefixAlarmListener@95d03b2
09-23 15:16:38.017  5286 27219 D ApfFilter: (wlan0): Adding RA fe80::fad0:eff:fe51:b767 -> ff02::1 180s 2601:600:8281:1c80::/64 7200s/7200s DNS 180s 2001:558:feed::1 2001:558:feed::2 RIO 180s ::/0 
09-23 15:16:38.020  3833  4868 D OplusWifiPowerWakeupStats: ICMPV6_RA wake up count 67
09-23 15:16:38.022  2035 23726 I WifiHAL : event received NL80211_CMD_VENDOR, vendor_id = 0x1374, subcmd = 0xb6
09-23 15:16:38.022  6983 23727 D LOWI-9.0.1.125: [LOWI-Scan] wait_event:Wait done with Cmd 103
09-23 15:16:38.022  6983 23727 D LOWI-9.0.1.125: [LOWI-Scan] do_listen_events: Rcvd valid Netlink Cmd 0 Err 0
09-23 15:16:38.023  2965  2965 I cnss-daemon: nl80211 response handler invoked
09-23 15:16:38.023  2965  2965 I cnss-daemon: nl80211_response_handler: cmd 103, vendorID 4980, subcmd 182  received
09-23 15:16:38.203  2032 28029 I sensors-hal: handle_oplus_wise_rgb_event:191, wise_rgb: (r, g, b, c)[866.00, 913.00, 547.00, 2154.00],(r2,g2,b2,c2)[[0.00, 0.00, 0.00, 0.00], algo:5.0, flag :0
09-23 15:16:38.310  3833  4504 D osense.compress: try do inactive compress task
09-23 15:16:38.390  2112  2183 D BatteryChargeControl: bcc get no support from charging protocol
09-23 15:16:38.523  2032 28029 I sensors-hal: handle_oplus_wise_rgb_event:191, wise_rgb: (r, g, b, c)[869.00, 918.00, 550.00, 2165.00],(r2,g2,b2,c2)[[0.00, 0.00, 0.00, 0.00], algo:5.0, flag :0
09-23 15:16:38.720  2112  2165 D vendor.oplus.hardware.charger-V10-service: parallel fold conf file parse fail parallel_fold_state 2
09-23 15:16:38.720  2112  2165 D vendor.oplus.hardware.charger-V10-service: scale_chg Start!!!
09-23 15:16:38.721  2112  2165 D vendor.oplus.hardware.charger-V10-service: [0, 0, 3]
09-23 15:16:38.721  2112  2165 D vendor.oplus.hardware.charger-V10-service: [0, 2, 10]
09-23 15:16:38.721  2112  2165 D vendor.oplus.hardware.charger-V10-service: [0, 1, 3]
09-23 15:16:38.721  2112  2165 D vendor.oplus.hardware.charger-V10-service: [0, 3, 4]
09-23 15:16:38.721  2112  2165 D vendor.oplus.hardware.charger-V10-service: [0, 4, 4]
09-23 15:16:38.721  2112  2165 D vendor.oplus.hardware.charger-V10-service: [0, 5, 3]
09-23 15:16:38.721  2112  2165 D vendor.oplus.hardware.charger-V10-service: [0, 6, 10]
09-23 15:16:38.721  2112  2165 D vendor.oplus.hardware.charger-V10-service: scale_chg Start!!!
09-23 15:16:38.721  2112  2165 D vendor.oplus.hardware.charger-V10-service: [0, 0, 3]
09-23 15:16:38.721  2112  2165 D vendor.oplus.hardware.charger-V10-service: [0, 2, 10]
09-23 15:16:38.722  2112  2165 D vendor.oplus.hardware.charger-V10-service: [0, 1, 3]
09-23 15:16:38.722  2112  2165 D vendor.oplus.hardware.charger-V10-service: [0, 3, 4]
09-23 15:16:38.722  2112  2165 D vendor.oplus.hardware.charger-V10-service: [0, 4, 4]
09-23 15:16:38.722  2112  2165 D vendor.oplus.hardware.charger-V10-service: [0, 5, 3]
09-23 15:16:38.722  2112  2165 D vendor.oplus.hardware.charger-V10-service: [0, 6, 10]
09-23 15:16:38.845  2032 28029 I sensors-hal: handle_oplus_wise_rgb_event:191, wise_rgb: (r, g, b, c)[871.00, 919.00, 549.00, 2166.00],(r2,g2,b2,c2)[[0.00, 0.00, 0.00, 0.00], algo:5.0, flag :0
09-23 15:16:38.905 31567  2781 I gle.android.gms: Explicit concurrent mark compact GC freed 4869KB AllocSpace bytes, 6(184KB) LOS objects, 50% free, 14MB/29MB, paused 1.777ms,9.958ms total 395.773ms
09-23 15:16:39.073  2112  2180 D vendor.oplus.hardware.charger-V10-service: ret_value:166, read content:,285,285,4484,4483,0,100,100,1,9,1048704,25,5229,100,0,4530,500,2000,0,0,3500,0,0,1,0,2,1,0,0,4,7763,100,7158,6190,6190,0,0,0,0,0,101,100.00,100,100.00,94.54,100.00,
09-23 15:16:39.074  2112  2180 D vendor.oplus.hardware.charger-V10-service: gmtime: 2026-09-23-15-16-39
09-23 15:16:39.074  2112  2180 D vendor.oplus.hardware.charger-V10-service: usb_online:1, ac_online:-2147483648, wireless_online:0
09-23 15:16:39.171  2032 28029 I sensors-hal: handle_oplus_wise_rgb_event:191, wise_rgb: (r, g, b, c)[874.00, 922.00, 552.00, 2179.00],(r2,g2,b2,c2)[[0.00, 0.00, 0.00, 0.00], algo:5.0, flag :0
09-23 15:16:39.171  3833  4659 D FusionLightNextGen: process end reported = 1, mode: 0, cnt: 7540, lux 78.5, cct -1.0, r/g/b/c: 874.0/922.0/552.0/2179.0, R/G/B: -1.0/-1.0/-1.0, bri 0.0, match 0.00, ir 0.659852, conf 0.0, ts 520268261340886
09-23 15:16:39.394  2112  2183 D BatteryChargeControl: bcc get no support from charging protocol
09-23 15:16:39.493  2032 28029 I sensors-hal: handle_oplus_wise_rgb_event:191, wise_rgb: (r, g, b, c)[882.00, 931.00, 555.00, 2192.00],(r2,g2,b2,c2)[[0.00, 0.00, 0.00, 0.00], algo:5.0, flag :0
09-23 15:16:39.666  3833  5295 W Settings: Setting notification_bubbles has moved from android.provider.Settings.Global to android.provider.Settings.Secure, returning read-only value.
09-23 15:16:39.667  3833  5295 W Settings: Setting apply_ramping_ringer has moved from android.provider.Settings.Global to android.provider.Settings.System, returning read-only value.
09-23 15:16:39.671  3833  5295 W SettingsStatsUtil: Can not parse value to float: +network
09-23 15:16:39.813  2032 28029 I sensors-hal: handle_oplus_wise_rgb_event:191, wise_rgb: (r, g, b, c)[887.00, 935.00, 560.00, 2208.00],(r2,g2,b2,c2)[[0.00, 0.00, 0.00, 0.00], algo:5.0, flag :0
09-23 15:16:40.138  2032 28029 I sensors-hal: handle_oplus_wise_rgb_event:191, wise_rgb: (r, g, b, c)[893.00, 942.00, 563.00, 2226.00],(r2,g2,b2,c2)[[0.00, 0.00, 0.00, 0.00], algo:5.0, flag :0
09-23 15:16:40.396  2112  2183 D BatteryChargeControl: bcc get no support from charging protocol
09-23 15:16:40.456  2032 28029 I sensors-hal: handle_oplus_wise_rgb_event:191, wise_rgb: (r, g, b, c)[899.00, 950.00, 569.00, 2245.00],(r2,g2,b2,c2)[[0.00, 0.00, 0.00, 0.00], algo:5.0, flag :0
09-23 15:16:40.779  2032 28029 I sensors-hal: handle_oplus_wise_rgb_event:191, wise_rgb: (r, g, b, c)[909.00, 958.00, 572.00, 2262.00],(r2,g2,b2,c2)[[0.00, 0.00, 0.00, 0.00], algo:5.0, flag :0
09-23 15:16:40.779  2032 28029 I sensors-hal: handle_oplus_wise_rgb_event:217, high_pwm_light:lux 82.3,cct 4545.0,brl/algo/ir 0.0/5.0/659.7,pwm/dc 0.0/0.0,rgbc 909.000000/958.000000/572.000000/2262.000000,ts 520269872838699,cnt 49310,flag 0
09-23 15:16:40.780  3833  4659 D FusionLightNextGen: process end reported = 1, mode: 0, cnt: 7545, lux 80.4, cct -1.0, r/g/b/c: 909.0/958.0/572.0/2262.0, R/G/B: -1.0/-1.0/-1.0, bri 0.0, match 0.00, ir 0.659537, conf 0.0, ts 520269872838699
09-23 15:16:41.104  2032 28029 I sensors-hal: handle_oplus_wise_rgb_event:191, wise_rgb: (r, g, b, c)[918.00, 967.00, 577.00, 2283.00],(r2,g2,b2,c2)[[0.00, 0.00, 0.00, 0.00], algo:5.0, flag :0
09-23 15:16:41.397  2112  2183 D BatteryChargeControl: bcc get no support from charging protocol
09-23 15:16:41.423  2032 28029 I sensors-hal: handle_oplus_wise_rgb_event:191, wise_rgb: (r, g, b, c)[927.00, 977.00, 583.00, 2302.00],(r2,g2,b2,c2)[[0.00, 0.00, 0.00, 0.00], algo:5.0, flag :0
09-23 15:16:41.717 23395 23421 I APS_ALOG: flushRoutine g_immediateFlush=0 g_pendingCount=0 g_oobCount=0 asan-debug7
09-23 15:16:41.749  2032 28029 I sensors-hal: handle_oplus_wise_rgb_event:191, wise_rgb: (r, g, b, c)[935.00, 984.00, 589.00, 2324.00],(r2,g2,b2,c2)[[0.00, 0.00, 0.00, 0.00], algo:5.0, flag :0
09-23 15:16:42.071  2032 28029 I sensors-hal: handle_oplus_wise_rgb_event:191, wise_rgb: (r, g, b, c)[946.00, 992.00, 593.00, 2349.00],(r2,g2,b2,c2)[[0.00, 0.00, 0.00, 0.00], algo:5.0, flag :0
09-23 15:16:42.393  2032 28029 I sensors-hal: handle_oplus_wise_rgb_event:191, wise_rgb: (r, g, b, c)[957.00, 1004.00, 601.00, 2377.00],(r2,g2,b2,c2)[[0.00, 0.00, 0.00, 0.00], algo:5.0, flag :0
09-23 15:16:42.394  3833  4659 D FusionLightNextGen: process end reported = 1, mode: 0, cnt: 7550, lux 84.0, cct -1.0, r/g/b/c: 957.0/1004.0/601.0/2377.0, R/G/B: -1.0/-1.0/-1.0, bri 0.0, match 0.00, ir 0.659493, conf 0.0, ts 520271484143074
09-23 15:16:42.399  2112  2183 D BatteryChargeControl: bcc get no support from charging protocol
09-23 15:16:42.716  2032 28029 I sensors-hal: handle_oplus_wise_rgb_event:191, wise_rgb: (r, g, b, c)[967.00, 1015.00, 607.00, 2402.00],(r2,g2,b2,c2)[[0.00, 0.00, 0.00, 0.00], algo:5.0, flag :0
09-23 15:16:42.891  2072 29069 V Codec2-DumpInput: [processLoop:L764][c2.qti.hevc.decoder_136]QueueRead[0] empty, waiting buffer.
09-23 15:16:43.038  2032 28029 I sensors-hal: handle_oplus_wise_rgb_event:191, wise_rgb: (r, g, b, c)[983.00, 1031.00, 615.00, 2436.00],(r2,g2,b2,c2)[[0.00, 0.00, 0.00, 0.00], algo:5.0, flag :0
09-23 15:16:43.353  2028  2028 D healthd : system healthd: battery l=100 v=4484 t=28.5 h=2 st=5 c=0 fc=7300000 cc=0 chg=u
09-23 15:16:43.357  2032 28029 I sensors-hal: handle_oplus_wise_rgb_event:191, wise_rgb: (r, g, b, c)[995.00, 1042.00, 623.00, 2470.00],(r2,g2,b2,c2)[[0.00, 0.00, 0.00, 0.00], algo:5.0, flag :0
09-23 15:16:43.379  2112  2112 D ChargerInfo: getInfo: type: 0x1, update: 1
09-23 15:16:43.379  2112  2162 D ChargerInfo: chargerInfoUpdateThread: update start
09-23 15:16:43.400  2112  2183 D BatteryChargeControl: bcc get no support from charging protocol
09-23 15:16:43.608  2112  2162 D ChargerInfo: wlsAdapterPower: path(/sys/class/oplus_chg/wireless/max_w_power): not exist
09-23 15:16:43.608  2112  2162 D ChargerInfo: unknown: path(/sys/class/oplus_chg/ac/online) and backupPath(/sys/class/power_supply/ac/online) not exist
09-23 15:16:43.608  2112  2162 D ChargerInfo: unknown: path(/sys/class/oplus_chg/ac/online) and backupPath(/sys/class/power_supply/ac/online) not exist
09-23 15:16:43.609  2112  2162 D ChargerInfo: get_ui_charge_icon_type: 0 0 0 0
09-23 15:16:43.609  2112  2162 D ChargerInfo: unknown: path(/sys/class/oplus_chg/ac/online) and backupPath(/sys/class/power_supply/ac/online) not exist
09-23 15:16:43.609  2112  2162 D ChargerInfo: unknown: path(/sys/class/oplus_chg/ac/online) and backupPath(/sys/class/power_supply/ac/online) not exist
09-23 15:16:43.609  2112  2162 E ChargerInfo: SingleHyperPath not found
09-23 15:16:43.610  2112  2162 D ChargerInfo: chargerInfoUpdateThread: update end
09-23 15:16:43.610  2112  2162 D ChargerInfo: chargerInfoUpdateThread: update wait
09-23 15:16:43.611  2112  2112 D ChargerInfo: wlsAdapterPower: path(/sys/class/oplus_chg/wireless/max_w_power): not exist
09-23 15:16:43.611  2112  2112 D ChargerInfo: getInfo: {"Update":{"batteryFcc":6740,"batteryRm":6190,"bddLeakCurr":0,"bmsStatus":0,"bypassChgStatus":2,"chargeTimeRemaining":0,"cpaPower":10,"enableTx":"disable","fastCharge":0,"isSupportSpeedCharge":0,"notifyCode":1048704,"otgOnline":1,"ppsChargePower":0,"ppsCharging":0,"shortCHwStatus":0,"shortIcOtpStatus":0,"uiIconType":0,"uiPower":0,"usbStatus":0,"wlsAdapterPower":0}}
09-23 15:16:43.681  2032 28029 I sensors-hal: handle_oplus_wise_rgb_event:191, wise_rgb: (r, g, b, c)[1010.00, 1057.00, 632.00, 2505.00],(r2,g2,b2,c2)[[0.00, 0.00, 0.00, 0.00], algo:5.0, flag :0
09-23 15:16:43.723  2112  2165 D vendor.oplus.hardware.charger-V10-service: parallel fold conf file parse fail parallel_fold_state 2
09-23 15:16:43.723  2112  2165 D vendor.oplus.hardware.charger-V10-service: scale_chg Start!!!
09-23 15:16:43.724  2112  2165 D vendor.oplus.hardware.charger-V10-service: [0, 0, 3]
09-23 15:16:43.724  2112  2165 D vendor.oplus.hardware.charger-V10-service: [0, 2, 10]
09-23 15:16:43.724  2112  2165 D vendor.oplus.hardware.charger-V10-service: [0, 1, 3]
09-23 15:16:43.724  2112  2165 D vendor.oplus.hardware.charger-V10-service: [0, 3, 4]
09-23 15:16:43.724  2112  2165 D vendor.oplus.hardware.charger-V10-service: [0, 4, 4]
09-23 15:16:43.724  2112  2165 D vendor.oplus.hardware.charger-V10-service: [0, 5, 3]
09-23 15:16:43.724  2112  2165 D vendor.oplus.hardware.charger-V10-service: [0, 6, 10]
09-23 15:16:43.724  2112  2165 D vendor.oplus.hardware.charger-V10-service: scale_chg Start!!!
09-23 15:16:43.725  2112  2165 D vendor.oplus.hardware.charger-V10-service: [0, 0, 3]
09-23 15:16:43.725  2112  2165 D vendor.oplus.hardware.charger-V10-service: [0, 2, 10]
09-23 15:16:43.725  2112  2165 D vendor.oplus.hardware.charger-V10-service: [0, 1, 3]
09-23 15:16:43.725  2112  2165 D vendor.oplus.hardware.charger-V10-service: [0, 3, 4]
09-23 15:16:43.725  2112  2165 D vendor.oplus.hardware.charger-V10-service: [0, 4, 4]
09-23 15:16:43.725  2112  2165 D vendor.oplus.hardware.charger-V10-service: [0, 5, 3]
09-23 15:16:43.725  2112  2165 D vendor.oplus.hardware.charger-V10-service: [0, 6, 10]
09-23 15:16:44.006  2032 28029 I sensors-hal: handle_oplus_wise_rgb_event:191, wise_rgb: (r, g, b, c)[1028.00, 1077.00, 641.00, 2543.00],(r2,g2,b2,c2)[[0.00, 0.00, 0.00, 0.00], algo:5.0, flag :0
09-23 15:16:44.006  2032 28029 I sensors-hal: handle_oplus_wise_rgb_event:217, high_pwm_light:lux 92.6,cct 4505.3,brl/algo/ir 0.0/5.0/658.8,pwm/dc 0.0/0.0,rgbc 1028.000000/1077.000000/641.000000/2543.000000,ts 520273096697918,cnt 49320,flag 0
09-23 15:16:44.007  3833  4659 D FusionLightNextGen: process end reported = 1, mode: 0, cnt: 7555, lux 88.6, cct -1.0, r/g/b/c: 1028.0/1077.0/641.0/2543.0, R/G/B: -1.0/-1.0/-1.0, bri 0.0, match 0.00, ir 0.658688, conf 0.0, ts 520273096697918
09-23 15:16:44.075  2112  2180 D vendor.oplus.hardware.charger-V10-service: ret_value:166, read content:,285,285,4484,4483,0,100,100,1,9,1048704,66,5229,100,0,4530,500,2000,0,0,3500,0,0,1,0,2,1,0,0,4,7763,100,7158,6190,6190,0,0,0,0,0,101,100.00,100,100.00,94.54,100.00,
09-23 15:16:44.076  2112  2180 D vendor.oplus.hardware.charger-V10-service: gmtime: 2026-09-23-15-16-44
09-23 15:16:44.076  2112  2180 D vendor.oplus.hardware.charger-V10-service: usb_online:1, ac_online:-2147483648, wireless_online:0
09-23 15:16:44.234  7431  3824 I PTC.DISC.AndroidMultiLanServer: Watcher sysNif=[wlan0], userNif=[wlan0 state=(LISTEN JOIN(2CEDBD|21701)), , null], clientNif=[wlan0 state=(LISTEN), , ], tcpServer state=LISTEN, ipv4=**0.239
09-23 15:16:44.328  2032 28029 I sensors-hal: handle_oplus_wise_rgb_event:191, wise_rgb: (r, g, b, c)[1042.00, 1093.00, 651.00, 2578.00],(r2,g2,b2,c2)[[0.00, 0.00, 0.00, 0.00], algo:5.0, flag :0
09-23 15:16:44.401  2112  2183 D BatteryChargeControl: bcc get no support from charging protocol
09-23 15:16:44.648  2032 28029 I sensors-hal: handle_oplus_wise_rgb_event:191, wise_rgb: (r, g, b, c)[1057.00, 1109.00, 659.00, 2616.00],(r2,g2,b2,c2)[[0.00, 0.00, 0.00, 0.00], algo:5.0, flag :0
09-23 15:16:44.970  2032 28029 I sensors-hal: handle_oplus_wise_rgb_event:191, wise_rgb: (r, g, b, c)[1075.00, 1124.00, 670.00, 2656.00],(r2,g2,b2,c2)[[0.00, 0.00, 0.00, 0.00], algo:5.0, flag :0
09-23 15:16:45.194  7776  9897 D ShellSubscriberWorkerThread: the first 8 bytes empty, and RestData length > 8 
09-23 15:16:45.295  2032 28029 I sensors-hal: handle_oplus_wise_rgb_event:191, wise_rgb: (r, g, b, c)[1089.00, 1143.00, 679.00, 2690.00],(r2,g2,b2,c2)[[0.00, 0.00, 0.00, 0.00], algo:5.0, flag :0
09-23 15:16:45.403  2112  2183 D BatteryChargeControl: bcc get no support from charging protocol
09-23 15:16:45.617  2032 28029 I sensors-hal: handle_oplus_wise_rgb_event:191, wise_rgb: (r, g, b, c)[1103.00, 1153.00, 687.00, 2721.00],(r2,g2,b2,c2)[[0.00, 0.00, 0.00, 0.00], algo:5.0, flag :0
09-23 15:16:45.618  3833  4659 D FusionLightNextGen: process end reported = 1, mode: 0, cnt: 7560, lux 95.3, cct -1.0, r/g/b/c: 1103.0/1153.0/687.0/2721.0, R/G/B: -1.0/-1.0/-1.0, bri 0.0, match 0.00, ir 0.658042, conf 0.0, ts 520274708235782
09-23 15:16:45.644  2642 29063 W OplusFeedbackInfo: callingPid(5073) 0xb400007132237f00 c2.qti.hevc.decoder codec[0xb4000071322f0000] 1272x2776 inputFps=0 outputFps=0 renderFps=0, discardFps=0
09-23 15:16:45.936  2032 28029 I sensors-hal: handle_oplus_wise_rgb_event:191, wise_rgb: (r, g, b, c)[1116.00, 1167.00, 694.00, 2750.00],(r2,g2,b2,c2)[[0.00, 0.00, 0.00, 0.00], algo:5.0, flag :0
09-23 15:16:46.262  2032 28029 I sensors-hal: handle_oplus_wise_rgb_event:191, wise_rgb: (r, g, b, c)[1126.00, 1176.00, 699.00, 2775.00],(r2,g2,b2,c2)[[0.00, 0.00, 0.00, 0.00], algo:5.0, flag :0
09-23 15:16:46.408  2112  2183 D BatteryChargeControl: bcc get no support from charging protocol
09-23 15:16:46.584  2032 28029 I sensors-hal: handle_oplus_wise_rgb_event:191, wise_rgb: (r, g, b, c)[1136.00, 1186.00, 704.00, 2798.00],(r2,g2,b2,c2)[[0.00, 0.00, 0.00, 0.00], algo:5.0, flag :0
09-23 15:16:46.721 23395 23421 W OPLUS_LOG_LOAD: ==LOGS PROG INFO, prog(com.oplus.camera) ==
09-23 15:16:46.721 23395 23421 I APS_ALOG: flushRoutine g_immediateFlush=0 g_pendingCount=0 g_oobCount=0 asan-debug7
09-23 15:16:46.907  2032 28029 I sensors-hal: handle_oplus_wise_rgb_event:191, wise_rgb: (r, g, b, c)[1145.00, 1193.00, 708.00, 2818.00],(r2,g2,b2,c2)[[0.00, 0.00, 0.00, 0.00], algo:5.0, flag :0
09-23 15:16:47.229  2032 28029 I sensors-hal: handle_oplus_wise_rgb_event:191, wise_rgb: (r, g, b, c)[1151.00, 1200.00, 714.00, 2829.00],(r2,g2,b2,c2)[[0.00, 0.00, 0.00, 0.00], algo:5.0, flag :0
09-23 15:16:47.229  2032 28029 I sensors-hal: handle_oplus_wise_rgb_event:217, high_pwm_light:lux 103.5,cct 4490.8,brl/algo/ir 0.0/5.0/657.4,pwm/dc 0.0/0.0,rgbc 1151.000000/1200.000000/714.000000/2829.000000,ts 520276319719793,cnt 49330,flag 0
09-23 15:16:47.230  3833  4659 D FusionLightNextGen: process end reported = 1, mode: 0, cnt: 7565, lux 101.3, cct -1.0, r/g/b/c: 1151.0/1200.0/714.0/2829.0, R/G/B: -1.0/-1.0/-1.0, bri 0.0, match 0.00, ir 0.657306, conf 0.0, ts 520276319719793
09-23 15:16:47.412  2112  2183 D BatteryChargeControl: bcc get no support from charging protocol
09-23 15:16:47.429  7337 11175 D gaia-GaiaConnectChecker: start connect check++
09-23 15:16:47.549  2032 28029 I sensors-hal: handle_oplus_wise_rgb_event:191, wise_rgb: (r, g, b, c)[1155.00, 1203.00, 716.00, 2840.00],(r2,g2,b2,c2)[[0.00, 0.00, 0.00, 0.00], algo:5.0, flag :0
09-23 15:16:47.783  7337  8673 D gaia-GaiaConnectChecker: start connect check++
09-23 15:16:47.874  2032 28029 I sensors-hal: handle_oplus_wise_rgb_event:191, wise_rgb: (r, g, b, c)[1158.00, 1206.00, 718.00, 2844.00],(r2,g2,b2,c2)[[0.00, 0.00, 0.00, 0.00], algo:5.0, flag :0
09-23 15:16:47.892  2072 29069 V Codec2-DumpInput: [processLoop:L764][c2.qti.hevc.decoder_136]QueueRead[0] empty, waiting buffer.
09-23 15:16:48.193  2032 28029 I sensors-hal: handle_oplus_wise_rgb_event:191, wise_rgb: (r, g, b, c)[1160.00, 1209.00, 719.00, 2850.00],(r2,g2,b2,c2)[[0.00, 0.00, 0.00, 0.00], algo:5.0, flag :0
09-23 15:16:48.416  2112  2183 D BatteryChargeControl: bcc get no support from charging protocol
09-23 15:16:48.519  2032 28029 I sensors-hal: handle_oplus_wise_rgb_event:191, wise_rgb: (r, g, b, c)[1158.00, 1208.00, 719.00, 2848.00],(r2,g2,b2,c2)[[0.00, 0.00, 0.00, 0.00], algo:5.0, flag :0
09-23 15:16:48.725  2112  2165 D vendor.oplus.hardware.charger-V10-service: parallel fold conf file parse fail parallel_fold_state 2
09-23 15:16:48.726  2112  2165 D vendor.oplus.hardware.charger-V10-service: scale_chg Start!!!
09-23 15:16:48.727  2112  2165 D vendor.oplus.hardware.charger-V10-service: [0, 0, 3]
09-23 15:16:48.727  2112  2165 D vendor.oplus.hardware.charger-V10-service: [0, 2, 10]
09-23 15:16:48.727  2112  2165 D vendor.oplus.hardware.charger-V10-service: [0, 1, 3]
09-23 15:16:48.727  2112  2165 D vendor.oplus.hardware.charger-V10-service: [0, 3, 4]
09-23 15:16:48.727  2112  2165 D vendor.oplus.hardware.charger-V10-service: [0, 4, 4]
09-23 15:16:48.727  2112  2165 D vendor.oplus.hardware.charger-V10-service: [0, 5, 3]
09-23 15:16:48.727  2112  2165 D vendor.oplus.hardware.charger-V10-service: [0, 6, 10]
09-23 15:16:48.727  2112  2165 D vendor.oplus.hardware.charger-V10-service: scale_chg Start!!!
09-23 15:16:48.727  2112  2165 D vendor.oplus.hardware.charger-V10-service: [0, 0, 3]
09-23 15:16:48.728  2112  2165 D vendor.oplus.hardware.charger-V10-service: [0, 2, 10]
09-23 15:16:48.728  2112  2165 D vendor.oplus.hardware.charger-V10-service: [0, 1, 3]
09-23 15:16:48.728  2112  2165 D vendor.oplus.hardware.charger-V10-service: [0, 3, 4]
09-23 15:16:48.728  2112  2165 D vendor.oplus.hardware.charger-V10-service: [0, 4, 4]
09-23 15:16:48.729  2112  2165 D vendor.oplus.hardware.charger-V10-service: [0, 5, 3]
09-23 15:16:48.730  2112  2165 D vendor.oplus.hardware.charger-V10-service: [0, 6, 10]
09-23 15:16:48.843  2032 28029 I sensors-hal: handle_oplus_wise_rgb_event:191, wise_rgb: (r, g, b, c)[1159.00, 1213.00, 719.00, 2853.00],(r2,g2,b2,c2)[[0.00, 0.00, 0.00, 0.00], algo:5.0, flag :0
09-23 15:16:48.843  3833  4659 W OPLUS_LOG_LOAD: ==LOGS PROG INFO, prog(system_server) ==
09-23 15:16:48.843  3833  4659 D FusionLightNextGen: process end reported = 1, mode: 0, cnt: 7570, lux 104.1, cct -1.0, r/g/b/c: 1159.0/1213.0/719.0/2853.0, R/G/B: -1.0/-1.0/-1.0, bri 0.0, match 0.00, ir 0.657427, conf 0.0, ts 520277932151199
09-23 15:16:49.077  2112  2180 D vendor.oplus.hardware.charger-V10-service: ret_value:166, read content:,285,285,4484,4483,0,100,100,1,9,1048704,59,5237,100,0,4530,500,2000,0,0,3500,0,0,1,0,2,1,0,0,4,7763,100,7158,6190,6190,0,0,0,0,0,101,100.00,100,100.00,94.54,100.00,
09-23 15:16:49.079  2112  2180 D vendor.oplus.hardware.charger-V10-service: gmtime: 2026-09-23-15-16-49
09-23 15:16:49.080  2112  2180 D vendor.oplus.hardware.charger-V10-service: usb_online:1, ac_online:-2147483648, wireless_online:0
09-23 15:16:49.164  2032 28029 I sensors-hal: handle_oplus_wise_rgb_event:191, wise_rgb: (r, g, b, c)[1159.00, 1210.00, 720.00, 2857.00],(r2,g2,b2,c2)[[0.00, 0.00, 0.00, 0.00], algo:5.0, flag :0
09-23 15:16:49.420  2112  2183 D BatteryChargeControl: bcc get no support from charging protocol
09-23 15:16:49.484  2032 28029 I sensors-hal: handle_oplus_wise_rgb_event:191, wise_rgb: (r, g, b, c)[1160.00, 1209.00, 718.00, 2853.00],(r2,g2,b2,c2)[[0.00, 0.00, 0.00, 0.00], algo:5.0, flag :0
09-23 15:16:49.784  1871  1894 E statsd  : Could not find a broadcast receiver for (1000 1002)
09-23 15:16:49.784  1871  1894 E statsd  : Could not find a broadcast receiver for (1000 100000)
09-23 15:16:49.808  2032 28029 I sensors-hal: handle_oplus_wise_rgb_event:191, wise_rgb: (r, g, b, c)[1158.00, 1209.00, 719.00, 2850.00],(r2,g2,b2,c2)[[0.00, 0.00, 0.00, 0.00], algo:5.0, flag :0
09-23 15:16:50.128  2032 28029 I sensors-hal: handle_oplus_wise_rgb_event:191, wise_rgb: (r, g, b, c)[1158.00, 1208.00, 718.00, 2850.00],(r2,g2,b2,c2)[[0.00, 0.00, 0.00, 0.00], algo:5.0, flag :0
09-23 15:16:50.192  7776  9897 D ShellSubscriberWorkerThread: the first 8 bytes empty, and RestData length > 8 
09-23 15:16:50.425  2112  2183 D BatteryChargeControl: bcc get no support from charging protocol
09-23 15:16:50.453  2032 28029 I sensors-hal: handle_oplus_wise_rgb_event:191, wise_rgb: (r, g, b, c)[1155.00, 1208.00, 719.00, 2847.00],(r2,g2,b2,c2)[[0.00, 0.00, 0.00, 0.00], algo:5.0, flag :0
09-23 15:16:50.453  2032 28029 I sensors-hal: handle_oplus_wise_rgb_event:217, high_pwm_light:lux 104.1,cct 4504.6,brl/algo/ir 0.0/5.0/657.9,pwm/dc 0.0/0.0,rgbc 1155.000000/1208.000000/719.000000/2847.000000,ts 520279543752501,cnt 49340,flag 0
09-23 15:16:50.454  3833  4659 D FusionLightNextGen: process end reported = 1, mode: 0, cnt: 7575, lux 104.2, cct -1.0, r/g/b/c: 1155.0/1208.0/719.0/2847.0, R/G/B: -1.0/-1.0/-1.0, bri 0.0, match 0.00, ir 0.657747, conf 0.0, ts 520279543752501
09-23 15:16:50.773  2032 28029 I sensors-hal: handle_oplus_wise_rgb_event:191, wise_rgb: (r, g, b, c)[1153.00, 1202.00, 717.00, 2846.00],(r2,g2,b2,c2)[[0.00, 0.00, 0.00, 0.00], algo:5.0, flag :0
09-23 15:16:51.097  2032 28029 I sensors-hal: handle_oplus_wise_rgb_event:191, wise_rgb: (r, g, b, c)[1152.00, 1204.00, 715.00, 2845.00],(r2,g2,b2,c2)[[0.00, 0.00, 0.00, 0.00], algo:5.0, flag :0
09-23 15:16:51.417  2032 28029 I sensors-hal: handle_oplus_wise_rgb_event:191, wise_rgb: (r, g, b, c)[1152.00, 1203.00, 716.00, 2843.00],(r2,g2,b2,c2)[[0.00, 0.00, 0.00, 0.00], algo:5.0, flag :0
09-23 15:16:51.426  2112  2183 D BatteryChargeControl: bcc get no support from charging protocol
09-23 15:16:51.723 23395 23421 I APS_ALOG: flushRoutine g_immediateFlush=0 g_pendingCount=0 g_oobCount=0 asan-debug7
09-23 15:16:51.740  2032 28029 I sensors-hal: handle_oplus_wise_rgb_event:191, wise_rgb: (r, g, b, c)[1151.00, 1205.00, 716.00, 2839.00],(r2,g2,b2,c2)[[0.00, 0.00, 0.00, 0.00], algo:5.0, flag :0
09-23 15:16:52.065  2032 28029 I sensors-hal: handle_oplus_wise_rgb_event:191, wise_rgb: (r, g, b, c)[1153.00, 1203.00, 716.00, 2843.00],(r2,g2,b2,c2)[[0.00, 0.00, 0.00, 0.00], algo:5.0, flag :0
09-23 15:16:52.065  3833  4659 D FusionLightNextGen: process end reported = 1, mode: 0, cnt: 7580, lux 103.6, cct -1.0, r/g/b/c: 1153.0/1203.0/716.0/2843.0, R/G/B: -1.0/-1.0/-1.0, bri 0.0, match 0.00, ir 0.658258, conf 0.0, ts 520281155324093
09-23 15:16:52.385  2032 28029 I sensors-hal: handle_oplus_wise_rgb_event:191, wise_rgb: (r, g, b, c)[1152.00, 1204.00, 717.00, 2845.00],(r2,g2,b2,c2)[[0.00, 0.00, 0.00, 0.00], algo:5.0, flag :0
09-23 15:16:52.427  2112  2183 D BatteryChargeControl: bcc get no support from charging protocol
09-23 15:16:52.709  2032 28029 I sensors-hal: handle_oplus_wise_rgb_event:191, wise_rgb: (r, g, b, c)[1153.00, 1204.00, 716.00, 2849.00],(r2,g2,b2,c2)[[0.00, 0.00, 0.00, 0.00], algo:5.0, flag :0
09-23 15:16:52.893  2072 29069 V Codec2-DumpInput: [processLoop:L764][c2.qti.hevc.decoder_136]QueueRead[0] empty, waiting buffer.
09-23 15:16:53.030  2032 28029 I sensors-hal: handle_oplus_wise_rgb_event:191, wise_rgb: (r, g, b, c)[1152.00, 1204.00, 717.00, 2849.00],(r2,g2,b2,c2)[[0.00, 0.00, 0.00, 0.00], algo:5.0, flag :0
09-23 15:16:53.351  2032 28029 I sensors-hal: handle_oplus_wise_rgb_event:191, wise_rgb: (r, g, b, c)[1154.00, 1206.00, 717.00, 2849.00],(r2,g2,b2,c2)[[0.00, 0.00, 0.00, 0.00], algo:5.0, flag :0
09-23 15:16:53.431  2112  2183 D BatteryChargeControl: bcc get no support from charging protocol
09-23 15:16:53.674  2032 28029 I sensors-hal: handle_oplus_wise_rgb_event:191, wise_rgb: (r, g, b, c)[1153.00, 1205.00, 720.00, 2853.00],(r2,g2,b2,c2)[[0.00, 0.00, 0.00, 0.00], algo:5.0, flag :0
09-23 15:16:53.674  2032 28029 I sensors-hal: handle_oplus_wise_rgb_event:217, high_pwm_light:lux 103.7,cct 4512.4,brl/algo/ir 0.0/5.0/659.1,pwm/dc 0.0/0.0,rgbc 1153.000000/1205.000000/720.000000/2853.000000,ts 520282767867374,cnt 49350,flag 0
09-23 15:16:53.675  3833  4659 D FusionLightNextGen: process end reported = 1, mode: 0, cnt: 7585, lux 103.6, cct -1.0, r/g/b/c: 1153.0/1205.0/720.0/2853.0, R/G/B: -1.0/-1.0/-1.0, bri 0.0, match 0.00, ir 0.658944, conf 0.0, ts 520282767867374
09-23 15:16:53.731  2112  2165 D vendor.oplus.hardware.charger-V10-service: parallel fold conf file parse fail parallel_fold_state 2
09-23 15:16:53.731  2112  2165 D vendor.oplus.hardware.charger-V10-service: scale_chg Start!!!
09-23 15:16:53.732  2112  2165 D vendor.oplus.hardware.charger-V10-service: [0, 0, 3]
09-23 15:16:53.732  2112  2165 D vendor.oplus.hardware.charger-V10-service: [0, 2, 10]
09-23 15:16:53.732  2112  2165 D vendor.oplus.hardware.charger-V10-service: [0, 1, 3]
09-23 15:16:53.732  2112  2165 D vendor.oplus.hardware.charger-V10-service: [0, 3, 4]
09-23 15:16:53.732  2112  2165 D vendor.oplus.hardware.charger-V10-service: [0, 4, 4]
09-23 15:16:53.732  2112  2165 D vendor.oplus.hardware.charger-V10-service: [0, 5, 3]
09-23 15:16:53.732  2112  2165 D vendor.oplus.hardware.charger-V10-service: [0, 6, 10]
09-23 15:16:53.732  2112  2165 D vendor.oplus.hardware.charger-V10-service: scale_chg Start!!!
09-23 15:16:53.732  2112  2165 D vendor.oplus.hardware.charger-V10-service: [0, 0, 3]
09-23 15:16:53.732  2112  2165 D vendor.oplus.hardware.charger-V10-service: [0, 2, 10]
09-23 15:16:53.732  2112  2165 D vendor.oplus.hardware.charger-V10-service: [0, 1, 3]
09-23 15:16:53.732  2112  2165 D vendor.oplus.hardware.charger-V10-service: [0, 3, 4]
09-23 15:16:53.732  2112  2165 D vendor.oplus.hardware.charger-V10-service: [0, 4, 4]
09-23 15:16:53.733  2112  2165 D vendor.oplus.hardware.charger-V10-service: [0, 5, 3]
09-23 15:16:53.733  2112  2165 D vendor.oplus.hardware.charger-V10-service: [0, 6, 10]
09-23 15:16:53.996  2032 28029 I sensors-hal: handle_oplus_wise_rgb_event:191, wise_rgb: (r, g, b, c)[1156.00, 1207.00, 718.00, 2852.00],(r2,g2,b2,c2)[[0.00, 0.00, 0.00, 0.00], algo:5.0, flag :0
09-23 15:16:54.087  2112  2180 D vendor.oplus.hardware.charger-V10-service: ret_value:166, read content:,285,285,4484,4483,0,100,100,1,9,1048704,59,5238,100,0,4530,500,2000,0,0,3500,0,0,1,0,2,1,0,0,4,7763,100,7158,6190,6190,0,0,0,0,0,101,100.00,100,100.00,94.54,100.00,
09-23 15:16:54.087  2112  2180 D vendor.oplus.hardware.charger-V10-service: gmtime: 2026-09-23-15-16-54
09-23 15:16:54.088  2112  2180 D vendor.oplus.hardware.charger-V10-service: usb_online:1, ac_online:-2147483648, wireless_online:0
09-23 15:16:54.322  2032 28029 I sensors-hal: handle_oplus_wise_rgb_event:191, wise_rgb: (r, g, b, c)[1160.00, 1208.00, 719.00, 2860.00],(r2,g2,b2,c2)[[0.00, 0.00, 0.00, 0.00], algo:5.0, flag :0
09-23 15:16:54.436  2112  2183 D BatteryChargeControl: bcc get no support from charging protocol
09-23 15:16:54.646  2032 28029 I sensors-hal: handle_oplus_wise_rgb_event:191, wise_rgb: (r, g, b, c)[1159.00, 1211.00, 721.00, 2865.00],(r2,g2,b2,c2)[[0.00, 0.00, 0.00, 0.00], algo:5.0, flag :0
09-23 15:16:54.966  2032 28029 I sensors-hal: handle_oplus_wise_rgb_event:191, wise_rgb: (r, g, b, c)[1161.00, 1215.00, 722.00, 2869.00],(r2,g2,b2,c2)[[0.00, 0.00, 0.00, 0.00], algo:5.0, flag :0
09-23 15:16:55.192  7776  9897 D ShellSubscriberWorkerThread: the first 8 bytes empty, and RestData length > 8 
09-23 15:16:55.286  2032 28029 I sensors-hal: handle_oplus_wise_rgb_event:191, wise_rgb: (r, g, b, c)[1164.00, 1216.00, 723.00, 2876.00],(r2,g2,b2,c2)[[0.00, 0.00, 0.00, 0.00], algo:5.0, flag :0
09-23 15:16:55.286  3833  4659 D FusionLightNextGen: process end reported = 1, mode: 0, cnt: 7590, lux 104.0, cct -1.0, r/g/b/c: 1164.0/1216.0/723.0/2876.0, R/G/B: -1.0/-1.0/-1.0, bri 0.0, match 0.00, ir 0.658813, conf 0.0, ts 520284379363155
09-23 15:16:55.440  2112  2183 D BatteryChargeControl: bcc get no support from charging protocol
09-23 15:16:55.611  2032 28029 I sensors-hal: handle_oplus_wise_rgb_event:191, wise_rgb: (r, g, b, c)[1169.00, 1218.00, 726.00, 2882.00],(r2,g2,b2,c2)[[0.00, 0.00, 0.00, 0.00], algo:5.0, flag :0
09-23 15:16:55.930  2032 28029 I sensors-hal: handle_oplus_wise_rgb_event:191, wise_rgb: (r, g, b, c)[1172.00, 1220.00, 728.00, 2893.00],(r2,g2,b2,c2)[[0.00, 0.00, 0.00, 0.00], algo:5.0, flag :0
09-23 15:16:56.252  2032 28029 I sensors-hal: handle_oplus_wise_rgb_event:191, wise_rgb: (r, g, b, c)[1175.00, 1227.00, 730.00, 2907.00],(r2,g2,b2,c2)[[0.00, 0.00, 0.00, 0.00], algo:5.0, flag :0
09-23 15:16:56.442  2112  2183 D BatteryChargeControl: bcc get no support from charging protocol
09-23 15:16:56.578  2032 28029 I sensors-hal: handle_oplus_wise_rgb_event:191, wise_rgb: (r, g, b, c)[1181.00, 1230.00, 733.00, 2914.00],(r2,g2,b2,c2)[[0.00, 0.00, 0.00, 0.00], algo:5.0, flag :0
09-23 15:16:56.727 23395 23421 W OPLUS_LOG_LOAD: ==LOGS PROG INFO, prog(com.oplus.camera) ==
09-23 15:16:56.727 23395 23421 I APS_ALOG: flushRoutine g_immediateFlush=0 g_pendingCount=0 g_oobCount=0 asan-debug7
09-23 15:16:56.897  2032 28029 I sensors-hal: handle_oplus_wise_rgb_event:191, wise_rgb: (r, g, b, c)[1184.00, 1232.00, 736.00, 2921.00],(r2,g2,b2,c2)[[0.00, 0.00, 0.00, 0.00], algo:5.0, flag :0
09-23 15:16:56.897  2032 28029 I sensors-hal: handle_oplus_wise_rgb_event:217, high_pwm_light:lux 106.1,cct 4492.2,brl/algo/ir 0.0/5.0/658.8,pwm/dc 0.0/0.0,rgbc 1184.000000/1232.000000/736.000000/2921.000000,ts 520285990927895,cnt 49360,flag 0
09-23 15:16:56.898  3833  4659 D FusionLightNextGen: process end reported = 1, mode: 0, cnt: 7595, lux 105.0, cct -1.0, r/g/b/c: 1184.0/1232.0/736.0/2921.0, R/G/B: -1.0/-1.0/-1.0, bri 0.0, match 0.00, ir 0.658656, conf 0.0, ts 520285990927895
09-23 15:16:57.223  2032 28029 I sensors-hal: handle_oplus_wise_rgb_event:191, wise_rgb: (r, g, b, c)[1186.00, 1237.00, 738.00, 2931.00],(r2,g2,b2,c2)[[0.00, 0.00, 0.00, 0.00], algo:5.0, flag :0
09-23 15:16:57.430  7337 11175 D gaia-GaiaConnectChecker: start connect check++
09-23 15:16:57.443  2112  2183 D BatteryChargeControl: bcc get no support from charging protocol
09-23 15:16:57.541  2032 28029 I sensors-hal: handle_oplus_wise_rgb_event:191, wise_rgb: (r, g, b, c)[1194.00, 1242.00, 740.00, 2941.00],(r2,g2,b2,c2)[[0.00, 0.00, 0.00, 0.00], algo:5.0, flag :0
09-23 15:16:57.784  7337  8673 D gaia-GaiaConnectChecker: start connect check++
09-23 15:16:57.867  2032 28029 I sensors-hal: handle_oplus_wise_rgb_event:191, wise_rgb: (r, g, b, c)[1196.00, 1247.00, 743.00, 2953.00],(r2,g2,b2,c2)[[0.00, 0.00, 0.00, 0.00], algo:5.0, flag :0
09-23 15:16:57.894  2072 29069 V Codec2-DumpInput: [processLoop:L764][c2.qti.hevc.decoder_136]QueueRead[0] empty, waiting buffer.
09-23 15:16:58.187  2032 28029 I sensors-hal: handle_oplus_wise_rgb_event:191, wise_rgb: (r, g, b, c)[1201.00, 1251.00, 746.00, 2967.00],(r2,g2,b2,c2)[[0.00, 0.00, 0.00, 0.00], algo:5.0, flag :0
09-23 15:16:58.447  2112  2183 D BatteryChargeControl: bcc get no support from charging protocol
09-23 15:16:58.513  2032 28029 I sensors-hal: handle_oplus_wise_rgb_event:191, wise_rgb: (r, g, b, c)[1204.00, 1256.00, 749.00, 2973.00],(r2,g2,b2,c2)[[0.00, 0.00, 0.00, 0.00], algo:5.0, flag :0
09-23 15:16:58.513  3833  4659 D FusionLightNextGen: process end reported = 1, mode: 0, cnt: 7600, lux 107.0, cct -1.0, r/g/b/c: 1204.0/1256.0/749.0/2973.0, R/G/B: -1.0/-1.0/-1.0, bri 0.0, match 0.00, ir 0.658654, conf 0.0, ts 520287603407114
09-23 15:16:58.736  2112  2165 D vendor.oplus.hardware.charger-V10-service: parallel fold conf file parse fail parallel_fold_state 2
09-23 15:16:58.737  2112  2165 D vendor.oplus.hardware.charger-V10-service: scale_chg Start!!!
09-23 15:16:58.737  2112  2165 D vendor.oplus.hardware.charger-V10-service: [0, 0, 3]
09-23 15:16:58.737  2112  2165 D vendor.oplus.hardware.charger-V10-service: [0, 2, 10]
09-23 15:16:58.738  2112  2165 D vendor.oplus.hardware.charger-V10-service: [0, 1, 3]
09-23 15:16:58.738  2112  2165 D vendor.oplus.hardware.charger-V10-service: [0, 3, 4]
09-23 15:16:58.738  2112  2165 D vendor.oplus.hardware.charger-V10-service: [0, 4, 4]
09-23 15:16:58.738  2112  2165 D vendor.oplus.hardware.charger-V10-service: [0, 5, 3]
09-23 15:16:58.738  2112  2165 D vendor.oplus.hardware.charger-V10-service: [0, 6, 10]
09-23 15:16:58.738  2112  2165 D vendor.oplus.hardware.charger-V10-service: scale_chg Start!!!
09-23 15:16:58.738  2112  2165 D vendor.oplus.hardware.charger-V10-service: [0, 0, 3]
09-23 15:16:58.738  2112  2165 D vendor.oplus.hardware.charger-V10-service: [0, 2, 10]
09-23 15:16:58.738  2112  2165 D vendor.oplus.hardware.charger-V10-service: [0, 1, 3]
09-23 15:16:58.738  2112  2165 D vendor.oplus.hardware.charger-V10-service: [0, 3, 4]
09-23 15:16:58.739  2112  2165 D vendor.oplus.hardware.charger-V10-service: [0, 4, 4]
09-23 15:16:58.739  2112  2165 D vendor.oplus.hardware.charger-V10-service: [0, 5, 3]
09-23 15:16:58.739  2112  2165 D vendor.oplus.hardware.charger-V10-service: [0, 6, 10]
09-23 15:16:58.832  2032 28029 I sensors-hal: handle_oplus_wise_rgb_event:191, wise_rgb: (r, g, b, c)[1209.00, 1262.00, 751.00, 2987.00],(r2,g2,b2,c2)[[0.00, 0.00, 0.00, 0.00], algo:5.0, flag :0
09-23 15:16:59.089  2112  2180 D vendor.oplus.hardware.charger-V10-service: ret_value:166, read content:,285,285,4484,4483,0,100,100,1,9,1048704,37,5238,100,0,4530,500,2000,0,0,3500,0,0,1,0,2,1,0,0,4,7763,100,7158,6190,6190,0,0,0,0,0,101,100.00,100,100.00,94.54,100.00,
09-23 15:16:59.089  2112  2180 D vendor.oplus.hardware.charger-V10-service: gmtime: 2026-09-23-15-16-59
09-23 15:16:59.090  2112  2180 D vendor.oplus.hardware.charger-V10-service: usb_online:1, ac_online:-2147483648, wireless_online:0
09-23 15:16:59.157  2032 28029 I sensors-hal: handle_oplus_wise_rgb_event:191, wise_rgb: (r, g, b, c)[1216.00, 1267.00, 753.00, 3005.00],(r2,g2,b2,c2)[[0.00, 0.00, 0.00, 0.00], algo:5.0, flag :0
09-23 15:16:59.448  2112  2183 D BatteryChargeControl: bcc get no support from charging protocol
09-23 15:16:59.476  2032 28029 I sensors-hal: handle_oplus_wise_rgb_event:191, wise_rgb: (r, g, b, c)[1219.00, 1274.00, 758.00, 3018.00],(r2,g2,b2,c2)[[0.00, 0.00, 0.00, 0.00], algo:5.0, flag :0
09-23 15:16:59.802  2032 28029 I sensors-hal: handle_oplus_wise_rgb_event:191, wise_rgb: (r, g, b, c)[1228.00, 1278.00, 761.00, 3032.00],(r2,g2,b2,c2)[[0.00, 0.00, 0.00, 0.00], algo:5.0, flag :0
09-23 15:17:00.004  5344  5344 W OPLUS_LOG_LOAD: ==LOGS PROG INFO, prog(com.android.systemui) ==
09-23 15:17:00.004  5344  5344 I SystemUi--SystemUi--: Clock-->smallTime: 3:17
09-23 15:17:00.005  5344  5344 I SystemUi--SystemUi--: Clock-->smallTime: 3:17
09-23 15:17:00.005  5344  5344 I SystemUi--SystemUi--: Clock-->smallTime: 3:17
09-23 15:17:00.024  5344  5344 I SystemUi--Notification: SimpleQsClock-->textWidth:86.0, mPaddingEnd 21, dynamicWidth 124, systemFontScale 1.0
09-23 15:17:00.029  5344  5344 I SystemUi--SystemUi--: Clock-->smallTime: 3:17
09-23 15:17:00.122  2032 28029 I sensors-hal: handle_oplus_wise_rgb_event:191, wise_rgb: (r, g, b, c)[1232.00, 1283.00, 763.00, 3044.00],(r2,g2,b2,c2)[[0.00, 0.00, 0.00, 0.00], algo:5.0, flag :0
09-23 15:17:00.122  2032 28029 I sensors-hal: handle_oplus_wise_rgb_event:217, high_pwm_light:lux 110.3,cct 4467.1,brl/algo/ir 0.0/5.0/659.4,pwm/dc 0.0/0.0,rgbc 1232.000000/1283.000000/763.000000/3044.000000,ts 520289214936384,cnt 49370,flag 0
09-23 15:17:00.123  3833  4659 W OPLUS_LOG_LOAD: ==LOGS PROG INFO, prog(system_server) ==
09-23 15:17:00.123  3833  4659 D FusionLightNextGen: process end reported = 1, mode: 0, cnt: 7605, lux 108.9, cct -1.0, r/g/b/c: 1232.0/1283.0/763.0/3044.0, R/G/B: -1.0/-1.0/-1.0, bri 0.0, match 0.00, ir 0.659313, conf 0.0, ts 520289214936384
09-23 15:17:00.192  7776  9897 D ShellSubscriberWorkerThread: the first 8 bytes empty, and RestData length > 8 
09-23 15:17:00.444  2032 28029 I sensors-hal: handle_oplus_wise_rgb_event:191, wise_rgb: (r, g, b, c)[1237.00, 1289.00, 767.00, 3056.00],(r2,g2,b2,c2)[[0.00, 0.00, 0.00, 0.00], algo:5.0, flag :0
09-23 15:17:00.449  2112  2183 D BatteryChargeControl: bcc get no support from charging protocol
09-23 15:17:00.769  2032 28029 I sensors-hal: handle_oplus_wise_rgb_event:191, wise_rgb: (r, g, b, c)[1241.00, 1291.00, 769.00, 3067.00],(r2,g2,b2,c2)[[0.00, 0.00, 0.00, 0.00], algo:5.0, flag :0
09-23 15:17:01.091  2032 28029 I sensors-hal: handle_oplus_wise_rgb_event:191, wise_rgb: (r, g, b, c)[1245.00, 1297.00, 772.00, 3073.00],(r2,g2,b2,c2)[[0.00, 0.00, 0.00, 0.00], algo:5.0, flag :0
09-23 15:17:01.410  2032 28029 I sensors-hal: handle_oplus_wise_rgb_event:191, wise_rgb: (r, g, b, c)[1247.00, 1298.00, 774.00, 3078.00],(r2,g2,b2,c2)[[0.00, 0.00, 0.00, 0.00], algo:5.0, flag :0
09-23 15:17:01.454  2112  2183 D BatteryChargeControl: bcc get no support from charging protocol
09-23 15:17:01.733  2032 28029 I sensors-hal: handle_oplus_wise_rgb_event:191, wise_rgb: (r, g, b, c)[1249.00, 1299.00, 775.00, 3086.00],(r2,g2,b2,c2)[[0.00, 0.00, 0.00, 0.00], algo:5.0, flag :0
09-23 15:17:01.733 23395 23421 I APS_ALOG: flushRoutine g_immediateFlush=0 g_pendingCount=0 g_oobCount=0 asan-debug7
09-23 15:17:01.733  3833  4659 D FusionLightNextGen: process end reported = 1, mode: 0, cnt: 7610, lux 111.0, cct -1.0, r/g/b/c: 1249.0/1299.0/775.0/3086.0, R/G/B: -1.0/-1.0/-1.0, bri 0.0, match 0.00, ir 0.659330, conf 0.0, ts 520290826621489
09-23 15:17:02.058  2032 28029 I sensors-hal: handle_oplus_wise_rgb_event:191, wise_rgb: (r, g, b, c)[1250.00, 1300.00, 774.00, 3085.00],(r2,g2,b2,c2)[[0.00, 0.00, 0.00, 0.00], algo:5.0, flag :0
09-23 15:17:02.379  2032 28029 I sensors-hal: handle_oplus_wise_rgb_event:191, wise_rgb: (r, g, b, c)[1251.00, 1301.00, 776.00, 3089.00],(r2,g2,b2,c2)[[0.00, 0.00, 0.00, 0.00], algo:5.0, flag :0
09-23 15:17:02.455  2112  2183 D BatteryChargeControl: bcc get no support from charging protocol
09-23 15:17:02.704  2032 28029 I sensors-hal: handle_oplus_wise_rgb_event:191, wise_rgb: (r, g, b, c)[1249.00, 1302.00, 774.00, 3088.00],(r2,g2,b2,c2)[[0.00, 0.00, 0.00, 0.00], algo:5.0, flag :0
09-23 15:17:02.894  2072 29069 V Codec2-DumpInput: [processLoop:L764][c2.qti.hevc.decoder_136]QueueRead[0] empty, waiting buffer.
09-23 15:17:03.023  2032 28029 I sensors-hal: handle_oplus_wise_rgb_event:191, wise_rgb: (r, g, b, c)[1249.00, 1298.00, 773.00, 3085.00],(r2,g2,b2,c2)[[0.00, 0.00, 0.00, 0.00], algo:5.0, flag :0
09-23 15:17:03.349  2032 28029 I sensors-hal: handle_oplus_wise_rgb_event:191, wise_rgb: (r, g, b, c)[1243.00, 1298.00, 773.00, 3080.00],(r2,g2,b2,c2)[[0.00, 0.00, 0.00, 0.00], algo:5.0, flag :0
09-23 15:17:03.349  2032 28029 I sensors-hal: handle_oplus_wise_rgb_event:217, high_pwm_light:lux 111.5,cct 4484.3,brl/algo/ir 0.0/5.0/659.9,pwm/dc 0.0/0.0,rgbc 1243.000000/1298.000000/773.000000/3080.000000,ts 520292439558051,cnt 49380,flag 0
09-23 15:17:03.350  3833  4659 D FusionLightNextGen: process end reported = 1, mode: 0, cnt: 7615, lux 111.7, cct -1.0, r/g/b/c: 1243.0/1298.0/773.0/3080.0, R/G/B: -1.0/-1.0/-1.0, bri 0.0, match 0.00, ir 0.659757, conf 0.0, ts 520292439558051
09-23 15:17:03.459  2112  2183 D BatteryChargeControl: bcc get no support from charging protocol
09-23 15:17:03.670  2032 28029 I sensors-hal: handle_oplus_wise_rgb_event:191, wise_rgb: (r, g, b, c)[1242.00, 1297.00, 771.00, 3073.00],(r2,g2,b2,c2)[[0.00, 0.00, 0.00, 0.00], algo:5.0, flag :0
09-23 15:17:03.739  2112  2165 D vendor.oplus.hardware.charger-V10-service: parallel fold conf file parse fail parallel_fold_state 2
09-23 15:17:03.740  2112  2165 D vendor.oplus.hardware.charger-V10-service: scale_chg Start!!!
09-23 15:17:03.740  2112  2165 D vendor.oplus.hardware.charger-V10-service: [0, 0, 3]
09-23 15:17:03.740  2112  2165 D vendor.oplus.hardware.charger-V10-service: [0, 2, 10]
09-23 15:17:03.740  2112  2165 D vendor.oplus.hardware.charger-V10-service: [0, 1, 3]
09-23 15:17:03.740  2112  2165 D vendor.oplus.hardware.charger-V10-service: [0, 3, 4]
09-23 15:17:03.740  2112  2165 D vendor.oplus.hardware.charger-V10-service: [0, 4, 4]
09-23 15:17:03.740  2112  2165 D vendor.oplus.hardware.charger-V10-service: [0, 5, 3]
09-23 15:17:03.741  2112  2165 D vendor.oplus.hardware.charger-V10-service: [0, 6, 10]
09-23 15:17:03.741  2112  2165 D vendor.oplus.hardware.charger-V10-service: scale_chg Start!!!
09-23 15:17:03.741  2112  2165 D vendor.oplus.hardware.charger-V10-service: [0, 0, 3]
09-23 15:17:03.741  2112  2165 D vendor.oplus.hardware.charger-V10-service: [0, 2, 10]
09-23 15:17:03.741  2112  2165 D vendor.oplus.hardware.charger-V10-service: [0, 1, 3]
09-23 15:17:03.741  2112  2165 D vendor.oplus.hardware.charger-V10-service: [0, 3, 4]
09-23 15:17:03.741  2112  2165 D vendor.oplus.hardware.charger-V10-service: [0, 4, 4]
09-23 15:17:03.741  2112  2165 D vendor.oplus.hardware.charger-V10-service: [0, 5, 3]
09-23 15:17:03.741  2112  2165 D vendor.oplus.hardware.charger-V10-service: [0, 6, 10]
09-23 15:17:03.990  2032 28029 I sensors-hal: handle_oplus_wise_rgb_event:191, wise_rgb: (r, g, b, c)[1238.00, 1290.00, 769.00, 3071.00],(r2,g2,b2,c2)[[0.00, 0.00, 0.00, 0.00], algo:5.0, flag :0
09-23 15:17:04.094  2112  2180 D vendor.oplus.hardware.charger-V10-service: ret_value:166, read content:,285,285,4484,4483,0,100,100,1,9,1048704,41,5231,100,0,4530,500,2000,0,0,3500,0,0,1,0,2,1,0,0,4,7763,100,7158,6190,6190,0,0,0,0,0,101,100.00,100,100.00,94.54,100.00,
09-23 15:17:04.094  2112  2180 D vendor.oplus.hardware.charger-V10-service: gmtime: 2026-09-23-15-17-04
09-23 15:17:04.094  2112  2180 D vendor.oplus.hardware.charger-V10-service: usb_online:1, ac_online:-2147483648, wireless_online:0
09-23 15:17:04.316  2032 28029 I sensors-hal: handle_oplus_wise_rgb_event:191, wise_rgb: (r, g, b, c)[1232.00, 1286.00, 765.00, 3055.00],(r2,g2,b2,c2)[[0.00, 0.00, 0.00, 0.00], algo:5.0, flag :0
09-23 15:17:04.461  2112  2183 D BatteryChargeControl: bcc get no support from charging protocol
09-23 15:17:04.638  2032 28029 I sensors-hal: handle_oplus_wise_rgb_event:191, wise_rgb: (r, g, b, c)[1228.00, 1279.00, 763.00, 3048.00],(r2,g2,b2,c2)[[0.00, 0.00, 0.00, 0.00], algo:5.0, flag :0
09-23 15:17:04.960  2032 28029 I sensors-hal: handle_oplus_wise_rgb_event:191, wise_rgb: (r, g, b, c)[1225.00, 1276.00, 761.00, 3034.00],(r2,g2,b2,c2)[[0.00, 0.00, 0.00, 0.00], algo:5.0, flag :0
09-23 15:17:04.961  3833  4659 D FusionLightNextGen: process end reported = 1, mode: 0, cnt: 7620, lux 110.7, cct -1.0, r/g/b/c: 1225.0/1276.0/761.0/3034.0, R/G/B: -1.0/-1.0/-1.0, bri 0.0, match 0.00, ir 0.659921, conf 0.0, ts 520294051089405
09-23 15:17:05.280  2032 28029 I sensors-hal: handle_oplus_wise_rgb_event:191, wise_rgb: (r, g, b, c)[1218.00, 1269.00, 758.00, 3019.00],(r2,g2,b2,c2)[[0.00, 0.00, 0.00, 0.00], algo:5.0, flag :0
09-23 15:17:05.465  2112  2183 D BatteryChargeControl: bcc get no support from charging protocol
09-23 15:17:05.602  2032 28029 I sensors-hal: handle_oplus_wise_rgb_event:191, wise_rgb: (r, g, b, c)[1213.00, 1264.00, 755.00, 3008.00],(r2,g2,b2,c2)[[0.00, 0.00, 0.00, 0.00], algo:5.0, flag :0
09-23 15:17:05.924  2032 28029 I sensors-hal: handle_oplus_wise_rgb_event:191, wise_rgb: (r, g, b, c)[1206.00, 1258.00, 751.00, 2990.00],(r2,g2,b2,c2)[[0.00, 0.00, 0.00, 0.00], algo:5.0, flag :0
09-23 15:17:06.250  2032 28029 I sensors-hal: handle_oplus_wise_rgb_event:191, wise_rgb: (r, g, b, c)[1203.00, 1252.00, 748.00, 2979.00],(r2,g2,b2,c2)[[0.00, 0.00, 0.00, 0.00], algo:5.0, flag :0
09-23 15:17:06.467  2112  2183 D BatteryChargeControl: bcc get no support from charging protocol
09-23 15:17:06.569  2032 28029 I sensors-hal: handle_oplus_wise_rgb_event:191, wise_rgb: (r, g, b, c)[1200.00, 1249.00, 745.00, 2970.00],(r2,g2,b2,c2)[[0.00, 0.00, 0.00, 0.00], algo:5.0, flag :0
09-23 15:17:06.569  2032 28029 I sensors-hal: handle_oplus_wise_rgb_event:217, high_pwm_light:lux 107.3,cct 4476.4,brl/algo/ir 0.0/5.0/659.9,pwm/dc 0.0/0.0,rgbc 1200.000000/1249.000000/745.000000/2970.000000,ts 520295662556593,cnt 49390,flag 0
09-23 15:17:06.570  3833  4659 D FusionLightNextGen: process end reported = 1, mode: 0, cnt: 7625, lux 108.6, cct -1.0, r/g/b/c: 1200.0/1249.0/745.0/2970.0, R/G/B: -1.0/-1.0/-1.0, bri 0.0, match 0.00, ir 0.659800, conf 0.0, ts 520295662556593
09-23 15:17:06.737 23395 23421 W OPLUS_LOG_LOAD: ==LOGS PROG INFO, prog(com.oplus.camera) ==
09-23 15:17:06.737 23395 23421 I APS_ALOG: flushRoutine g_immediateFlush=0 g_pendingCount=0 g_oobCount=0 asan-debug7
09-23 15:17:06.891  2032 28029 I sensors-hal: handle_oplus_wise_rgb_event:191, wise_rgb: (r, g, b, c)[1193.00, 1245.00, 743.00, 2958.00],(r2,g2,b2,c2)[[0.00, 0.00, 0.00, 0.00], algo:5.0, flag :0
09-23 15:17:07.216  2032 28029 I sensors-hal: handle_oplus_wise_rgb_event:191, wise_rgb: (r, g, b, c)[1190.00, 1243.00, 742.00, 2950.00],(r2,g2,b2,c2)[[0.00, 0.00, 0.00, 0.00], algo:5.0, flag :0
09-23 15:17:07.433  7337 11175 D gaia-GaiaConnectChecker: start connect check++
09-23 15:17:07.468  2112  2183 D BatteryChargeControl: bcc get no support from charging protocol
09-23 15:17:07.539  2032 28029 I sensors-hal: handle_oplus_wise_rgb_event:191, wise_rgb: (r, g, b, c)[1189.00, 1240.00, 740.00, 2943.00],(r2,g2,b2,c2)[[0.00, 0.00, 0.00, 0.00], algo:5.0, flag :0
09-23 15:17:07.786  7337  8673 D gaia-GaiaConnectChecker: start connect check++
09-23 15:17:07.862  2032 28029 I sensors-hal: handle_oplus_wise_rgb_event:191, wise_rgb: (r, g, b, c)[1185.00, 1239.00, 739.00, 2941.00],(r2,g2,b2,c2)[[0.00, 0.00, 0.00, 0.00], algo:5.0, flag :0
09-23 15:17:07.898  2072 29069 V Codec2-DumpInput: [processLoop:L764][c2.qti.hevc.decoder_136]QueueRead[0] empty, waiting buffer.
09-23 15:17:08.182  2032 28029 I sensors-hal: handle_oplus_wise_rgb_event:191, wise_rgb: (r, g, b, c)[1188.00, 1238.00, 738.00, 2941.00],(r2,g2,b2,c2)[[0.00, 0.00, 0.00, 0.00], algo:5.0, flag :0
09-23 15:17:08.183  3833  4659 D FusionLightNextGen: process end reported = 1, mode: 0, cnt: 7630, lux 106.8, cct -1.0, r/g/b/c: 1188.0/1238.0/738.0/2941.0, R/G/B: -1.0/-1.0/-1.0, bri 0.0, match 0.00, ir 0.659720, conf 0.0, ts 520297275567218
09-23 15:17:08.473  2112  2183 D BatteryChargeControl: bcc get no support from charging protocol
09-23 15:17:08.508  2032 28029 I sensors-hal: handle_oplus_wise_rgb_event:191, wise_rgb: (r, g, b, c)[1186.00, 1239.00, 739.00, 2942.00],(r2,g2,b2,c2)[[0.00, 0.00, 0.00, 0.00], algo:5.0, flag :0
09-23 15:17:08.742  2112  2165 D vendor.oplus.hardware.charger-V10-service: parallel fold conf file parse fail parallel_fold_state 2
09-23 15:17:08.742  2112  2165 D vendor.oplus.hardware.charger-V10-service: scale_chg Start!!!
09-23 15:17:08.743  2112  2165 D vendor.oplus.hardware.charger-V10-service: [0, 0, 3]
09-23 15:17:08.743  2112  2165 D vendor.oplus.hardware.charger-V10-service: [0, 2, 10]
09-23 15:17:08.743  2112  2165 D vendor.oplus.hardware.charger-V10-service: [0, 1, 3]
09-23 15:17:08.743  2112  2165 D vendor.oplus.hardware.charger-V10-service: [0, 3, 4]
09-23 15:17:08.743  2112  2165 D vendor.oplus.hardware.charger-V10-service: [0, 4, 4]
09-23 15:17:08.743  2112  2165 D vendor.oplus.hardware.charger-V10-service: [0, 5, 3]
09-23 15:17:08.743  2112  2165 D vendor.oplus.hardware.charger-V10-service: [0, 6, 10]
09-23 15:17:08.743  2112  2165 D vendor.oplus.hardware.charger-V10-service: scale_chg Start!!!
09-23 15:17:08.744  2112  2165 D vendor.oplus.hardware.charger-V10-service: [0, 0, 3]
09-23 15:17:08.744  2112  2165 D vendor.oplus.hardware.charger-V10-service: [0, 2, 10]
09-23 15:17:08.744  2112  2165 D vendor.oplus.hardware.charger-V10-service: [0, 1, 3]
09-23 15:17:08.744  2112  2165 D vendor.oplus.hardware.charger-V10-service: [0, 3, 4]
09-23 15:17:08.744  2112  2165 D vendor.oplus.hardware.charger-V10-service: [0, 4, 4]
09-23 15:17:08.744  2112  2165 D vendor.oplus.hardware.charger-V10-service: [0, 5, 3]
09-23 15:17:08.744  2112  2165 D vendor.oplus.hardware.charger-V10-service: [0, 6, 10]
09-23 15:17:08.829  2032 28029 I sensors-hal: handle_oplus_wise_rgb_event:191, wise_rgb: (r, g, b, c)[1187.00, 1240.00, 738.00, 2944.00],(r2,g2,b2,c2)[[0.00, 0.00, 0.00, 0.00], algo:5.0, flag :0
09-23 15:17:09.097  2112  2180 D vendor.oplus.hardware.charger-V10-service: ret_value:166, read content:,285,285,4484,4483,0,100,100,1,9,1048704,31,5232,100,0,4530,500,2000,0,0,3500,0,0,1,0,2,1,0,0,4,7763,100,7158,6190,6190,0,0,0,0,0,101,100.00,100,100.00,94.54,100.00,
09-23 15:17:09.098  2112  2180 D vendor.oplus.hardware.charger-V10-service: gmtime: 2026-09-23-15-17-09
09-23 15:17:09.099  2112  2180 D vendor.oplus.hardware.charger-V10-service: usb_online:1, ac_online:-2147483648, wireless_online:0
09-23 15:17:09.152  2032 28029 I sensors-hal: handle_oplus_wise_rgb_event:191, wise_rgb: (r, g, b, c)[1188.00, 1242.00, 740.00, 2945.00],(r2,g2,b2,c2)[[0.00, 0.00, 0.00, 0.00], algo:5.0, flag :0
09-23 15:17:09.471  2032 28029 I sensors-hal: handle_oplus_wise_rgb_event:191, wise_rgb: (r, g, b, c)[1193.00, 1243.00, 741.00, 2948.00],(r2,g2,b2,c2)[[0.00, 0.00, 0.00, 0.00], algo:5.0, flag :0
09-23 15:17:09.474  2112  2183 D BatteryChargeControl: bcc get no support from charging protocol
09-23 15:17:09.673  3833  5313 W Settings: Setting notification_bubbles has moved from android.provider.Settings.Global to android.provider.Settings.Secure, returning read-only value.
09-23 15:17:09.673  3833  5313 W Settings: Setting apply_ramping_ringer has moved from android.provider.Settings.Global to android.provider.Settings.System, returning read-only value.
09-23 15:17:09.676  3833  5313 W SettingsStatsUtil: Can not parse value to float: +network
09-23 15:17:09.796  2032 28029 I sensors-hal: handle_oplus_wise_rgb_event:191, wise_rgb: (r, g, b, c)[1192.00, 1245.00, 744.00, 2953.00],(r2,g2,b2,c2)[[0.00, 0.00, 0.00, 0.00], algo:5.0, flag :0
09-23 15:17:09.797  2032 28029 I sensors-hal: handle_oplus_wise_rgb_event:217, high_pwm_light:lux 107.1,cct 4506.2,brl/algo/ir 0.0/5.0/659.6,pwm/dc 0.0/0.0,rgbc 1192.000000/1245.000000/744.000000/2953.000000,ts 520298887074249,cnt 49400,flag 0
09-23 15:17:09.797  3833  4659 D FusionLightNextGen: process end reported = 1, mode: 0, cnt: 7635, lux 106.4, cct -1.0, r/g/b/c: 1192.0/1245.0/744.0/2953.0, R/G/B: -1.0/-1.0/-1.0, bri 0.0, match 0.00, ir 0.659439, conf 0.0, ts 520298887074249
09-23 15:17:10.116  2032 28029 I sensors-hal: handle_oplus_wise_rgb_event:191, wise_rgb: (r, g, b, c)[1196.00, 1249.00, 745.00, 2964.00],(r2,g2,b2,c2)[[0.00, 0.00, 0.00, 0.00], algo:5.0, flag :0
09-23 15:17:10.196  7776  9897 D ShellSubscriberWorkerThread: the first 8 bytes empty, and RestData length > 8 
09-23 15:17:10.441  2032 28029 I sensors-hal: handle_oplus_wise_rgb_event:191, wise_rgb: (r, g, b, c)[1201.00, 1252.00, 748.00, 2977.00],(r2,g2,b2,c2)[[0.00, 0.00, 0.00, 0.00], algo:5.0, flag :0
09-23 15:17:10.475  2112  2183 D BatteryChargeControl: bcc get no support from charging protocol
09-23 15:17:10.763  2032 28029 I sensors-hal: handle_oplus_wise_rgb_event:191, wise_rgb: (r, g, b, c)[1207.00, 1258.00, 751.00, 2987.00],(r2,g2,b2,c2)[[0.00, 0.00, 0.00, 0.00], algo:5.0, flag :0
09-23 15:17:10.996  2035 23726 I WifiHAL : event received NL80211_CMD_VENDOR, vendor_id = 0x1374, subcmd = 0xb6
09-23 15:17:10.997  3833  4868 W OPLUS_LOG_LOAD: ==LOGS PROG INFO, prog(system_server) ==
09-23 15:17:10.997  3833  4868 D OplusWifiPowerWakeupStats: ICMPV6_RA wake up count 68
09-23 15:17:10.998  5286 27219 W AlarmManager: Unrecognized alarm listener com.android.networkstack.android.net.ip.IpClientLinkObserver$Dhcp6PdPreferredPrefixAlarmListener@95d03b2
09-23 15:17:10.999  5286 27219 D ApfFilter: (wlan0): Adding RA fe80::fad0:eff:fe51:b767 -> ff02::1 180s 2601:600:8281:1c80::/64 7200s/7200s DNS 180s 2001:558:feed::1 2001:558:feed::2 RIO 180s ::/0 
09-23 15:17:11.002  2965  2965 I cnss-daemon: nl80211 response handler invoked
09-23 15:17:11.002  2965  2965 I cnss-daemon: nl80211_response_handler: cmd 103, vendorID 4980, subcmd 182  received
09-23 15:17:11.002  6983 23727 D LOWI-9.0.1.125: [LOWI-Scan] wait_event:Wait done with Cmd 103
09-23 15:17:11.002  6983 23727 D LOWI-9.0.1.125: [LOWI-Scan] do_listen_events: Rcvd valid Netlink Cmd 0 Err 0
09-23 15:17:11.082  2032 28029 I sensors-hal: handle_oplus_wise_rgb_event:191, wise_rgb: (r, g, b, c)[1210.00, 1265.00, 754.00, 2996.00],(r2,g2,b2,c2)[[0.00, 0.00, 0.00, 0.00], algo:5.0, flag :0
09-23 15:17:11.405  2032 28029 I sensors-hal: handle_oplus_wise_rgb_event:191, wise_rgb: (r, g, b, c)[1213.00, 1269.00, 756.00, 3008.00],(r2,g2,b2,c2)[[0.00, 0.00, 0.00, 0.00], algo:5.0, flag :0
09-23 15:17:11.405  3833  4659 D FusionLightNextGen: process end reported = 1, mode: 0, cnt: 7640, lux 107.6, cct -1.0, r/g/b/c: 1213.0/1269.0/756.0/3008.0, R/G/B: -1.0/-1.0/-1.0, bri 0.0, match 0.00, ir 0.659699, conf 0.0, ts 520300498453103
09-23 15:17:11.477  2112  2183 D BatteryChargeControl: bcc get no support from charging protocol
09-23 15:17:11.727  2032 28029 I sensors-hal: handle_oplus_wise_rgb_event:191, wise_rgb: (r, g, b, c)[1219.00, 1271.00, 759.00, 3015.00],(r2,g2,b2,c2)[[0.00, 0.00, 0.00, 0.00], algo:5.0, flag :0
09-23 15:17:11.738 23395 23421 I APS_ALOG: flushRoutine g_immediateFlush=0 g_pendingCount=0 g_oobCount=0 asan-debug7
09-23 15:17:12.052  2032 28029 I sensors-hal: handle_oplus_wise_rgb_event:191, wise_rgb: (r, g, b, c)[1221.00, 1275.00, 759.00, 3021.00],(r2,g2,b2,c2)[[0.00, 0.00, 0.00, 0.00], algo:5.0, flag :0
09-23 15:17:12.375  2032 28029 I sensors-hal: handle_oplus_wise_rgb_event:191, wise_rgb: (r, g, b, c)[1222.00, 1275.00, 759.00, 3026.00],(r2,g2,b2,c2)[[0.00, 0.00, 0.00, 0.00], algo:5.0, flag :0
09-23 15:17:12.481  2112  2183 D BatteryChargeControl: bcc get no support from charging protocol
09-23 15:17:12.699  2032 28029 I sensors-hal: handle_oplus_wise_rgb_event:191, wise_rgb: (r, g, b, c)[1223.00, 1273.00, 761.00, 3023.00],(r2,g2,b2,c2)[[0.00, 0.00, 0.00, 0.00], algo:5.0, flag :0
09-23 15:17:12.903  2072 29069 V Codec2-DumpInput: [processLoop:L764][c2.qti.hevc.decoder_136]QueueRead[0] empty, waiting buffer.
09-23 15:17:13.018  2032 28029 I sensors-hal: handle_oplus_wise_rgb_event:191, wise_rgb: (r, g, b, c)[1222.00, 1274.00, 758.00, 3022.00],(r2,g2,b2,c2)[[0.00, 0.00, 0.00, 0.00], algo:5.0, flag :0
09-23 15:17:13.018  2032 28029 I sensors-hal: handle_oplus_wise_rgb_event:217, high_pwm_light:lux 109.5,cct 4474.2,brl/algo/ir 0.0/5.0/659.5,pwm/dc 0.0/0.0,rgbc 1222.000000/1274.000000/758.000000/3022.000000,ts 520302111012791,cnt 49410,flag 0
09-23 15:17:13.019  3833  4659 D FusionLightNextGen: process end reported = 1, mode: 0, cnt: 7645, lux 109.5, cct -1.0, r/g/b/c: 1222.0/1274.0/758.0/3022.0, R/G/B: -1.0/-1.0/-1.0, bri 0.0, match 0.00, ir 0.659408, conf 0.0, ts 520302111012791
09-23 15:17:13.342  2032 28029 I sensors-hal: handle_oplus_wise_rgb_event:191, wise_rgb: (r, g, b, c)[1216.00, 1271.00, 758.00, 3013.00],(r2,g2,b2,c2)[[0.00, 0.00, 0.00, 0.00], algo:5.0, flag :0
09-23 15:17:13.486  2112  2183 D BatteryChargeControl: bcc get no support from charging protocol
09-23 15:17:13.579  1334 21489 I android.system.suspend-service: First holding wakelock name = radio-interface
09-23 15:17:13.580  2387  3355 D QC-time-services: Lib:time_genoff_operation: pargs->base = 12
09-23 15:17:13.581  2387  3355 D QC-time-services: Lib:time_genoff_operation: pargs->operation = 0
09-23 15:17:13.581  2387  3355 D QC-time-services: Lib:time_genoff_operation: pargs->ts_val = 1790201832521
09-23 15:17:13.581  2387  3355 D QC-time-services: Lib:time_genoff_operation: Send to server  passed!!
09-23 15:17:13.581  1799  1814 D QC-time-services: Daemon: Connection accepted:time_genoff
09-23 15:17:13.582  1799  3848 D QC-time-services: Daemon:Received base = 12, unit = 1, operation = 0,value = 1790201832521
09-23 15:17:13.582  1799  3848 D QC-time-services: Daemon:genoff_opr: Base = 12, val = 1790201832521, operation = 0
09-23 15:17:13.582  1799  3848 D QC-time-services: Daemon:Value read from QTimer mseconds = 520309708
09-23 15:17:13.582  1799  3848 D QC-time-services: Daemon:Value read from RTC mseconds on boot = 11000
09-23 15:17:13.582  1799  3848 D QC-time-services: Daemon:Delta read on boot mseconds = 801
09-23 15:17:13.582  1799  3848 D QC-time-services: Daemon:new time 1790201832521 
09-23 15:17:13.582  1799  3848 D QC-time-services: Daemon: delta 1789681522012 genoff 1789681522012 
09-23 15:17:13.582  1799  3848 D QC-time-services: Daemon:genoff_persistent_update: Writing genoff = 1789681522012 to memory
09-23 15:17:13.582  1799  3848 D QC-time-services: Daemon:Opening File: /mnt/vendor/persist/time/ats_12 /data/vendor/time/ats_12
09-23 15:17:13.582  1799  3848 D QC-time-services: Daemon:time_persistent_memory_opr:Genoff write operation 
09-23 15:17:13.589  5484  5484 W libc    : Access denied finding property "vendor.ril.iccid.sim1"
09-23 15:17:13.589  5484  5484 W libc    : Access denied finding property "vendor.ril.radio.status.sim1"
09-23 15:17:13.590  2387  3355 E QC-time-services: Receive Passed == base = 12, unit = 1, operation = 0, result = 0
09-23 15:17:13.590  2387  3355 D QC-time-services: Lib:time_genoff_operation: pargs->base = 13
09-23 15:17:13.590  2387  3355 D QC-time-services: Lib:time_genoff_operation: pargs->operation = 0
09-23 15:17:13.590  2387  3355 D QC-time-services: Lib:time_genoff_operation: pargs->ts_val = 1790201832521
09-23 15:17:13.590  2387  3355 D QC-time-services: Lib:time_genoff_operation: Send to server  passed!!
09-23 15:17:13.590  1799  1814 E QC-time-services: Daemon: Time-services: Waiting to acceptconnection
09-23 15:17:13.591  1799  1814 D QC-time-services: Daemon: Connection accepted:time_genoff
09-23 15:17:13.591  1799  3849 D QC-time-services: Daemon:Received base = 13, unit = 1, operation = 0,value = 1790201832521
09-23 15:17:13.591  1799  3849 D QC-time-services: Daemon:genoff_opr: Base = 13, val = 1790201832521, operation = 0
09-23 15:17:13.591  1799  3849 D QC-time-services: Daemon:Value read from QTimer mseconds = 520309717
09-23 15:17:13.591  1799  3849 D QC-time-services: Daemon:Value read from RTC mseconds on boot = 11000
09-23 15:17:13.591  1799  3849 D QC-time-services: Daemon:Delta read on boot mseconds = 801
09-23 15:17:13.591  1799  3849 D QC-time-services: Daemon:new time 1790201832521 
09-23 15:17:13.591  1799  3849 D QC-time-services: Daemon: delta 1789681522003 genoff 1789681522003 
09-23 15:17:13.591  1799  3849 D QC-time-services: Daemon:genoff_persistent_update: Writing genoff = 1789681522003 to memory
09-23 15:17:13.591  1799  3849 D QC-time-services: Daemon:Opening File: /mnt/vendor/persist/time/ats_13 /data/vendor/time/ats_13
09-23 15:17:13.591  1799  3849 D QC-time-services: Daemon:time_persistent_memory_opr:Genoff write operation 
09-23 15:17:13.593  2387  3355 E QC-time-services: Receive Passed == base = 13, unit = 1, operation = 0, result = 0
09-23 15:17:13.593  1799  1814 E QC-time-services: Daemon: Time-services: Waiting to acceptconnection
09-23 15:17:13.594  2387  3355 D QC-time-services: Lib:time_genoff_operation: pargs->base = 12
09-23 15:17:13.594  2387  3355 D QC-time-services: Lib:time_genoff_operation: pargs->operation = 0
09-23 15:17:13.594  2387  3355 D QC-time-services: Lib:time_genoff_operation: pargs->ts_val = 1790201832521
09-23 15:17:13.594  2387  3355 D QC-time-services: Lib:time_genoff_operation: Send to server  passed!!
09-23 15:17:13.595  1799  1814 D QC-time-services: Daemon: Connection accepted:time_genoff
09-23 15:17:13.595  1799  3850 D QC-time-services: Daemon:Received base = 12, unit = 1, operation = 0,value = 1790201832521
09-23 15:17:13.595  1799  3850 D QC-time-services: Daemon:genoff_opr: Base = 12, val = 1790201832521, operation = 0
09-23 15:17:13.595  1799  3850 D QC-time-services: Daemon:Value read from QTimer mseconds = 520309721
09-23 15:17:13.595  1799  3850 D QC-time-services: Daemon:Value read from RTC mseconds on boot = 11000
09-23 15:17:13.595  1799  3850 D QC-time-services: Daemon:Delta read on boot mseconds = 801
09-23 15:17:13.595  1799  3850 D QC-time-services: Daemon:new time 1790201832521 
09-23 15:17:13.595  1799  3850 D QC-time-services: Daemon: delta 1789681521999 genoff 1789681521999 
09-23 15:17:13.595  1799  3850 D QC-time-services: Daemon:genoff_persistent_update: Writing genoff = 1789681521999 to memory
09-23 15:17:13.595  1799  3850 D QC-time-services: Daemon:Opening File: /mnt/vendor/persist/time/ats_12 /data/vendor/time/ats_12
09-23 15:17:13.595  1799  3850 D QC-time-services: Daemon:time_persistent_memory_opr:Genoff write operation 
09-23 15:17:13.596  5484  5484 W libc    : Access denied finding property "vendor.ril.iccid.sim1"
09-23 15:17:13.596  5484  5484 W libc    : Access denied finding property "vendor.ril.radio.status.sim1"
09-23 15:17:13.596  2387  3355 E QC-time-services: Receive Passed == base = 12, unit = 1, operation = 0, result = 0
09-23 15:17:13.596  1799  1814 E QC-time-services: Daemon: Time-services: Waiting to acceptconnection
09-23 15:17:13.596  2387  3355 D QC-time-services: Lib:time_genoff_operation: pargs->base = 13
09-23 15:17:13.597  2387  3355 D QC-time-services: Lib:time_genoff_operation: pargs->operation = 0
09-23 15:17:13.597  2387  3355 D QC-time-services: Lib:time_genoff_operation: pargs->ts_val = 1790201832521
09-23 15:17:13.597  2387  3355 D QC-time-services: Lib:time_genoff_operation: Send to server  passed!!
09-23 15:17:13.597  1799  1814 D QC-time-services: Daemon: Connection accepted:time_genoff
09-23 15:17:13.597  1799  3851 D QC-time-services: Daemon:Received base = 13, unit = 1, operation = 0,value = 1790201832521
09-23 15:17:13.597  1799  3851 D QC-time-services: Daemon:genoff_opr: Base = 13, val = 1790201832521, operation = 0
09-23 15:17:13.597  1799  3851 D QC-time-services: Daemon:Value read from QTimer mseconds = 520309723
09-23 15:17:13.597  1799  3851 D QC-time-services: Daemon:Value read from RTC mseconds on boot = 11000
09-23 15:17:13.597  1799  3851 D QC-time-services: Daemon:Delta read on boot mseconds = 801
09-23 15:17:13.597  1799  3851 D QC-time-services: Daemon:new time 1790201832521 
09-23 15:17:13.597  1799  3851 D QC-time-services: Daemon: delta 1789681521997 genoff 1789681521997 
09-23 15:17:13.597  1799  3851 D QC-time-services: Daemon:genoff_persistent_update: Writing genoff = 1789681521997 to memory
09-23 15:17:13.597  1799  3851 D QC-time-services: Daemon:Opening File: /mnt/vendor/persist/time/ats_13 /data/vendor/time/ats_13
09-23 15:17:13.597  1799  3851 D QC-time-services: Daemon:time_persistent_memory_opr:Genoff write operation 
09-23 15:17:13.598  2387  3355 E QC-time-services: Receive Passed == base = 13, unit = 1, operation = 0, result = 0
09-23 15:17:13.598  1799  1814 E QC-time-services: Daemon: Time-services: Waiting to acceptconnection
09-23 15:17:13.662  2032 28029 I sensors-hal: handle_oplus_wise_rgb_event:191, wise_rgb: (r, g, b, c)[1213.00, 1267.00, 755.00, 3002.00],(r2,g2,b2,c2)[[0.00, 0.00, 0.00, 0.00], algo:5.0, flag :0
09-23 15:17:13.745  2112  2165 D vendor.oplus.hardware.charger-V10-service: parallel fold conf file parse fail parallel_fold_state 2
09-23 15:17:13.745  2112  2165 D vendor.oplus.hardware.charger-V10-service: scale_chg Start!!!
09-23 15:17:13.746  2112  2165 D vendor.oplus.hardware.charger-V10-service: [0, 0, 3]
09-23 15:17:13.746  2112  2165 D vendor.oplus.hardware.charger-V10-service: [0, 2, 10]
09-23 15:17:13.746  2112  2165 D vendor.oplus.hardware.charger-V10-service: [0, 1, 3]
09-23 15:17:13.746  2112  2165 D vendor.oplus.hardware.charger-V10-service: [0, 3, 4]
09-23 15:17:13.746  2112  2165 D vendor.oplus.hardware.charger-V10-service: [0, 4, 4]
09-23 15:17:13.747  2112  2165 D vendor.oplus.hardware.charger-V10-service: [0, 5, 3]
09-23 15:17:13.747  2112  2165 D vendor.oplus.hardware.charger-V10-service: [0, 6, 10]
09-23 15:17:13.747  2112  2165 D vendor.oplus.hardware.charger-V10-service: scale_chg Start!!!
09-23 15:17:13.747  2112  2165 D vendor.oplus.hardware.charger-V10-service: [0, 0, 3]
09-23 15:17:13.747  2112  2165 D vendor.oplus.hardware.charger-V10-service: [0, 2, 10]
09-23 15:17:13.747  2112  2165 D vendor.oplus.hardware.charger-V10-service: [0, 1, 3]
09-23 15:17:13.747  2112  2165 D vendor.oplus.hardware.charger-V10-service: [0, 3, 4]
09-23 15:17:13.747  2112  2165 D vendor.oplus.hardware.charger-V10-service: [0, 4, 4]
09-23 15:17:13.747  2112  2165 D vendor.oplus.hardware.charger-V10-service: [0, 5, 3]
09-23 15:17:13.747  2112  2165 D vendor.oplus.hardware.charger-V10-service: [0, 6, 10]
09-23 15:17:13.799  1334 24738 I android.system.suspend-service: Last release wakelock name = PowerManagerService.WakeLocks
09-23 15:17:13.799  1334 24738 I android.system.suspend-service: mAutosuspendEnabled=1
09-23 15:17:13.984  2032 28029 I sensors-hal: handle_oplus_wise_rgb_event:191, wise_rgb: (r, g, b, c)[1208.00, 1262.00, 751.00, 2988.00],(r2,g2,b2,c2)[[0.00, 0.00, 0.00, 0.00], algo:5.0, flag :0
09-23 15:17:14.100  2112  2180 D vendor.oplus.hardware.charger-V10-service: ret_value:167, read content:,285,285,4484,4483,0,100,100,1,9,1048704,112,5223,100,0,4530,500,2000,0,0,3500,0,0,1,0,2,1,0,0,4,7763,100,7158,6190,6190,0,0,0,0,0,101,100.00,100,100.00,94.54,100.00,
09-23 15:17:14.100  2112  2180 D vendor.oplus.hardware.charger-V10-service: gmtime: 2026-09-23-15-17-14
09-23 15:17:14.101  2112  2180 D vendor.oplus.hardware.charger-V10-service: usb_online:1, ac_online:-2147483648, wireless_online:0
09-23 15:17:14.242  7431  3846 I PTC.DISC.AndroidMultiLanServer: Watcher sysNif=[wlan0], userNif=[wlan0 state=(LISTEN JOIN(2CEDBD|21701)), , null], clientNif=[wlan0 state=(LISTEN), , ], tcpServer state=LISTEN, ipv4=**0.239
09-23 15:17:14.309  2032 28029 I sensors-hal: handle_oplus_wise_rgb_event:191, wise_rgb: (r, g, b, c)[1203.00, 1256.00, 749.00, 2979.00],(r2,g2,b2,c2)[[0.00, 0.00, 0.00, 0.00], algo:5.0, flag :0
09-23 15:17:14.489  2112  2183 D BatteryChargeControl: bcc get no support from charging protocol
09-23 15:17:14.629  2032 28029 I sensors-hal: handle_oplus_wise_rgb_event:191, wise_rgb: (r, g, b, c)[1199.00, 1252.00, 746.00, 2966.00],(r2,g2,b2,c2)[[0.00, 0.00, 0.00, 0.00], algo:5.0, flag :0
09-23 15:17:14.630  3833  4659 D FusionLightNextGen: process end reported = 1, mode: 0, cnt: 7650, lux 108.9, cct -1.0, r/g/b/c: 1199.0/1252.0/746.0/2966.0, R/G/B: -1.0/-1.0/-1.0, bri 0.0, match 0.00, ir 0.659161, conf 0.0, ts 520303722612791
09-23 15:17:14.954  2032 28029 I sensors-hal: handle_oplus_wise_rgb_event:191, wise_rgb: (r, g, b, c)[1195.00, 1248.00, 743.00, 2952.00],(r2,g2,b2,c2)[[0.00, 0.00, 0.00, 0.00], algo:5.0, flag :0
09-23 15:17:15.276  2032 28029 I sensors-hal: handle_oplus_wise_rgb_event:191, wise_rgb: (r, g, b, c)[1191.00, 1242.00, 740.00, 2949.00],(r2,g2,b2,c2)[[0.00, 0.00, 0.00, 0.00], algo:5.0, flag :0
09-23 15:17:15.493  2112  2183 D BatteryChargeControl: bcc get no support from charging protocol
09-23 15:17:15.600  2032 28029 I sensors-hal: handle_oplus_wise_rgb_event:191, wise_rgb: (r, g, b, c)[1189.00, 1241.00, 741.00, 2942.00],(r2,g2,b2,c2)[[0.00, 0.00, 0.00, 0.00], algo:5.0, flag :0
09-23 15:17:15.692  2028  2028 D healthd : system healthd: battery l=100 v=4484 t=28.5 h=2 st=5 c=0 fc=7300000 cc=0 chg=u
09-23 15:17:15.694  2642 29063 W OplusFeedbackInfo: callingPid(5073) 0xb400007132237f00 c2.qti.hevc.decoder codec[0xb4000071322f0000] 1272x2776 inputFps=0 outputFps=0 renderFps=0, discardFps=0
09-23 15:17:15.911  2112  2112 D ChargerInfo: getInfo: type: 0x1, update: 1
09-23 15:17:15.912  2112  2162 D ChargerInfo: chargerInfoUpdateThread: update start
09-23 15:17:15.918  2032 28029 I sensors-hal: handle_oplus_wise_rgb_event:191, wise_rgb: (r, g, b, c)[1190.00, 1241.00, 741.00, 2947.00],(r2,g2,b2,c2)[[0.00, 0.00, 0.00, 0.00], algo:5.0, flag :0
09-23 15:17:15.930  2112  2162 D ChargerInfo: wlsAdapterPower: path(/sys/class/oplus_chg/wireless/max_w_power): not exist
09-23 15:17:15.930  2112  2162 D ChargerInfo: unknown: path(/sys/class/oplus_chg/ac/online) and backupPath(/sys/class/power_supply/ac/online) not exist
09-23 15:17:15.930  2112  2162 D ChargerInfo: unknown: path(/sys/class/oplus_chg/ac/online) and backupPath(/sys/class/power_supply/ac/online) not exist
09-23 15:17:15.930  2112  2162 D ChargerInfo: get_ui_charge_icon_type: 0 0 0 0
09-23 15:17:15.930  2112  2162 D ChargerInfo: unknown: path(/sys/class/oplus_chg/ac/online) and backupPath(/sys/class/power_supply/ac/online) not exist
09-23 15:17:15.931  2112  2162 D ChargerInfo: unknown: path(/sys/class/oplus_chg/ac/online) and backupPath(/sys/class/power_supply/ac/online) not exist
09-23 15:17:15.931  2112  2162 E ChargerInfo: SingleHyperPath not found
09-23 15:17:15.932  2112  2162 D ChargerInfo: chargerInfoUpdateThread: update end
09-23 15:17:15.933  2112  2162 D ChargerInfo: chargerInfoUpdateThread: update wait
09-23 15:17:15.933  2112  2112 D ChargerInfo: wlsAdapterPower: path(/sys/class/oplus_chg/wireless/max_w_power): not exist
09-23 15:17:15.933  2112  2112 D ChargerInfo: getInfo: {"Update":{"batteryFcc":6740,"batteryRm":6190,"bddLeakCurr":0,"bmsStatus":0,"bypassChgStatus":2,"chargeTimeRemaining":0,"cpaPower":10,"enableTx":"disable","fastCharge":0,"isSupportSpeedCharge":0,"notifyCode":1048704,"otgOnline":1,"ppsChargePower":0,"ppsCharging":0,"shortCHwStatus":0,"shortIcOtpStatus":0,"uiIconType":0,"uiPower":0,"usbStatus":0,"wlsAdapterPower":0}}
09-23 15:17:16.240  2032 28029 I sensors-hal: handle_oplus_wise_rgb_event:191, wise_rgb: (r, g, b, c)[1193.00, 1244.00, 743.00, 2952.00],(r2,g2,b2,c2)[[0.00, 0.00, 0.00, 0.00], algo:5.0, flag :0
09-23 15:17:16.240  2032 28029 I sensors-hal: handle_oplus_wise_rgb_event:217, high_pwm_light:lux 107.0,cct 4496.0,brl/algo/ir 0.0/5.0/659.5,pwm/dc 0.0/0.0,rgbc 1193.000000/1244.000000/743.000000/2952.000000,ts 520305334094093,cnt 49420,flag 0
09-23 15:17:16.240  3833  4659 D FusionLightNextGen: process end reported = 1, mode: 0, cnt: 7655, lux 107.0, cct -1.0, r/g/b/c: 1193.0/1244.0/743.0/2952.0, R/G/B: -1.0/-1.0/-1.0, bri 0.0, match 0.00, ir 0.659340, conf 0.0, ts 520305334094093
09-23 15:17:16.498  2112  2183 D BatteryChargeControl: bcc get no support from charging protocol
09-23 15:17:16.563  2032 28029 I sensors-hal: handle_oplus_wise_rgb_event:191, wise_rgb: (r, g, b, c)[1196.00, 1250.00, 747.00, 2967.00],(r2,g2,b2,c2)[[0.00, 0.00, 0.00, 0.00], algo:5.0, flag :0
09-23 15:17:16.739 23395 23421 W OPLUS_LOG_LOAD: ==LOGS PROG INFO, prog(com.oplus.camera) ==
09-23 15:17:16.739 23395 23421 I APS_ALOG: flushRoutine g_immediateFlush=0 g_pendingCount=0 g_oobCount=0 asan-debug7
09-23 15:17:16.888  2032 28029 I sensors-hal: handle_oplus_wise_rgb_event:191, wise_rgb: (r, g, b, c)[1203.00, 1259.00, 750.00, 2982.00],(r2,g2,b2,c2)[[0.00, 0.00, 0.00, 0.00], algo:5.0, flag :0
09-23 15:17:17.210  2032 28029 I sensors-hal: handle_oplus_wise_rgb_event:191, wise_rgb: (r, g, b, c)[1215.00, 1267.00, 755.00, 3010.00],(r2,g2,b2,c2)[[0.00, 0.00, 0.00, 0.00], algo:5.0, flag :0
09-23 15:17:17.236  3833  7278 D UsageStatsService: User[0] type=0 b=1790201644636 e=1790201837236 cb=1790201442859 ce=1790201728182 disk=0 all=2
09-23 15:17:17.434  7337 11175 D gaia-GaiaConnectChecker: start connect check++
09-23 15:17:17.499  2112  2183 D BatteryChargeControl: bcc get no support from charging protocol
09-23 15:17:17.529  2032 28029 I sensors-hal: handle_oplus_wise_rgb_event:191, wise_rgb: (r, g, b, c)[1227.00, 1278.00, 763.00, 3037.00],(r2,g2,b2,c2)[[0.00, 0.00, 0.00, 0.00], algo:5.0, flag :0
09-23 15:17:17.787  7337  8673 D gaia-GaiaConnectChecker: start connect check++
09-23 15:17:17.852  2032 28029 I sensors-hal: handle_oplus_wise_rgb_event:191, wise_rgb: (r, g, b, c)[1241.00, 1292.00, 770.00, 3068.00],(r2,g2,b2,c2)[[0.00, 0.00, 0.00, 0.00], algo:5.0, flag :0
09-23 15:17:17.853  3833  4659 D FusionLightNextGen: process end reported = 1, mode: 0, cnt: 7660, lux 108.1, cct -1.0, r/g/b/c: 1241.0/1292.0/770.0/3068.0, R/G/B: -1.0/-1.0/-1.0, bri 0.0, match 0.00, ir 0.659425, conf 0.0, ts 520306945647791
09-23 15:17:17.867 28700 28754 I Finsky  : [137] Stats for Executor: LightweightExecutor xsm@7a14657[Running, pool size = 4, active threads = 0, queued tasks = 0, completed tasks = 211]
09-23 15:17:17.869 28700 28754 I Finsky  : [137] Stats for Executor: BlockingExecutor xsm@163a544[Running, pool size = 0, active threads = 0, queued tasks = 0, completed tasks = 23]
09-23 15:17:17.871 28700 28754 I Finsky  : [137] Stats for Executor: bgExecutor xsm@a60462d[Running, pool size = 4, active threads = 0, queued tasks = 0, completed tasks = 182]
09-23 15:17:17.905  2072 29069 V Codec2-DumpInput: [processLoop:L764][c2.qti.hevc.decoder_136]QueueRead[0] empty, waiting buffer.
09-23 15:17:18.126 24909 22994 D CustomLogManagerService: WorkHandler msg.what :5
09-23 15:17:18.131 24909 22994 D CustomLogManagerService: curTemp:281 limit:390
09-23 15:17:18.131 24909 22994 D CustomLogManagerService: checkUploadStatus: isSceenOn=false activeNetType=1 isCharging=true isUploading:false temperatureLimit:false
09-23 15:17:18.132 24909 22994 D CustomLogManagerService: sys.log.customer=false
09-23 15:17:18.132 24909 22994 D CustomLogManagerService: isHaveCustomLogCollecting :false
09-23 15:17:18.132 24909 22994 D CustomLogManagerService: startUpload
09-23 15:17:18.132 24909 22994 D CustomLogManagerService: not support now
09-23 15:17:18.175  2032 28029 I sensors-hal: handle_oplus_wise_rgb_event:191, wise_rgb: (r, g, b, c)[1255.00, 1308.00, 776.00, 3106.00],(r2,g2,b2,c2)[[0.00, 0.00, 0.00, 0.00], algo:5.0, flag :0
09-23 15:17:18.498  2032 28029 I sensors-hal: handle_oplus_wise_rgb_event:191, wise_rgb: (r, g, b, c)[1275.00, 1325.00, 789.00, 3145.00],(r2,g2,b2,c2)[[0.00, 0.00, 0.00, 0.00], algo:5.0, flag :0
09-23 15:17:18.500  2112  2183 D BatteryChargeControl: bcc get no support from charging protocol
09-23 15:17:18.751  2112  2165 D vendor.oplus.hardware.charger-V10-service: parallel fold conf file parse fail parallel_fold_state 2
09-23 15:17:18.751  2112  2165 D vendor.oplus.hardware.charger-V10-service: scale_chg Start!!!
09-23 15:17:18.752  2112  2165 D vendor.oplus.hardware.charger-V10-service: [0, 0, 3]
09-23 15:17:18.752  2112  2165 D vendor.oplus.hardware.charger-V10-service: [0, 2, 10]
09-23 15:17:18.752  2112  2165 D vendor.oplus.hardware.charger-V10-service: [0, 1, 3]
09-23 15:17:18.752  2112  2165 D vendor.oplus.hardware.charger-V10-service: [0, 3, 4]
09-23 15:17:18.752  2112  2165 D vendor.oplus.hardware.charger-V10-service: [0, 4, 4]
09-23 15:17:18.752  2112  2165 D vendor.oplus.hardware.charger-V10-service: [0, 5, 3]
09-23 15:17:18.752  2112  2165 D vendor.oplus.hardware.charger-V10-service: [0, 6, 10]
09-23 15:17:18.752  2112  2165 D vendor.oplus.hardware.charger-V10-service: scale_chg Start!!!
09-23 15:17:18.753  2112  2165 D vendor.oplus.hardware.charger-V10-service: [0, 0, 3]
09-23 15:17:18.753  2112  2165 D vendor.oplus.hardware.charger-V10-service: [0, 2, 10]
09-23 15:17:18.753  2112  2165 D vendor.oplus.hardware.charger-V10-service: [0, 1, 3]
09-23 15:17:18.753  2112  2165 D vendor.oplus.hardware.charger-V10-service: [0, 3, 4]
09-23 15:17:18.753  2112  2165 D vendor.oplus.hardware.charger-V10-service: [0, 4, 4]
09-23 15:17:18.753  2112  2165 D vendor.oplus.hardware.charger-V10-service: [0, 5, 3]
09-23 15:17:18.753  2112  2165 D vendor.oplus.hardware.charger-V10-service: [0, 6, 10]
09-23 15:17:18.819  2032 28029 I sensors-hal: handle_oplus_wise_rgb_event:191, wise_rgb: (r, g, b, c)[1293.00, 1343.00, 799.00, 3193.00],(r2,g2,b2,c2)[[0.00, 0.00, 0.00, 0.00], algo:5.0, flag :0
09-23 15:17:19.101  2112  2180 D vendor.oplus.hardware.charger-V10-service: ret_value:166, read content:,285,285,4484,4483,0,100,100,1,9,1048704,41,5231,100,0,4530,500,2000,0,0,3500,0,0,1,0,2,1,0,0,4,7763,100,7158,6190,6190,0,0,0,0,0,101,100.00,100,100.00,94.54,100.00,
09-23 15:17:19.103  2112  2180 D vendor.oplus.hardware.charger-V10-service: gmtime: 2026-09-23-15-17-19
09-23 15:17:19.103  2112  2180 D vendor.oplus.hardware.charger-V10-service: usb_online:1, ac_online:-2147483648, wireless_online:0
09-23 15:17:19.145  2032 28029 I sensors-hal: handle_oplus_wise_rgb_event:191, wise_rgb: (r, g, b, c)[1311.00, 1360.00, 808.00, 3230.00],(r2,g2,b2,c2)[[0.00, 0.00, 0.00, 0.00], algo:5.0, flag :0
09-23 15:17:19.467  2032 28029 I sensors-hal: handle_oplus_wise_rgb_event:191, wise_rgb: (r, g, b, c)[1329.00, 1379.00, 822.00, 3282.00],(r2,g2,b2,c2)[[0.00, 0.00, 0.00, 0.00], algo:5.0, flag :0
09-23 15:17:19.468  2032 28029 I sensors-hal: handle_oplus_wise_rgb_event:217, high_pwm_light:lux 118.6,cct 4459.5,brl/algo/ir 0.0/5.0/659.7,pwm/dc 0.0/0.0,rgbc 1329.000000/1379.000000/822.000000/3282.000000,ts 520308558258155,cnt 49430,flag 0
09-23 15:17:19.468  3833  4659 D FusionLightNextGen: process end reported = 1, mode: 0, cnt: 7665, lux 114.0, cct -1.0, r/g/b/c: 1329.0/1379.0/822.0/3282.0, R/G/B: -1.0/-1.0/-1.0, bri 0.0, match 0.00, ir 0.659591, conf 0.0, ts 520308558258155
09-23 15:17:19.501  2112  2183 D BatteryChargeControl: bcc get no support from charging protocol
09-23 15:17:19.787  2032 28029 I sensors-hal: handle_oplus_wise_rgb_event:191, wise_rgb: (r, g, b, c)[1349.00, 1400.00, 832.00, 3328.00],(r2,g2,b2,c2)[[0.00, 0.00, 0.00, 0.00], algo:5.0, flag :0
09-23 15:17:20.109  2032 28029 I sensors-hal: handle_oplus_wise_rgb_event:191, wise_rgb: (r, g, b, c)[1367.00, 1418.00, 842.00, 3373.00],(r2,g2,b2,c2)[[0.00, 0.00, 0.00, 0.00], algo:5.0, flag :0
09-23 15:17:20.197  7776  9897 D ShellSubscriberWorkerThread: the first 8 bytes empty, and RestData length > 8 
09-23 15:17:20.197  7776  9897 D ShellSubscriberWorkerThread: the first 8 bytes empty, and RestData length > 8 
09-23 15:17:20.431  2032 28029 I sensors-hal: handle_oplus_wise_rgb_event:191, wise_rgb: (r, g, b, c)[1386.00, 1439.00, 853.00, 3417.00],(r2,g2,b2,c2)[[0.00, 0.00, 0.00, 0.00], algo:5.0, flag :0
09-23 15:17:20.505  2112  2183 D BatteryChargeControl: bcc get no support from charging protocol
09-23 15:17:20.757  2032 28029 I sensors-hal: handle_oplus_wise_rgb_event:191, wise_rgb: (r, g, b, c)[1405.00, 1455.00, 864.00, 3462.00],(r2,g2,b2,c2)[[0.00, 0.00, 0.00, 0.00], algo:5.0, flag :0
09-23 15:17:21.078  2032 28029 I sensors-hal: handle_oplus_wise_rgb_event:191, wise_rgb: (r, g, b, c)[1420.00, 1469.00, 872.00, 3495.00],(r2,g2,b2,c2)[[0.00, 0.00, 0.00, 0.00], algo:5.0, flag :0
09-23 15:17:21.079  3833  4659 W OPLUS_LOG_LOAD: ==LOGS PROG INFO, prog(system_server) ==
09-23 15:17:21.079  3833  4659 D FusionLightNextGen: process end reported = 1, mode: 0, cnt: 7670, lux 121.8, cct -1.0, r/g/b/c: 1420.0/1469.0/872.0/3495.0, R/G/B: -1.0/-1.0/-1.0, bri 0.0, match 0.00, ir 0.659194, conf 0.0, ts 520310169775291
09-23 15:17:21.397  2032 28029 I sensors-hal: handle_oplus_wise_rgb_event:191, wise_rgb: (r, g, b, c)[1437.00, 1487.00, 881.00, 3536.00],(r2,g2,b2,c2)[[0.00, 0.00, 0.00, 0.00], algo:5.0, flag :0
09-23 15:17:21.507  2112  2183 D BatteryChargeControl: bcc get no support from charging protocol
09-23 15:17:21.724  2032 28029 I sensors-hal: handle_oplus_wise_rgb_event:191, wise_rgb: (r, g, b, c)[1449.00, 1502.00, 890.00, 3567.00],(r2,g2,b2,c2)[[0.00, 0.00, 0.00, 0.00], algo:5.0, flag :0
09-23 15:17:21.740 23395 23421 I APS_ALOG: flushRoutine g_immediateFlush=0 g_pendingCount=0 g_oobCount=0 asan-debug7
09-23 15:17:22.046  2032 28029 I sensors-hal: handle_oplus_wise_rgb_event:191, wise_rgb: (r, g, b, c)[1463.00, 1514.00, 897.00, 3597.00],(r2,g2,b2,c2)[[0.00, 0.00, 0.00, 0.00], algo:5.0, flag :0
09-23 15:17:22.369  2032 28029 I sensors-hal: handle_oplus_wise_rgb_event:191, wise_rgb: (r, g, b, c)[1473.00, 1524.00, 903.00, 3627.00],(r2,g2,b2,c2)[[0.00, 0.00, 0.00, 0.00], algo:5.0, flag :0
09-23 15:17:22.509  2112  2183 D BatteryChargeControl: bcc get no support from charging protocol
09-23 15:17:22.549  6893  7046 I midasd  : OplusObrainService::notifyEventInt eventId:21 iParam:0
09-23 15:17:22.552  7776  7819 I OplusObrain: OplusObrainClientInvoke.nativeGetTelephonyInfo
09-23 15:17:22.554  7776  7819 I OplusObrain: OplusObrainClientInvoke.nativeGetTrafficTypeInfoForNetworkType networkType 0
09-23 15:17:22.554  3833  5313 D KernelStatsHelper: getKernelStats start!
09-23 15:17:22.555  3833  4849 D OplusNetlinkSocket: handleNetlinkRecvKernelMessage:nlmsghdr:StructNlMsgHdr{ nlmsg_len{1964}, nlmsg_type{54()}, nlmsg_flags{0()}, nlmsg_seq{0}, nlmsg_pid{251204337} }
09-23 15:17:22.555  3833  4849 D KernelStatsHelper: get magic :[-1, -1, -1, 77, 65, 71, 73, 67]
09-23 15:17:22.555  3833  4849 D KernelStatsHelper: magic matched count:37 data_len:1924
09-23 15:17:22.555  3833  4849 D KernelStatsHelper: data over! check: true
09-23 15:17:22.557  2089  2089 E android.hardware.power.stats-impl.oplus: HandleFactory::read open charger_input_current_now(/proc/charger/input_current_now) failed! fd: -1 errno: 2
09-23 15:17:22.557  2089  2089 W android.hardware.power.stats-impl.oplus: PruneException: Unknown binder exception (2) pruned into EX_TRANSACTION_FAILED
09-23 15:17:22.557  6893  9791 W midasd  : handleFactory read failed.
09-23 15:17:22.691  2032 28029 I sensors-hal: handle_oplus_wise_rgb_event:191, wise_rgb: (r, g, b, c)[1486.00, 1537.00, 911.00, 3659.00],(r2,g2,b2,c2)[[0.00, 0.00, 0.00, 0.00], algo:5.0, flag :0
09-23 15:17:22.692  2032 28029 I sensors-hal: handle_oplus_wise_rgb_event:217, high_pwm_light:lux 132.1,cct 4415.6,brl/algo/ir 0.0/5.0/659.6,pwm/dc 0.0/0.0,rgbc 1486.000000/1537.000000/911.000000/3659.000000,ts 520311782169041,cnt 49440,flag 0
09-23 15:17:22.692  3833  4659 D FusionLightNextGen: process end reported = 1, mode: 0, cnt: 7675, lux 129.1, cct -1.0, r/g/b/c: 1486.0/1537.0/911.0/3659.0, R/G/B: -1.0/-1.0/-1.0, bri 0.0, match 0.00, ir 0.659459, conf 0.0, ts 520311782169041
09-23 15:17:22.906  2072 29069 V Codec2-DumpInput: [processLoop:L764][c2.qti.hevc.decoder_136]QueueRead[0] empty, waiting buffer.
09-23 15:17:23.014  2032 28029 I sensors-hal: handle_oplus_wise_rgb_event:191, wise_rgb: (r, g, b, c)[1492.00, 1544.00, 916.00, 3682.00],(r2,g2,b2,c2)[[0.00, 0.00, 0.00, 0.00], algo:5.0, flag :0
09-23 15:17:23.333  2032 28029 I sensors-hal: handle_oplus_wise_rgb_event:191, wise_rgb: (r, g, b, c)[1500.00, 1552.00, 920.00, 3696.00],(r2,g2,b2,c2)[[0.00, 0.00, 0.00, 0.00], algo:5.0, flag :0
09-23 15:17:23.511  2112  2183 D BatteryChargeControl: bcc get no support from charging protocol
09-23 15:17:23.655  2032 28029 I sensors-hal: handle_oplus_wise_rgb_event:191, wise_rgb: (r, g, b, c)[1510.00, 1559.00, 923.00, 3707.00],(r2,g2,b2,c2)[[0.00, 0.00, 0.00, 0.00], algo:5.0, flag :0
09-23 15:17:23.754  2112  2165 D vendor.oplus.hardware.charger-V10-service: parallel fold conf file parse fail parallel_fold_state 2
09-23 15:17:23.754  2112  2165 D vendor.oplus.hardware.charger-V10-service: scale_chg Start!!!
09-23 15:17:23.755  2112  2165 D vendor.oplus.hardware.charger-V10-service: [0, 0, 3]
09-23 15:17:23.755  2112  2165 D vendor.oplus.hardware.charger-V10-service: [0, 2, 10]
09-23 15:17:23.755  2112  2165 D vendor.oplus.hardware.charger-V10-service: [0, 1, 3]
09-23 15:17:23.755  2112  2165 D vendor.oplus.hardware.charger-V10-service: [0, 3, 4]
09-23 15:17:23.755  2112  2165 D vendor.oplus.hardware.charger-V10-service: [0, 4, 4]
09-23 15:17:23.755  2112  2165 D vendor.oplus.hardware.charger-V10-service: [0, 5, 3]
09-23 15:17:23.755  2112  2165 D vendor.oplus.hardware.charger-V10-service: [0, 6, 10]
09-23 15:17:23.755  2112  2165 D vendor.oplus.hardware.charger-V10-service: scale_chg Start!!!
09-23 15:17:23.756  2112  2165 D vendor.oplus.hardware.charger-V10-service: [0, 0, 3]
09-23 15:17:23.756  2112  2165 D vendor.oplus.hardware.charger-V10-service: [0, 2, 10]
09-23 15:17:23.756  2112  2165 D vendor.oplus.hardware.charger-V10-service: [0, 1, 3]
09-23 15:17:23.756  2112  2165 D vendor.oplus.hardware.charger-V10-service: [0, 3, 4]
09-23 15:17:23.756  2112  2165 D vendor.oplus.hardware.charger-V10-service: [0, 4, 4]
09-23 15:17:23.756  2112  2165 D vendor.oplus.hardware.charger-V10-service: [0, 5, 3]
09-23 15:17:23.757  2112  2165 D vendor.oplus.hardware.charger-V10-service: [0, 6, 10]
