# up 
274939.74 
274939.84 
274939.86 
274939.96 
274939.97 
274940.08 
274940.09 
274940.20 
274940.20 
274940.32 
274940.32 
274940.44 
274940.44 
274940.55 
274940.56 
274940.68 
274940.68 
274940.79 
274940.79 
274941.65 
274941.65 
274941.76 
274941.77 
274942.05 
274942.05 
274942.17 
274942.18 
274942.30 
274942.31 
274942.43 
274942.43 
274942.54 
274942.55 
274942.67 
274942.68 
274942.80 
274942.80 
274942.92 
274942.92 
274943.04 
274943.04 
274943.17 
274943.17 
274943.30 
274943.30 
274943.43 
274943.43 
274943.55 
274943.55 
274943.68 
274943.69 
274943.82 
274943.82 
274943.94 
274943.94 
274944.07 
274944.07 
274944.19 
274944.19 
274944.32 
274944.32 
274944.44 
274944.44 
274944.57 
274944.58 
274944.69 
274944.71 
274944.81 
274944.85 
274944.94 
274944.98 
274945.07 
274945.10 
274945.20 
274945.24 
274945.32 
274945.36 
274945.44 
274945.49 
274945.57 
274945.61 
274945.70 
274945.73 
274945.82 
274945.86 
274945.95 
274946.00 
274946.08 
274946.13 
274946.20 
274946.25 
274946.33 
274946.38 
274946.45 
274946.50 
274946.58 
274946.62 
274946.71 
274946.75 
274946.83 
274946.87 
274946.96 
274947.00 
274947.09 
274947.13 
274947.21 
274947.25 
274947.34 
274947.37 
274947.46 
274947.49 
274947.61 
274947.61 
274947.73 
274947.73 
274947.85 
274947.86 
274947.98 
274947.98 
274948.11 
274948.12 
274948.24 
274948.25 
274948.36 
274948.37 
274948.49 
274948.50 
274948.62 
274948.62 
274948.74 
274948.74 
274948.86 
274948.86 
274948.99 
274948.99 
274949.12 
274949.12 
274949.25 
274949.26 
274949.38 
274949.38 
274949.51 
274949.51 
274949.63 
274949.63 
274949.77 
274949.77 
274949.90 
274949.90 
274950.01 
274950.02 
274950.14 
274950.14 
274950.27 
274950.27 
274950.40 
274950.40 
274950.53 
274950.53 
274950.65 
274950.66 
274950.78 
274950.79 
274950.91 
274950.91 
274951.04 
274951.04 
274951.16 
274951.16 
274951.29 
274951.29 
274951.42 
274951.42 
274951.55 
274951.55 
274951.68 
274951.68 
274951.81 
274951.81 
274951.94 
274951.94 
274952.06 
274952.07 
274952.19 
274952.19 
274952.32 
274952.32 
274952.45 
274952.45 
274952.58 
274952.58 
274952.70 
274952.70 
274952.83 
274952.83 
274952.96 
274952.96 
274953.09 
274953.09 
274953.21 
274953.21 
274953.34 
274953.34 
274953.47 
274953.47 
274953.60 
274953.60 
274953.73 
274953.73 
274953.86 
274953.86 
274953.99 
274953.99 
274954.12 
274954.12 
274954.25 
274954.25 
274954.37 
274954.37 
274954.50 
274954.50 
274954.63 
274954.63 
274954.75 
274954.75 
274954.88 
274954.88 
274955.01 
274955.01 
274955.14 
274955.14 
274955.26 
274955.27 
274955.39 
274955.40 
274955.52 
274955.52 
274955.65 
274955.65 
274955.78 
274955.78 
274955.91 
274955.91 
274956.03 
274956.03 
274956.16 
274956.16 
274956.29 
274956.29 
274956.42 
274956.42 
274956.54 
274956.54 
274956.68 
274956.68 
274956.80 
274956.80 
274956.93 
274956.93 
274957.06 
274957.07 
274957.18 
274957.19 
274957.31 
274957.31 
274957.44 
274957.44 
274957.56 
274957.56 
274957.70 
274957.70 
274957.83 
274957.83 
274957.95 
274957.97 
274958.08 
274958.08 
274958.21 
274958.21 
274958.34 
274958.34 
274958.45 
274958.47 
274958.56 
274958.60 
274958.68 
274958.72 
274958.81 
274958.85 
274958.94 
274958.97 
274959.06 
274959.10 
274959.19 
274959.23 
274959.31 
274959.35 
274959.44 
274959.48 
274959.56 
274959.60 
274959.68 
274959.73 
274959.81 
274959.85 
274959.94 
274959.98 
274960.06 
274960.10 
274960.19 
274960.22 
274960.31 
274960.35 
274960.43 
274960.46 
274960.56 
274960.60 
274960.69 
274960.73 
274960.82 
274960.86 
274960.94 
274960.98 
274961.07 
274961.12 
274961.20 
274961.25 
274961.33 
274961.37 
274961.45 
274961.50 
274961.57 
274961.62 
274961.70 
274961.74 
274961.83 
274961.87 
274961.95 
274961.99 
274962.08 
274962.12 
274962.20 
274962.24 
274962.33 
274962.37 
274962.45 
274962.49 
274962.58 
274962.62 
274962.71 
274962.74 
274962.83 
274962.87 
274962.96 
274963.00 
274963.09 
274963.14 
274963.22 
274963.26 
274963.34 
274963.39 
274963.47 
274963.51 
274963.60 
274963.63 
274963.73 
274963.77 
274963.85 
274963.90 
274963.98 
274964.02 
274964.11 
274964.15 
274964.24 
274964.29 
274964.36 
274964.41 
274964.50 
274964.54 
274964.62 
274964.66 
274964.75 
274964.79 
274964.88 
274964.91 
274965.00 
274965.04 
274965.13 
274965.16 
274965.26 
274965.28 
274965.38 
274965.41 
274965.51 
274965.53 
274965.63 
274965.65 
274965.76 
274965.77 
274965.89 
274965.90 
274966.02 
274966.02 
274966.14 
274966.14 
274966.27 
274966.27 
274966.40 
274966.40 
274966.53 
274966.53 
274966.66 
274966.66 
274966.79 
274966.79 
274966.92 
274966.92 
274967.04 
274967.04 
274967.17 
274967.17 
274967.30 
274967.30 
274967.43 
274967.43 
274967.55 
274967.55 
274967.68 
274967.68 
274967.81 
274967.83 
274967.93 
274967.94 
274968.06 
274968.07 
274968.18 
274968.20 
274968.30 
274968.31 
274968.43 
274968.43 
274968.56 
274968.56 
274968.68 
274968.68 
274968.81 
274968.82 
274968.93 
274968.93 
274969.06 
274969.06 
274969.19 
274969.19 
274969.31 
274969.31 
274969.44 
274969.44 
274969.57 
274969.57 
274969.70 
274969.70 
274969.83 
274969.83 
274969.95 
274969.95 
274970.07 
274970.07 
274970.20 
274970.20 
274970.32 
274970.32 
274970.45 
274970.46 
274970.58 
274970.58 
274970.70 
274970.71 
274970.83 
274970.83 
274970.95 
274970.96 
274971.08 
274971.09 
274971.20 
274971.20 
274971.33 
274971.34 
274971.46 
274971.46 
274971.58 
274971.60 
274971.71 
274971.72 
274971.84 
274971.86 
274971.97 
274971.97 
274972.10 
274972.10 
274972.22 
274972.22 
274972.35 
274972.35 
274972.48 
274972.48 
274972.60 
274972.60 
274972.73 
274972.73 
274972.86 
274972.86 
274972.99 
274973.00 
274973.11 
274973.12 
274973.24 
274973.24 
274973.36 
274973.36 
274973.49 
274973.49 
274973.62 
274973.62 
274973.74 
274973.74 
274973.87 
274973.87 
274973.98 
274973.98 
274974.10 
274974.10 
274974.21 
274974.21 
274974.34 
274974.34 
274974.46 
274974.47 
274974.59 
274974.59 
274974.71 
274974.71 
274974.84 
274974.84 
274974.96 
274974.96 
274975.09 
274975.09 
274975.22 
274975.22 
274975.35 
274975.35 
274975.47 
274975.47 
274975.61 
274975.61 
274975.73 
274975.73 
274975.86 
274975.86 
274975.99 
274975.99 
274976.12 
274976.12 
274976.24 
274976.24 
274976.37 
274976.38 
274976.51 
274976.51 
274976.63 
274976.64 
274976.75 
274976.76 
274976.89 
274976.90 
274977.01 
274977.01 
274977.14 
274977.15 
274977.27 
274977.27 
274977.39 
274977.39 
274977.52 
274977.52 
274977.65 
274977.65 
274977.77 
274977.77 
274977.90 
274977.90 
274978.03 
274978.04 
274978.16 
274978.16 
274978.29 
274978.30 
274978.42 
274978.43 
274978.54 
274978.55 
274978.67 
274978.67 
274978.80 
274978.80 
274978.93 
274978.93 
274979.06 
274979.06 
274979.19 
274979.19 
274979.32 
274979.32 
274979.44 
274979.44 
274979.57 
274979.57 
274979.70 
274979.70 
274979.83 
274979.83 
274979.96 
274979.96 
274980.09 
274980.09 
274980.22 
274980.22 
274980.35 
274980.35 
274980.48 
274980.48 
274980.61 
274980.61 
274980.74 
274980.75 
274980.86 
274980.87 
274980.99 
274981.00 
274981.12 
274981.13 
274981.25 
274981.25 
274981.38 
274981.38 
274981.51 
274981.51 
274981.64 
274981.64 
274981.76 
274981.76 
274981.89 
274981.89 
274982.02 
274982.02 
274982.14 
274982.14 
274982.27 
274982.27 
274982.39 
274982.39 
274982.51 
274982.52 
274982.64 
274982.64 
274982.77 
274982.77 
274982.90 
274982.90 
274983.03 
274983.03 
274983.16 
274983.16 
274983.28 
274983.29 
274983.41 
274983.41 
274983.54 
274983.54 
274983.67 
274983.67 
274983.79 
274983.79 
274983.92 
274983.92 
274984.05 
274984.05 
274984.18 
274984.18 
274984.31 
274984.31 
274984.43 
274984.43 
274984.56 
274984.56 
274984.69 
274984.69 
274984.81 
274984.81 
274984.94 
274984.94 
274985.07 
274985.07 
274985.20 
274985.20 
274985.33 
274985.33 
274985.45 
274985.45 
274985.58 
274985.58 
274985.71 
274985.71 
274985.85 
274985.85 
274985.98 
274985.98 
274986.11 
274986.11 
274986.24 
274986.24 
274986.37 
274986.37 
274986.50 
274986.51 
274986.62 
274986.63 
274986.74 
274986.75 
274986.86 
274986.86 
274987.00 
274987.00 
274987.12 
274987.12 
274987.25 
274987.25 
274987.38 
274987.38 
274987.51 
274987.51 
274987.64 
274987.64 
274987.77 
274987.77 
274987.90 
274987.90 
274988.04 
274988.04 
274988.16 
274988.16 
274988.29 
274988.29 
274988.42 
274988.43 
274988.54 
274988.55 
274988.66 
274988.67 
274988.79 
274988.80 
274988.91 
274988.91 
274989.04 
274989.04 
274989.17 
274989.17 
274989.30 
274989.30 
274989.43 
274989.43 
274989.54 
274989.57 
274989.67 
274989.71 
274989.79 
274989.84 
274989.92 
274989.96 
274990.05 
274990.09 
274990.18 
274990.22 
274990.30 
274990.35 
274990.42 
274990.47 
274990.54 
274990.60 
274990.66 
274990.72 
274990.79 
274990.85 
274990.91 
274990.97 
274991.04 
274991.10 
274991.16 
274991.22 
274991.29 
274991.35 
274991.41 
274991.47 
274991.54 
274991.60 
274991.66 
274991.73 
274991.79 
274991.86 
274991.91 
274991.98 
274992.04 
274992.11 
274992.16 
274992.23 
274992.29 
274992.35 
274992.41 
274992.48 
274992.53 
274992.61 
274992.66 
274992.74 
274992.78 
274992.86 
274992.90 
274993.00 
274993.02 
274993.13 
274993.15 
274993.26 
274993.27 
274993.39 
274993.39 
274993.51 
274993.51 
274993.63 
274993.63 
274993.77 
274993.77 
274993.90 
274993.90 
274994.03 
274994.03 
274994.16 
274994.16 
274994.28 
274994.28 
274994.41 
274994.41 
274994.54 
274994.54 
274994.67 
274994.67 
274994.80 
274994.80 
274994.93 
274994.94 
274995.05 
274995.06 
274995.17 
274995.18 
274995.30 
274995.30 
274995.42 
274995.42 
274995.55 
274995.56 
274995.68 
274995.68 
274995.81 
274995.82 
274995.94 
274995.94 
274996.06 
274996.06 
274996.19 
274996.19 
274996.32 
274996.32 
274996.44 
274996.44 
274996.57 
274996.57 
274996.69 
274996.69 
274996.82 
274996.82 
274996.95 
274996.95 
274997.08 
274997.08 
274997.20 
274997.20 
274997.33 
274997.33 
274997.46 
274997.46 
274997.59 
274997.59 
274997.73 
274997.73 
274997.86 
274997.86 
274997.99 
274997.99 
274998.12 
274998.12 
274998.24 
274998.26 
274998.36 
274998.38 
274998.49 
274998.50 
274998.61 
274998.62 
274998.74 
274998.74 
274998.87 
274998.87 
274999.00 
274999.00 
274999.13 
274999.13 
274999.25 
274999.25 
274999.38 
274999.38 
274999.51 
274999.51 
274999.63 
274999.63 
274999.77 
274999.77 
274999.90 
274999.90 
275000.02 
275000.04 
275000.15 
275000.16 
275000.27 
275000.28 
275000.40 
275000.40 
275000.53 
275000.53 
275000.66 
275000.66 
275000.78 
275000.78 
275000.90 
275000.92 
275001.03 
275001.05 
275001.15 
275001.18 
275001.29 
275001.30 
275001.42 
275001.42 
275001.55 
275001.55 
275001.69 
275001.69 
275001.81 
275001.81 
275001.94 
275001.94 
275002.07 
275002.07 
275002.19 
275002.19 
275002.32 
275002.32 
275002.44 
275002.44 
275002.57 
275002.57 
275002.70 
275002.70 
275002.83 
275002.84 
275002.95 
275002.96 
275003.07 
275003.07 
275003.20 
275003.21 
275003.33 
275003.33 
275003.46 
275003.46 
275003.59 
275003.59 
275003.71 
275003.71 
275003.84 
275003.85 
275003.97 
275003.97 
275004.10 
275004.10 
275004.22 
275004.22 
275004.35 
275004.35 
275004.48 
275004.48 
275004.61 
275004.62 
275004.72 
275004.75 
275004.84 
275004.89 
275004.96 
275005.00 
275005.09 
275005.13 
275005.21 
275005.26 
275005.34 
275005.38 
275005.47 
275005.50 
275005.59 
275005.62 
275005.71 
275005.75 
275005.84 
275005.87 
275005.96 
275006.00 
275006.08 
275006.12 
275006.21 
275006.25 
275006.33 
275006.37 
275006.45 
275006.50 
275006.58 
275006.62 
275006.70 
275006.75 
275006.83 
275006.87 
275006.96 
275007.00 
275007.09 
275007.13 
275007.21 
275007.25 
275007.34 
275007.37 
275007.46 
275007.49 
275007.59 
275007.62 
275007.72 
275007.74 
275007.84 
275007.88 
275007.97 
275008.01 
275008.09 
275008.14 
275008.22 
275008.26 
275008.34 
275008.39 
275008.47 
275008.51 
275008.59 
275008.64 
275008.72 
275008.76 
275008.85 
275008.89 
275008.97 
275009.01 
275009.10 
275009.14 
275009.23 
275009.27 
275009.35 
275009.40 
275009.47 
275009.52 
275009.60 
275009.65 
275009.73 
275009.77 
275009.86 
275009.90 
275009.98 
275010.02 
275010.11 
275010.15 
275010.24 
275010.27 
275010.37 
275010.40 
275010.50 
275010.52 
275010.63 
275010.65 
275010.75 
275010.78 
275010.88 
275010.90 
275011.01 
275011.02 
275011.13 
275011.15 
275011.26 
275011.27 
275011.38 
275011.39 
275011.50 
275011.50 
275011.63 
275011.63 
275011.76 
275011.76 
275011.88 
275011.88 
275012.00 
275012.00 
275012.14 
275012.14 
275012.26 
275012.26 
275012.39 
275012.39 
275012.51 
275012.51 
275012.64 
275012.64 
275012.77 
275012.77 
275012.90 
275012.90 
275013.03 
275013.03 
275013.15 
275013.15 
275013.28 
275013.28 
275013.41 
275013.41 
275013.54 
275013.54 
275013.67 
275013.67 
275013.79 
275013.80 
275013.92 
275013.92 
275014.05 
275014.05 
275014.17 
275014.17 
275014.30 
275014.30 
275014.42 
275014.42 
275014.54 
275014.55 
275014.68 
275014.68 
275014.81 
275014.81 
275014.94 
275014.95 
275015.07 
275015.07 
275015.20 
275015.20 
275015.33 
275015.33 
275015.45 
275015.45 
275015.59 
275015.59 
275015.71 
275015.71 
275015.84 
275015.84 
275015.96 
275015.96 
275016.10 
275016.10 
275016.23 
275016.23 
275016.36 
275016.37 
275016.48 
275016.48 
275016.61 
275016.62 
275016.74 
275016.74 
275016.86 
275016.86 
275016.99 
275016.99 
275017.12 
275017.12 
275017.25 
275017.25 
275017.38 
275017.39 
275017.51 
275017.51 
275017.63 
275017.63 
275017.77 
275017.77 
275017.89 
275017.89 
275018.02 
275018.02 
275018.15 
275018.15 
275018.28 
275018.28 
275018.40 
275018.40 
275018.53 
275018.53 
275018.66 
275018.66 
275018.78 
275018.78 
275018.91 
275018.91 
275019.04 
275019.04 
275019.17 
275019.17 
275019.30 
275019.30 
275019.43 
275019.43 
275019.55 
275019.55 
275019.68 
275019.68 
275019.81 
275019.81 
275019.94 
275019.94 
275020.07 
275020.07 
275020.18 
275020.18 
275020.30 
275020.30 
275020.42 
275020.42 
275020.53 
275020.55 
275020.67 
275020.68 
275020.80 
275020.80 
275020.93 
275020.93 
275021.05 
275021.05 
275021.18 
275021.18 
275021.31 
275021.31 
275021.44 
275021.44 
275021.56 
275021.57 
275021.69 
275021.69 
275021.82 
275021.82 
275021.94 
275021.94 
275022.07 
275022.07 
275022.20 
275022.20 
275022.33 
275022.33 
275022.46 
275022.46 
275022.59 
275022.59 
275022.72 
275022.72 
275022.84 
275022.86 
275022.97 
275022.98 
275023.10 
275023.11 
275023.23 
275023.23 
275023.35 
275023.35 
275023.48 
275023.48 
275023.61 
275023.61 
275023.73 
275023.73 
275023.86 
275023.87 
275023.99 
275023.99 
275024.11 
275024.11 
275024.24 
275024.24 
275024.37 
275024.37 
275024.50 
275024.50 
275024.63 
275024.63 
275024.76 
275024.76 
275024.89 
275024.89 
275025.01 
275025.02 
275025.13 
275025.14 
275025.25 
275025.26 
275025.38 
275025.38 
275025.51 
275025.51 
275025.63 
275025.63 
275025.76 
275025.76 
275025.89 
275025.89 
275026.02 
275026.02 
275026.15 
275026.15 
275026.28 
275026.29 
275026.41 
275026.43 
275026.53 
275026.57 
275026.66 
275026.69 
275026.79 
275026.82 
275026.91 
275026.95 
275027.04 
275027.08 
275027.17 
275027.21 
275027.29 
275027.34 
275027.42 
275027.47 
275027.55 
275027.59 
275027.68 
275027.72 
275027.81 
275027.84 
275027.94 
275027.98 
275028.06 
275028.10 
275028.19 
275028.22 
275028.31 
275028.35 
275028.43 
275028.47 
275028.56 
275028.60 
275028.69 
275028.73 
275028.82 
275028.85 
275028.94 
275028.98 
275029.07 
275029.11 
275029.20 
275029.24 
275029.32 
275029.36 
275029.44 
275029.49 
275029.57 
275029.62 
275029.70 
275029.74 
275029.82 
275029.86 
275029.95 
275029.99 
275030.07 
275030.11 
275030.20 
275030.23 
275030.33 
275030.36 
275030.45 
275030.49 
275030.57 
275030.61 
275030.70 
275030.74 
275030.83 
275030.86 
275030.96 
275030.99 
275031.08 
275031.11 
275031.21 
275031.23 
275031.33 
275031.36 
275031.45 
275031.48 
275031.58 
275031.61 
275031.71 
275031.73 
275031.83 
275031.87 
275031.96 
275032.00 
275032.08 
275032.12 
275032.21 
275032.25 
275032.33 
275032.37 
275032.46 
275032.50 
275032.58 
275032.62 
275032.71 
275032.75 
275032.83 
275032.87 
275032.96 
275033.00 
275033.08 
275033.12 
275033.21 
275033.24 
275033.34 
275033.36 
275033.46 
275033.49 
275033.59 
275033.63 
275033.71 
275033.76 
275033.84 
275033.88 
275033.96 
275034.01 
275034.09 
275034.13 
275034.22 
275034.26 
275034.35 
275034.38 
275034.47 
275034.50 
275034.60 
275034.62 
275034.72 
275034.76 
275034.85 
275034.89 
275034.97 
275035.01 
275035.10 
275035.13 
275035.23 
275035.26 
275035.36 
275035.39 
275035.48 
275035.51 
275035.61 
275035.64 
275035.73 
275035.76 
275035.85 
275035.90 
275035.98 
275036.02 
275036.10 
275036.15 
275036.22 
275036.27 
275036.35 
275036.40 
275036.47 
275036.52 
275036.60 
275036.64 
275036.72 
275036.76 
275036.85 
275036.89 
275036.98 
275037.02 
275037.10 
275037.14 
275037.23 
275037.27 
275037.36 
275037.40 
275037.49 
275037.52 
275037.61 
275037.65 
275037.74 
275037.78 
275037.87 
275037.90 
275037.99 
275038.03 
275038.11 
275038.15 
275038.24 
275038.28 
275038.37 
275038.41 
275038.50 
275038.53 
275038.63 
275038.65 
275038.76 
275038.78 
275038.89 
275038.90 
275039.02 
275039.02 
275039.15 
275039.15 
275039.28 
275039.28 
275039.41 
275039.41 
275039.54 
275039.54 
275039.67 
275039.67 
275039.79 
275039.79 
275039.92 
275039.92 
275040.05 
275040.05 
275040.18 
275040.18 
275040.31 
275040.31 
275040.44 
275040.44 
275040.58 
275040.58 
275040.71 
275040.71 
275040.83 
275040.83 
275040.96 
275040.97 
275041.09 
275041.09 
275041.21 
275041.22 
275041.34 
275041.34 
275041.47 
275041.47 
275041.60 
275041.60 
275041.72 
275041.72 
275041.84 
275041.84 
275041.97 
275041.97 
275042.10 
275042.10 
275042.23 
275042.23 
275042.35 
275042.36 
275042.48 
275042.49 
275042.61 
275042.61 
275042.73 
275042.74 
275042.86 
275042.86 
275042.99 
275042.99 
275043.12 
275043.12 
275043.25 
275043.25 
275043.38 
275043.38 
275043.51 
275043.51 
275043.63 
275043.63 
275043.77 
275043.77 
275043.90 
275043.90 
275044.02 
275044.02 
275044.15 
275044.15 
275044.27 
275044.29 
275044.40 
275044.40 
275044.53 
275044.53 
275044.65 
275044.65 
275044.78 
275044.78 
275044.91 
275044.92 
275045.04 
275045.04 
275045.17 
275045.17 
275045.30 
275045.30 
275045.44 
275045.44 
275045.55 
275045.56 
275045.68 
275045.68 
275045.81 
275045.83 
275045.94 
275045.94 
275046.06 
275046.06 
275046.19 
275046.19 
275046.32 
275046.32 
275046.45 
275046.45 
275046.58 
275046.58 
275046.72 
275046.72 
275046.84 
275046.86 
275046.97 
275046.98 
275047.10 
275047.10 
275047.23 
275047.23 
275047.35 
275047.35 
275047.47 
275047.47 
275047.60 
275047.60 
275047.73 
275047.73 
275047.86 
275047.86 
275048.00 
275048.00 
275048.12 
275048.14 
275048.24 
275048.28 
275048.37 
275048.40 
275048.49 
275048.53 
275048.62 
275048.65 
275048.75 
275048.77 
275048.87 
275048.90 
275049.00 
275049.04 
275049.12 
275049.17 
275049.25 
275049.29 
275049.37 
275049.42 
275049.50 
275049.54 
275049.63 
275049.67 
275049.75 
275049.79 
275049.87 
275049.92 
275050.00 
275050.04 
275050.13 
275050.17 
275050.26 
275050.29 
275050.39 
275050.42 
275050.51 
275050.56 
275050.64 
275050.68 
275050.77 
275050.81 
275050.90 
275050.93 
275051.02 
275051.08 
275051.15 
275051.21 
275051.27 
275051.33 
275051.41 
275051.45 
275051.53 
275051.58 
275051.65 
275051.70 
275051.78 
275051.82 
275051.91 
275051.95 
275052.03 
275052.07 
275052.16 
275052.20 
275052.28 
275052.32 
275052.41 
275052.44 
275052.53 
275052.57 
275052.66 
275052.69 
275052.79 
275052.83 
275052.91 
275052.95 
275053.04 
275053.08 
275053.17 
275053.21 
275053.30 
275053.35 
275053.42 
275053.47 
275053.54 
275053.60 
275053.66 
275053.72 
275053.79 
275053.85 
275053.91 
275053.98 
275054.03 
275054.11 
275054.16 
275054.24 
275054.29 
275054.37 
275054.41 
275054.49 
275054.53 
275054.62 
275054.66 
275054.75 
275054.78 
275054.87 
275054.91 
275055.00 
275055.03 
275055.12 
275055.15 
275055.25 
275055.30 
275055.37 
275055.42 
275055.50 
275055.54 
275055.63 
275055.68 
275055.75 
275055.81 
275055.88 
275055.94 
275056.00 
275056.06 
275056.13 
275056.19 
275056.25 
275056.31 
275056.38 
275056.43 
275056.52 
275056.55 
275056.64 
275056.67 
275056.77 
275056.80 
275056.89 
275056.94 
275057.02 
275057.07 
275057.14 
275057.19 
275057.27 
275057.32 
275057.40 
275057.44 
275057.52 
275057.57 
275057.64 
275057.69 
275057.77 
275057.82 
275057.90 
275057.94 
275058.03 
275058.07 
275058.14 
275058.19 
275058.27 
275058.32 
275058.40 
275058.44 
275058.53 
275058.57 
275058.65 
275058.71 
275058.78 
275058.83 
275058.91 
275058.96 
275059.03 
275059.09 
275059.16 
275059.21 
275059.28 
275059.33 
275059.41 
275059.46 
275059.54 
275059.59 
275059.67 
275059.71 
275059.79 
275059.82 
275059.92 
275059.95 
275060.04 
275060.07 
275060.16 
275060.19 
275060.29 
275060.31 
275060.42 
275060.42 
275060.54 
275060.54 
275060.67 
275060.68 
275060.80 
275060.80 
275060.93 
275060.93 
275061.06 
275061.06 
275061.19 
275061.19 
275061.31 
275061.31 
275061.44 
275061.44 
275061.57 
275061.57 
275061.70 
275061.70 
275061.83 
275061.83 
275061.96 
275061.96 
275062.08 
275062.08 
275062.21 
275062.21 
275062.33 
275062.33 
275062.46 
275062.46 
275062.59 
275062.59 
275062.71 
275062.73 
275062.83 
275062.87 
275062.96 
275063.00 
275063.08 
275063.12 
275063.21 
275063.25 
275063.33 
275063.38 
275063.46 
275063.50 
275063.58 
275063.63 
275063.71 
275063.75 
275063.85 
275063.87 
275063.98 
275064.00 
275064.10 
275064.12 
275064.23 
275064.25 
275064.35 
275064.36 
275064.48 
275064.48 
275064.60 
275064.61 
275064.74 
275064.74 
275064.87 
275064.87 
275065.00 
275065.00 
275065.13 
275065.13 
275065.26 
275065.26 
275065.38 
275065.40 
275065.51 
275065.51 
275065.63 
275065.64 
275065.76 
275065.76 
275065.89 
275065.89 
275066.02 
275066.03 
275066.15 
275066.15 
275066.27 
275066.27 
275066.40 
275066.41 
275066.53 
275066.53 
275066.65 
275066.65 
275066.77 
275066.77 
275066.90 
275066.90 
275067.02 
275067.02 
275067.16 
275067.16 
275067.28 
275067.28 
275067.41 
275067.41 
275067.54 
275067.54 
275067.67 
275067.67 
275067.80 
275067.80 
275067.92 
275067.92 
275068.05 
275068.06 
275068.18 
275068.18 
275068.30 
275068.31 
275068.43 
275068.43 
275068.56 
275068.56 
275068.69 
275068.69 
275068.81 
275068.81 
275068.93 
275068.93 
275069.06 
275069.06 
275069.19 
275069.19 
275069.31 
275069.31 
275069.44 
275069.44 
275069.57 
275069.57 
275069.70 
275069.71 
275069.82 
275069.82 
275069.95 
275069.95 
275070.08 
275070.08 
275070.21 
275070.21 
275070.34 
275070.34 
275070.46 
275070.46 
275070.59 
275070.60 
275070.72 
275070.72 
275070.85 
275070.85 
275070.98 
275070.98 
275071.11 
275071.12 
275071.24 
275071.25 
275071.37 
275071.37 
275071.50 
275071.50 
275071.63 
275071.63 
275071.76 
275071.76 
275071.89 
275071.89 
275072.02 
275072.02 
275072.15 
275072.15 
275072.27 
275072.27 
275072.41 
275072.41 
275072.53 
275072.53 
275072.66 
275072.66 
275072.79 
275072.79 
275072.92 
275072.92 
275073.04 
275073.06 
275073.17 
275073.17 
275073.29 
275073.31 
275073.42 
275073.44 
275073.55 
275073.56 
275073.67 
275073.69 
275073.81 
275073.81 
275073.93 
275073.93 
275074.06 
275074.06 
275074.19 
275074.19 
275074.31 
275074.31 
275074.44 
275074.44 
275074.57 
275074.57 
275074.70 
275074.70 
275074.82 
275074.82 
275074.95 
275074.95 
275075.08 
275075.08 
275075.20 
275075.21 
275075.33 
275075.33 
275075.46 
275075.46 
275075.59 
275075.59 
275075.71 
275075.72 
275075.84 
275075.84 
275075.97 
275075.97 
275076.10 
275076.10 
275076.23 
275076.23 
275076.35 
275076.35 
275076.49 
275076.49 
275076.62 
275076.62 
275076.75 
275076.75 
275076.88 
275076.88 
275077.01 
275077.01 
275077.14 
275077.14 
275077.27 
275077.27 
275077.40 
275077.40 
275077.52 
275077.52 
275077.65 
275077.65 
275077.78 
275077.78 
275077.91 
275077.91 
275078.03 
275078.05 
275078.16 
275078.16 
275078.29 
275078.29 
275078.41 
275078.41 
275078.55 
275078.55 
275078.68 
275078.68 
275078.80 
275078.80 
275078.93 
275078.93 
275079.06 
275079.06 
275079.18 
275079.18 
275079.31 
275079.31 
275079.44 
275079.44 
275079.57 
275079.57 
275079.70 
275079.70 
275079.82 
275079.82 
275079.95 
275079.95 
275080.09 
275080.09 
275080.21 
275080.21 
275080.34 
275080.34 
275080.46 
275080.46 
275080.59 
275080.59 
275080.72 
275080.72 
275080.85 
275080.85 
275080.98 
275080.98 
275081.11 
275081.11 
275081.23 
275081.24 
275081.36 
275081.36 
275081.49 
275081.49 
275081.61 
275081.61 
275081.74 
275081.74 
275081.86 
275081.86 
275081.99 
275081.99 
275082.10 
275082.10 
275082.22 
275082.22 
275082.34 
275082.34 
275082.46 
275082.47 
275082.59 
275082.59 
275082.72 
275082.72 
275082.85 
275082.85 
275082.98 
275082.98 
275083.11 
275083.11 
275083.23 
275083.23 
275083.36 
275083.37 
275083.49 
275083.49 
275083.62 
275083.62 
275083.74 
275083.74 
275083.87 
275083.88 
275084.00 
275084.01 
275084.13 
275084.14 
275084.26 
275084.26 
275084.39 
275084.39 
275084.51 
275084.51 
275084.64 
275084.65 
275084.77 
275084.77 
275084.90 
275084.91 
275085.03 
275085.03 
275085.15 
275085.15 
275085.27 
275085.27 
275085.41 
275085.41 
275085.53 
275085.55 
275085.65 
275085.66 
275085.78 
275085.78 
275085.91 
275085.91 
275086.03 
275086.03 
275086.16 
275086.16 
275086.29 
275086.29 
275086.42 
275086.42 
275086.54 
275086.54 
275086.67 
275086.67 
275086.79 
275086.80 
275086.92 
275086.92 
275087.05 
275087.05 
275087.18 
275087.18 
275087.31 
275087.31 
275087.44 
275087.44 
275087.57 
275087.57 
275087.70 
275087.70 
275087.83 
275087.83 
275087.96 
275087.96 
275088.08 
275088.08 
275088.21 
275088.21 
275088.34 
275088.34 
275088.47 
275088.47 
275088.60 
275088.60 
275088.72 
275088.72 
275088.85 
275088.85 
275088.98 
275088.98 
275089.11 
275089.11 
275089.23 
275089.23 
275089.36 
275089.36 
275089.50 
275089.50 
275089.62 
275089.62 
275089.75 
275089.75 
275089.88 
275089.88 
275090.01 
275090.01 
275090.14 
275090.14 
275090.27 
275090.27 
275090.39 
275090.39 
275090.51 
275090.51 
275090.64 
275090.65 
275090.77 
275090.77 
275090.90 
275090.90 
275091.03 
275091.03 
275091.15 
275091.15 
275091.28 
275091.28 
275091.41 
275091.41 
275091.54 
275091.54 
275091.66 
275091.67 
275091.79 
275091.79 
275091.92 
275091.92 
275092.04 
275092.04 
275092.18 
275092.18 
275092.31 
275092.32 
275092.43 
275092.44 
275092.56 
275092.56 
275092.68 
275092.69 
275092.81 
275092.81 
275092.93 
275092.93 
275093.06 
275093.06 
275093.18 
275093.18 
275093.31 
275093.31 
275093.44 
275093.44 
275093.57 
275093.57 
275093.70 
275093.70 
275093.82 
275093.82 
275093.95 
275093.95 
275094.09 
275094.09 
275094.21 
275094.21 
275094.34 
275094.34 
275094.47 
275094.47 
275094.61 
275094.61 
275094.74 
275094.74 
275094.86 
275094.86 
275094.99 
275094.99 
275095.12 
275095.12 
275095.25 
275095.25 
275095.38 
275095.38 
275095.51 
275095.51 
275095.64 
275095.64 
275095.76 
275095.76 
275095.89 
275095.89 
275096.02 
275096.02 
275096.14 
275096.15 
275096.27 
275096.27 
275096.40 
275096.40 
275096.53 
275096.53 
275096.65 
275096.65 
275096.77 
275096.77 
275096.91 
275096.91 
275097.04 
275097.04 
275097.17 
275097.17 
275097.30 
275097.30 
275097.43 
275097.44 
275097.55 
275097.55 
275097.66 
275097.66 
275097.78 
275097.79 
275097.91 
275097.91 
275098.03 
275098.03 
275098.16 
275098.16 
275098.29 
275098.29 
275098.42 
275098.42 
275098.55 
275098.55 
275098.67 
275098.67 
275098.79 
275098.81 
275098.90 
275098.92 
275099.03 
275099.04 
275099.16 
275099.16 
275099.29 
275099.29 
275099.42 
275099.42 
275099.54 
275099.54 
275099.67 
275099.67 
275099.80 
275099.80 
275099.93 
275099.93 
275100.05 
275100.05 
275100.18 
275100.18 
275100.31 
275100.31 
275100.43 
275100.43 
275100.56 
275100.56 
275100.69 
275100.69 
275100.82 
275100.82 
275100.95 
275100.95 
275101.07 
275101.07 
275101.21 
275101.21 
275101.34 
275101.35 
275101.47 
275101.47 
275101.60 
275101.60 
275101.73 
275101.73 
275101.85 
275101.85 
275101.98 
275101.98 
275102.11 
275102.11 
275102.24 
275102.25 
275102.36 
275102.38 
275102.49 
275102.50 
275102.62 
275102.62 
275102.75 
275102.75 
275102.88 
275102.89 
275103.01 
275103.01 
275103.14 
275103.14 
275103.27 
275103.27 
275103.39 
275103.39 
275103.52 
275103.52 
275103.65 
275103.66 
275103.78 
275103.78 
275103.90 
275103.90 
275104.03 
275104.03 
275104.15 
275104.15 
275104.28 
275104.28 
275104.41 
275104.41 
275104.53 
275104.53 
275104.66 
275104.66 
275104.79 
275104.79 
275104.92 
275104.92 
275105.04 
275105.04 
275105.17 
275105.17 
275105.30 
275105.30 
275105.43 
275105.43 
275105.55 
275105.55 
275105.68 
275105.68 
275105.81 
275105.81 
275105.94 
275105.95 
275106.07 
275106.07 
275106.19 
275106.19 
275106.32 
275106.32 
275106.45 
275106.46 
275106.58 
275106.58 
275106.70 
275106.70 
275106.83 
275106.83 
275106.95 
275106.96 
275107.07 
275107.08 
275107.20 
275107.22 
275107.33 
275107.33 
275107.46 
275107.47 
275107.58 
275107.59 
275107.71 
275107.72 
275107.84 
275107.84 
275107.96 
275107.97 
275108.09 
275108.09 
275108.22 
275108.22 
275108.35 
275108.35 
275108.48 
275108.48 
275108.60 
275108.60 
275108.74 
275108.74 
275108.86 
275108.86 
275109.00 
275109.00 
275109.12 
275109.14 
275109.25 
275109.25 
275109.38 
275109.38 
275109.50 
275109.51 
275109.63 
275109.63 
275109.76 
275109.76 
275109.89 
275109.89 
275110.02 
275110.02 
275110.14 
275110.14 
275110.27 
275110.27 
275110.40 
275110.40 
275110.53 
275110.53 
275110.65 
275110.65 
275110.78 
275110.78 
275110.92 
275110.92 
275111.04 
275111.04 
275111.17 
275111.17 
275111.30 
275111.30 
275111.42 
275111.42 
275111.55 
275111.55 
275111.68 
275111.68 
275111.81 
275111.81 
275111.94 
275111.94 
275112.07 
275112.07 
275112.21 
275112.21 
275112.32 
275112.35 
275112.45 
275112.48 
275112.57 
275112.61 
275112.70 
275112.74 
275112.83 
275112.87 
275112.96 
275112.99 
275113.09 
275113.11 
275113.20 
275113.24 
275113.33 
275113.37 
275113.45 
275113.49 
275113.58 
275113.62 
275113.71 
275113.75 
275113.83 
275113.87 
275113.94 
275114.00 
275114.07 
275114.12 
275114.20 
275114.25 
275114.32 
275114.37 
275114.45 
275114.50 
275114.57 
275114.62 
275114.70 
275114.75 
275114.83 
275114.87 
275114.95 
275115.00 
275115.08 
275115.12 
275115.21 
275115.25 
275115.33 
275115.38 
275115.45 
275115.50 
275115.58 
275115.62 
275115.71 
275115.75 
275115.83 
275115.87 
275115.96 
275116.00 
275116.09 
275116.12 
275116.21 
275116.25 
275116.34 
275116.38 
275116.46 
275116.50 
275116.59 
275116.63 
275116.72 
275116.76 
275116.83 
275116.88 
275116.95 
275117.01 
275117.08 
275117.13 
275117.20 
275117.26 
275117.33 
275117.38 
275117.45 
275117.50 
275117.57 
275117.64 
275117.70 
275117.77 
275117.82 
275117.90 
275117.95 
275118.02 
275118.07 
275118.15 
275118.19 
275118.28 
275118.32 
275118.40 
275118.44 
275118.53 
275118.57 
275118.65 
275118.70 
275118.78 
275118.82 
275118.91 
275118.94 
275119.03 
275119.07 
275119.16 
275119.20 
275119.29 
275119.32 
275119.41 
275119.44 
275119.53 
275119.56 
275119.66 
275119.69 
275119.78 
275119.81 
275119.92 
275119.93 
275120.04 
275120.05 
275120.17 
275120.17 
275120.29 
275120.29 
275120.42 
275120.42 
275120.54 
275120.54 
275120.67 
275120.67 
275120.80 
275120.80 
275120.93 
275120.93 
275121.06 
275121.06 
275121.18 
275121.19 
275121.31 
275121.31 
275121.44 
275121.44 
275121.57 
275121.57 
275121.70 
275121.70 
275121.82 
275121.82 
275121.95 
275121.95 
275122.08 
275122.08 
275122.21 
275122.21 
275122.33 
275122.33 
275122.46 
275122.46 
275122.60 
275122.60 
275122.72 
275122.72 
275122.85 
275122.85 
275122.98 
275122.99 
275123.10 
275123.10 
275123.23 
275123.23 
275123.36 
275123.36 
275123.49 
275123.49 
275123.62 
275123.62 
275123.75 
275123.75 
275123.87 
275123.87 
275124.00 
275124.00 
275124.13 
275124.13 
275124.26 
275124.26 
275124.38 
275124.38 
275124.51 
275124.52 
275124.64 
275124.64 
275124.77 
275124.77 
275124.90 
275124.90 
275125.03 
275125.03 
275125.15 
275125.15 
275125.28 
275125.28 
275125.41 
275125.41 
275125.54 
275125.55 
275125.66 
275125.67 
275125.79 
275125.79 
275125.92 
275125.92 
275126.05 
275126.05 
275126.18 
275126.19 
275126.31 
275126.31 
275126.43 
275126.43 
275126.56 
275126.56 
275126.69 
275126.69 
275126.82 
275126.82 
275126.94 
275126.95 
275127.08 
275127.08 
275127.20 
275127.20 
275127.33 
275127.35 
275127.46 
275127.46 
275127.59 
275127.60 
275127.71 
275127.72 
275127.84 
275127.84 
275127.97 
275127.97 
275128.10 
275128.11 
275128.23 
275128.23 
275128.35 
275128.35 
275128.47 
275128.49 
275128.58 
275128.61 
275128.71 
275128.74 
275128.83 
275128.87 
275128.96 
275129.00 
275129.08 
275129.13 
275129.21 
275129.25 
275129.33 
275129.38 
275129.46 
275129.50 
275129.59 
275129.63 
275129.71 
275129.75 
275129.84 
275129.89 
275129.97 
275130.01 
275130.09 
275130.14 
275130.22 
275130.26 
275130.34 
275130.38 
275130.47 
275130.51 
275130.60 
275130.63 
275130.72 
275130.76 
275130.85 
275130.89 
275130.97 
275131.02 
275131.10 
275131.14 
275131.24 
275131.26 
275131.37 
275131.39 
275131.49 
275131.51 
275131.62 
275131.65 
275131.74 
275131.79 
275131.87 
275131.91 
275132.00 
275132.03 
275132.12 
275132.16 
275132.24 
275132.28 
275132.37 
275132.41 
275132.49 
275132.54 
275132.62 
275132.66 
275132.74 
275132.78 
275132.86 
275132.91 
275132.99 
275133.04 
275133.12 
275133.16 
275133.24 
275133.29 
275133.37 
275133.41 
275133.49 
275133.53 
275133.61 
275133.66 
275133.74 
275133.78 
275133.86 
275133.91 
275133.99 
275134.04 
275134.11 
275134.17 
275134.24 
275134.29 
275134.37 
275134.42 
275134.49 
275134.54 
275134.62 
275134.67 
275134.74 
275134.79 
275134.87 
275134.92 
275135.00 
275135.04 
275135.13 
275135.16 
275135.26 
275135.28 
275135.38 
275135.40 
275135.50 
275135.53 
275135.63 
275135.67 
275135.76 
275135.80 
275135.89 
275135.93 
275136.01 
275136.05 
275136.14 
275136.17 
275136.26 
275136.30 
275136.39 
275136.42 
275136.51 
275136.56 
275136.64 
275136.69 
275136.76 
275136.81 
275136.89 
275136.94 
275137.02 
275137.06 
275137.15 
275137.20 
275137.28 
275137.33 
275137.40 
275137.45 
275137.53 
275137.58 
275137.65 
275137.70 
275137.78 
275137.82 
275137.90 
275137.95 
275138.03 
275138.07 
275138.16 
275138.20 
275138.28 
275138.32 
275138.41 
275138.45 
275138.54 
275138.57 
275138.67 
275138.70 
275138.79 
275138.82 
275138.91 
275138.94 
275139.04 
275139.08 
275139.17 
275139.21 
275139.30 
275139.33 
275139.42 
275139.47 
275139.55 
275139.60 
275139.67 
275139.72 
275139.80 
275139.85 
275139.93 
275139.98 
275140.05 
275140.10 
275140.18 
275140.22 
275140.31 
275140.35 
275140.43 
275140.47 
275140.56 
275140.60 
275140.68 
275140.72 
275140.81 
275140.84 
275140.94 
275140.97 
275141.07 
275141.09 
275141.19 
275141.22 
275141.32 
275141.34 
275141.46 
275141.46 
275141.59 
275141.59 
275141.71 
275141.71 
275141.84 
275141.84 
275141.97 
275141.97 
275142.10 
275142.10 
275142.22 
275142.22 
275142.36 
275142.36 
275142.48 
275142.48 
275142.62 
275142.62 
275142.74 
275142.74 
275142.87 
275142.87 
275143.01 
275143.01 
275143.14 
275143.14 
275143.26 
275143.26 
275143.39 
275143.39 
275143.52 
275143.53 
275143.65 
275143.65 
275143.76 
275143.77 
275143.89 
275143.89 
275144.01 
275144.02 
275144.14 
275144.14 
275144.27 
275144.27 
275144.39 
275144.41 
275144.51 
275144.53 
275144.64 
275144.64 
275144.77 
275144.77 
275144.90 
275144.90 
275145.03 
275145.03 
275145.16 
275145.16 
275145.28 
275145.28 
275145.41 
275145.41 
275145.54 
275145.54 
275145.67 
275145.68 
275145.79 
275145.80 
275145.92 
275145.94 
275146.05 
275146.05 
275146.18 
275146.18 
275146.30 
275146.31 
275146.43 
275146.44 
275146.55 
275146.56 
275146.67 
275146.67 
275146.80 
275146.80 
275146.92 
275146.94 
275147.05 
275147.06 
275147.18 
275147.18 
275147.31 
275147.31 
275147.44 
275147.44 
275147.56 
275147.56 
275147.69 
275147.69 
275147.83 
275147.83 
275147.95 
275147.95 
275148.09 
275148.09 
275148.22 
275148.22 
275148.34 
275148.34 
275148.47 
275148.47 
275148.59 
275148.60 
275148.72 
275148.72 
275148.85 
275148.86 
275148.98 
275148.98 
275149.11 
275149.11 
275149.23 
275149.23 
275149.37 
275149.37 
275149.49 
275149.49 
275149.63 
275149.63 
275149.75 
275149.75 
275149.87 
275149.89 
275150.00 
275150.00 
275150.13 
275150.13 
275150.26 
275150.26 
275150.38 
275150.39 
275150.51 
275150.51 
275150.64 
275150.64 
275150.77 
275150.77 
275150.90 
275150.91 
275151.03 
275151.03 
275151.16 
275151.16 
275151.29 
275151.29 
275151.42 
275151.42 
275151.54 
275151.54 
275151.67 
275151.68 
275151.80 
275151.80 
275151.93 
275151.93 
275152.05 
275152.06 
275152.17 
275152.18 
275152.30 
275152.30 
275152.43 
275152.43 
275152.56 
275152.57 
275152.69 
275152.69 
275152.82 
275152.82 
275152.95 
275152.95 
275153.07 
275153.08 
275153.20 
275153.20 
275153.32 
275153.32 
275153.44 
275153.44 
275153.57 
275153.57 
275153.70 
275153.70 
275153.83 
275153.83 
275153.96 
275153.96 
275154.09 
275154.09 
275154.21 
275154.23 
275154.32 
275154.36 
275154.45 
275154.49 
275154.58 
275154.62 
275154.70 
275154.74 
275154.83 
275154.87 
275154.95 
275154.99 
275155.08 
275155.11 
275155.20 
275155.23 
275155.33 
275155.38 
275155.45 
275155.51 
275155.58 
275155.63 
275155.71 
275155.75 
275155.84 
275155.87 
275155.96 
275156.00 
275156.08 
275156.12 
275156.21 
275156.25 
275156.34 
275156.38 
275156.46 
275156.50 
275156.59 
275156.63 
275156.72 
275156.76 
275156.85 
275156.89 
275156.98 
275157.02 
275157.10 
275157.15 
275157.23 
275157.27 
275157.36 
275157.40 
275157.49 
275157.52 
275157.62 
275157.66 
275157.74 
275157.78 
275157.87 
275157.91 
275158.00 
275158.04 
275158.13 
275158.17 
275158.25 
275158.29 
275158.38 
275158.42 
275158.51 
275158.54 
275158.63 
275158.66 
275158.75 
275158.78 
275158.88 
275158.92 
275159.01 
275159.04 
275159.14 
275159.18 
275159.26 
275159.30 
275159.38 
275159.44 
275159.50 
275159.56 
275159.62 
275159.69 
275159.74 
275159.82 
275159.87 
275159.94 
275160.00 
275160.06 
275160.13 
275160.19 
275160.25 
275160.31 
275160.38 
275160.43 
275160.51 
275160.56 
275160.63 
275160.69 
275160.76 
275160.81 
275160.88 
275160.93 
275161.01 
275161.06 
275161.14 
275161.18 
275161.26 
275161.31 
275161.39 
275161.45 
275161.52 
275161.58 
275161.64 
275161.70 
275161.77 
275161.82 
275161.89 
275161.94 
275162.02 
275162.07 
275162.14 
275162.19 
275162.27 
275162.32 
275162.41 
275162.44 
275162.53 
275162.57 
275162.66 
275162.69 
275162.79 
275162.83 
275162.91 
275162.95 
275163.04 
275163.08 
275163.16 
275163.21 
275163.30 
275163.33 
275163.43 
275163.47 
275163.55 
275163.60 
275163.68 
275163.72 
275163.80 
275163.85 
275163.93 
275163.98 
275164.06 
275164.11 
275164.18 
275164.23 
275164.30 
275164.36 
275164.43 
275164.48 
275164.56 
275164.61 
275164.68 
275164.73 
275164.81 
275164.85 
275164.94 
275164.97 
275165.07 
275165.10 
275165.20 
275165.22 
275165.33 
275165.33 
275165.45 
275165.45 
275165.57 
275165.57 
275165.70 
275165.70 
275165.83 
275165.83 
275165.95 
275165.95 
275166.09 
275166.09 
275166.22 
275166.22 
275166.35 
275166.35 
275166.48 
275166.48 
275166.61 
275166.62 
275166.74 
275166.74 
275166.87 
275166.87 
275167.00 
275167.00 
275167.12 
275167.12 
275167.25 
275167.25 
275167.38 
275167.38 
275167.51 
275167.51 
275167.64 
275167.64 
275167.76 
275167.76 
275167.89 
275167.89 
275168.02 
275168.02 
275168.14 
275168.15 
275168.27 
275168.27 
275168.40 
275168.40 
275168.53 
275168.53 
275168.66 
275168.66 
275168.79 
275168.79 
275168.92 
275168.92 
275169.04 
275169.04 
275169.17 
275169.17 
275169.30 
275169.30 
275169.43 
275169.43 
275169.56 
275169.56 
275169.70 
275169.70 
275169.82 
275169.83 
275169.95 
275169.95 
275170.07 
275170.08 
275170.20 
275170.20 
275170.32 
275170.32 
275170.45 
275170.45 
275170.57 
275170.57 
275170.70 
275170.72 
275170.83 
275170.84 
275170.95 
275170.96 
275171.08 
275171.08 
275171.20 
275171.20 
275171.33 
275171.33 
275171.46 
275171.46 
275171.59 
275171.59 
275171.72 
275171.72 
275171.85 
275171.85 
275171.98 
275171.98 
275172.11 
275172.11 
275172.24 
275172.24 
275172.37 
275172.37 
275172.50 
275172.50 
275172.63 
275172.63 
275172.75 
275172.75 
275172.88 
275172.88 
275173.01 
275173.01 
275173.14 
275173.14 
275173.26 
275173.26 
275173.40 
275173.40 
275173.52 
275173.52 
275173.65 
275173.65 
275173.77 
275173.77 
275173.90 
275173.90 
275174.03 
275174.03 
275174.16 
275174.16 
275174.29 
275174.29 
275174.42 
275174.42 
275174.55 
275174.55 
275174.67 
275174.69 
275174.79 
275174.82 
275174.91 
275174.94 
275175.03 
275175.07 
275175.15 
275175.19 
275175.28 
275175.32 
275175.41 
275175.45 
275175.53 
275175.57 
275175.66 
275175.70 
275175.79 
275175.82 
275175.92 
275175.94 
275176.05 
275176.09 
275176.17 
275176.21 
275176.30 
275176.33 
275176.43 
275176.45 
275176.56 
275176.58 
275176.69 
275176.69 
275176.81 
275176.81 
275176.94 
275176.94 
275177.06 
275177.06 
275177.18 
275177.19 
275177.31 
275177.32 
275177.43 
275177.44 
275177.55 
275177.55 
275177.68 
275177.68 
275177.81 
275177.81 
275177.94 
275177.94 
275178.07 
275178.07 
275178.20 
275178.20 
275178.32 
275178.32 
275178.45 
275178.45 
275178.58 
275178.58 
275178.71 
275178.71 
275178.84 
275178.84 
275178.96 
275178.96 
275179.09 
275179.09 
275179.22 
275179.22 
275179.35 
275179.35 
275179.47 
275179.47 
275179.60 
275179.60 
275179.73 
275179.73 
275179.86 
275179.86 
275179.98 
275179.98 
275180.11 
275180.12 
275180.24 
275180.24 
275180.37 
275180.37 
275180.50 
275180.50 
275180.63 
275180.64 
275180.75 
275180.76 
275180.87 
275180.90 
275181.00 
275181.02 
275181.13 
275181.15 
275181.26 
275181.27 
275181.38 
275181.38 
275181.51 
275181.52 
275181.63 
275181.64 
275181.75 
275181.76 
275181.88 
275181.88 
275182.01 
275182.02 
275182.14 
275182.14 
275182.27 
275182.27 
275182.40 
275182.40 
275182.52 
275182.54 
275182.65 
275182.66 
275182.78 
275182.78 
275182.90 
275182.90 
275183.03 
275183.03 
275183.16 
275183.16 
275183.29 
275183.29 
275183.41 
275183.41 
275183.53 
275183.53 
275183.67 
275183.67 
275183.79 
275183.79 
275183.92 
275183.93 
275184.05 
275184.05 
275184.17 
275184.18 
275184.30 
275184.30 
275184.43 
275184.44 
275184.56 
275184.56 
275184.69 
275184.69 
275184.82 
275184.82 
275184.95 
275184.95 
275185.07 
275185.09 
275185.20 
275185.20 
275185.33 
275185.33 
275185.46 
275185.46 
275185.59 
275185.59 
275185.71 
275185.71 
275185.84 
275185.84 
275185.97 
275185.97 
275186.10 
275186.10 
275186.23 
275186.24 
275186.35 
275186.36 
275186.48 
275186.48 
275186.61 
275186.61 
275186.74 
275186.74 
275186.86 
275186.86 
275187.00 
275187.00 
275187.12 
275187.12 
275187.25 
275187.25 
275187.38 
275187.38 
275187.51 
275187.51 
275187.64 
275187.64 
275187.77 
275187.77 
275187.89 
275187.90 
275188.02 
275188.02 
275188.14 
275188.14 
275188.27 
275188.27 
275188.39 
275188.39 
275188.52 
275188.53 
275188.65 
275188.65 
275188.77 
275188.77 
275188.89 
275188.89 
275189.02 
275189.02 
275189.15 
275189.15 
275189.28 
275189.28 
275189.41 
275189.41 
275189.54 
275189.54 
275189.67 
275189.67 
275189.80 
275189.80 
275189.92 
275189.92 
275190.05 
275190.05 
275190.18 
275190.18 
275190.29 
275190.29 
275190.40 
275190.40 
275190.53 
275190.53 
275190.66 
275190.67 
275190.79 
275190.79 
275190.92 
275190.92 
275191.04 
275191.05 
275191.17 
275191.17 
275191.30 
275191.30 
275191.43 
275191.43 
275191.55 
275191.56 
275191.68 
275191.68 
275191.81 
275191.81 
275191.94 
275191.94 
275192.06 
275192.07 
275192.18 
275192.20 
275192.31 
275192.31 
275192.43 
275192.45 
275192.56 
275192.56 
275192.69 
275192.69 
275192.82 
275192.82 
275192.94 
275192.94 
275193.07 
275193.07 
275193.21 
275193.21 
275193.33 
275193.33 
275193.46 
275193.46 
275193.59 
275193.59 
275193.72 
275193.72 
275193.85 
275193.85 
275193.98 
275193.99 
275194.11 
275194.12 
275194.24 
275194.26 
275194.37 
275194.37 
275194.50 
275194.50 
275194.62 
275194.62 
275194.75 
275194.75 
275194.87 
275194.87 
275195.01 
275195.01 
275195.13 
275195.13 
275195.25 
275195.25 
275195.38 
275195.38 
275195.51 
275195.51 
275195.64 
275195.65 
275195.77 
275195.79 
275195.90 
275195.91 
275196.03 
275196.03 
275196.15 
275196.15 
275196.28 
275196.28 
275196.41 
275196.41 
275196.53 
275196.54 
275196.66 
275196.66 
275196.79 
275196.79 
275196.92 
275196.92 
275197.06 
275197.06 
275197.19 
275197.19 
275197.31 
275197.31 
275197.44 
275197.44 
275197.57 
275197.57 
275197.70 
275197.70 
275197.83 
275197.83 
275197.96 
275197.96 
275198.08 
275198.08 
275198.21 
275198.21 
275198.34 
275198.34 
275198.47 
275198.47 
275198.59 
275198.60 
275198.72 
275198.72 
275198.85 
275198.85 
275198.98 
275198.98 
275199.11 
275199.11 
275199.24 
275199.24 
275199.36 
275199.36 
275199.49 
275199.49 
275199.62 
275199.62 
275199.74 
275199.74 
275199.87 
275199.87 
275200.00 
275200.00 
275200.13 
275200.13 
275200.26 
275200.26 
275200.39 
275200.39 
275200.52 
275200.52 
275200.64 
275200.64 
275200.77 
275200.77 
275200.90 
275200.90 
275201.02 
275201.02 
275201.15 
275201.15 
275201.28 
275201.28 
275201.41 
275201.41 
275201.53 
275201.53 
275201.65 
275201.65 
275201.78 
275201.78 
275201.91 
275201.93 
275202.03 
275202.06 
275202.16 
275202.20 
275202.29 
275202.33 
275202.41 
275202.46 
275202.54 
275202.58 
275202.67 
275202.70 
275202.80 
275202.83 
275202.93 
275202.97 
275203.05 
275203.10 
275203.17 
275203.22 
275203.30 
275203.34 
275203.43 
275203.47 
275203.55 
275203.59 
275203.68 
275203.72 
275203.81 
275203.85 
275203.94 
275203.97 
275204.06 
275204.11 
275204.19 
275204.23 
275204.32 
275204.36 
275204.45 
275204.49 
275204.58 
275204.63 
275204.70 
275204.75 
275204.82 
275204.88 
275204.95 
275205.01 
275205.07 
275205.13 
275205.20 
275205.26 
275205.32 
275205.38 
275205.44 
275205.51 
275205.57 
275205.63 
275205.69 
275205.75 
275205.81 
275205.87 
275205.93 
275206.00 
275206.05 
275206.11 
275206.19 
275206.23 
275206.31 
275206.35 
275206.44 
275206.47 
275206.56 
275206.60 
275206.69 
275206.72 
275206.81 
275206.86 
275206.94 
275206.98 
275207.07 
275207.10 
275207.19 
275207.24 
275207.31 
275207.36 
275207.44 
275207.48 
275207.56 
275207.61 
275207.69 
275207.73 
275207.82 
275207.85 
275207.95 
275207.98 
275208.07 
275208.10 
275208.20 
275208.23 
275208.33 
275208.35 
275208.45 
275208.47 
275208.58 
275208.61 
275208.70 
275208.74 
275208.83 
275208.86 
275208.95 
275208.99 
275209.07 
275209.12 
275209.20 
275209.24 
275209.33 
275209.37 
275209.46 
275209.49 
275209.59 
275209.63 
275209.71 
275209.75 
275209.84 
275209.87 
275209.96 
275210.00 
275210.09 
275210.14 
275210.21 
275210.26 
275210.33 
275210.39 
275210.45 
275210.51 
275210.58 
275210.64 
275210.71 
275210.76 
275210.83 
275210.88 
275210.96 
275211.01 
275211.08 
275211.13 
275211.21 
275211.26 
275211.33 
275211.39 
275211.45 
275211.51 
275211.58 
275211.64 
275211.71 
275211.77 
275211.83 
275211.89 
275211.96 
275212.02 
275212.08 
275212.14 
275212.20 
275212.26 
275212.33 
275212.39 
275212.45 
275212.51 
275212.57 
275212.64 
275212.69 
275212.77 
275212.82 
275212.90 
275212.94 
275213.02 
275213.06 
275213.15 
275213.19 
275213.27 
275213.31 
275213.40 
275213.43 
275213.53 
275213.55 
275213.66 
275213.67 
275213.79 
275213.82 
275213.91 
275213.95 
275214.03 
275214.07 
275214.16 
275214.20 
275214.28 
275214.33 
275214.40 
275214.45 
275214.53 
275214.58 
275214.65 
275214.70 
275214.78 
275214.83 
275214.91 
275214.95 
275215.03 
275215.07 
275215.15 
275215.20 
275215.28 
275215.33 
275215.41 
275215.45 
275215.54 
275215.58 
275215.66 
275215.70 
275215.79 
275215.84 
275215.92 
275215.96 
275216.05 
275216.09 
275216.18 
275216.21 
275216.31 
275216.34 
275216.43 
275216.47 
275216.56 
275216.60 
275216.68 
275216.72 
275216.80 
275216.85 
275216.93 
275216.97 
275217.06 
275217.10 
275217.19 
275217.22 
275217.31 
275217.35 
275217.44 
275217.49 
275217.57 
275217.62 
275217.69 
275217.74 
275217.82 
275217.86 
275217.94 
275217.99 
275218.07 
275218.11 
275218.19 
275218.24 
275218.32 
275218.36 
275218.45 
275218.49 
275218.58 
275218.61 
275218.71 
275218.74 
275218.83 
275218.88 
275218.96 
275219.01 
275219.08 
275219.13 
275219.21 
275219.26 
275219.34 
275219.38 
275219.46 
275219.50 
275219.59 
275219.63 
275219.71 
275219.76 
275219.84 
275219.88 
275219.96 
275220.00 
275220.09 
275220.13 
275220.22 
275220.25 
275220.34 
275220.38 
275220.47 
275220.51 
275220.60 
275220.64 
275220.72 
275220.76 
275220.85 
275220.89 
275220.97 
275221.01 
275221.10 
275221.13 
275221.23 
275221.26 
275221.35 
275221.38 
275221.47 
275221.49 
275221.59 
275221.61 
275221.72 
275221.73 
275221.85 
275221.85 
275221.98 
275221.98 
275222.10 
275222.10 
275222.22 
275222.22 
275222.35 
275222.35 
275222.48 
275222.48 
275222.61 
275222.61 
275222.73 
275222.73 
275222.86 
275222.86 
275222.99 
275223.00 
275223.12 
275223.12 
275223.25 
275223.25 
275223.38 
275223.38 
275223.51 
275223.51 
275223.63 
275223.64 
275223.76 
275223.76 
275223.89 
275223.89 
275224.02 
275224.02 
275224.15 
275224.15 
275224.28 
275224.28 
275224.40 
275224.40 
275224.53 
275224.53 
275224.66 
275224.67 
275224.79 
275224.79 
275224.92 
275224.92 
275225.04 
275225.05 
275225.17 
275225.17 
275225.30 
275225.30 
275225.43 
275225.43 
275225.56 
275225.56 
275225.69 
275225.69 
275225.82 
275225.82 
275225.95 
275225.95 
275226.08 
275226.08 
275226.21 
275226.21 
275226.34 
275226.34 
275226.47 
275226.47 
275226.60 
275226.60 
275226.73 
275226.73 
275226.85 
275226.85 
275226.98 
275226.98 
275227.11 
275227.11 
275227.23 
275227.23 
275227.36 
275227.36 
275227.50 
275227.50 
275227.63 
275227.63 
275227.75 
275227.75 
275227.87 
275227.88 
275228.00 
275228.00 
275228.13 
275228.13 
275228.26 
275228.27 
275228.38 
275228.40 
275228.51 
275228.52 
275228.63 
275228.64 
275228.76 
275228.77 
275228.88 
275228.88 
275229.01 
275229.01 
275229.14 
275229.14 
275229.27 
275229.27 
275229.40 
275229.40 
275229.53 
275229.53 
275229.65 
275229.65 
275229.78 
275229.78 
275229.91 
275229.91 
275230.03 
275230.03 
275230.16 
275230.16 
275230.29 
275230.29 
275230.42 
275230.43 
275230.54 
275230.55 
275230.67 
275230.67 
275230.80 
275230.80 
275230.93 
275230.93 
275231.06 
275231.06 
275231.19 
275231.19 
275231.32 
275231.32 
275231.44 
275231.44 
275231.57 
275231.57 
275231.70 
275231.70 
275231.83 
275231.83 
275231.96 
275231.96 
275232.09 
275232.09 
275232.23 
275232.23 
275232.35 
275232.36 
275232.48 
275232.48 
275232.61 
275232.61 
275232.74 
275232.74 
275232.86 
275232.88 
275232.99 
275233.00 
275233.12 
275233.12 
275233.24 
275233.24 
275233.37 
275233.37 
275233.50 
275233.50 
275233.64 
275233.64 
275233.77 
275233.77 
275233.90 
275233.91 
275234.03 
275234.04 
275234.15 
275234.16 
275234.28 
275234.28 
275234.41 
275234.41 
275234.54 
275234.54 
275234.66 
275234.66 
275234.79 
275234.79 
275234.91 
275234.92 
275235.04 
275235.04 
275235.17 
275235.17 
275235.30 
275235.30 
275235.43 
275235.43 
275235.55 
275235.55 
275235.68 
275235.69 
275235.81 
275235.81 
275235.94 
275235.94 
275236.06 
275236.06 
275236.19 
275236.19 
275236.32 
275236.32 
275236.45 
275236.45 
275236.57 
275236.58 
275236.70 
275236.70 
275236.83 
275236.83 
275236.95 
275236.95 
275237.06 
275237.06 
275237.19 
275237.19 
275237.31 
275237.32 
275237.44 
275237.44 
275237.57 
275237.57 
275237.70 
275237.70 
275237.83 
275237.84 
275237.96 
275237.96 
275238.08 
275238.09 
275238.21 
275238.22 
275238.33 
275238.34 
275238.46 
275238.46 
275238.59 
275238.59 
275238.71 
275238.71 
275238.84 
275238.84 
275238.97 
275238.97 
275239.10 
275239.10 
275239.23 
275239.23 
275239.36 
275239.37 
275239.49 
275239.49 
275239.62 
275239.62 
275239.74 
275239.74 
275239.87 
275239.87 
275240.00 
275240.00 
275240.13 
275240.13 
275240.25 
275240.25 
275240.38 
275240.38 
275240.51 
275240.51 
275240.64 
275240.64 
275240.77 
275240.77 
275240.90 
275240.90 
275241.02 
275241.02 
275241.14 
275241.15 
275241.27 
275241.27 
275241.39 
275241.40 
275241.52 
275241.53 
275241.64 
275241.65 
275241.77 
275241.77 
275241.89 
275241.89 
275242.02 
275242.02 
275242.15 
275242.15 
275242.28 
275242.28 
275242.41 
275242.41 
275242.53 
275242.53 
275242.66 
275242.66 
275242.79 
275242.79 
275242.91 
275242.91 
275243.05 
275243.05 
275243.18 
275243.18 
275243.31 
275243.31 
275243.43 
275243.43 
275243.56 
275243.57 
275243.70 
275243.71 
275243.82 
275243.83 
275243.95 
275243.96 
275244.08 
275244.08 
275244.21 
275244.21 
275244.34 
275244.34 
275244.47 
275244.47 
275244.59 
275244.59 
275244.72 
275244.72 
275244.85 
275244.86 
275244.97 
275244.98 
275245.10 
275245.11 
275245.23 
275245.23 
275245.36 
275245.36 
275245.48 
275245.49 
275245.61 
275245.61 
275245.73 
275245.73 
275245.86 
275245.86 
275245.99 
275245.99 
275246.11 
275246.11 
275246.24 
275246.24 
275246.37 
275246.37 
275246.50 
275246.50 
275246.64 
275246.64 
275246.76 
275246.77 
275246.90 
275246.90 
275247.02 
275247.02 
275247.15 
275247.15 
275247.28 
275247.28 
275247.41 
275247.41 
275247.53 
275247.54 
275247.66 
275247.66 
275247.79 
275247.79 
275247.93 
275247.93 
275248.05 
275248.05 
275248.18 
275248.18 
275248.31 
275248.31 
275248.43 
275248.45 
275248.56 
275248.56 
275248.69 
275248.70 
275248.82 
275248.82 
275248.95 
275248.95 
275249.08 
275249.08 
275249.20 
275249.20 
275249.33 
275249.33 
275249.46 
275249.46 
275249.58 
275249.58 
275249.71 
275249.71 
275249.84 
275249.86 
275249.97 
275249.98 
275250.09 
275250.11 
275250.22 
275250.23 
275250.34 
275250.35 
275250.47 
275250.48 
275250.60 
275250.60 
275250.73 
275250.73 
275250.85 
275250.85 
275250.98 
275250.98 
275251.11 
275251.11 
275251.23 
275251.23 
275251.36 
275251.36 
275251.49 
275251.49 
275251.62 
275251.62 
275251.74 
275251.74 
275251.87 
275251.87 
275252.00 
275252.00 
275252.13 
275252.13 
275252.26 
275252.27 
275252.38 
275252.38 
275252.50 
275252.50 
275252.63 
275252.63 
275252.75 
275252.75 
275252.88 
275252.88 
275253.01 
275253.01 
275253.14 
275253.15 
275253.26 
275253.27 
275253.39 
275253.39 
275253.52 
275253.52 
275253.65 
275253.65 
275253.78 
275253.78 
275253.91 
275253.91 
275254.03 
275254.03 
275254.16 
275254.17 
275254.29 
275254.29 
275254.42 
275254.43 
275254.54 
275254.55 
275254.67 
275254.67 
275254.79 
275254.80 
275254.92 
275254.92 
275255.04 
275255.04 
275255.17 
275255.17 
275255.30 
275255.30 
275255.43 
275255.43 
275255.55 
275255.55 
275255.69 
275255.69 
275255.81 
275255.81 
275255.94 
275255.94 
275256.07 
275256.07 
275256.19 
275256.19 
275256.32 
275256.32 
275256.45 
275256.45 
275256.58 
275256.58 
275256.71 
275256.71 
275256.83 
275256.84 
275256.96 
275256.96 
275257.09 
275257.09 
275257.22 
275257.22 
275257.35 
275257.35 
275257.47 
275257.47 
275257.60 
275257.61 
275257.73 
275257.73 
275257.85 
275257.85 
275257.98 
275257.98 
275258.11 
275258.11 
275258.24 
275258.24 
275258.36 
275258.36 
275258.48 
275258.48 
275258.61 
275258.62 
275258.74 
275258.74 
275258.87 
275258.87 
275259.00 
275259.00 
275259.14 
275259.14 
275259.27 
275259.27 
275259.40 
275259.40 
275259.52 
275259.52 
275259.65 
275259.65 
275259.78 
275259.78 
275259.91 
275259.91 
275260.03 
275260.03 
275260.16 
275260.16 
275260.29 
275260.29 
275260.42 
275260.42 
275260.54 
275260.54 
275260.67 
275260.67 
275260.80 
275260.80 
275260.93 
275260.93 
275261.05 
275261.05 
275261.18 
275261.18 
275261.30 
275261.30 
275261.44 
275261.44 
275261.55 
275261.55 
275261.68 
275261.68 
275261.82 
275261.82 
275261.94 
275261.94 
275262.07 
275262.07 
275262.20 
275262.20 
275262.33 
275262.33 
275262.46 
275262.46 
275262.59 
275262.59 
275262.70 
275262.70 
275262.82 
275262.82 
275262.94 
275262.94 
275263.06 
275263.06 
275263.17 
275263.17 
275263.28 
275263.28 
275263.39 
275263.39 
275263.50 
275263.50 
275263.60 
275263.60 
275263.73 
275263.73 
275263.83 
275263.83 
275263.94 
275263.98 
275264.07 
275264.08 
275264.18 
275264.19 
275264.29 
275264.30 
275264.40 
275264.41 
275264.51 
275264.53 
275264.64 
275264.64 
275264.75 
275264.76 
275264.86 
275264.86 
275264.97 
275264.97 
275265.10 
275265.10 
275265.21 
275265.21 
275265.33 
275265.33 
275265.44 
275265.44 
275265.54 
275265.55 
275265.65 
275265.67 
275265.76 
275265.78 
275265.87 
275265.89 
275265.97 
275266.02 
275266.09 
275266.15 
275266.20 
275266.26 
275266.33 
275266.37 
275266.43 
275266.48 
275266.56 
275266.60 
275266.66 
275266.71 
275266.78 
275266.83 
275266.90 
275266.95 
275267.01 
275267.06 
275267.13 
275267.16 
275267.24 
275267.27 
275267.34 
275267.39 
275267.45 
275267.50 
275267.58 
275267.62 
275267.69 
275267.73 
275267.82 
275267.84 
275267.92 
275267.96 
275268.03 
275268.07 
275268.14 
275268.18 
275268.25 
275268.29 
275268.36 
275268.41 
275268.48 
275268.52 
275268.59 
275268.63 
275268.70 
275268.74 
275268.81 
275268.84 
275268.92 
275268.95 
275269.05 
275269.06 
275269.15 
275269.17 
275269.26 
275269.29 
275269.37 
275269.40 
275269.48 
275269.52 
275269.61 
275269.64 
275269.72 
275269.76 
275269.85 
275269.86 
275269.97 
275269.98 
275270.08 
275270.12 
275270.21 
275270.23 
275270.35 
275270.35 
275270.47 
275270.47 
275270.58 
275270.58 
275270.70 
275270.70 
275270.81 
275270.82 
275270.92 
275270.94 
275271.04 
275271.05 
275271.16 
275271.17 
275271.28 
275271.28 
275271.40 
275271.40 
275271.51 
275271.52 
275271.65 
275271.65 
275271.78 
275271.78 
275271.91 
275271.91 
275272.03 
275272.03 
275272.16 
275272.16 
275272.28 
275272.29 
275272.39 
275272.41 
275272.50 
275272.52 
275272.63 
275272.64 
275272.75 
275272.76 
275272.87 
275272.88 
275272.98 
275272.99 
275273.11 
275273.12 
275273.23 
275273.24 
275273.35 
275273.35 
275273.47 
275273.47 
275273.60 
275273.60 
275273.72 
275273.73 
275273.84 
275273.85 
275273.96 
275273.96 
275274.08 
275274.08 
275274.20 
275274.20 
275274.32 
275274.33 
275274.45 
275274.45 
275274.57 
275274.57 
275274.69 
275274.69 
275274.80 
275274.82 
275274.92 
275274.93 
275275.04 
275275.05 
275275.15 
275275.16 
275275.26 
275275.26 
275275.38 
275275.38 
275275.50 
275275.50 
275275.62 
275275.62 
275275.75 
275275.75 
275275.87 
275275.88 
275275.98 
275276.00 
275276.10 
275276.11 
275276.21 
275276.24 
275276.32 
275276.37 
275276.44 
275276.48 
275276.56 
275276.60 
275276.68 
275276.71 
275276.80 
275276.83 
275276.91 
275276.95 
275277.02 
275277.07 
275277.14 
275277.20 
275277.25 
275277.32 
275277.37 
275277.43 
275277.49 
275277.54 
275277.61 
275277.65 
275277.73 
275277.78 
275277.85 
275277.89 
275277.96 
275278.01 
275278.08 
275278.13 
275278.19 
275278.24 
275278.30 
275278.36 
275278.41 
275278.50 
275278.53 
275278.62 
275278.65 
275278.73 
275278.76 
275278.84 
275278.87 
275278.96 
275278.99 
275279.08 
275279.11 
275279.19 
275279.24 
275279.31 
275279.36 
275279.42 
275279.47 
275279.55 
275279.60 
275279.66 
275279.71 
275279.78 
275279.84 
275279.90 
275279.96 
275280.01 
275280.07 
275280.14 
275280.19 
275280.25 
275280.33 
275280.37 
275280.45 
275280.49 
275280.57 
275280.61 
275280.68 
275280.73 
275280.79 
275280.86 
275280.91 
275280.98 
275281.03 
275281.10 
275281.16 
275281.22 
275281.27 
275281.33 
275281.38 
275281.45 
275281.50 
275281.56 
275281.63 
275281.67 
275281.75 
275281.80 
275281.87 
275281.93 
275281.99 
275282.05 
275282.11 
275282.17 
275282.23 
275282.29 
275282.35 
275282.40 
275282.48 
275282.52 
275282.60 
275282.64 
275282.72 
275282.76 
275282.84 
275282.87 
275282.96 
275282.99 
275283.07 
275283.11 
275283.19 
275283.23 
275283.30 
275283.34 
275283.42 
275283.46 
275283.54 
275283.58 
275283.66 
275283.70 
275283.77 
275283.82 
275283.88 
275283.93 
275283.99 
275284.05 
275284.11 
275284.17 
275284.22 
275284.28 
275284.33 
275284.40 
275284.45 
275284.52 
275284.57 
275284.63 
275284.68 
275284.75 
275284.79 
275284.86 
275284.90 
275284.98 
275285.03 
275285.09 
275285.15 
275285.21 
275285.27 
275285.33 
275285.38 
275285.46 
275285.50 
275285.58 
275285.63 
275285.71 
275285.74 
275285.83 
275285.85 
275285.94 
275285.97 
275286.07 
275286.10 
275286.19 
275286.22 
275286.32 
275286.34 
275286.43 
275286.45 
275286.55 
275286.58 
275286.68 
275286.69 
275286.80 
275286.82 
275286.91 
275286.94 
275287.03 
275287.06 
275287.15 
275287.18 
275287.27 
275287.30 
275287.39 
275287.42 
275287.50 
275287.53 
275287.62 
275287.65 
275287.73 
275287.77 
275287.86 
275287.89 
275287.98 
275288.01 
275288.10 
275288.13 
275288.22 
275288.24 
275288.34 
275288.35 
275288.47 
275288.48 
275288.59 
275288.60 
275288.70 
275288.72 
275288.82 
275288.84 
275288.93 
275288.95 
275289.04 
275289.06 
275289.15 
275289.18 
275289.28 
275289.30 
275289.40 
275289.42 
275289.52 
275289.55 
275289.64 
275289.67 
275289.76 
275289.80 
275289.89 
275289.92 
275290.01 
275290.04 
275290.12 
275290.15 
275290.24 
275290.27 
275290.36 
275290.38 
275290.48 
275290.50 
275290.60 
275290.61 
275290.72 
275290.74 
275290.83 
275290.85 
275290.95 
275290.96 
275291.07 
275291.08 
275291.19 
275291.20 
275291.31 
275291.31 
275291.44 
275291.44 
275291.56 
275291.56 
275291.69 
275291.69 
275291.80 
275291.80 
275291.92 
275291.92 
275292.03 
275292.04 
275292.15 
275292.15 
275292.26 
275292.27 
275292.39 
275292.39 
275292.50 
275292.51 
275292.63 
275292.63 
275292.75 
275292.76 
275292.88 
275292.88 
275292.99 
275293.00 
275293.11 
275293.11 
275293.22 
275293.23 
275293.34 
275293.37 
275293.46 
275293.49 
275293.57 
275293.61 
275293.69 
275293.74 
275293.81 
275293.86 
275293.93 
275293.97 
275294.05 
275294.10 
275294.17 
275294.22 
275294.28 
275294.33 
275294.42 
275294.45 
275294.53 
275294.57 
275294.65 
275294.68 
275294.77 
275294.80 
275294.90 
275294.93 
275295.01 
275295.04 
275295.13 
275295.15 
275295.25 
275295.27 
275295.39 
275295.39 
275295.50 
275295.51 
275295.62 
275295.62 
275295.74 
275295.74 
275295.85 
275295.86 
275295.98 
275295.98 
275296.09 
275296.10 
275296.21 
275296.22 
275296.33 
275296.34 
275296.45 
275296.47 
275296.56 
275296.59 
275296.67 
275296.71 
275296.80 
275296.83 
275296.92 
275296.95 
275297.04 
275297.06 
275297.17 
275297.18 
275297.29 
275297.30 
275297.43 
275297.43 
275297.55 
275297.55 
275297.67 
275297.68 
275297.79 
275297.80 
275297.91 
275297.91 
275298.03 
275298.03 
275298.15 
275298.15 
275298.27 
275298.27 
275298.39 
275298.40 
275298.51 
275298.52 
275298.63 
275298.64 
275298.75 
275298.75 
275298.87 
275298.87 
275298.98 
275298.98 
275299.10 
275299.11 
275299.23 
275299.23 
275299.34 
275299.35 
275299.46 
275299.47 
275299.58 
275299.59 
275299.70 
275299.71 
275299.82 
275299.82 
275299.94 
275299.95 
275300.06 
275300.06 
275300.18 
275300.18 
275300.30 
275300.31 
275300.42 
275300.42 
275300.53 
275300.54 
275300.65 
275300.66 
275300.78 
275300.78 
275300.89 
275300.90 
275301.01 
275301.02 
275301.13 
275301.13 
275301.24 
275301.25 
275301.36 
275301.36 
275301.49 
275301.49 
275301.60 
275301.62 
275301.71 
275301.74 
275301.83 
275301.86 
275301.95 
275301.99 
275302.06 
275302.11 
275302.17 
275302.23 
275302.28 
275302.34 
275302.40 
275302.46 
275302.51 
275302.58 
275302.62 
275302.69 
275302.74 
275302.81 
275302.87 
275302.94 
275302.98 
275303.05 
275303.11 
275303.18 
275303.23 
275303.30 
275303.35 
275303.41 
275303.46 
275303.52 
275303.59 
275303.65 
275303.70 
275303.77 
275303.81 
275303.88 
275303.94 
275304.00 
275304.06 
275304.11 
275304.18 
275304.23 
275304.31 
275304.35 
275304.42 
275304.46 
275304.53 
275304.58 
275304.65 
275304.69 
275304.76 
275304.82 
275304.88 
275304.94 
275305.01 
275305.06 
275305.13 
275305.16 
275305.25 
275305.28 
275305.37 
275305.40 
275305.48 
275305.53 
275305.60 
275305.65 
275305.73 
275305.76 
275305.84 
275305.87 
275305.96 
275305.99 
275306.09 
275306.11 
275306.20 
275306.22 
275306.31 
275306.33 
275306.43 
275306.45 
275306.55 
275306.56 
275306.66 
275306.68 
275306.78 
275306.79 
275306.90 
275306.91 
275307.01 
275307.02 
275307.13 
275307.13 
275307.24 
275307.25 
275307.37 
275307.37 
275307.48 
275307.49 
275307.60 
275307.61 
275307.72 
275307.72 
275307.83 
275307.84 
275307.95 
275307.97 
275308.07 
275308.09 
275308.19 
275308.21 
275308.32 
275308.33 
275308.45 
275308.46 
275308.56 
275308.58 
275308.68 
275308.69 
275308.80 
275308.82 
275308.92 
275308.94 
275309.04 
275309.05 
275309.16 
275309.16 
275309.27 
275309.28 
275309.39 
275309.40 
275309.51 
275309.51 
275309.63 
275309.64 
275309.74 
275309.75 
275309.88 
275309.88 
275309.99 
275310.00 
275310.12 
275310.13 
275310.23 
275310.24 
275310.34 
275310.36 
275310.46 
275310.47 
275310.58 
275310.59 
275310.70 
275310.71 
275310.82 
275310.83 
275310.95 
275310.96 
275311.07 
275311.08 
275311.19 
275311.19 
275311.31 
275311.31 
275311.42 
275311.43 
275311.54 
275311.55 
275311.67 
275311.68 
275311.79 
275311.79 
275311.90 
275311.91 
275312.01 
275312.03 
275312.13 
275312.15 
275312.24 
275312.26 
275312.36 
275312.37 
275312.48 
275312.50 
275312.60 
275312.61 
275312.73 
275312.73 
275312.84 
275312.85 
275312.96 
275312.98 
275313.09 
275313.10 
275313.20 
275313.21 
275313.32 
275313.33 
275313.44 
275313.44 
275313.55 
275313.57 
275313.68 
275313.69 
275313.80 
275313.80 
275313.93 
275313.93 
275314.05 
275314.05 
275314.16 
275314.17 
275314.29 
275314.29 
275314.41 
275314.41 
275314.53 
275314.54 
275314.66 
275314.66 
275314.77 
275314.78 
275314.89 
275314.90 
275315.01 
275315.01 
275315.12 
275315.13 
275315.24 
275315.24 
275315.35 
275315.37 
275315.47 
275315.49 
275315.58 
275315.60 
275315.71 
275315.72 
275315.84 
275315.84 
275315.96 
275315.96 
275316.08 
275316.08 
275316.20 
275316.21 
275316.33 
275316.34 
275316.45 
275316.46 
275316.57 
275316.57 
275316.68 
275316.70 
275316.81 
275316.82 
275316.93 
275316.94 
275317.04 
275317.06 
275317.15 
275317.17 
275317.27 
275317.30 
275317.38 
275317.42 
275317.49 
275317.54 
275317.62 
275317.66 
275317.74 
275317.78 
275317.85 
275317.90 
275317.97 
275318.03 
275318.09 
275318.15 
275318.21 
275318.27 
275318.33 
275318.39 
275318.46 
275318.52 
275318.60 
275318.64 
275318.72 
275318.77 
275318.82 
275318.88 
275318.95 
275319.00 
275319.06 
275319.12 
275319.18 
275319.24 
275319.30 
275319.36 
275319.41 
275319.47 
275319.53 
275319.59 
275319.64 
275319.71 
275319.76 
275319.83 
275319.88 
275319.96 
275319.99 
275320.09 
275320.10 
275320.20 
275320.22 
275320.32 
275320.33 
275320.43 
275320.44 
275320.54 
275320.56 
275320.64 
275320.67 
275320.77 
275320.79 
275320.88 
275320.91 
275321.01 
275321.02 
275321.13 
275321.14 
275321.25 
275321.25 
275321.37 
275321.38 
275321.50 
275321.50 
275321.61 
275321.62 
275321.72 
275321.73 
275321.84 
275321.85 
275321.95 
275321.97 
275322.07 
275322.08 
275322.18 
275322.20 
275322.31 
275322.32 
275322.43 
275322.43 
275322.55 
275322.56 
275322.67 
275322.67 
275322.79 
275322.79 
275322.91 
275322.91 
275323.03 
275323.04 
275323.14 
275323.16 
275323.27 
275323.28 
275323.39 
275323.40 
275323.51 
275323.52 
275323.63 
275323.64 
275323.74 
275323.74 
275323.86 
275323.86 
275323.97 
275323.98 
275324.09 
275324.09 
275324.21 
275324.21 
275324.34 
275324.34 
275324.45 
275324.46 
275324.57 
275324.57 
275324.68 
275324.69 
275324.80 
275324.81 
275324.93 
275324.93 
275325.05 
275325.05 
275325.17 
275325.18 
275325.29 
275325.30 
275325.41 
275325.42 
275325.53 
275325.54 
275325.64 
275325.66 
275325.76 
275325.78 
275325.88 
275325.90 
275326.00 
275326.03 
275326.12 
275326.14 
275326.23 
275326.27 
275326.36 
275326.39 
275326.47 
275326.51 
275326.58 
275326.63 
275326.71 
275326.75 
275326.83 
275326.88 
275326.96 
275327.00 
275327.08 
275327.13 
275327.21 
275327.25 
275327.34 
275327.39 
275327.46 
275327.51 
275327.59 
275327.64 
275327.73 
275327.76 
275327.85 
275327.88 
275327.95 
275328.00 
275328.08 
275328.13 
275328.20 
275328.25 
275328.33 
275328.38 
275328.45 
275328.50 
275328.58 
275328.62 
275328.70 
275328.76 
275328.83 
275328.89 
275328.96 
275329.02 
275329.08 
275329.14 
275329.20 
275329.26 
275329.33 
275329.39 
275329.45 
275329.52 
275329.57 
275329.64 
275329.70 
275329.77 
275329.82 
275329.89 
275329.95 
275330.02 
275330.07 
275330.15 
275330.19 
275330.27 
275330.32 
275330.40 
275330.44 
275330.53 
275330.57 
275330.65 
275330.69 
275330.78 
275330.83 
275330.91 
275330.95 
275331.03 
275331.07 
275331.16 
275331.20 
275331.29 
275331.32 
275331.41 
275331.44 
275331.54 
275331.58 
275331.66 
275331.71 
275331.79 
275331.83 
275331.92 
275331.96 
275332.04 
275332.08 
275332.16 
275332.21 
275332.29 
275332.33 
275332.43 
275332.46 
275332.55 
275332.59 
275332.68 
275332.71 
275332.80 
275332.84 
275332.93 
275332.97 
275333.05 
275333.10 
275333.18 
275333.23 
275333.30 
275333.35 
275333.43 
275333.48 
275333.55 
275333.60 
275333.68 
275333.73 
275333.80 
275333.86 
275333.93 
275333.98 
275334.05 
275334.11 
275334.17 
275334.23 
275334.30 
275334.35 
275334.42 
275334.48 
275334.54 
275334.61 
275334.67 
275334.73 
275334.80 
275334.85 
275334.92 
275334.98 
275335.05 
275335.10 
275335.17 
275335.23 
275335.30 
275335.36 
275335.42 
275335.48 
275335.54 
275335.60 
275335.67 
275335.73 
275335.79 
275335.85 
275335.91 
275335.98 
275336.04 
275336.11 
275336.16 
275336.23 
275336.29 
275336.35 
275336.41 
275336.48 
275336.53 
275336.61 
275336.66 
275336.73 
275336.78 
275336.86 
275336.90 
275336.98 
275337.03 
275337.11 
275337.15 
275337.24 
275337.28 
275337.36 
275337.40 
275337.49 
275337.53 
275337.62 
275337.65 
275337.74 
275337.79 
275337.87 
275337.91 
275338.00 
275338.04 
275338.13 
275338.17 
275338.26 
275338.29 
275338.38 
275338.43 
275338.51 
275338.55 
275338.64 
275338.68 
275338.76 
275338.80 
275338.89 
275338.93 
275339.02 
275339.05 
275339.14 
275339.18 
275339.26 
275339.30 
275339.38 
275339.42 
275339.51 
275339.55 
275339.63 
275339.67 
275339.76 
275339.79 
275339.88 
275339.92 
275340.01 
275340.05 
275340.14 
275340.17 
275340.26 
275340.29 
275340.38 
275340.42 
275340.51 
275340.54 
275340.64 
275340.67 
275340.76 
275340.79 
275340.88 
275340.91 
275341.01 
275341.05 
275341.13 
275341.17 
275341.26 
275341.29 
275341.38 
275341.42 
275341.50 
275341.54 
275341.63 
275341.67 
275341.75 
275341.79 
275341.87 
275341.92 
275342.00 
275342.04 
275342.13 
275342.17 
275342.25 
275342.29 
275342.38 
275342.42 
275342.52 
275342.54 
275342.65 
275342.66 
275342.78 
275342.78 
275342.91 
275342.92 
275343.04 
275343.05 
275343.17 
275343.17 
275343.28 
275343.28 
275343.40 
275343.40 
275343.53 
275343.53 
275343.66 
275343.66 
275343.79 
275343.79 
275343.91 
275343.93 
275344.03 
275344.07 
275344.16 
275344.20 
275344.29 
275344.32 
275344.41 
275344.45 
275344.54 
275344.58 
275344.66 
275344.70 
275344.79 
275344.83 
275344.92 
275344.94 
275345.05 
275345.07 
275345.18 
275345.19 
275345.30 
275345.31 
275345.43 
275345.43 
275345.56 
275345.56 
275345.69 
275345.69 
275345.81 
275345.81 
275345.94 
275345.94 
275346.07 
275346.07 
275346.19 
275346.19 
275346.32 
275346.32 
275346.45 
275346.45 
275346.58 
275346.58 
275346.71 
275346.71 
275346.84 
275346.84 
275346.96 
275346.96 
275347.09 
275347.09 
275347.22 
275347.22 
275347.35 
275347.35 
275347.48 
275347.48 
275347.61 
275347.61 
275347.74 
275347.74 
275347.87 
275347.87 
275348.00 
275348.01 
275348.13 
275348.13 
275348.25 
275348.25 
275348.38 
275348.38 
275348.51 
275348.51 
275348.64 
275348.64 
275348.76 
275348.76 
275348.90 
275348.90 
275349.03 
275349.03 
275349.15 
275349.15 
275349.28 
275349.29 
275349.41 
275349.41 
275349.54 
275349.54 
275349.67 
275349.68 
275349.79 
275349.80 
275349.92 
275349.93 
275350.05 
275350.05 
275350.18 
275350.18 
275350.31 
275350.32 
275350.43 
275350.43 
275350.56 
275350.56 
275350.69 
275350.69 
275350.81 
275350.81 
275350.94 
275350.94 
275351.07 
275351.07 
275351.20 
275351.20 
275351.33 
275351.33 
275351.46 
275351.46 
275351.58 
275351.58 
275351.71 
275351.71 
275351.84 
275351.84 
275351.97 
275351.97 
275352.10 
275352.10 
275352.23 
275352.23 
275352.35 
275352.35 
275352.48 
275352.48 
275352.61 
275352.61 
275352.74 
275352.74 
275352.86 
275352.86 
275352.99 
275352.99 
275353.11 
275353.11 
275353.24 
275353.24 
275353.36 
275353.36 
275353.50 
275353.50 
275353.62 
275353.64 
275353.74 
275353.77 
275353.87 
275353.91 
275354.00 
275354.04 
275354.13 
275354.17 
275354.25 
275354.30 
275354.38 
275354.42 
275354.52 
275354.55 
275354.65 
275354.67 
275354.78 
275354.79 
275354.90 
275354.92 
275355.03 
275355.04 
275355.15 
275355.15 
275355.28 
275355.28 
275355.41 
275355.41 
275355.54 
275355.54 
275355.67 
275355.67 
275355.80 
275355.80 
275355.93 
275355.93 
275356.06 
275356.06 
275356.20 
275356.20 
275356.32 
275356.33 
275356.44 
275356.45 
275356.56 
275356.56 
275356.69 
275356.70 
275356.82 
275356.82 
275356.94 
275356.95 
275357.07 
275357.07 
275357.20 
275357.20 
275357.33 
275357.33 
275357.45 
275357.45 
275357.58 
275357.58 
275357.71 
275357.71 
275357.84 
275357.84 
275357.96 
275357.97 
275358.09 
275358.09 
275358.22 
275358.22 
275358.35 
275358.35 
275358.47 
275358.47 
275358.60 
275358.60 
275358.72 
275358.74 
275358.84 
275358.85 
275358.96 
275358.97 
275359.08 
275359.09 
275359.21 
275359.21 
275359.33 
275359.33 
275359.46 
275359.46 
275359.58 
275359.59 
275359.71 
275359.71 
275359.83 
275359.83 
275359.96 
275359.96 
275360.08 
275360.08 
275360.21 
275360.21 
275360.34 
275360.34 
275360.45 
275360.46 
275360.59 
275360.59 
275360.72 
275360.72 
275360.85 
275360.85 
275360.98 
275360.98 
275361.11 
275361.11 
275361.23 
275361.23 
275361.36 
275361.36 
275361.49 
275361.49 
275361.62 
275361.62 
275361.75 
275361.76 
275361.87 
275361.88 
275362.00 
275362.00 
275362.13 
275362.13 
275362.26 
275362.26 
275362.38 
275362.38 
275362.51 
275362.51 
275362.64 
275362.64 
275362.77 
275362.77 
275362.90 
275362.90 
275363.03 
275363.03 
275363.16 
275363.16 
275363.29 
275363.29 
275363.41 
275363.41 
275363.54 
275363.54 
275363.66 
275363.66 
275363.80 
275363.80 
275363.92 
275363.92 
275364.05 
275364.05 
275364.18 
275364.18 
275364.31 
275364.32 
275364.43 
275364.43 
275364.55 
275364.55 
275364.68 
275364.68 
275364.81 
275364.81 
275364.94 
275364.94 
275365.06 
275365.06 
275365.19 
275365.19 
275365.32 
275365.32 
275365.45 
275365.45 
275365.58 
275365.58 
275365.72 
275365.72 
275365.84 
275365.84 
275365.97 
275365.97 
275366.10 
275366.11 
275366.23 
275366.23 
275366.36 
275366.36 
275366.48 
275366.48 
275366.61 
275366.61 
275366.74 
275366.74 
275366.87 
275366.87 
275367.00 
275367.00 
275367.12 
275367.13 
275367.25 
275367.26 
275367.38 
275367.38 
275367.51 
275367.51 
275367.63 
275367.63 
275367.77 
275367.77 
275367.89 
275367.89 
275368.02 
275368.03 
275368.14 
275368.15 
275368.27 
275368.27 
275368.40 
275368.40 
275368.53 
275368.53 
275368.66 
275368.66 
275368.79 
275368.79 
275368.92 
275368.92 
275369.05 
275369.05 
275369.18 
275369.18 
275369.30 
275369.30 
275369.43 
275369.43 
275369.56 
275369.56 
275369.68 
275369.69 
275369.81 
275369.82 
275369.93 
275369.94 
275370.06 
275370.06 
275370.18 
275370.18 
275370.31 
275370.32 
275370.43 
275370.43 
275370.55 
275370.55 
275370.67 
275370.67 
275370.80 
275370.80 
275370.93 
275370.93 
275371.06 
275371.06 
275371.19 
275371.19 
275371.31 
275371.32 
275371.44 
275371.44 
275371.57 
275371.57 
275371.70 
275371.70 
275371.83 
275371.83 
275371.95 
275371.95 
275372.08 
275372.08 
275372.21 
275372.21 
275372.34 
275372.35 
275372.46 
275372.47 
275372.58 
275372.59 
275372.71 
275372.71 
275372.83 
275372.83 
275372.96 
275372.96 
275373.09 
275373.09 
275373.22 
275373.22 
275373.35 
275373.35 
275373.47 
275373.47 
275373.60 
275373.60 
275373.73 
275373.73 
275373.86 
275373.86 
275373.99 
275373.99 
275374.11 
275374.11 
275374.25 
275374.25 
275374.37 
275374.37 
275374.49 
275374.51 
275374.61 
275374.63 
275374.74 
275374.74 
275374.86 
275374.86 
275374.98 
275374.98 
275375.11 
275375.11 
275375.23 
275375.23 
275375.36 
275375.36 
275375.49 
275375.49 
275375.61 
275375.61 
275375.73 
275375.73 
275375.86 
275375.86 
275375.99 
275376.00 
275376.12 
275376.13 
275376.25 
275376.25 
275376.38 
275376.38 
275376.51 
275376.51 
275376.64 
275376.64 
275376.77 
275376.77 
275376.90 
275376.90 
275377.03 
275377.03 
275377.15 
275377.15 
275377.28 
275377.28 
275377.41 
275377.41 
275377.53 
275377.53 
275377.66 
275377.67 
275377.79 
275377.80 
275377.92 
275377.92 
275378.04 
275378.05 
275378.17 
275378.17 
275378.30 
275378.30 
275378.43 
275378.43 
275378.56 
275378.57 
275378.68 
275378.69 
275378.81 
275378.82 
275378.94 
275378.94 
275379.07 
275379.07 
275379.20 
275379.20 
275379.33 
275379.33 
275379.46 
275379.46 
275379.59 
275379.59 
275379.71 
275379.71 
275379.84 
275379.84 
275379.97 
275379.97 
275380.10 
275380.10 
275380.23 
275380.23 
275380.35 
275380.35 
275380.48 
275380.48 
275380.61 
275380.61 
275380.73 
275380.74 
275380.86 
275380.86 
275380.99 
275380.99 
275381.12 
275381.12 
275381.25 
275381.25 
275381.38 
275381.38 
275381.50 
275381.51 
275381.63 
275381.63 
275381.76 
275381.76 
275381.89 
275381.89 
275382.02 
275382.02 
275382.15 
275382.15 
275382.27 
275382.27 
275382.40 
275382.40 
275382.53 
275382.53 
275382.66 
275382.66 
275382.79 
275382.79 
275382.91 
275382.91 
275383.04 
275383.04 
275383.17 
275383.17 
275383.30 
275383.30 
275383.42 
275383.42 
275383.56 
275383.56 
275383.68 
275383.68 
275383.81 
275383.81 
275383.94 
275383.94 
275384.07 
275384.07 
275384.20 
275384.20 
275384.34 
275384.34 
275384.46 
275384.46 
275384.60 
275384.60 
275384.72 
275384.73 
275384.85 
275384.85 
275384.98 
275384.98 
275385.11 
275385.11 
275385.23 
275385.23 
275385.37 
275385.37 
275385.50 
275385.50 
275385.63 
275385.64 
275385.76 
275385.76 
275385.89 
275385.89 
275386.02 
275386.02 
275386.14 
275386.14 
275386.27 
275386.27 
275386.41 
275386.41 
275386.53 
275386.53 
275386.66 
275386.66 
275386.78 
275386.78 
275386.91 
275386.91 
275387.04 
275387.04 
275387.17 
275387.17 
275387.30 
275387.30 
275387.42 
275387.42 
275387.54 
275387.55 
275387.67 
275387.67 
275387.81 
275387.81 
275387.93 
275387.93 
275388.07 
275388.07 
275388.19 
275388.20 
275388.32 
275388.32 
275388.45 
275388.45 
275388.58 
275388.58 
275388.71 
275388.71 
275388.84 
275388.84 
275388.96 
275388.96 
275389.09 
275389.09 
275389.22 
275389.23 
275389.34 
275389.35 
275389.47 
275389.47 
275389.60 
275389.60 
275389.71 
275389.72 
275389.84 
275389.84 
275389.96 
275389.97 
275390.09 
275390.09 
275390.21 
275390.21 
275390.34 
275390.34 
275390.46 
275390.46 
275390.59 
275390.59 
275390.71 
275390.72 
275390.84 
275390.84 
275390.96 
275390.96 
275391.10 
275391.10 
275391.22 
275391.22 
275391.35 
275391.35 
275391.48 
275391.48 
275391.61 
275391.61 
275391.74 
275391.74 
275391.87 
275391.88 
275392.00 
275392.00 
275392.12 
275392.12 
275392.25 
275392.26 
275392.38 
275392.38 
275392.51 
275392.51 
275392.64 
275392.64 
275392.77 
275392.77 
275392.90 
275392.90 
275393.03 
275393.03 
275393.15 
275393.15 
275393.28 
275393.28 
275393.41 
275393.41 
275393.54 
275393.54 
275393.66 
275393.66 
275393.79 
275393.80 
275393.92 
275393.92 
275394.05 
275394.05 
275394.17 
275394.18 
275394.30 
275394.30 
275394.43 
275394.43 
275394.56 
275394.56 
275394.68 
275394.68 
275394.80 
275394.80 
275394.93 
275394.93 
275395.05 
275395.05 
275395.18 
275395.18 
275395.32 
275395.32 
275395.44 
275395.45 
275395.57 
275395.57 
275395.70 
275395.70 
275395.82 
275395.82 
275395.95 
275395.96 
275396.07 
275396.09 
275396.20 
275396.20 
275396.32 
275396.32 
275396.45 
275396.45 
275396.57 
275396.57 
275396.70 
275396.72 
275396.83 
275396.84 
275396.95 
275396.95 
275397.07 
275397.08 
275397.20 
275397.20 
275397.33 
275397.33 
275397.46 
275397.46 
275397.58 
275397.59 
275397.70 
275397.71 
275397.83 
275397.83 
275397.95 
275397.95 
275398.09 
275398.09 
275398.21 
275398.21 
275398.34 
275398.34 
275398.47 
275398.47 
275398.59 
275398.60 
275398.72 
275398.72 
275398.85 
275398.85 
275398.98 
275398.98 
275399.11 
275399.11 
275399.23 
275399.23 
275399.37 
275399.37 
275399.49 
275399.49 
275399.62 
275399.62 
275399.74 
275399.74 
275399.87 
275399.87 
275400.00 
275400.00 
275400.13 
275400.13 
275400.26 
275400.26 
275400.39 
275400.39 
275400.52 
275400.52 
275400.64 
275400.64 
275400.78 
275400.78 
275400.90 
275400.90 
275401.03 
275401.03 
275401.15 
275401.15 
275401.28 
275401.28 
275401.41 
275401.41 
275401.54 
275401.54 
275401.66 
275401.66 
275401.80 
275401.80 
275401.93 
275401.93 
275402.05 
275402.05 
275402.18 
275402.18 
275402.31 
275402.31 
275402.43 
275402.43 
275402.56 
275402.56 
275402.68 
275402.68 
275402.81 
275402.82 
275402.94 
275402.94 
275403.06 
275403.06 
275403.19 
275403.19 
275403.32 
275403.32 
275403.44 
275403.44 
275403.57 
275403.57 
275403.70 
275403.70 
275403.83 
275403.84 
275403.96 
275403.96 
275404.08 
275404.08 
275404.21 
275404.21 
275404.34 
275404.34 
275404.47 
275404.47 
275404.59 
275404.59 
275404.72 
275404.72 
275404.85 
275404.85 
275404.98 
275404.98 
275405.10 
275405.11 
275405.23 
275405.23 
275405.34 
275405.35 
275405.46 
275405.47 
275405.59 
275405.59 
275405.71 
275405.72 
275405.84 
275405.84 
275405.97 
275405.98 
275406.10 
275406.10 
275406.22 
275406.22 
275406.35 
275406.35 
275406.48 
275406.48 
275406.61 
275406.61 
275406.74 
275406.74 
275406.87 
275406.87 
275407.00 
275407.00 
275407.13 
275407.13 
275407.25 
275407.27 
275407.38 
275407.38 
275407.50 
275407.50 
275407.63 
275407.63 
275407.76 
275407.76 
275407.89 
275407.89 
275408.02 
275408.02 
275408.14 
275408.14 
275408.27 
275408.27 
275408.40 
275408.40 
275408.53 
275408.53 
275408.66 
275408.67 
275408.79 
275408.79 
275408.91 
275408.92 
275409.04 
275409.04 
275409.17 
275409.17 
275409.30 
275409.30 
275409.43 
275409.43 
275409.55 
275409.55 
275409.68 
275409.69 
275409.81 
275409.82 
275409.94 
275409.94 
275410.06 
275410.07 
275410.19 
275410.19 
275410.32 
275410.32 
275410.45 
275410.45 
275410.58 
275410.58 
275410.71 
275410.71 
275410.83 
275410.83 
275410.96 
275410.96 
275411.09 
275411.09 
275411.21 
275411.21 
275411.34 
275411.34 
275411.47 
275411.47 
275411.60 
275411.60 
275411.73 
275411.73 
275411.85 
275411.85 
275411.98 
275411.98 
275412.11 
275412.11 
275412.24 
275412.24 
275412.36 
275412.36 
275412.49 
275412.49 
275412.63 
275412.63 
275412.75 
275412.75 
275412.89 
275412.89 
275413.02 
275413.02 
275413.14 
275413.14 
275413.27 
275413.27 
275413.39 
275413.39 
275413.52 
275413.52 
275413.65 
275413.65 
275413.78 
275413.78 
275413.91 
275413.91 
275414.03 
275414.03 
275414.16 
275414.16 
275414.29 
275414.30 
275414.42 
275414.42 
275414.55 
275414.55 
275414.67 
275414.67 
275414.80 
275414.80 
275414.93 
275414.94 
275415.06 
275415.06 
275415.19 
275415.19 
275415.32 
275415.32 
275415.44 
275415.44 
275415.57 
275415.57 
275415.70 
275415.70 
275415.82 
275415.82 
275415.95 
275415.95 
275416.08 
275416.08 
275416.21 
275416.21 
275416.34 
275416.34 
275416.47 
275416.47 
275416.59 
275416.60 
275416.72 
275416.72 
275416.85 
275416.85 
275416.98 
275416.98 
275417.10 
275417.10 
275417.24 
275417.24 
275417.36 
275417.36 
275417.49 
275417.49 
275417.62 
275417.62 
275417.74 
275417.75 
275417.87 
275417.88 
275418.00 
275418.01 
275418.12 
275418.13 
275418.25 
275418.26 
275418.38 
275418.38 
275418.51 
275418.51 
275418.64 
275418.64 
275418.77 
275418.77 
275418.89 
275418.89 
275419.02 
275419.02 
275419.16 
275419.16 
275419.28 
275419.28 
275419.41 
275419.42 
275419.54 
275419.54 
275419.67 
275419.67 
275419.80 
275419.80 
275419.93 
275419.93 
275420.05 
275420.05 
275420.18 
275420.18 
275420.31 
275420.31 
275420.43 
275420.44 
275420.56 
275420.56 
275420.68 
275420.68 
275420.80 
275420.80 
275420.92 
275420.94 
275421.04 
275421.06 
275421.17 
275421.17 
275421.29 
275421.31 
275421.42 
275421.43 
275421.54 
275421.55 
275421.67 
275421.67 
275421.80 
275421.81 
275421.92 
275421.92 
275422.05 
275422.05 
275422.18 
275422.18 
275422.31 
275422.31 
275422.44 
275422.44 
275422.56 
275422.56 
275422.69 
275422.69 
275422.82 
275422.82 
275422.95 
275422.95 
275423.07 
275423.07 
275423.20 
275423.20 
275423.33 
275423.33 
275423.45 
275423.46 
275423.58 
275423.58 
275423.71 
275423.71 
275423.83 
275423.83 
275423.96 
275423.96 
275424.09 
275424.09 
275424.22 
275424.23 
275424.35 
275424.35 
275424.47 
275424.47 
275424.60 
275424.60 
275424.72 
275424.74 
275424.85 
275424.87 
275424.98 
275424.98 
275425.11 
275425.11 
275425.23 
275425.23 
275425.36 
275425.36 
275425.48 
275425.48 
275425.61 
275425.61 
275425.74 
275425.74 
275425.87 
275425.87 
275426.00 
275426.00 
275426.13 
275426.13 
275426.26 
275426.26 
275426.39 
275426.39 
275426.52 
275426.52 
275426.64 
275426.66 
275426.77 
275426.77 
275426.89 
275426.89 
275427.01 
275427.01 
275427.14 
275427.14 
275427.27 
275427.27 
275427.40 
275427.40 
275427.53 
275427.53 
275427.65 
275427.65 
275427.78 
275427.78 
275427.91 
275427.91 
275428.04 
275428.04 
275428.16 
275428.16 
275428.29 
275428.30 
275428.42 
275428.42 
275428.54 
275428.54 
275428.68 
275428.68 
275428.81 
275428.81 
275428.94 
275428.94 
275429.06 
275429.06 
275429.20 
275429.20 
275429.33 
275429.33 
275429.46 
275429.46 
275429.59 
275429.59 
275429.71 
275429.71 
275429.84 
275429.84 
275429.97 
275429.97 
275430.10 
275430.10 
275430.22 
275430.23 
275430.35 
275430.35 
275430.47 
275430.47 
275430.60 
275430.60 
275430.72 
275430.72 
275430.85 
275430.85 
275430.98 
275430.98 
275431.11 
275431.11 
275431.24 
275431.24 
275431.36 
275431.36 
275431.49 
275431.50 
275431.62 
275431.62 
275431.75 
275431.75 
275431.88 
275431.88 
275432.00 
275432.00 
275432.13 
275432.13 
275432.26 
275432.26 
275432.38 
275432.38 
275432.51 
275432.51 
275432.64 
275432.64 
275432.77 
275432.77 
275432.90 
275432.90 
275433.03 
275433.03 
275433.15 
275433.17 
275433.28 
275433.28 
275433.41 
275433.43 
275433.53 
275433.55 
275433.66 
275433.67 
275433.78 
275433.79 
275433.91 
275433.91 
275434.03 
275434.03 
275434.16 
275434.16 
275434.29 
275434.30 
275434.42 
275434.42 
275434.54 
275434.54 
275434.67 
275434.67 
275434.80 
275434.80 
275434.93 
275434.93 
275435.06 
275435.06 
275435.19 
275435.19 
275435.32 
275435.33 
275435.44 
275435.44 
275435.57 
275435.58 
275435.70 
275435.71 
275435.83 
275435.83 
275435.95 
275435.96 
275436.08 
275436.08 
275436.20 
275436.20 
275436.32 
275436.32 
275436.45 
275436.45 
275436.58 
275436.58 
275436.71 
275436.71 
275436.84 
275436.84 
275436.97 
275436.97 
275437.09 
275437.10 
275437.23 
275437.23 
275437.35 
275437.35 
275437.48 
275437.48 
275437.60 
275437.60 
275437.73 
275437.73 
275437.86 
275437.86 
275437.99 
275437.99 
275438.12 
275438.12 
275438.24 
275438.24 
275438.37 
275438.37 
275438.50 
275438.50 
275438.63 
275438.63 
275438.75 
275438.75 
275438.88 
275438.88 
275439.02 
275439.02 
275439.14 
275439.14 
275439.26 
275439.26 
275439.40 
275439.40 
275439.52 
275439.52 
275439.65 
275439.65 
275439.78 
275439.78 
275439.90 
275439.90 
275440.03 
275440.03 
275440.16 
275440.16 
275440.29 
275440.29 
275440.42 
275440.42 
275440.55 
275440.55 
275440.68 
275440.68 
275440.80 
275440.80 
275440.93 
275440.93 
275441.06 
275441.06 
275441.18 
275441.18 
275441.31 
275441.31 
275441.44 
275441.44 
275441.57 
275441.57 
275441.70 
275441.70 
275441.82 
275441.82 
275441.95 
275441.95 
275442.08 
275442.08 
275442.21 
275442.21 
275442.33 
275442.34 
275442.46 
275442.46 
275442.59 
275442.59 
275442.71 
275442.71 
275442.84 
275442.84 
275442.96 
275442.96 
275443.09 
275443.10 
275443.22 
275443.22 
275443.35 
275443.35 
275443.47 
275443.47 
275443.60 
275443.61 
275443.73 
275443.73 
275443.85 
275443.85 
275443.98 
275443.98 
275444.11 
275444.11 
275444.24 
275444.24 
275444.37 
275444.37 
275444.49 
275444.49 
275444.63 
275444.63 
275444.75 
275444.75 
275444.88 
275444.88 
275445.01 
275445.01 
275445.14 
275445.14 
275445.27 
275445.27 
275445.40 
275445.40 
275445.53 
275445.53 
275445.65 
275445.65 
275445.78 
275445.78 
275445.91 
275445.91 
275446.03 
275446.05 
275446.16 
275446.16 
275446.29 
275446.30 
275446.42 
275446.42 
275446.54 
275446.54 
275446.67 
275446.67 
275446.80 
275446.80 
275446.93 
275446.93 
275447.06 
275447.06 
275447.18 
275447.19 
275447.31 
275447.31 
275447.45 
275447.45 
275447.57 
275447.57 
275447.70 
275447.70 
275447.83 
275447.83 
275447.96 
275447.96 
275448.09 
275448.10 
275448.22 
275448.24 
275448.34 
275448.36 
275448.47 
275448.50 
275448.59 
275448.63 
275448.72 
275448.75 
275448.85 
275448.89 
275448.97 
275449.02 
275449.10 
275449.14 
275449.23 
275449.27 
275449.35 
275449.39 
275449.48 
275449.52 
275449.60 
275449.64 
275449.73 
275449.77 
275449.86 
275449.90 
275449.98 
275450.03 
275450.11 
275450.16 
275450.24 
275450.28 
275450.37 
275450.41 
275450.49 
275450.53 
275450.62 
275450.66 
275450.75 
275450.78 
275450.88 
275450.90 
275451.01 
275451.04 
275451.14 
275451.18 
275451.26 
275451.31 
275451.39 
275451.43 
275451.52 
275451.56 
275451.65 
275451.69 
275451.77 
275451.81 
275451.89 
275451.94 
275452.02 
275452.06 
275452.14 
275452.18 
275452.27 
275452.31 
275452.40 
275452.44 
275452.53 
275452.56 
275452.65 
275452.69 
275452.78 
275452.81 
275452.90 
275452.93 
275453.02 
275453.07 
275453.15 
275453.19 
275453.27 
275453.31 
275453.40 
275453.44 
275453.53 
275453.56 
275453.66 
275453.69 
275453.78 
275453.81 
275453.91 
275453.95 
275454.03 
275454.08 
275454.16 
275454.20 
275454.28 
275454.33 
275454.41 
275454.45 
275454.54 
275454.59 
275454.67 
275454.72 
275454.80 
275454.84 
275454.92 
275454.97 
275455.04 
275455.09 
275455.17 
275455.22 
275455.29 
275455.34 
275455.42 
275455.47 
275455.55 
275455.59 
275455.67 
275455.72 
275455.80 
275455.84 
275455.92 
275455.97 
275456.05 
275456.09 
275456.18 
275456.22 
275456.30 
275456.34 
275456.43 
275456.47 
275456.56 
275456.60 
275456.69 
275456.73 
275456.81 
275456.85 
275456.93 
275456.98 
275457.06 
275457.10 
275457.18 
275457.23 
275457.31 
275457.35 
275457.44 
275457.47 
275457.58 
275457.60 
275457.71 
275457.73 
275457.84 
275457.87 
275457.96 
275457.99 
275458.09 
275458.14 
275458.22 
275458.27 
275458.35 
275458.39 
275458.47 
275458.51 
275458.61 
275458.63 
275458.74 
275458.77 
275458.87 
275458.91 
275458.99 
275459.03 
275459.12 
275459.16 
275459.24 
275459.29 
275459.37 
275459.41 
275459.50 
275459.54 
275459.63 
275459.66 
275459.75 
275459.79 
275459.88 
275459.92 
275460.01 
275460.04 
275460.13 
275460.18 
275460.25 
275460.30 
275460.38 
275460.43 
275460.51 
275460.55 
275460.64 
275460.68 
275460.76 
275460.80 
275460.88 
275460.92 
275461.01 
275461.05 
275461.14 
275461.17 
275461.26 
275461.31 
275461.39 
275461.43 
275461.52 
275461.56 
275461.64 
275461.69 
275461.77 
275461.81 
275461.90 
275461.95 
275462.03 
275462.07 
275462.15 
275462.20 
275462.27 
275462.32 
275462.40 
275462.45 
275462.53 
275462.57 
275462.65 
275462.70 
275462.78 
275462.82 
275462.91 
275462.94 
275463.04 
275463.08 
275463.16 
275463.20 
275463.28 
275463.33 
275463.41 
275463.45 
275463.55 
275463.57 
275463.67 
275463.70 
275463.80 
275463.82 
275463.93 
275463.94 
275464.05 
275464.05 
275464.18 
275464.18 
275464.31 
275464.31 
275464.44 
275464.44 
275464.57 
275464.57 
275464.69 
275464.71 
275464.82 
275464.82 
275464.94 
275464.95 
275465.06 
275465.07 
275465.18 
275465.19 
275465.31 
275465.31 
275465.44 
275465.44 
275465.57 
275465.57 
275465.70 
275465.70 
275465.83 
275465.83 
275465.95 
275465.95 
275466.09 
275466.09 
275466.21 
275466.21 
275466.34 
275466.34 
275466.47 
275466.47 
275466.61 
275466.61 
275466.73 
275466.74 
275466.85 
275466.87 
275466.97 
275467.00 
275467.08 
275467.12 
275467.20 
275467.25 
275467.32 
275467.38 
275467.44 
275467.50 
275467.57 
275467.63 
275467.69 
275467.75 
275467.82 
275467.87 
275467.95 
275468.00 
275468.09 
275468.12 
275468.22 
275468.23 
275468.34 
275468.35 
275468.47 
275468.48 
275468.60 
275468.60 
275468.73 
275468.74 
275468.85 
275468.87 
275468.98 
275469.01 
275469.11 
275469.15 
275469.23 
275469.27 
275469.36 
275469.40 
275469.49 
275469.53 
275469.61 
275469.66 
275469.74 
275469.79 
275469.86 
275469.91 
275470.00 
275470.04 
275470.13 
275470.16 
275470.25 
275470.29 
275470.38 
275470.41 
275470.50 
275470.54 
275470.63 
275470.67 
275470.75 
275470.79 
275470.88 
275470.92 
275471.01 
275471.05 
275471.13 
275471.17 
275471.26 
275471.30 
275471.39 
275471.42 
275471.52 
275471.55 
275471.65 
275471.68 
275471.77 
275471.80 
275471.89 
275471.93 
275472.02 
275472.04 
275472.15 
275472.16 
275472.27 
275472.28 
275472.41 
275472.41 
275472.53 
275472.53 
275472.66 
275472.66 
275472.78 
275472.78 
275472.91 
275472.91 
275473.03 
275473.04 
275473.16 
275473.16 
275473.29 
275473.29 
275473.43 
275473.43 
275473.55 
275473.55 
275473.68 
275473.68 
275473.81 
275473.81 
275473.94 
275473.94 
275474.07 
275474.07 
275474.20 
275474.20 
275474.32 
275474.32 
275474.45 
275474.45 
275474.58 
275474.58 
275474.70 
275474.70 
275474.84 
275474.84 
275474.96 
275474.96 
275475.09 
275475.09 
275475.22 
275475.22 
275475.34 
275475.34 
275475.47 
275475.47 
275475.60 
275475.61 
275475.73 
275475.73 
275475.85 
275475.86 
275475.98 
275475.98 
275476.11 
275476.11 
275476.24 
275476.24 
275476.37 
275476.37 
275476.50 
275476.50 
275476.62 
275476.62 
275476.75 
275476.75 
275476.88 
275476.88 
275477.01 
275477.01 
275477.14 
275477.14 
275477.27 
275477.27 
275477.39 
275477.39 
275477.53 
275477.53 
275477.65 
275477.65 
275477.78 
275477.78 
275477.91 
275477.91 
275478.03 
275478.03 
275478.16 
275478.17 
275478.29 
275478.29 
275478.42 
275478.42 
275478.54 
275478.54 
275478.68 
275478.68 
275478.81 
275478.81 
275478.93 
275478.94 
275479.06 
275479.06 
275479.19 
275479.19 
275479.31 
275479.31 
275479.44 
275479.44 
275479.57 
275479.57 
275479.70 
275479.70 
275479.82 
275479.82 
275479.95 
275479.95 
275480.09 
275480.09 
275480.21 
275480.21 
275480.34 
275480.34 
275480.47 
275480.47 
275480.60 
275480.60 
275480.72 
275480.72 
275480.85 
275480.85 
275480.98 
275480.98 
275481.11 
275481.11 
275481.23 
275481.25 
275481.36 
275481.36 
275481.49 
275481.50 
275481.62 
275481.62 
275481.75 
275481.75 
275481.87 
275481.87 
275482.01 
275482.01 
275482.14 
275482.14 
275482.26 
275482.26 
275482.39 
275482.39 
275482.50 
275482.50 
275482.61 
275482.61 
275482.74 
275482.74 
275482.87 
275482.87 
275483.00 
275483.00 
275483.13 
275483.14 
275483.25 
275483.27 
275483.38 
275483.40 
275483.51 
275483.51 
275483.63 
275483.64 
275483.76 
275483.76 
275483.89 
275483.89 
275484.01 
275484.01 
275484.14 
275484.14 
275484.26 
275484.26 
275484.39 
275484.39 
275484.52 
275484.52 
275484.64 
275484.64 
275484.77 
275484.77 
275484.90 
275484.90 
275485.03 
275485.03 
275485.15 
275485.15 
275485.28 
275485.28 
275485.41 
275485.42 
275485.54 
275485.54 
275485.67 
275485.67 
275485.80 
275485.80 
275485.92 
275485.93 
275486.05 
275486.05 
275486.18 
275486.18 
275486.31 
275486.31 
275486.44 
275486.44 
275486.56 
275486.57 
275486.69 
275486.69 
275486.81 
275486.81 
275486.94 
275486.95 
275487.06 
275487.07 
275487.19 
275487.20 
275487.32 
275487.32 
275487.44 
275487.44 
275487.57 
275487.57 
275487.70 
275487.70 
275487.83 
275487.83 
275487.96 
275487.96 
275488.09 
275488.09 
275488.22 
275488.22 
275488.35 
275488.35 
275488.48 
275488.48 
275488.60 
275488.60 
275488.72 
275488.72 
275488.85 
275488.85 
275488.98 
275488.98 
275489.11 
275489.11 
275489.23 
275489.23 
275489.36 
275489.36 
275489.49 
275489.50 
275489.62 
275489.62 
275489.74 
275489.74 
275489.87 
275489.87 
275490.00 
275490.00 
275490.13 
275490.13 
275490.26 
275490.26 
275490.39 
275490.40 
275490.51 
275490.52 
275490.64 
275490.65 
275490.77 
275490.77 
275490.89 
275490.90 
275491.02 
275491.02 
275491.15 
275491.15 
275491.29 
275491.29 
275491.41 
275491.41 
275491.54 
275491.54 
275491.67 
275491.67 
275491.79 
275491.79 
275491.92 
275491.92 
275492.04 
275492.04 
275492.17 
275492.17 
275492.30 
275492.30 
275492.43 
275492.43 
275492.56 
275492.56 
275492.68 
275492.69 
275492.81 
275492.81 
275492.94 
275492.95 
275493.07 
275493.08 
275493.20 
275493.20 
275493.33 
275493.33 
275493.46 
275493.46 
275493.59 
275493.59 
275493.72 
275493.73 
275493.84 
275493.85 
275493.97 
275493.97 
275494.09 
275494.09 
275494.22 
275494.22 
275494.34 
275494.34 
275494.47 
275494.47 
275494.61 
275494.61 
275494.73 
275494.73 
275494.85 
275494.85 
275494.98 
275494.98 
275495.11 
275495.11 
275495.24 
275495.24 
275495.36 
275495.36 
275495.49 
275495.50 
275495.62 
275495.62 
275495.75 
275495.75 
275495.87 
275495.88 
275496.00 
275496.00 
275496.13 
275496.13 
275496.26 
275496.26 
275496.39 
275496.39 
275496.51 
275496.51 
275496.65 
275496.65 
275496.77 
275496.77 
275496.90 
275496.90 
275497.03 
275497.03 
275497.16 
275497.16 
275497.28 
275497.28 
275497.41 
275497.41 
275497.54 
275497.54 
275497.67 
275497.67 
275497.80 
275497.80 
275497.93 
275497.93 
275498.06 
275498.06 
275498.19 
275498.19 
275498.32 
275498.32 
275498.45 
275498.45 
275498.58 
275498.58 
275498.71 
275498.71 
275498.84 
275498.84 
275498.97 
275498.97 
275499.09 
275499.11 
275499.22 
275499.22 
275499.35 
275499.35 
275499.47 
275499.47 
275499.61 
275499.61 
275499.73 
275499.73 
275499.86 
275499.86 
275499.98 
275499.98 
275500.11 
275500.11 
275500.24 
275500.24 
275500.37 
275500.37 
275500.50 
275500.50 
275500.63 
275500.63 
275500.75 
275500.75 
275500.89 
275500.89 
275501.02 
275501.02 
275501.14 
275501.14 
275501.28 
275501.28 
275501.40 
275501.40 
275501.53 
275501.53 
275501.66 
275501.66 
275501.79 
275501.79 
275501.91 
275501.92 
275502.03 
275502.03 
275502.16 
275502.16 
275502.29 
275502.29 
275502.42 
275502.42 
275502.54 
275502.54 
275502.68 
275502.68 
275502.80 
275502.80 
275502.93 
275502.93 
275503.06 
275503.06 
275503.19 
275503.19 
275503.31 
275503.32 
275503.45 
275503.45 
275503.57 
275503.57 
275503.70 
275503.70 
275503.83 
275503.83 
275503.95 
275503.95 
275504.08 
275504.08 
275504.21 
275504.21 
275504.34 
275504.34 
275504.47 
275504.47 
275504.59 
275504.59 
275504.72 
275504.73 
275504.84 
275504.85 
275504.97 
275504.98 
275505.10 
275505.10 
275505.24 
275505.24 
275505.36 
275505.36 
275505.50 
275505.50 
275505.63 
275505.63 
275505.76 
275505.76 
275505.89 
275505.89 
275506.02 
275506.02 
275506.15 
275506.16 
275506.27 
275506.28 
275506.40 
275506.40 
275506.53 
275506.53 
275506.66 
275506.66 
275506.79 
275506.79 
275506.91 
275506.91 
275507.05 
275507.05 
275507.17 
275507.17 
275507.30 
275507.30 
275507.43 
275507.43 
275507.56 
275507.56 
275507.68 
275507.69 
275507.81 
275507.81 
275507.94 
275507.94 
275508.07 
275508.07 
275508.20 
275508.20 
275508.33 
275508.33 
275508.45 
275508.45 
275508.58 
275508.58 
275508.71 
275508.71 
275508.83 
275508.83 
275508.96 
275508.96 
275509.09 
275509.09 
275509.22 
275509.22 
275509.35 
275509.35 
275509.48 
275509.48 
275509.60 
275509.60 
275509.73 
275509.74 
275509.85 
275509.86 
275509.98 
275509.98 
275510.11 
275510.11 
275510.24 
275510.24 
275510.37 
275510.37 
275510.50 
275510.50 
275510.63 
275510.63 
275510.76 
275510.76 
275510.89 
275510.89 
275511.02 
275511.02 
275511.15 
275511.15 
275511.28 
275511.28 
275511.40 
275511.40 
275511.54 
275511.54 
275511.67 
275511.67 
275511.79 
275511.79 
275511.92 
275511.92 
275512.05 
275512.05 
275512.18 
275512.19 
275512.30 
275512.31 
275512.43 
275512.44 
275512.55 
275512.56 
275512.68 
275512.68 
275512.81 
275512.81 
275512.93 
275512.93 
275513.06 
275513.06 
275513.19 
275513.19 
275513.31 
275513.31 
275513.43 
275513.43 
275513.55 
275513.56 
275513.69 
275513.69 
275513.82 
275513.82 
275513.94 
275513.94 
275514.07 
275514.07 
275514.21 
275514.21 
275514.34 
275514.34 
275514.46 
275514.46 
275514.59 
275514.59 
275514.72 
275514.72 
275514.85 
275514.85 
275514.97 
275514.97 
275515.10 
275515.10 
275515.23 
275515.23 
275515.35 
275515.35 
275515.48 
275515.48 
275515.60 
275515.60 
275515.73 
275515.73 
275515.86 
275515.86 
275515.98 
275515.98 
275516.11 
275516.11 
275516.24 
275516.24 
275516.37 
275516.37 
275516.50 
275516.50 
275516.63 
275516.63 
275516.76 
275516.77 
275516.88 
275516.88 
275517.01 
275517.01 
275517.13 
275517.13 
275517.26 
275517.26 
275517.40 
275517.40 
275517.52 
275517.52 
275517.65 
275517.65 
275517.78 
275517.78 
275517.91 
275517.91 
275518.04 
275518.04 
275518.16 
275518.16 
275518.29 
275518.29 
275518.42 
275518.42 
275518.55 
275518.55 
275518.67 
275518.67 
275518.80 
275518.80 
275518.93 
275518.94 
275519.06 
275519.06 
275519.19 
275519.19 
275519.32 
275519.32 
275519.44 
275519.46 
275519.57 
275519.57 
275519.70 
275519.71 
275519.82 
275519.82 
275519.94 
275519.95 
275520.07 
275520.07 
275520.20 
275520.20 
275520.33 
275520.33 
275520.45 
275520.45 
275520.58 
275520.58 
275520.71 
275520.71 
275520.84 
275520.84 
275520.96 
275520.97 
275521.09 
275521.09 
275521.22 
275521.22 
275521.35 
275521.35 
275521.48 
275521.48 
275521.60 
275521.60 
275521.73 
275521.74 
275521.86 
275521.86 
275521.99 
275521.99 
275522.11 
275522.11 
275522.24 
275522.24 
275522.37 
275522.37 
275522.50 
275522.50 
275522.63 
275522.63 
275522.75 
275522.76 
275522.88 
275522.88 
275523.01 
275523.01 
275523.14 
275523.14 
275523.26 
275523.27 
275523.39 
275523.39 
275523.52 
275523.52 
275523.65 
275523.65 
275523.78 
275523.78 
275523.91 
275523.91 
275524.03 
275524.03 
275524.17 
275524.17 
275524.29 
275524.29 
275524.42 
275524.42 
275524.55 
275524.55 
275524.68 
275524.68 
275524.80 
275524.80 
275524.93 
275524.93 
275525.06 
275525.06 
275525.19 
275525.19 
275525.32 
275525.32 
275525.45 
275525.45 
275525.58 
275525.58 
275525.71 
275525.71 
275525.84 
275525.84 
275525.96 
275525.96 
275526.09 
275526.09 
275526.22 
275526.22 
275526.35 
275526.35 
275526.47 
275526.47 
275526.61 
275526.61 
275526.74 
275526.75 
275526.86 
275526.87 
275526.99 
275526.99 
275527.12 
275527.12 
275527.25 
275527.25 
275527.38 
275527.38 
275527.51 
275527.51 
275527.63 
275527.64 
275527.76 
275527.76 
275527.89 
275527.89 
275528.02 
275528.02 
275528.15 
275528.15 
275528.28 
275528.28 
275528.41 
275528.42 
275528.54 
275528.54 
275528.66 
275528.67 
275528.78 
275528.78 
275528.91 
275528.91 
275529.02 
275529.02 
275529.15 
275529.15 
275529.28 
275529.28 
275529.41 
275529.42 
275529.54 
275529.54 
275529.67 
275529.67 
275529.80 
275529.80 
275529.92 
275529.92 
275530.05 
275530.05 
275530.18 
275530.18 
275530.31 
275530.31 
275530.44 
275530.44 
275530.57 
275530.58 
275530.70 
275530.71 
275530.83 
275530.84 
275530.95 
275530.96 
275531.07 
275531.07 
275531.20 
275531.20 
275531.33 
275531.33 
275531.46 
275531.46 
275531.59 
275531.59 
275531.71 
275531.71 
275531.84 
275531.84 
275531.97 
275531.97 
275532.10 
275532.10 
275532.22 
275532.22 
275532.35 
275532.35 
275532.48 
275532.48 
275532.61 
275532.61 
275532.74 
275532.74 
275532.86 
275532.86 
275532.99 
275532.99 
275533.13 
275533.13 
275533.25 
275533.25 
275533.38 
275533.38 
275533.51 
275533.51 
275533.63 
275533.63 
275533.76 
275533.76 
275533.89 
275533.89 
275534.02 
275534.02 
275534.15 
275534.15 
275534.28 
275534.28 
275534.40 
275534.40 
275534.53 
275534.53 
275534.66 
275534.66 
275534.79 
275534.79 
275534.91 
275534.91 
275535.04 
275535.05 
275535.17 
275535.17 
275535.30 
275535.30 
275535.42 
275535.43 
275535.55 
275535.55 
275535.69 
275535.69 
275535.81 
275535.81 
275535.94 
275535.94 
275536.07 
275536.07 
275536.20 
275536.20 
275536.32 
275536.32 
275536.45 
275536.45 
275536.58 
275536.58 
275536.71 
275536.71 
275536.84 
275536.84 
275536.96 
275536.96 
275537.09 
275537.09 
275537.22 
275537.22 
275537.35 
275537.35 
275537.47 
275537.47 
275537.60 
275537.60 
275537.73 
275537.73 
275537.86 
275537.86 
275537.99 
275537.99 
275538.12 
275538.12 
275538.26 
275538.26 
275538.38 
275538.39 
275538.51 
275538.51 
275538.64 
275538.64 
275538.77 
275538.77 
275538.90 
275538.90 
275539.02 
275539.03 
275539.15 
275539.15 
275539.28 
275539.28 
275539.41 
275539.41 
275539.54 
275539.54 
275539.67 
275539.67 
275539.79 
275539.79 
275539.93 
275539.93 
275540.05 
275540.05 
275540.18 
275540.18 
275540.30 
275540.30 
275540.43 
275540.43 
275540.56 
275540.56 
275540.69 
275540.69 
275540.82 
275540.83 
275540.94 
275540.94 
275541.08 
275541.08 
275541.20 
275541.20 
275541.33 
275541.33 
275541.46 
275541.46 
275541.59 
275541.59 
275541.72 
275541.72 
275541.84 
275541.84 
275541.97 
275541.98 
275542.10 
275542.10 
275542.23 
275542.23 
275542.35 
275542.35 
275542.48 
275542.48 
275542.61 
275542.62 
275542.74 
275542.74 
275542.86 
275542.86 
275542.99 
275542.99 
275543.12 
275543.12 
275543.25 
275543.25 
275543.38 
275543.38 
275543.51 
275543.52 
275543.63 
275543.64 
275543.75 
275543.76 
275543.87 
275543.90 
275544.00 
275544.02 
275544.13 
275544.15 
275544.26 
275544.29 
275544.37 
275544.41 
275544.49 
275544.53 
275544.62 
275544.66 
275544.74 
275544.79 
275544.87 
275544.91 
275545.01 
275545.03 
275545.14 
275545.14 
275545.26 
275545.26 
275545.39 
275545.39 
275545.52 
275545.52 
275545.65 
275545.65 
275545.78 
275545.78 
275545.91 
275545.91 
275546.03 
275546.03 
275546.16 
275546.16 
275546.29 
275546.29 
275546.43 
275546.43 
275546.54 
275546.57 
275546.67 
275546.70 
275546.79 
275546.82 
275546.91 
275546.95 
275547.04 
275547.08 
275547.17 
275547.21 
275547.29 
275547.33 
275547.42 
275547.45 
275547.55 
275547.57 
275547.67 
275547.70 
275547.80 
275547.82 
275547.93 
275547.94 
275548.06 
275548.06 
275548.18 
275548.18 
275548.31 
275548.31 
275548.44 
275548.44 
275548.56 
275548.57 
275548.69 
275548.69 
275548.81 
275548.81 
275548.94 
275548.94 
275549.07 
275549.07 
275549.20 
275549.20 
275549.33 
275549.33 
275549.46 
275549.46 
275549.58 
275549.59 
275549.71 
275549.71 
275549.85 
275549.85 
275549.97 
275549.97 
275550.10 
275550.10 
275550.23 
275550.23 
275550.35 
275550.35 
275550.48 
275550.48 
275550.61 
275550.61 
275550.74 
275550.74 
275550.87 
275550.87 
275551.00 
275551.00 
275551.13 
275551.13 
275551.26 
275551.26 
275551.40 
275551.40 
275551.52 
275551.52 
275551.65 
275551.65 
275551.78 
275551.78 
275551.91 
275551.91 
275552.04 
275552.04 
275552.16 
275552.16 
275552.29 
275552.29 
275552.42 
275552.42 
275552.54 
275552.54 
275552.68 
275552.68 
275552.81 
275552.82 
275552.93 
275552.95 
275553.06 
275553.06 
275553.19 
275553.19 
275553.31 
275553.31 
275553.44 
275553.44 
275553.57 
275553.57 
275553.69 
275553.69 
275553.82 
275553.82 
275553.95 
275553.95 
275554.07 
275554.07 
275554.20 
275554.20 
275554.32 
275554.32 
275554.45 
275554.45 
275554.58 
275554.58 
275554.71 
275554.71 
275554.83 
275554.83 
275554.97 
275554.97 
275555.09 
275555.09 
275555.22 
275555.22 
275555.34 
275555.34 
275555.48 
275555.48 
275555.61 
275555.61 
275555.74 
275555.74 
275555.86 
275555.86 
275555.99 
275555.99 
275556.12 
275556.12 
275556.25 
275556.25 
275556.37 
275556.37 
275556.50 
275556.50 
275556.63 
275556.63 
275556.76 
275556.76 
275556.89 
275556.89 
275557.02 
275557.02 
275557.14 
275557.14 
275557.27 
275557.27 
275557.40 
275557.40 
275557.52 
275557.52 
275557.65 
275557.65 
275557.78 
275557.78 
275557.91 
275557.91 
275558.03 
275558.05 
275558.16 
275558.16 
275558.28 
275558.29 
275558.41 
275558.41 
275558.54 
275558.55 
275558.67 
275558.68 
275558.80 
275558.80 
275558.93 
275558.93 
275559.06 
275559.06 
275559.18 
275559.18 
275559.31 
275559.31 
275559.44 
275559.45 
275559.57 
275559.57 
275559.70 
275559.70 
275559.82 
275559.83 
275559.93 
275559.97 
275560.06 
275560.11 
275560.19 
275560.23 
275560.31 
275560.36 
275560.43 
275560.48 
275560.56 
275560.61 
275560.69 
275560.73 
275560.81 
275560.86 
275560.94 
275560.98 
275561.06 
275561.11 
275561.18 
275561.23 
275561.31 
275561.35 
275561.44 
275561.48 
275561.57 
275561.62 
275561.69 
275561.74 
275561.82 
275561.87 
275561.95 
275561.99 
275562.08 
275562.12 
275562.20 
275562.24 
275562.32 
275562.36 
275562.45 
275562.49 
275562.58 
275562.61 
275562.71 
275562.75 
275562.83 
275562.87 
275562.96 
275563.00 
275563.09 
275563.13 
275563.22 
275563.25 
275563.34 
275563.38 
275563.47 
275563.51 
275563.60 
275563.64 
275563.73 
275563.76 
275563.85 
275563.89 
275563.97 
275564.01 
275564.10 
275564.13 
275564.23 
275564.25 
275564.35 
275564.39 
275564.48 
275564.52 
275564.61 
275564.65 
275564.73 
275564.78 
275564.86 
275564.90 
275564.99 
275565.03 
275565.12 
275565.15 
275565.24 
275565.28 
275565.36 
275565.41 
275565.49 
275565.53 
275565.62 
275565.65 
275565.74 
275565.79 
275565.87 
275565.91 
275566.00 
275566.04 
275566.13 
275566.17 
275566.25 
275566.29 
275566.38 
275566.42 
275566.51 
275566.55 
275566.64 
275566.68 
275566.76 
275566.81 
275566.89 
275566.93 
275567.01 
275567.06 
275567.14 
275567.18 
275567.26 
275567.30 
275567.39 
275567.43 
275567.51 
275567.55 
275567.64 
275567.67 
275567.76 
275567.79 
275567.89 
275567.92 
275568.02 
275568.05 
275568.14 
275568.20 
275568.27 
275568.32 
275568.40 
275568.45 
275568.53 
275568.57 
275568.65 
275568.69 
275568.78 
275568.81 
275568.91 
275568.94 
275569.04 
275569.06 
275569.16 
275569.18 
275569.29 
275569.30 
275569.42 
275569.42 
275569.55 
275569.55 
275569.67 
275569.67 
275569.80 
275569.81 
275569.92 
275569.92 
275570.05 
275570.05 
275570.18 
275570.18 
275570.31 
275570.32 
275570.43 
275570.43 
275570.56 
275570.57 
275570.69 
275570.69 
275570.82 
275570.82 
275570.95 
275570.95 
275571.08 
275571.08 
275571.21 
275571.21 
275571.34 
275571.34 
275571.47 
275571.47 
275571.60 
275571.60 
275571.73 
275571.73 
275571.86 
275571.86 
275571.99 
275571.99 
275572.12 
275572.12 
275572.25 
275572.25 
275572.38 
275572.38 
275572.50 
275572.50 
275572.63 
275572.63 
275572.76 
275572.76 
275572.88 
275572.88 
275573.01 
275573.02 
275573.14 
275573.14 
275573.27 
275573.27 
275573.40 
275573.40 
275573.53 
275573.53 
275573.65 
275573.65 
275573.78 
275573.78 
275573.91 
275573.91 
275574.03 
275574.03 
275574.16 
275574.16 
275574.29 
275574.29 
275574.43 
275574.43 
275574.55 
275574.55 
275574.67 
275574.67 
275574.80 
275574.80 
275574.93 
275574.93 
275575.06 
275575.06 
275575.19 
275575.19 
275575.30 
275575.31 
275575.42 
275575.42 
275575.56 
275575.56 
275575.68 
275575.68 
275575.81 
275575.81 
275575.94 
275575.95 
275576.07 
275576.07 
275576.19 
275576.19 
275576.32 
275576.32 
275576.45 
275576.45 
275576.58 
275576.58 
275576.70 
275576.72 
275576.83 
275576.83 
275576.95 
275576.96 
275577.08 
275577.08 
275577.20 
275577.20 
275577.33 
275577.33 
275577.46 
275577.46 
275577.59 
275577.59 
275577.71 
275577.71 
275577.84 
275577.84 
275577.97 
275577.97 
275578.10 
275578.10 
275578.23 
275578.23 
275578.35 
275578.36 
275578.48 
275578.48 
275578.61 
275578.61 
275578.73 
275578.74 
275578.86 
275578.86 
275578.99 
275578.99 
275579.12 
275579.12 
275579.25 
275579.25 
275579.38 
275579.38 
275579.51 
275579.51 
275579.63 
275579.63 
275579.76 
275579.78 
275579.89 
275579.89 
275580.02 
275580.03 
275580.14 
275580.17 
275580.27 
275580.30 
275580.40 
275580.42 
275580.52 
275580.55 
275580.66 
275580.67 
275580.79 
275580.79 
275580.91 
275580.91 
275581.04 
275581.04 
275581.17 
275581.17 
275581.30 
275581.30 
275581.43 
275581.43 
275581.55 
275581.55 
275581.68 
275581.68 
275581.81 
275581.82 
275581.94 
275581.94 
275582.06 
275582.06 
275582.19 
275582.19 
275582.31 
275582.31 
275582.44 
275582.44 
275582.57 
275582.57 
275582.69 
275582.71 
275582.82 
275582.82 
275582.95 
275582.95 
275583.07 
275583.07 
275583.21 
275583.21 
275583.33 
275583.33 
275583.46 
275583.46 
275583.59 
275583.59 
275583.72 
275583.72 
275583.84 
275583.84 
275583.97 
275583.98 
275584.10 
275584.11 
275584.23 
275584.24 
275584.35 
275584.36 
275584.48 
275584.48 
275584.61 
275584.61 
275584.74 
275584.74 
275584.86 
275584.86 
275584.99 
275584.99 
275585.12 
275585.13 
275585.25 
275585.25 
275585.38 
275585.38 
275585.51 
275585.51 
275585.64 
275585.64 
275585.76 
275585.76 
275585.89 
275585.89 
275586.02 
275586.02 
275586.15 
275586.15 
275586.27 
275586.27 
275586.40 
275586.40 
275586.53 
275586.53 
275586.66 
275586.66 
275586.79 
275586.79 
275586.91 
275586.92 
275587.04 
275587.04 
275587.17 
275587.17 
275587.30 
275587.30 
275587.43 
275587.44 
275587.55 
275587.55 
275587.68 
275587.68 
275587.81 
275587.82 
275587.94 
275587.94 
275588.07 
275588.07 
275588.19 
275588.19 
275588.32 
275588.32 
275588.45 
275588.45 
275588.58 
275588.58 
275588.71 
275588.71 
275588.83 
275588.83 
275588.97 
275588.97 
275589.09 
275589.09 
275589.22 
275589.22 
275589.35 
275589.35 
275589.47 
275589.47 
275589.61 
275589.61 
275589.73 
275589.73 
275589.86 
275589.86 
275589.99 
275590.01 
275590.12 
275590.14 
275590.25 
275590.26 
275590.38 
275590.38 
275590.51 
275590.51 
275590.64 
275590.64 
275590.76 
275590.76 
275590.88 
275590.90 
275591.00 
275591.03 
275591.12 
275591.16 
275591.24 
275591.29 
275591.37 
275591.41 
275591.50 
275591.54 
275591.63 
275591.66 
275591.75 
275591.78 
275591.88 
275591.91 
275592.01 
275592.03 
275592.14 
275592.16 
275592.26 
275592.28 
275592.39 
275592.41 
275592.51 
275592.53 
275592.64 
275592.64 
275592.76 
275592.78 
275592.89 
275592.92 
275593.01 
275593.04 
275593.14 
275593.17 
275593.27 
275593.31 
275593.39 
275593.43 
275593.52 
275593.56 
275593.65 
275593.69 
275593.78 
275593.83 
275593.91 
275593.95 
275594.03 
275594.07 
275594.16 
275594.20 
275594.28 
275594.32 
275594.41 
275594.44 
275594.54 
275594.57 
275594.67 
275594.71 
275594.79 
275594.83 
275594.93 
275594.96 
275595.05 
275595.08 
275595.18 
275595.21 
275595.30 
275595.33 
275595.42 
275595.45 
275595.55 
275595.57 
275595.68 
275595.69 
275595.80 
275595.82 
275595.93 
275595.94 
275596.05 
275596.05 
275596.18 
275596.19 
275596.31 
275596.31 
275596.43 
275596.43 
275596.56 
275596.56 
275596.69 
275596.69 
275596.82 
275596.82 
275596.95 
275596.95 
275597.08 
275597.08 
275597.21 
275597.21 
275597.34 
275597.34 
275597.47 
275597.47 
275597.59 
275597.59 
275597.72 
275597.72 
275597.85 
275597.86 
275597.98 
275597.98 
275598.10 
275598.10 
275598.23 
275598.23 
275598.35 
275598.35 
275598.48 
275598.48 
275598.61 
275598.61 
275598.74 
275598.74 
275598.86 
275598.86 
275598.99 
275598.99 
275599.12 
275599.12 
275599.25 
275599.25 
275599.37 
275599.37 
275599.50 
275599.50 
275599.62 
275599.62 
275599.74 
275599.74 
275599.87 
275599.87 
275600.00 
275600.00 
275600.13 
275600.13 
275600.26 
275600.26 
275600.39 
275600.39 
275600.52 
275600.52 
275600.64 
275600.65 
275600.77 
275600.77 
275600.90 
275600.90 
275601.03 
275601.03 
275601.15 
275601.15 
275601.28 
275601.28 
275601.41 
275601.41 
275601.53 
275601.54 
275601.66 
275601.66 
275601.79 
275601.79 
275601.92 
275601.93 
275602.05 
275602.05 
275602.17 
275602.18 
275602.30 
275602.30 
275602.42 
275602.42 
275602.55 
275602.55 
275602.67 
275602.67 
275602.80 
275602.80 
275602.93 
275602.93 
275603.06 
275603.06 
275603.19 
275603.19 
275603.31 
275603.32 
275603.44 
275603.44 
275603.57 
275603.58 
275603.70 
275603.70 
275603.82 
275603.82 
275603.95 
275603.95 
275604.08 
275604.08 
275604.21 
275604.21 
275604.33 
275604.33 
275604.46 
275604.46 
275604.59 
275604.59 
275604.71 
275604.71 
275604.84 
275604.84 
275604.97 
275604.97 
275605.09 
275605.09 
275605.22 
275605.23 
275605.34 
275605.35 
275605.47 
275605.47 
275605.60 
275605.60 
275605.72 
275605.72 
275605.84 
275605.84 
275605.97 
275605.97 
275606.10 
275606.10 
275606.22 
275606.22 
275606.34 
275606.34 
275606.46 
275606.47 
275606.59 
275606.59 
275606.72 
275606.72 
275606.85 
275606.85 
275606.98 
275606.98 
275607.11 
275607.11 
275607.23 
275607.24 
275607.36 
275607.36 
275607.48 
275607.48 
275607.61 
275607.61 
275607.73 
275607.74 
275607.86 
275607.86 
275607.99 
275607.99 
275608.12 
275608.12 
275608.24 
275608.24 
275608.37 
275608.37 
275608.50 
275608.50 
275608.63 
275608.64 
275608.75 
275608.76 
275608.88 
275608.88 
275609.01 
275609.01 
275609.14 
275609.14 
275609.24 
275609.26 
275609.36 
275609.37 
275609.48 
275609.49 
275609.61 
275609.61 
275609.73 
275609.73 
275609.86 
275609.86 
275609.99 
275609.99 
275610.11 
275610.11 
275610.24 
275610.24 
275610.37 
275610.37 
275610.50 
275610.50 
275610.63 
275610.63 
275610.75 
275610.75 
275610.88 
275610.89 
275611.01 
275611.01 
275611.14 
275611.14 
275611.27 
275611.27 
275611.40 
275611.40 
275611.53 
275611.53 
275611.66 
275611.67 
275611.79 
275611.79 
275611.92 
275611.92 
275612.04 
275612.04 
275612.16 
275612.17 
275612.29 
275612.29 
275612.42 
275612.42 
275612.55 
275612.55 
275612.67 
275612.67 
275612.80 
275612.80 
275612.93 
275612.93 
275613.06 
275613.07 
275613.19 
275613.19 
275613.31 
275613.32 
275613.44 
275613.44 
275613.56 
275613.57 
275613.69 
275613.69 
275613.82 
275613.82 
275613.94 
275613.94 
275614.07 
275614.07 
275614.19 
275614.20 
275614.32 
275614.32 
275614.44 
275614.44 
275614.57 
275614.57 
275614.69 
275614.69 
275614.82 
275614.82 
275614.94 
275614.94 
275615.08 
275615.08 
275615.20 
275615.20 
275615.33 
275615.34 
275615.46 
275615.47 
275615.58 
275615.59 
275615.71 
275615.71 
275615.84 
275615.84 
275615.97 
275615.97 
275616.09 
275616.10 
275616.22 
275616.22 
275616.35 
275616.35 
275616.48 
275616.48 
275616.61 
275616.61 
275616.74 
275616.74 
275616.87 
275616.87 
275616.99 
275617.00 
275617.12 
275617.13 
275617.25 
275617.25 
275617.37 
275617.38 
275617.51 
275617.51 
275617.64 
275617.64 
275617.76 
275617.76 
275617.89 
275617.89 
275618.02 
275618.02 
275618.14 
275618.14 
275618.27 
275618.27 
275618.40 
275618.40 
275618.53 
275618.53 
275618.66 
275618.66 
275618.79 
275618.79 
275618.91 
275618.91 
275619.04 
275619.04 
275619.17 
275619.18 
275619.30 
275619.30 
275619.43 
275619.43 
275619.55 
275619.55 
275619.68 
275619.68 
275619.80 
275619.80 
275619.93 
275619.93 
275620.05 
275620.05 
275620.18 
275620.19 
275620.30 
275620.31 
275620.43 
275620.45 
275620.56 
275620.56 
275620.68 
275620.69 
275620.81 
275620.81 
275620.95 
275620.95 
275621.08 
275621.08 
275621.20 
275621.20 
275621.33 
275621.33 
275621.46 
275621.47 
275621.58 
275621.59 
275621.70 
275621.70 
275621.82 
275621.82 
275621.94 
275621.94 
275622.06 
275622.06 
275622.19 
275622.19 
275622.32 
275622.32 
275622.45 
275622.45 
275622.57 
275622.57 
275622.70 
275622.70 
275622.83 
275622.83 
275622.96 
275622.96 
275623.09 
275623.09 
275623.22 
275623.22 
275623.34 
275623.34 
275623.47 
275623.47 
275623.60 
275623.60 
275623.73 
275623.73 
275623.85 
275623.86 
275623.99 
275623.99 
275624.11 
275624.11 
275624.24 
275624.24 
275624.37 
275624.37 
275624.50 
275624.50 
275624.63 
275624.63 
275624.75 
275624.75 
275624.88 
275624.88 
275625.01 
275625.01 
275625.14 
275625.14 
275625.26 
275625.26 
275625.39 
275625.39 
275625.52 
275625.52 
275625.65 
275625.65 
275625.77 
275625.77 
275625.91 
275625.91 
275626.03 
275626.03 
275626.16 
275626.16 
275626.29 
275626.30 
275626.42 
275626.42 
275626.55 
275626.55 
275626.68 
275626.68 
275626.81 
275626.81 
275626.93 
275626.93 
275627.06 
275627.06 
275627.19 
275627.19 
275627.31 
275627.31 
275627.44 
275627.45 
275627.57 
275627.57 
275627.70 
275627.70 
275627.83 
275627.83 
275627.95 
275627.95 
275628.08 
275628.08 
275628.21 
275628.21 
275628.33 
275628.33 
275628.47 
275628.47 
275628.60 
275628.60 
275628.72 
275628.72 
275628.85 
275628.85 
275628.98 
275628.98 
275629.11 
275629.11 
275629.25 
275629.25 
275629.37 
275629.39 
275629.50 
275629.51 
275629.63 
275629.63 
275629.75 
275629.75 
275629.87 
275629.87 
275630.00 
275630.00 
275630.13 
275630.13 
275630.26 
275630.26 
275630.39 
275630.39 
275630.51 
275630.52 
275630.64 
275630.64 
275630.77 
275630.77 
275630.90 
275630.90 
275631.03 
275631.03 
275631.16 
275631.16 
275631.29 
275631.29 
275631.42 
275631.42 
275631.55 
275631.55 
275631.67 
275631.67 
275631.80 
275631.80 
275631.92 
275631.92 
275632.05 
275632.05 
275632.18 
275632.18 
275632.31 
275632.31 
275632.43 
275632.43 
275632.56 
275632.56 
275632.69 
275632.69 
275632.82 
275632.82 
275632.95 
275632.95 
275633.08 
275633.08 
275633.21 
275633.21 
275633.33 
275633.33 
275633.46 
275633.46 
275633.58 
275633.58 
275633.71 
275633.71 
275633.84 
275633.84 
275633.97 
275633.97 
275634.10 
275634.10 
275634.23 
275634.23 
275634.35 
275634.35 
275634.48 
275634.49 
275634.61 
275634.61 
275634.74 
275634.74 
275634.86 
275634.86 
275634.99 
275634.99 
275635.11 
275635.11 
275635.24 
275635.24 
275635.37 
275635.37 
275635.50 
275635.50 
275635.63 
275635.63 
275635.75 
275635.75 
275635.88 
275635.88 
275636.00 
275636.00 
275636.12 
275636.12 
275636.26 
275636.26 
275636.39 
275636.39 
275636.52 
275636.52 
275636.64 
275636.66 
275636.77 
275636.77 
275636.90 
275636.91 
275637.03 
275637.03 
275637.15 
275637.15 
275637.29 
275637.29 
275637.41 
275637.41 
275637.52 
275637.54 
275637.65 
275637.65 
275637.77 
275637.78 
275637.91 
275637.91 
275638.03 
275638.03 
275638.16 
275638.16 
275638.29 
275638.30 
275638.42 
275638.42 
275638.55 
275638.55 
275638.67 
275638.67 
275638.80 
275638.80 
275638.93 
275638.93 
275639.06 
275639.06 
275639.18 
275639.19 
275639.31 
275639.32 
275639.44 
275639.44 
275639.57 
275639.57 
275639.70 
275639.70 
275639.83 
275639.83 
275639.95 
275639.95 
275640.08 
275640.08 
275640.21 
275640.21 
275640.34 
275640.34 
275640.46 
275640.46 
275640.59 
275640.59 
275640.72 
275640.72 
275640.85 
275640.85 
275640.98 
275640.98 
275641.11 
275641.11 
275641.23 
275641.23 
275641.36 
275641.36 
275641.50 
275641.50 
275641.63 
275641.64 
275641.75 
275641.76 
275641.88 
275641.88 
275642.00 
275642.02 
275642.13 
275642.13 
275642.25 
275642.26 
275642.38 
275642.38 
275642.51 
275642.51 
275642.64 
275642.64 
275642.77 
275642.77 
275642.90 
275642.90 
275643.03 
275643.03 
275643.15 
275643.15 
275643.28 
275643.28 
275643.41 
275643.41 
275643.54 
275643.54 
275643.66 
275643.67 
275643.79 
275643.79 
275643.92 
275643.92 
275644.05 
275644.05 
275644.18 
275644.18 
275644.31 
275644.31 
275644.43 
275644.43 
275644.56 
275644.56 
275644.69 
275644.69 
275644.82 
275644.83 
275644.94 
275644.95 
275645.07 
275645.07 
275645.20 
275645.20 
275645.33 
275645.33 
275645.46 
275645.46 
275645.59 
275645.59 
275645.71 
275645.73 
275645.84 
275645.84 
275645.97 
275645.97 
275646.10 
275646.10 
275646.22 
275646.22 
275646.35 
275646.35 
275646.47 
275646.47 
275646.59 
275646.59 
275646.73 
275646.73 
275646.85 
275646.86 
275646.98 
275646.98 
275647.11 
275647.11 
275647.24 
275647.24 
275647.36 
275647.37 
275647.49 
275647.49 
275647.62 
275647.62 
275647.74 
275647.75 
275647.86 
275647.87 
275647.99 
275647.99 
275648.10 
275648.10 
275648.21 
275648.21 
275648.32 
275648.35 
275648.43 
275648.47 
275648.56 
275648.61 
275648.67 
275648.72 
275648.79 
275648.84 
275648.92 
275648.96 
275649.04 
275649.08 
275649.16 
275649.20 
275649.29 
275649.32 
275649.41 
275649.44 
275649.51 
275649.55 
275649.62 
275649.68 
275649.74 
275649.80 
275649.86 
275649.92 
275650.00 
275650.04 
275650.11 
275650.15 
275650.23 
275650.26 
275650.34 
275650.38 
275650.45 
275650.50 
275650.57 
275650.63 
275650.69 
275650.75 
275650.82 
275650.87 
275650.94 
275651.00 
275651.06 
275651.12 
275651.17 
275651.24 
275651.30 
275651.37 
275651.42 
275651.49 
275651.54 
275651.60 
275651.67 
275651.73 
275651.78 
275651.84 
275651.90 
275651.95 
275652.01 
275652.05 
275652.14 
275652.18 
275652.25 
275652.29 
275652.37 
275652.41 
275652.49 
275652.52 
275652.60 
275652.64 
275652.71 
275652.74 
275652.82 
275652.85 
275652.94 
275652.96 
275653.04 
275653.09 
275653.15 
275653.21 
275653.27 
275653.32 
275653.38 
275653.44 
275653.50 
275653.55 
275653.63 
275653.68 
275653.75 
275653.80 
275653.87 
275653.92 
275653.99 
275654.04 
275654.11 
275654.15 
275654.23 
275654.29 
275654.35 
275654.41 
275654.47 
275654.52 
275654.57 
275654.62 
275654.68 
275654.73 
275654.79 
275654.84 
275654.90 
275654.94 
275655.01 
275655.05 
275655.13 
275655.19 
275655.24 
275655.30 
275655.35 
275655.42 
275655.47 
275655.53 
275655.59 
275655.65 
275655.71 
275655.76 
275655.84 
275655.88 
275655.97 
275656.00 
275656.09 
275656.11 
275656.20 
275656.24 
275656.32 
275656.35 
275656.42 
275656.46 
275656.54 
275656.57 
275656.68 
275656.69 
275656.80 
275656.80 
275656.91 
275656.91 
275657.02 
275657.02 
275657.14 
275657.14 
275657.27 
275657.27 
275657.39 
275657.39 
275657.52 
275657.52 
275657.63 
275657.63 
275657.75 
275657.75 
275657.86 
275657.86 
275657.98 
275657.98 
275658.12 
275658.12 
275658.24 
275658.24 
275658.36 
275658.36 
275658.47 
275658.47 
275658.59 
275658.59 
275658.72 
275658.73 
275658.85 
275658.85 
275658.96 
275658.96 
275659.07 
275659.07 
275659.17 
275659.17 
275659.28 
275659.28 
275659.39 
275659.39 
275659.50 
275659.51 
275659.61 
275659.63 
275659.72 
275659.76 
275659.82 
275659.87 
275659.93 
275660.00 
275660.06 
275660.11 
275660.17 
275660.23 
275660.28 
275660.36 
275660.39 
275660.47 
275660.50 
275660.59 
275660.62 
275660.70 
275660.72 
275660.82 
275660.83 
275660.93 
275660.94 
275661.04 
275661.05 
275661.15 
275661.18 
275661.27 
275661.29 
275661.39 
275661.40 
275661.51 
275661.51 
275661.63 
275661.63 
275661.74 
275661.74 
275661.85 
275661.87 
275661.96 
275662.00 
275662.07 
275662.10 
275662.20 
275662.22 
275662.31 
275662.35 
275662.42 
275662.45 
275662.53 
275662.56 
275662.63 
275662.67 
275662.76 
275662.78 
275662.87 
275662.90 
275663.00 
275663.01 
275663.12 
275663.12 
275663.23 
275663.26 
275663.36 
275663.38 
275663.49 
275663.49 
275663.60 
275663.60 
275663.71 
275663.71 
275663.83 
275663.83 
275663.97 
275663.97 
275664.09 
275664.10 
275664.22 
275664.23 
275664.34 
275664.34 
275664.46 
275664.46 
275664.59 
275664.59 
275664.70 
275664.70 
275664.81 
275664.83 
275664.93 
275664.96 
275665.07 
275665.08 
275665.19 
275665.20 
275665.31 
275665.31 
275665.42 
275665.42 
275665.55 
275665.55 
275665.67 
275665.67 
275665.79 
275665.79 
275665.90 
275665.91 
275666.02 
275666.03 
275666.13 
275666.15 
275666.24 
275666.27 
275666.36 
275666.39 
275666.48 
275666.51 
275666.61 
275666.63 
275666.73 
275666.76 
275666.85 
275666.88 
275666.98 
275667.00 
275667.11 
275667.13 
275667.23 
275667.24 
275667.35 
275667.36 
275667.46 
275667.48 
275667.59 
275667.60 
275667.71 
275667.71 
275667.82 
275667.84 
275667.94 
275667.98 
275668.06 
275668.10 
275668.18 
275668.22 
275668.30 
275668.34 
275668.42 
275668.46 
275668.54 
275668.58 
275668.66 
275668.71 
275668.79 
275668.83 
275668.90 
275668.94 
275669.02 
275669.07 
275669.15 
275669.19 
275669.29 
275669.30 
275669.41 
275669.42 
275669.53 
275669.54 
275669.65 
275669.65 
275669.78 
275669.78 
275669.89 
275669.89 
275670.01 
275670.01 
275670.12 
275670.13 
275670.24 
275670.24 
275670.36 
275670.36 
275670.48 
275670.49 
275670.60 
275670.60 
275670.71 
275670.72 
275670.83 
275670.83 
275670.95 
275670.95 
275671.07 
275671.07 
275671.20 
275671.20 
275671.33 
275671.33 
275671.44 
275671.44 
275671.56 
275671.56 
275671.69 
275671.69 
275671.81 
275671.81 
275671.93 
275671.94 
275672.05 
275672.05 
275672.16 
275672.16 
275672.29 
275672.29 
275672.41 
275672.41 
275672.54 
275672.54 
275672.66 
275672.66 
275672.78 
275672.79 
275672.89 
275672.91 
275673.01 
275673.02 
275673.12 
275673.16 
275673.24 
275673.27 
275673.34 
275673.40 
275673.45 
275673.51 
275673.58 
275673.63 
275673.70 
275673.75 
275673.82 
275673.86 
275673.94 
275673.99 
275674.05 
275674.11 
275674.17 
275674.22 
275674.28 
275674.33 
275674.42 
275674.46 
275674.55 
275674.56 
275674.67 
275674.69 
275674.80 
275674.81 
275674.93 
275674.93 
275675.05 
275675.05 
275675.17 
275675.17 
275675.29 
275675.29 
275675.40 
275675.41 
275675.52 
275675.53 
275675.63 
275675.65 
275675.75 
275675.79 
275675.88 
275675.91 
275676.01 
275676.03 
275676.13 
275676.15 
275676.25 
275676.27 
275676.37 
275676.39 
275676.49 
275676.50 
275676.61 
275676.62 
275676.73 
275676.74 
275676.85 
275676.86 
275676.97 
275676.98 
275677.09 
275677.10 
275677.21 
275677.22 
275677.33 
275677.34 
275677.45 
275677.45 
275677.57 
275677.57 
275677.68 
275677.69 
275677.81 
275677.81 
275677.92 
275677.92 
275678.03 
275678.03 
275678.14 
275678.15 
275678.26 
275678.26 
275678.38 
275678.38 
275678.50 
275678.50 
275678.62 
275678.63 
275678.74 
275678.76 
275678.87 
275678.88 
275678.98 
275679.01 
275679.10 
275679.13 
275679.22 
275679.25 
275679.33 
275679.38 
275679.46 
275679.50 
275679.58 
275679.61 
275679.69 
275679.73 
275679.82 
275679.84 
275679.93 
275679.96 
275680.05 
275680.08 
275680.18 
275680.20 
275680.30 
275680.31 
275680.42 
275680.43 
275680.54 
275680.55 
275680.66 
275680.66 
275680.78 
275680.78 
275680.89 
275680.89 
275681.01 
275681.01 
275681.13 
275681.13 
275681.25 
275681.25 
275681.36 
275681.36 
275681.48 
275681.48 
275681.60 
275681.60 
275681.72 
275681.73 
275681.83 
275681.84 
275681.96 
275681.96 
275682.08 
275682.09 
275682.19 
275682.20 
275682.32 
275682.32 
275682.43 
275682.43 
275682.55 
275682.56 
275682.67 
275682.68 
275682.79 
275682.79 
275682.90 
275682.91 
275683.02 
275683.02 
275683.13 
275683.14 
275683.25 
275683.25 
275683.36 
275683.36 
275683.48 
275683.48 
275683.60 
275683.62 
275683.73 
275683.73 
275683.85 
275683.85 
275683.97 
275683.98 
275684.09 
275684.12 
275684.19 
275684.25 
275684.31 
275684.36 
275684.42 
275684.48 
275684.54 
275684.60 
275684.65 
275684.72 
275684.77 
275684.83 
275684.89 
275684.95 
275685.01 
275685.07 
275685.12 
275685.18 
275685.25 
275685.31 
275685.37 
275685.42 
275685.50 
275685.54 
275685.62 
275685.66 
275685.74 
275685.78 
275685.84 
275685.90 
275685.96 
275686.02 
275686.08 
275686.13 
275686.18 
275686.26 
275686.30 
275686.38 
275686.42 
275686.50 
275686.54 
275686.62 
275686.66 
275686.74 
275686.77 
275686.87 
275686.89 
275686.99 
275687.01 
275687.10 
275687.13 
275687.22 
275687.25 
275687.34 
275687.37 
275687.46 
275687.49 
275687.57 
275687.61 
275687.69 
275687.73 
275687.83 
275687.85 
275687.95 
275687.97 
275688.07 
275688.10 
275688.19 
275688.22 
275688.31 
275688.34 
275688.43 
275688.46 
275688.54 
275688.57 
275688.66 
275688.69 
275688.78 
275688.81 
275688.91 
275688.93 
275689.02 
275689.04 
275689.14 
275689.16 
275689.26 
275689.28 
275689.37 
275689.39 
275689.50 
275689.50 
275689.61 
275689.62 
275689.74 
275689.74 
275689.86 
275689.86 
275689.97 
275689.98 
275690.11 
275690.11 
275690.22 
275690.22 
275690.34 
275690.34 
275690.46 
275690.48 
275690.58 
275690.60 
275690.70 
275690.73 
275690.82 
275690.84 
275690.94 
275690.96 
275691.06 
275691.08 
275691.19 
275691.20 
275691.31 
275691.32 
275691.42 
275691.43 
275691.55 
275691.55 
275691.66 
275691.67 
275691.78 
275691.79 
275691.90 
275691.91 
275692.01 
275692.04 
275692.13 
275692.16 
275692.25 
275692.28 
275692.37 
275692.40 
275692.50 
275692.52 
275692.61 
275692.63 
275692.72 
275692.75 
275692.84 
275692.86 
275692.96 
275692.99 
275693.08 
275693.11 
275693.20 
275693.23 
275693.32 
275693.34 
275693.45 
275693.47 
275693.57 
275693.59 
275693.70 
275693.71 
275693.82 
275693.83 
275693.94 
275693.94 
275694.06 
275694.07 
275694.18 
275694.18 
275694.30 
275694.30 
275694.43 
275694.43 
275694.55 
275694.55 
275694.66 
275694.68 
275694.78 
275694.78 
275694.89 
275694.92 
275695.01 
275695.04 
275695.12 
275695.16 
275695.24 
275695.27 
275695.36 
275695.39 
275695.47 
275695.51 
275695.58 
275695.63 
275695.70 
275695.75 
275695.82 
275695.87 
275695.93 
275695.98 
275696.05 
275696.10 
275696.17 
275696.22 
275696.28 
275696.34 
275696.40 
275696.47 
275696.51 
275696.58 
275696.62 
275696.70 
275696.75 
275696.82 
275696.88 
275696.94 
275697.00 
275697.08 
275697.12 
275697.20 
275697.24 
275697.31 
275697.36 
275697.43 
275697.48 
275697.54 
275697.59 
275697.66 
275697.70 
275697.78 
275697.82 
275697.90 
275697.94 
275698.02 
275698.07 
275698.14 
275698.19 
275698.25 
275698.32 
275698.37 
275698.44 
275698.49 
275698.56 
275698.61 
275698.69 
275698.74 
275698.81 
275698.86 
275698.93 
275698.97 
275699.05 
275699.08 
275699.17 
275699.20 
275699.29 
275699.32 
275699.41 
275699.43 
275699.53 
275699.55 
275699.66 
275699.67 
275699.78 
275699.79 
275699.90 
275699.92 
275700.02 
275700.03 
275700.14 
275700.16 
275700.28 
275700.28 
275700.40 
275700.40 
275700.53 
275700.54 
275700.66 
275700.66 
275700.78 
275700.79 
275700.90 
275700.91 
275701.02 
275701.03 
275701.15 
275701.15 
275701.26 
275701.27 
275701.38 
275701.38 
275701.50 
275701.50 
275701.62 
275701.63 
275701.74 
275701.76 
275701.85 
275701.88 
275701.98 
275701.99 
275702.10 
275702.11 
275702.21 
275702.23 
275702.33 
275702.34 
275702.44 
275702.46 
275702.56 
275702.57 
275702.67 
275702.69 
275702.78 
275702.81 
275702.90 
275702.94 
275703.01 
275703.06 
275703.13 
275703.19 
275703.25 
275703.31 
275703.36 
275703.44 
275703.49 
275703.56 
275703.61 
275703.68 
275703.73 
275703.80 
275703.85 
275703.92 
275703.96 
275704.05 
275704.09 
275704.17 
275704.22 
275704.29 
275704.34 
275704.40 
275704.47 
275704.52 
275704.59 
275704.63 
275704.71 
275704.75 
275704.83 
275704.87 
275704.95 
275704.99 
275705.07 
275705.11 
275705.19 
275705.22 
275705.31 
275705.35 
275705.43 
275705.47 
275705.54 
275705.60 
275705.66 
275705.72 
275705.77 
275705.84 
275705.89 
275705.97 
275706.01 
275706.08 
275706.13 
275706.20 
275706.25 
275706.31 
275706.37 
275706.44 
275706.49 
275706.56 
275706.61 
275706.67 
275706.73 
275706.79 
275706.86 
275706.92 
275706.98 
275707.05 
275707.10 
275707.16 
275707.22 
275707.28 
275707.33 
275707.40 
275707.45 
275707.52 
275707.57 
275707.65 
275707.69 
275707.77 
275707.81 
275707.89 
275707.93 
275708.00 
275708.05 
275708.11 
275708.17 
275708.24 
275708.29 
275708.36 
275708.40 
275708.48 
275708.52 
275708.59 
275708.65 
275708.71 
275708.77 
275708.84 
275708.89 
275708.96 
275709.00 
275709.07 
275709.11 
275709.19 
275709.24 
275709.31 
275709.36 
275709.42 
275709.49 
275709.54 
275709.60 
275709.65 
275709.72 
275709.77 
275709.84 
275709.89 
275709.96 
275710.02 
275710.08 
275710.15 
275710.19 
275710.27 
275710.30 
275710.39 
275710.41 
275710.51 
275710.53 
275710.62 
275710.64 
275710.76 
275710.76 
275710.89 
275710.89 
275711.01 
275711.01 
275711.12 
275711.13 
275711.24 
275711.25 
275711.36 
275711.36 
275711.48 
275711.49 
275711.61 
275711.61 
275711.72 
275711.73 
275711.84 
275711.86 
275711.96 
275711.97 
275712.08 
275712.09 
275712.19 
275712.22 
275712.30 
275712.33 
275712.41 
275712.45 
275712.53 
275712.56 
275712.65 
275712.68 
275712.76 
275712.79 
275712.88 
275712.91 
275713.00 
275713.02 
275713.11 
275713.14 
275713.24 
275713.26 
275713.36 
275713.38 
275713.48 
275713.50 
275713.61 
275713.62 
275713.73 
275713.73 
275713.84 
275713.85 
275713.96 
275713.97 
275714.09 
275714.10 
275714.23 
275714.23 
275714.35 
275714.36 
275714.47 
275714.48 
275714.59 
275714.59 
275714.70 
275714.71 
275714.83 
275714.83 
275714.94 
275714.94 
275715.07 
275715.07 
275715.18 
275715.19 
275715.30 
275715.31 
275715.42 
275715.42 
275715.54 
275715.54 
275715.66 
275715.66 
275715.77 
275715.79 
275715.90 
275715.91 
275716.02 
275716.04 
275716.15 
275716.15 
275716.27 
275716.27 
275716.38 
275716.38 
275716.50 
275716.50 
275716.62 
275716.62 
275716.73 
275716.74 
275716.85 
275716.87 
275716.97 
275716.99 
275717.09 
275717.11 
275717.22 
275717.23 
275717.34 
275717.35 
275717.46 
275717.46 
275717.57 
275717.57 
275717.69 
275717.69 
275717.81 
275717.81 
275717.93 
275717.94 
275718.05 
275718.05 
275718.17 
275718.17 
275718.29 
275718.29 
275718.41 
275718.41 
275718.53 
275718.54 
275718.65 
275718.66 
275718.76 
275718.77 
275718.88 
275718.89 
275719.00 
275719.02 
275719.11 
275719.13 
275719.23 
275719.26 
275719.34 
275719.38 
275719.47 
275719.50 
275719.58 
275719.63 
275719.71 
275719.75 
275719.83 
275719.87 
275719.95 
275719.98 
275720.07 
275720.11 
275720.19 
275720.23 
275720.31 
275720.36 
275720.43 
275720.48 
275720.55 
275720.59 
275720.67 
275720.71 
275720.79 
275720.83 
275720.91 
275720.95 
275721.02 
275721.07 
275721.16 
275721.19 
275721.29 
275721.30 
275721.40 
275721.43 
275721.52 
275721.55 
275721.64 
275721.66 
275721.76 
275721.78 
275721.89 
275721.91 
275722.00 
275722.01 
275722.11 
275722.14 
275722.23 
275722.25 
275722.35 
275722.36 
275722.47 
275722.48 
275722.59 
275722.59 
275722.71 
275722.71 
275722.83 
275722.83 
275722.95 
275722.95 
275723.05 
275723.06 
275723.18 
275723.18 
275723.30 
275723.30 
275723.42 
275723.43 
275723.53 
275723.55 
275723.65 
275723.67 
275723.77 
275723.80 
275723.89 
275723.91 
275724.01 
275724.03 
275724.14 
275724.15 
275724.26 
275724.26 
275724.38 
275724.40 
275724.50 
275724.50 
275724.62 
275724.62 
275724.74 
275724.74 
275724.85 
275724.87 
275724.97 
275724.98 
275725.09 
275725.10 
275725.21 
275725.22 
275725.34 
275725.34 
275725.45 
275725.46 
275725.56 
275725.57 
275725.68 
275725.69 
275725.80 
275725.81 
275725.92 
275725.93 
275726.04 
275726.05 
275726.16 
275726.16 
275726.29 
275726.29 
275726.41 
275726.42 
275726.53 
275726.54 
275726.65 
275726.66 
275726.77 
275726.78 
275726.89 
275726.91 
275727.01 
275727.02 
275727.13 
275727.13 
275727.24 
275727.24 
275727.35 
275727.37 
275727.49 
275727.49 
275727.61 
275727.61 
275727.73 
275727.73 
275727.86 
275727.86 
275727.99 
275727.99 
275728.11 
275728.12 
275728.24 
275728.24 
275728.36 
275728.37 
275728.48 
275728.48 
