# up 
242479.24 
242479.36 
242479.49 
242479.61 
242479.73 
242479.85 
242479.96 
242480.09 
242480.22 
242480.36 
242480.48 
242480.60 
242480.73 
242480.86 
242480.98 
242481.10 
242481.23 
242481.35 
242481.47 
242481.59 
242481.72 
242481.85 
242481.98 
242482.10 
242482.23 
242482.37 
242482.49 
242482.62 
242482.74 
242482.88 
242483.01 
242483.14 
242483.28 
242483.40 
242483.52 
242483.65 
242483.78 
242483.91 
242484.03 
242484.16 
242484.30 
242484.43 
242484.55 
242484.69 
242484.81 
242484.93 
242485.06 
242485.19 
242485.32 
242485.45 
242485.58 
242485.71 
242485.84 
242485.97 
242486.11 
242486.23 
242486.35 
242486.48 
242486.61 
242486.73 
242486.86 
242487.00 
242487.13 
242487.25 
242487.36 
242487.48 
242487.60 
242487.72 
242487.85 
242487.97 
242488.10 
242488.23 
242488.36 
242488.49 
242488.62 
242488.75 
242488.88 
242489.01 
242489.13 
242489.26 
242489.40 
242489.54 
242489.66 
242489.77 
242489.90 
242490.02 
242490.15 
242490.28 
242490.42 
242490.54 
242490.66 
242490.79 
242490.92 
242491.05 
242491.19 
242491.33 
242491.45 
242491.56 
242491.69 
242491.82 
242491.94 
242492.07 
242492.20 
242492.33 
242492.46 
242492.59 
242492.72 
242492.84 
242492.97 
242493.10 
242493.23 
242493.36 
242493.48 
242493.61 
242493.74 
242493.87 
242494.00 
242494.12 
242494.25 
242494.38 
242494.52 
242494.65 
242494.78 
242494.91 
242495.05 
242495.18 
242495.31 
242495.44 
242495.56 
242495.69 
242495.82 
242495.94 
242496.08 
242496.20 
242496.33 
242496.46 
242496.58 
242496.71 
242496.84 
242496.97 
242497.10 
242497.23 
242497.35 
242497.49 
242497.62 
242497.75 
242497.88 
242498.01 
242498.14 
242498.26 
242498.39 
242498.52 
242498.65 
242498.78 
242498.91 
242499.04 
242499.17 
242499.31 
242499.43 
242499.56 
242499.70 
242499.82 
242499.94 
242500.07 
242500.20 
242500.33 
242500.46 
242500.60 
242500.72 
242500.85 
242500.97 
242501.11 
242501.24 
242501.37 
242501.51 
242501.62 
242501.77 
242501.88 
242502.01 
242502.13 
242502.26 
242502.38 
242502.51 
242502.64 
242502.77 
242502.90 
242503.03 
242503.16 
242503.29 
242503.42 
242503.55 
242503.69 
242503.82 
242503.97 
242504.09 
242504.23 
242504.36 
242504.48 
242504.61 
242504.73 
242504.86 
242504.98 
242505.11 
242505.23 
242505.35 
242505.47 
242505.62 
242505.75 
242505.87 
242506.00 
242506.13 
242506.25 
242506.38 
242506.50 
242506.63 
242506.74 
242506.86 
242506.99 
242507.11 
242507.24 
242507.37 
242507.49 
242507.62 
242507.76 
242507.88 
242508.01 
242508.14 
242508.27 
242508.41 
242508.54 
242508.67 
242508.80 
242508.93 
242509.05 
242509.18 
242509.31 
242509.43 
242509.57 
242509.69 
242509.82 
242509.94 
242510.08 
242510.21 
242510.34 
242510.47 
242510.60 
242510.73 
242510.86 
242510.99 
242511.11 
242511.24 
242511.37 
242511.50 
242511.63 
242511.76 
242511.90 
242512.03 
242512.15 
242512.28 
242512.42 
242512.54 
242512.68 
242512.82 
242512.95 
242513.08 
242513.21 
242513.34 
242513.46 
242513.59 
242513.71 
242513.83 
242513.97 
242514.11 
242514.24 
242514.37 
242514.49 
242514.62 
242514.74 
242514.87 
242514.99 
242515.11 
242515.23 
242515.35 
242515.48 
242515.61 
242515.75 
242515.87 
242515.99 
242516.12 
242516.25 
242516.38 
242516.51 
242516.64 
242516.77 
242516.90 
242517.04 
242517.16 
242517.30 
242517.42 
242517.55 
242517.67 
242517.81 
242517.93 
242518.06 
242518.18 
242518.32 
242518.45 
242518.59 
242518.72 
242518.84 
242518.97 
242519.12 
242519.25 
242519.37 
242519.50 
242519.62 
242519.75 
242519.87 
242519.99 
242520.12 
242520.24 
242520.36 
242520.49 
242520.61 
242520.74 
242520.87 
242520.99 
242521.12 
242521.25 
242521.38 
242521.51 
242521.64 
242521.76 
242521.89 
242522.02 
242522.15 
242522.28 
242522.41 
242522.52 
242522.65 
242522.78 
242522.90 
242523.03 
242523.16 
242523.29 
242523.42 
242523.54 
242523.67 
242523.79 
242523.92 
242524.05 
242524.17 
242524.30 
242524.43 
242524.56 
242524.70 
242524.84 
242524.98 
242525.11 
242525.23 
242525.36 
242525.49 
242525.61 
242525.73 
242525.86 
242525.98 
242526.11 
242526.24 
242526.36 
242526.50 
242526.63 
242526.75 
242526.87 
242527.00 
242527.12 
242527.24 
242527.37 
242527.49 
242527.62 
242527.75 
242527.87 
242528.00 
242528.12 
242528.24 
242528.37 
242528.50 
242528.62 
242528.75 
242528.87 
242529.00 
242529.13 
242529.25 
242529.37 
242529.50 
242529.62 
242529.75 
242529.88 
242530.00 
242530.12 
242530.25 
242530.38 
242530.50 
242530.63 
242530.75 
242530.88 
242531.01 
242531.14 
242531.26 
242531.39 
242531.51 
242531.64 
242531.77 
242531.89 
242532.02 
242532.15 
242532.27 
242532.39 
242532.52 
242532.65 
242532.78 
242532.91 
242533.03 
242533.16 
242533.29 
242533.41 
242533.54 
242533.66 
242533.79 
242533.91 
242534.04 
242534.16 
242534.29 
242534.42 
242534.54 
242534.66 
242534.79 
242534.92 
242535.04 
242535.16 
242535.29 
242535.41 
242535.54 
242535.66 
242535.79 
242535.91 
242536.04 
242536.16 
242536.29 
242536.41 
242536.54 
242536.66 
242536.79 
242536.91 
242537.04 
242537.16 
242537.28 
242537.40 
242537.53 
242537.65 
242537.78 
242537.90 
242538.03 
242538.16 
242538.28 
242538.41 
242538.53 
242538.66 
242538.79 
242538.91 
242539.03 
242539.16 
242539.28 
242539.41 
242539.53 
242539.65 
242539.78 
242539.90 
242540.03 
242540.15 
242540.28 
242540.40 
242540.52 
242540.67 
242540.79 
242540.92 
242541.04 
242541.17 
242541.30 
242541.42 
242541.54 
242541.67 
242541.79 
242541.92 
242542.04 
242542.17 
242542.29 
242542.42 
242542.54 
242542.67 
242542.80 
242542.92 
242543.04 
242543.17 
242543.29 
242543.42 
242543.54 
242543.67 
242543.79 
242543.91 
242544.04 
242544.16 
242544.29 
242544.41 
242544.53 
242544.65 
242544.80 
242544.94 
242545.06 
242545.19 
242545.31 
242545.44 
242545.56 
242545.68 
242545.81 
242545.93 
242546.06 
242546.18 
242546.31 
242546.43 
242546.56 
242546.69 
242546.81 
242546.93 
242547.06 
242547.18 
242547.30 
242547.43 
242547.55 
242547.68 
242547.80 
242547.93 
242548.05 
242548.18 
242548.30 
242548.43 
242548.56 
242548.69 
242548.82 
242548.94 
242549.07 
242549.20 
242549.33 
242549.45 
242549.58 
242549.70 
242549.83 
242549.95 
242550.07 
242550.20 
242550.32 
242550.45 
242550.57 
242550.69 
242550.82 
242550.94 
242551.07 
242551.19 
242551.32 
242551.44 
242551.57 
242551.69 
242551.81 
242551.94 
242552.06 
242552.20 
242552.33 
242552.45 
242552.58 
242552.70 
242552.82 
242552.95 
242553.08 
242553.20 
242553.32 
242553.45 
242553.58 
242553.71 
242553.83 
242553.96 
242554.08 
242554.21 
242554.33 
242554.45 
242554.58 
242554.71 
242554.83 
242554.96 
242555.08 
242555.21 
242555.33 
242555.46 
242555.58 
242555.71 
242555.83 
242555.96 
242556.08 
242556.21 
242556.33 
242556.46 
242556.58 
242556.70 
242556.83 
242556.95 
242557.08 
242557.20 
242557.33 
242557.45 
242557.58 
242557.70 
242557.83 
242557.96 
242558.08 
242558.21 
242558.34 
242558.46 
242558.59 
242558.72 
242558.84 
242558.97 
242559.10 
242559.22 
242559.34 
242559.47 
242559.59 
242559.72 
242559.84 
242559.97 
242560.10 
242560.22 
242560.34 
242560.47 
242560.59 
242560.72 
242560.84 
242560.97 
242561.10 
242561.22 
242561.35 
242561.47 
242561.60 
242561.72 
242561.85 
242561.97 
242562.10 
242562.22 
242562.34 
242562.47 
242562.59 
242562.72 
242562.84 
242562.98 
242563.10 
242563.23 
242563.36 
242563.48 
242563.61 
242563.73 
242563.86 
242563.98 
242564.11 
242564.24 
242564.37 
242564.49 
242564.61 
242564.74 
242564.86 
242564.99 
242565.13 
242565.25 
242565.37 
242565.49 
242565.62 
242565.74 
242565.87 
242566.00 
242566.12 
242566.25 
242566.37 
242566.49 
242566.61 
242566.74 
242566.86 
242566.98 
242567.10 
242567.23 
242567.35 
242567.47 
242567.60 
242567.73 
242567.85 
242567.97 
242568.10 
242568.22 
242568.35 
242568.47 
242568.60 
242568.73 
242568.85 
242568.98 
242569.10 
242569.23 
242569.35 
242569.48 
242569.60 
242569.73 
242569.85 
242569.97 
242570.10 
242570.22 
242570.34 
242570.47 
242570.60 
242570.72 
242570.84 
242570.96 
242571.09 
242571.21 
242571.34 
242571.47 
242571.59 
242571.72 
242571.84 
242571.96 
242572.10 
242572.23 
242572.36 
242572.48 
242572.61 
242572.73 
242572.85 
242572.98 
242573.11 
242573.23 
242573.36 
242573.48 
242573.62 
242573.75 
242573.87 
242573.99 
242574.14 
242574.27 
242574.39 
242574.52 
242574.64 
242574.77 
242574.90 
242575.02 
242575.15 
242575.28 
242575.40 
242575.53 
242575.65 
242575.78 
242575.90 
242576.02 
242576.13 
242576.25 
242576.36 
242576.49 
242576.62 
242576.74 
242576.87 
242576.99 
242577.12 
242577.24 
242577.37 
242577.50 
242577.62 
242577.75 
242577.88 
242578.01 
242578.13 
242578.26 
242578.40 
242578.52 
242578.64 
242578.78 
242578.90 
242579.02 
242579.14 
242579.27 
242579.40 
242579.53 
242579.65 
242579.78 
242579.91 
242580.03 
242580.16 
242580.29 
242580.42 
242580.54 
242580.68 
242580.81 
242580.94 
242581.07 
242581.19 
242581.32 
242581.45 
242581.57 
242581.70 
242581.83 
242581.96 
242582.09 
242582.22 
242582.35 
242582.47 
242582.60 
242582.72 
242582.85 
242582.98 
242583.10 
242583.23 
242583.35 
242583.48 
242583.60 
242583.73 
242583.86 
242583.99 
242584.11 
242584.23 
242584.36 
242584.48 
242584.61 
242584.73 
242584.86 
242584.99 
242585.12 
242585.25 
242585.38 
242585.50 
242585.63 
242585.76 
242585.89 
242586.01 
242586.14 
242586.26 
242586.40 
242586.52 
242586.65 
242586.77 
242586.91 
242587.04 
242587.17 
242587.29 
242587.43 
242587.54 
242587.67 
242587.79 
242587.92 
242588.05 
242588.17 
242588.30 
242588.42 
242588.55 
242588.68 
242588.80 
242588.93 
242589.06 
242589.19 
242589.31 
242589.44 
242589.56 
242589.69 
242589.82 
242589.94 
242590.07 
242590.20 
242590.33 
242590.45 
242590.58 
242590.72 
242590.86 
242590.98 
242591.11 
242591.23 
242591.35 
242591.48 
242591.60 
242591.72 
242591.84 
242591.96 
242592.09 
242592.22 
242592.34 
242592.49 
242592.60 
242592.73 
242592.85 
242592.97 
242593.11 
242593.23 
242593.36 
242593.49 
242593.61 
242593.74 
242593.86 
242593.99 
242594.12 
242594.25 
242594.38 
242594.50 
242594.63 
242594.76 
242594.89 
242595.01 
242595.14 
242595.26 
242595.38 
242595.51 
242595.64 
242595.77 
242595.90 
242596.02 
242596.16 
242596.28 
242596.41 
242596.54 
242596.66 
242596.79 
242596.92 
242597.05 
242597.18 
242597.30 
242597.43 
242597.56 
242597.69 
242597.82 
242597.94 
242598.07 
242598.20 
242598.33 
242598.45 
242598.58 
242598.71 
242598.84 
242598.97 
242599.09 
242599.23 
242599.35 
242599.47 
242599.61 
242599.75 
242599.87 
242599.99 
242600.12 
242600.26 
242600.38 
242600.50 
242600.63 
242600.75 
242600.88 
242601.01 
242601.13 
242601.26 
242601.39 
242601.51 
242601.64 
242601.76 
242601.89 
242602.01 
242602.13 
242602.26 
242602.39 
242602.51 
242602.64 
242602.76 
242602.89 
242603.01 
242603.14 
242603.27 
242603.39 
242603.52 
242603.65 
242603.78 
242603.90 
242604.03 
242604.16 
242604.28 
242604.41 
242604.53 
242604.65 
242604.78 
242604.91 
242605.03 
242605.16 
242605.28 
242605.41 
242605.53 
242605.66 
242605.78 
242605.90 
242606.03 
242606.16 
242606.28 
242606.41 
242606.53 
242606.66 
242606.78 
242606.91 
242607.03 
242607.16 
242607.28 
242607.40 
242607.53 
242607.65 
242607.77 
242607.90 
242608.02 
242608.14 
242608.26 
242608.39 
242608.51 
242608.63 
242608.76 
242608.89 
242609.02 
242609.14 
242609.28 
242609.40 
242609.53 
242609.66 
242609.78 
242609.91 
242610.04 
242610.17 
242610.29 
242610.42 
242610.55 
242610.68 
242610.81 
242610.94 
242611.06 
242611.19 
242611.32 
242611.45 
242611.58 
242611.70 
242611.83 
242611.96 
242612.09 
242612.21 
242612.34 
242612.47 
242612.60 
242612.72 
242612.85 
242612.98 
242613.11 
242613.24 
242613.36 
242613.49 
242613.62 
242613.74 
242613.86 
242613.99 
242614.12 
242614.25 
242614.38 
242614.50 
242614.63 
242614.76 
242614.89 
242615.01 
242615.14 
242615.27 
242615.39 
242615.52 
242615.65 
242615.78 
242615.91 
242616.04 
242616.17 
242616.30 
242616.42 
242616.55 
242616.67 
242616.80 
242616.92 
242617.05 
242617.17 
242617.30 
242617.42 
242617.55 
242617.67 
242617.80 
242617.92 
242618.04 
242618.16 
242618.28 
242618.42 
242618.54 
242618.66 
242618.79 
242618.91 
242619.04 
242619.16 
242619.29 
242619.41 
242619.55 
242619.68 
242619.80 
242619.93 
242620.06 
242620.19 
242620.32 
242620.44 
242620.57 
242620.70 
242620.82 
242620.95 
242621.08 
242621.21 
242621.34 
242621.46 
242621.59 
242621.72 
242621.85 
242621.98 
242622.11 
242622.24 
242622.36 
242622.48 
242622.60 
242622.72 
242622.85 
242622.97 
242623.10 
242623.22 
242623.35 
242623.47 
242623.61 
242623.74 
242623.87 
242623.99 
242624.12 
242624.25 
242624.38 
242624.50 
242624.63 
242624.76 
242624.89 
242625.01 
242625.14 
242625.26 
242625.39 
242625.51 
242625.64 
242625.77 
242625.90 
242626.02 
242626.15 
242626.28 
242626.40 
242626.53 
242626.66 
242626.78 
242626.91 
242627.03 
242627.16 
242627.29 
242627.41 
242627.54 
242627.67 
242627.80 
242627.92 
242628.05 
242628.17 
242628.30 
242628.42 
242628.55 
242628.67 
242628.80 
242628.93 
242629.06 
242629.18 
242629.30 
242629.42 
242629.54 
242629.67 
242629.80 
242629.93 
242630.05 
242630.18 
242630.30 
242630.43 
242630.56 
242630.68 
242630.81 
242630.93 
242631.06 
242631.18 
242631.30 
242631.43 
242631.56 
242631.68 
242631.81 
242631.93 
242632.06 
242632.18 
242632.31 
242632.44 
242632.56 
242632.68 
242632.80 
242632.93 
242633.06 
242633.18 
242633.30 
242633.43 
242633.55 
242633.68 
242633.80 
242633.93 
242634.05 
242634.18 
242634.30 
242634.42 
242634.55 
242634.67 
242634.80 
242634.92 
242635.05 
242635.17 
242635.29 
242635.42 
242635.54 
242635.67 
242635.79 
242635.92 
242636.05 
242636.17 
242636.29 
242636.42 
242636.54 
242636.67 
242636.79 
242636.92 
242637.04 
242637.16 
242637.29 
242637.42 
242637.54 
242637.67 
242637.79 
242637.92 
242638.04 
242638.16 
242638.29 
242638.41 
242638.54 
242638.68 
242638.80 
242638.93 
242639.05 
242639.18 
242639.30 
242639.43 
242639.56 
242639.68 
242639.81 
242639.93 
242640.06 
242640.19 
242640.31 
242640.44 
242640.57 
242640.69 
242640.82 
242640.94 
242641.07 
242641.19 
242641.31 
242641.44 
242641.57 
242641.69 
242641.82 
242641.94 
242642.07 
242642.19 
242642.32 
242642.44 
242642.57 
242642.69 
242642.82 
242642.94 
242643.07 
242643.20 
242643.33 
242643.46 
242643.58 
242643.71 
242643.83 
242643.96 
242644.08 
242644.21 
242644.34 
242644.46 
242644.58 
242644.71 
242644.83 
242644.96 
242645.09 
242645.22 
242645.34 
242645.47 
242645.59 
242645.72 
242645.84 
242645.97 
242646.09 
242646.22 
242646.34 
242646.47 
242646.59 
242646.72 
242646.84 
242646.97 
242647.09 
242647.22 
242647.34 
242647.46 
242647.58 
242647.70 
242647.83 
242647.95 
242648.08 
242648.20 
242648.33 
242648.45 
242648.58 
242648.70 
242648.82 
242648.94 
242649.07 
242649.19 
242649.31 
242649.44 
242649.56 
242649.68 
242649.83 
242649.95 
242650.08 
242650.22 
242650.34 
242650.46 
242650.59 
242650.71 
242650.83 
242650.96 
242651.10 
242651.23 
242651.35 
242651.49 
242651.62 
242651.75 
242651.87 
242652.00 
242652.13 
242652.26 
242652.39 
242652.52 
242652.65 
242652.77 
242652.90 
242653.04 
242653.18 
242653.31 
242653.43 
242653.57 
242653.69 
242653.82 
242653.95 
242654.08 
242654.21 
242654.33 
242654.47 
242654.61 
242654.73 
242654.85 
242654.97 
242655.10 
242655.23 
242655.36 
242655.49 
242655.62 
242655.75 
242655.88 
242656.01 
242656.14 
242656.26 
242656.40 
242656.52 
242656.65 
242656.78 
242656.91 
242657.03 
242657.16 
242657.29 
242657.41 
242657.53 
242657.66 
242657.79 
242657.92 
242658.04 
242658.17 
242658.30 
242658.43 
242658.56 
242658.69 
242658.82 
242658.96 
242659.09 
242659.22 
242659.35 
242659.48 
242659.61 
242659.74 
242659.87 
242660.00 
242660.13 
242660.26 
242660.39 
242660.52 
242660.65 
242660.78 
242660.92 
242661.05 
242661.18 
242661.30 
242661.42 
242661.55 
242661.67 
242661.80 
242661.93 
242662.06 
242662.18 
242662.31 
242662.42 
242662.53 
242662.65 
242662.77 
242662.89 
242663.01 
242663.12 
242663.24 
242663.36 
242663.48 
242663.59 
242663.71 
242663.83 
242663.94 
242664.06 
242664.18 
242664.30 
242664.42 
242664.53 
242664.65 
242664.77 
242664.89 
242665.00 
242665.12 
242665.24 
242665.35 
242665.47 
242665.59 
242665.71 
242665.82 
242665.94 
242666.06 
242666.19 
242666.32 
242666.44 
242666.58 
242666.70 
242666.83 
242666.96 
242667.09 
242667.22 
242667.34 
242667.46 
242667.59 
242667.71 
242667.83 
242667.97 
242668.10 
242668.22 
242668.35 
242668.48 
242668.60 
242668.74 
242668.87 
242669.01 
242669.13 
242669.26 
242669.40 
242669.53 
242669.66 
242669.79 
242669.90 
242670.02 
242670.15 
242670.28 
242670.41 
242670.54 
242670.66 
242670.79 
242670.92 
242671.05 
242671.18 
242671.30 
242671.44 
242671.57 
242671.69 
242671.81 
242671.94 
242672.06 
242672.19 
242672.31 
242672.44 
242672.57 
242672.70 
242672.81 
242672.94 
242673.07 
242673.19 
242673.32 
242673.45 
242673.58 
242673.71 
242673.84 
242673.98 
242674.13 
242674.25 
242674.38 
242674.52 
242674.65 
242674.78 
242674.91 
242675.04 
242675.17 
242675.29 
242675.42 
242675.54 
242675.67 
242675.80 
242675.92 
242676.05 
242676.18 
242676.31 
242676.44 
242676.56 
242676.69 
242676.81 
242676.94 
242677.07 
242677.20 
242677.32 
242677.45 
242677.58 
242677.70 
242677.83 
242677.96 
242678.10 
242678.22 
242678.35 
242678.48 
242678.61 
242678.74 
242678.87 
242678.99 
242679.12 
242679.24 
242679.37 
242679.50 
242679.61 
242679.74 
242679.87 
242679.98 
242680.11 
242680.24 
242680.37 
242680.51 
242680.64 
242680.77 
242680.89 
242681.02 
242681.14 
242681.27 
242681.40 
242681.52 
242681.65 
242681.77 
242681.90 
242682.03 
242682.16 
242682.29 
242682.42 
242682.54 
242682.67 
242682.80 
242682.92 
242683.05 
242683.18 
242683.30 
242683.44 
242683.57 
242683.70 
242683.83 
242683.95 
242684.08 
242684.21 
242684.35 
242684.47 
242684.60 
242684.73 
242684.85 
242684.98 
242685.10 
242685.24 
242685.36 
242685.49 
242685.63 
242685.75 
242685.88 
242686.01 
242686.14 
242686.26 
242686.39 
242686.52 
242686.64 
242686.77 
242686.89 
242687.03 
242687.17 
242687.31 
242687.44 
242687.57 
242687.69 
242687.82 
242687.94 
242688.07 
242688.19 
242688.31 
242688.43 
242688.55 
242688.68 
242688.80 
242688.93 
242689.06 
242689.20 
242689.34 
242689.46 
242689.59 
242689.71 
242689.84 
242689.96 
242690.09 
242690.21 
242690.34 
242690.46 
242690.59 
242690.72 
242690.84 
242690.96 
242691.09 
242691.21 
242691.34 
242691.46 
242691.58 
242691.70 
242691.83 
242691.96 
242692.08 
242692.21 
242692.34 
242692.47 
242692.60 
242692.74 
242692.86 
242692.99 
242693.12 
242693.26 
242693.38 
242693.51 
242693.64 
242693.77 
242693.90 
242694.03 
242694.17 
242694.30 
242694.43 
242694.56 
242694.68 
242694.82 
242694.94 
242695.07 
242695.19 
242695.32 
242695.45 
242695.58 
242695.72 
242695.85 
242695.98 
242696.10 
242696.23 
242696.35 
242696.49 
242696.62 
242696.74 
242696.87 
242697.01 
242697.14 
242697.27 
242697.39 
242697.53 
242697.65 
242697.78 
242697.92 
242698.05 
242698.18 
242698.31 
242698.43 
242698.57 
242698.70 
242698.84 
242698.95 
242699.08 
242699.21 
242699.34 
242699.46 
242699.60 
242699.74 
242699.87 
242700.00 
242700.14 
242700.27 
242700.40 
242700.53 
242700.66 
242700.79 
242700.92 
242701.03 
242701.16 
242701.28 
242701.40 
242701.54 
242701.66 
242701.78 
242701.92 
242702.03 
242702.14 
242702.25 
242702.36 
242702.48 
242702.60 
242702.74 
242702.86 
242702.99 
242703.13 
242703.26 
242703.40 
242703.54 
242703.66 
242703.79 
242703.92 
242704.04 
242704.17 
242704.32 
242704.45 
242704.59 
242704.72 
242704.84 
242704.98 
242705.10 
242705.23 
242705.36 
242705.48 
242705.62 
242705.74 
242705.87 
242705.99 
242706.13 
242706.26 
242706.38 
242706.51 
242706.65 
242706.78 
242706.91 
242707.03 
242707.17 
242707.29 
242707.42 
242707.55 
242707.68 
242707.80 
242707.94 
242708.07 
242708.19 
242708.32 
242708.44 
242708.58 
242708.72 
242708.85 
242708.97 
242709.10 
242709.24 
242709.35 
242709.49 
242709.62 
242709.75 
242709.89 
242710.01 
242710.14 
242710.27 
242710.39 
242710.53 
242710.67 
242710.80 
242710.92 
242711.04 
242711.16 
242711.30 
242711.44 
242711.57 
242711.69 
242711.82 
242711.96 
242712.07 
242712.20 
242712.32 
242712.44 
242712.58 
242712.69 
242712.82 
242712.94 
242713.07 
242713.19 
242713.32 
242713.45 
242713.58 
242713.71 
242713.84 
242713.96 
242714.10 
242714.23 
242714.35 
242714.48 
242714.61 
242714.73 
242714.86 
242714.99 
242715.12 
242715.25 
242715.37 
242715.50 
242715.65 
242715.78 
242715.90 
242716.03 
242716.17 
242716.31 
242716.43 
242716.55 
242716.68 
242716.81 
242716.94 
242717.07 
242717.20 
242717.33 
242717.46 
242717.58 
242717.71 
242717.84 
242717.96 
242718.10 
242718.22 
242718.35 
242718.48 
242718.61 
242718.73 
242718.86 
242719.00 
242719.13 
242719.27 
242719.39 
242719.52 
242719.64 
242719.78 
242719.90 
242720.03 
242720.15 
242720.29 
242720.42 
242720.54 
242720.67 
242720.79 
242720.93 
242721.05 
242721.20 
242721.33 
242721.46 
242721.58 
242721.71 
242721.83 
242721.97 
242722.11 
242722.24 
242722.36 
242722.49 
242722.62 
242722.75 
242722.88 
242723.00 
242723.13 
242723.26 
242723.39 
242723.52 
242723.64 
242723.78 
242723.90 
242724.03 
242724.16 
242724.28 
242724.42 
242724.54 
242724.67 
242724.79 
242724.93 
242725.06 
242725.18 
242725.31 
242725.43 
242725.57 
242725.70 
242725.82 
242725.95 
242726.08 
242726.20 
242726.33 
242726.46 
242726.59 
242726.72 
242726.86 
242726.99 
242727.11 
242727.25 
242727.39 
242727.52 
242727.64 
242727.78 
242727.90 
242728.03 
242728.16 
242728.28 
242728.42 
242728.55 
242728.67 
242728.80 
242728.93 
242729.05 
242729.18 
242729.31 
242729.43 
242729.57 
242729.71 
242729.84 
242729.97 
242730.09 
242730.22 
242730.35 
242730.49 
242730.62 
242730.75 
242730.88 
242731.00 
242731.14 
242731.27 
242731.39 
242731.52 
242731.65 
242731.77 
242731.90 
242732.04 
242732.18 
242732.31 
242732.43 
242732.55 
242732.68 
242732.82 
242732.93 
242733.06 
242733.19 
242733.33 
242733.45 
242733.58 
242733.71 
242733.83 
242733.96 
242734.09 
242734.23 
242734.35 
242734.47 
242734.60 
242734.73 
242734.86 
242734.98 
242735.11 
242735.24 
242735.37 
242735.50 
242735.62 
242735.75 
242735.88 
242736.01 
242736.13 
242736.27 
242736.40 
242736.53 
242736.66 
242736.79 
242736.92 
242737.04 
242737.19 
242737.31 
242737.43 
242737.56 
242737.69 
242737.82 
242737.95 
242738.08 
242738.20 
242738.33 
242738.46 
242738.59 
242738.71 
242738.84 
242738.97 
242739.10 
242739.22 
242739.35 
242739.48 
242739.61 
242739.74 
242739.88 
242740.01 
242740.13 
242740.25 
242740.38 
242740.51 
242740.63 
242740.76 
242740.89 
242741.02 
242741.15 
242741.28 
242741.42 
242741.55 
242741.66 
242741.80 
242741.93 
242742.04 
242742.17 
242742.29 
242742.42 
242742.55 
242742.67 
242742.80 
242742.92 
242743.03 
242743.15 
242743.27 
242743.40 
242743.53 
242743.66 
242743.79 
242743.92 
242744.04 
242744.17 
242744.29 
242744.42 
242744.56 
242744.69 
242744.82 
242744.95 
242745.08 
242745.21 
242745.35 
242745.47 
242745.59 
242745.72 
242745.85 
242745.98 
242746.10 
242746.23 
242746.36 
242746.49 
242746.61 
242746.74 
242746.86 
242746.98 
242747.10 
242747.22 
242747.35 
242747.47 
242747.60 
242747.73 
242747.85 
242747.98 
242748.10 
242748.23 
242748.35 
242748.48 
242748.60 
242748.73 
242748.85 
242748.98 
242749.10 
242749.22 
242749.35 
242749.47 
242749.60 
242749.72 
242749.84 
242749.96 
242750.09 
242750.21 
242750.34 
242750.47 
242750.60 
242750.73 
242750.86 
242750.98 
242751.12 
242751.25 
242751.38 
242751.50 
242751.64 
242751.76 
242751.89 
242752.02 
242752.15 
242752.28 
242752.41 
242752.54 
242752.67 
242752.79 
242752.92 
242753.05 
242753.17 
242753.30 
242753.42 
242753.54 
242753.67 
242753.79 
242753.92 
242754.04 
242754.17 
242754.29 
242754.41 
242754.54 
242754.68 
242754.80 
242754.92 
242755.04 
242755.17 
242755.32 
242755.45 
242755.57 
242755.69 
242755.82 
242755.94 
242756.06 
242756.18 
242756.28 
242756.40 
242756.51 
242756.63 
242756.74 
242756.87 
242757.00 
242757.12 
242757.26 
242757.38 
242757.52 
242757.64 
242757.77 
242757.90 
242758.03 
242758.15 
242758.28 
242758.40 
242758.53 
242758.65 
242758.77 
242758.90 
242759.02 
242759.14 
242759.27 
242759.39 
242759.51 
242759.64 
242759.76 
242759.89 
242760.01 
242760.14 
242760.27 
242760.40 
242760.53 
242760.66 
242760.80 
242760.93 
242761.05 
242761.17 
242761.30 
242761.43 
242761.56 
242761.68 
242761.81 
242761.95 
242762.07 
242762.20 
242762.33 
242762.46 
242762.58 
242762.72 
242762.84 
242762.97 
242763.10 
242763.22 
242763.35 
242763.49 
242763.62 
242763.75 
242763.88 
242764.01 
242764.15 
242764.26 
242764.39 
242764.51 
242764.64 
242764.76 
242764.89 
242765.01 
242765.13 
242765.26 
242765.38 
242765.51 
242765.63 
242765.75 
242765.88 
242766.01 
242766.13 
242766.26 
242766.38 
242766.50 
242766.63 
242766.75 
242766.88 
242767.00 
242767.13 
242767.25 
242767.39 
242767.52 
242767.65 
242767.77 
242767.90 
242768.04 
242768.16 
242768.29 
242768.41 
242768.53 
242768.66 
242768.79 
242768.92 
242769.04 
242769.17 
242769.29 
242769.42 
242769.55 
242769.68 
242769.81 
242769.93 
242770.06 
242770.19 
242770.32 
242770.45 
242770.57 
242770.70 
242770.82 
242770.96 
242771.09 
242771.21 
242771.34 
242771.47 
242771.60 
242771.72 
242771.85 
242771.97 
242772.10 
242772.22 
242772.34 
242772.47 
242772.60 
242772.72 
242772.85 
242772.98 
242773.10 
242773.22 
242773.35 
242773.47 
242773.60 
242773.72 
242773.86 
242773.99 
242774.11 
242774.22 
242774.34 
242774.46 
242774.57 
242774.71 
242774.83 
242774.95 
242775.09 
242775.22 
242775.35 
242775.47 
242775.60 
242775.74 
242775.87 
242775.99 
242776.12 
242776.25 
242776.38 
242776.52 
242776.65 
242776.78 
242776.91 
242777.03 
242777.16 
242777.28 
242777.41 
242777.54 
242777.66 
242777.79 
242777.93 
242778.06 
242778.19 
242778.33 
242778.46 
242778.58 
242778.72 
242778.84 
242778.97 
242779.10 
242779.24 
242779.37 
242779.50 
242779.62 
242779.75 
242779.88 
242780.01 
242780.14 
242780.27 
242780.39 
242780.53 
242780.65 
242780.78 
242780.91 
242781.04 
242781.17 
242781.29 
242781.42 
242781.55 
242781.67 
242781.80 
242781.92 
242782.05 
242782.18 
242782.31 
242782.44 
242782.57 
242782.70 
242782.84 
242782.96 
242783.08 
242783.21 
242783.34 
242783.46 
242783.61 
242783.74 
242783.86 
242784.00 
242784.13 
242784.25 
242784.38 
242784.50 
242784.63 
242784.76 
242784.89 
242785.02 
242785.14 
242785.27 
242785.40 
242785.53 
242785.65 
242785.78 
242785.91 
242786.03 
242786.16 
242786.29 
242786.42 
242786.55 
242786.68 
242786.80 
242786.93 
242787.06 
242787.18 
242787.30 
242787.43 
242787.55 
242787.68 
242787.81 
242787.93 
242788.06 
242788.18 
242788.31 
242788.44 
242788.57 
242788.69 
242788.82 
242788.95 
242789.07 
242789.20 
242789.32 
242789.46 
242789.58 
242789.69 
242789.82 
242789.93 
242790.06 
242790.18 
242790.31 
242790.43 
242790.55 
242790.68 
242790.80 
242790.93 
242791.05 
242791.18 
242791.31 
242791.44 
242791.57 
242791.69 
242791.82 
242791.95 
242792.07 
242792.20 
242792.33 
242792.46 
242792.58 
242792.71 
242792.83 
242792.96 
242793.09 
242793.22 
242793.34 
242793.47 
242793.60 
242793.73 
242793.86 
242793.99 
242794.11 
242794.25 
242794.38 
242794.51 
242794.63 
242794.77 
242794.90 
242795.03 
242795.17 
242795.29 
242795.43 
242795.55 
242795.67 
242795.80 
242795.93 
242796.07 
242796.20 
242796.32 
242796.45 
242796.57 
242796.70 
242796.82 
242796.95 
242797.08 
242797.20 
242797.33 
242797.45 
242797.58 
242797.70 
242797.83 
242797.96 
242798.08 
242798.21 
242798.33 
242798.46 
242798.59 
242798.71 
242798.84 
242798.97 
242799.09 
242799.22 
242799.34 
242799.47 
242799.59 
242799.72 
242799.85 
242799.97 
242800.10 
242800.23 
242800.35 
242800.48 
242800.61 
242800.73 
242800.86 
242801.00 
242801.13 
242801.25 
242801.38 
242801.51 
242801.64 
242801.77 
242801.90 
242802.03 
242802.16 
242802.28 
242802.39 
242802.52 
242802.64 
242802.77 
242802.90 
242803.02 
242803.14 
242803.26 
242803.38 
242803.49 
242803.60 
242803.74 
242803.86 
242804.00 
242804.13 
242804.27 
242804.40 
242804.53 
242804.66 
242804.78 
242804.91 
242805.04 
242805.16 
242805.29 
242805.42 
242805.55 
242805.68 
242805.81 
242805.93 
242806.06 
242806.19 
242806.32 
242806.44 
242806.58 
242806.70 
242806.83 
242806.97 
242807.10 
242807.23 
242807.35 
242807.49 
242807.61 
242807.74 
242807.87 
242808.00 
242808.13 
242808.25 
242808.38 
242808.51 
242808.64 
242808.76 
242808.88 
242809.00 
242809.13 
242809.26 
242809.39 
242809.52 
242809.65 
242809.77 
242809.90 
242810.04 
242810.18 
242810.31 
242810.43 
242810.56 
242810.69 
242810.81 
242810.94 
242811.08 
242811.22 
242811.35 
242811.47 
242811.60 
242811.74 
242811.87 
242812.01 
242812.14 
242812.28 
242812.40 
242812.53 
242812.66 
242812.78 
242812.91 
242813.05 
242813.18 
242813.31 
242813.44 
242813.57 
242813.70 
242813.82 
242813.95 
242814.08 
242814.22 
242814.35 
242814.48 
242814.60 
242814.73 
242814.86 
242814.98 
242815.10 
242815.23 
242815.36 
242815.50 
242815.63 
242815.77 
242815.90 
242816.04 
242816.18 
242816.30 
242816.43 
242816.56 
242816.68 
242816.82 
242816.94 
242817.07 
242817.19 
242817.33 
242817.45 
242817.58 
242817.71 
242817.84 
242817.95 
242818.09 
242818.22 
242818.35 
242818.47 
242818.61 
242818.74 
242818.86 
242818.98 
242819.10 
242819.23 
242819.36 
242819.48 
242819.62 
242819.75 
242819.87 
242820.00 
242820.12 
242820.25 
242820.39 
242820.53 
242820.66 
242820.79 
242820.91 
242821.04 
242821.18 
242821.31 
242821.44 
242821.56 
242821.70 
242821.82 
242821.95 
242822.09 
242822.23 
242822.35 
242822.48 
242822.60 
242822.73 
242822.87 
242822.99 
242823.12 
242823.24 
242823.38 
242823.50 
242823.62 
242823.74 
242823.87 
242823.99 
242824.13 
242824.26 
242824.38 
242824.51 
242824.63 
242824.77 
242824.90 
242825.02 
242825.15 
242825.28 
242825.40 
242825.54 
242825.67 
242825.81 
242825.95 
242826.08 
242826.21 
242826.33 
242826.46 
242826.59 
242826.72 
242826.84 
242826.97 
242827.10 
242827.23 
242827.37 
242827.50 
242827.63 
242827.76 
242827.89 
242828.02 
242828.16 
242828.28 
242828.42 
242828.55 
242828.69 
242828.82 
242828.94 
242829.07 
242829.20 
242829.32 
242829.46 
242829.58 
242829.71 
242829.83 
242829.96 
242830.10 
242830.22 
242830.35 
242830.47 
242830.61 
242830.73 
242830.86 
242830.99 
242831.11 
242831.25 
242831.37 
242831.50 
242831.63 
242831.75 
242831.89 
242832.03 
242832.16 
242832.29 
242832.41 
242832.54 
242832.68 
242832.82 
242832.95 
242833.09 
242833.22 
242833.34 
242833.47 
242833.60 
242833.72 
242833.85 
242833.99 
242834.12 
242834.23 
242834.36 
242834.50 
242834.64 
242834.77 
242834.88 
242835.03 
242835.15 
242835.29 
242835.43 
242835.55 
242835.68 
242835.81 
242835.93 
242836.05 
242836.18 
242836.31 
242836.44 
242836.57 
242836.70 
242836.82 
242836.95 
242837.08 
242837.21 
242837.34 
242837.46 
242837.59 
242837.72 
242837.85 
242837.98 
242838.12 
242838.24 
242838.36 
242838.49 
242838.63 
242838.74 
242838.88 
242839.00 
242839.13 
242839.26 
242839.39 
242839.51 
242839.64 
242839.77 
242839.90 
242840.03 
242840.15 
242840.28 
242840.41 
242840.53 
242840.66 
242840.79 
242840.92 
242841.04 
242841.17 
242841.30 
242841.44 
242841.56 
242841.69 
242841.82 
242841.94 
242842.07 
242842.20 
242842.33 
242842.46 
242842.59 
242842.71 
242842.85 
242842.97 
242843.10 
242843.23 
242843.35 
242843.48 
242843.61 
242843.74 
242843.86 
242843.98 
242844.10 
242844.23 
242844.35 
242844.47 
242844.59 
242844.70 
242844.82 
242844.94 
242845.07 
242845.20 
242845.34 
242845.47 
242845.59 
242845.72 
242845.85 
242845.98 
242846.11 
242846.23 
242846.36 
242846.49 
242846.61 
242846.74 
242846.87 
242847.00 
242847.12 
242847.25 
242847.37 
242847.50 
242847.64 
242847.77 
242847.90 
242848.02 
242848.15 
242848.28 
242848.41 
242848.54 
242848.67 
242848.79 
242848.92 
242849.05 
242849.18 
242849.30 
242849.43 
242849.56 
242849.69 
242849.82 
242849.95 
242850.08 
242850.21 
242850.34 
242850.47 
242850.60 
242850.73 
242850.86 
242850.99 
242851.12 
242851.25 
242851.38 
242851.51 
242851.65 
242851.78 
242851.90 
242852.03 
242852.16 
242852.30 
242852.42 
242852.56 
242852.69 
242852.81 
242852.94 
242853.07 
242853.20 
242853.33 
242853.47 
242853.59 
242853.72 
242853.85 
242853.97 
242854.10 
242854.23 
242854.37 
242854.49 
242854.62 
242854.76 
242854.90 
242855.03 
242855.17 
242855.30 
242855.42 
242855.55 
242855.68 
242855.81 
242855.94 
242856.06 
242856.18 
242856.31 
242856.43 
242856.56 
242856.68 
242856.81 
242856.93 
242857.06 
242857.18 
242857.32 
242857.44 
242857.57 
242857.69 
242857.83 
242857.96 
242858.09 
242858.22 
242858.35 
242858.49 
242858.61 
242858.73 
242858.86 
242858.99 
242859.11 
242859.24 
242859.36 
242859.49 
242859.62 
242859.75 
242859.87 
242859.99 
242860.11 
242860.23 
242860.36 
242860.49 
242860.62 
242860.74 
242860.87 
242860.99 
242861.12 
242861.24 
242861.37 
242861.50 
242861.62 
242861.75 
242861.88 
242862.00 
242862.13 
242862.25 
242862.38 
242862.51 
242862.63 
242862.76 
242862.88 
242863.01 
242863.14 
242863.27 
242863.39 
242863.52 
242863.65 
242863.78 
242863.91 
242864.03 
242864.17 
242864.30 
242864.44 
242864.56 
242864.69 
242864.82 
242864.95 
242865.08 
242865.21 
242865.34 
242865.46 
242865.59 
242865.72 
242865.85 
242865.97 
242866.10 
242866.22 
242866.35 
242866.48 
242866.61 
242866.74 
242866.87 
242866.99 
242867.12 
242867.24 
242867.37 
242867.49 
242867.62 
242867.74 
242867.87 
242868.00 
242868.13 
242868.26 
242868.39 
242868.52 
242868.65 
242868.78 
242868.90 
242869.03 
242869.15 
242869.27 
242869.40 
242869.53 
242869.65 
242869.78 
242869.91 
242870.04 
242870.16 
242870.28 
242870.41 
242870.54 
242870.66 
242870.79 
242870.92 
242871.04 
242871.17 
242871.30 
242871.42 
242871.55 
242871.67 
242871.79 
242871.91 
242872.05 
242872.18 
242872.30 
242872.43 
242872.55 
242872.68 
242872.81 
242872.93 
242873.06 
242873.18 
242873.32 
242873.45 
242873.57 
242873.69 
242873.82 
242873.95 
242874.07 
242874.19 
242874.32 
242874.44 
242874.57 
242874.69 
242874.81 
242874.93 
242875.05 
242875.17 
242875.29 
242875.40 
242875.53 
242875.65 
242875.77 
242875.90 
242876.02 
242876.15 
242876.28 
242876.41 
242876.55 
242876.69 
242876.81 
242876.92 
242877.05 
242877.18 
242877.32 
242877.43 
242877.56 
242877.69 
242877.82 
242877.95 
242878.08 
242878.20 
242878.33 
242878.46 
242878.58 
242878.71 
242878.85 
242878.97 
242879.10 
242879.22 
242879.35 
242879.48 
242879.61 
242879.74 
242879.86 
242879.99 
242880.12 
242880.25 
242880.38 
242880.51 
242880.64 
242880.76 
242880.90 
242881.02 
242881.14 
242881.27 
242881.40 
242881.53 
242881.66 
242881.78 
242881.92 
242882.04 
242882.17 
242882.30 
242882.44 
242882.56 
242882.69 
242882.82 
242882.95 
242883.09 
242883.21 
242883.34 
242883.46 
242883.59 
242883.73 
242883.85 
242883.98 
242884.11 
242884.24 
242884.37 
242884.50 
242884.63 
242884.75 
242884.88 
242885.01 
242885.14 
242885.27 
242885.40 
242885.52 
242885.65 
242885.78 
242885.91 
242886.03 
242886.16 
242886.30 
242886.43 
242886.56 
242886.69 
242886.83 
242886.96 
242887.09 
242887.21 
242887.33 
242887.45 
242887.58 
242887.71 
242887.84 
242887.97 
242888.09 
242888.22 
242888.35 
242888.48 
242888.61 
242888.73 
242888.86 
242888.99 
242889.11 
242889.24 
242889.37 
242889.50 
242889.63 
242889.77 
242889.90 
242890.03 
242890.15 
242890.28 
242890.41 
242890.54 
242890.66 
242890.79 
242890.91 
242891.04 
242891.15 
242891.30 
242891.42 
242891.55 
242891.67 
242891.80 
242891.92 
242892.05 
242892.17 
242892.29 
242892.42 
242892.54 
242892.65 
242892.77 
242892.89 
242893.02 
242893.14 
242893.27 
242893.40 
242893.53 
242893.66 
242893.79 
242893.91 
242894.04 
242894.17 
242894.30 
242894.42 
242894.55 
242894.69 
242894.82 
242894.95 
242895.09 
242895.22 
242895.36 
242895.49 
242895.61 
242895.74 
242895.87 
242896.00 
242896.12 
242896.25 
242896.38 
242896.50 
242896.63 
242896.76 
242896.89 
242897.02 
242897.14 
242897.27 
242897.40 
242897.53 
242897.66 
242897.80 
242897.91 
242898.04 
242898.16 
242898.30 
242898.43 
242898.55 
242898.67 
242898.79 
242898.92 
242899.05 
242899.18 
242899.31 
242899.43 
242899.57 
242899.70 
242899.84 
242899.96 
242900.08 
242900.20 
242900.33 
242900.46 
242900.59 
242900.71 
242900.86 
242900.97 
242901.10 
242901.22 
242901.35 
242901.47 
242901.60 
242901.74 
242901.87 
242901.99 
242902.12 
242902.25 
242902.37 
242902.50 
242902.63 
242902.75 
242902.88 
242903.01 
242903.14 
242903.27 
242903.40 
242903.53 
242903.66 
242903.79 
242903.92 
242904.06 
242904.18 
242904.32 
242904.45 
242904.58 
242904.72 
242904.85 
242904.97 
242905.10 
242905.22 
242905.36 
242905.48 
242905.61 
242905.74 
242905.87 
242906.00 
242906.14 
242906.26 
242906.38 
242906.51 
242906.63 
242906.75 
242906.87 
242907.00 
242907.13 
242907.26 
242907.39 
242907.51 
242907.64 
242907.77 
242907.90 
242908.03 
242908.15 
242908.28 
242908.41 
242908.54 
242908.67 
242908.80 
242908.93 
242909.06 
242909.19 
242909.32 
242909.45 
242909.58 
242909.70 
242909.83 
242909.96 
242910.09 
242910.22 
242910.35 
242910.47 
242910.60 
242910.73 
242910.86 
242910.99 
242911.11 
242911.24 
242911.37 
242911.49 
242911.62 
242911.75 
242911.89 
242912.01 
242912.14 
242912.26 
242912.39 
242912.52 
242912.65 
242912.78 
242912.93 
242913.05 
242913.17 
242913.29 
242913.42 
242913.55 
242913.67 
242913.80 
242913.93 
242914.06 
242914.19 
242914.32 
242914.45 
242914.59 
242914.71 
242914.83 
242914.95 
242915.08 
242915.21 
242915.34 
242915.47 
242915.60 
242915.74 
242915.87 
242916.00 
242916.14 
242916.26 
242916.40 
242916.52 
242916.65 
242916.79 
242916.92 
242917.04 
242917.17 
242917.30 
242917.42 
242917.55 
242917.68 
242917.80 
242917.93 
242918.06 
242918.18 
242918.31 
242918.44 
242918.57 
242918.70 
242918.82 
242918.95 
242919.07 
242919.19 
242919.30 
242919.44 
242919.56 
242919.69 
242919.81 
242919.92 
242920.06 
242920.17 
242920.27 
242920.41 
242920.54 
242920.66 
242920.78 
242920.91 
242921.04 
242921.16 
242921.29 
242921.42 
242921.55 
242921.67 
242921.81 
242921.93 
242922.06 
242922.20 
242922.34 
242922.46 
242922.59 
242922.72 
242922.85 
242922.97 
242923.10 
242923.24 
242923.38 
242923.50 
242923.63 
242923.75 
242923.89 
242924.01 
242924.14 
242924.27 
242924.40 
242924.52 
242924.65 
242924.79 
242924.91 
242925.04 
242925.16 
242925.29 
242925.43 
242925.55 
242925.68 
242925.80 
242925.94 
242926.06 
242926.19 
242926.32 
242926.44 
242926.58 
242926.70 
242926.83 
242926.96 
242927.09 
242927.21 
242927.35 
242927.49 
242927.61 
242927.74 
242927.87 
242928.00 
242928.13 
242928.26 
242928.38 
242928.51 
242928.63 
242928.76 
242928.90 
242929.02 
242929.15 
242929.28 
242929.40 
242929.54 
242929.67 
242929.81 
242929.93 
242930.05 
242930.18 
242930.32 
242930.44 
242930.58 
242930.71 
242930.83 
242930.96 
242931.09 
242931.21 
242931.34 
242931.47 
242931.59 
242931.73 
242931.86 
242931.98 
242932.11 
242932.24 
242932.37 
242932.49 
242932.62 
242932.76 
242932.90 
242933.02 
242933.15 
242933.28 
242933.41 
242933.53 
242933.66 
242933.79 
242933.92 
242934.04 
242934.18 
242934.30 
242934.43 
242934.56 
242934.69 
242934.81 
242934.94 
242935.07 
242935.20 
242935.33 
242935.45 
242935.58 
242935.71 
242935.83 
242935.97 
242936.09 
242936.22 
242936.35 
242936.48 
242936.60 
242936.73 
242936.86 
242936.99 
242937.12 
242937.25 
242937.37 
242937.50 
242937.64 
242937.76 
242937.89 
242938.01 
242938.14 
242938.27 
242938.40 
242938.52 
242938.65 
242938.79 
242938.91 
242939.04 
242939.16 
242939.30 
242939.42 
242939.55 
242939.67 
242939.81 
242939.93 
242940.06 
242940.19 
242940.32 
242940.45 
242940.57 
242940.70 
242940.83 
242940.95 
242941.09 
242941.21 
242941.34 
242941.47 
242941.60 
242941.72 
242941.85 
242942.00 
242942.13 
242942.26 
242942.38 
242942.51 
242942.63 
242942.77 
242942.89 
242943.02 
242943.13 
242943.27 
242943.41 
242943.53 
242943.66 
242943.79 
242943.92 
242944.04 
242944.17 
242944.32 
242944.46 
242944.59 
242944.72 
242944.85 
242944.97 
242945.11 
242945.23 
242945.36 
242945.48 
242945.62 
242945.75 
242945.88 
242946.00 
242946.12 
242946.25 
242946.38 
242946.50 
242946.63 
242946.77 
242946.90 
242947.02 
242947.15 
242947.27 
242947.40 
242947.53 
242947.65 
242947.78 
242947.90 
242948.03 
242948.15 
242948.28 
242948.41 
242948.53 
242948.66 
242948.78 
242948.92 
242949.04 
242949.17 
242949.30 
242949.43 
242949.55 
242949.68 
242949.81 
242949.94 
242950.06 
242950.19 
242950.32 
242950.45 
242950.59 
242950.71 
242950.83 
242950.95 
242951.07 
242951.19 
242951.32 
242951.45 
242951.57 
242951.71 
242951.83 
242951.96 
242952.08 
242952.21 
242952.34 
242952.46 
242952.59 
242952.71 
242952.84 
242952.96 
242953.09 
242953.22 
242953.35 
242953.47 
242953.60 
242953.73 
242953.86 
242953.98 
242954.10 
242954.23 
242954.36 
242954.48 
242954.61 
242954.73 
242954.86 
242954.98 
242955.10 
242955.22 
242955.35 
242955.47 
242955.60 
242955.72 
242955.83 
242955.96 
242956.08 
242956.21 
242956.34 
242956.48 
242956.62 
242956.74 
242956.88 
242957.01 
242957.14 
242957.27 
242957.40 
242957.53 
242957.66 
242957.79 
242957.92 
242958.04 
242958.16 
242958.28 
242958.40 
242958.53 
242958.66 
242958.80 
242958.92 
242959.05 
242959.18 
242959.31 
242959.43 
242959.57 
242959.70 
242959.83 
242959.95 
242960.08 
242960.22 
242960.36 
242960.48 
242960.61 
242960.75 
242960.87 
242961.00 
242961.13 
242961.26 
242961.39 
242961.51 
242961.64 
242961.77 
242961.90 
242962.02 
242962.15 
242962.27 
242962.40 
242962.54 
242962.66 
242962.78 
242962.91 
242963.04 
242963.17 
242963.30 
242963.43 
242963.55 
242963.68 
242963.81 
242963.94 
242964.08 
242964.22 
242964.35 
242964.47 
242964.60 
242964.73 
242964.85 
242964.99 
242965.11 
242965.24 
242965.37 
242965.49 
242965.62 
242965.75 
242965.89 
242966.01 
242966.14 
242966.27 
242966.39 
242966.51 
242966.64 
242966.76 
242966.88 
242967.00 
242967.12 
242967.24 
242967.37 
242967.50 
242967.62 
242967.75 
242967.88 
242968.01 
242968.14 
242968.26 
242968.40 
242968.53 
242968.66 
242968.80 
242968.92 
242969.05 
242969.18 
242969.31 
242969.43 
242969.56 
242969.69 
242969.81 
242969.95 
242970.08 
242970.21 
242970.33 
242970.46 
242970.59 
242970.72 
242970.84 
242970.97 
242971.09 
242971.21 
242971.34 
242971.47 
242971.61 
242971.72 
242971.85 
242971.98 
242972.11 
242972.23 
242972.36 
242972.49 
242972.62 
242972.75 
242972.89 
242973.03 
242973.15 
242973.28 
242973.40 
242973.53 
242973.65 
242973.78 
242973.90 
242974.04 
242974.16 
242974.28 
242974.40 
242974.54 
242974.66 
242974.79 
242974.92 
242975.05 
242975.18 
242975.31 
242975.44 
242975.57 
242975.69 
242975.82 
242975.95 
242976.08 
242976.21 
242976.35 
242976.48 
242976.60 
242976.73 
242976.86 
242977.00 
242977.11 
242977.24 
242977.36 
242977.49 
242977.63 
242977.75 
242977.88 
242978.01 
242978.14 
242978.26 
242978.39 
242978.52 
242978.65 
242978.78 
242978.91 
242979.04 
242979.16 
242979.29 
242979.43 
242979.54 
242979.68 
242979.80 
242979.93 
242980.06 
242980.18 
242980.31 
242980.44 
242980.57 
242980.70 
242980.83 
242980.96 
242981.09 
242981.22 
242981.35 
242981.48 
242981.62 
242981.76 
242981.88 
242982.01 
242982.14 
242982.26 
242982.38 
242982.50 
242982.63 
242982.74 
242982.86 
242983.00 
242983.13 
242983.25 
242983.38 
242983.52 
242983.65 
242983.79 
242983.92 
242984.05 
242984.19 
242984.31 
242984.44 
242984.56 
242984.69 
242984.83 
242984.95 
242985.07 
242985.21 
242985.34 
242985.47 
242985.61 
242985.74 
242985.87 
242986.00 
242986.13 
242986.25 
242986.38 
242986.51 
242986.63 
242986.76 
242986.89 
242987.01 
242987.14 
242987.26 
242987.39 
242987.52 
242987.65 
242987.78 
242987.91 
242988.04 
242988.16 
242988.29 
242988.41 
242988.54 
242988.66 
242988.79 
242988.92 
242989.05 
242989.18 
242989.31 
242989.44 
242989.59 
242989.72 
242989.84 
242989.97 
242990.10 
242990.22 
242990.35 
242990.48 
242990.61 
242990.73 
242990.86 
242990.99 
242991.13 
242991.26 
242991.38 
242991.52 
242991.65 
242991.78 
242991.90 
242992.03 
242992.16 
242992.30 
242992.43 
242992.56 
242992.69 
242992.81 
242992.94 
242993.06 
242993.19 
242993.32 
242993.44 
242993.57 
242993.69 
242993.82 
242993.95 
242994.07 
242994.20 
242994.33 
242994.45 
242994.58 
242994.70 
242994.83 
242994.96 
242995.08 
242995.21 
242995.33 
242995.46 
242995.58 
242995.71 
242995.83 
242995.96 
242996.08 
242996.21 
242996.33 
242996.46 
242996.58 
242996.71 
242996.83 
242996.96 
242997.08 
242997.20 
242997.32 
242997.45 
242997.57 
242997.69 
242997.82 
242997.95 
242998.07 
242998.20 
242998.32 
242998.45 
242998.57 
242998.70 
242998.82 
242998.95 
242999.07 
242999.21 
242999.32 
242999.46 
242999.58 
242999.70 
242999.83 
242999.96 
243000.09 
243000.21 
243000.34 
243000.46 
243000.59 
243000.71 
243000.85 
243000.97 
243001.10 
243001.22 
243001.35 
243001.48 
243001.60 
243001.74 
243001.86 
243002.00 
243002.12 
243002.25 
243002.38 
243002.51 
243002.65 
243002.78 
243002.92 
243003.05 
243003.18 
243003.32 
243003.45 
243003.58 
243003.71 
243003.85 
243003.98 
243004.11 
243004.24 
243004.37 
243004.50 
243004.63 
243004.76 
243004.90 
243005.03 
243005.17 
243005.29 
243005.43 
243005.56 
243005.68 
243005.80 
243005.93 
243006.06 
243006.19 
243006.31 
243006.44 
243006.57 
243006.70 
243006.83 
243006.96 
243007.08 
243007.20 
243007.33 
243007.46 
243007.59 
243007.71 
243007.85 
243007.99 
243008.11 
243008.23 
243008.36 
243008.48 
243008.60 
243008.73 
243008.86 
243008.99 
243009.11 
243009.24 
243009.37 
243009.50 
243009.63 
243009.75 
243009.88 
243010.01 
243010.13 
243010.26 
243010.39 
243010.52 
243010.65 
243010.78 
243010.91 
243011.03 
243011.16 
243011.29 
243011.42 
243011.56 
243011.69 
243011.82 
243011.95 
243012.07 
243012.20 
243012.33 
243012.46 
243012.60 
243012.72 
243012.85 
243012.98 
243013.11 
243013.23 
243013.36 
243013.48 
243013.61 
243013.74 
243013.87 
243014.00 
243014.14 
243014.27 
243014.40 
243014.54 
243014.67 
243014.79 
243014.92 
243015.05 
243015.18 
243015.31 
243015.43 
243015.56 
243015.69 
243015.82 
243015.94 
243016.08 
243016.21 
243016.34 
243016.47 
243016.60 
243016.72 
243016.85 
243016.99 
243017.12 
243017.24 
243017.37 
243017.50 
243017.63 
243017.76 
243017.88 
243018.01 
243018.14 
243018.26 
243018.40 
243018.52 
243018.65 
243018.78 
243018.91 
243019.04 
243019.17 
243019.30 
243019.44 
243019.56 
243019.69 
243019.82 
243019.94 
243020.07 
243020.21 
243020.34 
243020.47 
243020.61 
243020.74 
243020.87 
243021.00 
243021.13 
243021.26 
243021.39 
243021.52 
243021.64 
243021.77 
243021.91 
243022.03 
243022.15 
243022.28 
243022.42 
243022.54 
243022.66 
243022.80 
243022.93 
243023.05 
243023.18 
243023.31 
243023.44 
243023.57 
243023.71 
243023.84 
243023.97 
243024.09 
243024.22 
243024.35 
243024.47 
243024.61 
243024.75 
243024.87 
243025.00 
243025.13 
243025.26 
243025.39 
243025.52 
243025.65 
243025.79 
243025.92 
243026.05 
243026.17 
243026.30 
243026.42 
243026.55 
243026.68 
243026.81 
243026.93 
243027.06 
243027.18 
243027.31 
243027.43 
243027.56 
243027.69 
243027.82 
243027.94 
243028.07 
243028.20 
243028.32 
243028.45 
243028.58 
243028.70 
243028.82 
243028.94 
243029.06 
243029.19 
243029.31 
243029.44 
243029.56 
243029.69 
243029.82 
243029.94 
243030.07 
243030.19 
243030.32 
243030.45 
243030.57 
243030.70 
243030.82 
243030.95 
243031.08 
243031.21 
243031.33 
243031.46 
243031.58 
243031.71 
243031.84 
243031.96 
243032.09 
243032.22 
243032.35 
243032.48 
243032.60 
243032.73 
243032.85 
243032.98 
243033.11 
243033.24 
243033.36 
243033.49 
243033.62 
243033.74 
243033.87 
243034.00 
243034.12 
243034.25 
243034.37 
243034.50 
243034.62 
243034.75 
243034.88 
243035.00 
243035.13 
243035.25 
243035.37 
243035.50 
243035.63 
243035.76 
243035.89 
243036.02 
243036.14 
243036.27 
243036.39 
243036.52 
243036.65 
243036.77 
243036.90 
243037.03 
243037.15 
243037.27 
243037.40 
243037.52 
243037.65 
243037.77 
243037.90 
243038.02 
243038.15 
243038.27 
243038.40 
243038.52 
243038.66 
243038.79 
243038.91 
243039.04 
243039.16 
243039.29 
243039.42 
243039.54 
243039.68 
243039.81 
243039.94 
243040.06 
243040.18 
243040.31 
243040.43 
243040.56 
243040.68 
243040.81 
243040.93 
243041.05 
243041.18 
243041.30 
243041.43 
243041.56 
243041.68 
243041.80 
243041.92 
243042.05 
243042.17 
243042.29 
243042.41 
243042.54 
243042.67 
243042.80 
243042.94 
243043.07 
243043.19 
243043.31 
243043.43 
243043.57 
243043.69 
243043.82 
243043.95 
243044.07 
243044.21 
243044.33 
243044.46 
243044.57 
243044.70 
243044.82 
243044.95 
243045.08 
243045.21 
243045.33 
243045.47 
243045.59 
243045.73 
243045.85 
243045.98 
243046.11 
243046.24 
243046.38 
243046.51 
243046.63 
243046.77 
243046.90 
243047.03 
243047.16 
243047.28 
243047.41 
243047.54 
243047.67 
243047.80 
243047.93 
243048.06 
243048.19 
243048.32 
243048.45 
243048.59 
243048.71 
243048.84 
243048.97 
243049.10 
243049.22 
243049.36 
243049.48 
243049.61 
243049.73 
243049.86 
243049.99 
243050.12 
243050.25 
243050.37 
243050.50 
243050.63 
243050.76 
243050.88 
243051.01 
243051.15 
243051.28 
243051.40 
243051.53 
243051.65 
243051.78 
243051.91 
243052.04 
243052.17 
243052.31 
243052.43 
243052.56 
243052.69 
243052.82 
243052.95 
243053.08 
243053.21 
243053.34 
243053.47 
243053.60 
243053.73 
243053.85 
243053.98 
243054.12 
243054.25 
243054.37 
243054.50 
243054.63 
243054.76 
243054.89 
243055.02 
243055.15 
243055.28 
243055.40 
243055.53 
243055.66 
243055.79 
243055.92 
243056.05 
243056.18 
243056.30 
243056.43 
243056.56 
243056.69 
243056.82 
243056.95 
243057.09 
243057.23 
243057.35 
243057.49 
243057.63 
243057.75 
243057.88 
243058.01 
243058.15 
243058.28 
243058.40 
243058.54 
243058.67 
243058.80 
243058.92 
243059.05 
243059.18 
243059.31 
243059.43 
243059.57 
243059.70 
243059.83 
243059.96 
243060.09 
243060.21 
243060.34 
243060.46 
243060.59 
243060.71 
243060.83 
243060.95 
243061.08 
243061.20 
243061.33 
243061.45 
243061.58 
243061.71 
243061.84 
243061.97 
243062.11 
243062.24 
243062.36 
243062.49 
243062.62 
243062.75 
243062.87 
243063.00 
243063.13 
243063.25 
243063.38 
243063.50 
243063.63 
243063.77 
243063.91 
243064.02 
243064.15 
243064.28 
243064.41 
243064.54 
243064.67 
243064.81 
243064.94 
243065.06 
243065.20 
243065.33 
243065.46 
243065.59 
243065.72 
243065.85 
243065.98 
243066.11 
243066.23 
243066.36 
243066.49 
243066.62 
243066.74 
243066.87 
243067.01 
243067.14 
243067.26 
243067.39 
243067.53 
243067.67 
243067.78 
243067.91 
243068.04 
243068.17 
243068.29 
243068.42 
243068.55 
243068.69 
243068.81 
243068.94 
243069.06 
243069.19 
243069.32 
243069.45 
243069.58 
243069.70 
243069.83 
243069.96 
243070.09 
243070.22 
243070.34 
243070.47 
243070.61 
243070.74 
243070.87 
243071.00 
243071.13 
243071.26 
243071.38 
243071.51 
243071.64 
243071.77 
243071.90 
243072.02 
243072.15 
243072.29 
243072.41 
243072.53 
243072.65 
243072.79 
243072.92 
243073.04 
243073.16 
243073.29 
243073.40 
243073.51 
243073.62 
243073.73 
243073.84 
243073.95 
243074.06 
243074.19 
243074.30 
243074.41 
243074.52 
243074.63 
243074.74 
243074.88 
243074.98 
243075.09 
243075.20 
243075.31 
243075.42 
243075.53 
243075.64 
243075.74 
243075.85 
243075.96 
243076.07 
243076.18 
243076.32 
243076.45 
243076.56 
243076.67 
243076.80 
243076.91 
243077.01 
243077.12 
243077.26 
243077.37 
243077.48 
243077.59 
243077.73 
243077.84 
243077.94 
243078.05 
243078.16 
243078.27 
243078.38 
243078.51 
243078.62 
243078.73 
243078.84 
243078.95 
243079.05 
243079.16 
243079.27 
243079.38 
243079.49 
243079.63 
243079.74 
243079.85 
243079.95 
243080.09 
243080.23 
243080.35 
243080.48 
243080.62 
243080.74 
243080.86 
243080.98 
243081.10 
243081.22 
243081.34 
243081.46 
243081.58 
243081.70 
243081.81 
243081.93 
243082.06 
243082.19 
243082.31 
243082.44 
243082.55 
243082.67 
243082.81 
243082.92 
243083.04 
243083.16 
243083.28 
243083.40 
243083.52 
243083.65 
243083.77 
243083.89 
243084.03 
243084.15 
243084.27 
243084.39 
243084.51 
243084.63 
243084.75 
243084.87 
243085.00 
243085.12 
243085.24 
243085.37 
243085.49 
243085.61 
243085.74 
243085.86 
243085.99 
243086.12 
243086.25 
243086.38 
243086.50 
243086.63 
243086.76 
243086.88 
243087.01 
243087.13 
243087.25 
243087.38 
243087.52 
243087.64 
243087.75 
243087.88 
243088.00 
243088.13 
243088.25 
243088.38 
243088.51 
243088.65 
243088.76 
243088.88 
243089.01 
243089.13 
243089.26 
243089.38 
243089.50 
243089.64 
243089.77 
243089.90 
243090.02 
243090.15 
243090.28 
243090.41 
243090.54 
243090.67 
243090.80 
243090.93 
243091.05 
243091.18 
243091.32 
243091.45 
243091.58 
243091.70 
243091.83 
243091.95 
243092.08 
243092.21 
243092.35 
243092.47 
243092.60 
243092.73 
243092.86 
243092.99 
243093.12 
243093.26 
243093.40 
243093.52 
243093.64 
243093.77 
243093.89 
243094.02 
243094.14 
243094.27 
243094.38 
243094.50 
243094.63 
243094.76 
243094.89 
243095.01 
243095.14 
243095.27 
243095.41 
243095.53 
243095.66 
243095.80 
243095.92 
243096.05 
243096.17 
243096.30 
243096.43 
243096.55 
243096.68 
243096.81 
243096.94 
243097.07 
243097.20 
243097.33 
243097.45 
243097.58 
243097.71 
243097.84 
243097.97 
243098.11 
243098.23 
243098.37 
243098.50 
243098.63 
243098.77 
243098.89 
243099.03 
243099.15 
243099.27 
243099.40 
243099.53 
243099.66 
243099.80 
243099.93 
243100.06 
243100.19 
243100.32 
243100.45 
243100.58 
243100.71 
243100.84 
243100.97 
243101.10 
243101.23 
243101.36 
243101.49 
243101.62 
243101.75 
243101.87 
243102.00 
243102.13 
243102.26 
243102.40 
243102.52 
243102.65 
243102.77 
243102.90 
243103.03 
243103.16 
243103.28 
243103.41 
243103.54 
243103.68 
243103.80 
243103.93 
243104.06 
243104.19 
243104.32 
243104.45 
243104.58 
243104.71 
243104.84 
243104.97 
243105.10 
243105.23 
243105.36 
243105.49 
243105.63 
243105.75 
243105.89 
243106.01 
243106.14 
243106.27 
243106.39 
243106.52 
243106.65 
243106.78 
243106.91 
243107.05 
243107.18 
243107.30 
243107.43 
243107.56 
243107.69 
243107.82 
243107.95 
243108.08 
243108.21 
243108.34 
243108.47 
243108.60 
243108.73 
243108.86 
243108.98 
243109.11 
243109.24 
243109.37 
243109.49 
243109.61 
243109.74 
243109.86 
243109.99 
243110.11 
243110.23 
243110.36 
243110.49 
243110.62 
243110.77 
243110.90 
243111.02 
243111.15 
243111.28 
243111.41 
243111.54 
243111.67 
243111.79 
243111.92 
243112.04 
243112.18 
243112.30 
243112.44 
243112.57 
243112.70 
243112.84 
243112.97 
243113.11 
243113.24 
243113.36 
243113.49 
243113.63 
243113.75 
243113.88 
243114.01 
243114.13 
243114.26 
243114.40 
243114.54 
243114.67 
243114.80 
243114.93 
243115.07 
243115.20 
243115.33 
243115.46 
243115.60 
243115.73 
243115.85 
243115.99 
243116.12 
243116.24 
243116.37 
243116.51 
243116.64 
243116.77 
243116.90 
243117.03 
243117.16 
243117.30 
243117.42 
243117.55 
243117.69 
243117.82 
243117.94 
243118.07 
243118.20 
243118.33 
243118.46 
243118.58 
243118.71 
243118.84 
243118.97 
243119.10 
243119.22 
243119.35 
243119.48 
243119.61 
243119.74 
243119.87 
243120.01 
243120.14 
243120.27 
243120.40 
243120.52 
243120.65 
243120.78 
243120.90 
243121.02 
243121.15 
243121.28 
243121.40 
243121.53 
243121.65 
243121.78 
243121.92 
243122.05 
243122.18 
243122.32 
243122.45 
243122.59 
243122.73 
243122.86 
243122.99 
243123.12 
243123.25 
243123.38 
243123.50 
243123.63 
243123.75 
243123.88 
243124.00 
243124.13 
243124.26 
243124.39 
243124.51 
243124.64 
243124.76 
243124.89 
243125.00 
243125.12 
243125.24 
243125.36 
243125.49 
243125.63 
243125.75 
243125.89 
243126.01 
243126.14 
243126.27 
243126.39 
243126.52 
243126.64 
243126.77 
243126.89 
243127.02 
243127.16 
243127.29 
243127.41 
243127.53 
243127.66 
243127.79 
243127.91 
243128.04 
243128.16 
243128.29 
243128.43 
243128.56 
243128.68 
243128.81 
243128.94 
243129.06 
243129.19 
243129.32 
243129.45 
243129.57 
243129.70 
243129.83 
243129.95 
243130.08 
243130.21 
243130.34 
243130.46 
243130.60 
243130.72 
243130.85 
243130.98 
243131.10 
243131.24 
243131.37 
243131.50 
243131.63 
243131.76 
243131.89 
243132.02 
243132.15 
243132.29 
243132.42 
243132.56 
243132.68 
243132.79 
243132.92 
243133.05 
243133.18 
243133.31 
243133.44 
243133.57 
243133.71 
243133.82 
243133.94 
243134.07 
243134.20 
243134.33 
243134.47 
243134.61 
243134.74 
243134.86 
243134.99 
243135.12 
243135.25 
243135.37 
243135.50 
243135.62 
243135.76 
243135.88 
243136.00 
243136.13 
243136.26 
243136.40 
243136.53 
243136.66 
243136.80 
243136.92 
243137.05 
243137.17 
243137.30 
243137.43 
243137.56 
243137.69 
243137.82 
243137.95 
243138.09 
243138.22 
243138.34 
243138.48 
243138.60 
243138.73 
243138.86 
243138.99 
243139.11 
243139.24 
243139.37 
243139.50 
243139.62 
243139.75 
243139.88 
243140.01 
243140.14 
243140.28 
243140.39 
243140.52 
243140.64 
243140.75 
243140.88 
243141.02 
243141.14 
243141.27 
243141.39 
243141.51 
243141.64 
243141.77 
243141.90 
243142.03 
243142.16 
243142.29 
243142.42 
243142.56 
243142.69 
243142.81 
243142.94 
243143.06 
243143.19 
243143.32 
243143.44 
243143.57 
243143.70 
243143.84 
243143.96 
243144.09 
243144.22 
243144.34 
243144.47 
243144.60 
243144.73 
243144.86 
243144.99 
243145.11 
243145.24 
243145.38 
243145.50 
243145.62 
243145.74 
243145.87 
243145.99 
243146.12 
243146.25 
243146.38 
243146.51 
243146.64 
243146.77 
243146.90 
243147.04 
243147.16 
243147.29 
243147.41 
243147.54 
243147.66 
243147.79 
243147.91 
243148.04 
243148.17 
243148.30 
243148.42 
243148.55 
243148.68 
243148.80 
243148.93 
243149.06 
243149.19 
243149.31 
243149.44 
243149.57 
243149.70 
243149.84 
243149.97 
243150.10 
243150.22 
243150.35 
243150.49 
243150.63 
243150.77 
243150.91 
243151.03 
243151.16 
243151.28 
243151.41 
243151.53 
243151.66 
243151.78 
243151.91 
243152.02 
243152.15 
243152.26 
243152.39 
243152.52 
243152.65 
243152.78 
243152.90 
243153.03 
243153.16 
243153.27 
243153.39 
243153.51 
243153.64 
243153.76 
243153.88 
243153.99 
243154.13 
243154.23 
243154.34 
243154.46 
243154.59 
243154.70 
243154.81 
243154.92 
243155.03 
243155.14 
243155.25 
243155.38 
243155.49 
243155.59 
243155.70 
243155.81 
243155.92 
243156.03 
243156.14 
243156.25 
243156.36 
243156.47 
243156.60 
243156.71 
243156.82 
243156.93 
243157.04 
243157.15 
243157.26 
243157.37 
243157.48 
243157.58 
243157.71 
243157.82 
243157.93 
243158.04 
243158.15 
243158.26 
243158.39 
243158.50 
243158.61 
243158.72 
243158.83 
243158.94 
243159.05 
243159.15 
243159.26 
243159.37 
243159.50 
243159.63 
243159.74 
243159.87 
243159.98 
243160.09 
243160.20 
243160.31 
243160.45 
243160.59 
243160.70 
243160.81 
243160.91 
243161.03 
243161.15 
243161.29 
243161.40 
243161.52 
243161.64 
243161.76 
243161.88 
243162.00 
243162.11 
243162.23 
243162.35 
243162.47 
243162.60 
243162.74 
243162.86 
243162.98 
243163.11 
243163.23 
243163.35 
243163.48 
243163.59 
243163.71 
243163.82 
243163.96 
243164.09 
243164.20 
243164.31 
243164.43 
243164.56 
243164.68 
243164.80 
243164.93 
243165.06 
243165.19 
243165.33 
243165.46 
243165.58 
243165.71 
243165.83 
243165.94 
243166.06 
243166.17 
243166.29 
243166.40 
243166.52 
243166.63 
243166.75 
243166.87 
243166.98 
243167.10 
243167.22 
243167.33 
243167.45 
243167.57 
243167.71 
243167.82 
243167.93 
243168.06 
243168.17 
243168.29 
243168.41 
243168.53 
243168.65 
243168.78 
243168.89 
243169.01 
243169.14 
243169.26 
243169.39 
243169.51 
243169.63 
243169.75 
243169.87 
243169.99 
243170.12 
243170.23 
243170.35 
243170.47 
243170.61 
243170.73 
243170.84 
243170.96 
243171.07 
243171.20 
243171.32 
243171.44 
243171.57 
243171.69 
243171.80 
243171.91 
243172.04 
243172.16 
243172.28 
243172.41 
243172.52 
243172.65 
243172.76 
243172.87 
243172.99 
243173.10 
243173.22 
243173.33 
243173.45 
243173.57 
243173.69 
243173.82 
243173.94 
243174.06 
243174.20 
243174.32 
243174.43 
243174.55 
243174.67 
243174.80 
243174.92 
243175.05 
243175.17 
243175.29 
243175.41 
243175.53 
243175.65 
243175.77 
243175.90 
243176.01 
243176.13 
243176.26 
243176.38 
243176.50 
243176.63 
243176.75 
243176.86 
243176.97 
243177.09 
243177.21 
243177.33 
243177.45 
243177.58 
243177.70 
243177.82 
243177.93 
243178.05 
243178.17 
243178.29 
243178.40 
243178.52 
243178.64 
243178.77 
243178.90 
243179.02 
243179.13 
243179.26 
243179.37 
243179.50 
243179.62 
243179.75 
243179.86 
243179.98 
243180.11 
243180.23 
243180.37 
243180.49 
243180.62 
243180.73 
243180.84 
243180.95 
243181.07 
243181.19 
243181.31 
243181.43 
243181.55 
243181.67 
243181.77 
243181.88 
243182.01 
243182.13 
243182.25 
243182.36 
243182.49 
243182.60 
243182.71 
243182.84 
243182.97 
243183.09 
243183.20 
243183.33 
243183.44 
243183.56 
243183.68 
243183.80 
243183.93 
243184.05 
243184.17 
243184.29 
243184.41 
243184.53 
243184.65 
243184.77 
243184.89 
243185.02 
243185.15 
243185.27 
243185.39 
243185.51 
243185.63 
243185.76 
243185.89 
243186.01 
243186.14 
243186.25 
243186.37 
243186.49 
243186.62 
243186.75 
243186.87 
243187.01 
243187.13 
243187.25 
243187.37 
243187.48 
243187.60 
243187.72 
243187.85 
243187.97 
243188.10 
243188.22 
243188.34 
243188.47 
243188.61 
243188.73 
243188.85 
243188.97 
243189.08 
243189.22 
243189.35 
243189.47 
243189.59 
243189.72 
243189.85 
243189.99 
243190.11 
243190.23 
243190.34 
243190.46 
243190.58 
243190.70 
243190.82 
243190.96 
243191.09 
243191.22 
243191.34 
243191.47 
243191.59 
243191.72 
243191.84 
243191.96 
243192.08 
243192.19 
243192.32 
243192.45 
243192.58 
243192.69 
243192.81 
243192.92 
243193.03 
243193.15 
243193.28 
243193.40 
243193.53 
243193.65 
243193.79 
243193.90 
243194.03 
243194.17 
243194.28 
243194.40 
243194.52 
243194.65 
243194.77 
243194.89 
243195.01 
243195.13 
243195.25 
243195.37 
243195.48 
243195.59 
243195.70 
243195.82 
243195.95 
243196.07 
243196.19 
243196.31 
243196.42 
243196.54 
243196.66 
243196.77 
243196.89 
243197.01 
243197.12 
243197.25 
243197.36 
243197.48 
243197.60 
243197.74 
243197.87 
243197.98 
243198.09 
243198.22 
243198.36 
243198.47 
243198.60 
243198.71 
243198.84 
243198.96 
243199.08 
243199.21 
243199.32 
243199.44 
243199.57 
243199.68 
243199.80 
243199.91 
243200.04 
243200.18 
243200.29 
243200.40 
243200.54 
243200.67 
243200.79 
243200.90 
243201.01 
243201.12 
243201.25 
243201.39 
243201.50 
243201.63 
243201.75 
243201.87 
243201.99 
243202.12 
243202.24 
243202.36 
243202.49 
243202.62 
243202.75 
243202.88 
243203.00 
243203.12 
243203.24 
243203.35 
243203.48 
243203.60 
243203.74 
243203.87 
243203.98 
243204.10 
243204.23 
243204.33 
243204.45 
243204.56 
243204.69 
243204.81 
243204.93 
243205.04 
243205.16 
243205.27 
243205.40 
243205.52 
243205.64 
243205.77 
243205.88 
243206.00 
243206.14 
243206.26 
243206.38 
243206.49 
243206.60 
243206.71 
243206.83 
243206.95 
243207.07 
243207.20 
243207.32 
243207.44 
243207.56 
243207.68 
243207.80 
243207.92 
243208.04 
243208.16 
243208.27 
243208.41 
243208.53 
243208.65 
243208.76 
243208.89 
243209.02 
243209.14 
243209.26 
243209.39 
243209.51 
243209.63 
243209.76 
243209.88 
243209.99 
243210.12 
243210.24 
243210.36 
243210.47 
243210.58 
243210.69 
243210.81 
243210.92 
243211.04 
243211.17 
243211.29 
243211.40 
243211.52 
243211.65 
243211.76 
243211.90 
243212.02 
243212.14 
243212.26 
243212.39 
243212.51 
243212.62 
243212.74 
243212.86 
243212.98 
243213.10 
243213.24 
243213.37 
243213.49 
243213.60 
243213.72 
243213.84 
243213.96 
243214.09 
243214.21 
243214.33 
243214.45 
243214.57 
243214.68 
243214.81 
243214.93 
243215.05 
243215.17 
243215.29 
243215.42 
243215.54 
243215.66 
243215.78 
243215.90 
243216.01 
243216.12 
243216.23 
243216.35 
243216.47 
243216.59 
243216.72 
243216.85 
243216.98 
243217.09 
243217.22 
243217.34 
243217.45 
243217.57 
243217.69 
243217.81 
243217.93 
243218.05 
243218.17 
243218.28 
243218.40 
243218.53 
243218.65 
243218.77 
243218.89 
243219.02 
243219.14 
243219.26 
243219.37 
243219.50 
243219.61 
243219.73 
243219.85 
243219.96 
243220.08 
243220.21 
243220.33 
243220.45 
243220.56 
243220.68 
243220.80 
243220.93 
243221.05 
243221.17 
243221.29 
243221.41 
243221.53 
243221.65 
243221.76 
243221.90 
243222.02 
243222.13 
243222.26 
243222.38 
243222.50 
243222.62 
243222.76 
243222.87 
243222.98 
243223.10 
243223.22 
243223.34 
243223.48 
243223.60 
243223.71 
243223.84 
243223.95 
243224.08 
243224.20 
243224.33 
243224.46 
243224.59 
243224.71 
243224.84 
243224.97 
243225.10 
243225.23 
243225.36 
243225.49 
243225.61 
243225.73 
243225.85 
243225.97 
243226.09 
243226.22 
243226.35 
243226.48 
243226.60 
243226.72 
243226.84 
243226.97 
243227.10 
243227.23 
243227.35 
243227.48 
243227.60 
243227.74 
243227.87 
243227.99 
243228.11 
243228.23 
243228.36 
243228.49 
243228.62 
243228.75 
243228.89 
243229.01 
243229.14 
243229.26 
243229.38 
243229.51 
243229.64 
243229.76 
243229.90 
243230.03 
243230.15 
243230.28 
243230.41 
243230.54 
243230.68 
243230.81 
243230.94 
243231.06 
243231.20 
243231.34 
243231.46 
243231.59 
243231.72 
243231.85 
243231.98 
243232.11 
243232.24 
243232.36 
243232.49 
243232.62 
243232.74 
243232.87 
243233.00 
243233.12 
243233.26 
243233.38 
243233.51 
243233.63 
243233.76 
243233.90 
243234.03 
243234.15 
243234.28 
243234.42 
243234.54 
243234.67 
243234.80 
243234.93 
243235.07 
243235.20 
243235.33 
243235.46 
243235.59 
243235.71 
243235.84 
243235.97 
243236.10 
243236.24 
243236.36 
243236.49 
243236.62 
243236.74 
243236.88 
243237.01 
243237.14 
243237.27 
243237.39 
243237.52 
243237.65 
243237.78 
243237.92 
243238.04 
243238.17 
243238.30 
243238.42 
243238.55 
243238.68 
243238.81 
243238.93 
243239.07 
243239.20 
243239.32 
243239.45 
243239.57 
243239.71 
243239.84 
243239.96 
243240.09 
243240.22 
243240.35 
243240.47 
243240.60 
243240.73 
243240.86 
243240.99 
243241.11 
243241.24 
243241.37 
243241.49 
243241.64 
243241.75 
243241.88 
243242.02 
243242.14 
243242.26 
243242.39 
243242.52 
243242.64 
243242.77 
243242.91 
243243.04 
243243.17 
243243.30 
243243.43 
243243.56 
243243.68 
243243.82 
243243.94 
243244.08 
243244.21 
243244.33 
243244.46 
243244.60 
243244.72 
243244.85 
243244.99 
243245.12 
243245.24 
243245.37 
243245.50 
243245.64 
243245.76 
243245.88 
243246.01 
243246.14 
243246.26 
243246.39 
243246.52 
243246.65 
243246.78 
243246.92 
243247.03 
243247.16 
243247.29 
243247.42 
243247.54 
243247.67 
243247.80 
243247.93 
243248.06 
243248.19 
243248.31 
243248.44 
243248.57 
243248.69 
243248.82 
243248.95 
243249.07 
243249.20 
243249.34 
243249.46 
243249.59 
243249.72 
243249.85 
243249.99 
243250.11 
243250.23 
243250.36 
243250.49 
243250.62 
243250.75 
243250.88 
243251.01 
243251.14 
243251.27 
243251.40 
243251.53 
243251.66 
243251.79 
243251.92 
243252.06 
243252.18 
243252.31 
243252.45 
243252.58 
243252.72 
243252.85 
243252.97 
243253.10 
243253.22 
243253.35 
243253.48 
243253.60 
243253.73 
243253.86 
243253.98 
243254.11 
243254.24 
243254.37 
243254.50 
243254.63 
243254.75 
243254.88 
243255.01 
243255.14 
243255.27 
243255.39 
243255.52 
243255.65 
243255.78 
243255.91 
243256.03 
243256.18 
243256.30 
243256.42 
243256.55 
243256.68 
243256.80 
243256.92 
243257.04 
243257.17 
243257.30 
243257.43 
243257.56 
243257.69 
243257.82 
243257.96 
243258.09 
243258.21 
243258.34 
243258.47 
243258.60 
243258.73 
243258.86 
243258.99 
243259.13 
243259.26 
243259.38 
243259.52 
243259.65 
243259.78 
243259.90 
243260.02 
243260.16 
243260.29 
243260.42 
243260.55 
243260.68 
243260.80 
243260.93 
243261.06 
243261.19 
243261.32 
243261.45 
243261.59 
243261.71 
243261.83 
243261.96 
243262.09 
243262.22 
243262.35 
243262.48 
243262.61 
243262.73 
243262.86 
243262.98 
243263.11 
243263.24 
243263.37 
243263.50 
243263.63 
243263.76 
243263.89 
243264.02 
243264.15 
243264.28 
243264.42 
243264.56 
243264.69 
243264.82 
243264.95 
243265.07 
243265.22 
243265.34 
243265.46 
243265.60 
243265.73 
243265.85 
243265.98 
243266.11 
243266.23 
243266.37 
243266.49 
243266.63 
243266.76 
243266.89 
243267.02 
243267.15 
243267.28 
243267.41 
243267.53 
243267.66 
243267.79 
243267.92 
243268.04 
243268.17 
243268.30 
243268.44 
243268.57 
243268.70 
243268.82 
243268.96 
243269.09 
243269.22 
243269.34 
243269.47 
243269.60 
243269.73 
243269.86 
243269.99 
243270.12 
243270.25 
243270.38 
243270.51 
243270.63 
243270.76 
243270.90 
243271.03 
243271.16 
243271.29 
243271.42 
243271.54 
243271.67 
243271.80 
243271.93 
243272.06 
243272.19 
243272.31 
243272.43 
243272.55 
243272.69 
243272.82 
243272.95 
243273.08 
243273.21 
243273.34 
243273.46 
243273.59 
243273.73 
243273.85 
243273.98 
243274.12 
243274.25 
243274.38 
243274.50 
243274.62 
243274.74 
243274.87 
243275.00 
243275.12 
243275.24 
243275.37 
243275.50 
243275.63 
243275.75 
243275.88 
243276.01 
243276.14 
243276.27 
243276.40 
243276.53 
243276.67 
243276.80 
243276.93 
243277.07 
243277.20 
243277.33 
243277.45 
243277.58 
243277.71 
243277.82 
243277.94 
243278.08 
243278.21 
243278.34 
243278.46 
243278.59 
243278.72 
243278.86 
243278.98 
243279.12 
243279.26 
243279.39 
243279.51 
243279.64 
243279.77 
243279.90 
243280.04 
243280.16 
243280.29 
243280.42 
243280.55 
243280.68 
243280.81 
243280.95 
243281.07 
243281.19 
243281.32 
243281.45 
243281.58 
243281.71 
243281.84 
243281.97 
243282.10 
243282.23 
243282.36 
243282.49 
243282.62 
243282.75 
243282.88 
243283.01 
243283.14 
243283.27 
243283.40 
243283.52 
243283.64 
243283.77 
243283.90 
243284.02 
243284.15 
243284.28 
243284.42 
243284.54 
243284.66 
243284.79 
243284.92 
243285.05 
243285.18 
243285.31 
243285.44 
243285.57 
243285.70 
243285.84 
243285.96 
243286.09 
243286.22 
243286.34 
243286.48 
243286.60 
243286.73 
243286.86 
243286.98 
243287.12 
243287.24 
243287.36 
243287.50 
243287.64 
243287.75 
243287.88 
243287.99 
243288.13 
243288.25 
243288.38 
243288.50 
243288.63 
243288.76 
243288.89 
243289.02 
243289.15 
243289.29 
243289.42 
243289.54 
243289.68 
243289.81 
243289.93 
243290.05 
243290.17 
243290.30 
243290.42 
243290.55 
243290.68 
243290.81 
243290.94 
243291.07 
243291.20 
243291.34 
243291.47 
243291.61 
243291.74 
243291.86 
243291.98 
243292.11 
243292.23 
243292.36 
243292.49 
243292.63 
243292.76 
243292.89 
243293.02 
243293.14 
243293.27 
243293.40 
243293.52 
243293.65 
243293.79 
243293.91 
243294.04 
243294.17 
243294.30 
243294.43 
243294.56 
243294.69 
243294.82 
243294.95 
243295.08 
243295.21 
243295.34 
243295.47 
243295.60 
243295.74 
243295.87 
243296.00 
243296.12 
243296.25 
243296.38 
243296.50 
243296.63 
243296.76 
243296.89 
243297.02 
243297.15 
243297.27 
243297.40 
243297.53 
243297.66 
243297.79 
243297.92 
243298.04 
243298.18 
243298.30 
243298.43 
243298.56 
243298.69 
243298.82 
243298.95 
243299.08 
243299.21 
243299.34 
243299.46 
243299.60 
243299.73 
243299.86 
243299.99 
243300.12 
243300.25 
243300.38 
243300.52 
243300.65 
243300.78 
243300.90 
243301.04 
243301.17 
243301.30 
243301.43 
243301.57 
243301.70 
243301.83 
243301.97 
243302.11 
243302.24 
243302.37 
243302.51 
243302.64 
243302.76 
243302.90 
243303.03 
243303.15 
243303.28 
243303.40 
243303.52 
243303.66 
243303.79 
243303.91 
243304.04 
243304.17 
243304.30 
243304.43 
243304.55 
243304.68 
243304.82 
243304.94 
243305.06 
243305.19 
243305.32 
243305.45 
243305.58 
243305.70 
243305.83 
243305.96 
243306.10 
243306.23 
243306.36 
243306.49 
243306.62 
243306.75 
243306.88 
243307.00 
243307.12 
243307.25 
243307.37 
243307.50 
243307.63 
243307.75 
243307.88 
243308.01 
243308.14 
243308.27 
243308.40 
243308.52 
243308.65 
243308.78 
243308.90 
243309.03 
243309.17 
243309.30 
243309.43 
243309.56 
243309.69 
243309.82 
243309.94 
243310.07 
243310.20 
243310.33 
243310.46 
243310.58 
243310.72 
243310.84 
243310.97 
243311.10 
243311.23 
243311.37 
243311.51 
243311.64 
243311.77 
243311.90 
243312.03 
243312.15 
243312.28 
243312.41 
243312.54 
243312.67 
243312.79 
243312.92 
243313.05 
243313.18 
243313.31 
243313.44 
243313.57 
243313.70 
243313.84 
243313.97 
243314.08 
243314.21 
243314.34 
243314.47 
243314.60 
243314.72 
243314.85 
243314.98 
243315.12 
243315.24 
243315.37 
243315.50 
243315.63 
243315.76 
243315.88 
243316.01 
243316.14 
243316.27 
243316.40 
243316.53 
243316.66 
243316.79 
243316.91 
243317.04 
243317.16 
243317.29 
243317.42 
243317.55 
243317.67 
243317.81 
243317.95 
243318.07 
243318.20 
243318.33 
243318.45 
243318.57 
243318.70 
243318.81 
243318.93 
243319.05 
243319.17 
243319.30 
243319.43 
243319.55 
243319.68 
243319.80 
243319.92 
243320.05 
243320.17 
243320.30 
243320.43 
243320.55 
243320.68 
243320.81 
243320.94 
243321.06 
243321.20 
243321.32 
243321.45 
243321.58 
243321.71 
243321.84 
243321.98 
243322.11 
243322.23 
243322.37 
243322.50 
243322.64 
243322.77 
243322.90 
243323.03 
243323.16 
243323.29 
243323.42 
243323.55 
243323.67 
243323.81 
243323.94 
243324.07 
243324.20 
243324.33 
243324.46 
243324.59 
243324.72 
243324.85 
243324.98 
243325.10 
243325.22 
243325.35 
243325.48 
243325.61 
243325.74 
243325.86 
243325.99 
243326.11 
243326.24 
243326.37 
243326.50 
243326.63 
243326.76 
243326.89 
243327.02 
243327.14 
243327.27 
243327.40 
243327.53 
243327.66 
243327.78 
243327.92 
243328.04 
243328.17 
243328.30 
243328.43 
243328.56 
243328.69 
243328.83 
243328.95 
243329.08 
243329.21 
243329.35 
243329.47 
243329.60 
243329.72 
243329.85 
243329.98 
243330.11 
243330.25 
243330.38 
243330.51 
243330.65 
243330.78 
243330.91 
243331.04 
243331.17 
243331.31 
243331.44 
243331.56 
243331.70 
243331.83 
243331.95 
243332.07 
243332.20 
243332.33 
243332.46 
243332.58 
243332.72 
243332.84 
243332.97 
243333.10 
243333.24 
243333.38 
243333.51 
243333.63 
243333.75 
243333.87 
243333.99 
243334.12 
243334.24 
243334.36 
243334.49 
243334.62 
243334.76 
243334.88 
243335.01 
243335.13 
243335.26 
243335.39 
243335.51 
243335.64 
243335.77 
243335.90 
243336.04 
243336.18 
243336.31 
243336.43 
243336.56 
243336.69 
243336.83 
243336.96 
243337.08 
243337.21 
243337.33 
243337.46 
243337.59 
243337.71 
243337.84 
243337.97 
243338.11 
243338.23 
243338.36 
243338.49 
243338.62 
243338.75 
243338.87 
243339.01 
243339.15 
243339.27 
243339.40 
243339.52 
243339.64 
243339.77 
243339.90 
243340.03 
243340.15 
243340.28 
243340.40 
243340.53 
243340.67 
243340.79 
243340.92 
243341.05 
243341.18 
243341.31 
243341.45 
243341.58 
243341.71 
243341.84 
243341.96 
243342.09 
243342.22 
243342.34 
243342.48 
243342.61 
243342.73 
243342.86 
243342.98 
243343.11 
243343.23 
243343.36 
243343.48 
243343.61 
243343.73 
243343.86 
243343.98 
243344.11 
243344.24 
243344.36 
243344.48 
243344.61 
243344.74 
243344.86 
243344.99 
243345.11 
243345.24 
243345.38 
243345.51 
243345.64 
243345.76 
243345.91 
243346.04 
243346.16 
243346.29 
243346.44 
243346.55 
243346.68 
243346.81 
243346.94 
243347.07 
243347.19 
243347.32 
243347.45 
243347.58 
243347.72 
243347.85 
243347.98 
243348.11 
243348.24 
243348.37 
243348.52 
243348.63 
243348.76 
243348.88 
243349.02 
243349.15 
243349.27 
243349.41 
243349.53 
243349.67 
243349.79 
243349.93 
243350.05 
243350.18 
243350.30 
243350.43 
243350.56 
243350.70 
243350.82 
243350.95 
243351.08 
243351.21 
243351.33 
243351.46 
243351.58 
243351.71 
243351.83 
243351.96 
243352.09 
243352.22 
243352.34 
243352.47 
243352.61 
243352.74 
243352.87 
243353.00 
243353.13 
243353.26 
243353.39 
243353.51 
243353.64 
243353.77 
243353.90 
243354.02 
243354.15 
243354.28 
243354.41 
243354.54 
243354.67 
243354.79 
243354.92 
243355.05 
243355.19 
243355.33 
243355.45 
243355.58 
243355.70 
243355.82 
243355.94 
243356.07 
243356.20 
243356.33 
243356.48 
243356.60 
243356.72 
243356.85 
243356.97 
243357.11 
243357.23 
243357.36 
243357.49 
243357.62 
243357.74 
243357.87 
243357.99 
243358.12 
243358.25 
243358.38 
243358.51 
243358.64 
243358.78 
243358.91 
243359.04 
243359.17 
243359.31 
243359.44 
243359.57 
243359.69 
243359.82 
243359.95 
243360.09 
243360.22 
243360.35 
243360.47 
243360.61 
243360.74 
243360.87 
243361.00 
243361.13 
243361.26 
243361.39 
243361.53 
243361.67 
243361.79 
243361.90 
243362.02 
243362.15 
243362.28 
243362.41 
243362.54 
243362.67 
243362.80 
243362.92 
243363.05 
243363.18 
243363.31 
243363.43 
243363.56 
243363.69 
243363.82 
243363.95 
243364.07 
243364.19 
243364.32 
243364.45 
243364.59 
243364.72 
243364.85 
243364.98 
243365.11 
243365.24 
243365.36 
243365.49 
243365.61 
243365.74 
243365.87 
243366.00 
243366.15 
243366.27 
243366.39 
243366.52 
243366.65 
243366.78 
243366.91 
243367.04 
243367.18 
243367.30 
243367.43 
243367.56 
243367.68 
243367.81 
243367.94 
243368.06 
243368.20 
243368.33 
243368.46 
243368.58 
243368.71 
243368.84 
243368.97 
243369.10 
243369.23 
243369.35 
243369.48 
243369.61 
243369.74 
243369.87 
243370.01 
243370.14 
243370.27 
243370.40 
243370.53 
243370.67 
243370.80 
243370.93 
243371.05 
243371.18 
243371.30 
243371.43 
243371.56 
243371.68 
243371.81 
243371.94 
243372.07 
243372.19 
243372.32 
243372.45 
243372.58 
243372.71 
243372.83 
243372.96 
243373.08 
243373.21 
243373.34 
243373.47 
243373.60 
243373.72 
243373.85 
243373.98 
243374.11 
243374.23 
243374.36 
243374.49 
243374.62 
243374.74 
243374.88 
243375.00 
243375.13 
243375.26 
243375.39 
243375.51 
243375.64 
243375.77 
243375.90 
243376.02 
243376.15 
243376.28 
243376.41 
243376.54 
243376.67 
243376.80 
243376.93 
243377.06 
243377.19 
243377.33 
243377.45 
243377.57 
243377.70 
243377.83 
243377.95 
243378.08 
243378.21 
243378.34 
243378.47 
243378.59 
243378.72 
243378.85 
243378.97 
243379.10 
243379.22 
243379.35 
243379.48 
243379.61 
243379.74 
243379.87 
243380.00 
243380.13 
243380.26 
243380.39 
243380.52 
243380.65 
243380.79 
243380.91 
243381.03 
243381.16 
243381.28 
243381.42 
243381.55 
243381.67 
243381.80 
243381.93 
243382.06 
243382.19 
243382.32 
243382.44 
243382.57 
243382.70 
243382.83 
243382.96 
243383.08 
243383.21 
243383.34 
243383.47 
243383.60 
243383.73 
243383.85 
243383.98 
243384.11 
243384.24 
243384.38 
243384.51 
243384.65 
243384.78 
243384.93 
243385.05 
243385.19 
243385.32 
243385.44 
243385.57 
243385.70 
243385.82 
243385.95 
243386.07 
243386.20 
243386.32 
243386.45 
243386.57 
243386.70 
243386.82 
243386.95 
243387.07 
243387.20 
243387.32 
243387.45 
243387.57 
243387.70 
243387.83 
243387.95 
243388.08 
243388.20 
243388.33 
243388.46 
243388.58 
243388.71 
243388.83 
243388.96 
243389.08 
243389.21 
243389.33 
243389.46 
243389.59 
243389.71 
243389.84 
243389.96 
243390.09 
243390.21 
243390.33 
243390.45 
243390.57 
243390.68 
243390.81 
243390.94 
243391.06 
243391.19 
243391.33 
243391.45 
243391.58 
243391.71 
243391.84 
243391.97 
243392.10 
243392.23 
243392.35 
243392.49 
243392.63 
243392.75 
243392.88 
243393.00 
243393.13 
243393.26 
243393.38 
243393.52 
243393.65 
243393.78 
243393.91 
243394.04 
243394.17 
243394.30 
243394.42 
243394.55 
243394.68 
243394.82 
243394.94 
243395.07 
243395.20 
243395.33 
243395.46 
243395.59 
243395.72 
243395.84 
243395.97 
243396.10 
243396.22 
243396.33 
243396.45 
243396.58 
243396.71 
243396.83 
243396.96 
243397.09 
243397.22 
243397.34 
243397.47 
243397.60 
243397.72 
243397.85 
243397.99 
243398.11 
243398.24 
243398.37 
243398.50 
243398.64 
243398.77 
243398.89 
243399.02 
243399.14 
243399.27 
243399.40 
243399.52 
243399.65 
243399.79 
243399.91 
243400.04 
243400.17 
243400.30 
243400.43 
243400.57 
243400.70 
243400.83 
243400.95 
243401.08 
243401.20 
243401.33 
243401.46 
243401.59 
243401.72 
243401.84 
243401.97 
243402.10 
243402.23 
243402.35 
243402.49 
243402.62 
243402.75 
243402.88 
243403.01 
243403.14 
243403.27 
243403.40 
243403.52 
243403.65 
243403.78 
243403.91 
243404.04 
243404.17 
243404.30 
243404.42 
243404.55 
243404.69 
243404.82 
243404.95 
243405.08 
243405.21 
243405.34 
243405.46 
243405.60 
243405.74 
243405.87 
243405.99 
243406.12 
243406.25 
243406.38 
243406.51 
243406.63 
243406.76 
243406.89 
243407.02 
243407.15 
243407.27 
243407.40 
243407.53 
243407.66 
243407.79 
243407.91 
243408.04 
243408.17 
243408.30 
243408.44 
243408.57 
243408.70 
243408.83 
243408.96 
243409.09 
243409.22 
243409.36 
243409.49 
243409.62 
243409.74 
243409.87 
243410.00 
243410.13 
243410.27 
243410.41 
243410.55 
243410.67 
243410.82 
243410.94 
243411.07 
243411.20 
243411.33 
243411.45 
243411.58 
243411.70 
243411.82 
243411.95 
243412.07 
243412.21 
243412.33 
243412.45 
243412.58 
243412.70 
243412.83 
243412.96 
243413.09 
243413.21 
243413.34 
243413.46 
243413.59 
243413.71 
243413.84 
243413.97 
243414.09 
243414.21 
243414.34 
243414.47 
243414.59 
243414.71 
243414.84 
243414.96 
243415.09 
243415.21 
243415.34 
243415.47 
243415.61 
243415.74 
243415.87 
243415.99 
243416.12 
243416.25 
243416.38 
243416.51 
243416.63 
243416.76 
243416.90 
243417.02 
243417.14 
243417.28 
243417.39 
243417.51 
243417.64 
243417.76 
243417.90 
243418.01 
243418.14 
243418.26 
243418.40 
243418.53 
243418.65 
243418.78 
243418.91 
243419.02 
243419.15 
243419.27 
243419.41 
243419.54 
243419.67 
243419.81 
243419.94 
243420.07 
243420.20 
243420.33 
243420.46 
243420.58 
243420.71 
243420.85 
243420.98 
243421.11 
243421.24 
243421.37 
243421.51 
243421.63 
243421.75 
243421.88 
243422.01 
243422.14 
243422.27 
243422.40 
243422.53 
243422.67 
243422.79 
243422.92 
243423.04 
243423.18 
243423.31 
243423.45 
243423.58 
243423.70 
243423.83 
243423.95 
243424.08 
243424.22 
243424.35 
243424.47 
243424.59 
243424.71 
243424.84 
243424.95 
243425.08 
243425.20 
243425.32 
243425.45 
243425.56 
243425.67 
243425.78 
243425.91 
243426.02 
243426.13 
243426.25 
243426.36 
243426.49 
243426.60 
243426.71 
243426.84 
243426.95 
243427.08 
243427.19 
243427.30 
243427.41 
243427.52 
243427.63 
243427.74 
243427.84 
243427.99 
243428.09 
243428.20 
243428.31 
243428.42 
243428.53 
243428.63 
243428.77 
243428.88 
243429.01 
243429.12 
243429.23 
243429.34 
243429.44 
243429.55 
243429.66 
243429.77 
243429.89 
243430.00 
243430.11 
243430.21 
243430.32 
243430.43 
243430.55 
243430.66 
243430.77 
243430.87 
243430.98 
243431.09 
243431.20 
243431.31 
243431.42 
243431.53 
243431.63 
243431.74 
243431.88 
243432.02 
243432.12 
243432.26 
243432.37 
243432.50 
243432.61 
243432.73 
243432.85 
243432.99 
243433.11 
243433.24 
243433.36 
243433.48 
243433.60 
243433.72 
243433.85 
243433.99 
243434.10 
243434.22 
243434.35 
243434.47 
243434.59 
243434.72 
243434.84 
243434.97 
243435.10 
243435.23 
243435.35 
243435.47 
243435.60 
243435.72 
243435.84 
243435.97 
243436.09 
243436.21 
243436.33 
243436.45 
243436.58 
243436.70 
243436.83 
243436.94 
243437.06 
243437.19 
243437.31 
243437.43 
243437.56 
243437.68 
243437.83 
243437.95 
243438.08 
243438.20 
243438.32 
243438.45 
243438.57 
243438.70 
243438.82 
243438.95 
243439.07 
243439.21 
243439.33 
243439.45 
243439.58 
243439.70 
243439.84 
243439.96 
243440.09 
243440.21 
243440.34 
243440.46 
243440.59 
243440.71 
243440.84 
243440.96 
243441.09 
243441.21 
243441.34 
243441.47 
243441.59 
243441.71 
243441.84 
243441.96 
243442.09 
243442.21 
243442.33 
243442.46 
243442.58 
243442.70 
243442.82 
243442.95 
243443.07 
243443.19 
243443.32 
243443.44 
243443.57 
243443.69 
243443.81 
243443.94 
243444.06 
243444.19 
243444.31 
243444.43 
243444.55 
243444.68 
243444.80 
243444.92 
243445.05 
243445.17 
243445.29 
243445.43 
243445.55 
243445.67 
243445.79 
243445.91 
243446.04 
243446.16 
243446.29 
243446.41 
243446.53 
243446.66 
243446.78 
243446.90 
243447.03 
243447.15 
243447.28 
243447.40 
243447.53 
243447.65 
243447.77 
243447.90 
243448.02 
243448.15 
243448.27 
243448.40 
243448.53 
243448.65 
243448.78 
243448.90 
243449.03 
243449.15 
243449.27 
243449.41 
243449.54 
243449.66 
243449.78 
243449.91 
243450.03 
243450.15 
243450.28 
243450.40 
243450.52 
243450.65 
243450.77 
243450.89 
243451.01 
243451.14 
243451.26 
243451.39 
243451.51 
243451.63 
243451.76 
243451.88 
243452.02 
243452.15 
243452.27 
243452.40 
243452.52 
243452.64 
243452.77 
243452.89 
243453.01 
243453.14 
243453.26 
243453.39 
243453.51 
243453.64 
243453.76 
243453.88 
243454.01 
243454.13 
243454.25 
243454.38 
243454.50 
243454.63 
243454.76 
243454.88 
243455.01 
243455.13 
243455.26 
243455.39 
243455.51 
243455.64 
243455.76 
243455.88 
243456.01 
243456.13 
243456.25 
243456.38 
243456.50 
243456.62 
243456.75 
243456.87 
243457.00 
243457.12 
243457.25 
243457.37 
243457.51 
243457.63 
243457.76 
243457.88 
243458.00 
243458.13 
243458.25 
243458.36 
243458.50 
243458.62 
243458.74 
243458.87 
243458.99 
243459.11 
243459.24 
243459.36 
243459.49 
243459.61 
243459.73 
243459.85 
243459.98 
243460.10 
243460.22 
243460.34 
243460.47 
243460.60 
243460.73 
243460.85 
243460.97 
243461.10 
243461.23 
243461.36 
243461.48 
243461.60 
243461.73 
243461.87 
243461.99 
243462.13 
243462.25 
243462.38 
243462.50 
243462.63 
243462.75 
243462.88 
243463.00 
243463.13 
243463.25 
243463.38 
243463.50 
243463.62 
243463.75 
243463.88 
243464.02 
243464.15 
243464.29 
243464.41 
243464.54 
243464.67 
243464.80 
243464.93 
243465.05 
243465.18 
243465.31 
243465.43 
243465.56 
243465.69 
243465.82 
243465.95 
243466.08 
243466.20 
243466.33 
243466.45 
243466.58 
243466.70 
243466.82 
243466.94 
243467.07 
243467.19 
243467.32 
243467.45 
243467.58 
243467.70 
243467.83 
243467.96 
243468.09 
243468.22 
243468.34 
243468.48 
243468.61 
243468.74 
243468.86 
243468.99 
243469.11 
243469.24 
243469.37 
243469.50 
243469.62 
243469.75 
243469.88 
243470.01 
243470.14 
243470.28 
243470.41 
243470.54 
243470.67 
243470.79 
243470.92 
243471.04 
243471.17 
243471.29 
243471.42 
243471.55 
243471.68 
243471.80 
243471.93 
243472.06 
243472.19 
243472.32 
243472.45 
243472.59 
243472.71 
243472.84 
243472.97 
243473.10 
243473.24 
243473.37 
243473.50 
243473.63 
243473.76 
243473.91 
243474.02 
243474.15 
243474.27 
243474.40 
243474.52 
243474.65 
243474.78 
243474.91 
243475.04 
243475.17 
243475.31 
243475.44 
243475.56 
243475.69 
243475.83 
243475.97 
243476.10 
243476.22 
243476.34 
243476.47 
243476.60 
243476.73 
243476.86 
243476.98 
243477.11 
243477.23 
243477.36 
243477.48 
243477.61 
243477.73 
243477.86 
243477.99 
243478.12 
243478.24 
243478.36 
243478.50 
243478.63 
243478.75 
243478.88 
243479.01 
243479.14 
243479.27 
243479.39 
243479.53 
243479.66 
243479.79 
243479.93 
243480.06 
243480.18 
243480.31 
243480.44 
243480.57 
243480.70 
243480.82 
243480.96 
243481.08 
243481.21 
243481.34 
243481.47 
243481.60 
243481.73 
243481.87 
243481.98 
243482.12 
243482.24 
243482.38 
243482.50 
243482.63 
243482.75 
243482.88 
243483.00 
243483.13 
243483.25 
243483.37 
243483.50 
243483.63 
243483.76 
243483.89 
243484.01 
243484.14 
243484.27 
243484.40 
243484.52 
243484.65 
243484.77 
243484.90 
243485.02 
243485.15 
243485.28 
243485.41 
243485.54 
243485.66 
243485.79 
243485.91 
243486.04 
243486.16 
243486.28 
243486.40 
243486.52 
243486.65 
243486.77 
243486.90 
243487.04 
243487.16 
243487.29 
243487.42 
243487.55 
243487.67 
243487.80 
243487.92 
243488.05 
243488.18 
243488.32 
243488.44 
243488.57 
243488.70 
243488.82 
243488.95 
243489.08 
243489.22 
243489.35 
243489.48 
243489.60 
243489.73 
243489.86 
243489.98 
243490.11 
243490.24 
243490.36 
243490.49 
243490.62 
243490.74 
243490.87 
243490.99 
243491.12 
243491.25 
243491.38 
243491.51 
243491.65 
243491.77 
243491.91 
243492.03 
243492.15 
243492.30 
243492.41 
243492.54 
243492.66 
243492.79 
243492.92 
243493.05 
243493.18 
243493.31 
243493.43 
243493.56 
243493.69 
243493.82 
243493.95 
243494.07 
243494.20 
243494.33 
243494.47 
243494.59 
243494.71 
243494.84 
243494.97 
243495.10 
243495.24 
243495.35 
243495.48 
243495.61 
243495.74 
243495.86 
243495.99 
243496.12 
243496.25 
243496.38 
243496.51 
243496.64 
243496.76 
243496.89 
243497.02 
243497.15 
243497.28 
243497.40 
243497.53 
243497.66 
243497.79 
243497.91 
243498.04 
243498.16 
243498.27 
243498.40 
243498.52 
243498.65 
243498.78 
243498.91 
243499.03 
243499.16 
243499.29 
243499.43 
243499.57 
243499.72 
243499.85 
243499.97 
243500.10 
243500.22 
243500.35 
243500.47 
243500.60 
243500.72 
243500.85 
243500.99 
243501.12 
243501.24 
243501.37 
243501.51 
243501.63 
243501.75 
243501.88 
243502.01 
243502.13 
243502.25 
243502.38 
243502.50 
243502.63 
243502.76 
243502.88 
243503.01 
243503.13 
243503.26 
243503.39 
243503.52 
243503.64 
243503.78 
243503.91 
243504.04 
243504.16 
243504.29 
243504.42 
243504.54 
243504.67 
243504.80 
243504.92 
243505.05 
243505.17 
243505.30 
243505.43 
243505.55 
243505.68 
243505.81 
243505.94 
243506.06 
243506.19 
243506.32 
243506.45 
243506.58 
243506.71 
243506.84 
243506.97 
243507.10 
243507.22 
243507.36 
243507.49 
243507.62 
243507.75 
243507.88 
243508.00 
243508.14 
243508.27 
243508.40 
243508.54 
243508.67 
243508.79 
243508.92 
243509.05 
243509.17 
243509.29 
243509.42 
243509.55 
243509.67 
243509.80 
243509.93 
243510.06 
243510.19 
243510.32 
243510.44 
243510.57 
243510.70 
243510.83 
243510.96 
243511.09 
243511.22 
243511.35 
243511.47 
243511.61 
243511.74 
243511.87 
243512.00 
243512.12 
243512.25 
243512.37 
243512.50 
243512.63 
243512.76 
243512.88 
243513.01 
243513.14 
243513.27 
243513.39 
243513.51 
243513.63 
243513.75 
243513.88 
243514.01 
243514.14 
243514.26 
243514.39 
243514.53 
243514.65 
243514.78 
243514.91 
243515.03 
243515.16 
243515.29 
243515.42 
243515.55 
243515.68 
243515.81 
243515.95 
243516.08 
243516.20 
243516.33 
243516.46 
243516.59 
243516.71 
243516.84 
243516.98 
243517.10 
243517.22 
243517.35 
243517.48 
243517.61 
243517.74 
243517.87 
243518.02 
243518.14 
243518.25 
243518.37 
243518.50 
243518.63 
243518.77 
243518.89 
243519.03 
243519.16 
243519.29 
243519.42 
243519.54 
243519.68 
243519.82 
243519.94 
243520.06 
243520.19 
243520.32 
243520.45 
243520.58 
243520.71 
243520.83 
243520.96 
243521.09 
243521.23 
243521.35 
243521.48 
243521.62 
243521.74 
243521.87 
243522.00 
243522.13 
243522.26 
243522.39 
243522.52 
243522.65 
243522.78 
243522.91 
243523.04 
243523.17 
243523.29 
243523.42 
243523.54 
243523.68 
243523.80 
243523.93 
243524.05 
243524.18 
243524.31 
243524.44 
243524.56 
243524.68 
243524.81 
243524.94 
243525.07 
243525.20 
243525.33 
243525.45 
243525.58 
243525.71 
243525.83 
243525.96 
243526.08 
243526.21 
243526.34 
243526.46 
243526.59 
243526.72 
243526.85 
243526.97 
243527.10 
243527.23 
243527.36 
243527.49 
243527.62 
243527.75 
243527.88 
243528.01 
243528.14 
243528.27 
243528.40 
243528.53 
243528.66 
243528.80 
243528.93 
243529.06 
243529.17 
243529.29 
243529.41 
243529.54 
243529.66 
243529.79 
243529.92 
243530.06 
243530.19 
243530.34 
243530.46 
243530.58 
243530.71 
243530.84 
243530.97 
243531.10 
243531.23 
243531.35 
243531.48 
243531.60 
243531.74 
243531.87 
243532.00 
243532.14 
243532.27 
243532.39 
243532.52 
243532.65 
243532.77 
243532.90 
243533.03 
243533.15 
243533.28 
243533.41 
243533.55 
243533.68 
243533.82 
243533.95 
243534.08 
243534.21 
243534.35 
243534.48 
243534.61 
243534.74 
243534.87 
243535.00 
243535.13 
243535.26 
243535.39 
243535.52 
243535.65 
243535.78 
243535.91 
243536.04 
243536.17 
243536.30 
243536.42 
243536.56 
243536.69 
243536.81 
243536.95 
243537.09 
243537.22 
243537.34 
243537.46 
243537.60 
243537.72 
243537.85 
243537.99 
243538.13 
243538.25 
243538.37 
243538.49 
243538.63 
243538.75 
243538.87 
243539.00 
243539.12 
243539.25 
243539.38 
243539.51 
243539.63 
243539.77 
243539.91 
243540.03 
243540.15 
243540.28 
243540.41 
243540.53 
243540.66 
243540.79 
243540.92 
243541.05 
243541.17 
243541.30 
243541.43 
243541.56 
243541.68 
243541.81 
243541.94 
243542.06 
243542.19 
243542.32 
243542.45 
243542.58 
243542.71 
243542.83 
243542.96 
243543.09 
243543.22 
243543.34 
243543.47 
243543.60 
243543.73 
243543.86 
243543.99 
243544.12 
243544.25 
243544.38 
243544.50 
243544.62 
243544.74 
243544.86 
243544.99 
243545.11 
243545.24 
243545.37 
243545.49 
243545.62 
243545.75 
243545.88 
243546.01 
243546.14 
243546.26 
243546.39 
243546.52 
243546.64 
243546.77 
243546.90 
243547.03 
243547.16 
243547.29 
243547.42 
243547.54 
243547.67 
243547.80 
243547.93 
243548.05 
243548.18 
243548.31 
243548.43 
243548.58 
243548.70 
243548.83 
243548.95 
243549.08 
243549.21 
243549.34 
243549.47 
243549.59 
243549.72 
243549.85 
243549.97 
243550.10 
243550.23 
243550.35 
243550.47 
243550.60 
243550.73 
243550.85 
243550.97 
243551.10 
243551.22 
243551.34 
243551.47 
243551.60 
243551.72 
243551.84 
243551.97 
243552.09 
243552.21 
243552.34 
243552.46 
243552.59 
243552.71 
243552.83 
243552.97 
243553.08 
243553.21 
243553.33 
243553.47 
243553.60 
243553.74 
243553.87 
243554.00 
243554.13 
243554.26 
243554.39 
243554.52 
243554.65 
243554.78 
243554.91 
243555.04 
243555.17 
243555.31 
243555.44 
243555.56 
243555.69 
243555.81 
243555.94 
243556.07 
243556.20 
243556.33 
243556.46 
243556.60 
243556.72 
243556.84 
243556.97 
243557.10 
243557.22 
243557.35 
243557.48 
243557.60 
243557.72 
243557.86 
243557.99 
243558.12 
243558.25 
243558.38 
243558.52 
243558.64 
243558.76 
243558.89 
243559.02 
243559.15 
243559.29 
243559.42 
243559.55 
243559.67 
243559.81 
243559.93 
243560.06 
243560.17 
243560.28 
243560.39 
243560.52 
243560.64 
243560.77 
243560.90 
243561.02 
243561.15 
243561.27 
243561.40 
243561.52 
243561.65 
243561.77 
243561.91 
243562.03 
243562.16 
243562.28 
243562.41 
243562.53 
243562.66 
243562.79 
243562.91 
243563.04 
243563.16 
243563.29 
243563.42 
243563.54 
243563.67 
243563.79 
243563.92 
243564.04 
243564.17 
243564.29 
243564.42 
243564.54 
243564.67 
243564.79 
243564.92 
243565.05 
243565.18 
243565.31 
243565.43 
243565.56 
243565.69 
243565.82 
243565.94 
243566.08 
243566.20 
243566.33 
243566.46 
243566.58 
243566.71 
243566.84 
243566.97 
243567.10 
243567.23 
243567.35 
243567.48 
243567.60 
243567.72 
243567.85 
243567.98 
243568.11 
243568.24 
243568.36 
243568.49 
243568.62 
243568.75 
243568.88 
243569.02 
243569.15 
243569.28 
243569.42 
243569.55 
243569.68 
243569.80 
243569.93 
243570.06 
243570.19 
243570.31 
243570.43 
243570.56 
243570.68 
243570.81 
243570.94 
243571.06 
243571.19 
243571.32 
243571.45 
243571.57 
243571.70 
243571.83 
243571.95 
243572.08 
243572.21 
243572.34 
243572.46 
243572.59 
243572.71 
243572.84 
243572.96 
243573.09 
243573.22 
243573.35 
243573.47 
243573.60 
243573.73 
243573.85 
243573.98 
243574.12 
243574.25 
243574.38 
243574.51 
243574.65 
243574.78 
243574.91 
243575.03 
243575.16 
243575.29 
243575.42 
243575.54 
243575.68 
243575.80 
243575.92 
243576.04 
243576.16 
243576.29 
243576.42 
243576.55 
243576.68 
243576.81 
243576.93 
243577.06 
243577.19 
243577.32 
243577.44 
243577.57 
243577.70 
243577.85 
243577.96 
243578.09 
243578.21 
243578.33 
243578.46 
243578.58 
243578.72 
243578.84 
243578.96 
243579.09 
243579.22 
243579.35 
243579.48 
243579.61 
243579.74 
243579.88 
243580.01 
243580.14 
243580.27 
243580.40 
243580.53 
243580.65 
243580.78 
243580.91 
243581.04 
243581.18 
243581.31 
243581.43 
243581.56 
243581.69 
243581.82 
243581.96 
243582.10 
243582.22 
243582.35 
243582.48 
243582.61 
243582.74 
243582.86 
243582.99 
243583.11 
243583.26 
243583.37 
243583.50 
243583.63 
243583.75 
243583.88 
243584.01 
243584.14 
243584.28 
243584.41 
243584.53 
243584.66 
243584.80 
243584.93 
243585.06 
243585.18 
243585.30 
243585.43 
243585.57 
243585.71 
243585.84 
243585.96 
243586.10 
243586.22 
243586.36 
243586.49 
243586.62 
243586.75 
243586.88 
243587.01 
243587.14 
243587.27 
243587.40 
243587.52 
243587.65 
243587.78 
243587.91 
243588.03 
243588.16 
243588.29 
243588.42 
243588.55 
243588.68 
243588.81 
243588.94 
243589.07 
243589.19 
243589.32 
243589.45 
243589.58 
243589.72 
243589.84 
243589.97 
243590.11 
243590.25 
243590.36 
243590.49 
243590.62 
243590.75 
243590.88 
243591.01 
243591.15 
243591.27 
243591.39 
243591.52 
243591.65 
243591.77 
243591.89 
243592.03 
243592.16 
243592.29 
243592.42 
243592.56 
243592.68 
243592.80 
243592.93 
243593.05 
243593.18 
243593.30 
243593.43 
243593.55 
243593.68 
243593.80 
243593.94 
243594.07 
243594.19 
243594.32 
243594.45 
243594.58 
243594.70 
243594.83 
243594.96 
243595.09 
243595.21 
243595.34 
243595.46 
243595.59 
243595.71 
243595.84 
243595.96 
243596.09 
243596.21 
243596.34 
243596.46 
243596.59 
243596.72 
243596.85 
243596.98 
243597.10 
243597.23 
243597.36 
243597.48 
243597.61 
243597.73 
243597.86 
243598.00 
243598.13 
243598.26 
243598.38 
243598.50 
243598.63 
243598.76 
243598.88 
243599.01 
243599.14 
243599.26 
243599.39 
243599.52 
243599.65 
243599.78 
243599.90 
243600.03 
243600.16 
243600.28 
243600.41 
243600.54 
243600.66 
243600.79 
243600.92 
243601.05 
243601.17 
243601.30 
243601.43 
243601.55 
243601.68 
243601.81 
243601.94 
243602.07 
243602.20 
243602.33 
243602.46 
243602.59 
243602.71 
243602.84 
243602.96 
243603.09 
243603.22 
243603.35 
243603.47 
243603.60 
243603.73 
243603.85 
243603.98 
243604.10 
243604.23 
243604.36 
243604.48 
243604.61 
243604.74 
243604.87 
243604.99 
243605.13 
243605.26 
243605.39 
243605.53 
243605.64 
243605.76 
243605.89 
243606.02 
243606.15 
243606.28 
243606.41 
243606.53 
243606.65 
243606.78 
243606.90 
243607.03 
243607.16 
243607.29 
243607.42 
243607.54 
243607.68 
243607.82 
243607.95 
243608.08 
243608.21 
243608.34 
243608.47 
243608.60 
243608.72 
243608.85 
243608.98 
243609.11 
243609.24 
243609.36 
243609.50 
243609.63 
243609.75 
243609.88 
243610.01 
243610.14 
243610.26 
243610.39 
243610.52 
243610.65 
243610.78 
243610.91 
243611.04 
243611.16 
243611.29 
243611.41 
243611.53 
243611.66 
243611.79 
243611.92 
243612.06 
243612.19 
243612.32 
243612.44 
243612.58 
243612.70 
243612.82 
243612.95 
243613.08 
243613.21 
243613.34 
243613.47 
243613.61 
243613.74 
243613.87 
243614.00 
243614.14 
243614.26 
243614.39 
243614.52 
243614.66 
243614.78 
243614.91 
243615.03 
243615.15 
243615.27 
243615.40 
243615.53 
243615.66 
243615.79 
243615.92 
243616.05 
243616.17 
243616.30 
243616.43 
243616.56 
243616.69 
243616.81 
243616.94 
243617.07 
243617.21 
243617.34 
243617.46 
243617.60 
243617.75 
243617.87 
243618.00 
243618.13 
243618.26 
243618.39 
243618.52 
243618.64 
243618.77 
243618.91 
243619.04 
243619.17 
243619.31 
243619.44 
243619.56 
243619.69 
243619.82 
243619.95 
243620.08 
243620.21 
243620.35 
243620.48 
243620.61 
243620.75 
243620.88 
243621.00 
243621.13 
243621.25 
243621.38 
243621.51 
243621.64 
243621.77 
243621.90 
243622.03 
243622.15 
243622.27 
243622.39 
243622.52 
243622.65 
243622.78 
243622.90 
243623.03 
243623.16 
243623.29 
243623.42 
243623.53 
243623.66 
243623.79 
243623.93 
243624.06 
243624.20 
243624.32 
243624.45 
243624.58 
243624.71 
243624.84 
243624.97 
243625.10 
243625.23 
243625.37 
243625.50 
243625.62 
243625.77 
243625.89 
243626.01 
243626.14 
243626.26 
243626.39 
243626.51 
243626.64 
243626.78 
243626.91 
243627.04 
243627.17 
243627.30 
243627.42 
243627.54 
243627.67 
243627.81 
243627.94 
243628.08 
243628.20 
243628.34 
243628.48 
243628.60 
243628.72 
243628.84 
243628.97 
243629.10 
243629.23 
243629.36 
243629.49 
243629.62 
243629.75 
243629.88 
243630.01 
243630.13 
243630.27 
243630.39 
243630.52 
243630.66 
243630.78 
243630.90 
243631.03 
243631.16 
243631.28 
243631.41 
243631.54 
243631.67 
243631.80 
243631.92 
243632.06 
243632.19 
243632.32 
243632.45 
243632.59 
243632.73 
243632.86 
243633.01 
243633.13 
243633.26 
243633.38 
243633.51 
243633.64 
243633.76 
243633.89 
243634.01 
243634.14 
243634.26 
243634.39 
243634.52 
243634.64 
243634.77 
243634.89 
243635.02 
243635.14 
243635.27 
243635.39 
243635.51 
243635.65 
243635.78 
243635.91 
243636.03 
243636.16 
243636.28 
243636.41 
243636.53 
243636.66 
243636.79 
243636.91 
243637.04 
243637.16 
243637.29 
243637.42 
243637.55 
243637.67 
243637.79 
243637.92 
243638.04 
243638.17 
243638.30 
243638.42 
243638.55 
243638.67 
243638.80 
243638.92 
243639.05 
243639.17 
243639.30 
243639.43 
243639.55 
243639.67 
243639.80 
243639.92 
243640.06 
243640.20 
243640.32 
243640.45 
243640.57 
243640.70 
243640.82 
243640.94 
243641.09 
243641.21 
243641.34 
243641.45 
243641.56 
243641.68 
243641.80 
243641.94 
243642.06 
243642.19 
243642.32 
243642.45 
243642.59 
243642.72 
243642.86 
243642.97 
243643.10 
243643.22 
243643.35 
243643.48 
243643.61 
243643.75 
243643.88 
243644.00 
243644.13 
243644.26 
243644.38 
243644.51 
243644.64 
243644.77 
243644.90 
243645.02 
243645.15 
243645.27 
243645.41 
243645.55 
243645.68 
243645.83 
243645.97 
243646.10 
243646.22 
243646.35 
243646.48 
243646.60 
243646.73 
243646.85 
243646.98 
243647.10 
243647.23 
243647.35 
243647.47 
243647.60 
243647.73 
243647.86 
243648.00 
243648.13 
243648.27 
243648.40 
243648.52 
243648.64 
243648.77 
243648.91 
243649.04 
243649.16 
243649.29 
243649.42 
243649.54 
243649.67 
243649.79 
243649.91 
243650.04 
243650.17 
243650.30 
243650.43 
243650.55 
243650.70 
243650.81 
243650.94 
243651.06 
243651.18 
243651.30 
243651.42 
243651.52 
243651.63 
243651.74 
243651.85 
243651.97 
243652.09 
243652.21 
243652.33 
243652.45 
243652.57 
243652.69 
243652.81 
243652.93 
243653.05 
243653.17 
243653.29 
243653.41 
243653.53 
243653.65 
243653.77 
243653.89 
243654.01 
243654.13 
243654.24 
243654.36 
243654.48 
243654.60 
243654.72 
243654.84 
243654.97 
243655.09 
243655.21 
243655.33 
243655.45 
243655.57 
243655.70 
243655.82 
243655.94 
243656.06 
243656.18 
243656.31 
243656.43 
243656.55 
243656.68 
243656.80 
243656.92 
243657.04 
243657.16 
243657.28 
243657.41 
243657.53 
243657.65 
243657.77 
243657.90 
243658.03 
243658.16 
243658.29 
243658.41 
243658.55 
243658.67 
243658.80 
243658.92 
243659.05 
243659.19 
243659.31 
243659.44 
243659.57 
243659.70 
243659.82 
243659.95 
243660.08 
243660.20 
243660.33 
243660.46 
243660.59 
243660.71 
243660.85 
243660.98 
243661.10 
243661.23 
243661.35 
243661.49 
243661.61 
243661.74 
243661.88 
243662.02 
243662.14 
243662.27 
243662.40 
243662.52 
243662.65 
243662.78 
243662.91 
243663.04 
243663.16 
243663.30 
243663.42 
243663.55 
243663.68 
243663.80 
243663.94 
243664.06 
243664.19 
243664.32 
243664.45 
243664.57 
243664.70 
243664.83 
243664.96 
243665.09 
243665.21 
243665.34 
243665.47 
243665.60 
243665.72 
243665.85 
243665.99 
243666.11 
243666.24 
243666.36 
243666.50 
243666.62 
243666.75 
243666.87 
243667.01 
243667.14 
243667.26 
243667.38 
243667.51 
243667.65 
243667.78 
243667.90 
243668.03 
243668.16 
243668.28 
243668.42 
243668.54 
243668.67 
243668.80 
243668.93 
243669.05 
243669.18 
243669.31 
243669.44 
243669.57 
243669.69 
243669.83 
243669.95 
243670.08 
243670.20 
243670.34 
243670.46 
243670.60 
243670.74 
243670.86 
243670.99 
243671.12 
243671.25 
243671.37 
243671.50 
243671.63 
243671.76 
243671.88 
243672.02 
243672.14 
243672.27 
243672.39 
243672.53 
243672.65 
243672.78 
243672.91 
243673.03 
243673.17 
243673.29 
243673.42 
243673.55 
243673.68 
243673.80 
243673.94 
243674.06 
243674.19 
243674.32 
243674.45 
243674.57 
243674.70 
243674.84 
243674.97 
243675.10 
243675.23 
243675.36 
243675.48 
243675.62 
243675.74 
243675.87 
243675.99 
243676.13 
243676.25 
243676.39 
243676.51 
243676.64 
243676.76 
243676.90 
243677.02 
243677.15 
243677.28 
243677.40 
243677.53 
243677.66 
243677.79 
243677.92 
243678.04 
243678.18 
243678.30 
243678.43 
243678.56 
243678.69 
243678.81 
243678.94 
243679.07 
243679.20 
243679.32 
243679.45 
243679.59 
243679.71 
243679.84 
243679.96 
243680.10 
243680.22 
243680.35 
243680.48 
243680.60 
243680.74 
243680.88 
243681.01 
243681.14 
243681.28 
243681.41 
243681.53 
243681.65 
243681.78 
243681.91 
243682.03 
243682.17 
243682.29 
243682.41 
243682.53 
243682.65 
243682.78 
243682.92 
243683.03 
243683.16 
243683.29 
243683.42 
243683.55 
243683.68 
243683.80 
243683.93 
243684.06 
243684.19 
243684.32 
243684.45 
243684.58 
243684.72 
243684.84 
243684.97 
243685.10 
243685.22 
243685.35 
243685.49 
243685.63 
243685.75 
243685.88 
243686.01 
243686.14 
243686.27 
243686.40 
243686.53 
243686.67 
243686.80 
243686.92 
243687.05 
243687.18 
243687.31 
243687.43 
243687.57 
243687.70 
243687.82 
243687.95 
243688.08 
243688.21 
243688.34 
243688.47 
243688.61 
243688.74 
243688.87 
243689.00 
243689.13 
243689.26 
243689.38 
243689.52 
243689.65 
243689.78 
243689.91 
243690.04 
243690.17 
243690.31 
243690.43 
243690.55 
243690.68 
243690.81 
243690.94 
243691.07 
243691.19 
243691.32 
243691.45 
243691.57 
243691.70 
243691.83 
243691.96 
243692.08 
243692.21 
243692.34 
243692.47 
243692.60 
243692.72 
243692.85 
243692.97 
243693.10 
243693.23 
243693.36 
243693.49 
243693.62 
243693.75 
243693.88 
243694.01 
243694.14 
243694.27 
243694.41 
243694.53 
243694.66 
243694.78 
243694.92 
243695.04 
243695.17 
243695.31 
243695.43 
243695.57 
243695.70 
243695.84 
243695.96 
243696.10 
243696.22 
243696.34 
243696.48 
243696.62 
243696.75 
243696.87 
243697.00 
243697.13 
243697.26 
243697.40 
243697.53 
243697.66 
243697.77 
243697.90 
243698.02 
243698.15 
243698.27 
243698.39 
243698.51 
243698.63 
243698.76 
243698.89 
243699.02 
243699.14 
243699.27 
243699.40 
243699.53 
243699.66 
243699.78 
243699.92 
243700.05 
243700.18 
243700.32 
243700.44 
243700.57 
243700.70 
243700.82 
243700.96 
243701.08 
243701.21 
243701.34 
243701.46 
243701.59 
243701.72 
243701.85 
243701.98 
243702.11 
243702.25 
243702.38 
243702.52 
243702.63 
243702.76 
243702.88 
243703.01 
243703.14 
243703.26 
243703.38 
243703.50 
243703.63 
243703.77 
243703.89 
243704.02 
243704.15 
243704.29 
243704.42 
243704.54 
243704.68 
243704.81 
243704.94 
243705.07 
243705.21 
243705.34 
243705.46 
243705.59 
243705.70 
243705.83 
243705.96 
243706.09 
243706.22 
243706.35 
243706.48 
243706.61 
243706.74 
243706.87 
243707.00 
243707.13 
243707.27 
243707.39 
243707.51 
243707.63 
243707.75 
243707.87 
243707.99 
243708.12 
243708.25 
243708.38 
243708.51 
243708.64 
243708.76 
243708.90 
243709.03 
243709.16 
243709.29 
243709.42 
243709.55 
243709.67 
243709.80 
243709.93 
243710.06 
243710.18 
243710.31 
243710.44 
243710.57 
243710.70 
243710.83 
243710.95 
243711.09 
243711.22 
243711.34 
243711.47 
243711.60 
243711.73 
243711.86 
243711.99 
243712.12 
243712.25 
243712.38 
243712.51 
243712.64 
243712.77 
243712.89 
243713.03 
243713.16 
243713.28 
243713.40 
243713.53 
243713.66 
243713.79 
243713.93 
243714.06 
243714.18 
243714.32 
243714.45 
243714.59 
243714.71 
243714.84 
243714.97 
243715.10 
243715.23 
243715.35 
243715.49 
243715.61 
243715.73 
243715.85 
243715.99 
243716.11 
243716.23 
243716.37 
243716.49 
243716.61 
243716.74 
243716.86 
243717.00 
243717.13 
243717.25 
243717.39 
243717.51 
243717.64 
243717.77 
243717.90 
243718.02 
243718.15 
243718.28 
243718.41 
243718.54 
243718.67 
243718.79 
243718.92 
243719.05 
243719.19 
243719.31 
243719.43 
243719.56 
243719.69 
243719.81 
243719.96 
243720.08 
243720.20 
243720.32 
243720.44 
243720.57 
243720.71 
243720.83 
243720.96 
243721.08 
243721.22 
243721.35 
243721.47 
243721.61 
243721.74 
243721.87 
243722.01 
243722.13 
243722.25 
243722.38 
243722.51 
243722.63 
243722.76 
243722.89 
243723.02 
243723.15 
243723.27 
243723.41 
243723.54 
243723.67 
243723.80 
243723.93 
243724.06 
243724.19 
243724.31 
243724.45 
243724.58 
243724.71 
243724.84 
243724.97 
243725.10 
243725.23 
243725.37 
243725.50 
243725.63 
243725.76 
243725.88 
243726.01 
243726.14 
243726.26 
243726.40 
243726.53 
243726.66 
243726.77 
243726.90 
243727.03 
243727.15 
243727.27 
243727.40 
243727.53 
243727.66 
243727.79 
243727.92 
243728.06 
243728.18 
243728.31 
243728.43 
243728.56 
243728.69 
243728.80 
243728.93 
243729.06 
243729.18 
243729.31 
243729.44 
243729.57 
243729.71 
243729.83 
243729.96 
243730.09 
243730.22 
243730.34 
243730.47 
243730.61 
243730.73 
243730.86 
243730.99 
243731.12 
243731.24 
243731.37 
243731.50 
243731.62 
243731.75 
243731.87 
243732.00 
243732.13 
243732.25 
243732.38 
243732.51 
243732.63 
243732.76 
243732.89 
243733.02 
243733.15 
243733.28 
243733.41 
243733.54 
243733.67 
243733.80 
243733.93 
243734.06 
243734.19 
243734.32 
243734.45 
243734.59 
243734.71 
243734.84 
243734.98 
243735.11 
243735.24 
243735.36 
243735.50 
243735.64 
243735.75 
243735.88 
243736.00 
243736.12 
243736.25 
243736.38 
243736.51 
243736.64 
243736.77 
243736.90 
243737.04 
243737.16 
243737.29 
243737.41 
243737.54 
243737.67 
243737.80 
243737.93 
243738.05 
243738.18 
243738.31 
243738.44 
243738.57 
243738.70 
243738.82 
243738.95 
243739.08 
243739.22 
243739.34 
243739.46 
243739.59 
243739.72 
243739.85 
243739.98 
243740.12 
243740.24 
243740.36 
243740.49 
243740.62 
243740.75 
243740.87 
243741.01 
243741.13 
243741.26 
243741.39 
243741.52 
243741.65 
243741.78 
243741.92 
243742.04 
243742.17 
243742.30 
243742.42 
243742.55 
243742.68 
243742.80 
243742.92 
243743.05 
243743.18 
243743.31 
243743.43 
243743.56 
243743.68 
243743.81 
243743.93 
243744.06 
243744.17 
243744.30 
243744.42 
243744.55 
243744.68 
243744.81 
243744.94 
243745.07 
243745.19 
243745.32 
243745.45 
243745.58 
243745.71 
243745.84 
243745.97 
243746.10 
243746.22 
243746.37 
243746.49 
243746.62 
243746.75 
243746.88 
243747.01 
243747.13 
243747.26 
243747.39 
243747.52 
243747.65 
243747.77 
243747.91 
243748.02 
243748.15 
243748.28 
243748.41 
243748.53 
243748.65 
243748.78 
243748.90 
243749.05 
243749.18 
243749.30 
243749.43 
243749.56 
243749.68 
243749.81 
243749.93 
243750.06 
243750.19 
243750.32 
243750.44 
243750.57 
243750.70 
243750.82 
243750.95 
243751.07 
243751.20 
243751.33 
243751.46 
243751.59 
243751.72 
243751.86 
243752.00 
243752.12 
243752.26 
243752.38 
243752.50 
243752.64 
243752.76 
243752.89 
243753.02 
243753.15 
243753.28 
243753.42 
243753.54 
243753.67 
243753.80 
243753.93 
243754.06 
243754.19 
243754.33 
243754.45 
243754.58 
243754.71 
243754.85 
243754.97 
243755.12 
243755.24 
243755.36 
243755.48 
243755.61 
243755.74 
243755.87 
243755.99 
243756.12 
243756.25 
243756.37 
243756.50 
243756.64 
243756.76 
243756.90 
243757.02 
243757.16 
243757.28 
243757.41 
243757.54 
243757.67 
243757.79 
243757.93 
243758.06 
243758.18 
243758.32 
243758.44 
243758.57 
243758.70 
243758.83 
243758.95 
243759.08 
243759.22 
243759.35 
243759.47 
243759.60 
243759.74 
243759.87 
243759.99 
243760.12 
243760.25 
243760.38 
243760.51 
243760.63 
243760.76 
243760.89 
243761.02 
243761.17 
243761.31 
243761.45 
243761.58 
243761.71 
243761.84 
243761.97 
243762.10 
243762.22 
243762.35 
243762.48 
243762.60 
243762.73 
243762.85 
243762.98 
243763.10 
243763.23 
243763.36 
243763.48 
243763.61 
243763.73 
243763.86 
243763.98 
243764.11 
243764.24 
243764.36 
243764.49 
243764.61 
243764.74 
243764.86 
243764.99 
243765.12 
243765.24 
243765.36 
243765.49 
243765.62 
243765.74 
243765.87 
243765.99 
243766.12 
243766.24 
243766.37 
243766.50 
243766.63 
243766.75 
243766.88 
243767.01 
243767.13 
243767.26 
243767.40 
243767.53 
243767.65 
243767.78 
243767.91 
243768.04 
243768.16 
243768.29 
243768.42 
243768.55 
243768.67 
243768.80 
243768.93 
243769.06 
243769.19 
243769.32 
243769.45 
243769.58 
243769.70 
243769.83 
243769.96 
243770.09 
243770.22 
243770.34 
243770.47 
243770.60 
243770.73 
243770.86 
243770.98 
243771.11 
243771.24 
243771.37 
243771.50 
243771.63 
243771.75 
243771.88 
243772.01 
243772.14 
243772.26 
243772.39 
243772.52 
243772.65 
243772.78 
243772.90 
243773.04 
243773.17 
243773.29 
243773.42 
243773.55 
243773.68 
243773.80 
243773.94 
243774.06 
243774.19 
243774.31 
243774.44 
243774.57 
243774.70 
243774.83 
243774.96 
243775.08 
243775.19 
243775.31 
243775.44 
243775.58 
243775.71 
243775.84 
243775.97 
243776.09 
243776.22 
243776.35 
243776.47 
243776.61 
243776.73 
243776.86 
243776.99 
243777.12 
243777.24 
243777.37 
243777.50 
243777.64 
243777.77 
243777.90 
243778.02 
243778.16 
243778.28 
243778.41 
243778.54 
243778.66 
243778.79 
243778.92 
243779.05 
243779.18 
243779.30 
243779.43 
243779.56 
243779.69 
243779.83 
243779.96 
243780.08 
243780.20 
243780.33 
243780.47 
243780.58 
243780.71 
243780.84 
243780.97 
243781.10 
243781.22 
243781.36 
243781.49 
243781.63 
243781.75 
243781.87 
243781.99 
243782.13 
243782.25 
243782.38 
243782.51 
243782.63 
243782.77 
243782.89 
243783.02 
243783.16 
243783.29 
243783.42 
243783.55 
243783.68 
243783.81 
243783.93 
243784.06 
243784.19 
243784.32 
243784.44 
243784.57 
243784.70 
243784.83 
243784.96 
243785.09 
243785.22 
243785.36 
243785.50 
243785.62 
243785.74 
243785.88 
243786.01 
243786.14 
243786.27 
243786.40 
243786.52 
243786.65 
243786.78 
243786.91 
243787.05 
243787.17 
243787.30 
243787.43 
243787.55 
243787.68 
243787.82 
243787.95 
243788.08 
243788.21 
243788.34 
243788.46 
243788.58 
243788.71 
243788.84 
243788.97 
243789.10 
243789.22 
243789.35 
243789.48 
243789.61 
243789.74 
243789.86 
243789.99 
243790.12 
243790.25 
243790.40 
243790.52 
243790.64 
243790.76 
243790.88 
243791.00 
243791.13 
243791.26 
243791.38 
243791.51 
243791.64 
243791.76 
243791.87 
243792.00 
243792.13 
243792.26 
243792.38 
243792.51 
243792.63 
243792.76 
243792.89 
243793.02 
243793.15 
243793.27 
243793.40 
243793.53 
243793.66 
243793.79 
243793.92 
243794.05 
243794.18 
243794.32 
243794.45 
243794.59 
243794.72 
243794.85 
243794.98 
243795.12 
243795.24 
243795.37 
243795.49 
243795.63 
243795.75 
243795.88 
243796.01 
243796.14 
243796.28 
243796.41 
243796.53 
243796.66 
243796.79 
243796.92 
243797.05 
243797.18 
243797.30 
243797.43 
243797.56 
243797.69 
243797.82 
243797.95 
243798.08 
243798.21 
243798.33 
243798.46 
243798.58 
243798.71 
243798.84 
243798.95 
243799.08 
243799.21 
243799.33 
243799.46 
243799.59 
243799.72 
243799.85 
243799.97 
243800.10 
243800.23 
243800.35 
243800.48 
243800.61 
243800.74 
243800.87 
243800.99 
243801.12 
243801.24 
243801.37 
243801.49 
243801.62 
243801.74 
243801.87 
243802.00 
243802.13 
243802.25 
243802.38 
243802.51 
243802.63 
243802.76 
243802.89 
243803.02 
243803.14 
243803.27 
243803.40 
243803.53 
243803.66 
243803.78 
243803.91 
243804.04 
243804.19 
243804.31 
243804.44 
243804.57 
243804.70 
243804.83 
243804.95 
243805.08 
243805.21 
243805.34 
243805.47 
243805.59 
243805.73 
243805.85 
243805.98 
243806.11 
243806.23 
243806.35 
243806.46 
243806.59 
243806.72 
243806.84 
243806.97 
243807.10 
243807.22 
243807.35 
243807.48 
243807.60 
243807.74 
243807.87 
243808.00 
243808.14 
243808.27 
243808.40 
243808.54 
243808.67 
243808.79 
243808.92 
243809.05 
243809.18 
243809.31 
243809.44 
243809.57 
243809.70 
243809.83 
243809.96 
243810.09 
243810.22 
243810.35 
243810.47 
243810.61 
243810.73 
243810.86 
243810.99 
243811.12 
243811.25 
243811.38 
243811.51 
243811.64 
243811.77 
243811.90 
243812.02 
243812.15 
243812.28 
243812.41 
243812.54 
243812.67 
243812.81 
243812.94 
243813.06 
243813.19 
243813.32 
243813.45 
243813.57 
243813.70 
243813.83 
243813.96 
243814.09 
243814.22 
243814.35 
243814.47 
243814.60 
243814.73 
243814.85 
243814.98 
243815.11 
243815.23 
243815.37 
243815.51 
243815.63 
243815.78 
243815.90 
243816.05 
243816.17 
243816.29 
243816.42 
243816.54 
243816.67 
243816.79 
243816.92 
243817.04 
243817.16 
243817.28 
243817.40 
243817.52 
243817.66 
243817.79 
243817.91 
243818.04 
243818.17 
243818.30 
243818.43 
243818.56 
243818.70 
243818.83 
243818.95 
243819.08 
243819.21 
243819.34 
243819.47 
243819.60 
243819.73 
243819.87 
243820.00 
243820.12 
243820.25 
243820.38 
243820.50 
243820.63 
243820.76 
243820.88 
243821.01 
243821.14 
243821.27 
243821.40 
243821.53 
243821.65 
243821.78 
243821.89 
243822.01 
243822.14 
243822.27 
243822.40 
243822.53 
243822.65 
243822.79 
243822.91 
243823.03 
243823.16 
243823.30 
243823.42 
243823.54 
243823.67 
243823.80 
243823.93 
243824.06 
243824.18 
243824.31 
243824.44 
243824.57 
243824.70 
243824.82 
243824.95 
243825.09 
243825.23 
243825.36 
243825.48 
243825.61 
243825.74 
243825.87 
243826.00 
243826.12 
243826.25 
243826.38 
243826.51 
243826.64 
243826.77 
243826.90 
243827.03 
243827.16 
243827.30 
243827.43 
243827.55 
243827.69 
243827.81 
243827.94 
243828.07 
243828.19 
243828.32 
243828.46 
243828.59 
243828.73 
243828.86 
243828.99 
243829.12 
243829.25 
243829.38 
243829.52 
243829.64 
243829.77 
243829.91 
243830.03 
243830.17 
243830.30 
243830.43 
243830.56 
243830.69 
243830.81 
243830.94 
243831.07 
243831.19 
243831.32 
243831.45 
243831.58 
243831.71 
243831.84 
243831.97 
243832.09 
243832.22 
243832.35 
243832.47 
243832.60 
243832.73 
243832.86 
243832.98 
243833.11 
243833.24 
243833.37 
243833.50 
243833.63 
243833.75 
243833.89 
243834.02 
243834.14 
243834.28 
243834.41 
243834.54 
243834.67 
243834.79 
243834.92 
243835.05 
243835.18 
243835.31 
243835.44 
243835.58 
243835.71 
243835.84 
243835.97 
243836.10 
243836.24 
243836.36 
243836.48 
243836.60 
243836.73 
243836.86 
243836.99 
243837.11 
243837.22 
243837.35 
243837.48 
243837.61 
243837.73 
243837.87 
243837.99 
243838.12 
243838.25 
243838.38 
243838.51 
243838.64 
243838.78 
243838.91 
243839.04 
243839.16 
243839.29 
243839.41 
243839.54 
243839.66 
243839.79 
243839.92 
243840.05 
243840.19 
243840.31 
243840.44 
243840.57 
243840.70 
243840.83 
243840.96 
243841.08 
243841.21 
243841.34 
243841.46 
243841.59 
243841.73 
243841.85 
243841.99 
243842.11 
243842.23 
243842.36 
243842.49 
243842.62 
243842.74 
243842.88 
243843.00 
243843.13 
243843.26 
243843.39 
243843.51 
243843.64 
243843.77 
243843.90 
243844.02 
243844.15 
243844.27 
243844.40 
243844.53 
243844.66 
243844.79 
243844.92 
243845.05 
243845.18 
243845.31 
243845.45 
243845.57 
243845.70 
243845.83 
243845.96 
243846.09 
243846.22 
243846.35 
243846.47 
243846.60 
243846.73 
243846.86 
243846.99 
243847.12 
243847.26 
243847.38 
243847.51 
243847.62 
243847.75 
243847.88 
243848.01 
243848.14 
243848.27 
243848.39 
243848.52 
243848.65 
243848.78 
243848.92 
243849.05 
243849.18 
243849.30 
243849.44 
243849.57 
243849.69 
243849.82 
243849.95 
243850.10 
243850.23 
243850.37 
243850.50 
243850.62 
243850.74 
243850.87 
243851.00 
243851.13 
243851.25 
243851.38 
243851.51 
243851.64 
243851.77 
243851.90 
243852.03 
243852.17 
243852.30 
243852.42 
243852.54 
243852.66 
243852.78 
243852.91 
243853.04 
243853.17 
243853.30 
243853.41 
243853.53 
243853.66 
243853.79 
243853.93 
243854.06 
243854.18 
243854.31 
243854.44 
243854.57 
243854.71 
243854.84 
243854.97 
243855.10 
243855.22 
243855.35 
243855.48 
243855.61 
243855.74 
243855.87 
243855.99 
243856.12 
243856.25 
243856.38 
243856.51 
243856.64 
243856.76 
243856.89 
243857.02 
243857.14 
243857.28 
243857.40 
243857.53 
243857.66 
243857.79 
243857.92 
243858.06 
243858.18 
243858.31 
243858.44 
243858.56 
243858.69 
243858.82 
243858.94 
243859.07 
243859.20 
243859.33 
243859.47 
243859.61 
243859.73 
243859.86 
243859.98 
243860.11 
243860.24 
243860.38 
243860.50 
243860.64 
243860.77 
243860.89 
243861.02 
243861.14 
243861.28 
243861.40 
243861.53 
243861.66 
243861.78 
243861.91 
243862.04 
243862.17 
243862.30 
243862.42 
243862.55 
243862.69 
243862.82 
243862.95 
243863.07 
243863.21 
243863.35 
243863.47 
243863.58 
243863.71 
243863.84 
243863.97 
243864.09 
243864.22 
243864.34 
243864.47 
243864.61 
243864.74 
243864.87 
243865.00 
243865.14 
243865.26 
243865.39 
243865.52 
243865.64 
243865.77 
243865.90 
243866.03 
243866.16 
243866.29 
243866.42 
243866.56 
243866.68 
243866.81 
243866.94 
243867.06 
243867.20 
243867.32 
243867.45 
243867.58 
243867.71 
243867.84 
243867.96 
243868.08 
243868.21 
243868.33 
243868.46 
243868.59 
243868.72 
243868.85 
243868.98 
243869.11 
243869.24 
243869.37 
243869.50 
243869.63 
243869.76 
243869.88 
243870.01 
243870.14 
243870.26 
243870.39 
243870.52 
243870.65 
243870.78 
243870.90 
243871.03 
243871.16 
243871.29 
243871.42 
243871.54 
243871.67 
243871.80 
243871.93 
243872.06 
243872.18 
243872.31 
243872.44 
243872.57 
243872.70 
243872.82 
243872.94 
243873.07 
243873.19 
243873.32 
243873.45 
243873.58 
243873.71 
243873.84 
243873.97 
243874.09 
243874.22 
243874.36 
243874.49 
243874.62 
243874.74 
243874.88 
243875.01 
243875.14 
243875.28 
243875.40 
243875.53 
243875.66 
243875.79 
243875.92 
243876.05 
243876.18 
243876.31 
243876.43 
243876.56 
243876.70 
243876.82 
243876.96 
243877.08 
243877.21 
243877.34 
243877.46 
243877.59 
243877.72 
243877.85 
243877.98 
243878.11 
243878.25 
243878.38 
243878.51 
243878.63 
243878.75 
243878.88 
243879.02 
243879.16 
243879.30 
243879.42 
243879.56 
243879.70 
243879.83 
243879.95 
243880.08 
243880.20 
243880.32 
243880.44 
243880.56 
243880.69 
243880.82 
243880.95 
243881.07 
243881.20 
243881.34 
243881.46 
243881.59 
243881.72 
243881.85 
243881.98 
243882.10 
243882.23 
243882.36 
243882.49 
243882.62 
243882.75 
243882.88 
243883.00 
243883.13 
243883.26 
243883.39 
243883.52 
243883.64 
243883.75 
243883.89 
243884.01 
243884.14 
243884.26 
243884.39 
243884.52 
243884.64 
243884.77 
243884.90 
243885.02 
243885.15 
243885.28 
243885.41 
243885.54 
243885.67 
243885.80 
243885.92 
243886.05 
243886.18 
243886.32 
243886.44 
243886.57 
243886.70 
243886.82 
243886.95 
243887.09 
243887.21 
243887.34 
243887.47 
243887.59 
243887.72 
243887.85 
243887.98 
243888.12 
243888.23 
243888.36 
243888.49 
243888.62 
243888.75 
243888.88 
243889.00 
243889.13 
243889.26 
243889.39 
243889.52 
243889.65 
243889.79 
243889.92 
243890.05 
243890.18 
243890.32 
243890.45 
243890.58 
243890.71 
243890.84 
243890.95 
243891.07 
243891.20 
243891.33 
243891.46 
243891.58 
243891.70 
243891.83 
243891.97 
243892.09 
243892.22 
243892.35 
243892.48 
243892.61 
243892.74 
243892.88 
243893.01 
243893.14 
243893.27 
243893.40 
243893.53 
243893.66 
243893.78 
243893.92 
243894.04 
243894.17 
243894.31 
243894.44 
243894.57 
243894.70 
243894.82 
243894.95 
243895.08 
243895.22 
243895.36 
243895.48 
243895.61 
243895.74 
243895.88 
243896.00 
243896.14 
243896.26 
243896.39 
243896.52 
243896.65 
243896.78 
243896.91 
243897.04 
243897.17 
243897.29 
243897.41 
243897.54 
243897.67 
243897.80 
243897.93 
243898.06 
243898.19 
243898.33 
243898.44 
243898.57 
243898.70 
243898.83 
243898.95 
243899.07 
243899.20 
243899.32 
243899.45 
243899.58 
243899.71 
243899.85 
243899.96 
243900.09 
243900.22 
243900.35 
243900.48 
243900.61 
243900.74 
243900.86 
243900.99 
243901.11 
243901.26 
243901.37 
243901.51 
243901.63 
243901.75 
243901.88 
243902.00 
243902.13 
243902.26 
243902.39 
243902.52 
243902.65 
243902.77 
243902.89 
243903.02 
243903.14 
243903.27 
243903.39 
243903.52 
243903.64 
243903.77 
243903.90 
243904.02 
243904.15 
243904.28 
243904.40 
243904.53 
243904.65 
243904.78 
243904.90 
243905.03 
243905.16 
243905.28 
243905.41 
243905.54 
243905.67 
243905.79 
243905.92 
243906.05 
243906.18 
243906.31 
243906.43 
243906.56 
243906.68 
243906.81 
243906.94 
243907.07 
243907.19 
243907.32 
243907.45 
243907.58 
243907.70 
243907.83 
243907.96 
243908.09 
243908.22 
243908.34 
243908.47 
243908.60 
243908.73 
243908.87 
243908.99 
243909.11 
243909.24 
243909.36 
243909.49 
243909.61 
243909.74 
243909.87 
243910.00 
243910.13 
243910.26 
243910.39 
243910.52 
243910.65 
243910.77 
243910.90 
243911.04 
243911.16 
243911.29 
243911.42 
243911.56 
243911.69 
243911.82 
243911.95 
243912.07 
243912.21 
243912.34 
243912.48 
243912.60 
243912.73 
243912.86 
243912.98 
243913.12 
243913.25 
243913.37 
243913.50 
243913.63 
243913.76 
243913.90 
243914.03 
243914.15 
243914.28 
243914.40 
243914.52 
243914.65 
243914.78 
243914.91 
243915.04 
243915.18 
243915.31 
243915.43 
243915.56 
243915.70 
243915.82 
243915.94 
243916.08 
243916.22 
243916.35 
243916.47 
243916.60 
243916.73 
243916.86 
243916.98 
243917.12 
243917.25 
243917.38 
243917.51 
243917.63 
243917.76 
243917.90 
243918.03 
243918.15 
243918.28 
243918.41 
243918.54 
243918.66 
243918.79 
243918.92 
243919.05 
243919.20 
243919.32 
243919.44 
243919.56 
243919.69 
243919.82 
243919.95 
243920.08 
243920.21 
243920.35 
243920.48 
243920.60 
243920.73 
243920.86 
243920.99 
243921.13 
243921.26 
243921.39 
243921.51 
243921.64 
243921.77 
243921.90 
243922.03 
243922.15 
243922.28 
243922.41 
243922.54 
243922.67 
243922.80 
243922.94 
243923.07 
243923.20 
243923.34 
243923.47 
243923.60 
243923.73 
243923.85 
243923.98 
243924.12 
243924.23 
243924.36 
243924.49 
243924.62 
243924.75 
243924.87 
243925.01 
243925.14 
243925.27 
243925.39 
243925.53 
243925.66 
243925.79 
243925.92 
243926.05 
243926.18 
243926.30 
243926.43 
243926.56 
243926.68 
243926.81 
243926.94 
243927.06 
243927.19 
243927.32 
243927.44 
243927.57 
243927.70 
243927.82 
243927.95 
243928.08 
243928.21 
243928.34 
243928.47 
243928.59 
243928.72 
243928.84 
243928.97 
243929.10 
243929.22 
243929.34 
243929.47 
243929.60 
243929.73 
243929.85 
243929.99 
243930.12 
243930.24 
243930.37 
243930.50 
243930.63 
243930.75 
243930.87 
243931.01 
243931.14 
243931.26 
243931.39 
243931.52 
243931.64 
243931.77 
243931.90 
243932.02 
243932.16 
243932.28 
243932.41 
243932.53 
243932.65 
243932.78 
243932.91 
243933.04 
243933.17 
243933.30 
243933.42 
243933.55 
243933.68 
243933.82 
243933.94 
243934.07 
243934.20 
243934.33 
243934.46 
243934.58 
243934.71 
243934.84 
243934.97 
243935.10 
243935.23 
243935.36 
243935.49 
243935.61 
243935.75 
243935.87 
243935.99 
243936.12 
243936.24 
243936.38 
243936.51 
243936.65 
243936.79 
243936.91 
243937.03 
243937.17 
243937.30 
243937.42 
243937.57 
243937.69 
243937.81 
243937.93 
243938.07 
243938.19 
243938.31 
243938.44 
243938.56 
243938.69 
243938.82 
243938.96 
243939.08 
243939.21 
243939.34 
243939.47 
243939.60 
243939.73 
243939.86 
243939.99 
243940.12 
243940.25 
243940.38 
243940.51 
243940.63 
243940.76 
243940.88 
243941.01 
243941.15 
243941.28 
243941.40 
243941.53 
243941.66 
243941.79 
243941.92 
243942.04 
243942.16 
243942.28 
243942.41 
243942.54 
243942.68 
243942.80 
243942.93 
243943.06 
243943.19 
243943.31 
243943.44 
243943.58 
243943.71 
243943.84 
243943.97 
243944.11 
243944.24 
243944.38 
243944.51 
243944.63 
243944.76 
243944.89 
243945.02 
243945.14 
243945.27 
243945.38 
243945.50 
243945.63 
243945.76 
243945.89 
243946.01 
243946.14 
243946.26 
243946.39 
243946.52 
243946.65 
243946.77 
243946.90 
243947.03 
243947.15 
243947.28 
243947.40 
243947.53 
243947.66 
243947.78 
243947.91 
243948.04 
243948.16 
243948.29 
243948.42 
243948.55 
243948.67 
243948.80 
243948.93 
243949.06 
243949.18 
243949.31 
243949.44 
243949.57 
243949.70 
243949.83 
243949.95 
243950.09 
243950.21 
243950.34 
243950.47 
243950.60 
243950.72 
243950.85 
243950.97 
243951.10 
243951.24 
243951.37 
243951.48 
243951.62 
243951.75 
243951.87 
243952.01 
243952.14 
243952.26 
243952.39 
243952.52 
243952.65 
243952.78 
243952.91 
243953.03 
243953.16 
243953.30 
243953.43 
243953.57 
243953.70 
243953.82 
243953.94 
243954.08 
243954.21 
243954.35 
243954.46 
243954.59 
243954.72 
243954.84 
243954.96 
243955.09 
243955.23 
243955.35 
243955.48 
243955.61 
243955.74 
243955.87 
243956.00 
243956.13 
243956.27 
243956.40 
243956.52 
243956.64 
243956.78 
243956.91 
243957.04 
243957.17 
243957.30 
243957.43 
243957.56 
243957.69 
243957.82 
243957.95 
243958.09 
243958.22 
243958.35 
243958.47 
243958.59 
243958.71 
243958.84 
243958.96 
243959.08 
243959.21 
243959.34 
243959.47 
243959.61 
243959.74 
243959.87 
243960.00 
243960.13 
243960.26 
243960.39 
243960.52 
243960.65 
243960.78 
243960.91 
243961.03 
243961.16 
243961.29 
243961.42 
243961.54 
243961.67 
243961.80 
243961.93 
243962.06 
243962.19 
243962.31 
243962.44 
243962.57 
243962.70 
243962.82 
243962.95 
243963.08 
243963.20 
243963.33 
243963.45 
243963.59 
243963.72 
243963.85 
243963.98 
243964.11 
243964.23 
243964.36 
243964.49 
243964.62 
243964.75 
243964.88 
243965.00 
243965.13 
243965.26 
243965.38 
243965.51 
243965.64 
243965.77 
243965.90 
243966.04 
243966.17 
243966.31 
243966.43 
243966.56 
243966.68 
243966.81 
243966.94 
243967.07 
243967.20 
243967.33 
243967.46 
243967.60 
243967.74 
243967.86 
243968.00 
243968.12 
243968.25 
243968.38 
243968.50 
243968.64 
243968.77 
243968.90 
243969.04 
243969.16 
243969.30 
243969.43 
243969.57 
243969.70 
243969.84 
243969.97 
243970.10 
243970.24 
243970.36 
243970.49 
243970.62 
243970.74 
243970.88 
243971.00 
243971.13 
243971.25 
243971.38 
243971.51 
243971.64 
243971.76 
243971.89 
243972.02 
243972.15 
243972.27 
243972.40 
243972.53 
243972.66 
243972.78 
243972.91 
243973.04 
243973.17 
243973.30 
243973.42 
243973.53 
243973.65 
243973.78 
243973.90 
243974.03 
243974.15 
243974.27 
243974.40 
243974.51 
243974.62 
243974.73 
243974.86 
243974.97 
243975.08 
243975.19 
243975.30 
243975.44 
243975.55 
243975.68 
243975.82 
243975.95 
243976.08 
243976.22 
243976.35 
243976.48 
243976.61 
243976.73 
243976.86 
243976.99 
243977.11 
243977.25 
243977.39 
243977.52 
243977.65 
243977.77 
243977.90 
243978.03 
243978.15 
243978.29 
243978.42 
243978.54 
243978.67 
243978.80 
243978.94 
243979.07 
243979.20 
243979.34 
243979.47 
243979.60 
243979.74 
243979.87 
243980.00 
243980.13 
243980.25 
243980.38 
243980.51 
243980.63 
243980.77 
243980.90 
243981.03 
243981.15 
243981.28 
243981.41 
243981.54 
243981.68 
243981.81 
243981.93 
243982.06 
243982.19 
243982.32 
243982.44 
243982.57 
243982.70 
243982.83 
243982.95 
243983.09 
243983.22 
243983.35 
243983.49 
243983.62 
243983.74 
243983.87 
243984.00 
243984.12 
243984.26 
243984.39 
243984.53 
243984.65 
243984.78 
243984.91 
243985.03 
243985.17 
243985.29 
243985.42 
243985.56 
243985.70 
243985.82 
243985.95 
243986.08 
243986.20 
243986.33 
243986.46 
243986.59 
243986.72 
243986.84 
243986.98 
243987.10 
243987.23 
243987.35 
243987.49 
243987.62 
243987.74 
243987.87 
243988.00 
243988.14 
243988.27 
243988.40 
243988.53 
243988.65 
243988.78 
243988.90 
243989.04 
243989.17 
243989.31 
243989.44 
243989.57 
243989.69 
243989.82 
243989.95 
243990.09 
243990.22 
243990.35 
243990.48 
243990.60 
243990.73 
243990.86 
243990.99 
243991.12 
243991.24 
243991.37 
243991.50 
243991.63 
243991.75 
243991.89 
243992.02 
243992.14 
243992.27 
243992.40 
243992.53 
243992.66 
243992.79 
243992.93 
243993.05 
243993.18 
243993.31 
243993.44 
243993.58 
243993.71 
243993.84 
243993.96 
243994.09 
243994.22 
243994.36 
243994.49 
243994.62 
243994.75 
243994.87 
243994.99 
243995.12 
243995.24 
243995.37 
243995.50 
243995.63 
243995.75 
243995.89 
243996.01 
243996.14 
243996.27 
243996.39 
243996.53 
243996.66 
243996.78 
243996.91 
243997.04 
243997.17 
243997.30 
243997.42 
243997.54 
243997.68 
243997.82 
243997.95 
243998.09 
243998.22 
243998.35 
243998.48 
243998.61 
243998.73 
243998.86 
243998.99 
243999.12 
243999.25 
243999.38 
243999.50 
243999.63 
243999.76 
243999.89 
244000.02 
244000.14 
244000.27 
244000.39 
244000.53 
244000.65 
244000.79 
244000.91 
244001.04 
244001.16 
244001.27 
244001.38 
244001.49 
244001.60 
244001.71 
244001.82 
244001.93 
244002.04 
244002.14 
244002.28 
244002.39 
244002.53 
244002.64 
244002.77 
244002.89 
244003.02 
244003.14 
244003.27 
244003.41 
244003.55 
244003.67 
244003.81 
244003.93 
244004.06 
244004.20 
244004.33 
244004.45 
244004.57 
244004.70 
244004.82 
244004.95 
244005.08 
244005.21 
244005.32 
244005.45 
244005.56 
244005.69 
244005.81 
244005.94 
244006.06 
244006.18 
244006.32 
244006.44 
244006.57 
244006.70 
244006.82 
244006.95 
244007.08 
244007.21 
244007.34 
244007.46 
244007.59 
244007.72 
244007.85 
244007.97 
244008.10 
244008.24 
244008.37 
244008.51 
244008.63 
244008.76 
244008.89 
244009.02 
244009.14 
244009.27 
244009.40 
244009.53 
244009.66 
244009.79 
244009.91 
244010.04 
244010.17 
244010.29 
244010.43 
244010.56 
244010.68 
244010.81 
244010.93 
244011.05 
244011.19 
244011.30 
244011.43 
244011.56 
244011.70 
244011.83 
244011.95 
244012.08 
244012.21 
244012.34 
244012.46 
244012.59 
244012.73 
244012.86 
244012.98 
244013.11 
244013.24 
244013.37 
244013.50 
244013.62 
244013.75 
244013.88 
244014.00 
244014.14 
244014.26 
244014.39 
244014.52 
244014.65 
244014.78 
244014.90 
244015.03 
244015.16 
244015.29 
244015.43 
244015.55 
244015.67 
244015.79 
244015.92 
244016.05 
244016.19 
244016.31 
244016.44 
244016.57 
244016.70 
244016.82 
244016.95 
244017.07 
244017.20 
244017.33 
244017.46 
244017.60 
244017.73 
244017.87 
244018.02 
244018.14 
244018.27 
244018.40 
244018.52 
244018.66 
244018.79 
244018.91 
244019.04 
244019.16 
244019.30 
244019.43 
244019.56 
244019.68 
244019.81 
244019.93 
244020.06 
244020.18 
244020.31 
244020.44 
244020.56 
244020.69 
244020.81 
244020.94 
244021.07 
244021.20 
244021.32 
244021.44 
244021.57 
244021.69 
244021.82 
244021.95 
244022.08 
244022.21 
244022.33 
244022.46 
244022.59 
244022.72 
244022.85 
244022.98 
244023.10 
244023.22 
244023.34 
244023.46 
244023.59 
244023.71 
244023.84 
244023.96 
244024.09 
244024.22 
244024.34 
244024.47 
244024.60 
244024.72 
244024.85 
244024.98 
244025.11 
244025.24 
244025.37 
244025.50 
244025.63 
244025.76 
244025.88 
244026.02 
244026.14 
244026.27 
244026.39 
244026.52 
244026.65 
244026.78 
244026.91 
244027.03 
244027.17 
244027.31 
244027.43 
244027.57 
244027.69 
244027.82 
244027.96 
244028.09 
244028.21 
244028.34 
244028.47 
244028.60 
244028.73 
244028.86 
244029.00 
244029.13 
244029.26 
244029.38 
244029.52 
244029.64 
244029.77 
244029.90 
244030.04 
244030.17 
244030.30 
244030.43 
244030.56 
244030.68 
244030.81 
244030.95 
244031.08 
244031.21 
244031.34 
244031.46 
244031.59 
244031.72 
244031.85 
244031.98 
244032.12 
244032.24 
244032.37 
244032.52 
244032.65 
244032.77 
244032.89 
244033.04 
244033.17 
244033.29 
244033.42 
244033.53 
244033.66 
244033.79 
244033.92 
244034.05 
244034.18 
244034.33 
244034.44 
244034.57 
244034.70 
244034.83 
244034.95 
244035.08 
244035.21 
244035.34 
244035.47 
244035.61 
244035.74 
244035.86 
244036.00 
244036.13 
244036.27 
244036.39 
244036.51 
244036.64 
244036.76 
244036.89 
244037.02 
244037.14 
244037.27 
244037.40 
244037.53 
244037.66 
244037.79 
244037.92 
244038.05 
244038.18 
244038.31 
244038.44 
244038.57 
244038.70 
244038.83 
244038.95 
244039.08 
244039.21 
244039.34 
244039.47 
244039.59 
244039.72 
244039.85 
244039.98 
244040.11 
244040.24 
244040.37 
244040.50 
244040.63 
244040.76 
244040.88 
244041.02 
244041.14 
244041.27 
244041.39 
244041.53 
244041.66 
244041.78 
244041.91 
244042.04 
244042.17 
244042.30 
244042.42 
244042.56 
244042.69 
244042.82 
244042.95 
244043.08 
244043.20 
244043.33 
244043.46 
244043.59 
244043.72 
244043.85 
244043.98 
244044.12 
244044.24 
244044.36 
244044.49 
244044.62 
244044.75 
244044.88 
244045.00 
244045.13 
244045.25 
244045.39 
244045.52 
244045.66 
244045.79 
244045.93 
244046.06 
244046.19 
244046.32 
244046.45 
244046.57 
244046.70 
244046.82 
244046.95 
244047.08 
244047.22 
244047.35 
244047.47 
244047.60 
244047.73 
244047.86 
244048.00 
244048.12 
244048.25 
244048.37 
244048.51 
244048.64 
244048.77 
244048.89 
244049.02 
244049.15 
244049.27 
244049.41 
244049.54 
244049.66 
244049.78 
244049.91 
244050.03 
244050.17 
244050.30 
244050.42 
244050.55 
244050.69 
244050.83 
244050.96 
244051.10 
244051.24 
244051.36 
244051.48 
244051.61 
244051.73 
244051.86 
244051.98 
244052.10 
244052.23 
244052.36 
244052.49 
244052.62 
244052.75 
244052.88 
244053.01 
244053.13 
244053.26 
244053.39 
244053.52 
244053.64 
244053.77 
244053.90 
244054.02 
244054.15 
244054.28 
244054.41 
244054.54 
244054.67 
244054.80 
244054.93 
244055.05 
244055.18 
244055.32 
244055.45 
244055.58 
244055.72 
244055.84 
244055.97 
244056.11 
244056.24 
244056.36 
244056.49 
244056.62 
244056.74 
244056.87 
244057.01 
244057.14 
244057.26 
244057.38 
244057.52 
244057.64 
244057.77 
244057.89 
244058.02 
244058.15 
244058.28 
244058.41 
244058.54 
244058.67 
244058.79 
244058.92 
244059.05 
244059.18 
244059.30 
244059.43 
244059.57 
244059.70 
244059.83 
244059.96 
244060.09 
244060.22 
244060.34 
244060.48 
244060.61 
244060.75 
244060.87 
244061.01 
244061.13 
244061.26 
244061.39 
244061.52 
244061.64 
244061.78 
244061.92 
244062.04 
244062.17 
244062.29 
244062.41 
244062.54 
244062.67 
244062.79 
244062.92 
244063.05 
244063.18 
244063.31 
244063.45 
244063.58 
244063.71 
244063.83 
244063.97 
244064.10 
244064.24 
244064.37 
244064.50 
244064.63 
244064.77 
244064.89 
244065.03 
244065.16 
244065.29 
244065.41 
244065.55 
244065.68 
244065.81 
244065.94 
244066.07 
244066.20 
244066.33 
244066.46 
244066.59 
244066.71 
244066.84 
244066.98 
244067.10 
244067.23 
244067.36 
244067.49 
244067.61 
244067.74 
244067.87 
244068.00 
244068.12 
244068.25 
244068.38 
244068.51 
244068.65 
244068.78 
244068.91 
244069.05 
244069.17 
244069.31 
244069.44 
244069.57 
244069.69 
244069.82 
244069.96 
244070.09 
244070.20 
244070.33 
244070.46 
244070.59 
244070.71 
244070.84 
244070.97 
244071.10 
244071.24 
244071.37 
244071.50 
244071.63 
244071.76 
244071.89 
244072.02 
244072.14 
244072.28 
244072.41 
244072.54 
244072.66 
244072.79 
244072.92 
244073.05 
244073.18 
244073.32 
244073.43 
244073.56 
244073.69 
244073.82 
244073.94 
244074.08 
244074.20 
244074.33 
244074.46 
244074.58 
244074.71 
244074.84 
244074.97 
244075.10 
244075.23 
244075.35 
244075.48 
244075.60 
244075.73 
244075.85 
244075.99 
244076.11 
244076.24 
244076.36 
244076.50 
244076.62 
244076.75 
244076.89 
244077.02 
244077.15 
244077.28 
244077.40 
244077.53 
244077.65 
244077.78 
244077.92 
244078.05 
244078.17 
244078.30 
244078.45 
244078.59 
244078.72 
244078.84 
244078.98 
244079.11 
244079.24 
244079.36 
244079.49 
244079.61 
244079.73 
244079.86 
244079.98 
244080.11 
244080.24 
244080.36 
244080.49 
244080.61 
244080.74 
244080.87 
244080.99 
244081.12 
244081.24 
244081.37 
244081.49 
244081.62 
244081.74 
244081.86 
244081.99 
244082.11 
244082.23 
244082.35 
244082.47 
244082.60 
244082.72 
244082.84 
244082.96 
244083.09 
244083.22 
244083.34 
244083.48 
244083.60 
244083.73 
244083.86 
244084.00 
244084.13 
244084.25 
244084.38 
244084.51 
244084.64 
244084.78 
244084.91 
244085.03 
244085.16 
244085.29 
244085.42 
244085.54 
244085.68 
244085.81 
244085.94 
244086.07 
244086.21 
244086.33 
244086.46 
244086.59 
244086.72 
244086.85 
244086.98 
244087.10 
244087.23 
244087.35 
244087.48 
244087.61 
244087.74 
244087.86 
244087.99 
244088.12 
244088.25 
244088.37 
244088.50 
244088.63 
244088.76 
244088.88 
244089.01 
244089.14 
244089.26 
244089.39 
244089.52 
244089.65 
244089.78 
244089.90 
244090.03 
244090.15 
244090.29 
244090.42 
244090.56 
244090.70 
244090.82 
244090.95 
244091.08 
244091.20 
244091.34 
244091.47 
244091.61 
244091.74 
244091.86 
244091.99 
244092.12 
244092.25 
244092.38 
244092.50 
244092.63 
244092.76 
244092.89 
244093.02 
244093.15 
244093.28 
244093.42 
244093.55 
244093.68 
244093.82 
244093.94 
244094.07 
244094.21 
244094.34 
244094.46 
244094.59 
244094.71 
244094.84 
244094.99 
244095.10 
244095.23 
244095.35 
244095.47 
244095.60 
244095.74 
244095.87 
244095.99 
244096.12 
244096.25 
244096.37 
244096.49 
244096.62 
244096.74 
244096.87 
244097.00 
244097.13 
244097.25 
244097.38 
244097.51 
244097.63 
244097.76 
244097.88 
244098.01 
244098.14 
244098.26 
244098.39 
244098.51 
244098.62 
244098.75 
244098.87 
244099.00 
244099.13 
244099.25 
244099.37 
244099.50 
244099.62 
244099.75 
244099.87 
244100.00 
244100.13 
244100.25 
244100.38 
244100.50 
244100.63 
244100.75 
244100.87 
244101.00 
244101.12 
244101.25 
244101.37 
244101.49 
244101.62 
244101.74 
244101.86 
244101.99 
244102.11 
244102.24 
244102.36 
244102.49 
244102.62 
244102.74 
244102.87 
244103.00 
244103.12 
244103.25 
244103.38 
244103.50 
244103.62 
244103.75 
244103.88 
244104.00 
244104.13 
244104.26 
244104.38 
244104.50 
244104.63 
244104.76 
244104.88 
244105.01 
244105.13 
244105.26 
244105.38 
244105.51 
244105.64 
244105.76 
244105.89 
244106.01 
244106.14 
244106.27 
244106.40 
244106.53 
244106.66 
244106.78 
244106.91 
244107.04 
244107.17 
244107.29 
244107.42 
244107.54 
244107.67 
244107.80 
244107.93 
244108.05 
244108.18 
244108.31 
244108.44 
244108.57 
244108.70 
244108.82 
244108.95 
244109.08 
244109.21 
244109.34 
244109.47 
244109.59 
244109.72 
244109.85 
244109.98 
244110.11 
244110.23 
244110.36 
244110.50 
244110.63 
244110.75 
244110.88 
244111.01 
244111.14 
244111.26 
244111.39 
244111.52 
244111.64 
244111.77 
244111.90 
244112.02 
244112.15 
244112.29 
244112.42 
244112.55 
244112.68 
244112.81 
244112.94 
244113.07 
244113.20 
244113.33 
244113.47 
244113.59 
244113.71 
244113.84 
244113.96 
244114.08 
244114.21 
244114.34 
244114.47 
244114.60 
244114.74 
244114.86 
244114.99 
244115.11 
244115.25 
244115.38 
244115.49 
244115.61 
244115.74 
244115.87 
244116.00 
244116.12 
244116.25 
244116.38 
244116.51 
244116.64 
244116.78 
244116.91 
244117.04 
244117.17 
244117.30 
244117.42 
244117.55 
244117.68 
244117.81 
244117.95 
244118.07 
244118.20 
244118.33 
244118.46 
244118.59 
244118.72 
244118.85 
244118.99 
244119.11 
244119.25 
244119.37 
244119.50 
244119.63 
244119.75 
244119.88 
244120.01 
244120.13 
244120.27 
244120.40 
244120.53 
244120.66 
244120.79 
244120.92 
244121.05 
244121.17 
244121.30 
244121.44 
244121.57 
244121.70 
244121.83 
244121.96 
244122.10 
244122.22 
244122.35 
244122.48 
244122.61 
244122.75 
244122.88 
244123.02 
244123.15 
244123.27 
244123.41 
244123.54 
244123.68 
244123.80 
244123.93 
244124.06 
244124.19 
244124.32 
244124.44 
244124.57 
244124.70 
244124.84 
244124.97 
244125.10 
244125.23 
244125.35 
244125.48 
244125.62 
244125.76 
244125.89 
244126.03 
244126.16 
244126.29 
244126.41 
244126.53 
244126.66 
244126.78 
244126.91 
244127.04 
244127.17 
244127.30 
244127.42 
244127.55 
244127.67 
244127.80 
244127.93 
244128.06 
244128.19 
244128.32 
244128.45 
244128.59 
244128.72 
244128.84 
244128.97 
244129.10 
244129.23 
244129.35 
244129.47 
244129.62 
244129.74 
244129.87 
244130.00 
244130.13 
244130.25 
244130.39 
244130.51 
244130.64 
244130.78 
244130.91 
244131.05 
244131.16 
244131.30 
244131.42 
244131.54 
244131.66 
244131.79 
244131.92 
244132.05 
244132.18 
244132.31 
244132.44 
244132.57 
244132.69 
244132.82 
244132.95 
244133.08 
244133.21 
244133.34 
244133.47 
244133.59 
244133.72 
244133.85 
244133.98 
244134.11 
244134.24 
244134.36 
244134.49 
244134.62 
244134.75 
244134.88 
244135.00 
244135.13 
244135.26 
244135.40 
244135.53 
244135.65 
244135.78 
244135.91 
244136.04 
244136.17 
244136.30 
244136.44 
244136.57 
244136.70 
244136.82 
244136.95 
244137.08 
244137.21 
244137.34 
244137.46 
244137.59 
244137.72 
244137.85 
244137.98 
244138.11 
244138.24 
244138.37 
244138.50 
244138.62 
244138.75 
244138.89 
244139.03 
244139.16 
244139.29 
244139.42 
244139.54 
244139.67 
244139.81 
244139.94 
244140.07 
244140.20 
244140.33 
244140.46 
244140.59 
244140.72 
244140.86 
244140.99 
244141.12 
244141.25 
244141.37 
244141.50 
244141.64 
244141.77 
244141.90 
244142.02 
244142.15 
244142.28 
244142.41 
244142.54 
244142.67 
244142.80 
244142.93 
244143.06 
244143.19 
244143.32 
244143.44 
244143.56 
244143.69 
244143.82 
244143.95 
244144.09 
244144.21 
244144.34 
244144.46 
244144.60 
244144.72 
244144.84 
244144.95 
244145.08 
244145.21 
244145.34 
244145.47 
244145.60 
244145.73 
244145.87 
244146.00 
244146.12 
244146.25 
244146.38 
244146.52 
244146.63 
244146.77 
244146.90 
244147.04 
244147.17 
244147.31 
244147.43 
244147.56 
244147.69 
244147.82 
244147.94 
244148.07 
244148.20 
244148.33 
244148.46 
244148.60 
244148.73 
244148.86 
244148.99 
244149.13 
244149.26 
244149.40 
244149.52 
244149.64 
244149.77 
244149.90 
244150.03 
244150.16 
244150.30 
244150.43 
244150.55 
244150.68 
244150.81 
244150.94 
244151.06 
244151.20 
244151.33 
244151.46 
244151.60 
244151.72 
244151.84 
244151.96 
244152.09 
244152.22 
244152.34 
244152.47 
244152.60 
244152.72 
244152.85 
244152.99 
244153.12 
244153.25 
244153.38 
244153.52 
244153.65 
244153.78 
244153.92 
244154.05 
244154.17 
244154.28 
244154.42 
244154.54 
244154.67 
244154.79 
244154.92 
244155.04 
244155.18 
244155.30 
244155.44 
244155.56 
244155.69 
244155.82 
244155.94 
244156.07 
244156.20 
244156.33 
244156.46 
244156.59 
244156.72 
244156.86 
244156.99 
244157.11 
244157.24 
244157.36 
244157.49 
244157.62 
244157.74 
244157.88 
244158.01 
244158.14 
244158.27 
244158.40 
244158.53 
244158.67 
244158.80 
244158.92 
244159.04 
244159.16 
244159.29 
244159.44 
244159.57 
244159.69 
244159.82 
244159.94 
244160.08 
244160.20 
244160.33 
244160.44 
244160.57 
244160.70 
244160.82 
244160.95 
244161.08 
244161.21 
244161.34 
244161.47 
244161.61 
244161.74 
244161.87 
244162.00 
244162.14 
244162.27 
244162.41 
244162.53 
244162.66 
244162.79 
244162.92 
244163.04 
244163.18 
244163.31 
244163.44 
244163.57 
244163.70 
244163.84 
244163.96 
244164.09 
244164.22 
244164.34 
244164.47 
244164.61 
244164.74 
244164.86 
244164.98 
244165.11 
244165.23 
244165.36 
244165.49 
244165.62 
244165.74 
244165.88 
244166.00 
244166.13 
244166.26 
244166.39 
244166.52 
244166.65 
244166.78 
244166.91 
244167.04 
244167.17 
244167.31 
244167.45 
244167.59 
244167.71 
244167.84 
244167.96 
244168.09 
244168.21 
244168.34 
244168.47 
244168.59 
244168.72 
244168.85 
244168.98 
244169.11 
244169.24 
244169.36 
244169.49 
244169.61 
244169.74 
244169.86 
244169.99 
244170.11 
244170.24 
244170.36 
244170.49 
244170.61 
244170.74 
244170.86 
244170.99 
244171.12 
244171.24 
244171.37 
244171.49 
244171.62 
244171.74 
244171.87 
244171.99 
244172.12 
244172.24 
244172.36 
244172.49 
244172.61 
244172.75 
244172.87 
244173.00 
244173.13 
244173.26 
244173.40 
244173.53 
244173.66 
244173.79 
244173.92 
244174.05 
244174.17 
244174.31 
244174.43 
244174.56 
244174.69 
244174.81 
244174.93 
244175.06 
244175.20 
244175.32 
244175.45 
244175.57 
244175.69 
244175.81 
244175.93 
244176.06 
244176.19 
244176.33 
244176.46 
244176.58 
244176.71 
244176.84 
244176.97 
244177.10 
244177.22 
244177.35 
244177.49 
244177.62 
244177.74 
244177.87 
244177.99 
244178.12 
244178.25 
244178.37 
244178.50 
244178.63 
244178.76 
244178.88 
244179.01 
244179.14 
244179.27 
244179.39 
244179.51 
244179.64 
244179.77 
244179.90 
244180.03 
244180.16 
244180.28 
244180.42 
244180.55 
244180.68 
244180.81 
244180.94 
244181.08 
244181.21 
244181.35 
244181.46 
244181.59 
244181.73 
244181.85 
244181.97 
244182.10 
244182.22 
244182.35 
244182.47 
244182.60 
244182.73 
244182.85 
244182.98 
244183.11 
244183.23 
244183.36 
244183.48 
244183.61 
244183.74 
244183.86 
244183.99 
244184.12 
244184.26 
244184.39 
244184.53 
244184.65 
244184.78 
244184.91 
244185.04 
244185.16 
244185.29 
244185.42 
244185.54 
244185.65 
244185.77 
244185.90 
244186.03 
244186.15 
244186.28 
244186.41 
244186.54 
244186.66 
244186.79 
244186.92 
244187.05 
244187.18 
244187.31 
244187.43 
244187.56 
244187.69 
244187.82 
244187.95 
244188.09 
244188.21 
244188.34 
244188.48 
244188.61 
244188.75 
244188.88 
244189.01 
244189.14 
244189.27 
244189.40 
244189.53 
244189.66 
244189.79 
244189.91 
244190.04 
244190.17 
244190.30 
244190.42 
244190.55 
244190.67 
244190.80 
244190.93 
244191.05 
244191.17 
244191.29 
244191.41 
244191.54 
244191.66 
244191.79 
244191.92 
244192.06 
244192.19 
244192.32 
244192.45 
244192.58 
244192.71 
244192.83 
244192.96 
244193.10 
244193.22 
244193.35 
244193.47 
244193.61 
244193.74 
244193.86 
244193.99 
244194.12 
244194.25 
244194.38 
244194.52 
244194.65 
244194.78 
244194.92 
244195.04 
244195.17 
244195.30 
244195.44 
244195.56 
244195.69 
244195.82 
244195.95 
244196.08 
244196.21 
244196.34 
244196.47 
244196.60 
244196.73 
244196.86 
244196.99 
244197.12 
244197.26 
244197.39 
244197.54 
244197.68 
244197.81 
244197.93 
244198.06 
244198.18 
244198.31 
244198.44 
244198.56 
244198.69 
244198.82 
244198.94 
244199.07 
244199.20 
244199.33 
244199.45 
244199.57 
244199.70 
244199.83 
244199.95 
244200.08 
244200.21 
244200.34 
244200.46 
244200.59 
244200.71 
244200.84 
244200.97 
244201.09 
244201.21 
244201.34 
244201.46 
244201.59 
244201.71 
244201.86 
244201.98 
244202.11 
244202.24 
244202.37 
244202.50 
244202.62 
244202.75 
244202.87 
244203.00 
244203.12 
244203.25 
244203.38 
244203.50 
244203.63 
244203.77 
244203.90 
244204.03 
244204.16 
244204.28 
244204.41 
244204.55 
244204.68 
244204.81 
244204.93 
244205.06 
244205.19 
244205.32 
244205.44 
244205.57 
244205.70 
244205.83 
244205.96 
244206.08 
244206.21 
244206.34 
244206.46 
244206.59 
244206.71 
244206.83 
244206.96 
244207.10 
244207.23 
244207.36 
244207.50 
244207.63 
244207.76 
244207.88 
244208.01 
244208.14 
244208.28 
244208.41 
244208.54 
244208.67 
244208.79 
244208.93 
244209.06 
244209.19 
244209.32 
244209.44 
244209.58 
244209.71 
244209.85 
244209.98 
244210.11 
244210.23 
244210.37 
244210.49 
244210.62 
244210.74 
244210.88 
244211.01 
244211.15 
244211.27 
244211.40 
244211.53 
244211.66 
244211.79 
244211.93 
244212.06 
244212.19 
244212.32 
244212.46 
244212.59 
244212.71 
244212.84 
244212.97 
244213.10 
244213.22 
244213.35 
244213.47 
244213.60 
244213.73 
244213.86 
244213.99 
244214.12 
244214.24 
244214.38 
244214.50 
244214.63 
244214.76 
244214.89 
244215.01 
244215.14 
244215.26 
244215.39 
244215.52 
244215.65 
244215.78 
244215.91 
244216.04 
244216.17 
244216.30 
244216.44 
244216.57 
244216.70 
244216.83 
244216.95 
244217.09 
244217.21 
244217.34 
244217.47 
244217.60 
244217.74 
244217.86 
244217.99 
244218.12 
244218.25 
244218.38 
244218.51 
244218.63 
244218.76 
244218.89 
244219.02 
244219.15 
244219.27 
244219.40 
244219.53 
244219.66 
244219.80 
244219.93 
244220.06 
244220.18 
244220.32 
244220.45 
244220.57 
244220.70 
244220.82 
244220.95 
244221.08 
244221.22 
244221.34 
244221.46 
244221.59 
244221.71 
244221.83 
244221.96 
244222.07 
244222.21 
244222.33 
244222.46 
244222.59 
244222.73 
244222.86 
244223.00 
244223.13 
244223.26 
244223.39 
244223.51 
244223.64 
244223.77 
244223.90 
244224.03 
244224.15 
244224.29 
244224.42 
244224.55 
244224.68 
244224.81 
244224.93 
244225.06 
244225.18 
244225.32 
244225.45 
244225.57 
244225.70 
244225.82 
244225.94 
244226.08 
244226.20 
244226.33 
244226.46 
244226.59 
244226.71 
244226.84 
244226.97 
244227.10 
244227.24 
244227.37 
244227.50 
244227.63 
244227.75 
244227.88 
244228.01 
244228.14 
244228.27 
244228.40 
244228.53 
244228.65 
244228.79 
244228.93 
244229.05 
244229.18 
244229.31 
244229.44 
244229.58 
244229.72 
244229.84 
244229.98 
244230.11 
244230.23 
244230.36 
244230.49 
244230.62 
244230.75 
244230.88 
244231.01 
244231.14 
244231.27 
244231.40 
244231.52 
244231.66 
244231.79 
244231.93 
244232.06 
244232.18 
244232.32 
244232.44 
244232.57 
244232.70 
244232.83 
244232.95 
244233.08 
244233.21 
244233.34 
244233.46 
244233.60 
244233.73 
244233.86 
244233.99 
244234.12 
244234.25 
244234.38 
244234.51 
244234.64 
244234.78 
244234.91 
244235.04 
244235.17 
244235.31 
244235.43 
244235.56 
244235.68 
244235.81 
244235.94 
244236.07 
244236.19 
244236.33 
244236.46 
244236.59 
244236.72 
244236.85 
244236.97 
244237.11 
244237.25 
244237.38 
244237.49 
244237.61 
244237.74 
244237.86 
244238.00 
244238.12 
244238.26 
244238.38 
244238.51 
244238.65 
244238.77 
244238.89 
244239.02 
244239.16 
244239.29 
244239.42 
244239.56 
244239.69 
244239.82 
244239.95 
244240.08 
244240.22 
244240.35 
244240.47 
244240.60 
244240.73 
244240.86 
244240.99 
244241.12 
244241.25 
244241.39 
244241.51 
244241.65 
244241.77 
244241.91 
244242.04 
244242.18 
244242.31 
244242.43 
244242.56 
244242.69 
244242.83 
244242.95 
244243.08 
244243.22 
244243.34 
244243.46 
244243.59 
244243.72 
244243.85 
244243.98 
244244.11 
244244.24 
244244.37 
244244.49 
244244.62 
244244.74 
244244.87 
244245.01 
244245.14 
244245.28 
244245.40 
244245.51 
244245.64 
244245.76 
244245.89 
244246.03 
244246.15 
244246.28 
244246.41 
244246.54 
244246.67 
244246.79 
244246.92 
244247.05 
244247.18 
244247.30 
244247.43 
244247.56 
244247.69 
244247.82 
244247.95 
244248.09 
244248.23 
244248.35 
244248.47 
244248.60 
244248.73 
244248.85 
244248.98 
244249.12 
244249.25 
244249.38 
244249.52 
244249.64 
244249.77 
244249.90 
244250.05 
244250.19 
244250.31 
244250.44 
244250.56 
244250.69 
244250.80 
244250.94 
244251.07 
244251.18 
244251.29 
244251.40 
244251.53 
244251.64 
244251.76 
244251.89 
244252.00 
244252.10 
244252.21 
244252.35 
244252.48 
244252.61 
244252.74 
244252.86 
244252.99 
244253.12 
244253.24 
244253.38 
244253.51 
244253.65 
244253.79 
244253.92 
244254.04 
244254.18 
244254.30 
244254.43 
244254.56 
244254.68 
244254.81 
244254.95 
244255.07 
244255.20 
244255.32 
244255.45 
244255.59 
244255.71 
244255.83 
244255.97 
244256.09 
244256.22 
244256.35 
244256.48 
244256.60 
244256.74 
244256.86 
244256.99 
244257.12 
244257.24 
244257.38 
244257.50 
244257.63 
244257.76 
244257.89 
244258.01 
244258.14 
244258.27 
244258.40 
244258.52 
244258.66 
244258.79 
244258.93 
244259.05 
244259.18 
244259.31 
244259.44 
244259.56 
244259.69 
244259.82 
244259.95 
244260.08 
244260.21 
244260.33 
244260.46 
244260.59 
244260.72 
244260.85 
244260.98 
244261.10 
244261.23 
244261.36 
244261.49 
244261.61 
244261.74 
244261.87 
244262.00 
244262.12 
244262.25 
244262.39 
244262.52 
244262.66 
244262.78 
244262.91 
244263.03 
244263.17 
244263.29 
244263.43 
244263.55 
244263.68 
244263.80 
244263.94 
244264.06 
244264.19 
244264.32 
244264.45 
244264.57 
244264.70 
244264.83 
244264.96 
244265.09 
244265.21 
244265.34 
244265.47 
244265.60 
244265.72 
244265.85 
244265.98 
244266.11 
244266.23 
244266.37 
244266.49 
244266.62 
244266.75 
244266.87 
244267.01 
244267.13 
244267.27 
244267.39 
244267.53 
244267.66 
244267.79 
244267.92 
244268.04 
244268.18 
244268.30 
244268.43 
244268.55 
244268.69 
244268.81 
244268.94 
244269.07 
244269.20 
244269.34 
244269.47 
244269.59 
244269.73 
244269.86 
244269.98 
244270.11 
244270.24 
244270.36 
244270.50 
244270.62 
244270.75 
244270.88 
244271.00 
244271.14 
244271.26 
244271.38 
244271.51 
244271.65 
244271.79 
244271.92 
244272.04 
244272.18 
244272.30 
244272.43 
244272.56 
244272.68 
244272.80 
244272.92 
244273.05 
244273.18 
244273.31 
244273.44 
244273.57 
244273.69 
244273.82 
244273.95 
244274.08 
244274.21 
244274.33 
244274.46 
244274.59 
244274.72 
244274.84 
244274.98 
244275.10 
244275.23 
244275.36 
244275.49 
244275.61 
244275.74 
244275.87 
244276.00 
244276.12 
244276.25 
244276.38 
244276.51 
244276.64 
244276.76 
244276.90 
244277.02 
244277.15 
244277.28 
244277.41 
244277.53 
244277.66 
244277.79 
244277.92 
244278.05 
244278.18 
244278.30 
244278.43 
244278.56 
244278.70 
244278.83 
244278.96 
244279.09 
244279.21 
244279.35 
244279.48 
244279.62 
244279.73 
244279.87 
244280.00 
244280.14 
244280.27 
244280.41 
244280.54 
244280.68 
244280.79 
244280.92 
244281.04 
244281.17 
244281.30 
244281.43 
244281.56 
244281.69 
244281.81 
244281.95 
244282.07 
244282.20 
244282.34 
244282.46 
244282.58 
244282.71 
244282.83 
244282.97 
244283.09 
244283.22 
244283.36 
244283.48 
244283.61 
244283.74 
244283.86 
244283.99 
244284.12 
244284.27 
244284.38 
244284.51 
244284.63 
244284.76 
244284.89 
244285.02 
244285.15 
244285.28 
244285.42 
244285.55 
244285.67 
244285.78 
244285.91 
244286.04 
244286.16 
244286.29 
244286.42 
244286.57 
244286.69 
244286.82 
244286.94 
244287.06 
244287.20 
244287.33 
244287.45 
244287.58 
244287.71 
244287.83 
244287.96 
244288.09 
244288.22 
244288.35 
244288.47 
244288.61 
244288.73 
244288.87 
244289.00 
244289.13 
244289.26 
244289.39 
244289.52 
244289.66 
244289.79 
244289.91 
244290.04 
244290.17 
244290.30 
244290.44 
244290.55 
244290.68 
244290.81 
244290.94 
244291.06 
244291.20 
244291.33 
244291.45 
244291.58 
244291.71 
244291.85 
244291.98 
244292.10 
244292.23 
244292.37 
244292.49 
244292.62 
244292.74 
244292.87 
244293.00 
244293.13 
244293.26 
244293.39 
244293.53 
244293.66 
244293.79 
244293.93 
244294.05 
244294.18 
244294.31 
244294.45 
244294.58 
244294.71 
244294.84 
244294.98 
244295.11 
244295.25 
244295.37 
244295.50 
244295.64 
244295.77 
244295.90 
244296.02 
244296.16 
244296.29 
244296.42 
244296.56 
244296.68 
244296.82 
244296.96 
244297.09 
244297.22 
244297.34 
244297.46 
244297.58 
244297.71 
244297.84 
244297.97 
244298.10 
244298.21 
244298.33 
244298.44 
244298.57 
244298.70 
244298.82 
244298.95 
244299.08 
244299.20 
244299.33 
244299.45 
244299.58 
244299.71 
244299.85 
244299.98 
244300.11 
244300.23 
244300.36 
244300.49 
244300.62 
244300.75 
244300.88 
244301.00 
244301.13 
244301.25 
244301.39 
244301.52 
244301.64 
244301.77 
244301.90 
244302.03 
244302.15 
244302.28 
244302.41 
244302.54 
244302.66 
244302.79 
244302.93 
244303.05 
244303.18 
244303.31 
244303.44 
244303.57 
244303.70 
244303.83 
244303.97 
244304.09 
244304.21 
244304.34 
244304.47 
244304.61 
244304.73 
244304.86 
244305.00 
244305.13 
244305.26 
244305.39 
244305.52 
244305.65 
244305.77 
244305.90 
244306.02 
244306.15 
244306.28 
244306.40 
244306.53 
244306.66 
244306.79 
244306.93 
244307.06 
244307.19 
244307.33 
244307.47 
244307.61 
244307.73 
244307.86 
244307.98 
244308.11 
244308.24 
244308.36 
244308.49 
244308.61 
244308.74 
244308.86 
244308.99 
244309.13 
244309.25 
244309.38 
244309.51 
244309.63 
244309.76 
244309.88 
244310.01 
244310.15 
244310.27 
244310.40 
244310.53 
244310.65 
244310.78 
244310.90 
244311.03 
244311.16 
244311.28 
244311.41 
244311.53 
244311.66 
244311.80 
244311.93 
244312.05 
244312.17 
244312.30 
244312.42 
244312.55 
244312.67 
244312.80 
244312.92 
244313.04 
244313.19 
244313.31 
244313.44 
244313.56 
244313.68 
244313.80 
244313.92 
244314.04 
244314.16 
244314.29 
244314.42 
244314.54 
244314.66 
244314.80 
244314.93 
244315.05 
244315.18 
244315.30 
244315.42 
244315.54 
244315.67 
244315.80 
244315.92 
244316.04 
244316.17 
244316.29 
244316.43 
244316.56 
244316.70 
244316.82 
244316.95 
244317.07 
244317.20 
244317.33 
244317.46 
244317.58 
244317.71 
244317.83 
244317.95 
244318.08 
244318.21 
244318.33 
244318.45 
244318.58 
244318.70 
244318.82 
244318.95 
244319.08 
244319.21 
244319.34 
244319.47 
244319.60 
244319.74 
244319.87 
244320.01 
244320.15 
244320.27 
244320.39 
244320.52 
244320.65 
244320.78 
244320.90 
244321.03 
244321.16 
244321.29 
244321.42 
244321.55 
244321.68 
244321.81 
244321.95 
244322.08 
244322.20 
244322.33 
244322.46 
244322.59 
244322.71 
244322.84 
244322.97 
244323.10 
244323.24 
244323.37 
244323.50 
244323.62 
244323.75 
244323.88 
244324.01 
244324.14 
244324.26 
244324.39 
244324.52 
244324.65 
244324.78 
244324.91 
244325.04 
244325.18 
244325.31 
244325.44 
244325.57 
244325.69 
244325.82 
244325.96 
244326.07 
244326.21 
244326.34 
244326.47 
244326.60 
244326.73 
244326.86 
244326.99 
244327.12 
244327.24 
244327.37 
244327.50 
244327.62 
244327.75 
244327.88 
244328.01 
244328.14 
244328.27 
244328.41 
244328.55 
244328.67 
244328.79 
244328.92 
244329.06 
244329.19 
244329.31 
244329.43 
244329.55 
244329.70 
244329.82 
244329.94 
244330.07 
244330.21 
244330.35 
244330.48 
244330.62 
244330.75 
244330.87 
244331.00 
244331.12 
244331.25 
244331.38 
244331.51 
244331.64 
244331.76 
244331.89 
244332.03 
244332.15 
244332.28 
244332.41 
244332.54 
244332.66 
244332.80 
244332.93 
244333.06 
244333.20 
244333.32 
244333.45 
244333.57 
244333.70 
244333.82 
244333.94 
244334.07 
244334.20 
244334.33 
244334.46 
244334.59 
244334.71 
244334.84 
244334.97 
244335.10 
244335.23 
244335.36 
244335.50 
244335.63 
244335.75 
244335.88 
244336.01 
244336.14 
244336.27 
244336.42 
244336.54 
244336.68 
244336.80 
244336.92 
244337.05 
244337.19 
244337.31 
244337.43 
244337.55 
244337.69 
244337.82 
244337.94 
244338.08 
244338.22 
244338.34 
244338.47 
244338.61 
244338.74 
244338.88 
244339.03 
244339.15 
244339.28 
244339.40 
244339.53 
244339.66 
244339.78 
244339.90 
244340.02 
244340.15 
244340.28 
244340.41 
244340.53 
244340.67 
244340.80 
244340.93 
244341.07 
244341.19 
244341.32 
244341.45 
244341.58 
244341.71 
244341.83 
244341.97 
244342.10 
244342.23 
244342.37 
244342.49 
244342.62 
244342.75 
244342.88 
244343.01 
244343.13 
244343.26 
244343.39 
244343.52 
244343.65 
244343.78 
244343.91 
244344.04 
244344.17 
244344.30 
244344.44 
244344.56 
244344.68 
244344.80 
244344.93 
244345.06 
244345.20 
244345.32 
244345.45 
244345.57 
244345.72 
244345.85 
244345.98 
244346.10 
244346.22 
244346.35 
244346.47 
244346.60 
244346.73 
244346.85 
244346.99 
244347.11 
244347.25 
244347.38 
244347.50 
244347.63 
244347.76 
244347.89 
244348.03 
244348.15 
244348.29 
244348.42 
244348.54 
244348.67 
244348.79 
244348.92 
244349.05 
244349.18 
244349.31 
244349.44 
244349.58 
244349.71 
244349.83 
244349.97 
244350.10 
244350.24 
244350.36 
244350.49 
244350.62 
244350.75 
244350.87 
244351.01 
244351.13 
244351.27 
244351.41 
244351.54 
244351.69 
244351.81 
244351.94 
244352.06 
244352.19 
244352.32 
244352.44 
244352.56 
244352.69 
244352.81 
244352.94 
244353.06 
244353.19 
244353.32 
244353.44 
244353.57 
244353.69 
244353.82 
244353.94 
244354.06 
244354.18 
244354.30 
244354.43 
244354.56 
244354.69 
244354.82 
244354.96 
244355.08 
244355.21 
244355.34 
244355.47 
244355.60 
244355.73 
244355.87 
244356.00 
244356.13 
244356.25 
244356.38 
244356.51 
244356.64 
244356.77 
244356.90 
244357.04 
244357.18 
244357.29 
244357.42 
244357.54 
244357.67 
244357.81 
244357.94 
244358.06 
244358.20 
244358.32 
244358.45 
244358.58 
244358.72 
244358.84 
244358.97 
244359.10 
244359.23 
244359.36 
244359.50 
244359.62 
244359.75 
244359.88 
244360.01 
244360.12 
244360.23 
244360.35 
244360.48 
244360.61 
244360.73 
244360.86 
244360.99 
244361.13 
244361.25 
244361.38 
244361.51 
244361.64 
244361.77 
244361.90 
244362.02 
244362.15 
244362.28 
244362.41 
244362.54 
244362.67 
244362.79 
244362.92 
244363.05 
244363.18 
244363.31 
244363.44 
244363.57 
244363.70 
244363.83 
244363.96 
244364.09 
244364.22 
244364.35 
244364.47 
244364.61 
244364.73 
244364.85 
244364.99 
244365.12 
244365.24 
244365.36 
244365.49 
244365.61 
244365.75 
244365.87 
244366.00 
244366.12 
244366.25 
244366.37 
244366.50 
244366.63 
244366.75 
244366.88 
244367.02 
244367.14 
244367.28 
244367.41 
244367.54 
244367.67 
244367.80 
244367.93 
244368.06 
244368.19 
244368.32 
244368.46 
244368.57 
244368.70 
244368.83 
244368.95 
244369.08 
244369.21 
244369.34 
244369.46 
244369.59 
244369.72 
244369.85 
244369.98 
244370.11 
244370.24 
244370.36 
244370.50 
244370.63 
244370.75 
244370.89 
244371.02 
244371.15 
244371.29 
244371.42 
244371.54 
244371.67 
244371.80 
244371.93 
244372.06 
244372.19 
244372.32 
244372.44 
244372.57 
244372.69 
244372.81 
244372.94 
244373.08 
244373.21 
244373.34 
244373.47 
244373.61 
244373.72 
244373.84 
244373.97 
244374.11 
244374.25 
244374.37 
244374.50 
244374.62 
244374.75 
244374.88 
244375.00 
244375.12 
244375.25 
244375.39 
244375.51 
244375.63 
244375.76 
244375.88 
244376.02 
244376.14 
244376.26 
244376.39 
244376.52 
244376.65 
244376.77 
244376.90 
244377.03 
244377.16 
244377.29 
244377.41 
244377.54 
244377.67 
244377.80 
244377.92 
244378.05 
244378.18 
244378.31 
244378.44 
244378.57 
244378.70 
244378.83 
244378.96 
244379.09 
244379.22 
244379.34 
244379.46 
244379.59 
244379.72 
244379.86 
244379.98 
244380.11 
244380.25 
244380.38 
244380.50 
244380.63 
244380.77 
244380.89 
244381.04 
244381.17 
244381.30 
244381.43 
244381.56 
244381.69 
244381.82 
244381.94 
244382.07 
244382.20 
244382.32 
244382.45 
244382.58 
244382.70 
244382.83 
244382.96 
244383.09 
244383.22 
244383.35 
244383.47 
244383.61 
244383.74 
244383.88 
244384.01 
244384.16 
244384.28 
244384.41 
244384.53 
244384.66 
244384.78 
244384.91 
244385.03 
244385.16 
244385.28 
244385.41 
244385.54 
244385.67 
244385.79 
244385.92 
244386.05 
244386.18 
244386.31 
244386.44 
244386.56 
244386.70 
244386.82 
244386.95 
244387.09 
244387.23 
244387.35 
244387.50 
244387.61 
244387.74 
244387.86 
244387.99 
244388.12 
244388.24 
244388.37 
244388.49 
244388.62 
244388.74 
244388.87 
244389.00 
244389.14 
244389.26 
244389.39 
244389.52 
244389.66 
244389.78 
244389.91 
244390.03 
244390.15 
244390.29 
244390.42 
244390.55 
244390.69 
244390.82 
244390.95 
244391.09 
244391.21 
244391.34 
244391.46 
244391.58 
244391.70 
244391.83 
244391.96 
244392.09 
244392.22 
244392.35 
244392.48 
244392.62 
244392.75 
244392.86 
244393.00 
244393.14 
244393.26 
244393.39 
244393.52 
244393.65 
244393.77 
244393.90 
244394.02 
244394.15 
244394.27 
244394.39 
244394.51 
244394.63 
244394.76 
244394.89 
244395.02 
244395.15 
244395.28 
244395.40 
244395.53 
244395.68 
244395.80 
244395.92 
244396.05 
244396.18 
244396.32 
244396.45 
244396.59 
244396.70 
244396.84 
244396.95 
244397.08 
244397.20 
244397.33 
244397.46 
244397.60 
244397.73 
244397.85 
244397.98 
244398.11 
244398.23 
244398.36 
244398.48 
244398.61 
244398.74 
244398.86 
244398.99 
244399.11 
244399.23 
244399.36 
244399.48 
244399.61 
244399.75 
244399.88 
244400.00 
244400.13 
244400.25 
244400.38 
244400.51 
244400.63 
244400.76 
244400.88 
244401.00 
244401.13 
244401.26 
244401.38 
244401.52 
244401.65 
244401.78 
244401.91 
244402.05 
244402.18 
244402.31 
244402.43 
244402.56 
244402.69 
244402.81 
244402.94 
244403.06 
244403.19 
244403.32 
244403.44 
244403.57 
244403.70 
244403.82 
244403.95 
244404.08 
244404.21 
244404.34 
244404.46 
244404.60 
244404.72 
244404.86 
244404.99 
244405.12 
244405.24 
244405.37 
244405.50 
244405.62 
244405.75 
244405.89 
244406.02 
244406.15 
244406.28 
244406.41 
244406.53 
244406.65 
244406.77 
244406.90 
244407.02 
244407.15 
244407.29 
244407.41 
244407.53 
244407.66 
244407.79 
244407.91 
244408.04 
244408.17 
244408.30 
244408.43 
244408.56 
244408.69 
244408.83 
244408.95 
244409.09 
244409.22 
244409.35 
244409.48 
244409.61 
244409.74 
244409.87 
244410.00 
244410.13 
244410.26 
244410.39 
244410.52 
244410.65 
244410.78 
244410.92 
244411.05 
244411.18 
244411.31 
244411.44 
244411.57 
244411.70 
244411.83 
244411.96 
244412.09 
244412.22 
244412.37 
244412.49 
244412.64 
244412.76 
244412.90 
244413.03 
244413.15 
244413.28 
244413.40 
244413.53 
244413.65 
244413.78 
244413.90 
244414.03 
244414.16 
244414.29 
244414.41 
244414.54 
244414.66 
244414.79 
244414.91 
244415.04 
244415.17 
244415.29 
244415.43 
244415.56 
244415.68 
244415.81 
244415.94 
244416.06 
244416.19 
244416.31 
244416.44 
244416.56 
244416.69 
244416.82 
244416.95 
244417.07 
244417.20 
244417.33 
244417.45 
244417.58 
244417.70 
244417.83 
244417.96 
244418.08 
244418.21 
244418.33 
244418.46 
244418.58 
244418.71 
244418.83 
244418.96 
244419.08 
244419.20 
244419.34 
244419.47 
244419.60 
244419.73 
244419.85 
244419.98 
244420.11 
244420.24 
244420.37 
244420.50 
244420.62 
244420.75 
244420.87 
244421.00 
244421.12 
244421.25 
244421.37 
244421.50 
244421.63 
244421.76 
244421.89 
244422.01 
244422.14 
244422.26 
244422.39 
244422.52 
244422.64 
244422.76 
244422.89 
244423.02 
244423.14 
244423.27 
244423.39 
244423.51 
244423.63 
244423.76 
244423.88 
244424.01 
244424.13 
244424.26 
244424.39 
244424.52 
244424.64 
244424.77 
244424.89 
244425.02 
244425.15 
244425.27 
244425.40 
244425.52 
244425.65 
244425.78 
244425.91 
244426.03 
244426.16 
244426.30 
244426.42 
244426.55 
244426.69 
244426.81 
244426.94 
244427.07 
244427.21 
244427.35 
244427.47 
244427.59 
244427.72 
244427.84 
244427.97 
244428.10 
244428.24 
244428.36 
244428.49 
244428.62 
244428.75 
244428.87 
244429.00 
244429.13 
244429.26 
244429.38 
244429.51 
244429.64 
244429.77 
244429.90 
244430.04 
244430.16 
244430.29 
244430.43 
244430.55 
244430.69 
244430.81 
244430.94 
244431.07 
244431.20 
244431.33 
244431.45 
244431.59 
244431.73 
244431.86 
244431.98 
244432.10 
244432.22 
244432.35 
244432.47 
244432.61 
244432.73 
244432.86 
244432.99 
244433.12 
244433.25 
244433.38 
244433.51 
244433.64 
244433.78 
244433.92 
244434.04 
244434.17 
244434.30 
244434.43 
244434.56 
244434.69 
244434.82 
244434.95 
244435.07 
244435.20 
244435.32 
244435.46 
244435.59 
244435.71 
244435.83 
244435.96 
244436.09 
244436.22 
244436.34 
244436.47 
244436.60 
244436.73 
244436.85 
244436.98 
244437.12 
244437.25 
244437.38 
244437.51 
244437.63 
244437.74 
244437.88 
244438.01 
244438.14 
244438.26 
244438.39 
244438.52 
244438.65 
244438.78 
244438.91 
244439.03 
244439.16 
244439.29 
244439.42 
244439.53 
244439.64 
244439.76 
244439.88 
244440.00 
244440.13 
244440.25 
244440.37 
244440.47 
244440.58 
244440.69 
244440.80 
244440.93 
244441.04 
244441.15 
244441.27 
244441.37 
244441.48 
244441.59 
244441.71 
244441.83 
244441.95 
244442.07 
244442.19 
244442.31 
244442.44 
244442.57 
244442.70 
244442.81 
244442.91 
244443.02 
244443.13 
244443.24 
244443.35 
244443.46 
244443.57 
244443.67 
244443.79 
244443.92 
244444.03 
244444.15 
244444.27 
244444.40 
244444.52 
244444.65 
244444.78 
244444.90 
244445.03 
244445.17 
244445.29 
244445.42 
244445.54 
244445.66 
244445.79 
244445.91 
244446.04 
244446.17 
244446.30 
244446.43 
244446.55 
244446.69 
244446.81 
244446.94 
244447.07 
244447.19 
244447.32 
244447.45 
244447.57 
244447.70 
244447.83 
244447.96 
244448.08 
244448.21 
244448.34 
244448.48 
244448.60 
244448.72 
244448.85 
244448.98 
244449.12 
244449.25 
244449.39 
244449.52 
244449.66 
244449.79 
244449.92 
244450.04 
244450.16 
244450.29 
244450.41 
244450.53 
244450.66 
244450.78 
244450.91 
244451.04 
244451.16 
244451.29 
244451.41 
244451.54 
244451.66 
244451.79 
244451.91 
244452.04 
244452.16 
244452.29 
244452.41 
244452.54 
244452.66 
244452.79 
244452.90 
244453.01 
244453.13 
244453.24 
244453.36 
244453.48 
244453.61 
244453.73 
244453.87 
244454.00 
244454.13 
244454.25 
244454.38 
244454.50 
244454.64 
244454.76 
244454.89 
244455.02 
244455.15 
244455.27 
244455.41 
244455.54 
244455.67 
244455.80 
244455.93 
244456.05 
244456.19 
244456.31 
244456.44 
244456.56 
244456.70 
244456.83 
244456.96 
244457.10 
244457.22 
244457.35 
244457.48 
244457.61 
244457.73 
244457.86 
244457.99 
244458.11 
244458.23 
244458.37 
244458.49 
244458.62 
244458.75 
244458.87 
244459.01 
244459.13 
244459.27 
244459.40 
244459.53 
244459.65 
244459.78 
244459.92 
244460.05 
244460.18 
244460.30 
244460.43 
244460.55 
244460.68 
244460.81 
244460.95 
244461.08 
244461.21 
244461.34 
244461.47 
244461.60 
244461.74 
244461.87 
244462.00 
244462.12 
244462.25 
244462.38 
244462.52 
244462.66 
244462.80 
244462.93 
244463.05 
244463.18 
244463.32 
244463.45 
244463.57 
244463.70 
244463.82 
244463.95 
244464.08 
244464.20 
244464.33 
244464.47 
244464.60 
244464.74 
244464.86 
244464.99 
244465.11 
244465.24 
244465.36 
244465.49 
244465.61 
244465.74 
244465.86 
244465.98 
244466.11 
244466.23 
244466.35 
244466.48 
244466.60 
244466.72 
244466.84 
244466.97 
244467.09 
244467.23 
244467.35 
244467.48 
244467.62 
244467.76 
244467.88 
244468.01 
244468.14 
244468.26 
244468.38 
244468.50 
244468.62 
244468.75 
244468.87 
244469.00 
244469.13 
244469.26 
244469.39 
244469.53 
244469.65 
244469.78 
244469.91 
244470.04 
244470.17 
244470.29 
244470.42 
244470.56 
244470.69 
244470.82 
244470.95 
244471.08 
244471.21 
244471.34 
244471.47 
244471.60 
244471.73 
244471.86 
244471.99 
244472.12 
244472.25 
244472.38 
244472.51 
244472.65 
244472.78 
244472.90 
244473.04 
244473.16 
244473.29 
244473.42 
244473.55 
244473.68 
244473.80 
244473.93 
244474.06 
244474.19 
244474.32 
244474.45 
244474.58 
244474.70 
244474.84 
244474.97 
244475.10 
244475.23 
244475.36 
244475.48 
244475.61 
244475.74 
244475.87 
244475.99 
244476.12 
244476.25 
244476.38 
244476.52 
244476.64 
244476.76 
244476.89 
244477.02 
244477.14 
244477.27 
244477.40 
244477.53 
244477.65 
244477.78 
244477.91 
244478.04 
244478.17 
244478.29 
244478.42 
244478.55 
244478.69 
244478.82 
244478.94 
244479.07 
244479.19 
244479.32 
244479.46 
244479.59 
244479.70 
244479.83 
244479.97 
244480.09 
244480.20 
244480.33 
244480.46 
244480.60 
244480.74 
244480.87 
244481.01 
244481.13 
244481.26 
244481.38 
244481.50 
244481.62 
244481.74 
244481.87 
244481.99 
244482.12 
244482.25 
244482.38 
244482.51 
244482.64 
244482.77 
244482.90 
244483.04 
244483.17 
244483.30 
244483.42 
244483.55 
244483.69 
244483.80 
244483.92 
244484.05 
244484.18 
244484.32 
244484.44 
244484.57 
244484.71 
244484.84 
244484.98 
244485.10 
244485.22 
244485.35 
244485.48 
244485.61 
244485.74 
244485.88 
244485.99 
244486.11 
244486.24 
244486.38 
244486.51 
244486.64 
244486.77 
244486.90 
244487.02 
244487.15 
244487.28 
244487.40 
244487.53 
244487.65 
244487.78 
244487.91 
244488.04 
244488.17 
244488.30 
244488.42 
244488.55 
244488.69 
244488.81 
244488.94 
244489.07 
244489.21 
244489.34 
244489.47 
244489.60 
244489.72 
244489.84 
244489.97 
244490.11 
244490.23 
244490.37 
244490.50 
244490.63 
244490.74 
244490.87 
244491.01 
244491.14 
244491.26 
244491.39 
244491.53 
244491.66 
244491.79 
244491.91 
244492.04 
244492.17 
244492.30 
244492.42 
244492.55 
244492.68 
244492.82 
244492.94 
244493.07 
244493.19 
244493.32 
244493.45 
244493.58 
244493.72 
244493.84 
244493.97 
244494.11 
244494.24 
244494.36 
244494.49 
244494.62 
244494.74 
244494.87 
244495.00 
244495.13 
244495.26 
244495.39 
244495.51 
244495.64 
244495.77 
244495.90 
244496.02 
244496.15 
244496.29 
244496.41 
244496.54 
244496.67 
244496.80 
244496.93 
244497.06 
244497.19 
244497.32 
244497.45 
244497.58 
244497.71 
244497.84 
244497.97 
244498.10 
244498.24 
244498.36 
244498.49 
244498.62 
244498.75 
244498.88 
244499.00 
244499.13 
244499.25 
244499.37 
244499.49 
244499.62 
244499.74 
244499.87 
244499.99 
244500.12 
244500.25 
244500.38 
244500.51 
244500.63 
244500.77 
244500.90 
244501.03 
244501.15 
244501.27 
244501.41 
244501.54 
244501.67 
244501.80 
244501.93 
244502.05 
244502.19 
244502.32 
244502.45 
244502.59 
244502.71 
244502.85 
244502.99 
244503.12 
244503.25 
244503.38 
244503.50 
244503.64 
244503.77 
244503.90 
244504.02 
244504.15 
244504.27 
244504.40 
244504.52 
244504.65 
244504.79 
244504.91 
244505.04 
244505.16 
244505.29 
244505.41 
244505.54 
244505.66 
244505.79 
244505.92 
244506.04 
244506.17 
244506.29 
244506.42 
244506.55 
244506.67 
244506.80 
244506.92 
244507.06 
244507.18 
244507.31 
244507.43 
244507.56 
244507.68 
244507.81 
244507.94 
244508.06 
244508.19 
244508.31 
244508.44 
244508.56 
244508.69 
244508.81 
244508.93 
244509.05 
244509.18 
244509.30 
244509.43 
244509.55 
244509.68 
244509.82 
244509.95 
244510.08 
244510.20 
244510.33 
244510.45 
244510.59 
244510.71 
244510.84 
244510.97 
244511.10 
244511.22 
244511.36 
244511.49 
244511.63 
244511.75 
244511.87 
244511.99 
244512.11 
244512.22 
244512.34 
244512.47 
244512.60 
244512.71 
244512.83 
244512.96 
244513.07 
244513.21 
244513.34 
244513.46 
244513.59 
244513.71 
244513.84 
244513.97 
244514.08 
244514.20 
244514.33 
244514.46 
244514.59 
244514.70 
244514.82 
244514.94 
244515.06 
244515.19 
244515.32 
244515.45 
244515.58 
244515.71 
244515.83 
244515.96 
244516.09 
244516.22 
244516.35 
244516.48 
244516.61 
244516.74 
244516.86 
244516.98 
244517.10 
244517.21 
244517.33 
244517.44 
244517.56 
244517.69 
244517.81 
244517.93 
244518.04 
244518.17 
244518.30 
244518.43 
244518.56 
244518.68 
244518.80 
244518.93 
244519.05 
244519.18 
244519.30 
244519.44 
244519.57 
244519.71 
244519.83 
244519.96 
244520.09 
244520.22 
244520.35 
244520.48 
244520.60 
244520.75 
244520.88 
244521.00 
244521.12 
244521.24 
244521.37 
244521.50 
244521.62 
244521.75 
244521.88 
244522.01 
244522.14 
244522.27 
244522.39 
244522.52 
244522.65 
244522.78 
244522.91 
244523.04 
244523.17 
244523.29 
244523.42 
244523.54 
244523.67 
244523.79 
244523.92 
244524.05 
244524.17 
244524.30 
244524.42 
244524.55 
244524.67 
244524.80 
244524.92 
244525.04 
244525.17 
244525.29 
244525.41 
244525.54 
244525.66 
244525.79 
244525.91 
244526.04 
244526.16 
244526.29 
244526.43 
244526.55 
244526.68 
244526.80 
244526.93 
244527.05 
244527.17 
244527.30 
244527.42 
244527.54 
244527.67 
244527.79 
244527.92 
244528.04 
244528.16 
244528.28 
244528.40 
244528.52 
244528.65 
244528.78 
244528.92 
244529.04 
244529.17 
244529.31 
244529.44 
244529.56 
244529.70 
244529.82 
244529.94 
244530.08 
244530.20 
244530.33 
244530.46 
244530.59 
244530.72 
244530.85 
244530.98 
244531.12 
244531.23 
244531.35 
244531.49 
244531.61 
244531.74 
244531.86 
244531.99 
244532.11 
244532.24 
244532.37 
244532.51 
244532.64 
244532.77 
244532.90 
244533.04 
244533.16 
244533.29 
244533.42 
244533.54 
244533.68 
244533.81 
244533.94 
244534.06 
244534.19 
244534.31 
244534.44 
244534.57 
244534.70 
244534.82 
244534.95 
244535.08 
244535.22 
244535.34 
244535.47 
244535.60 
244535.74 
244535.88 
244536.00 
244536.13 
244536.26 
244536.38 
244536.52 
244536.65 
244536.78 
244536.92 
244537.05 
244537.18 
244537.31 
244537.43 
244537.56 
244537.69 
244537.81 
244537.94 
244538.07 
244538.19 
244538.33 
244538.46 
244538.58 
244538.71 
244538.84 
244538.98 
244539.10 
244539.23 
244539.36 
244539.49 
244539.63 
244539.75 
244539.88 
244540.00 
244540.13 
244540.26 
244540.39 
244540.52 
244540.65 
244540.77 
244540.90 
244541.03 
244541.16 
244541.29 
244541.43 
244541.56 
244541.69 
244541.82 
244541.94 
244542.07 
244542.20 
244542.33 
244542.46 
244542.59 
244542.71 
244542.84 
244542.97 
244543.10 
244543.22 
244543.36 
244543.49 
244543.62 
244543.75 
244543.88 
244544.01 
244544.14 
244544.27 
244544.40 
244544.54 
244544.67 
244544.79 
244544.92 
244545.05 
244545.18 
244545.31 
244545.43 
244545.56 
244545.68 
244545.80 
244545.93 
244546.05 
244546.18 
244546.32 
244546.45 
244546.57 
244546.70 
244546.84 
244546.97 
244547.10 
244547.23 
244547.36 
244547.49 
244547.62 
244547.75 
244547.88 
244548.01 
244548.14 
244548.27 
244548.40 
244548.53 
244548.66 
244548.78 
244548.91 
244549.03 
244549.16 
244549.29 
244549.43 
244549.55 
244549.67 
244549.80 
244549.93 
244550.07 
244550.19 
244550.31 
244550.44 
244550.57 
244550.69 
244550.83 
244550.95 
244551.08 
244551.22 
244551.34 
244551.48 
244551.60 
244551.73 
244551.86 
244551.98 
244552.12 
244552.26 
244552.38 
244552.51 
244552.64 
244552.76 
244552.89 
244553.02 
244553.14 
244553.27 
244553.40 
244553.54 
244553.66 
244553.78 
244553.91 
244554.04 
244554.17 
244554.30 
244554.43 
244554.57 
244554.70 
244554.82 
244554.95 
244555.08 
244555.21 
244555.34 
244555.47 
244555.59 
244555.72 
244555.85 
244555.98 
244556.11 
244556.24 
244556.36 
244556.49 
244556.62 
244556.75 
244556.88 
244557.00 
244557.14 
244557.26 
244557.38 
244557.51 
244557.64 
244557.77 
244557.90 
244558.03 
244558.15 
244558.28 
244558.41 
244558.54 
244558.67 
244558.81 
244558.95 
244559.07 
244559.19 
244559.32 
244559.44 
244559.57 
244559.69 
244559.83 
244559.97 
244560.11 
244560.23 
244560.36 
244560.49 
244560.63 
244560.76 
244560.88 
244561.00 
244561.13 
244561.25 
244561.37 
244561.50 
244561.63 
244561.75 
244561.88 
244562.01 
244562.14 
244562.26 
244562.39 
244562.52 
244562.65 
244562.78 
244562.92 
244563.04 
244563.16 
244563.29 
244563.42 
244563.55 
244563.68 
244563.80 
244563.93 
244564.07 
244564.19 
244564.31 
244564.44 
244564.57 
244564.70 
244564.83 
244564.96 
244565.09 
244565.22 
244565.35 
244565.48 
244565.61 
244565.73 
244565.86 
244565.99 
244566.12 
244566.25 
244566.38 
244566.51 
244566.63 
244566.76 
244566.89 
244567.02 
244567.14 
244567.27 
244567.40 
244567.52 
244567.65 
244567.79 
244567.92 
244568.06 
244568.19 
244568.31 
244568.44 
244568.57 
244568.70 
244568.82 
244568.95 
244569.08 
244569.21 
244569.34 
244569.47 
244569.61 
244569.74 
244569.87 
244570.01 
244570.14 
244570.26 
244570.39 
244570.52 
244570.66 
244570.78 
244570.90 
244571.03 
244571.16 
244571.29 
244571.42 
244571.56 
244571.69 
244571.82 
244571.95 
244572.08 
244572.22 
244572.35 
244572.47 
244572.60 
244572.73 
244572.86 
244572.99 
244573.13 
244573.26 
244573.38 
244573.51 
244573.64 
244573.77 
244573.90 
244574.02 
244574.15 
244574.29 
244574.43 
244574.56 
244574.68 
244574.81 
244574.93 
244575.06 
244575.20 
244575.33 
244575.47 
244575.60 
244575.71 
244575.84 
244575.96 
244576.09 
244576.22 
244576.35 
244576.48 
244576.61 
244576.73 
244576.86 
244577.00 
244577.13 
244577.26 
244577.38 
244577.51 
244577.65 
244577.78 
244577.91 
244578.04 
244578.16 
244578.29 
244578.43 
244578.55 
244578.69 
244578.83 
244578.96 
244579.09 
244579.23 
244579.35 
244579.48 
244579.61 
244579.73 
244579.86 
244579.99 
244580.12 
244580.25 
244580.38 
244580.51 
244580.64 
244580.77 
244580.90 
244581.03 
244581.15 
244581.28 
244581.41 
244581.54 
244581.68 
244581.81 
244581.93 
244582.06 
244582.19 
244582.30 
244582.42 
244582.55 
244582.68 
244582.81 
244582.94 
244583.06 
244583.20 
244583.32 
244583.45 
244583.58 
244583.72 
244583.85 
244583.98 
244584.11 
244584.24 
244584.38 
244584.52 
244584.66 
244584.79 
244584.92 
244585.04 
244585.17 
244585.30 
244585.42 
244585.55 
244585.67 
244585.80 
244585.93 
244586.05 
244586.18 
244586.30 
244586.43 
244586.55 
244586.68 
244586.81 
244586.93 
244587.06 
244587.18 
244587.31 
244587.43 
244587.56 
244587.68 
244587.80 
244587.93 
244588.05 
244588.18 
244588.30 
244588.44 
244588.57 
244588.69 
244588.82 
244588.95 
244589.07 
244589.20 
244589.33 
244589.45 
244589.58 
244589.71 
244589.83 
244589.97 
244590.10 
244590.23 
244590.35 
244590.48 
244590.62 
244590.74 
244590.87 
244591.00 
244591.14 
244591.26 
244591.39 
244591.52 
244591.66 
244591.79 
244591.92 
244592.05 
244592.16 
244592.28 
244592.41 
244592.53 
244592.65 
244592.79 
244592.91 
244593.04 
244593.16 
244593.30 
244593.42 
244593.55 
244593.67 
244593.80 
244593.93 
244594.06 
244594.19 
244594.31 
244594.43 
244594.56 
244594.69 
244594.82 
244594.95 
244595.07 
244595.20 
244595.33 
244595.45 
244595.58 
244595.70 
244595.83 
244595.96 
244596.09 
244596.22 
244596.36 
244596.47 
244596.61 
244596.74 
244596.87 
244597.01 
244597.15 
244597.27 
244597.40 
244597.53 
244597.66 
244597.79 
244597.92 
244598.05 
244598.18 
244598.31 
244598.44 
244598.56 
244598.70 
244598.82 
244598.97 
244599.08 
244599.21 
244599.34 
244599.46 
244599.59 
244599.72 
244599.85 
244599.99 
244600.13 
244600.25 
244600.37 
244600.49 
244600.63 
244600.77 
244600.91 
244601.04 
244601.16 
244601.29 
244601.41 
244601.54 
244601.66 
244601.79 
244601.91 
244602.04 
244602.16 
244602.28 
244602.41 
244602.53 
244602.65 
244602.78 
244602.92 
244603.05 
244603.17 
244603.29 
244603.41 
244603.53 
244603.65 
244603.78 
244603.91 
244604.04 
244604.17 
244604.30 
244604.43 
244604.55 
244604.67 
244604.79 
244604.91 
244605.04 
244605.17 
244605.29 
244605.41 
244605.52 
244605.63 
244605.74 
244605.84 
244605.95 
244606.06 
244606.19 
244606.32 
244606.46 
244606.58 
244606.71 
244606.83 
244606.96 
244607.08 
244607.21 
244607.32 
244607.46 
244607.57 
244607.67 
244607.78 
244607.91 
244608.04 
244608.16 
244608.28 
244608.41 
244608.53 
244608.65 
244608.77 
244608.88 
244609.00 
244609.11 
244609.22 
244609.33 
244609.44 
244609.54 
244609.65 
244609.76 
244609.87 
244609.98 
244610.09 
244610.20 
244610.31 
244610.42 
244610.54 
244610.67 
244610.79 
244610.93 
244611.06 
244611.19 
244611.31 
244611.43 
244611.56 
244611.68 
244611.80 
244611.91 
244612.04 
244612.17 
244612.29 
244612.40 
244612.51 
244612.62 
244612.73 
244612.84 
244612.95 
244613.07 
244613.17 
244613.28 
244613.40 
244613.53 
244613.65 
244613.77 
244613.89 
244614.02 
244614.14 
244614.25 
244614.37 
244614.49 
244614.60 
244614.72 
244614.85 
244614.97 
244615.10 
244615.22 
244615.35 
244615.47 
244615.59 
244615.71 
244615.83 
244615.95 
244616.06 
244616.20 
244616.32 
244616.44 
244616.57 
244616.68 
244616.81 
244616.93 
244617.05 
244617.16 
244617.27 
244617.38 
244617.49 
244617.62 
244617.72 
244617.85 
244617.96 
244618.07 
244618.18 
244618.32 
244618.43 
244618.53 
244618.64 
244618.75 
244618.86 
244618.97 
244619.10 
244619.21 
244619.32 
244619.43 
244619.54 
244619.68 
244619.80 
244619.91 
244620.02 
244620.13 
244620.24 
244620.35 
244620.46 
244620.57 
244620.68 
244620.79 
244620.90 
244621.01 
244621.12 
244621.24 
244621.36 
244621.49 
244621.62 
244621.74 
244621.87 
244621.99 
244622.12 
244622.25 
244622.37 
244622.51 
244622.63 
244622.76 
244622.89 
244623.01 
244623.13 
244623.26 
244623.38 
244623.51 
244623.64 
244623.76 
244623.88 
244624.01 
244624.13 
244624.27 
244624.39 
244624.52 
244624.64 
244624.76 
244624.89 
244625.01 
244625.14 
244625.26 
244625.39 
244625.51 
244625.64 
244625.77 
244625.88 
244626.01 
244626.13 
244626.27 
244626.41 
244626.54 
244626.66 
244626.78 
244626.91 
244627.05 
244627.18 
244627.30 
244627.43 
244627.55 
244627.68 
244627.80 
244627.93 
244628.05 
244628.17 
244628.29 
244628.42 
244628.54 
244628.66 
244628.80 
244628.92 
244629.04 
244629.16 
244629.28 
244629.40 
244629.53 
244629.65 
244629.78 
244629.90 
244630.02 
244630.14 
244630.26 
244630.39 
244630.51 
244630.63 
244630.75 
244630.88 
244631.00 
244631.14 
244631.26 
244631.38 
244631.50 
244631.62 
244631.76 
244631.87 
244631.99 
244632.10 
244632.23 
244632.35 
244632.47 
244632.59 
244632.72 
244632.84 
244632.96 
244633.09 
244633.21 
244633.31 
244633.43 
244633.57 
244633.68 
244633.80 
244633.92 
244634.04 
244634.17 
244634.29 
244634.42 
244634.54 
244634.66 
244634.78 
244634.91 
244635.02 
244635.14 
244635.26 
244635.38 
244635.50 
244635.63 
244635.75 
244635.87 
244635.99 
244636.10 
244636.22 
244636.34 
244636.47 
244636.58 
244636.70 
244636.82 
244636.94 
244637.06 
244637.18 
244637.30 
244637.42 
244637.53 
244637.65 
244637.77 
244637.88 
244638.00 
244638.12 
244638.24 
244638.36 
244638.48 
244638.60 
244638.73 
244638.85 
244638.97 
244639.09 
244639.21 
244639.33 
244639.45 
244639.57 
244639.69 
244639.82 
244639.93 
244640.05 
244640.17 
244640.29 
244640.42 
244640.53 
244640.65 
244640.77 
244640.89 
244641.00 
244641.12 
244641.25 
244641.37 
244641.49 
244641.61 
244641.73 
244641.85 
244641.97 
244642.10 
244642.22 
244642.34 
244642.46 
244642.58 
244642.70 
244642.82 
244642.94 
244643.07 
244643.19 
244643.31 
244643.43 
244643.56 
244643.69 
244643.81 
244643.93 
244644.05 
244644.19 
244644.31 
244644.43 
244644.56 
244644.68 
244644.80 
244644.93 
244645.05 
244645.18 
244645.31 
244645.44 
244645.56 
244645.68 
244645.80 
244645.93 
244646.05 
244646.16 
244646.29 
244646.42 
244646.53 
244646.65 
244646.77 
244646.89 
244647.01 
244647.13 
244647.25 
244647.37 
244647.49 
244647.61 
244647.73 
244647.86 
244647.98 
244648.10 
244648.22 
244648.33 
244648.45 
244648.57 
244648.69 
244648.81 
244648.93 
244649.05 
244649.17 
244649.30 
244649.41 
244649.53 
244649.65 
244649.78 
244649.90 
244650.02 
244650.14 
244650.26 
244650.38 
244650.50 
244650.63 
244650.75 
244650.87 
244650.99 
244651.11 
244651.23 
244651.34 
244651.46 
244651.58 
244651.71 
244651.83 
244651.96 
244652.08 
244652.20 
244652.33 
244652.45 
244652.58 
244652.70 
244652.82 
244652.95 
244653.07 
244653.19 
244653.31 
244653.43 
244653.56 
244653.68 
244653.80 
244653.92 
244654.04 
244654.17 
244654.29 
244654.41 
244654.53 
244654.65 
244654.78 
244654.90 
244655.02 
244655.14 
244655.26 
244655.38 
244655.51 
244655.62 
244655.74 
244655.86 
244655.99 
244656.10 
244656.22 
244656.34 
244656.47 
244656.59 
244656.71 
244656.83 
244656.95 
244657.07 
244657.19 
244657.32 
244657.44 
244657.56 
244657.68 
244657.81 
244657.93 
244658.05 
244658.17 
244658.30 
244658.42 
244658.55 
244658.67 
244658.79 
244658.91 
244659.03 
244659.15 
244659.28 
244659.40 
244659.52 
244659.64 
244659.76 
244659.88 
244660.00 
244660.12 
244660.24 
244660.36 
244660.48 
244660.60 
244660.72 
244660.84 
244660.96 
244661.08 
244661.20 
244661.33 
244661.45 
244661.57 
244661.69 
244661.81 
244661.94 
244662.06 
244662.18 
244662.30 
244662.42 
244662.54 
244662.66 
244662.79 
244662.91 
244663.03 
244663.15 
244663.27 
244663.40 
244663.52 
244663.64 
244663.76 
244663.89 
244664.01 
244664.13 
244664.25 
244664.37 
244664.51 
244664.63 
244664.75 
244664.87 
244664.99 
244665.11 
244665.22 
244665.35 
244665.48 
244665.60 
244665.72 
244665.83 
244665.95 
244666.07 
244666.19 
244666.31 
244666.43 
244666.55 
244666.67 
244666.79 
244666.90 
244667.02 
244667.14 
244667.26 
244667.38 
244667.52 
244667.64 
244667.76 
244667.88 
244668.00 
244668.12 
244668.25 
244668.37 
244668.49 
244668.61 
244668.74 
244668.87 
244668.98 
244669.10 
244669.23 
244669.36 
244669.48 
244669.61 
244669.73 
244669.86 
244669.97 
244670.10 
244670.22 
244670.34 
244670.46 
244670.59 
244670.72 
244670.84 
244670.97 
244671.09 
244671.22 
244671.34 
244671.47 
244671.59 
244671.71 
244671.83 
244671.96 
244672.08 
244672.20 
244672.32 
244672.44 
244672.56 
244672.68 
244672.80 
244672.92 
244673.04 
244673.16 
244673.28 
244673.40 
244673.52 
244673.64 
244673.76 
244673.89 
244674.00 
244674.11 
244674.23 
244674.35 
244674.47 
244674.59 
244674.71 
244674.85 
244674.98 
244675.11 
244675.22 
244675.35 
244675.47 
244675.59 
244675.71 
244675.83 
244675.95 
244676.07 
244676.19 
244676.31 
244676.43 
244676.56 
244676.68 
244676.80 
244676.92 
244677.04 
244677.16 
244677.29 
244677.42 
244677.54 
244677.66 
244677.78 
244677.90 
244678.02 
244678.14 
244678.27 
244678.39 
244678.51 
244678.64 
244678.76 
244678.88 
244679.00 
244679.12 
244679.25 
244679.37 
244679.49 
244679.61 
244679.73 
244679.85 
244679.97 
244680.09 
244680.21 
244680.35 
244680.48 
244680.60 
244680.73 
244680.85 
244680.97 
244681.10 
244681.22 
244681.34 
244681.46 
244681.58 
244681.69 
244681.81 
244681.94 
244682.06 
244682.18 
244682.31 
244682.43 
244682.55 
244682.69 
244682.81 
244682.92 
244683.06 
244683.18 
244683.30 
244683.42 
244683.54 
244683.66 
244683.78 
244683.90 
244684.03 
244684.15 
244684.28 
244684.41 
244684.53 
244684.65 
244684.77 
244684.89 
244685.01 
244685.13 
244685.25 
244685.37 
244685.49 
244685.61 
244685.73 
244685.85 
244685.97 
244686.10 
244686.22 
244686.34 
244686.45 
244686.57 
244686.70 
244686.82 
244686.94 
244687.07 
244687.19 
244687.31 
244687.43 
244687.56 
244687.68 
244687.80 
244687.92 
244688.04 
244688.16 
244688.29 
244688.41 
244688.53 
244688.65 
244688.77 
244688.89 
244689.01 
244689.14 
244689.26 
244689.38 
244689.51 
244689.63 
244689.76 
244689.88 
244690.01 
244690.13 
244690.26 
244690.38 
244690.50 
244690.61 
244690.73 
244690.86 
244690.98 
244691.10 
244691.22 
244691.34 
244691.45 
244691.57 
244691.70 
244691.82 
244691.94 
244692.07 
244692.19 
244692.31 
244692.43 
244692.56 
244692.68 
244692.81 
244692.93 
244693.05 
244693.17 
244693.29 
244693.43 
244693.55 
244693.66 
244693.78 
244693.89 
244694.01 
244694.13 
244694.25 
244694.37 
244694.49 
244694.61 
244694.74 
244694.86 
244694.98 
244695.10 
244695.22 
244695.34 
244695.46 
244695.58 
244695.70 
244695.83 
244695.95 
244696.07 
244696.19 
244696.32 
244696.43 
244696.55 
244696.68 
244696.80 
244696.92 
244697.04 
244697.16 
244697.28 
244697.40 
244697.52 
244697.64 
244697.76 
244697.89 
244698.01 
244698.13 
244698.25 
244698.37 
244698.50 
244698.62 
244698.74 
244698.86 
244698.98 
244699.10 
244699.23 
244699.35 
244699.47 
244699.60 
244699.72 
244699.84 
244699.96 
244700.08 
244700.21 
244700.33 
244700.44 
244700.57 
244700.69 
244700.81 
244700.93 
244701.05 
244701.17 
244701.29 
244701.41 
244701.54 
244701.66 
244701.78 
244701.90 
244702.02 
244702.15 
244702.29 
244702.41 
244702.52 
244702.64 
244702.76 
244702.88 
244703.00 
244703.12 
244703.25 
244703.37 
244703.49 
244703.61 
244703.73 
244703.85 
244703.96 
244704.08 
244704.20 
244704.32 
244704.44 
244704.56 
244704.68 
244704.80 
244704.94 
244705.06 
244705.17 
244705.29 
244705.41 
244705.53 
244705.64 
244705.76 
244705.89 
244706.01 
244706.13 
244706.25 
244706.38 
244706.50 
244706.62 
244706.74 
244706.87 
244706.99 
244707.12 
244707.24 
244707.37 
244707.49 
244707.60 
244707.72 
244707.86 
244707.97 
244708.10 
244708.24 
244708.36 
244708.49 
244708.60 
244708.73 
244708.85 
244708.98 
244709.10 
244709.23 
244709.36 
244709.49 
244709.62 
244709.75 
244709.87 
244710.00 
244710.13 
244710.26 
244710.39 
244710.52 
244710.65 
244710.78 
244710.91 
244711.03 
244711.17 
244711.29 
244711.42 
244711.55 
244711.67 
244711.81 
244711.93 
244712.06 
244712.19 
244712.31 
244712.44 
244712.57 
244712.70 
244712.84 
244712.97 
244713.10 
244713.24 
244713.38 
244713.50 
244713.62 
244713.75 
244713.87 
244714.00 
244714.13 
244714.26 
244714.39 
244714.52 
244714.65 
244714.78 
244714.90 
244715.03 
244715.16 
244715.29 
244715.41 
244715.54 
244715.67 
244715.80 
244715.93 
244716.07 
244716.19 
244716.33 
244716.46 
244716.58 
244716.71 
244716.84 
244716.97 
244717.10 
244717.23 
244717.36 
244717.49 
244717.63 
244717.75 
244717.88 
244718.00 
244718.12 
244718.25 
244718.38 
244718.51 
244718.63 
244718.77 
244718.90 
244719.03 
244719.17 
244719.29 
244719.42 
244719.54 
244719.67 
244719.80 
244719.94 
244720.06 
244720.19 
244720.32 
244720.44 
244720.57 
244720.70 
244720.82 
244720.95 
244721.08 
244721.21 
244721.34 
244721.47 
244721.60 
244721.73 
244721.86 
244721.99 
244722.12 
244722.25 
244722.39 
244722.50 
244722.63 
244722.76 
244722.89 
244723.03 
244723.15 
244723.29 
244723.42 
244723.54 
244723.67 
244723.80 
244723.93 
244724.06 
244724.18 
244724.31 
244724.44 
244724.57 
244724.70 
244724.83 
244724.97 
244725.09 
244725.22 
244725.35 
244725.48 
244725.61 
244725.73 
244725.87 
244725.99 
244726.12 
244726.25 
244726.38 
244726.52 
244726.65 
244726.78 
244726.91 
244727.04 
244727.17 
244727.31 
244727.44 
244727.57 
244727.70 
244727.83 
244727.95 
244728.07 
244728.20 
244728.33 
244728.46 
244728.59 
244728.71 
244728.84 
244728.97 
244729.11 
244729.24 
244729.37 
244729.50 
244729.62 
244729.75 
244729.88 
244730.00 
244730.13 
244730.25 
244730.38 
244730.51 
244730.64 
244730.76 
244730.89 
244731.01 
244731.15 
244731.27 
244731.40 
244731.53 
244731.66 
244731.79 
244731.92 
244732.04 
244732.17 
244732.29 
244732.42 
244732.54 
244732.67 
244732.80 
244732.92 
244733.05 
244733.17 
244733.30 
244733.42 
244733.54 
244733.68 
244733.80 
244733.93 
244734.05 
244734.18 
244734.30 
244734.43 
244734.55 
244734.68 
244734.80 
244734.93 
244735.05 
244735.18 
244735.30 
244735.43 
244735.57 
244735.69 
244735.82 
244735.94 
244736.07 
244736.19 
244736.32 
244736.44 
244736.57 
244736.69 
244736.81 
244736.94 
244737.06 
244737.18 
244737.31 
244737.43 
244737.56 
244737.69 
244737.82 
244737.96 
244738.09 
244738.22 
244738.34 
244738.46 
244738.61 
244738.73 
244738.86 
244738.99 
244739.12 
244739.26 
244739.39 
244739.52 
244739.65 
244739.78 
244739.91 
244740.04 
244740.16 
244740.29 
244740.42 
244740.54 
244740.67 
244740.80 
244740.93 
244741.06 
244741.20 
244741.32 
244741.45 
244741.57 
244741.69 
244741.82 
244741.94 
244742.07 
244742.20 
244742.33 
244742.46 
244742.59 
244742.72 
244742.85 
244742.99 
244743.12 
244743.24 
244743.37 
244743.50 
244743.62 
244743.75 
244743.88 
244744.01 
244744.14 
244744.28 
244744.40 
244744.52 
244744.65 
244744.79 
244744.92 
244745.05 
244745.18 
244745.31 
244745.45 
244745.56 
244745.69 
244745.81 
244745.94 
244746.07 
244746.20 
244746.33 
244746.46 
244746.58 
244746.72 
244746.85 
244746.98 
244747.10 
244747.23 
244747.35 
244747.48 
244747.60 
244747.73 
244747.87 
244747.99 
244748.12 
244748.25 
244748.38 
244748.51 
244748.64 
244748.77 
244748.89 
244749.01 
244749.13 
244749.26 
244749.38 
244749.51 
244749.64 
244749.77 
244749.90 
244750.04 
244750.17 
244750.30 
244750.42 
244750.55 
244750.68 
244750.81 
244750.94 
244751.06 
244751.20 
244751.32 
244751.45 
244751.58 
244751.71 
244751.84 
244751.96 
244752.10 
244752.22 
244752.35 
244752.48 
244752.62 
244752.74 
244752.87 
244753.01 
244753.13 
244753.27 
244753.40 
244753.53 
244753.65 
244753.79 
244753.91 
244754.04 
244754.17 
244754.29 
244754.43 
244754.55 
244754.67 
244754.80 
244754.93 
244755.06 
244755.19 
244755.32 
244755.45 
244755.57 
244755.71 
244755.84 
244755.97 
244756.10 
244756.23 
244756.36 
244756.49 
244756.62 
244756.74 
244756.88 
244757.01 
244757.14 
244757.27 
244757.39 
244757.52 
244757.65 
244757.78 
244757.91 
244758.04 
244758.17 
244758.30 
244758.43 
244758.55 
244758.68 
244758.81 
244758.93 
244759.05 
244759.19 
244759.33 
244759.45 
244759.59 
244759.73 
244759.85 
244759.98 
244760.11 
244760.24 
244760.37 
244760.51 
244760.64 
244760.76 
244760.90 
244761.02 
244761.15 
244761.27 
244761.40 
244761.53 
244761.66 
244761.78 
244761.91 
244762.04 
244762.17 
244762.29 
244762.42 
244762.54 
244762.67 
244762.79 
244762.92 
244763.04 
244763.17 
244763.29 
244763.42 
244763.55 
244763.67 
244763.80 
244763.93 
244764.06 
244764.18 
244764.33 
244764.45 
244764.58 
244764.70 
244764.82 
244764.94 
244765.07 
244765.19 
244765.32 
244765.44 
244765.57 
244765.70 
244765.83 
244765.96 
244766.09 
244766.22 
244766.35 
244766.47 
244766.61 
244766.73 
244766.86 
244766.99 
244767.13 
244767.26 
244767.39 
244767.51 
244767.64 
244767.77 
244767.90 
244768.02 
244768.15 
244768.28 
244768.41 
244768.53 
244768.66 
244768.78 
244768.92 
244769.05 
244769.17 
244769.30 
244769.43 
244769.55 
244769.68 
244769.81 
244769.94 
244770.07 
244770.19 
244770.32 
244770.47 
244770.59 
244770.73 
244770.86 
244770.99 
244771.12 
244771.24 
244771.37 
244771.50 
244771.62 
244771.75 
244771.88 
244772.01 
244772.15 
244772.27 
244772.40 
244772.52 
244772.66 
244772.78 
244772.92 
244773.04 
244773.16 
244773.29 
244773.42 
244773.54 
244773.67 
244773.79 
244773.92 
244774.05 
244774.17 
244774.30 
244774.43 
244774.55 
244774.68 
244774.81 
244774.94 
244775.06 
244775.19 
244775.31 
244775.44 
244775.56 
244775.68 
244775.81 
244775.94 
244776.06 
244776.19 
244776.31 
244776.44 
244776.56 
244776.69 
244776.82 
244776.94 
244777.07 
244777.20 
244777.32 
244777.44 
244777.57 
244777.70 
244777.83 
244777.95 
244778.07 
244778.20 
244778.32 
244778.45 
244778.57 
244778.70 
244778.82 
244778.95 
244779.07 
244779.20 
244779.32 
244779.45 
244779.59 
244779.71 
244779.84 
244779.96 
244780.08 
244780.21 
244780.33 
244780.45 
244780.57 
244780.70 
244780.83 
244780.95 
244781.08 
244781.20 
244781.33 
244781.45 
244781.58 
244781.72 
244781.85 
244781.97 
244782.10 
244782.22 
244782.35 
244782.48 
244782.60 
244782.72 
244782.85 
244782.98 
244783.10 
244783.23 
244783.35 
244783.48 
244783.60 
244783.73 
244783.86 
244783.98 
244784.11 
244784.23 
244784.36 
244784.48 
244784.61 
244784.73 
244784.87 
244785.00 
244785.12 
244785.25 
244785.38 
244785.50 
244785.62 
244785.74 
244785.88 
244786.00 
244786.12 
244786.25 
244786.37 
244786.50 
244786.63 
244786.76 
244786.89 
244787.02 
244787.14 
244787.27 
244787.40 
244787.53 
244787.66 
244787.78 
244787.91 
244788.04 
244788.17 
244788.30 
244788.43 
244788.56 
244788.69 
244788.82 
244788.96 
244789.09 
244789.21 
244789.33 
244789.46 
244789.59 
244789.72 
244789.85 
244789.98 
244790.10 
244790.24 
244790.36 
244790.50 
244790.62 
244790.75 
244790.88 
244791.01 
244791.13 
244791.27 
244791.39 
244791.52 
244791.65 
244791.77 
244791.89 
244792.02 
244792.14 
244792.27 
244792.40 
244792.53 
244792.65 
244792.78 
244792.91 
244793.04 
244793.18 
244793.31 
244793.43 
244793.57 
244793.69 
244793.83 
244793.95 
244794.08 
244794.21 
244794.34 
244794.47 
244794.59 
244794.72 
244794.85 
244794.98 
244795.11 
244795.23 
244795.36 
244795.50 
244795.62 
244795.74 
244795.87 
244795.99 
244796.12 
244796.25 
244796.38 
244796.51 
244796.65 
244796.78 
244796.91 
244797.05 
244797.18 
244797.31 
244797.43 
244797.56 
244797.69 
244797.82 
244797.95 
244798.08 
244798.20 
244798.33 
244798.46 
244798.59 
244798.71 
244798.84 
244798.98 
244799.10 
244799.23 
244799.36 
244799.50 
244799.63 
244799.75 
244799.88 
244800.02 
244800.15 
244800.27 
244800.39 
244800.52 
244800.65 
244800.78 
244800.91 
244801.04 
244801.16 
244801.29 
244801.42 
244801.55 
244801.68 
244801.81 
244801.95 
244802.07 
244802.20 
244802.33 
244802.46 
244802.59 
244802.72 
244802.85 
244802.99 
244803.11 
244803.25 
244803.38 
244803.51 
244803.64 
244803.77 
244803.89 
244804.02 
244804.15 
244804.29 
244804.41 
244804.54 
244804.67 
244804.80 
244804.93 
244805.06 
244805.19 
244805.32 
244805.45 
244805.57 
244805.70 
244805.84 
244805.96 
244806.09 
244806.22 
244806.36 
244806.49 
244806.62 
244806.75 
244806.88 
244807.01 
244807.14 
244807.26 
244807.38 
244807.51 
244807.64 
244807.77 
244807.90 
244808.03 
244808.16 
244808.29 
244808.43 
244808.55 
244808.68 
244808.80 
244808.93 
244809.05 
244809.18 
244809.31 
244809.44 
244809.57 
244809.69 
244809.82 
244809.95 
244810.07 
244810.20 
244810.33 
244810.46 
244810.58 
244810.72 
244810.84 
244810.97 
244811.08 
244811.21 
244811.33 
244811.45 
244811.58 
244811.70 
244811.84 
244811.96 
244812.09 
244812.22 
244812.35 
244812.49 
244812.62 
244812.74 
244812.87 
244813.00 
244813.13 
244813.26 
244813.39 
244813.53 
244813.66 
244813.79 
244813.91 
244814.04 
244814.16 
244814.28 
244814.41 
244814.54 
244814.67 
244814.80 
244814.92 
244815.05 
244815.17 
244815.30 
244815.43 
244815.57 
244815.70 
244815.82 
244815.95 
244816.08 
244816.21 
244816.34 
244816.47 
244816.60 
244816.72 
244816.84 
244816.97 
244817.10 
244817.23 
244817.35 
244817.48 
244817.62 
244817.74 
244817.87 
244817.99 
244818.12 
244818.25 
244818.38 
244818.51 
244818.64 
244818.77 
244818.91 
244819.04 
244819.17 
244819.29 
244819.42 
244819.55 
244819.69 
244819.82 
244819.95 
244820.08 
244820.22 
244820.35 
244820.47 
244820.60 
244820.73 
244820.86 
244820.99 
244821.13 
244821.26 
244821.39 
244821.52 
244821.65 
244821.78 
244821.92 
244822.04 
244822.17 
244822.30 
244822.43 
244822.56 
244822.70 
244822.83 
244822.95 
244823.08 
244823.21 
244823.34 
244823.47 
244823.60 
244823.72 
244823.85 
244823.98 
244824.11 
244824.23 
244824.36 
244824.50 
244824.62 
244824.74 
244824.88 
244825.01 
244825.14 
244825.26 
244825.39 
244825.53 
244825.65 
244825.79 
244825.91 
244826.04 
244826.17 
244826.30 
244826.43 
244826.56 
244826.69 
244826.81 
244826.93 
244827.06 
244827.19 
244827.32 
244827.44 
244827.57 
244827.71 
244827.83 
244827.96 
244828.09 
244828.22 
244828.35 
244828.48 
244828.62 
244828.74 
244828.86 
244828.98 
244829.11 
244829.24 
244829.37 
244829.50 
244829.62 
244829.75 
244829.89 
244830.01 
244830.16 
244830.28 
244830.42 
244830.54 
244830.68 
244830.81 
244830.95 
244831.08 
244831.22 
244831.34 
244831.47 
244831.61 
244831.74 
244831.86 
244831.99 
244832.12 
244832.25 
244832.38 
244832.51 
244832.63 
244832.75 
244832.87 
244833.00 
244833.13 
244833.26 
244833.38 
244833.51 
244833.63 
244833.76 
244833.88 
244834.01 
244834.14 
244834.26 
244834.39 
244834.52 
244834.65 
244834.77 
244834.90 
244835.02 
244835.15 
244835.27 
244835.40 
244835.53 
244835.66 
244835.79 
244835.91 
244836.04 
244836.18 
244836.31 
244836.43 
244836.56 
244836.69 
244836.81 
244836.94 
244837.07 
244837.19 
244837.32 
244837.45 
244837.58 
244837.71 
244837.84 
244837.97 
244838.10 
244838.24 
244838.36 
244838.50 
244838.63 
244838.76 
244838.90 
244839.04 
244839.17 
244839.30 
244839.43 
244839.56 
244839.68 
244839.82 
244839.95 
244840.08 
244840.21 
244840.34 
244840.46 
244840.59 
244840.71 
244840.84 
244840.96 
244841.09 
244841.23 
244841.35 
244841.48 
244841.61 
244841.74 
244841.87 
244842.00 
244842.12 
244842.25 
244842.37 
244842.49 
244842.61 
244842.74 
244842.87 
244842.99 
244843.12 
244843.25 
244843.37 
244843.50 
244843.63 
244843.75 
244843.88 
244844.00 
244844.13 
244844.26 
244844.38 
244844.51 
244844.63 
244844.76 
244844.89 
244845.01 
244845.14 
244845.26 
244845.39 
244845.52 
244845.64 
244845.77 
244845.89 
244846.01 
244846.14 
244846.27 
244846.39 
244846.52 
244846.65 
244846.77 
244846.89 
244847.01 
244847.14 
244847.27 
244847.40 
244847.52 
244847.65 
244847.77 
244847.90 
244848.03 
244848.16 
244848.29 
244848.42 
244848.55 
244848.67 
244848.80 
244848.93 
244849.06 
244849.19 
244849.32 
244849.44 
244849.57 
244849.70 
244849.82 
244849.96 
244850.10 
244850.22 
244850.35 
244850.48 
244850.61 
244850.73 
244850.86 
244850.99 
244851.11 
244851.24 
244851.36 
244851.49 
244851.63 
244851.75 
244851.88 
244852.01 
244852.14 
244852.26 
244852.40 
244852.52 
244852.65 
244852.78 
244852.91 
244853.03 
244853.17 
244853.30 
244853.43 
244853.56 
244853.69 
244853.82 
244853.95 
244854.09 
244854.21 
244854.34 
244854.46 
244854.59 
244854.73 
244854.84 
244854.97 
244855.09 
244855.22 
244855.34 
244855.48 
244855.61 
244855.74 
244855.87 
244855.99 
244856.12 
244856.25 
244856.38 
244856.51 
244856.64 
244856.77 
244856.90 
244857.03 
244857.16 
244857.29 
244857.42 
244857.54 
244857.66 
244857.78 
244857.90 
244858.02 
244858.15 
244858.28 
244858.41 
244858.54 
244858.66 
244858.79 
244858.93 
244859.05 
244859.17 
244859.30 
244859.42 
244859.56 
244859.70 
244859.83 
244859.94 
244860.07 
244860.20 
244860.33 
244860.45 
244860.58 
244860.70 
244860.84 
244860.97 
244861.10 
244861.22 
244861.35 
244861.48 
244861.61 
244861.73 
244861.86 
244861.99 
244862.12 
244862.25 
244862.37 
244862.50 
244862.64 
244862.77 
244862.90 
244863.04 
244863.17 
244863.29 
244863.41 
244863.54 
244863.67 
244863.79 
244863.92 
244864.05 
244864.17 
244864.31 
244864.45 
244864.57 
244864.69 
244864.81 
244864.96 
244865.09 
244865.21 
244865.32 
244865.45 
244865.58 
244865.70 
244865.83 
244865.96 
244866.10 
244866.22 
244866.34 
244866.47 
244866.60 
244866.74 
244866.88 
244867.01 
244867.13 
244867.27 
244867.41 
244867.54 
244867.66 
244867.79 
244867.91 
244868.04 
244868.16 
244868.29 
244868.42 
244868.54 
244868.67 
244868.79 
244868.92 
244869.04 
244869.17 
244869.29 
244869.42 
244869.55 
244869.68 
244869.81 
244869.93 
244870.06 
244870.20 
244870.33 
244870.45 
244870.58 
244870.70 
244870.83 
244870.96 
244871.08 
244871.21 
244871.35 
244871.48 
244871.60 
244871.73 
244871.86 
244871.99 
244872.12 
244872.24 
244872.37 
244872.49 
244872.62 
244872.75 
244872.87 
244873.00 
244873.13 
244873.26 
244873.39 
244873.52 
244873.64 
244873.77 
244873.91 
244874.05 
244874.19 
244874.31 
244874.43 
244874.55 
244874.68 
244874.81 
244874.94 
244875.07 
244875.19 
244875.32 
244875.45 
244875.58 
244875.70 
244875.84 
244875.97 
244876.10 
244876.23 
244876.36 
244876.49 
244876.63 
244876.76 
244876.89 
244877.02 
244877.15 
244877.27 
244877.40 
244877.53 
244877.66 
244877.79 
244877.91 
244878.05 
244878.17 
244878.30 
244878.43 
244878.55 
244878.68 
244878.82 
244878.94 
244879.08 
244879.21 
244879.33 
244879.46 
244879.59 
244879.72 
244879.85 
244879.98 
244880.11 
244880.24 
244880.36 
244880.49 
244880.63 
244880.75 
244880.89 
244881.00 
244881.12 
244881.25 
244881.38 
244881.52 
244881.65 
244881.77 
244881.91 
244882.05 
244882.17 
244882.29 
244882.42 
244882.56 
244882.67 
244882.79 
244882.92 
244883.04 
244883.17 
244883.30 
244883.42 
244883.55 
244883.69 
244883.82 
244883.94 
244884.08 
244884.21 
244884.34 
244884.47 
244884.61 
244884.73 
244884.86 
244884.98 
244885.11 
244885.24 
244885.37 
244885.49 
244885.63 
244885.75 
244885.88 
244886.00 
244886.13 
244886.26 
244886.39 
244886.52 
244886.65 
244886.78 
244886.92 
244887.05 
244887.18 
244887.31 
244887.43 
244887.56 
244887.69 
244887.82 
244887.95 
244888.07 
244888.20 
244888.33 
244888.46 
244888.58 
244888.70 
244888.82 
244888.95 
244889.07 
244889.20 
244889.32 
244889.45 
244889.58 
244889.70 
244889.83 
244889.96 
244890.09 
244890.22 
244890.35 
244890.47 
244890.60 
244890.73 
244890.86 
244890.99 
244891.12 
244891.25 
244891.38 
244891.51 
244891.64 
244891.76 
244891.89 
244892.02 
244892.15 
244892.28 
244892.40 
244892.53 
244892.66 
244892.78 
244892.92 
244893.04 
244893.17 
244893.30 
244893.42 
244893.55 
244893.68 
244893.81 
244893.95 
244894.08 
244894.23 
244894.35 
244894.48 
244894.61 
244894.73 
244894.85 
244894.98 
244895.10 
244895.23 
244895.35 
244895.48 
244895.61 
244895.73 
244895.86 
244895.99 
244896.12 
244896.25 
244896.39 
244896.51 
244896.63 
244896.76 
244896.89 
244897.01 
244897.14 
244897.26 
244897.38 
244897.51 
244897.64 
244897.76 
244897.88 
244898.01 
244898.14 
244898.26 
244898.39 
244898.52 
244898.65 
244898.77 
244898.90 
244899.03 
244899.15 
244899.28 
244899.40 
244899.53 
244899.65 
244899.78 
244899.90 
244900.03 
244900.15 
244900.28 
244900.40 
244900.53 
244900.65 
244900.77 
244900.90 
244901.03 
244901.16 
244901.28 
244901.40 
244901.53 
244901.65 
244901.78 
244901.90 
244902.02 
244902.15 
244902.28 
244902.40 
244902.52 
244902.65 
244902.77 
244902.89 
244903.02 
244903.14 
244903.27 
244903.39 
244903.52 
244903.65 
244903.79 
244903.92 
244904.04 
244904.16 
244904.28 
244904.39 
244904.52 
244904.64 
244904.77 
244904.90 
244905.03 
244905.16 
244905.28 
244905.41 
244905.54 
244905.66 
244905.79 
244905.92 
244906.06 
244906.19 
244906.32 
244906.45 
244906.57 
244906.70 
244906.82 
244906.95 
244907.08 
244907.21 
244907.34 
244907.47 
244907.60 
244907.73 
244907.86 
244907.98 
244908.11 
244908.25 
244908.38 
244908.51 
244908.63 
244908.77 
244908.90 
244909.04 
244909.17 
244909.29 
244909.43 
244909.57 
244909.69 
244909.82 
244909.95 
244910.08 
244910.22 
244910.35 
244910.48 
244910.61 
244910.74 
244910.87 
244911.00 
244911.13 
244911.25 
244911.38 
244911.52 
244911.65 
244911.78 
244911.90 
244912.03 
244912.16 
244912.29 
244912.42 
244912.55 
244912.68 
244912.81 
244912.94 
244913.07 
244913.20 
244913.34 
244913.47 
244913.60 
244913.73 
244913.86 
244914.00 
244914.13 
244914.25 
244914.38 
244914.52 
244914.64 
244914.76 
244914.89 
244915.03 
244915.15 
244915.27 
244915.41 
244915.53 
244915.67 
244915.79 
244915.92 
244916.05 
244916.18 
244916.31 
244916.43 
244916.56 
244916.69 
244916.82 
244916.95 
244917.08 
244917.21 
244917.34 
244917.46 
244917.60 
244917.73 
244917.86 
244917.99 
244918.12 
244918.24 
244918.38 
244918.52 
244918.64 
244918.76 
244918.89 
244919.02 
244919.15 
244919.28 
244919.40 
244919.53 
244919.64 
244919.75 
244919.87 
244919.99 
244920.12 
244920.25 
244920.39 
244920.51 
244920.63 
244920.76 
244920.89 
244921.02 
244921.15 
244921.27 
244921.40 
244921.53 
244921.66 
244921.79 
244921.92 
244922.04 
244922.17 
244922.30 
244922.42 
244922.55 
244922.67 
244922.80 
244922.93 
244923.06 
244923.19 
244923.31 
244923.44 
244923.58 
244923.71 
244923.83 
244923.97 
244924.10 
244924.22 
244924.35 
244924.49 
244924.63 
244924.77 
244924.89 
244925.02 
244925.15 
244925.28 
244925.41 
244925.53 
244925.66 
244925.79 
244925.92 
244926.04 
244926.18 
244926.30 
244926.43 
244926.56 
244926.69 
244926.81 
244926.94 
244927.06 
244927.19 
244927.31 
244927.44 
244927.56 
244927.70 
244927.82 
244927.95 
244928.07 
244928.20 
244928.32 
244928.45 
244928.57 
244928.70 
244928.83 
244928.96 
244929.08 
244929.21 
244929.33 
244929.46 
244929.59 
244929.71 
244929.83 
244929.95 
244930.08 
244930.20 
244930.33 
244930.46 
244930.58 
244930.71 
244930.84 
244930.97 
244931.11 
244931.24 
244931.36 
244931.49 
244931.63 
244931.76 
244931.89 
244932.01 
244932.14 
244932.27 
244932.40 
244932.53 
244932.66 
244932.79 
244932.92 
244933.05 
244933.18 
244933.30 
244933.43 
244933.57 
244933.70 
244933.82 
244933.95 
244934.09 
244934.22 
244934.35 
244934.47 
244934.61 
244934.74 
244934.87 
244935.01 
244935.12 
244935.24 
244935.36 
244935.49 
244935.62 
244935.76 
244935.88 
244936.01 
244936.14 
244936.27 
244936.39 
244936.52 
244936.65 
244936.79 
244936.91 
244937.03 
244937.16 
244937.28 
244937.41 
244937.53 
244937.66 
244937.79 
244937.91 
244938.04 
244938.17 
244938.29 
244938.42 
244938.55 
244938.67 
244938.80 
244938.93 
244939.05 
244939.18 
244939.31 
244939.43 
244939.56 
244939.68 
244939.81 
244939.94 
244940.06 
244940.19 
244940.32 
244940.44 
244940.57 
244940.69 
244940.82 
244940.94 
244941.07 
244941.19 
244941.32 
244941.44 
244941.57 
244941.69 
244941.82 
244941.94 
244942.07 
244942.19 
244942.32 
244942.44 
244942.56 
244942.69 
244942.81 
244942.94 
244943.07 
244943.20 
244943.33 
244943.45 
244943.58 
244943.71 
244943.83 
244943.96 
244944.09 
244944.21 
244944.34 
244944.46 
244944.58 
244944.70 
244944.83 
244944.95 
244945.07 
244945.20 
244945.33 
244945.46 
244945.59 
244945.71 
244945.85 
244945.97 
244946.10 
244946.24 
244946.37 
244946.51 
244946.64 
244946.77 
244946.90 
244947.04 
244947.16 
244947.29 
244947.42 
244947.54 
244947.67 
244947.80 
244947.94 
244948.06 
244948.18 
244948.31 
244948.44 
244948.56 
244948.69 
244948.82 
244948.95 
244949.08 
244949.21 
244949.33 
244949.46 
244949.59 
244949.72 
244949.86 
244949.98 
244950.11 
244950.23 
244950.36 
244950.49 
244950.62 
244950.73 
244950.85 
244950.98 
244951.11 
244951.23 
244951.36 
244951.48 
244951.62 
244951.76 
244951.90 
244952.03 
244952.15 
244952.28 
244952.41 
244952.53 
244952.66 
244952.78 
244952.91 
244953.03 
244953.15 
244953.28 
244953.40 
244953.54 
244953.66 
244953.78 
244953.91 
244954.04 
244954.16 
244954.28 
244954.39 
244954.52 
244954.65 
244954.77 
244954.91 
244955.03 
244955.16 
244955.29 
244955.42 
244955.55 
244955.67 
244955.81 
244955.93 
244956.06 
244956.18 
244956.31 
244956.44 
244956.56 
244956.69 
244956.82 
244956.95 
244957.08 
244957.20 
244957.33 
244957.45 
244957.58 
244957.70 
244957.83 
244957.96 
244958.08 
244958.21 
244958.33 
244958.46 
244958.58 
244958.71 
244958.83 
244958.96 
244959.08 
244959.21 
244959.34 
244959.46 
244959.59 
244959.72 
244959.84 
244959.96 
244960.09 
244960.22 
244960.34 
244960.47 
244960.59 
244960.72 
244960.85 
244960.98 
244961.11 
244961.23 
244961.36 
244961.50 
244961.62 
244961.75 
244961.88 
244962.00 
244962.13 
244962.25 
244962.37 
244962.50 
244962.63 
244962.76 
244962.88 
244963.01 
244963.14 
244963.26 
244963.39 
244963.52 
244963.64 
244963.77 
244963.90 
244964.02 
244964.15 
244964.28 
244964.40 
244964.53 
244964.65 
244964.78 
244964.90 
244965.03 
244965.16 
244965.28 
244965.40 
244965.53 
244965.65 
244965.78 
244965.91 
244966.03 
244966.15 
244966.27 
244966.40 
244966.53 
244966.65 
244966.77 
244966.90 
244967.03 
244967.15 
244967.28 
244967.40 
244967.53 
244967.65 
244967.78 
244967.91 
244968.03 
244968.16 
244968.28 
244968.41 
244968.54 
244968.66 
244968.79 
244968.92 
244969.04 
244969.17 
244969.30 
244969.43 
244969.55 
244969.68 
244969.81 
244969.94 
244970.06 
244970.18 
244970.32 
244970.44 
244970.57 
244970.70 
244970.83 
244970.96 
244971.10 
244971.23 
244971.36 
244971.49 
244971.63 
244971.75 
244971.88 
244972.01 
244972.14 
244972.26 
244972.40 
244972.52 
244972.65 
244972.78 
244972.91 
244973.04 
244973.17 
244973.30 
244973.43 
244973.57 
244973.70 
244973.83 
244973.97 
244974.10 
244974.22 
244974.35 
244974.48 
244974.61 
244974.74 
244974.87 
244975.00 
244975.13 
244975.26 
244975.38 
244975.51 
244975.64 
244975.77 
244975.90 
244976.04 
244976.16 
244976.29 
244976.42 
244976.55 
244976.68 
244976.81 
244976.94 
244977.07 
244977.20 
244977.32 
244977.45 
244977.58 
244977.71 
244977.84 
244977.97 
244978.09 
244978.22 
244978.35 
244978.48 
244978.61 
244978.74 
244978.88 
244979.01 
244979.14 
244979.28 
244979.41 
244979.54 
244979.68 
244979.80 
244979.92 
244980.04 
244980.17 
244980.30 
244980.42 
244980.55 
244980.68 
244980.81 
244980.94 
244981.07 
244981.21 
244981.34 
244981.47 
244981.59 
244981.71 
244981.82 
244981.95 
244982.07 
244982.20 
244982.32 
244982.45 
244982.58 
244982.70 
244982.82 
244982.95 
244983.08 
244983.21 
244983.34 
244983.47 
244983.60 
244983.73 
244983.87 
244984.00 
244984.13 
244984.26 
244984.39 
244984.52 
244984.66 
244984.79 
244984.92 
244985.04 
244985.18 
244985.31 
244985.44 
244985.58 
244985.72 
244985.83 
244985.96 
244986.09 
244986.22 
244986.35 
244986.48 
244986.60 
244986.73 
244986.86 
244986.99 
244987.12 
244987.26 
244987.38 
244987.51 
244987.63 
244987.77 
244987.91 
244988.03 
244988.16 
244988.29 
244988.42 
244988.55 
244988.68 
244988.82 
244988.94 
244989.06 
244989.19 
244989.32 
244989.45 
244989.58 
244989.70 
244989.83 
244989.96 
244990.09 
244990.22 
244990.34 
244990.47 
244990.61 
244990.73 
244990.86 
244990.99 
244991.12 
244991.26 
244991.39 
244991.51 
244991.64 
244991.77 
244991.90 
244992.03 
244992.16 
244992.28 
244992.41 
244992.54 
244992.67 
244992.80 
244992.93 
244993.06 
244993.19 
244993.32 
244993.45 
244993.59 
244993.71 
244993.84 
244993.96 
244994.09 
244994.22 
244994.35 
244994.47 
244994.61 
244994.74 
244994.88 
244995.00 
244995.13 
244995.26 
244995.38 
244995.51 
244995.64 
244995.77 
244995.90 
244996.03 
244996.15 
244996.28 
244996.41 
244996.54 
244996.67 
244996.79 
244996.92 
244997.04 
244997.16 
244997.29 
244997.42 
244997.54 
244997.67 
244997.80 
244997.93 
244998.05 
244998.18 
244998.31 
244998.43 
244998.56 
244998.69 
244998.82 
244998.95 
244999.07 
244999.21 
244999.34 
244999.48 
244999.62 
244999.74 
244999.87 
244999.99 
245000.12 
245000.24 
245000.37 
245000.50 
245000.63 
245000.76 
245000.88 
245001.02 
245001.16 
245001.28 
245001.41 
245001.54 
245001.67 
245001.81 
245001.93 
245002.06 
245002.20 
245002.32 
245002.44 
245002.57 
245002.70 
245002.82 
245002.95 
245003.09 
245003.22 
245003.34 
245003.48 
245003.61 
245003.74 
245003.87 
245003.99 
245004.12 
245004.24 
245004.37 
245004.50 
245004.64 
245004.77 
245004.90 
245005.02 
245005.15 
245005.28 
245005.41 
245005.54 
245005.67 
245005.80 
245005.94 
245006.06 
245006.19 
245006.31 
245006.45 
245006.58 
245006.70 
245006.83 
245006.96 
245007.08 
245007.21 
245007.35 
245007.47 
245007.59 
245007.72 
245007.85 
245007.98 
245008.10 
245008.23 
245008.36 
245008.49 
245008.62 
245008.75 
245008.88 
245009.02 
245009.16 
245009.29 
245009.41 
245009.54 
245009.66 
245009.79 
245009.92 
245010.04 
245010.17 
245010.30 
245010.42 
245010.55 
245010.67 
245010.80 
245010.92 
245011.06 
245011.19 
245011.31 
245011.44 
245011.57 
245011.71 
245011.84 
245011.96 
245012.08 
245012.21 
245012.33 
245012.45 
245012.57 
245012.69 
245012.82 
245012.94 
245013.07 
245013.20 
245013.32 
245013.44 
245013.57 
245013.69 
245013.82 
245013.94 
245014.07 
245014.20 
245014.32 
245014.45 
245014.58 
245014.70 
245014.83 
245014.95 
245015.08 
245015.21 
245015.33 
245015.46 
245015.58 
245015.72 
245015.85 
245015.98 
245016.10 
245016.22 
245016.36 
245016.49 
245016.61 
245016.74 
245016.86 
245016.99 
245017.11 
245017.24 
245017.36 
245017.49 
245017.61 
245017.75 
245017.88 
245018.00 
245018.13 
245018.25 
245018.38 
245018.50 
245018.63 
245018.75 
245018.88 
245019.00 
245019.14 
245019.26 
245019.38 
245019.50 
245019.62 
245019.75 
245019.88 
245020.01 
245020.14 
245020.27 
245020.39 
245020.52 
245020.65 
245020.78 
245020.90 
245021.03 
245021.16 
245021.30 
245021.42 
245021.55 
245021.67 
245021.81 
245021.94 
245022.07 
245022.20 
245022.33 
245022.46 
245022.58 
245022.71 
245022.85 
245022.97 
245023.11 
245023.24 
245023.37 
245023.50 
245023.63 
245023.75 
245023.88 
245024.02 
245024.14 
245024.26 
245024.39 
245024.52 
245024.65 
245024.78 
245024.91 
245025.04 
245025.17 
245025.29 
245025.42 
245025.55 
245025.67 
245025.80 
245025.93 
245026.06 
245026.18 
245026.31 
245026.42 
245026.53 
245026.65 
245026.76 
245026.90 
245027.02 
245027.14 
245027.26 
245027.38 
245027.50 
245027.62 
245027.74 
245027.85 
245027.97 
245028.09 
245028.21 
245028.33 
245028.45 
245028.57 
245028.69 
245028.81 
245028.92 
245029.04 
245029.16 
245029.29 
245029.41 
245029.53 
245029.65 
245029.77 
245029.89 
245030.01 
245030.13 
245030.24 
245030.36 
245030.48 
245030.59 
245030.70 
245030.81 
245030.92 
245031.03 
245031.14 
245031.25 
245031.37 
245031.50 
245031.62 
245031.73 
245031.84 
245031.96 
245032.10 
245032.22 
245032.35 
245032.47 
245032.60 
245032.72 
245032.84 
245032.97 
245033.09 
245033.21 
245033.34 
245033.47 
245033.58 
245033.69 
245033.80 
245033.91 
245034.02 
245034.13 
245034.23 
245034.37 
245034.47 
245034.60 
245034.72 
245034.85 
245034.97 
245035.09 
245035.22 
245035.34 
245035.46 
245035.59 
245035.70 
245035.81 
245035.94 
245036.05 
245036.17 
245036.29 
245036.41 
245036.54 
245036.66 
245036.79 
245036.91 
245037.04 
245037.17 
245037.27 
245037.40 
245037.52 
245037.64 
245037.77 
245037.88 
245038.01 
245038.13 
245038.25 
245038.36 
245038.49 
245038.60 
245038.71 
245038.82 
245038.93 
245039.04 
245039.17 
245039.28 
245039.39 
245039.49 
245039.60 
245039.71 
245039.85 
245039.95 
245040.09 
245040.20 
245040.31 
245040.42 
245040.53 
245040.63 
245040.74 
245040.86 
245040.98 
245041.10 
245041.23 
245041.34 
245041.45 
245041.55 
245041.66 
245041.77 
245041.88 
245041.99 
245042.10 
245042.21 
245042.34 
245042.44 
245042.56 
245042.69 
245042.81 
245042.93 
245043.07 
245043.20 
245043.32 
245043.44 
245043.56 
245043.70 
245043.82 
245043.95 
245044.07 
245044.19 
245044.31 
245044.45 
245044.57 
245044.70 
245044.82 
245044.94 
245045.06 
245045.20 
245045.33 
245045.45 
245045.57 
245045.70 
245045.82 
245045.94 
245046.07 
245046.19 
245046.33 
245046.45 
245046.57 
245046.70 
245046.82 
245046.95 
245047.07 
245047.19 
245047.30 
245047.43 
245047.55 
245047.67 
245047.79 
245047.93 
245048.05 
245048.17 
245048.30 
245048.43 
245048.56 
245048.68 
245048.81 
245048.93 
245049.06 
245049.18 
245049.30 
245049.43 
245049.55 
245049.68 
245049.80 
245049.92 
245050.05 
245050.17 
245050.30 
245050.42 
245050.54 
245050.67 
245050.81 
245050.94 
245051.06 
245051.18 
245051.31 
245051.43 
245051.56 
245051.68 
245051.81 
245051.93 
245052.05 
245052.18 
245052.30 
245052.42 
245052.55 
245052.66 
245052.80 
245052.92 
245053.06 
245053.17 
245053.27 
245053.41 
245053.53 
245053.65 
245053.78 
245053.90 
245054.02 
245054.15 
245054.26 
245054.38 
245054.50 
245054.61 
245054.73 
245054.84 
245054.96 
245055.08 
245055.21 
245055.33 
245055.45 
245055.58 
245055.71 
245055.83 
245055.97 
245056.09 
245056.22 
245056.34 
245056.47 
245056.59 
245056.72 
245056.84 
245056.96 
245057.09 
245057.22 
245057.34 
245057.46 
245057.59 
245057.72 
245057.84 
245057.97 
245058.09 
245058.21 
245058.34 
245058.46 
245058.58 
245058.71 
245058.83 
245058.95 
245059.08 
245059.20 
245059.33 
245059.45 
245059.57 
245059.70 
245059.82 
245059.95 
245060.07 
245060.20 
245060.31 
245060.44 
245060.56 
245060.69 
245060.81 
245060.94 
245061.06 
245061.19 
245061.31 
245061.44 
245061.56 
245061.69 
245061.81 
245061.93 
245062.05 
245062.18 
245062.30 
245062.42 
245062.55 
245062.69 
245062.81 
245062.94 
245063.07 
245063.19 
245063.31 
245063.44 
245063.58 
245063.71 
245063.85 
245063.97 
245064.08 
245064.20 
245064.34 
245064.46 
245064.59 
245064.71 
245064.84 
245064.96 
245065.08 
245065.20 
245065.33 
245065.45 
245065.58 
245065.70 
245065.83 
245065.95 
245066.08 
245066.21 
245066.33 
245066.45 
245066.58 
245066.70 
245066.82 
245066.95 
245067.07 
245067.20 
245067.32 
245067.45 
245067.57 
245067.70 
245067.82 
245067.94 
245068.07 
245068.20 
245068.32 
245068.45 
245068.57 
245068.70 
245068.82 
245068.95 
245069.07 
245069.19 
245069.32 
245069.44 
245069.57 
245069.70 
245069.82 
245069.94 
245070.07 
245070.19 
245070.32 
245070.44 
245070.57 
245070.69 
245070.82 
245070.94 
245071.07 
245071.19 
245071.31 
245071.44 
245071.56 
245071.69 
245071.81 
245071.94 
245072.06 
245072.18 
245072.31 
245072.45 
245072.57 
245072.69 
245072.82 
245072.94 
245073.06 
245073.19 
245073.31 
245073.43 
245073.56 
245073.68 
245073.81 
245073.93 
245074.05 
245074.18 
245074.30 
245074.42 
245074.55 
245074.67 
245074.80 
245074.92 
245075.04 
245075.17 
245075.29 
245075.41 
245075.54 
245075.66 
245075.78 
245075.91 
245076.04 
245076.16 
245076.29 
245076.41 
245076.53 
245076.66 
245076.78 
245076.90 
245077.02 
245077.15 
245077.27 
245077.39 
245077.52 
245077.64 
245077.77 
245077.89 
245078.01 
245078.14 
245078.26 
245078.39 
245078.51 
245078.64 
245078.76 
245078.88 
245078.99 
245079.12 
245079.24 
245079.36 
245079.48 
245079.61 
245079.73 
245079.86 
245079.98 
245080.10 
245080.22 
245080.35 
245080.48 
245080.60 
245080.73 
245080.85 
245080.98 
245081.10 
245081.22 
245081.35 
245081.47 
245081.59 
245081.72 
245081.84 
245081.97 
245082.09 
245082.21 
245082.34 
245082.46 
245082.58 
245082.70 
245082.83 
245082.95 
245083.07 
245083.20 
245083.32 
245083.45 
245083.57 
245083.69 
245083.82 
245083.94 
245084.06 
245084.18 
245084.30 
245084.43 
245084.56 
245084.68 
245084.81 
245084.93 
245085.05 
245085.18 
245085.30 
245085.43 
245085.55 
245085.67 
245085.79 
245085.92 
245086.03 
245086.14 
245086.25 
245086.38 
245086.49 
245086.62 
245086.74 
245086.87 
245087.01 
245087.14 
245087.27 
245087.38 
245087.50 
245087.63 
245087.76 
245087.88 
245088.02 
245088.14 
245088.28 
245088.40 
245088.53 
245088.65 
245088.78 
245088.90 
245089.03 
245089.16 
245089.28 
245089.40 
245089.53 
245089.65 
245089.77 
245089.89 
245090.01 
245090.12 
245090.24 
245090.36 
245090.49 
245090.62 
245090.75 
245090.87 
245091.00 
245091.13 
245091.26 
245091.39 
245091.51 
245091.63 
245091.75 
245091.88 
245092.00 
245092.13 
245092.26 
245092.39 
245092.51 
245092.65 
245092.78 
245092.91 
245093.04 
245093.18 
245093.32 
245093.45 
245093.58 
245093.70 
245093.83 
245093.96 
245094.08 
245094.21 
245094.33 
245094.46 
245094.60 
245094.73 
245094.85 
245094.99 
245095.12 
245095.25 
245095.37 
245095.50 
245095.62 
245095.75 
245095.88 
245096.01 
245096.13 
245096.26 
245096.38 
245096.51 
245096.64 
245096.77 
245096.90 
245097.02 
245097.15 
245097.28 
245097.41 
245097.54 
245097.67 
245097.80 
245097.92 
245098.04 
245098.17 
245098.28 
245098.41 
245098.54 
245098.67 
245098.80 
245098.92 
245099.06 
245099.18 
245099.32 
245099.44 
245099.57 
245099.71 
245099.84 
245099.98 
245100.11 
245100.23 
245100.36 
245100.48 
245100.61 
245100.74 
245100.86 
245100.99 
245101.12 
245101.25 
245101.37 
245101.50 
245101.62 
245101.75 
245101.87 
245102.00 
245102.13 
245102.26 
245102.39 
245102.52 
245102.65 
245102.77 
245102.90 
245103.03 
245103.15 
245103.28 
245103.41 
245103.54 
245103.66 
245103.79 
245103.92 
245104.05 
245104.18 
245104.31 
245104.44 
245104.57 
245104.70 
245104.82 
245104.95 
245105.08 
245105.21 
245105.34 
245105.47 
245105.59 
245105.72 
245105.85 
245105.98 
245106.11 
245106.25 
245106.38 
245106.50 
245106.63 
245106.76 
245106.89 
245107.02 
245107.14 
245107.27 
245107.41 
245107.53 
245107.66 
245107.79 
245107.93 
245108.06 
245108.17 
245108.30 
245108.42 
245108.55 
245108.68 
245108.81 
245108.94 
245109.07 
245109.21 
245109.33 
245109.47 
245109.60 
245109.73 
245109.85 
245109.98 
245110.10 
245110.23 
245110.36 
245110.49 
245110.62 
245110.75 
245110.88 
245111.01 
245111.14 
245111.27 
245111.41 
245111.53 
245111.66 
245111.80 
245111.93 
245112.05 
245112.18 
245112.30 
245112.43 
245112.56 
245112.69 
245112.81 
245112.94 
245113.08 
245113.21 
245113.34 
245113.47 
245113.60 
245113.72 
245113.83 
245113.96 
245114.07 
245114.19 
245114.31 
245114.43 
245114.55 
245114.69 
245114.82 
245114.95 
245115.07 
245115.20 
245115.33 
245115.46 
245115.59 
245115.72 
245115.85 
245115.98 
245116.11 
245116.24 
245116.38 
245116.51 
245116.64 
245116.77 
245116.91 
245117.04 
245117.16 
245117.29 
245117.42 
245117.54 
245117.67 
245117.81 
245117.94 
245118.07 
245118.20 
245118.33 
245118.46 
245118.59 
245118.71 
245118.84 
245118.98 
245119.10 
245119.23 
245119.36 
245119.49 
245119.63 
245119.75 
245119.88 
245120.02 
245120.16 
245120.28 
245120.41 
245120.54 
245120.67 
245120.80 
245120.93 
245121.06 
245121.19 
245121.32 
245121.45 
245121.58 
245121.71 
245121.85 
245121.98 
245122.10 
245122.24 
245122.36 
245122.49 
245122.62 
245122.75 
245122.87 
245123.00 
245123.13 
245123.27 
245123.40 
245123.53 
245123.66 
245123.81 
245123.94 
245124.07 
245124.20 
245124.33 
245124.46 
245124.59 
245124.71 
245124.84 
245124.97 
245125.09 
245125.21 
245125.34 
245125.47 
245125.59 
245125.72 
245125.85 
245125.97 
245126.11 
245126.24 
245126.37 
245126.49 
245126.62 
245126.74 
245126.87 
245127.00 
245127.12 
245127.25 
245127.38 
245127.51 
245127.64 
245127.76 
245127.89 
245128.01 
245128.14 
245128.26 
245128.38 
245128.51 
245128.64 
245128.77 
245128.89 
245129.02 
245129.15 
245129.28 
245129.40 
245129.53 
245129.66 
245129.78 
245129.90 
245130.02 
245130.15 
245130.28 
245130.40 
245130.53 
245130.65 
245130.78 
245130.91 
245131.03 
245131.16 
245131.28 
245131.41 
245131.54 
245131.66 
245131.81 
245131.94 
245132.07 
245132.19 
245132.32 
245132.45 
245132.57 
245132.70 
245132.82 
245132.95 
245133.08 
245133.20 
245133.33 
245133.45 
245133.58 
245133.70 
245133.82 
245133.95 
245134.07 
245134.20 
245134.32 
245134.45 
245134.57 
245134.70 
245134.82 
245134.95 
245135.07 
245135.19 
245135.33 
245135.46 
245135.58 
245135.71 
245135.84 
245135.96 
245136.09 
245136.23 
245136.36 
245136.48 
245136.61 
245136.73 
245136.86 
245136.99 
245137.12 
245137.25 
245137.37 
245137.50 
245137.62 
245137.75 
245137.87 
245138.00 
245138.13 
245138.26 
245138.38 
245138.51 
245138.64 
245138.77 
245138.89 
245139.02 
245139.14 
245139.27 
245139.39 
245139.52 
245139.64 
245139.77 
245139.90 
245140.02 
245140.15 
245140.27 
245140.40 
245140.53 
245140.65 
245140.78 
245140.90 
245141.03 
245141.15 
245141.28 
245141.40 
245141.53 
245141.65 
245141.78 
245141.89 
245142.04 
245142.16 
245142.29 
245142.41 
245142.54 
245142.66 
245142.79 
245142.92 
245143.04 
245143.16 
245143.29 
245143.41 
245143.55 
245143.68 
245143.81 
245143.93 
245144.06 
245144.19 
245144.32 
245144.44 
245144.57 
245144.69 
245144.82 
245144.94 
245145.07 
245145.19 
245145.32 
245145.44 
245145.56 
245145.69 
245145.83 
245145.96 
245146.09 
245146.21 
245146.34 
245146.46 
245146.59 
245146.71 
245146.84 
245146.96 
245147.09 
245147.22 
245147.34 
245147.46 
245147.59 
245147.72 
245147.84 
245147.97 
245148.09 
245148.22 
245148.34 
245148.47 
245148.60 
245148.72 
245148.85 
245148.98 
245149.10 
245149.22 
245149.35 
245149.47 
245149.60 
245149.72 
245149.84 
245149.98 
245150.11 
245150.25 
245150.37 
245150.50 
245150.62 
245150.75 
245150.88 
245151.00 
245151.12 
245151.25 
245151.39 
245151.51 
245151.64 
245151.76 
245151.89 
245152.02 
245152.15 
245152.27 
245152.40 
245152.52 
245152.66 
245152.78 
245152.91 
245153.05 
245153.17 
245153.30 
245153.42 
245153.55 
245153.67 
245153.80 
245153.92 
245154.04 
245154.17 
245154.30 
245154.44 
245154.58 
245154.71 
245154.84 
245154.96 
245155.09 
245155.21 
245155.34 
245155.46 
245155.59 
245155.72 
245155.84 
245155.97 
245156.09 
245156.22 
245156.34 
245156.48 
245156.61 
245156.73 
245156.86 
245156.98 
245157.10 
245157.24 
245157.38 
245157.51 
245157.64 
245157.76 
245157.89 
245158.01 
245158.14 
245158.27 
245158.39 
245158.52 
245158.65 
245158.77 
245158.90 
245159.03 
245159.16 
245159.28 
245159.41 
245159.53 
245159.66 
245159.78 
245159.91 
245160.04 
245160.17 
245160.30 
245160.42 
245160.55 
245160.68 
245160.80 
245160.93 
245161.05 
245161.17 
245161.30 
245161.43 
245161.55 
245161.68 
245161.81 
245161.94 
245162.06 
245162.20 
245162.32 
245162.45 
245162.57 
245162.70 
245162.83 
245162.95 
245163.08 
245163.21 
245163.34 
245163.48 
245163.60 
245163.73 
245163.86 
245163.99 
245164.12 
245164.25 
245164.38 
245164.51 
245164.64 
245164.77 
245164.92 
245165.04 
245165.17 
245165.31 
245165.45 
245165.59 
245165.71 
245165.84 
245165.96 
245166.09 
245166.21 
245166.34 
245166.46 
245166.59 
245166.71 
245166.84 
245166.97 
245167.11 
245167.24 
245167.37 
245167.49 
245167.62 
245167.74 
245167.87 
245167.99 
245168.12 
245168.25 
245168.37 
245168.50 
245168.62 
245168.75 
245168.88 
245169.00 
245169.13 
245169.25 
245169.38 
245169.50 
245169.63 
245169.75 
245169.88 
245170.00 
245170.13 
245170.25 
245170.38 
245170.50 
245170.63 
245170.75 
245170.88 
245171.00 
245171.12 
245171.25 
245171.37 
245171.50 
245171.62 
245171.75 
245171.87 
245172.00 
245172.12 
245172.24 
245172.38 
245172.51 
245172.63 
245172.76 
245172.88 
245173.00 
245173.13 
245173.25 
245173.37 
245173.49 
245173.62 
245173.76 
245173.89 
245174.02 
245174.14 
245174.27 
245174.39 
245174.52 
245174.65 
245174.78 
245174.91 
245175.04 
245175.18 
245175.29 
245175.42 
245175.55 
245175.67 
245175.81 
245175.94 
245176.06 
245176.19 
245176.32 
245176.43 
245176.55 
245176.67 
245176.80 
245176.92 
245177.05 
245177.18 
245177.31 
245177.44 
245177.57 
245177.70 
245177.83 
245177.95 
245178.08 
245178.21 
245178.34 
245178.46 
245178.59 
245178.72 
245178.84 
245178.97 
245179.10 
245179.24 
245179.37 
245179.50 
245179.62 
245179.75 
245179.88 
245180.01 
245180.14 
245180.28 
245180.41 
245180.54 
245180.66 
245180.79 
245180.92 
245181.05 
245181.18 
245181.31 
245181.43 
245181.57 
245181.69 
245181.83 
245181.97 
245182.10 
245182.23 
245182.35 
245182.49 
245182.62 
245182.75 
245182.88 
245183.02 
245183.14 
245183.27 
245183.40 
245183.53 
245183.66 
245183.79 
245183.93 
245184.06 
245184.19 
245184.32 
245184.44 
245184.57 
245184.70 
245184.84 
245184.96 
245185.08 
245185.21 
245185.34 
245185.47 
245185.61 
245185.74 
245185.87 
245186.00 
245186.12 
245186.25 
245186.38 
245186.51 
245186.63 
245186.76 
245186.89 
245187.02 
245187.15 
245187.28 
245187.41 
245187.54 
245187.67 
245187.81 
245187.95 
245188.07 
245188.20 
245188.33 
245188.46 
245188.59 
245188.72 
245188.86 
245188.99 
245189.11 
245189.24 
245189.37 
245189.51 
245189.63 
245189.75 
245189.88 
245190.01 
245190.14 
245190.27 
245190.40 
245190.53 
245190.65 
245190.79 
245190.94 
245191.05 
245191.17 
245191.29 
245191.42 
245191.54 
245191.66 
245191.77 
245191.88 
245192.02 
245192.14 
245192.27 
245192.39 
245192.52 
245192.65 
245192.77 
245192.90 
245193.02 
245193.15 
245193.29 
245193.42 
245193.57 
245193.69 
245193.81 
245193.94 
245194.07 
245194.20 
245194.33 
245194.46 
245194.58 
245194.71 
245194.85 
245194.98 
245195.11 
245195.24 
245195.37 
245195.48 
245195.61 
245195.74 
245195.86 
245195.99 
245196.12 
245196.25 
245196.38 
245196.50 
245196.64 
245196.77 
245196.89 
245197.03 
245197.16 
245197.28 
245197.40 
245197.53 
245197.66 
245197.79 
245197.91 
245198.04 
245198.17 
245198.31 
245198.43 
245198.56 
245198.69 
245198.82 
245198.95 
245199.08 
245199.21 
245199.34 
245199.47 
245199.59 
245199.72 
245199.85 
245199.98 
245200.11 
245200.24 
245200.36 
245200.49 
245200.62 
245200.74 
245200.88 
245201.01 
245201.13 
245201.26 
245201.40 
245201.53 
245201.67 
245201.79 
245201.91 
245202.04 
245202.16 
245202.29 
245202.42 
245202.55 
245202.69 
245202.81 
245202.94 
245203.06 
245203.19 
245203.32 
245203.45 
245203.58 
245203.71 
245203.84 
245203.97 
245204.09 
245204.22 
245204.36 
245204.49 
245204.62 
245204.75 
245204.88 
245205.02 
245205.15 
245205.28 
245205.41 
245205.54 
245205.67 
245205.79 
245205.92 
245206.05 
245206.18 
245206.31 
245206.43 
245206.56 
245206.69 
245206.83 
245206.96 
245207.09 
245207.21 
245207.34 
245207.46 
245207.59 
245207.72 
245207.84 
245207.97 
245208.11 
245208.24 
245208.38 
245208.49 
245208.62 
245208.74 
245208.87 
245209.00 
245209.13 
245209.26 
245209.39 
245209.51 
245209.65 
245209.78 
245209.91 
245210.04 
245210.17 
245210.30 
245210.43 
245210.55 
245210.69 
245210.82 
245210.96 
245211.08 
245211.22 
245211.34 
245211.48 
245211.61 
245211.74 
245211.88 
245212.00 
245212.12 
245212.25 
245212.38 
245212.50 
245212.63 
245212.76 
245212.89 
245213.02 
245213.14 
245213.27 
245213.40 
245213.53 
245213.65 
245213.78 
245213.91 
245214.04 
245214.17 
245214.30 
245214.43 
245214.55 
245214.69 
245214.82 
245214.95 
245215.09 
245215.22 
245215.35 
245215.49 
245215.61 
245215.74 
245215.86 
245216.00 
245216.12 
245216.25 
245216.38 
245216.50 
245216.63 
245216.76 
245216.89 
245217.01 
245217.14 
245217.27 
245217.40 
245217.52 
245217.65 
245217.78 
245217.92 
245218.05 
245218.18 
245218.32 
245218.44 
245218.56 
245218.69 
245218.82 
245218.95 
245219.08 
245219.21 
245219.34 
245219.47 
245219.60 
245219.74 
245219.87 
245220.01 
245220.14 
245220.27 
245220.40 
245220.53 
245220.67 
245220.79 
245220.92 
245221.05 
245221.18 
245221.31 
245221.44 
245221.56 
245221.69 
245221.82 
245221.94 
245222.07 
245222.20 
245222.33 
245222.46 
245222.58 
245222.71 
245222.82 
245222.95 
245223.08 
245223.21 
245223.34 
245223.47 
245223.62 
245223.74 
245223.88 
245224.01 
245224.14 
245224.27 
245224.41 
245224.54 
245224.67 
245224.79 
245224.92 
245225.05 
245225.18 
245225.31 
245225.44 
245225.58 
245225.70 
245225.83 
245225.96 
245226.09 
245226.23 
245226.35 
245226.48 
245226.60 
245226.73 
245226.85 
245226.98 
245227.11 
245227.25 
245227.37 
245227.50 
245227.63 
245227.76 
245227.90 
245228.03 
245228.16 
245228.28 
245228.41 
245228.54 
245228.66 
245228.79 
245228.92 
245229.05 
245229.18 
245229.31 
245229.44 
245229.58 
245229.70 
245229.83 
245229.96 
245230.09 
245230.22 
245230.34 
245230.48 
245230.61 
245230.73 
245230.86 
245230.99 
245231.12 
245231.25 
245231.39 
245231.52 
245231.64 
245231.77 
245231.90 
245232.03 
245232.15 
245232.28 
245232.41 
245232.54 
245232.67 
245232.80 
245232.93 
245233.06 
245233.20 
245233.34 
245233.47 
245233.60 
245233.73 
245233.86 
245234.00 
245234.12 
245234.25 
245234.38 
245234.51 
245234.64 
245234.77 
245234.90 
245235.04 
245235.16 
245235.29 
245235.42 
245235.54 
245235.67 
245235.80 
245235.93 
245236.06 
245236.19 
245236.31 
245236.44 
245236.57 
245236.70 
245236.83 
245236.96 
245237.08 
245237.21 
245237.33 
245237.46 
245237.61 
245237.73 
245237.86 
245237.98 
245238.10 
245238.23 
245238.35 
245238.47 
245238.60 
245238.73 
245238.86 
245238.99 
245239.12 
245239.25 
245239.38 
245239.51 
245239.64 
245239.76 
245239.89 
245240.02 
245240.15 
245240.28 
245240.40 
245240.54 
245240.66 
245240.79 
245240.92 
245241.05 
245241.19 
245241.31 
245241.43 
245241.55 
245241.68 
245241.80 
245241.94 
245242.06 
245242.19 
245242.32 
245242.45 
245242.60 
245242.73 
245242.85 
245242.98 
245243.12 
245243.24 
245243.37 
245243.50 
245243.62 
245243.75 
245243.88 
245244.01 
245244.14 
245244.26 
245244.39 
245244.52 
245244.65 
245244.78 
245244.91 
245245.04 
245245.16 
245245.29 
245245.42 
245245.55 
245245.68 
245245.82 
245245.95 
245246.07 
245246.21 
245246.34 
245246.46 
245246.58 
245246.71 
245246.84 
245246.97 
245247.11 
245247.24 
245247.37 
245247.50 
245247.62 
245247.75 
245247.88 
245248.01 
245248.13 
245248.26 
245248.38 
245248.51 
245248.64 
245248.77 
245248.91 
245249.03 
245249.16 
245249.29 
245249.42 
245249.56 
245249.67 
245249.80 
245249.92 
245250.05 
245250.17 
245250.30 
245250.42 
245250.55 
245250.68 
245250.82 
245250.94 
245251.06 
245251.19 
245251.32 
245251.44 
245251.58 
245251.71 
245251.83 
245251.96 
245252.09 
245252.21 
245252.34 
245252.47 
245252.59 
245252.72 
245252.85 
245252.98 
245253.11 
245253.24 
245253.37 
245253.50 
245253.62 
245253.74 
245253.85 
245253.98 
245254.11 
245254.23 
245254.36 
245254.49 
245254.62 
245254.75 
245254.88 
245255.02 
245255.15 
245255.27 
245255.40 
245255.52 
245255.65 
245255.77 
245255.90 
245256.02 
245256.15 
245256.28 
245256.41 
245256.53 
245256.66 
245256.79 
245256.92 
245257.04 
245257.17 
245257.30 
245257.43 
245257.55 
245257.68 
245257.81 
245257.94 
245258.07 
245258.19 
245258.32 
245258.45 
245258.58 
245258.72 
245258.84 
245258.97 
245259.10 
245259.22 
245259.35 
245259.48 
245259.61 
245259.74 
245259.87 
245260.01 
245260.14 
245260.27 
245260.39 
245260.53 
245260.65 
245260.78 
245260.90 
245261.03 
245261.16 
245261.29 
245261.42 
245261.55 
245261.67 
245261.80 
245261.93 
245262.06 
245262.19 
245262.32 
245262.45 
245262.59 
245262.72 
245262.86 
245262.99 
245263.11 
245263.24 
245263.37 
245263.50 
245263.63 
245263.76 
245263.89 
245264.01 
245264.14 
245264.28 
245264.41 
245264.55 
245264.67 
245264.79 
245264.93 
245265.05 
245265.19 
245265.31 
245265.43 
245265.56 
245265.69 
245265.81 
245265.94 
245266.06 
245266.18 
245266.31 
245266.43 
245266.56 
245266.68 
245266.81 
245266.94 
245267.06 
245267.19 
245267.31 
245267.44 
245267.56 
245267.69 
245267.81 
245267.94 
245268.06 
245268.19 
245268.31 
245268.44 
245268.57 
245268.69 
245268.82 
245268.95 
245269.06 
245269.18 
245269.31 
245269.43 
245269.56 
245269.68 
245269.81 
245269.93 
245270.06 
245270.19 
245270.31 
245270.44 
245270.57 
245270.69 
245270.82 
245270.94 
245271.07 
245271.20 
245271.32 
245271.44 
245271.57 
245271.70 
245271.82 
245271.95 
245272.07 
245272.20 
245272.32 
245272.45 
245272.57 
245272.70 
245272.82 
245272.95 
245273.08 
245273.20 
245273.33 
245273.46 
245273.59 
245273.73 
245273.86 
245273.98 
245274.13 
245274.26 
245274.38 
245274.51 
245274.63 
245274.76 
245274.89 
245275.02 
245275.15 
245275.27 
245275.40 
245275.53 
245275.66 
245275.80 
245275.93 
245276.06 
245276.18 
245276.31 
245276.44 
245276.57 
245276.71 
245276.84 
245276.97 
245277.12 
245277.25 
245277.37 
245277.50 
245277.60 
245277.71 
245277.83 
245277.96 
245278.08 
245278.20 
245278.32 
245278.44 
245278.56 
245278.69 
245278.81 
245278.93 
245279.05 
245279.18 
245279.30 
245279.42 
245279.53 
245279.64 
245279.76 
245279.89 
245280.01 
245280.14 
245280.27 
245280.40 
245280.52 
245280.65 
245280.77 
245280.89 
245281.01 
245281.15 
245281.28 
245281.41 
245281.53 
245281.65 
245281.78 
245281.91 
245282.03 
245282.16 
245282.28 
245282.41 
245282.53 
245282.66 
245282.78 
245282.91 
245283.03 
245283.16 
245283.28 
245283.41 
245283.53 
245283.66 
245283.78 
245283.91 
245284.03 
245284.16 
245284.29 
245284.41 
245284.53 
245284.65 
245284.77 
245284.90 
245285.02 
245285.14 
245285.26 
245285.39 
245285.53 
245285.67 
245285.79 
245285.92 
245286.04 
245286.16 
245286.29 
245286.41 
245286.54 
245286.65 
245286.78 
245286.90 
245287.03 
245287.16 
245287.28 
245287.41 
245287.54 
245287.67 
245287.80 
245287.92 
245288.05 
245288.17 
245288.30 
245288.42 
245288.55 
245288.68 
245288.81 
245288.93 
245289.07 
245289.20 
245289.34 
245289.46 
245289.59 
245289.72 
245289.85 
245289.98 
245290.11 
245290.23 
245290.36 
245290.49 
245290.62 
245290.75 
245290.88 
245291.02 
245291.15 
245291.28 
245291.41 
245291.55 
245291.68 
245291.81 
245291.93 
245292.06 
245292.19 
245292.32 
245292.45 
245292.59 
245292.71 
245292.84 
245292.97 
245293.09 
245293.22 
245293.35 
245293.48 
245293.60 
245293.73 
245293.87 
245293.99 
245294.11 
245294.23 
245294.36 
245294.49 
245294.62 
245294.74 
245294.87 
245295.01 
245295.13 
245295.26 
245295.39 
245295.52 
245295.64 
245295.77 
245295.91 
245296.03 
245296.15 
245296.29 
245296.41 
245296.55 
245296.68 
245296.81 
245296.94 
245297.07 
245297.19 
245297.32 
245297.45 
245297.58 
245297.70 
245297.83 
245297.96 
245298.08 
245298.21 
245298.34 
245298.47 
245298.59 
245298.72 
245298.84 
245298.97 
245299.10 
245299.22 
245299.35 
245299.48 
245299.61 
245299.74 
245299.86 
245299.98 
245300.10 
245300.23 
245300.35 
245300.48 
245300.61 
245300.73 
245300.86 
245300.99 
245301.12 
245301.24 
245301.37 
245301.50 
245301.63 
245301.76 
245301.89 
245302.01 
245302.15 
245302.28 
245302.41 
245302.53 
245302.67 
245302.79 
245302.92 
245303.05 
245303.17 
245303.30 
245303.43 
245303.55 
245303.68 
245303.80 
245303.94 
245304.06 
245304.18 
245304.32 
245304.45 
245304.58 
245304.71 
245304.84 
245304.96 
245305.10 
245305.23 
245305.36 
245305.48 
245305.61 
245305.74 
245305.87 
245306.00 
245306.13 
245306.26 
245306.39 
245306.52 
245306.66 
245306.78 
245306.91 
245307.03 
245307.17 
245307.30 
245307.43 
245307.56 
245307.69 
245307.82 
245307.95 
245308.07 
245308.20 
245308.32 
245308.45 
245308.57 
245308.70 
245308.83 
245308.96 
245309.08 
245309.21 
245309.34 
245309.46 
245309.59 
245309.72 
245309.85 
245309.98 
245310.12 
245310.25 
245310.38 
245310.52 
245310.64 
245310.76 
245310.89 
245311.02 
245311.16 
245311.29 
245311.42 
245311.54 
245311.67 
245311.79 
245311.92 
245312.04 
245312.17 
245312.30 
245312.42 
245312.55 
245312.67 
245312.80 
245312.93 
245313.06 
245313.18 
245313.30 
245313.43 
245313.55 
245313.68 
245313.81 
245313.94 
245314.06 
245314.19 
245314.32 
245314.45 
245314.57 
245314.70 
245314.82 
245314.95 
245315.07 
245315.20 
245315.34 
245315.46 
245315.59 
245315.72 
245315.85 
245315.99 
245316.12 
245316.24 
245316.37 
245316.51 
245316.64 
245316.78 
245316.92 
245317.05 
245317.18 
245317.31 
245317.44 
245317.57 
245317.69 
245317.82 
245317.94 
245318.07 
245318.19 
245318.32 
245318.44 
245318.57 
245318.69 
245318.82 
245318.94 
245319.07 
245319.19 
245319.32 
245319.44 
245319.57 
245319.69 
245319.82 
245319.94 
245320.07 
245320.19 
245320.33 
245320.46 
245320.59 
245320.71 
245320.84 
245320.97 
245321.11 
245321.25 
245321.37 
245321.48 
245321.62 
245321.74 
245321.87 
245322.01 
245322.15 
245322.28 
245322.40 
245322.53 
245322.65 
245322.78 
245322.90 
245323.02 
245323.15 
245323.27 
245323.39 
245323.51 
245323.62 
245323.75 
245323.88 
245324.01 
245324.14 
245324.27 
245324.39 
245324.53 
245324.65 
245324.78 
245324.90 
245325.03 
245325.16 
245325.30 
245325.42 
245325.54 
245325.67 
245325.80 
245325.93 
245326.06 
245326.18 
245326.32 
245326.45 
245326.58 
245326.70 
245326.83 
245326.97 
245327.10 
245327.23 
245327.36 
245327.48 
245327.61 
245327.74 
245327.87 
245328.00 
245328.13 
245328.26 
245328.40 
245328.53 
245328.65 
245328.78 
245328.91 
245329.03 
245329.16 
245329.30 
245329.43 
245329.56 
245329.69 
245329.82 
245329.94 
245330.08 
245330.20 
245330.33 
245330.46 
245330.60 
245330.73 
245330.85 
245330.97 
245331.08 
245331.21 
245331.34 
245331.47 
245331.61 
245331.74 
245331.87 
245331.99 
245332.12 
245332.25 
245332.38 
245332.51 
245332.65 
245332.78 
245332.91 
245333.03 
245333.17 
245333.30 
245333.44 
245333.56 
245333.70 
245333.82 
245333.95 
245334.08 
245334.20 
245334.33 
245334.46 
245334.59 
245334.72 
245334.85 
245334.98 
245335.12 
245335.25 
245335.37 
245335.50 
245335.64 
245335.77 
245335.90 
245336.04 
245336.16 
245336.29 
245336.41 
245336.54 
245336.67 
245336.79 
245336.92 
245337.05 
245337.17 
245337.30 
245337.43 
245337.56 
245337.69 
245337.82 
245337.94 
245338.07 
245338.20 
245338.33 
245338.46 
245338.58 
245338.71 
245338.84 
245338.97 
245339.10 
245339.23 
245339.37 
245339.48 
245339.61 
245339.73 
245339.87 
245340.00 
245340.13 
245340.25 
245340.38 
245340.51 
245340.63 
245340.76 
245340.89 
245341.01 
245341.14 
245341.27 
245341.41 
245341.54 
245341.66 
245341.78 
245341.91 
245342.04 
245342.17 
245342.29 
245342.42 
245342.55 
245342.67 
245342.79 
245342.92 
245343.05 
245343.18 
245343.31 
245343.44 
245343.57 
245343.69 
245343.82 
245343.95 
245344.07 
245344.20 
245344.33 
245344.45 
245344.58 
245344.70 
245344.83 
245344.97 
245345.10 
245345.22 
245345.35 
245345.47 
245345.60 
245345.73 
245345.85 
245345.98 
245346.10 
245346.23 
245346.37 
245346.51 
245346.63 
245346.75 
245346.87 
245347.00 
245347.13 
245347.26 
245347.38 
245347.51 
245347.64 
245347.77 
245347.90 
245348.03 
245348.16 
245348.28 
245348.41 
245348.54 
245348.68 
245348.79 
245348.92 
245349.05 
245349.17 
245349.30 
245349.42 
245349.54 
245349.67 
245349.79 
245349.91 
245350.04 
245350.18 
245350.30 
245350.43 
245350.55 
245350.68 
245350.80 
245350.93 
245351.05 
245351.17 
245351.30 
245351.42 
245351.55 
245351.68 
245351.80 
245351.94 
245352.06 
245352.19 
245352.31 
245352.44 
245352.56 
245352.69 
245352.81 
245352.92 
245353.07 
245353.21 
245353.34 
245353.48 
245353.60 
245353.73 
245353.85 
245353.98 
245354.10 
245354.23 
245354.35 
245354.48 
245354.61 
245354.73 
245354.86 
245354.98 
245355.11 
245355.24 
245355.36 
245355.48 
245355.63 
245355.75 
245355.88 
245356.00 
245356.13 
245356.25 
245356.38 
245356.50 
245356.63 
245356.76 
245356.88 
245357.01 
245357.13 
245357.26 
245357.38 
245357.52 
245357.64 
245357.77 
245357.89 
245358.02 
245358.15 
245358.27 
245358.40 
245358.52 
245358.65 
245358.77 
245358.90 
245359.02 
245359.15 
245359.27 
245359.40 
245359.52 
245359.65 
245359.77 
245359.90 
245360.01 
245360.15 
245360.27 
245360.39 
245360.52 
245360.64 
245360.78 
245360.91 
245361.03 
245361.16 
245361.29 
245361.42 
245361.55 
245361.69 
245361.81 
245361.93 
245362.04 
245362.17 
245362.29 
245362.41 
245362.54 
245362.67 
245362.80 
245362.92 
245363.05 
245363.18 
245363.31 
245363.44 
245363.56 
245363.70 
245363.82 
245363.95 
245364.08 
245364.21 
245364.34 
245364.47 
245364.61 
245364.74 
245364.88 
245365.01 
245365.15 
245365.27 
245365.40 
245365.54 
245365.66 
245365.79 
245365.92 
245366.05 
245366.18 
245366.31 
245366.44 
245366.57 
245366.70 
245366.83 
245366.97 
245367.08 
245367.21 
245367.34 
245367.46 
245367.59 
245367.73 
245367.85 
245367.98 
245368.11 
245368.24 
245368.36 
245368.48 
245368.61 
245368.74 
245368.87 
245369.00 
245369.13 
245369.26 
245369.39 
245369.52 
245369.64 
245369.77 
245369.90 
245370.03 
245370.16 
245370.30 
245370.44 
245370.57 
245370.70 
245370.83 
245370.95 
245371.08 
245371.20 
245371.33 
245371.47 
245371.60 
245371.73 
245371.85 
245371.98 
245372.11 
245372.23 
245372.36 
245372.49 
245372.63 
245372.76 
245372.90 
245373.03 
245373.16 
245373.30 
245373.42 
245373.55 
245373.68 
245373.81 
245373.94 
245374.06 
245374.19 
245374.34 
245374.46 
245374.59 
245374.71 
245374.84 
245374.97 
245375.11 
245375.23 
245375.36 
245375.50 
245375.62 
245375.74 
245375.87 
245375.99 
245376.12 
245376.25 
245376.38 
245376.51 
245376.64 
245376.77 
245376.90 
245377.02 
245377.15 
245377.28 
245377.41 
245377.52 
245377.64 
245377.77 
245377.89 
245378.01 
245378.14 
245378.26 
245378.39 
245378.51 
245378.64 
245378.76 
245378.88 
245379.00 
245379.13 
245379.24 
245379.37 
245379.49 
245379.62 
245379.75 
245379.87 
245380.00 
245380.12 
245380.25 
245380.39 
245380.53 
245380.66 
245380.80 
245380.93 
245381.05 
245381.18 
245381.32 
245381.43 
245381.56 
245381.68 
245381.81 
245381.94 
245382.06 
245382.19 
245382.32 
245382.45 
245382.58 
245382.71 
245382.83 
245382.96 
245383.09 
245383.22 
245383.35 
245383.48 
245383.61 
245383.74 
245383.87 
245384.00 
245384.13 
245384.27 
245384.40 
245384.51 
245384.64 
245384.76 
245384.89 
245385.02 
245385.15 
245385.28 
245385.41 
245385.54 
245385.67 
245385.79 
245385.92 
245386.05 
245386.18 
245386.31 
245386.43 
245386.57 
245386.70 
245386.83 
245386.96 
245387.08 
245387.21 
245387.33 
245387.45 
245387.58 
245387.71 
245387.83 
245387.96 
245388.09 
245388.22 
245388.35 
245388.47 
245388.61 
245388.74 
245388.87 
245389.00 
245389.13 
245389.26 
245389.39 
245389.52 
245389.65 
245389.78 
245389.90 
245390.04 
245390.16 
245390.28 
245390.39 
245390.53 
245390.65 
245390.78 
245390.90 
245391.04 
245391.15 
245391.27 
245391.39 
245391.52 
245391.64 
245391.76 
245391.88 
245392.00 
245392.12 
245392.25 
245392.38 
245392.50 
245392.62 
245392.74 
245392.85 
245392.97 
245393.09 
245393.20 
245393.32 
245393.44 
245393.56 
245393.67 
245393.79 
245393.91 
245394.02 
245394.14 
245394.26 
245394.38 
245394.49 
245394.61 
245394.73 
245394.85 
245394.96 
245395.08 
245395.20 
245395.31 
245395.43 
245395.55 
245395.67 
245395.78 
245395.90 
245396.02 
245396.14 
245396.27 
245396.40 
245396.52 
245396.65 
245396.79 
245396.90 
245397.02 
245397.15 
245397.27 
245397.41 
245397.54 
245397.68 
245397.81 
245397.93 
245398.06 
245398.18 
245398.32 
245398.44 
245398.57 
245398.70 
245398.84 
245398.97 
245399.10 
245399.23 
245399.36 
245399.49 
245399.61 
245399.75 
245399.88 
245400.02 
245400.14 
245400.27 
245400.40 
245400.52 
245400.64 
245400.76 
245400.90 
245401.03 
245401.15 
245401.27 
245401.38 
245401.52 
245401.63 
245401.75 
245401.88 
245402.01 
245402.13 
245402.26 
245402.39 
245402.52 
245402.65 
245402.78 
245402.91 
245403.04 
245403.16 
245403.30 
245403.42 
245403.56 
245403.68 
245403.80 
245403.93 
245404.06 
245404.19 
245404.31 
245404.44 
245404.57 
245404.70 
245404.82 
245404.95 
245405.08 
245405.21 
245405.34 
245405.46 
245405.59 
245405.72 
245405.85 
245405.97 
245406.10 
245406.23 
245406.36 
245406.48 
245406.60 
245406.73 
245406.86 
245406.98 
245407.11 
245407.24 
245407.37 
245407.49 
245407.62 
245407.75 
245407.88 
245408.00 
245408.13 
245408.26 
245408.39 
245408.52 
245408.64 
245408.77 
245408.90 
245409.03 
245409.17 
245409.29 
245409.42 
245409.54 
245409.67 
245409.80 
245409.94 
245410.06 
245410.19 
245410.33 
245410.46 
245410.58 
245410.72 
245410.85 
245410.98 
245411.11 
245411.23 
245411.36 
245411.50 
245411.63 
245411.75 
245411.89 
245412.01 
245412.13 
245412.27 
245412.41 
245412.54 
245412.67 
245412.80 
245412.93 
245413.05 
245413.18 
245413.31 
245413.44 
245413.57 
245413.69 
245413.81 
245413.94 
245414.06 
245414.19 
245414.31 
245414.44 
245414.56 
245414.69 
245414.83 
245414.96 
245415.09 
245415.23 
245415.35 
245415.48 
245415.60 
245415.72 
245415.85 
245415.98 
245416.11 
245416.26 
245416.38 
245416.51 
245416.64 
245416.77 
245416.90 
245417.03 
245417.16 
245417.29 
245417.41 
245417.54 
245417.68 
245417.82 
245417.94 
245418.06 
245418.19 
245418.32 
245418.44 
245418.57 
245418.70 
245418.83 
245418.96 
245419.09 
245419.21 
245419.34 
245419.47 
245419.61 
245419.74 
245419.86 
245420.00 
245420.12 
245420.25 
245420.39 
245420.51 
245420.63 
245420.77 
245420.89 
245421.02 
245421.14 
245421.28 
245421.40 
245421.53 
245421.66 
245421.78 
245421.91 
245422.04 
245422.17 
245422.30 
245422.42 
245422.55 
245422.68 
245422.81 
245422.94 
245423.06 
245423.20 
245423.33 
245423.45 
245423.58 
245423.69 
245423.82 
245423.95 
245424.07 
245424.20 
245424.33 
245424.46 
245424.60 
245424.72 
245424.84 
245424.97 
245425.10 
245425.23 
245425.35 
245425.48 
245425.62 
245425.74 
245425.88 
245426.01 
245426.14 
245426.26 
245426.40 
245426.53 
245426.65 
245426.78 
245426.91 
245427.05 
245427.18 
245427.29 
245427.42 
245427.55 
245427.67 
245427.80 
245427.93 
245428.06 
245428.19 
245428.31 
245428.44 
245428.57 
245428.70 
245428.82 
245428.95 
245429.09 
245429.22 
245429.35 
245429.48 
245429.61 
245429.74 
245429.87 
245430.00 
245430.12 
245430.25 
245430.38 
245430.51 
245430.64 
245430.78 
245430.90 
245431.03 
245431.16 
245431.28 
245431.41 
245431.54 
245431.67 
245431.80 
245431.93 
245432.06 
245432.18 
245432.31 
245432.44 
245432.57 
245432.70 
245432.83 
245432.96 
245433.08 
245433.19 
245433.32 
245433.45 
245433.57 
245433.70 
245433.83 
245433.96 
245434.09 
245434.22 
245434.35 
245434.47 
245434.60 
245434.73 
245434.86 
245434.98 
245435.11 
245435.23 
245435.36 
245435.49 
245435.62 
245435.74 
245435.87 
245436.00 
245436.13 
245436.26 
245436.38 
245436.51 
245436.64 
245436.76 
245436.89 
245437.02 
245437.14 
245437.28 
245437.40 
245437.53 
245437.66 
245437.79 
245437.92 
245438.06 
245438.17 
245438.31 
245438.43 
245438.56 
245438.68 
245438.81 
245438.94 
245439.07 
245439.21 
245439.34 
245439.47 
245439.59 
245439.72 
245439.85 
245439.98 
245440.11 
245440.24 
245440.39 
245440.51 
245440.64 
245440.76 
245440.88 
245441.02 
245441.15 
245441.27 
245441.40 
245441.53 
245441.66 
245441.79 
245441.92 
245442.04 
245442.18 
245442.30 
245442.43 
245442.55 
245442.68 
245442.80 
245442.92 
245443.04 
245443.16 
245443.29 
245443.42 
245443.55 
245443.68 
245443.81 
245443.94 
245444.06 
245444.19 
245444.32 
245444.45 
245444.59 
245444.71 
245444.84 
245444.97 
245445.10 
245445.22 
245445.37 
245445.48 
245445.60 
245445.73 
245445.87 
245445.99 
245446.14 
245446.25 
245446.38 
245446.50 
245446.63 
245446.76 
245446.89 
245447.02 
245447.14 
245447.27 
245447.41 
245447.53 
245447.66 
245447.80 
245447.92 
245448.05 
245448.19 
245448.31 
245448.44 
245448.57 
245448.71 
245448.82 
245448.95 
245449.08 
245449.22 
245449.34 
245449.46 
245449.59 
245449.72 
245449.85 
245449.98 
245450.11 
245450.24 
245450.37 
245450.50 
245450.64 
245450.76 
245450.89 
245451.02 
245451.14 
245451.27 
245451.41 
245451.54 
245451.66 
245451.79 
245451.92 
245452.05 
245452.18 
245452.31 
245452.44 
245452.57 
245452.71 
245452.82 
245452.95 
245453.08 
245453.21 
245453.34 
245453.46 
245453.59 
245453.72 
245453.85 
245453.98 
245454.11 
245454.23 
245454.36 
245454.49 
245454.62 
245454.75 
245454.88 
245455.00 
245455.14 
245455.26 
245455.40 
245455.52 
245455.64 
245455.77 
245455.90 
245456.04 
245456.15 
245456.28 
245456.41 
245456.54 
245456.67 
245456.80 
245456.93 
245457.07 
245457.20 
245457.33 
245457.46 
245457.58 
245457.71 
245457.85 
245457.97 
245458.09 
245458.21 
245458.34 
245458.48 
245458.61 
245458.74 
245458.86 
245458.98 
245459.11 
245459.25 
245459.37 
245459.49 
245459.62 
245459.75 
245459.88 
245460.02 
245460.14 
245460.27 
245460.40 
245460.52 
245460.65 
245460.79 
245460.91 
245461.03 
245461.16 
245461.29 
245461.42 
245461.55 
245461.68 
245461.81 
245461.95 
245462.08 
245462.23 
245462.35 
245462.47 
245462.58 
245462.70 
245462.82 
245462.95 
245463.09 
245463.21 
245463.33 
245463.46 
245463.60 
245463.72 
245463.85 
245463.98 
245464.11 
245464.25 
245464.38 
245464.51 
245464.64 
245464.77 
245464.89 
245465.03 
245465.17 
245465.29 
245465.42 
245465.55 
245465.69 
245465.84 
245465.98 
245466.11 
245466.23 
245466.35 
245466.48 
245466.60 
245466.73 
245466.85 
245466.97 
245467.10 
245467.21 
245467.34 
245467.46 
245467.59 
245467.72 
245467.85 
245467.98 
245468.11 
245468.24 
245468.38 
245468.50 
245468.63 
245468.77 
245468.90 
245469.03 
245469.16 
245469.29 
245469.42 
245469.54 
245469.67 
245469.80 
245469.93 
245470.06 
245470.20 
245470.33 
245470.46 
245470.59 
245470.72 
245470.85 
245470.98 
245471.12 
245471.24 
245471.37 
245471.49 
245471.62 
245471.74 
245471.88 
245472.02 
245472.16 
245472.29 
245472.42 
245472.55 
245472.67 
245472.80 
245472.92 
245473.04 
245473.17 
245473.29 
245473.42 
245473.54 
245473.66 
245473.78 
245473.93 
245474.05 
245474.18 
245474.30 
245474.43 
245474.56 
245474.69 
245474.82 
245474.94 
245475.06 
245475.19 
245475.32 
245475.44 
245475.57 
245475.71 
245475.84 
245475.97 
245476.09 
245476.23 
245476.35 
245476.48 
245476.60 
245476.74 
245476.86 
245476.99 
245477.12 
245477.25 
245477.38 
245477.50 
245477.63 
245477.75 
245477.88 
245478.00 
245478.13 
245478.25 
245478.38 
245478.50 
245478.62 
245478.74 
245478.87 
245478.99 
245479.12 
245479.24 
245479.37 
245479.50 
245479.63 
245479.75 
245479.89 
245480.02 
245480.14 
245480.26 
245480.39 
245480.52 
245480.66 
245480.78 
245480.91 
245481.04 
245481.18 
245481.31 
245481.44 
245481.56 
245481.69 
245481.82 
245481.95 
245482.08 
245482.21 
245482.35 
245482.48 
245482.61 
245482.75 
245482.88 
245483.01 
245483.14 
245483.26 
245483.39 
245483.51 
245483.64 
245483.76 
245483.89 
245484.01 
245484.13 
245484.25 
245484.38 
245484.50 
245484.63 
245484.76 
245484.89 
245485.01 
245485.13 
245485.26 
245485.38 
245485.50 
245485.65 
245485.77 
245485.90 
245486.02 
245486.14 
245486.27 
245486.39 
245486.52 
245486.65 
245486.78 
245486.90 
245487.03 
245487.16 
245487.30 
245487.42 
245487.55 
245487.68 
245487.80 
245487.93 
245488.06 
245488.18 
245488.31 
245488.45 
245488.58 
245488.71 
245488.84 
245488.97 
245489.09 
245489.21 
245489.34 
245489.47 
245489.60 
245489.73 
245489.87 
245490.00 
245490.12 
245490.25 
245490.38 
245490.51 
245490.64 
245490.77 
245490.89 
245491.04 
245491.17 
245491.29 
245491.42 
245491.54 
245491.68 
245491.81 
245491.94 
245492.07 
245492.19 
245492.32 
245492.45 
245492.58 
245492.70 
245492.83 
245492.96 
245493.09 
245493.21 
245493.34 
245493.47 
245493.60 
245493.73 
245493.86 
245493.99 
245494.13 
245494.25 
245494.39 
245494.52 
245494.65 
245494.78 
245494.91 
245495.04 
245495.18 
245495.31 
245495.44 
245495.57 
245495.70 
245495.82 
245495.94 
245496.07 
245496.20 
245496.33 
245496.46 
245496.58 
245496.70 
245496.83 
245496.95 
245497.08 
245497.20 
245497.33 
245497.46 
245497.58 
245497.71 
245497.83 
245497.95 
245498.08 
245498.20 
245498.33 
245498.46 
245498.58 
245498.71 
245498.83 
245498.96 
245499.08 
245499.21 
245499.33 
245499.46 
245499.58 
245499.70 
245499.83 
245499.95 
245500.08 
245500.21 
245500.34 
245500.46 
245500.59 
245500.72 
245500.84 
245500.97 
245501.09 
245501.22 
245501.35 
245501.47 
245501.60 
245501.73 
245501.86 
245501.99 
245502.12 
245502.24 
245502.37 
245502.49 
245502.61 
245502.74 
245502.87 
245502.99 
245503.12 
245503.26 
245503.38 
245503.51 
245503.64 
245503.77 
245503.90 
245504.02 
245504.15 
245504.28 
245504.40 
245504.52 
245504.64 
245504.76 
245504.89 
245505.02 
245505.13 
245505.26 
245505.39 
245505.51 
245505.64 
245505.77 
245505.90 
245506.02 
245506.15 
245506.29 
245506.42 
245506.55 
245506.68 
245506.81 
245506.94 
245507.07 
245507.20 
245507.32 
245507.45 
245507.58 
245507.70 
245507.83 
245507.96 
245508.09 
245508.22 
245508.34 
245508.47 
245508.60 
245508.73 
245508.86 
245509.00 
245509.14 
245509.27 
245509.39 
245509.53 
245509.66 
245509.78 
245509.91 
245510.03 
245510.16 
245510.29 
245510.42 
245510.54 
245510.66 
245510.79 
245510.92 
245511.04 
245511.17 
245511.29 
245511.42 
245511.56 
245511.68 
245511.81 
245511.93 
245512.05 
245512.18 
245512.32 
245512.45 
245512.57 
245512.71 
245512.84 
245512.96 
245513.09 
245513.22 
245513.35 
245513.47 
245513.60 
245513.72 
245513.85 
245513.98 
245514.11 
245514.24 
245514.36 
245514.49 
245514.61 
245514.74 
245514.86 
245514.99 
245515.11 
245515.23 
245515.36 
245515.50 
245515.64 
245515.76 
245515.90 
245516.02 
245516.15 
245516.28 
245516.40 
245516.53 
245516.65 
245516.78 
245516.90 
245517.03 
245517.15 
245517.28 
245517.40 
245517.53 
245517.65 
245517.78 
245517.90 
245518.03 
245518.16 
245518.28 
245518.41 
245518.53 
245518.65 
245518.77 
245518.88 
245519.01 
245519.12 
245519.25 
245519.37 
245519.50 
245519.62 
245519.75 
245519.88 
245520.00 
245520.14 
245520.27 
245520.40 
245520.54 
245520.67 
245520.79 
245520.93 
245521.05 
245521.18 
245521.30 
245521.43 
245521.57 
245521.70 
245521.83 
245521.95 
245522.08 
245522.21 
245522.34 
245522.47 
245522.59 
245522.72 
245522.85 
245522.98 
245523.12 
245523.24 
245523.37 
245523.50 
245523.62 
245523.75 
245523.88 
245524.01 
245524.14 
245524.28 
245524.41 
245524.54 
245524.67 
245524.79 
245524.92 
245525.05 
245525.19 
245525.32 
245525.45 
245525.58 
245525.71 
245525.83 
245525.96 
245526.10 
245526.22 
245526.34 
245526.46 
245526.59 
245526.71 
245526.84 
245526.96 
245527.09 
245527.23 
245527.37 
245527.51 
245527.63 
245527.76 
245527.88 
245528.00 
245528.12 
245528.25 
245528.37 
245528.50 
245528.64 
245528.76 
245528.89 
245529.02 
245529.14 
245529.28 
245529.40 
245529.53 
245529.66 
245529.78 
245529.92 
245530.04 
245530.17 
245530.31 
245530.44 
245530.57 
245530.70 
245530.84 
245530.97 
245531.09 
245531.22 
245531.35 
245531.48 
245531.61 
245531.74 
245531.87 
245531.99 
245532.12 
245532.25 
245532.38 
245532.51 
245532.64 
245532.77 
245532.91 
245533.04 
245533.17 
245533.31 
245533.44 
245533.56 
245533.69 
245533.82 
245533.94 
245534.08 
245534.20 
245534.33 
245534.46 
245534.59 
245534.71 
245534.84 
245534.97 
245535.10 
245535.23 
245535.36 
245535.48 
245535.62 
245535.74 
245535.87 
245535.99 
245536.12 
245536.24 
245536.36 
245536.49 
245536.61 
245536.74 
245536.88 
245537.00 
245537.14 
245537.26 
245537.38 
245537.51 
245537.65 
245537.77 
245537.90 
245538.03 
245538.16 
245538.28 
245538.41 
245538.54 
245538.67 
245538.80 
245538.93 
245539.05 
245539.18 
245539.31 
245539.43 
245539.56 
245539.69 
245539.81 
245539.94 
245540.07 
245540.19 
245540.32 
245540.45 
245540.58 
245540.70 
245540.83 
245540.96 
245541.10 
245541.23 
245541.35 
245541.49 
245541.61 
245541.74 
245541.87 
245542.00 
245542.15 
245542.28 
245542.40 
245542.53 
245542.65 
245542.76 
245542.89 
245543.02 
245543.16 
245543.27 
245543.40 
245543.53 
245543.66 
245543.79 
245543.92 
245544.05 
245544.18 
245544.31 
245544.44 
245544.57 
245544.70 
245544.83 
245544.95 
245545.09 
245545.21 
245545.34 
245545.47 
245545.60 
245545.73 
245545.85 
245545.98 
245546.11 
245546.23 
245546.37 
245546.49 
245546.63 
245546.76 
245546.89 
245547.02 
245547.15 
245547.28 
245547.40 
245547.52 
245547.64 
245547.77 
245547.90 
245548.03 
245548.15 
245548.28 
245548.40 
245548.53 
245548.65 
245548.77 
245548.91 
245549.02 
245549.13 
245549.24 
245549.35 
245549.46 
245549.59 
245549.73 
245549.86 
245549.98 
245550.11 
245550.23 
245550.35 
245550.47 
245550.58 
245550.70 
245550.83 
245550.96 
245551.09 
245551.21 
245551.34 
245551.47 
245551.60 
245551.72 
245551.86 
245551.98 
245552.11 
245552.23 
245552.37 
245552.49 
245552.62 
245552.75 
245552.88 
245553.00 
245553.13 
245553.25 
245553.38 
245553.50 
245553.63 
245553.76 
245553.88 
245554.02 
245554.15 
245554.27 
245554.40 
245554.52 
245554.66 
245554.78 
245554.91 
245555.03 
245555.17 
245555.30 
245555.42 
245555.55 
245555.69 
245555.82 
245555.95 
245556.08 
245556.22 
245556.35 
245556.47 
245556.61 
245556.74 
245556.86 
245556.99 
245557.11 
245557.25 
245557.38 
245557.52 
245557.64 
245557.77 
245557.90 
245558.03 
245558.16 
245558.28 
245558.42 
245558.54 
245558.67 
245558.79 
245558.93 
245559.05 
245559.18 
245559.31 
245559.43 
245559.57 
245559.71 
245559.84 
245559.96 
245560.09 
245560.23 
245560.35 
245560.48 
245560.61 
245560.73 
245560.86 
245560.99 
245561.11 
245561.25 
245561.37 
245561.50 
245561.63 
245561.76 
245561.89 
245562.01 
245562.14 
245562.27 
245562.39 
245562.53 
245562.66 
245562.79 
245562.91 
245563.04 
245563.16 
245563.30 
245563.42 
245563.54 
245563.68 
245563.81 
245563.93 
245564.06 
245564.18 
245564.32 
245564.44 
245564.58 
245564.70 
245564.83 
245564.96 
245565.08 
245565.22 
245565.34 
245565.47 
245565.61 
245565.75 
245565.87 
245566.00 
245566.13 
245566.25 
245566.37 
245566.51 
245566.64 
245566.76 
245566.90 
245567.02 
245567.15 
245567.28 
245567.40 
245567.53 
245567.67 
245567.79 
245567.92 
245568.06 
245568.19 
245568.34 
245568.47 
245568.61 
245568.74 
245568.86 
245568.99 
245569.11 
245569.24 
245569.36 
245569.50 
245569.63 
245569.75 
245569.89 
245570.03 
245570.16 
245570.29 
245570.42 
245570.54 
245570.67 
245570.80 
245570.93 
245571.06 
245571.18 
245571.31 
245571.44 
245571.56 
245571.70 
245571.83 
245571.95 
245572.08 
245572.20 
245572.33 
245572.46 
245572.59 
245572.72 
245572.84 
245572.98 
245573.10 
245573.23 
245573.36 
245573.48 
245573.62 
245573.74 
245573.87 
245574.00 
245574.12 
245574.23 
245574.35 
245574.48 
245574.60 
245574.73 
245574.86 
245574.99 
245575.11 
245575.25 
245575.37 
245575.50 
245575.63 
245575.76 
245575.89 
245576.01 
245576.14 
245576.27 
245576.40 
245576.54 
245576.67 
245576.80 
245576.92 
245577.05 
245577.19 
245577.31 
245577.43 
245577.56 
245577.70 
245577.83 
245577.97 
245578.10 
245578.22 
245578.35 
245578.47 
245578.61 
245578.73 
245578.86 
245578.99 
245579.11 
245579.25 
245579.38 
245579.50 
245579.62 
245579.74 
245579.87 
245580.00 
245580.12 
245580.26 
245580.38 
245580.51 
245580.64 
245580.76 
245580.90 
245581.03 
245581.15 
245581.27 
245581.41 
245581.54 
245581.68 
245581.82 
245581.95 
245582.08 
245582.20 
245582.34 
245582.48 
245582.61 
245582.73 
245582.86 
245582.99 
245583.12 
245583.24 
245583.37 
245583.51 
245583.63 
245583.76 
245583.88 
245584.02 
245584.14 
245584.27 
245584.40 
245584.52 
245584.65 
245584.78 
245584.91 
245585.04 
245585.16 
245585.30 
245585.44 
245585.57 
245585.69 
245585.82 
245585.95 
245586.08 
245586.19 
245586.33 
245586.45 
245586.57 
245586.70 
245586.83 
245586.96 
245587.08 
245587.21 
245587.34 
245587.47 
245587.60 
245587.73 
245587.87 
245588.00 
245588.13 
245588.25 
245588.39 
245588.53 
245588.65 
245588.76 
245588.88 
245589.01 
245589.14 
245589.27 
245589.40 
245589.53 
245589.66 
245589.79 
245589.91 
245590.04 
245590.15 
245590.28 
245590.40 
245590.52 
245590.65 
245590.78 
245590.91 
245591.04 
245591.17 
245591.31 
245591.44 
245591.57 
245591.70 
245591.83 
245591.96 
245592.09 
245592.22 
245592.34 
245592.47 
245592.60 
245592.73 
245592.86 
245592.99 
245593.12 
245593.25 
245593.37 
245593.50 
245593.63 
245593.75 
245593.88 
245594.01 
245594.14 
245594.27 
245594.40 
245594.53 
245594.66 
245594.79 
245594.92 
245595.04 
245595.17 
245595.29 
245595.41 
245595.54 
245595.66 
245595.79 
245595.92 
245596.03 
245596.15 
245596.28 
245596.41 
245596.54 
245596.66 
245596.79 
245596.92 
245597.05 
245597.17 
245597.30 
245597.43 
245597.56 
245597.68 
245597.81 
245597.93 
245598.06 
245598.18 
245598.31 
245598.45 
245598.57 
245598.70 
245598.82 
245598.95 
245599.08 
245599.22 
245599.34 
245599.47 
245599.60 
245599.74 
245599.87 
245600.01 
245600.15 
245600.29 
245600.42 
245600.54 
245600.67 
245600.79 
245600.92 
245601.04 
245601.17 
245601.29 
245601.43 
245601.56 
245601.69 
245601.81 
245601.94 
245602.06 
245602.19 
245602.31 
245602.44 
245602.56 
245602.69 
245602.82 
245602.94 
245603.07 
245603.19 
245603.32 
245603.44 
245603.57 
245603.69 
245603.82 
245603.94 
245604.07 
245604.19 
245604.31 
245604.44 
245604.57 
245604.69 
245604.83 
245604.95 
245605.08 
245605.21 
245605.34 
245605.47 
245605.60 
245605.73 
245605.84 
245605.96 
245606.08 
245606.21 
245606.35 
245606.47 
245606.61 
245606.75 
245606.88 
245607.00 
245607.13 
245607.25 
245607.38 
245607.50 
245607.62 
245607.75 
245607.89 
245608.02 
245608.15 
245608.28 
245608.41 
245608.55 
245608.67 
245608.79 
245608.92 
245609.05 
245609.18 
245609.30 
245609.44 
245609.58 
245609.69 
245609.82 
245609.94 
245610.07 
245610.20 
245610.33 
245610.46 
245610.58 
245610.70 
245610.83 
245610.97 
245611.09 
245611.23 
245611.36 
245611.49 
245611.61 
245611.74 
245611.88 
245612.01 
245612.14 
245612.27 
245612.40 
245612.52 
245612.65 
245612.78 
245612.92 
245613.05 
245613.18 
245613.30 
245613.43 
245613.56 
245613.69 
245613.82 
245613.95 
245614.07 
245614.20 
245614.33 
245614.46 
245614.58 
245614.73 
245614.84 
245614.97 
245615.10 
245615.23 
245615.36 
245615.50 
245615.63 
245615.75 
245615.87 
245616.01 
245616.13 
245616.25 
245616.38 
245616.50 
245616.63 
245616.75 
245616.88 
245617.01 
245617.14 
245617.28 
245617.40 
245617.53 
245617.66 
245617.79 
245617.93 
245618.06 
245618.19 
245618.32 
245618.45 
245618.58 
245618.72 
245618.84 
245618.97 
245619.10 
245619.23 
245619.35 
245619.48 
245619.61 
245619.74 
245619.87 
245620.00 
245620.13 
245620.27 
245620.40 
245620.53 
245620.66 
245620.80 
245620.94 
245621.05 
245621.17 
245621.30 
245621.43 
245621.55 
245621.68 
245621.81 
245621.95 
245622.07 
245622.20 
245622.33 
245622.47 
245622.59 
245622.72 
245622.84 
245622.97 
245623.09 
245623.23 
245623.35 
245623.49 
245623.62 
245623.75 
245623.88 
245624.01 
245624.14 
245624.27 
245624.41 
245624.54 
245624.66 
245624.80 
245624.92 
245625.05 
245625.19 
245625.31 
245625.43 
245625.56 
245625.69 
245625.82 
245625.94 
245626.06 
245626.19 
245626.32 
245626.45 
245626.58 
245626.71 
245626.84 
245626.97 
245627.10 
245627.23 
245627.36 
245627.49 
245627.61 
245627.74 
245627.87 
245628.00 
245628.13 
245628.26 
245628.39 
245628.52 
245628.64 
245628.78 
245628.91 
245629.04 
245629.18 
245629.30 
245629.43 
245629.56 
245629.69 
245629.82 
245629.96 
245630.08 
245630.20 
245630.33 
245630.46 
245630.58 
245630.70 
245630.84 
245630.96 
245631.09 
245631.23 
245631.37 
245631.48 
245631.61 
245631.73 
245631.86 
245631.99 
245632.12 
245632.25 
245632.38 
245632.51 
245632.63 
245632.76 
245632.89 
245633.03 
245633.14 
245633.27 
245633.40 
245633.53 
245633.66 
245633.79 
245633.91 
245634.04 
245634.17 
245634.30 
245634.42 
245634.55 
245634.68 
245634.81 
245634.95 
245635.08 
245635.21 
245635.34 
245635.47 
245635.59 
245635.73 
245635.85 
245636.00 
245636.12 
245636.24 
245636.36 
245636.49 
245636.61 
245636.74 
245636.87 
245636.99 
245637.12 
245637.25 
245637.38 
245637.50 
245637.63 
245637.77 
245637.90 
245638.03 
245638.15 
245638.28 
245638.41 
245638.54 
245638.67 
245638.81 
245638.94 
245639.07 
245639.19 
245639.32 
245639.45 
245639.58 
245639.71 
245639.84 
245639.96 
245640.09 
245640.22 
245640.34 
245640.47 
245640.60 
245640.73 
245640.86 
245641.00 
245641.13 
245641.26 
245641.38 
245641.52 
245641.65 
245641.78 
245641.92 
245642.06 
245642.19 
245642.33 
245642.46 
245642.58 
245642.71 
245642.84 
245642.97 
245643.09 
245643.21 
245643.34 
245643.46 
245643.58 
245643.70 
245643.83 
245643.95 
245644.07 
245644.20 
245644.32 
245644.46 
245644.59 
245644.71 
245644.84 
245644.97 
245645.10 
245645.23 
245645.36 
245645.49 
245645.63 
245645.75 
245645.88 
245646.00 
245646.13 
245646.26 
245646.39 
245646.52 
245646.65 
245646.78 
245646.90 
245647.03 
245647.16 
245647.29 
245647.42 
245647.54 
245647.68 
245647.80 
245647.93 
245648.06 
245648.19 
245648.32 
245648.45 
245648.58 
245648.72 
245648.84 
245648.97 
245649.11 
245649.24 
245649.36 
245649.49 
245649.62 
245649.75 
245649.88 
245650.00 
245650.13 
245650.26 
245650.40 
245650.53 
245650.65 
245650.78 
245650.91 
245651.04 
245651.17 
245651.31 
245651.44 
245651.57 
245651.69 
245651.82 
245651.94 
245652.05 
245652.17 
245652.29 
245652.43 
245652.56 
245652.69 
245652.82 
245652.95 
245653.08 
245653.21 
245653.34 
245653.48 
245653.60 
245653.73 
245653.86 
245654.00 
245654.14 
245654.27 
245654.40 
245654.53 
245654.65 
245654.77 
245654.90 
245655.02 
245655.15 
245655.27 
245655.40 
245655.52 
245655.65 
245655.78 
245655.90 
245656.03 
245656.16 
245656.28 
245656.41 
245656.53 
245656.66 
245656.78 
245656.91 
245657.04 
245657.16 
245657.29 
245657.41 
245657.54 
245657.66 
245657.79 
245657.92 
245658.04 
245658.17 
245658.29 
245658.42 
245658.54 
245658.67 
245658.79 
245658.92 
245659.04 
245659.17 
245659.30 
245659.42 
245659.55 
245659.68 
245659.81 
245659.94 
245660.07 
245660.20 
245660.33 
245660.45 
245660.58 
245660.71 
245660.84 
245660.96 
245661.09 
245661.22 
245661.35 
245661.47 
245661.61 
245661.73 
245661.86 
245661.99 
245662.12 
245662.25 
245662.38 
245662.51 
245662.64 
245662.77 
245662.91 
245663.04 
245663.16 
245663.29 
245663.43 
245663.55 
245663.67 
245663.80 
245663.93 
245664.06 
245664.18 
245664.32 
245664.44 
245664.57 
245664.70 
245664.83 
245664.95 
245665.08 
245665.21 
245665.34 
245665.47 
245665.59 
245665.72 
245665.85 
245665.98 
245666.11 
245666.23 
245666.36 
245666.49 
245666.62 
245666.75 
245666.88 
245667.01 
245667.13 
245667.26 
245667.39 
245667.54 
245667.66 
245667.78 
245667.91 
245668.04 
245668.17 
245668.30 
245668.43 
245668.55 
245668.69 
245668.82 
245668.94 
245669.07 
245669.20 
245669.33 
245669.46 
245669.58 
245669.71 
245669.84 
245669.97 
245670.10 
245670.23 
245670.37 
245670.50 
245670.63 
245670.76 
245670.88 
245671.01 
245671.13 
245671.26 
245671.40 
245671.53 
245671.66 
245671.78 
245671.92 
245672.05 
245672.18 
245672.32 
245672.44 
245672.57 
245672.70 
245672.83 
245672.95 
245673.08 
245673.21 
245673.34 
245673.47 
245673.59 
245673.72 
245673.85 
245673.98 
245674.10 
245674.24 
245674.36 
245674.49 
245674.62 
245674.74 
245674.88 
245675.01 
245675.15 
245675.27 
245675.39 
245675.52 
245675.65 
245675.78 
245675.90 
245676.03 
245676.16 
245676.29 
245676.41 
245676.54 
245676.67 
245676.80 
245676.93 
245677.06 
245677.19 
245677.32 
245677.45 
245677.58 
245677.72 
245677.84 
245677.98 
245678.11 
245678.25 
245678.38 
245678.50 
245678.63 
245678.75 
245678.88 
245679.01 
245679.14 
245679.28 
245679.42 
245679.54 
245679.67 
245679.80 
245679.94 
245680.06 
245680.19 
245680.32 
245680.45 
245680.59 
245680.72 
245680.84 
245680.97 
245681.10 
245681.23 
245681.36 
245681.49 
245681.62 
245681.75 
245681.87 
245682.00 
245682.14 
245682.27 
245682.40 
245682.54 
245682.66 
245682.78 
245682.90 
245683.02 
245683.15 
245683.28 
245683.42 
245683.55 
245683.67 
245683.80 
245683.93 
245684.06 
245684.19 
245684.31 
245684.44 
245684.57 
245684.70 
245684.83 
245684.95 
245685.08 
245685.22 
245685.34 
245685.46 
245685.59 
245685.72 
245685.85 
245685.98 
245686.11 
245686.24 
245686.36 
245686.49 
245686.62 
245686.75 
245686.88 
245687.01 
245687.14 
245687.26 
245687.40 
245687.52 
245687.65 
245687.79 
245687.93 
245688.06 
245688.19 
245688.31 
245688.44 
245688.57 
245688.70 
245688.82 
245688.95 
245689.08 
245689.22 
245689.34 
245689.47 
245689.60 
245689.74 
245689.87 
245689.99 
245690.12 
245690.25 
245690.38 
245690.51 
245690.65 
245690.78 
245690.90 
245691.04 
245691.16 
245691.30 
245691.42 
245691.54 
245691.67 
245691.81 
245691.93 
245692.06 
245692.19 
245692.33 
245692.46 
245692.59 
245692.73 
245692.86 
245692.99 
245693.11 
245693.24 
245693.37 
245693.50 
245693.62 
245693.74 
245693.87 
245694.00 
245694.13 
245694.26 
245694.39 
245694.52 
245694.66 
245694.78 
245694.91 
245695.03 
245695.16 
245695.29 
245695.42 
245695.54 
245695.67 
245695.81 
245695.93 
245696.08 
245696.20 
245696.34 
245696.46 
245696.59 
245696.72 
245696.84 
245696.97 
245697.10 
245697.23 
245697.36 
245697.49 
245697.62 
245697.75 
245697.88 
245698.00 
245698.13 
245698.25 
245698.37 
245698.50 
245698.63 
245698.76 
245698.89 
245699.02 
245699.14 
245699.27 
245699.40 
245699.53 
245699.67 
245699.79 
245699.91 
245700.04 
245700.17 
245700.30 
245700.43 
245700.55 
245700.68 
245700.81 
245700.94 
245701.07 
245701.20 
245701.33 
245701.46 
245701.59 
245701.72 
245701.85 
245701.98 
245702.11 
245702.24 
245702.37 
245702.50 
245702.63 
245702.76 
245702.89 
245703.02 
245703.14 
245703.27 
245703.40 
245703.53 
245703.66 
245703.79 
245703.92 
245704.04 
245704.17 
245704.29 
245704.42 
245704.55 
245704.68 
245704.83 
245704.94 
245705.07 
245705.19 
245705.32 
245705.45 
245705.58 
245705.70 
245705.83 
245705.96 
245706.09 
245706.22 
245706.35 
245706.49 
245706.62 
245706.74 
245706.88 
245707.00 
245707.13 
245707.26 
245707.39 
245707.52 
245707.64 
245707.77 
245707.90 
245708.03 
245708.16 
245708.28 
245708.41 
245708.54 
245708.66 
245708.79 
245708.92 
245709.05 
245709.18 
245709.30 
245709.44 
245709.56 
245709.69 
245709.82 
245709.95 
245710.07 
245710.20 
245710.34 
245710.46 
245710.60 
245710.73 
245710.85 
245710.98 
245711.11 
245711.24 
245711.36 
245711.49 
245711.62 
245711.75 
245711.89 
245712.02 
245712.14 
245712.27 
245712.40 
245712.53 
245712.67 
245712.81 
245712.94 
245713.06 
245713.19 
245713.32 
245713.45 
245713.58 
245713.71 
245713.83 
245713.95 
245714.08 
245714.20 
245714.34 
245714.46 
245714.59 
245714.71 
245714.83 
245714.95 
245715.08 
245715.20 
245715.33 
245715.45 
245715.58 
245715.70 
245715.83 
245715.96 
245716.09 
245716.22 
245716.35 
245716.48 
245716.61 
245716.73 
245716.88 
245717.00 
245717.13 
245717.26 
245717.39 
245717.52 
245717.64 
245717.77 
245717.91 
245718.04 
245718.17 
245718.30 
245718.43 
245718.55 
245718.68 
245718.80 
245718.93 
245719.06 
245719.18 
245719.31 
245719.43 
245719.56 
245719.69 
245719.82 
245719.95 
245720.08 
245720.22 
245720.35 
245720.48 
245720.61 
245720.73 
245720.87 
245721.01 
245721.13 
245721.26 
245721.38 
245721.53 
245721.65 
245721.77 
245721.90 
245722.02 
245722.16 
245722.30 
245722.43 
245722.56 
245722.68 
245722.81 
245722.94 
245723.06 
245723.20 
245723.34 
245723.47 
245723.59 
245723.72 
245723.85 
245723.98 
245724.11 
245724.24 
245724.36 
245724.49 
245724.62 
245724.75 
245724.88 
245725.01 
245725.14 
245725.27 
245725.40 
245725.53 
245725.66 
245725.79 
245725.91 
245726.04 
245726.17 
245726.30 
245726.43 
245726.57 
245726.71 
245726.83 
245726.95 
245727.08 
245727.21 
245727.34 
245727.46 
245727.59 
245727.72 
245727.85 
245727.98 
245728.10 
245728.24 
245728.36 
245728.49 
245728.62 
245728.76 
245728.89 
245729.02 
245729.14 
245729.26 
245729.38 
245729.50 
245729.63 
245729.75 
245729.88 
245730.01 
245730.14 
245730.28 
245730.41 
245730.54 
245730.67 
245730.79 
245730.92 
245731.05 
245731.18 
245731.31 
245731.45 
245731.58 
245731.71 
245731.84 
245731.96 
245732.09 
245732.22 
245732.35 
245732.48 
245732.61 
245732.73 
245732.86 
245732.99 
245733.11 
245733.24 
245733.37 
245733.50 
245733.64 
245733.77 
245733.90 
245734.03 
245734.17 
245734.31 
245734.43 
245734.56 
245734.68 
245734.82 
245734.94 
245735.06 
245735.19 
245735.32 
245735.45 
245735.58 
245735.70 
245735.83 
245735.96 
245736.09 
245736.22 
245736.35 
245736.49 
245736.61 
245736.74 
245736.87 
245737.00 
245737.14 
245737.26 
245737.38 
245737.50 
245737.63 
245737.75 
245737.88 
245738.02 
245738.15 
245738.28 
245738.41 
245738.54 
245738.67 
245738.80 
245738.94 
245739.07 
245739.19 
245739.32 
245739.45 
245739.57 
245739.71 
245739.85 
245739.97 
245740.10 
245740.22 
245740.35 
245740.48 
245740.60 
245740.73 
245740.86 
245740.98 
245741.11 
245741.24 
245741.36 
245741.49 
245741.63 
245741.75 
245741.89 
245742.02 
245742.15 
245742.27 
245742.39 
245742.52 
245742.65 
245742.78 
245742.91 
245743.03 
245743.16 
245743.29 
245743.42 
245743.55 
245743.67 
245743.81 
245743.94 
245744.07 
245744.20 
245744.33 
245744.46 
245744.60 
245744.74 
245744.86 
245744.98 
245745.11 
245745.24 
245745.36 
245745.49 
245745.61 
245745.73 
245745.86 
245745.99 
245746.11 
245746.24 
245746.36 
245746.49 
245746.61 
245746.74 
245746.87 
245746.99 
245747.11 
245747.24 
245747.36 
245747.49 
245747.61 
245747.74 
245747.85 
245747.98 
245748.10 
245748.23 
245748.36 
245748.48 
245748.62 
245748.75 
245748.88 
245749.00 
245749.13 
245749.26 
245749.39 
245749.52 
245749.65 
245749.78 
245749.90 
245750.02 
245750.15 
245750.28 
245750.41 
245750.54 
245750.67 
245750.80 
245750.93 
245751.06 
245751.19 
245751.32 
245751.45 
245751.57 
245751.70 
245751.83 
245751.96 
245752.08 
245752.22 
245752.34 
245752.48 
245752.61 
245752.75 
245752.87 
245752.99 
245753.11 
245753.25 
245753.37 
245753.50 
245753.62 
245753.76 
245753.88 
245754.01 
245754.13 
245754.26 
245754.40 
245754.53 
245754.66 
245754.78 
245754.91 
245755.03 
245755.16 
245755.29 
245755.41 
245755.54 
245755.68 
245755.80 
245755.93 
245756.06 
245756.19 
245756.32 
245756.44 
245756.57 
245756.70 
245756.83 
245756.95 
245757.08 
245757.22 
245757.36 
245757.49 
245757.63 
245757.76 
245757.89 
245758.01 
245758.14 
245758.26 
245758.39 
245758.51 
245758.64 
245758.77 
245758.89 
245759.00 
245759.13 
245759.25 
245759.38 
245759.51 
245759.64 
245759.77 
245759.90 
245760.02 
245760.15 
245760.27 
245760.40 
245760.53 
245760.65 
245760.77 
245760.91 
245761.03 
245761.16 
245761.30 
245761.42 
245761.55 
245761.68 
245761.81 
245761.95 
245762.07 
245762.20 
245762.32 
245762.44 
245762.57 
245762.70 
245762.83 
245762.96 
245763.09 
245763.22 
245763.35 
245763.48 
245763.60 
245763.74 
245763.87 
245764.00 
245764.13 
245764.25 
245764.38 
245764.51 
245764.64 
245764.76 
245764.90 
245765.03 
245765.16 
245765.29 
245765.42 
245765.55 
245765.68 
245765.80 
245765.93 
245766.06 
245766.18 
245766.31 
245766.44 
245766.57 
245766.70 
245766.83 
245766.95 
245767.08 
245767.21 
245767.34 
245767.47 
245767.59 
245767.72 
245767.85 
245767.98 
245768.11 
245768.24 
245768.36 
245768.49 
245768.62 
245768.75 
245768.89 
245769.03 
245769.15 
245769.28 
245769.40 
245769.53 
245769.66 
245769.79 
245769.91 
245770.04 
245770.17 
245770.30 
245770.42 
245770.56 
245770.69 
245770.83 
245770.97 
245771.10 
245771.23 
245771.36 
245771.49 
245771.62 
245771.75 
245771.88 
245772.02 
245772.14 
245772.28 
245772.42 
245772.54 
245772.67 
245772.79 
245772.92 
245773.04 
245773.16 
245773.29 
245773.41 
245773.54 
245773.66 
245773.80 
245773.92 
245774.05 
245774.18 
245774.31 
245774.44 
245774.56 
245774.69 
245774.81 
245774.93 
245775.05 
245775.18 
245775.32 
245775.44 
245775.58 
245775.71 
245775.83 
245775.95 
245776.07 
245776.20 
245776.32 
245776.44 
245776.57 
245776.69 
245776.82 
245776.95 
245777.08 
245777.21 
245777.33 
245777.46 
245777.59 
245777.72 
245777.85 
245777.98 
245778.11 
245778.24 
245778.37 
245778.50 
245778.63 
245778.76 
245778.88 
245779.02 
245779.14 
245779.27 
245779.40 
245779.53 
245779.66 
245779.79 
245779.92 
245780.06 
245780.18 
245780.32 
245780.45 
245780.58 
245780.70 
245780.84 
245780.97 
245781.11 
245781.25 
245781.37 
245781.49 
245781.61 
245781.73 
245781.86 
245781.99 
245782.12 
245782.25 
245782.38 
245782.51 
245782.64 
245782.76 
245782.89 
245783.01 
245783.14 
245783.27 
245783.40 
245783.53 
245783.66 
245783.79 
245783.92 
245784.05 
245784.18 
245784.31 
245784.43 
245784.56 
245784.69 
245784.82 
245784.94 
245785.07 
245785.20 
245785.33 
245785.46 
245785.59 
245785.72 
245785.85 
245785.98 
245786.10 
245786.23 
245786.36 
245786.49 
245786.62 
245786.74 
245786.87 
245787.00 
245787.13 
245787.26 
245787.38 
245787.51 
245787.64 
245787.78 
245787.91 
245788.05 
245788.17 
245788.30 
245788.44 
245788.57 
245788.70 
245788.83 
245788.96 
245789.09 
245789.22 
245789.35 
245789.48 
245789.62 
245789.74 
245789.87 
245789.99 
245790.12 
245790.25 
245790.38 
245790.51 
245790.64 
245790.76 
245790.89 
245791.02 
245791.15 
245791.27 
245791.40 
245791.53 
245791.66 
245791.79 
245791.92 
245792.06 
245792.19 
245792.32 
245792.44 
245792.57 
245792.70 
245792.83 
245792.97 
245793.10 
245793.23 
245793.35 
245793.49 
245793.62 
245793.75 
245793.87 
245793.99 
245794.12 
245794.24 
245794.38 
245794.51 
245794.64 
245794.77 
245794.90 
245795.02 
245795.16 
245795.30 
245795.42 
245795.55 
245795.67 
245795.80 
245795.92 
245796.04 
245796.15 
245796.28 
245796.41 
245796.54 
245796.67 
245796.80 
245796.92 
245797.05 
245797.18 
245797.31 
245797.44 
245797.57 
245797.71 
245797.83 
245797.96 
245798.09 
245798.23 
245798.35 
245798.48 
245798.62 
245798.74 
245798.88 
245799.01 
245799.15 
245799.27 
245799.40 
245799.53 
245799.66 
245799.79 
245799.92 
245800.04 
245800.17 
245800.30 
245800.43 
245800.56 
245800.69 
245800.83 
245800.96 
245801.08 
245801.21 
245801.34 
245801.47 
245801.61 
245801.74 
245801.86 
245801.98 
245802.11 
245802.23 
245802.36 
245802.49 
245802.62 
245802.74 
245802.87 
245803.00 
245803.13 
245803.26 
245803.40 
245803.51 
245803.65 
245803.77 
245803.90 
245804.03 
245804.17 
245804.29 
245804.41 
245804.54 
245804.66 
245804.79 
245804.92 
245805.05 
245805.18 
245805.32 
245805.45 
245805.58 
245805.71 
245805.84 
245805.96 
245806.09 
245806.22 
245806.35 
245806.48 
245806.60 
245806.73 
245806.86 
245806.99 
245807.11 
245807.24 
245807.37 
245807.50 
245807.62 
245807.75 
245807.88 
245808.01 
245808.14 
245808.27 
245808.39 
245808.52 
245808.65 
245808.78 
245808.91 
245809.04 
245809.16 
245809.29 
245809.42 
245809.55 
245809.68 
245809.82 
245809.95 
245810.07 
245810.21 
245810.34 
245810.46 
245810.60 
245810.72 
245810.85 
245810.98 
245811.13 
245811.25 
245811.37 
245811.50 
245811.62 
245811.75 
245811.87 
245812.00 
245812.13 
245812.25 
245812.38 
245812.50 
245812.63 
245812.76 
245812.89 
245813.02 
245813.14 
245813.28 
245813.40 
245813.53 
245813.66 
245813.78 
245813.91 
245814.05 
245814.17 
245814.30 
245814.42 
245814.56 
245814.69 
245814.81 
245814.95 
245815.07 
245815.21 
245815.34 
245815.48 
245815.61 
245815.74 
245815.88 
245816.02 
245816.14 
245816.27 
245816.39 
245816.51 
245816.63 
245816.76 
245816.89 
245817.03 
245817.15 
245817.27 
245817.41 
245817.53 
245817.66 
245817.78 
245817.92 
245818.05 
245818.18 
245818.31 
245818.44 
245818.57 
245818.70 
245818.83 
245818.96 
245819.08 
245819.21 
245819.33 
245819.47 
245819.61 
245819.74 
245819.86 
245820.00 
245820.12 
245820.25 
245820.38 
245820.52 
245820.63 
245820.77 
245820.89 
245821.01 
245821.13 
245821.25 
245821.37 
245821.49 
245821.62 
245821.75 
245821.86 
245821.99 
245822.11 
245822.25 
245822.38 
245822.50 
245822.63 
245822.76 
245822.89 
245823.02 
245823.15 
245823.27 
245823.40 
245823.53 
245823.66 
245823.78 
245823.92 
245824.04 
245824.16 
245824.29 
245824.43 
245824.56 
245824.70 
245824.82 
245824.96 
245825.08 
245825.21 
245825.33 
245825.46 
245825.58 
245825.71 
245825.83 
245825.96 
245826.08 
245826.21 
245826.33 
245826.46 
245826.58 
245826.71 
245826.83 
245826.96 
245827.08 
245827.21 
245827.35 
245827.47 
245827.60 
245827.72 
245827.84 
245827.97 
245828.10 
245828.22 
245828.34 
245828.47 
245828.59 
245828.72 
245828.84 
245828.95 
245829.09 
245829.21 
245829.34 
245829.46 
245829.58 
245829.71 
245829.84 
245829.97 
245830.09 
245830.22 
245830.36 
245830.47 
245830.60 
245830.73 
245830.85 
245830.98 
245831.11 
245831.24 
245831.36 
245831.49 
245831.61 
245831.74 
245831.86 
245832.00 
245832.12 
245832.25 
245832.38 
245832.50 
245832.64 
245832.76 
245832.90 
245833.01 
245833.14 
245833.26 
245833.39 
245833.52 
245833.64 
245833.77 
245833.90 
245834.03 
245834.15 
245834.28 
245834.41 
245834.54 
245834.67 
245834.80 
245834.93 
245835.06 
245835.19 
245835.32 
245835.45 
245835.58 
245835.71 
245835.83 
245835.96 
245836.09 
245836.22 
245836.34 
245836.47 
245836.60 
245836.73 
245836.85 
245836.98 
245837.11 
245837.23 
245837.36 
245837.48 
245837.62 
245837.76 
245837.89 
245838.01 
245838.12 
245838.25 
245838.38 
245838.50 
245838.63 
245838.76 
245838.89 
245839.01 
245839.14 
245839.28 
245839.40 
245839.53 
245839.65 
245839.78 
245839.92 
245840.05 
245840.18 
245840.31 
245840.44 
245840.57 
245840.70 
245840.82 
245840.96 
245841.09 
245841.22 
245841.35 
245841.48 
245841.61 
245841.74 
245841.87 
245842.01 
245842.13 
245842.25 
245842.39 
245842.52 
245842.64 
245842.77 
245842.90 
245843.02 
245843.15 
245843.29 
245843.42 
245843.55 
245843.68 
245843.81 
245843.93 
245844.06 
245844.20 
245844.33 
245844.46 
245844.59 
245844.72 
245844.84 
245844.97 
245845.10 
245845.23 
245845.35 
245845.48 
245845.61 
245845.74 
245845.87 
245846.00 
245846.13 
245846.26 
245846.40 
245846.53 
245846.65 
245846.79 
245846.92 
245847.05 
245847.18 
245847.31 
245847.44 
245847.57 
245847.71 
245847.84 
245847.96 
245848.09 
245848.22 
245848.34 
245848.48 
245848.60 
245848.74 
245848.86 
245848.98 
245849.11 
245849.23 
245849.35 
245849.48 
245849.61 
245849.74 
245849.86 
245849.99 
245850.11 
245850.24 
245850.37 
245850.49 
245850.62 
245850.75 
245850.87 
245851.00 
245851.12 
245851.25 
245851.37 
245851.50 
245851.62 
245851.75 
245851.88 
245852.00 
245852.12 
245852.25 
245852.37 
245852.49 
245852.62 
245852.74 
245852.87 
245853.01 
245853.14 
245853.27 
245853.40 
245853.52 
245853.65 
245853.77 
245853.90 
245854.03 
245854.15 
245854.28 
245854.41 
245854.53 
245854.66 
245854.81 
245854.93 
245855.06 
245855.18 
245855.31 
245855.44 
245855.57 
245855.70 
245855.84 
245855.96 
245856.09 
245856.22 
245856.35 
245856.47 
245856.60 
245856.73 
245856.85 
245856.99 
245857.11 
245857.24 
245857.37 
245857.49 
245857.62 
245857.74 
245857.87 
245858.00 
245858.13 
245858.26 
245858.39 
245858.52 
245858.65 
245858.78 
245858.91 
245859.03 
245859.16 
245859.30 
245859.42 
245859.55 
245859.68 
245859.82 
245859.94 
245860.06 
245860.19 
245860.33 
245860.46 
245860.59 
245860.72 
245860.84 
245860.97 
245861.12 
245861.24 
245861.38 
245861.50 
245861.63 
245861.76 
245861.89 
245862.03 
245862.15 
245862.28 
245862.41 
245862.54 
245862.67 
245862.80 
245862.93 
245863.06 
245863.19 
245863.32 
245863.45 
245863.58 
245863.71 
245863.83 
245863.97 
245864.09 
245864.22 
245864.35 
245864.49 
245864.62 
245864.75 
245864.87 
245865.00 
245865.12 
245865.25 
245865.38 
245865.52 
245865.65 
245865.79 
245865.92 
245866.05 
245866.17 
245866.30 
245866.43 
245866.55 
245866.69 
245866.82 
245866.96 
245867.09 
245867.21 
245867.35 
245867.47 
245867.60 
245867.73 
245867.86 
245867.99 
245868.12 
245868.24 
245868.36 
245868.48 
245868.61 
245868.74 
245868.86 
245868.99 
245869.11 
245869.26 
245869.37 
245869.50 
245869.63 
245869.75 
245869.88 
245870.01 
245870.14 
245870.27 
245870.39 
245870.52 
245870.65 
245870.78 
245870.91 
245871.04 
245871.16 
245871.29 
245871.42 
245871.54 
245871.67 
245871.80 
245871.93 
245872.05 
245872.19 
245872.32 
245872.44 
245872.57 
245872.70 
245872.83 
245872.95 
245873.08 
245873.21 
245873.34 
245873.48 
245873.60 
245873.73 
245873.86 
245873.99 
245874.12 
245874.25 
245874.38 
245874.52 
245874.64 
245874.77 
245874.89 
245875.02 
245875.15 
245875.27 
245875.41 
245875.54 
245875.67 
245875.79 
245875.92 
245876.07 
245876.19 
245876.32 
245876.44 
245876.56 
245876.68 
245876.81 
245876.94 
245877.07 
245877.21 
245877.34 
245877.47 
245877.60 
245877.73 
245877.85 
245877.99 
245878.12 
245878.25 
245878.38 
245878.51 
245878.65 
245878.78 
245878.91 
245879.04 
245879.17 
245879.30 
245879.43 
245879.56 
245879.68 
245879.82 
245879.94 
245880.07 
245880.21 
245880.35 
245880.47 
245880.60 
245880.73 
245880.86 
245880.99 
245881.12 
245881.25 
245881.38 
245881.51 
245881.64 
245881.76 
245881.89 
245882.02 
245882.14 
245882.27 
245882.39 
245882.52 
245882.66 
245882.78 
245882.90 
245883.03 
245883.15 
245883.28 
245883.41 
245883.55 
245883.67 
245883.80 
245883.91 
245884.03 
245884.16 
245884.29 
245884.43 
245884.55 
245884.68 
245884.81 
245884.94 
245885.06 
245885.20 
245885.33 
245885.46 
245885.59 
245885.72 
245885.85 
245885.98 
245886.10 
245886.24 
245886.36 
245886.49 
245886.62 
245886.75 
245886.87 
245887.00 
245887.13 
245887.26 
245887.38 
245887.51 
245887.65 
245887.77 
245887.90 
245888.04 
245888.17 
245888.30 
245888.43 
245888.57 
245888.70 
245888.84 
245888.95 
245889.08 
245889.21 
245889.34 
245889.46 
245889.59 
245889.72 
245889.85 
245889.98 
245890.11 
245890.23 
245890.36 
245890.50 
245890.62 
245890.76 
245890.89 
245891.02 
245891.14 
245891.28 
245891.41 
245891.54 
245891.67 
245891.81 
245891.93 
245892.06 
245892.19 
245892.31 
245892.45 
245892.57 
245892.71 
245892.84 
245892.98 
245893.12 
245893.25 
245893.38 
245893.50 
245893.62 
245893.75 
245893.88 
245894.01 
245894.14 
245894.27 
245894.39 
245894.53 
245894.65 
245894.78 
245894.90 
245895.03 
245895.17 
245895.29 
245895.43 
245895.55 
245895.68 
245895.81 
245895.95 
245896.08 
245896.22 
245896.34 
245896.48 
245896.61 
245896.73 
245896.86 
245896.99 
245897.11 
245897.24 
245897.37 
245897.49 
245897.62 
245897.75 
245897.88 
245898.00 
245898.14 
245898.26 
245898.39 
245898.52 
245898.65 
245898.78 
245898.91 
245899.04 
245899.17 
245899.31 
245899.43 
245899.56 
245899.69 
245899.82 
245899.95 
245900.08 
245900.21 
245900.34 
245900.47 
245900.60 
245900.73 
245900.85 
245900.99 
245901.12 
245901.24 
245901.37 
245901.50 
245901.63 
245901.75 
245901.88 
245902.00 
245902.13 
245902.25 
245902.38 
245902.51 
245902.64 
245902.78 
245902.91 
245903.04 
245903.17 
245903.31 
245903.43 
245903.55 
245903.67 
245903.80 
245903.93 
245904.06 
245904.19 
245904.32 
245904.45 
245904.58 
245904.71 
245904.84 
245904.96 
245905.09 
245905.22 
245905.35 
245905.48 
245905.62 
245905.76 
245905.90 
245906.03 
245906.15 
245906.29 
245906.41 
245906.54 
245906.67 
245906.81 
245906.94 
245907.07 
245907.20 
245907.33 
245907.45 
245907.58 
245907.71 
245907.84 
245907.97 
245908.10 
245908.24 
245908.37 
245908.49 
245908.62 
245908.75 
245908.88 
245909.01 
245909.14 
245909.28 
245909.43 
245909.55 
245909.67 
245909.80 
245909.93 
245910.05 
245910.18 
245910.31 
245910.44 
245910.57 
245910.70 
245910.82 
245910.96 
245911.09 
245911.22 
245911.35 
245911.47 
245911.60 
245911.73 
245911.85 
245911.97 
245912.10 
245912.23 
245912.35 
245912.47 
245912.60 
245912.73 
245912.85 
245912.98 
245913.11 
245913.23 
245913.36 
245913.48 
245913.60 
245913.73 
245913.85 
245913.98 
245914.10 
245914.22 
245914.35 
245914.47 
245914.60 
245914.72 
245914.83 
245914.95 
245915.07 
245915.19 
245915.31 
245915.43 
245915.56 
245915.68 
245915.81 
245915.95 
245916.08 
245916.21 
245916.34 
245916.47 
245916.60 
245916.72 
245916.85 
245916.97 
245917.09 
245917.23 
245917.35 
245917.48 
245917.61 
245917.74 
245917.87 
245918.00 
245918.13 
245918.26 
245918.39 
245918.52 
245918.65 
245918.78 
245918.91 
245919.03 
245919.17 
245919.30 
245919.43 
245919.56 
245919.69 
245919.82 
245919.94 
245920.07 
245920.20 
245920.33 
245920.46 
245920.59 
245920.72 
245920.85 
245920.98 
245921.11 
245921.23 
245921.37 
245921.50 
245921.62 
245921.75 
245921.88 
245922.01 
245922.14 
245922.27 
245922.39 
245922.53 
245922.65 
245922.79 
245922.93 
245923.06 
245923.18 
245923.32 
245923.46 
245923.58 
245923.72 
245923.84 
245923.97 
245924.10 
245924.22 
245924.35 
245924.47 
245924.60 
245924.73 
245924.85 
245924.98 
245925.10 
245925.23 
245925.36 
245925.49 
245925.61 
245925.74 
245925.86 
245925.99 
245926.11 
245926.24 
245926.36 
245926.49 
245926.62 
245926.75 
245926.88 
245927.01 
245927.14 
245927.26 
245927.39 
245927.52 
245927.64 
245927.77 
245927.89 
245928.02 
245928.15 
245928.27 
245928.40 
245928.52 
245928.65 
245928.78 
245928.90 
245929.02 
245929.15 
245929.28 
245929.40 
245929.53 
245929.65 
245929.77 
245929.89 
245930.01 
245930.13 
245930.25 
245930.38 
245930.51 
245930.63 
245930.76 
245930.89 
245931.02 
245931.14 
245931.28 
245931.41 
245931.54 
245931.67 
245931.81 
245931.93 
245932.06 
245932.20 
245932.34 
245932.48 
245932.61 
245932.73 
245932.87 
245933.01 
245933.13 
245933.26 
245933.39 
245933.52 
245933.65 
245933.77 
245933.89 
245934.02 
245934.14 
245934.26 
245934.38 
245934.50 
245934.62 
245934.75 
245934.88 
245935.00 
245935.12 
245935.24 
245935.36 
245935.49 
245935.61 
245935.74 
245935.86 
245935.98 
245936.11 
245936.24 
245936.36 
245936.49 
245936.62 
245936.74 
245936.87 
245937.00 
245937.12 
245937.25 
245937.37 
245937.50 
245937.62 
245937.75 
245937.87 
245937.99 
245938.12 
245938.24 
245938.37 
245938.50 
245938.62 
245938.75 
245938.88 
245939.00 
245939.13 
245939.25 
245939.38 
245939.51 
245939.63 
245939.75 
245939.88 
245940.00 
245940.13 
245940.25 
245940.38 
245940.50 
245940.62 
245940.75 
245940.87 
245941.00 
245941.12 
245941.25 
245941.37 
245941.51 
245941.63 
245941.76 
245941.88 
245942.02 
245942.14 
245942.27 
245942.40 
245942.53 
245942.66 
245942.78 
245942.91 
245943.04 
245943.16 
245943.29 
245943.41 
245943.54 
245943.67 
245943.79 
245943.92 
245944.04 
245944.17 
245944.29 
245944.42 
245944.55 
245944.67 
245944.79 
245944.92 
245945.05 
245945.18 
245945.31 
245945.44 
245945.56 
245945.68 
245945.80 
245945.93 
245946.05 
245946.17 
245946.29 
245946.41 
245946.53 
245946.66 
245946.79 
245946.92 
245947.04 
245947.18 
245947.32 
245947.45 
245947.57 
245947.69 
245947.82 
245947.94 
245948.07 
245948.19 
245948.32 
245948.45 
245948.57 
245948.70 
245948.83 
245948.96 
245949.09 
245949.23 
245949.36 
245949.49 
245949.63 
245949.75 
245949.88 
245950.01 
245950.14 
245950.26 
245950.39 
245950.53 
245950.65 
245950.78 
245950.91 
245951.03 
245951.16 
245951.29 
245951.43 
245951.56 
245951.69 
245951.82 
245951.95 
245952.07 
245952.20 
245952.33 
245952.47 
245952.60 
245952.73 
245952.86 
245953.00 
245953.13 
245953.25 
245953.38 
245953.51 
245953.65 
245953.77 
245953.90 
245954.04 
245954.17 
245954.30 
245954.43 
245954.55 
245954.68 
245954.81 
245954.93 
245955.07 
245955.19 
245955.32 
245955.46 
245955.58 
245955.70 
245955.83 
245955.96 
245956.09 
245956.20 
245956.33 
245956.46 
245956.60 
245956.72 
245956.84 
245956.97 
245957.10 
245957.23 
245957.36 
245957.48 
245957.61 
245957.75 
245957.87 
245958.01 
245958.13 
245958.25 
245958.37 
245958.49 
245958.61 
245958.73 
245958.85 
245958.98 
245959.10 
245959.21 
245959.32 
245959.43 
245959.55 
245959.67 
245959.79 
245959.91 
245960.04 
245960.18 
245960.30 
245960.43 
245960.56 
245960.68 
245960.81 
245960.94 
245961.07 
245961.19 
245961.33 
245961.46 
245961.58 
245961.71 
245961.84 
245961.97 
245962.09 
245962.23 
245962.34 
245962.48 
245962.61 
245962.73 
245962.86 
245962.99 
245963.13 
245963.26 
245963.39 
245963.52 
245963.64 
245963.78 
245963.91 
245964.03 
245964.16 
245964.29 
245964.41 
245964.55 
245964.67 
245964.79 
245964.92 
245965.06 
245965.19 
245965.33 
245965.45 
245965.58 
245965.71 
245965.83 
245965.96 
245966.09 
245966.23 
245966.35 
245966.48 
245966.60 
245966.73 
245966.86 
245966.99 
245967.12 
245967.24 
245967.38 
245967.52 
245967.65 
245967.77 
245967.90 
245968.03 
245968.15 
245968.29 
245968.41 
245968.54 
245968.68 
245968.82 
245968.95 
245969.09 
245969.22 
245969.35 
245969.49 
245969.61 
245969.74 
245969.87 
245970.00 
245970.12 
245970.25 
245970.39 
245970.51 
245970.63 
245970.77 
245970.90 
245971.02 
245971.15 
245971.29 
245971.42 
245971.55 
245971.67 
245971.81 
245971.93 
245972.06 
245972.20 
245972.34 
245972.46 
245972.59 
245972.73 
245972.86 
245973.00 
245973.13 
245973.26 
245973.40 
245973.54 
245973.67 
245973.79 
245973.92 
245974.04 
245974.18 
245974.32 
245974.45 
245974.57 
245974.70 
245974.84 
245974.98 
245975.10 
245975.23 
245975.36 
245975.48 
245975.62 
245975.74 
245975.86 
245976.00 
245976.13 
245976.26 
245976.38 
245976.51 
245976.64 
245976.76 
245976.89 
245977.03 
245977.17 
245977.30 
245977.42 
245977.55 
245977.68 
245977.80 
245977.93 
245978.06 
245978.19 
245978.32 
245978.45 
245978.58 
245978.70 
245978.83 
245978.95 
245979.09 
245979.23 
245979.36 
245979.48 
245979.61 
245979.74 
245979.87 
245979.99 
245980.11 
245980.24 
245980.36 
245980.50 
245980.62 
245980.75 
245980.89 
245981.02 
245981.15 
245981.28 
245981.41 
245981.53 
245981.66 
245981.79 
245981.91 
245982.05 
245982.19 
245982.32 
245982.46 
245982.59 
245982.73 
245982.86 
245982.99 
245983.10 
245983.23 
245983.36 
245983.49 
245983.61 
245983.74 
245983.88 
245984.02 
245984.14 
245984.27 
245984.40 
245984.52 
245984.65 
245984.78 
245984.91 
245985.04 
245985.17 
245985.29 
245985.42 
245985.55 
245985.68 
245985.82 
245985.95 
245986.09 
245986.22 
245986.35 
245986.47 
245986.61 
245986.74 
245986.86 
245986.99 
245987.13 
245987.27 
245987.39 
245987.51 
245987.65 
245987.78 
245987.92 
245988.04 
245988.18 
245988.30 
245988.43 
245988.56 
245988.68 
245988.82 
245988.94 
245989.07 
245989.20 
245989.32 
245989.45 
245989.59 
245989.71 
245989.84 
245989.95 
245990.08 
245990.21 
245990.35 
245990.47 
245990.60 
245990.73 
245990.86 
245990.99 
245991.13 
245991.24 
245991.37 
245991.50 
245991.63 
245991.75 
245991.88 
245992.01 
245992.13 
245992.26 
245992.38 
245992.51 
245992.64 
245992.77 
245992.90 
245993.03 
245993.16 
245993.29 
245993.43 
245993.55 
245993.67 
245993.79 
245993.92 
245994.06 
245994.19 
245994.32 
245994.45 
245994.59 
245994.71 
245994.84 
245994.97 
245995.11 
245995.23 
245995.36 
245995.48 
245995.61 
245995.73 
245995.87 
245995.99 
245996.13 
245996.27 
245996.40 
245996.52 
245996.65 
245996.78 
245996.91 
245997.03 
245997.17 
245997.31 
245997.44 
245997.57 
245997.71 
245997.84 
245997.96 
245998.09 
245998.22 
245998.35 
245998.48 
245998.61 
245998.75 
245998.87 
245999.01 
245999.13 
245999.26 
245999.39 
245999.52 
245999.64 
245999.76 
245999.89 
246000.01 
246000.14 
246000.27 
246000.39 
246000.51 
246000.64 
246000.76 
246000.90 
246001.03 
246001.16 
246001.30 
246001.42 
246001.54 
246001.67 
246001.80 
246001.93 
246002.06 
246002.19 
246002.31 
246002.44 
246002.56 
246002.69 
246002.82 
246002.95 
246003.07 
246003.20 
246003.33 
246003.46 
246003.60 
246003.72 
246003.85 
246003.98 
246004.11 
246004.23 
246004.36 
246004.49 
246004.62 
246004.74 
246004.88 
246005.01 
246005.14 
246005.27 
246005.41 
246005.55 
246005.67 
246005.79 
246005.92 
246006.06 
246006.19 
246006.31 
246006.44 
246006.58 
246006.70 
246006.84 
246006.95 
246007.08 
246007.23 
246007.34 
246007.46 
246007.59 
246007.71 
246007.83 
246007.95 
246008.09 
246008.23 
246008.35 
246008.48 
246008.61 
246008.74 
246008.87 
246009.00 
246009.13 
246009.26 
246009.39 
246009.53 
246009.66 
246009.79 
246009.92 
246010.04 
246010.17 
246010.30 
246010.43 
246010.56 
246010.69 
246010.82 
246010.95 
246011.08 
246011.22 
246011.36 
246011.48 
246011.61 
246011.74 
246011.86 
246011.99 
246012.12 
246012.25 
246012.38 
246012.51 
246012.63 
246012.77 
246012.90 
246013.02 
246013.15 
246013.27 
246013.41 
246013.54 
246013.67 
246013.81 
246013.94 
246014.07 
246014.20 
246014.33 
246014.47 
246014.59 
246014.71 
246014.84 
246014.97 
246015.10 
246015.23 
246015.35 
246015.48 
246015.61 
246015.74 
246015.87 
246016.00 
246016.12 
246016.25 
246016.38 
246016.51 
246016.65 
246016.78 
246016.91 
246017.03 
246017.17 
246017.30 
246017.43 
246017.56 
246017.68 
246017.81 
246017.95 
246018.09 
246018.22 
246018.34 
246018.48 
246018.62 
246018.74 
246018.88 
246019.02 
246019.15 
246019.27 
246019.40 
246019.53 
246019.66 
246019.79 
246019.92 
246020.04 
246020.17 
246020.30 
246020.42 
246020.55 
246020.68 
246020.81 
246020.94 
246021.06 
246021.19 
246021.32 
246021.45 
246021.59 
246021.72 
246021.84 
246021.97 
246022.10 
246022.23 
246022.36 
246022.49 
246022.62 
246022.77 
246022.89 
246023.02 
246023.14 
246023.27 
246023.39 
246023.51 
246023.64 
246023.77 
246023.90 
246024.02 
246024.15 
246024.28 
246024.41 
246024.54 
246024.67 
246024.80 
246024.92 
246025.05 
246025.18 
246025.31 
246025.45 
246025.58 
246025.71 
246025.83 
246025.97 
246026.10 
246026.23 
246026.35 
246026.49 
246026.62 
246026.75 
246026.88 
246027.01 
246027.13 
246027.26 
246027.39 
246027.51 
246027.64 
246027.77 
246027.90 
246028.03 
246028.15 
246028.28 
246028.41 
246028.54 
246028.67 
246028.79 
246028.92 
246029.05 
246029.18 
246029.31 
246029.44 
246029.58 
246029.71 
246029.82 
246029.94 
246030.07 
246030.20 
246030.33 
246030.46 
246030.59 
246030.72 
246030.86 
246030.99 
246031.12 
246031.26 
246031.40 
246031.52 
246031.63 
246031.75 
246031.87 
246031.99 
246032.12 
246032.24 
246032.37 
246032.49 
246032.61 
246032.74 
246032.86 
246032.98 
246033.12 
246033.24 
246033.37 
246033.51 
246033.65 
246033.77 
246033.89 
246034.01 
246034.14 
246034.26 
246034.39 
246034.52 
246034.65 
246034.78 
246034.90 
246035.03 
246035.16 
246035.30 
246035.42 
246035.55 
246035.68 
246035.81 
246035.94 
246036.06 
246036.20 
246036.33 
246036.45 
246036.57 
246036.70 
246036.82 
246036.95 
246037.08 
246037.20 
246037.33 
246037.46 
246037.58 
246037.71 
246037.85 
246037.98 
246038.12 
246038.25 
246038.38 
246038.51 
246038.65 
246038.78 
246038.91 
246039.05 
246039.18 
246039.31 
246039.43 
246039.56 
246039.69 
246039.83 
246039.95 
246040.07 
246040.20 
246040.33 
246040.45 
246040.59 
246040.71 
246040.84 
246040.97 
246041.11 
246041.24 
246041.36 
246041.50 
246041.63 
246041.75 
246041.89 
246042.02 
246042.14 
246042.27 
246042.40 
246042.53 
246042.67 
246042.81 
246042.94 
246043.07 
246043.19 
246043.32 
246043.45 
246043.58 
246043.70 
246043.83 
246043.96 
246044.09 
246044.22 
246044.34 
246044.47 
246044.61 
246044.74 
246044.87 
246045.01 
246045.13 
246045.27 
246045.40 
246045.53 
246045.66 
246045.78 
246045.91 
246046.05 
246046.19 
246046.31 
246046.45 
246046.57 
246046.71 
246046.83 
246046.95 
246047.07 
246047.20 
246047.32 
246047.46 
246047.58 
246047.72 
246047.83 
246047.96 
246048.08 
246048.21 
246048.34 
246048.47 
246048.61 
246048.74 
246048.88 
246049.00 
246049.12 
246049.25 
246049.37 
246049.50 
246049.62 
246049.76 
246049.88 
246050.01 
246050.14 
246050.26 
246050.40 
246050.53 
246050.65 
246050.78 
246050.91 
246051.05 
246051.18 
246051.31 
246051.43 
246051.56 
246051.69 
246051.82 
246051.94 
246052.07 
246052.20 
246052.33 
246052.46 
246052.59 
246052.71 
246052.84 
246052.97 
246053.10 
246053.23 
246053.36 
246053.49 
246053.62 
246053.75 
246053.88 
246054.00 
246054.13 
246054.26 
246054.39 
246054.52 
246054.65 
246054.78 
246054.91 
246055.04 
246055.16 
246055.29 
246055.42 
246055.55 
246055.68 
246055.81 
246055.94 
246056.07 
246056.20 
246056.33 
246056.45 
246056.59 
246056.71 
246056.84 
246056.97 
246057.10 
246057.23 
246057.36 
246057.49 
246057.62 
246057.75 
246057.87 
246058.00 
246058.14 
246058.27 
246058.41 
246058.53 
246058.65 
246058.78 
246058.91 
246059.04 
246059.16 
246059.29 
246059.42 
246059.56 
246059.68 
246059.81 
246059.94 
246060.07 
246060.20 
246060.32 
246060.45 
246060.58 
246060.72 
246060.84 
246060.97 
246061.10 
246061.23 
246061.37 
246061.50 
246061.62 
246061.75 
246061.88 
246062.01 
246062.14 
246062.26 
246062.40 
246062.53 
246062.65 
246062.78 
246062.91 
246063.05 
246063.18 
246063.30 
246063.43 
246063.56 
246063.69 
246063.82 
246063.95 
246064.07 
246064.20 
246064.33 
246064.46 
246064.58 
246064.71 
246064.84 
246064.97 
246065.10 
246065.23 
246065.35 
246065.48 
246065.62 
246065.74 
246065.88 
246066.00 
246066.12 
246066.24 
246066.36 
246066.49 
246066.62 
246066.75 
246066.88 
246067.01 
246067.13 
246067.27 
246067.40 
246067.52 
246067.64 
246067.77 
246067.89 
246068.01 
246068.14 
246068.27 
246068.40 
246068.54 
246068.66 
246068.79 
246068.92 
246069.05 
246069.18 
246069.31 
246069.45 
246069.58 
246069.71 
246069.83 
246069.97 
246070.10 
246070.23 
246070.36 
246070.48 
246070.62 
246070.75 
246070.88 
246071.01 
246071.14 
246071.28 
246071.40 
246071.53 
246071.66 
246071.79 
246071.92 
246072.04 
246072.17 
246072.30 
246072.43 
246072.55 
246072.68 
246072.82 
246072.94 
246073.06 
246073.19 
246073.32 
246073.45 
246073.58 
246073.71 
246073.83 
246073.96 
246074.09 
246074.22 
246074.35 
246074.48 
246074.62 
246074.74 
246074.87 
246075.00 
246075.13 
246075.27 
246075.41 
246075.55 
246075.67 
246075.81 
246075.93 
246076.06 
246076.19 
246076.33 
246076.46 
246076.58 
246076.71 
246076.85 
246076.97 
246077.10 
246077.23 
246077.35 
246077.48 
246077.61 
246077.74 
246077.85 
246077.97 
246078.09 
246078.20 
246078.33 
246078.46 
246078.59 
246078.72 
246078.86 
246079.01 
246079.13 
246079.26 
246079.39 
246079.53 
246079.65 
246079.78 
246079.90 
246080.03 
246080.15 
246080.28 
246080.40 
246080.52 
246080.64 
246080.76 
246080.89 
246081.02 
246081.14 
246081.28 
246081.40 
246081.53 
246081.66 
246081.79 
246081.92 
246082.04 
246082.17 
246082.28 
246082.41 
246082.54 
246082.68 
246082.79 
246082.92 
246083.05 
246083.18 
246083.31 
246083.43 
246083.56 
246083.69 
246083.82 
246083.95 
246084.08 
246084.21 
246084.34 
246084.47 
246084.60 
246084.72 
246084.85 
246084.99 
246085.12 
246085.24 
246085.37 
246085.51 
246085.63 
246085.77 
246085.88 
246086.01 
246086.14 
246086.26 
246086.39 
246086.53 
246086.65 
246086.78 
246086.91 
246087.03 
246087.16 
246087.29 
246087.42 
246087.54 
246087.67 
246087.81 
246087.93 
246088.06 
246088.20 
246088.33 
246088.46 
246088.58 
246088.72 
246088.85 
246088.99 
246089.13 
246089.26 
246089.39 
246089.52 
246089.65 
246089.78 
246089.91 
246090.04 
246090.17 
246090.30 
246090.42 
246090.56 
246090.68 
246090.81 
246090.94 
246091.07 
246091.19 
246091.32 
246091.45 
246091.57 
246091.69 
246091.82 
246091.94 
246092.07 
246092.21 
246092.33 
246092.46 
246092.60 
246092.72 
246092.85 
246092.98 
246093.11 
246093.24 
246093.37 
246093.51 
246093.62 
246093.74 
246093.86 
246093.99 
246094.12 
246094.25 
246094.37 
246094.50 
246094.63 
246094.75 
246094.88 
246095.01 
246095.14 
246095.27 
246095.40 
246095.53 
246095.66 
246095.78 
246095.90 
246096.03 
246096.16 
246096.28 
246096.41 
246096.54 
246096.68 
246096.81 
246096.94 
246097.08 
246097.20 
246097.32 
246097.45 
246097.57 
246097.71 
246097.84 
246097.96 
246098.10 
246098.22 
246098.34 
246098.49 
246098.60 
246098.73 
246098.86 
246098.99 
246099.12 
246099.24 
246099.37 
246099.50 
246099.63 
246099.75 
246099.88 
246100.01 
246100.14 
246100.27 
246100.40 
246100.53 
246100.66 
246100.78 
246100.92 
246101.05 
246101.17 
246101.30 
246101.43 
246101.56 
246101.69 
246101.82 
246101.94 
246102.09 
246102.20 
246102.33 
246102.46 
246102.59 
246102.73 
246102.86 
246102.99 
246103.12 
246103.25 
246103.37 
246103.50 
246103.62 
246103.75 
246103.89 
246104.02 
246104.15 
246104.28 
246104.42 
246104.54 
246104.67 
246104.79 
246104.92 
246105.05 
246105.18 
246105.31 
246105.44 
246105.58 
246105.70 
246105.83 
246105.96 
246106.09 
246106.22 
246106.36 
246106.47 
246106.60 
246106.72 
246106.86 
246106.98 
246107.11 
246107.24 
246107.37 
246107.50 
246107.62 
246107.75 
246107.88 
246108.01 
246108.14 
246108.27 
246108.41 
246108.53 
246108.66 
246108.78 
246108.91 
246109.04 
246109.17 
246109.29 
246109.42 
246109.55 
246109.68 
246109.80 
246109.93 
246110.06 
246110.19 
246110.31 
246110.44 
246110.57 
246110.70 
246110.82 
246110.95 
246111.09 
246111.21 
246111.34 
246111.46 
246111.60 
246111.73 
246111.86 
246111.99 
246112.12 
246112.25 
246112.38 
246112.50 
246112.63 
246112.76 
246112.89 
246113.01 
246113.15 
246113.27 
246113.40 
246113.53 
246113.66 
246113.78 
246113.91 
246114.04 
246114.17 
246114.30 
246114.42 
246114.56 
246114.68 
246114.81 
246114.94 
246115.07 
246115.20 
246115.33 
246115.46 
246115.59 
246115.72 
246115.85 
246115.99 
246116.11 
246116.24 
246116.37 
246116.49 
246116.62 
246116.74 
246116.87 
246117.00 
246117.13 
246117.26 
246117.38 
246117.51 
246117.64 
246117.77 
246117.91 
246118.04 
246118.17 
246118.30 
246118.42 
246118.55 
246118.68 
246118.81 
246118.94 
246119.07 
246119.20 
246119.33 
246119.46 
246119.59 
246119.72 
246119.85 
246119.98 
246120.10 
246120.23 
246120.36 
246120.48 
246120.61 
246120.74 
246120.89 
246121.01 
246121.13 
246121.26 
246121.38 
246121.50 
246121.63 
246121.76 
246121.90 
246122.04 
246122.17 
246122.30 
246122.42 
246122.56 
246122.68 
246122.81 
246122.94 
246123.07 
246123.20 
246123.33 
246123.45 
246123.58 
246123.72 
246123.84 
246123.97 
246124.10 
246124.24 
246124.36 
246124.48 
246124.60 
246124.73 
246124.86 
246124.99 
246125.12 
246125.24 
246125.37 
246125.50 
246125.62 
246125.75 
246125.88 
246126.01 
246126.14 
246126.26 
246126.39 
246126.52 
246126.65 
246126.78 
246126.91 
246127.03 
246127.16 
246127.29 
246127.42 
246127.54 
246127.67 
246127.81 
246127.94 
246128.09 
246128.22 
246128.35 
246128.48 
246128.60 
246128.73 
246128.85 
246128.98 
246129.10 
246129.25 
246129.37 
246129.50 
246129.62 
246129.75 
246129.90 
246130.02 
246130.15 
246130.27 
246130.40 
246130.52 
246130.64 
246130.77 
246130.90 
246131.02 
246131.15 
246131.27 
246131.40 
246131.52 
246131.65 
246131.78 
246131.90 
246132.02 
246132.15 
246132.28 
246132.40 
246132.53 
246132.65 
246132.78 
246132.90 
246133.02 
246133.14 
246133.27 
246133.41 
246133.53 
246133.65 
246133.77 
246133.90 
246134.02 
246134.15 
246134.28 
246134.41 
246134.54 
246134.67 
246134.79 
246134.92 
246135.05 
246135.18 
246135.31 
246135.44 
246135.58 
246135.71 
246135.84 
246135.97 
246136.11 
246136.23 
246136.35 
246136.47 
246136.60 
246136.74 
246136.86 
246136.99 
246137.11 
246137.24 
246137.37 
246137.50 
246137.62 
246137.75 
246137.87 
246138.00 
246138.13 
246138.25 
246138.38 
246138.51 
246138.64 
246138.77 
246138.91 
246139.04 
246139.16 
246139.28 
246139.41 
246139.53 
246139.66 
246139.79 
246139.90 
246140.02 
246140.14 
246140.26 
246140.38 
246140.53 
246140.65 
246140.77 
246140.92 
246141.05 
246141.17 
246141.29 
246141.40 
246141.53 
246141.66 
246141.78 
246141.91 
246142.04 
246142.17 
246142.30 
246142.43 
246142.55 
246142.68 
246142.81 
246142.94 
246143.08 
246143.21 
246143.34 
246143.47 
246143.59 
246143.73 
246143.85 
246143.98 
246144.10 
246144.23 
246144.36 
246144.49 
246144.62 
246144.74 
246144.87 
246145.00 
246145.13 
246145.26 
246145.38 
246145.51 
246145.64 
246145.77 
246145.90 
246146.03 
246146.15 
246146.28 
246146.42 
246146.56 
246146.68 
246146.81 
246146.93 
246147.07 
246147.19 
246147.32 
246147.45 
246147.58 
246147.71 
246147.85 
246147.98 
246148.11 
246148.23 
246148.37 
246148.50 
246148.64 
246148.76 
246148.89 
246149.03 
246149.16 
246149.29 
246149.42 
246149.55 
246149.68 
246149.81 
246149.94 
246150.08 
246150.20 
246150.33 
246150.46 
246150.58 
246150.72 
246150.86 
246150.99 
246151.12 
246151.25 
246151.39 
246151.53 
246151.66 
246151.79 
246151.92 
246152.04 
246152.17 
246152.30 
246152.42 
246152.55 
246152.68 
246152.82 
246152.95 
246153.08 
246153.22 
246153.34 
246153.48 
246153.61 
246153.74 
246153.86 
246153.99 
246154.12 
246154.25 
246154.39 
246154.52 
246154.65 
246154.77 
246154.90 
246155.03 
246155.16 
246155.29 
246155.40 
246155.52 
246155.64 
246155.77 
246155.89 
246156.02 
246156.15 
246156.28 
246156.41 
246156.54 
246156.66 
246156.79 
246156.92 
246157.05 
246157.18 
246157.31 
246157.44 
246157.57 
246157.69 
246157.82 
246157.95 
246158.08 
246158.22 
246158.35 
246158.48 
246158.61 
246158.75 
246158.88 
246159.01 
246159.14 
246159.27 
246159.41 
246159.53 
246159.65 
246159.78 
246159.91 
246160.04 
246160.17 
246160.30 
246160.44 
246160.56 
246160.69 
246160.82 
246160.95 
246161.09 
246161.21 
246161.34 
246161.47 
246161.61 
246161.74 
246161.86 
246162.00 
246162.13 
246162.26 
246162.39 
246162.51 
246162.64 
246162.78 
246162.91 
246163.04 
246163.17 
246163.30 
246163.42 
246163.55 
246163.68 
246163.81 
246163.94 
246164.06 
246164.19 
246164.32 
246164.46 
246164.58 
246164.71 
246164.84 
246164.97 
246165.09 
246165.23 
246165.35 
246165.48 
246165.60 
246165.73 
246165.86 
246165.98 
246166.11 
246166.25 
246166.38 
246166.51 
246166.65 
246166.76 
246166.89 
246167.02 
246167.15 
246167.28 
246167.41 
246167.53 
246167.66 
246167.79 
246167.92 
246168.04 
246168.17 
246168.30 
246168.43 
246168.56 
246168.69 
246168.82 
246168.94 
246169.08 
246169.21 
246169.34 
246169.47 
246169.59 
246169.72 
246169.85 
246169.98 
246170.10 
246170.23 
246170.36 
246170.49 
246170.62 
246170.76 
246170.89 
246171.01 
246171.13 
246171.26 
246171.39 
246171.52 
246171.66 
246171.79 
246171.92 
246172.05 
246172.17 
246172.30 
246172.43 
246172.57 
246172.71 
246172.83 
246172.95 
246173.08 
246173.21 
246173.34 
246173.47 
246173.60 
246173.72 
246173.85 
246173.99 
246174.13 
246174.25 
246174.38 
246174.50 
246174.63 
246174.75 
246174.87 
246175.00 
246175.13 
246175.26 
246175.38 
246175.51 
246175.64 
246175.77 
246175.90 
246176.03 
246176.16 
246176.29 
246176.42 
246176.55 
246176.68 
246176.81 
246176.94 
246177.08 
246177.22 
246177.34 
246177.46 
246177.58 
246177.70 
246177.83 
246177.96 
246178.09 
246178.22 
246178.35 
246178.48 
246178.61 
246178.74 
246178.86 
246179.00 
246179.13 
246179.26 
246179.39 
246179.52 
246179.64 
246179.77 
246179.90 
246180.04 
246180.17 
246180.30 
246180.43 
246180.56 
246180.68 
246180.81 
246180.94 
246181.07 
246181.19 
246181.32 
246181.45 
246181.58 
246181.71 
246181.84 
246181.97 
246182.10 
246182.23 
246182.37 
246182.50 
246182.63 
246182.76 
246182.90 
246183.02 
246183.15 
246183.28 
246183.40 
246183.53 
246183.67 
246183.79 
246183.92 
246184.04 
246184.16 
246184.28 
246184.42 
246184.54 
246184.66 
246184.79 
246184.92 
246185.05 
246185.18 
246185.32 
246185.45 
246185.58 
246185.71 
246185.84 
246185.97 
246186.10 
246186.23 
246186.35 
246186.47 
246186.60 
246186.72 
246186.84 
246186.97 
246187.10 
246187.23 
246187.38 
246187.50 
246187.63 
246187.75 
246187.89 
246188.02 
246188.14 
246188.28 
246188.40 
246188.53 
246188.67 
246188.80 
246188.94 
246189.07 
246189.20 
246189.32 
246189.45 
246189.58 
246189.70 
246189.83 
246189.96 
246190.09 
246190.22 
246190.35 
246190.47 
246190.60 
246190.73 
246190.86 
246190.99 
246191.11 
246191.25 
246191.37 
246191.51 
246191.64 
246191.77 
246191.90 
246192.04 
246192.15 
246192.29 
246192.41 
246192.54 
246192.66 
246192.79 
246192.92 
246193.05 
246193.18 
246193.31 
246193.44 
246193.56 
246193.69 
246193.82 
246193.94 
246194.07 
246194.20 
246194.33 
246194.46 
246194.60 
246194.72 
246194.84 
246194.97 
246195.09 
246195.22 
246195.34 
246195.46 
246195.59 
246195.72 
246195.84 
246195.97 
246196.10 
246196.23 
246196.35 
246196.48 
246196.61 
246196.73 
246196.86 
246196.98 
246197.11 
246197.23 
246197.36 
246197.49 
246197.61 
246197.74 
246197.86 
246197.99 
246198.12 
246198.25 
246198.37 
246198.49 
246198.62 
246198.75 
246198.87 
246199.00 
246199.13 
246199.25 
246199.38 
246199.51 
246199.63 
246199.76 
246199.88 
246200.01 
246200.14 
246200.26 
246200.39 
246200.52 
246200.65 
246200.77 
246200.90 
246201.02 
246201.15 
246201.27 
246201.40 
246201.53 
246201.65 
246201.77 
246201.90 
246202.03 
246202.15 
246202.27 
246202.40 
246202.53 
246202.66 
246202.78 
246202.91 
246203.04 
246203.17 
246203.30 
246203.44 
246203.56 
246203.69 
246203.82 
246203.96 
246204.07 
246204.20 
246204.33 
246204.46 
246204.60 
246204.72 
246204.84 
246204.98 
246205.11 
246205.24 
246205.37 
246205.50 
246205.63 
246205.76 
246205.89 
246206.02 
246206.16 
246206.28 
246206.40 
246206.54 
246206.67 
246206.80 
246206.94 
246207.07 
246207.20 
246207.33 
246207.46 
246207.59 
246207.71 
246207.84 
246207.97 
246208.11 
246208.24 
246208.37 
246208.50 
246208.63 
246208.75 
246208.88 
246209.02 
246209.16 
246209.28 
246209.40 
246209.53 
246209.66 
246209.78 
246209.91 
246210.04 
246210.17 
246210.29 
246210.42 
246210.55 
246210.68 
246210.80 
246210.93 
246211.06 
246211.18 
246211.31 
246211.44 
246211.57 
246211.70 
246211.83 
246211.95 
246212.08 
246212.23 
246212.35 
246212.48 
246212.61 
246212.75 
246212.87 
246213.01 
246213.14 
246213.27 
246213.40 
246213.54 
246213.68 
246213.82 
246213.96 
246214.08 
246214.20 
246214.33 
246214.45 
246214.58 
246214.70 
246214.83 
246214.95 
246215.07 
246215.20 
246215.31 
246215.43 
246215.57 
246215.69 
246215.82 
246215.95 
246216.08 
246216.22 
246216.36 
246216.48 
246216.60 
246216.72 
246216.85 
246216.99 
246217.11 
246217.24 
246217.36 
246217.47 
246217.60 
246217.73 
246217.87 
246218.00 
246218.12 
246218.25 
246218.38 
246218.51 
246218.64 
246218.77 
246218.89 
246219.02 
246219.15 
246219.29 
246219.43 
246219.57 
246219.69 
246219.82 
246219.94 
246220.07 
246220.20 
246220.32 
246220.45 
246220.57 
246220.69 
246220.82 
246220.95 
246221.08 
246221.21 
246221.34 
246221.47 
246221.59 
246221.72 
246221.85 
246221.98 
246222.11 
246222.24 
246222.35 
246222.49 
246222.62 
246222.77 
246222.90 
246223.02 
246223.13 
246223.26 
246223.39 
246223.51 
246223.64 
246223.77 
246223.90 
246224.04 
246224.17 
246224.30 
246224.43 
246224.57 
246224.69 
246224.82 
246224.94 
246225.07 
246225.20 
246225.32 
246225.45 
246225.58 
246225.71 
246225.84 
246225.98 
246226.11 
246226.24 
246226.38 
246226.51 
246226.62 
246226.74 
246226.87 
246227.00 
246227.13 
246227.26 
246227.39 
246227.52 
246227.65 
246227.77 
246227.90 
246228.03 
246228.16 
246228.28 
246228.41 
246228.54 
246228.68 
246228.82 
246228.96 
246229.10 
246229.23 
246229.35 
246229.48 
246229.62 
246229.74 
246229.87 
246229.99 
246230.12 
246230.25 
246230.38 
246230.51 
246230.63 
246230.76 
246230.88 
246231.01 
246231.14 
246231.26 
246231.41 
246231.54 
246231.67 
246231.79 
246231.92 
246232.05 
246232.18 
246232.31 
246232.44 
246232.56 
246232.68 
246232.80 
246232.93 
246233.06 
246233.20 
246233.34 
246233.46 
246233.60 
246233.74 
246233.87 
246234.00 
246234.12 
246234.25 
246234.38 
246234.51 
246234.63 
246234.76 
246234.89 
246235.02 
246235.14 
246235.28 
246235.40 
246235.53 
246235.66 
246235.78 
246235.92 
246236.06 
246236.19 
246236.31 
246236.44 
246236.56 
246236.69 
246236.82 
246236.96 
246237.09 
246237.21 
246237.34 
246237.47 
246237.59 
246237.72 
246237.85 
246237.98 
246238.10 
246238.23 
246238.36 
246238.50 
246238.62 
246238.74 
246238.87 
246238.99 
246239.12 
246239.25 
246239.38 
246239.52 
246239.65 
246239.78 
246239.92 
246240.04 
246240.17 
246240.30 
246240.43 
246240.55 
246240.69 
246240.82 
246240.95 
246241.08 
246241.20 
246241.33 
246241.46 
246241.59 
246241.72 
246241.85 
246241.98 
246242.11 
246242.24 
246242.37 
246242.50 
246242.63 
246242.76 
246242.89 
246243.02 
246243.15 
246243.27 
246243.40 
246243.53 
246243.66 
246243.79 
246243.91 
246244.04 
246244.17 
246244.30 
246244.44 
246244.56 
246244.68 
246244.82 
246244.94 
246245.06 
246245.20 
246245.32 
246245.45 
246245.58 
246245.71 
246245.85 
246245.97 
246246.09 
246246.22 
246246.34 
246246.47 
246246.60 
246246.73 
246246.85 
246246.98 
246247.11 
246247.24 
246247.37 
246247.49 
246247.63 
246247.75 
246247.88 
246248.02 
246248.15 
246248.27 
246248.39 
246248.51 
246248.63 
246248.76 
246248.89 
246249.02 
246249.14 
246249.27 
246249.40 
246249.53 
246249.66 
246249.79 
246249.93 
246250.06 
246250.18 
246250.32 
246250.46 
246250.57 
246250.70 
246250.82 
246250.96 
246251.08 
246251.21 
246251.34 
246251.47 
246251.59 
246251.72 
246251.84 
246251.97 
246252.11 
246252.24 
246252.36 
246252.49 
246252.62 
246252.74 
246252.87 
246253.00 
246253.13 
246253.26 
246253.39 
246253.52 
246253.64 
246253.77 
246253.90 
246254.03 
246254.16 
246254.29 
246254.43 
246254.55 
246254.68 
246254.82 
246254.95 
246255.08 
246255.20 
246255.33 
246255.45 
246255.58 
246255.70 
246255.83 
246255.96 
246256.09 
246256.22 
246256.35 
246256.48 
246256.61 
246256.75 
246256.87 
246257.01 
246257.13 
246257.27 
246257.41 
246257.55 
246257.68 
246257.81 
246257.94 
246258.06 
246258.19 
246258.31 
246258.44 
246258.57 
246258.69 
246258.82 
246258.94 
246259.07 
246259.19 
246259.32 
246259.45 
246259.57 
246259.70 
246259.82 
246259.95 
246260.07 
246260.20 
246260.33 
246260.45 
246260.58 
246260.70 
246260.83 
246260.96 
246261.08 
246261.21 
246261.34 
246261.46 
246261.60 
246261.73 
246261.86 
246261.98 
246262.11 
246262.24 
246262.37 
246262.49 
246262.62 
246262.75 
246262.87 
246263.00 
246263.13 
246263.26 
246263.38 
246263.51 
246263.63 
246263.74 
246263.87 
246263.99 
246264.12 
246264.25 
246264.37 
246264.50 
246264.62 
246264.75 
246264.88 
246265.00 
246265.12 
246265.25 
246265.37 
246265.50 
246265.62 
246265.75 
246265.89 
246266.02 
246266.14 
246266.27 
246266.40 
246266.53 
246266.66 
246266.78 
246266.91 
246267.03 
246267.16 
246267.29 
246267.42 
246267.54 
246267.67 
246267.79 
246267.91 
246268.04 
246268.17 
246268.29 
246268.42 
246268.55 
246268.68 
246268.81 
246268.94 
246269.06 
246269.19 
246269.32 
246269.47 
246269.59 
246269.73 
246269.85 
246269.98 
246270.10 
246270.24 
246270.36 
246270.50 
246270.64 
246270.76 
246270.89 
246271.02 
246271.15 
246271.27 
246271.40 
246271.53 
246271.65 
246271.78 
246271.90 
246272.03 
246272.16 
246272.30 
246272.43 
246272.56 
246272.70 
246272.83 
246272.96 
246273.09 
246273.22 
246273.35 
246273.48 
246273.61 
246273.74 
246273.87 
246274.00 
246274.14 
246274.25 
246274.38 
246274.52 
246274.65 
246274.78 
246274.91 
246275.03 
246275.16 
246275.30 
246275.42 
246275.55 
246275.67 
246275.80 
246275.93 
246276.06 
246276.19 
246276.33 
246276.46 
246276.59 
246276.71 
246276.84 
246276.97 
246277.10 
246277.22 
246277.35 
246277.47 
246277.60 
246277.73 
246277.86 
246277.99 
246278.12 
246278.25 
246278.38 
246278.51 
246278.64 
246278.77 
246278.89 
246279.02 
246279.14 
246279.26 
246279.39 
246279.51 
246279.64 
246279.77 
246279.90 
246280.02 
246280.15 
246280.28 
246280.41 
246280.54 
246280.66 
246280.79 
246280.92 
246281.05 
246281.17 
246281.30 
246281.43 
246281.55 
246281.68 
246281.81 
246281.93 
246282.06 
246282.18 
246282.30 
246282.43 
246282.56 
246282.69 
246282.82 
246282.95 
246283.07 
246283.20 
246283.33 
246283.46 
246283.59 
246283.72 
246283.84 
246283.97 
246284.10 
246284.22 
246284.35 
246284.47 
246284.60 
246284.73 
246284.86 
246284.99 
246285.12 
246285.24 
246285.37 
246285.50 
246285.62 
246285.75 
246285.87 
246286.00 
246286.13 
246286.25 
246286.38 
246286.50 
246286.63 
246286.75 
246286.88 
246287.00 
246287.13 
246287.25 
246287.38 
246287.51 
246287.65 
246287.78 
246287.90 
246288.05 
246288.17 
246288.30 
246288.43 
246288.56 
246288.69 
246288.81 
246288.92 
246289.05 
246289.18 
246289.31 
246289.44 
246289.57 
246289.70 
246289.84 
246289.96 
246290.09 
246290.22 
246290.35 
246290.48 
246290.60 
246290.73 
246290.87 
246290.99 
246291.12 
246291.25 
246291.38 
246291.51 
246291.64 
246291.77 
246291.90 
246292.01 
246292.14 
246292.29 
246292.41 
246292.53 
246292.64 
246292.78 
246292.89 
246293.00 
246293.14 
246293.26 
246293.39 
246293.52 
246293.64 
246293.78 
246293.91 
246294.03 
246294.15 
246294.27 
246294.39 
246294.51 
246294.63 
246294.77 
246294.90 
246295.02 
246295.15 
246295.29 
246295.42 
246295.56 
246295.70 
246295.82 
246295.95 
246296.08 
246296.21 
246296.33 
246296.46 
246296.59 
246296.71 
246296.85 
246296.97 
246297.10 
246297.23 
246297.35 
246297.49 
246297.61 
246297.75 
246297.87 
246298.00 
246298.13 
246298.25 
246298.38 
246298.51 
246298.64 
246298.76 
246298.90 
246299.03 
246299.15 
246299.28 
246299.40 
246299.54 
246299.67 
246299.79 
246299.92 
246300.05 
246300.17 
246300.30 
246300.43 
246300.56 
246300.68 
246300.82 
246300.94 
246301.07 
246301.19 
246301.33 
246301.47 
246301.61 
246301.74 
246301.87 
246302.00 
246302.12 
246302.25 
246302.38 
246302.51 
246302.64 
246302.76 
246302.89 
246303.02 
246303.15 
246303.27 
246303.40 
246303.54 
246303.67 
246303.79 
246303.92 
246304.04 
246304.18 
246304.30 
246304.43 
246304.56 
246304.68 
246304.82 
246304.94 
246305.07 
246305.19 
246305.33 
246305.45 
246305.58 
246305.71 
246305.84 
246305.96 
246306.10 
246306.22 
246306.35 
246306.48 
246306.61 
246306.73 
246306.86 
246306.99 
246307.11 
246307.24 
246307.38 
246307.50 
246307.63 
246307.76 
246307.88 
246308.02 
246308.14 
246308.27 
246308.39 
246308.53 
246308.67 
246308.80 
246308.94 
246309.07 
246309.21 
246309.34 
246309.47 
246309.60 
246309.73 
246309.85 
246309.98 
246310.11 
246310.24 
246310.36 
246310.50 
246310.62 
246310.75 
246310.87 
246311.01 
246311.13 
246311.26 
246311.40 
246311.54 
246311.66 
246311.79 
246311.93 
246312.06 
246312.18 
246312.32 
246312.44 
246312.57 
246312.71 
246312.83 
246312.95 
246313.07 
246313.20 
246313.32 
246313.44 
246313.57 
246313.70 
246313.83 
246313.96 
246314.09 
246314.21 
246314.34 
246314.47 
246314.60 
246314.73 
246314.86 
246314.98 
246315.12 
246315.24 
246315.38 
246315.50 
246315.62 
246315.74 
246315.87 
246316.00 
246316.13 
246316.25 
246316.38 
246316.50 
246316.63 
246316.76 
246316.88 
246317.01 
246317.13 
246317.25 
246317.38 
246317.50 
246317.62 
246317.75 
246317.87 
246318.00 
246318.13 
246318.25 
246318.38 
246318.51 
246318.63 
246318.78 
246318.90 
246319.03 
246319.15 
246319.28 
246319.40 
246319.52 
246319.65 
246319.78 
246319.90 
246320.03 
246320.15 
246320.28 
246320.40 
246320.52 
246320.65 
246320.77 
246320.89 
246321.03 
246321.15 
246321.28 
246321.40 
246321.54 
246321.66 
246321.79 
246321.92 
246322.05 
246322.17 
246322.30 
246322.42 
246322.55 
246322.67 
246322.80 
246322.92 
246323.05 
246323.17 
246323.29 
246323.41 
246323.54 
246323.66 
246323.79 
246323.91 
246324.04 
246324.16 
246324.28 
246324.42 
246324.54 
246324.67 
246324.80 
246324.93 
246325.06 
246325.18 
246325.31 
246325.43 
246325.56 
246325.69 
246325.81 
246325.94 
246326.06 
246326.19 
246326.32 
246326.45 
246326.58 
246326.71 
246326.84 
246326.96 
246327.09 
246327.22 
246327.35 
246327.50 
246327.62 
246327.75 
246327.88 
246328.00 
246328.14 
246328.27 
246328.39 
246328.52 
246328.65 
246328.78 
246328.91 
246329.02 
246329.14 
246329.26 
246329.38 
246329.51 
246329.63 
246329.76 
246329.89 
246330.02 
246330.14 
246330.28 
246330.41 
246330.55 
246330.67 
246330.79 
246330.92 
246331.05 
246331.18 
246331.30 
246331.43 
246331.57 
246331.70 
246331.83 
246331.95 
246332.07 
246332.20 
246332.33 
246332.46 
246332.58 
246332.71 
246332.83 
246332.95 
246333.08 
246333.21 
246333.33 
246333.45 
246333.58 
246333.71 
246333.83 
246333.96 
246334.08 
246334.20 
246334.33 
246334.45 
246334.58 
246334.70 
246334.83 
246334.95 
246335.09 
246335.21 
246335.34 
246335.48 
246335.60 
246335.73 
246335.85 
246335.98 
246336.11 
246336.24 
246336.36 
246336.50 
246336.63 
246336.75 
246336.88 
246337.00 
246337.12 
246337.25 
246337.38 
246337.50 
246337.62 
246337.75 
246337.87 
246338.00 
246338.12 
246338.24 
246338.37 
246338.51 
246338.64 
246338.77 
246338.91 
246339.03 
246339.17 
246339.30 
246339.43 
246339.56 
246339.69 
246339.82 
246339.94 
246340.08 
246340.21 
246340.35 
246340.47 
246340.60 
246340.73 
246340.86 
246340.98 
246341.12 
246341.25 
246341.37 
246341.50 
246341.63 
246341.76 
246341.88 
246342.01 
246342.14 
246342.27 
246342.39 
246342.52 
246342.65 
246342.78 
246342.91 
246343.03 
246343.16 
246343.30 
246343.42 
246343.54 
246343.67 
246343.79 
246343.92 
246344.05 
246344.19 
246344.32 
246344.45 
246344.57 
246344.70 
246344.82 
246344.96 
246345.09 
246345.21 
246345.32 
246345.45 
246345.58 
246345.71 
246345.83 
246345.96 
246346.09 
246346.21 
246346.35 
246346.48 
246346.61 
246346.73 
246346.86 
246346.99 
246347.12 
246347.25 
246347.38 
246347.51 
246347.63 
246347.76 
246347.88 
246348.02 
246348.14 
246348.28 
246348.41 
246348.54 
246348.67 
246348.80 
246348.93 
246349.07 
246349.19 
246349.33 
246349.45 
246349.58 
246349.71 
246349.83 
246349.95 
246350.08 
246350.22 
246350.35 
246350.48 
246350.61 
246350.73 
246350.87 
246351.00 
246351.13 
246351.25 
246351.38 
246351.50 
246351.63 
246351.76 
246351.90 
246352.03 
246352.15 
246352.29 
246352.41 
246352.54 
246352.67 
246352.80 
246352.93 
246353.06 
246353.20 
246353.33 
246353.45 
246353.58 
246353.70 
246353.83 
246353.95 
246354.08 
246354.21 
246354.34 
246354.47 
246354.60 
246354.73 
246354.86 
246354.99 
246355.12 
246355.24 
246355.37 
246355.50 
246355.63 
246355.75 
246355.88 
246356.01 
246356.14 
246356.26 
246356.39 
246356.52 
246356.65 
246356.78 
246356.91 
246357.03 
246357.16 
246357.28 
246357.41 
246357.54 
246357.67 
246357.80 
246357.93 
246358.06 
246358.19 
246358.33 
246358.45 
246358.58 
246358.70 
246358.83 
246358.96 
246359.10 
246359.22 
246359.35 
246359.48 
246359.61 
246359.74 
246359.87 
246360.01 
246360.13 
246360.27 
246360.38 
246360.51 
246360.65 
246360.79 
246360.91 
246361.03 
246361.17 
246361.30 
246361.44 
246361.56 
246361.70 
246361.84 
246361.96 
246362.10 
246362.23 
246362.35 
246362.48 
246362.61 
246362.73 
246362.87 
246363.00 
246363.13 
246363.26 
246363.38 
246363.51 
246363.63 
246363.76 
246363.88 
246364.01 
246364.13 
246364.26 
246364.38 
246364.51 
246364.63 
246364.76 
246364.88 
246365.01 
246365.14 
246365.26 
246365.39 
246365.51 
246365.64 
246365.76 
246365.89 
246366.02 
246366.15 
246366.27 
246366.39 
246366.52 
246366.64 
246366.77 
246366.89 
246367.01 
246367.14 
246367.26 
246367.39 
246367.52 
246367.65 
246367.77 
246367.89 
246368.02 
246368.14 
246368.27 
246368.39 
246368.52 
246368.64 
246368.77 
246368.90 
246369.04 
246369.16 
246369.29 
246369.42 
246369.55 
246369.69 
246369.81 
246369.94 
246370.07 
246370.20 
246370.32 
246370.46 
246370.59 
246370.72 
246370.85 
246370.97 
246371.11 
246371.25 
246371.37 
246371.50 
246371.63 
246371.75 
246371.88 
246372.02 
246372.15 
246372.28 
246372.41 
246372.54 
246372.67 
246372.80 
246372.93 
246373.06 
246373.19 
246373.32 
246373.44 
246373.57 
246373.70 
246373.83 
246373.95 
246374.08 
246374.21 
246374.34 
246374.47 
246374.59 
246374.71 
246374.84 
246374.97 
246375.11 
246375.22 
246375.35 
246375.48 
246375.59 
246375.72 
246375.84 
246375.96 
246376.09 
246376.21 
246376.34 
246376.48 
246376.61 
246376.74 
246376.87 
246377.00 
246377.13 
246377.25 
246377.38 
246377.51 
246377.64 
246377.77 
246377.89 
246378.02 
246378.15 
246378.28 
246378.41 
246378.54 
246378.67 
246378.80 
246378.94 
246379.07 
246379.20 
246379.32 
246379.45 
246379.57 
246379.70 
246379.83 
246379.95 
246380.07 
246380.20 
246380.33 
246380.46 
246380.58 
246380.70 
246380.83 
246380.96 
246381.08 
246381.21 
246381.34 
246381.46 
246381.59 
246381.72 
246381.85 
246381.97 
246382.10 
246382.23 
246382.35 
246382.48 
246382.61 
246382.74 
246382.87 
246382.99 
246383.12 
246383.25 
246383.38 
246383.50 
246383.62 
246383.75 
246383.88 
246384.02 
246384.15 
246384.28 
246384.41 
246384.53 
246384.66 
246384.79 
246384.91 
246385.04 
246385.16 
246385.28 
246385.41 
246385.54 
246385.66 
246385.79 
246385.92 
246386.04 
246386.17 
246386.30 
246386.42 
246386.55 
246386.68 
246386.80 
246386.93 
246387.05 
246387.18 
246387.30 
246387.43 
246387.56 
246387.68 
246387.81 
246387.93 
246388.06 
246388.19 
246388.31 
246388.44 
246388.56 
246388.69 
246388.82 
246388.95 
246389.07 
246389.20 
246389.32 
246389.45 
246389.57 
246389.70 
246389.82 
246389.95 
246390.08 
246390.21 
246390.34 
246390.46 
246390.58 
246390.71 
246390.83 
246390.96 
246391.08 
246391.20 
246391.32 
246391.45 
246391.57 
246391.69 
246391.82 
246391.94 
246392.07 
246392.19 
246392.32 
246392.45 
246392.57 
246392.69 
246392.82 
246392.94 
246393.07 
246393.20 
246393.32 
246393.45 
246393.57 
246393.70 
246393.82 
246393.95 
246394.08 
246394.20 
246394.33 
246394.45 
246394.59 
246394.72 
246394.84 
246394.97 
246395.09 
246395.21 
246395.33 
246395.46 
246395.60 
246395.73 
246395.85 
246395.98 
246396.12 
246396.24 
246396.37 
246396.49 
246396.62 
246396.74 
246396.87 
246397.00 
246397.12 
246397.25 
246397.37 
246397.50 
246397.63 
246397.75 
246397.88 
246398.01 
246398.14 
246398.26 
246398.39 
246398.51 
246398.64 
246398.76 
246398.89 
246399.01 
246399.14 
246399.26 
246399.39 
246399.51 
246399.64 
246399.76 
246399.89 
246400.01 
246400.14 
246400.26 
246400.39 
246400.51 
246400.64 
246400.76 
246400.89 
246401.01 
246401.14 
246401.26 
246401.39 
246401.52 
246401.64 
246401.78 
246401.90 
246402.03 
246402.16 
246402.29 
246402.42 
246402.54 
246402.68 
246402.80 
246402.93 
246403.05 
246403.18 
246403.30 
246403.43 
246403.55 
246403.68 
246403.79 
246403.91 
246404.03 
246404.15 
246404.28 
246404.41 
246404.54 
246404.68 
246404.81 
246404.93 
246405.07 
246405.19 
246405.32 
246405.44 
246405.56 
246405.69 
246405.82 
246405.95 
246406.08 
246406.21 
246406.34 
246406.46 
246406.60 
246406.72 
246406.84 
246406.97 
246407.10 
246407.23 
246407.35 
246407.48 
246407.61 
246407.74 
246407.88 
246408.00 
246408.13 
246408.26 
246408.39 
246408.51 
246408.64 
246408.76 
246408.90 
246409.03 
246409.16 
246409.28 
246409.41 
246409.54 
246409.67 
246409.80 
246409.93 
246410.05 
246410.19 
246410.31 
246410.44 
246410.57 
246410.69 
246410.82 
246410.95 
246411.08 
246411.21 
246411.34 
246411.47 
246411.59 
246411.72 
246411.85 
246411.98 
246412.12 
246412.24 
246412.38 
246412.50 
246412.64 
246412.77 
246412.91 
246413.03 
246413.16 
246413.29 
246413.42 
246413.55 
246413.68 
246413.80 
246413.93 
246414.06 
246414.18 
246414.31 
246414.44 
246414.57 
246414.70 
246414.82 
246414.95 
246415.08 
246415.22 
246415.34 
246415.47 
246415.60 
246415.74 
246415.86 
246415.99 
246416.12 
246416.24 
246416.37 
246416.50 
246416.62 
246416.75 
246416.89 
246417.02 
246417.14 
246417.27 
246417.40 
246417.53 
246417.66 
246417.79 
246417.93 
246418.05 
246418.19 
246418.32 
246418.45 
246418.57 
246418.69 
246418.82 
246418.95 
246419.08 
246419.21 
246419.34 
246419.47 
246419.60 
246419.73 
246419.85 
246419.98 
246420.11 
246420.24 
246420.37 
246420.49 
246420.62 
246420.75 
246420.89 
246421.02 
246421.15 
246421.27 
246421.40 
246421.54 
246421.66 
246421.78 
246421.91 
246422.04 
246422.16 
246422.28 
246422.40 
246422.53 
246422.66 
246422.79 
246422.92 
246423.05 
246423.18 
246423.31 
246423.43 
246423.56 
246423.69 
246423.82 
246423.94 
246424.08 
246424.21 
246424.35 
246424.48 
246424.61 
246424.74 
246424.87 
246425.01 
246425.13 
246425.27 
246425.40 
246425.53 
246425.66 
246425.81 
246425.94 
246426.07 
246426.20 
246426.33 
246426.46 
246426.59 
246426.72 
246426.85 
246426.98 
246427.11 
246427.24 
246427.37 
246427.50 
246427.62 
246427.76 
246427.89 
246428.01 
246428.14 
246428.27 
246428.39 
246428.52 
246428.65 
246428.78 
246428.91 
246429.05 
246429.18 
246429.31 
246429.43 
246429.57 
246429.69 
246429.82 
246429.95 
246430.09 
246430.22 
246430.36 
246430.48 
246430.61 
246430.74 
246430.87 
246430.99 
246431.12 
246431.24 
246431.37 
246431.50 
246431.64 
246431.77 
246431.90 
246432.02 
246432.16 
246432.29 
246432.42 
246432.55 
246432.68 
246432.81 
246432.94 
246433.08 
246433.21 
246433.33 
246433.47 
246433.60 
246433.72 
246433.85 
246433.98 
246434.10 
246434.23 
246434.35 
246434.48 
246434.61 
246434.73 
246434.85 
246434.98 
246435.11 
246435.24 
246435.36 
246435.48 
246435.61 
246435.73 
246435.85 
246435.98 
246436.10 
246436.22 
246436.35 
246436.47 
246436.60 
246436.72 
246436.84 
246436.97 
246437.09 
246437.22 
246437.34 
246437.47 
246437.60 
246437.71 
246437.83 
246437.97 
246438.10 
246438.22 
246438.35 
246438.49 
246438.62 
246438.74 
246438.87 
246438.99 
246439.12 
246439.25 
246439.38 
246439.50 
246439.62 
246439.75 
246439.88 
246439.99 
246440.12 
246440.25 
246440.37 
246440.50 
246440.63 
246440.76 
246440.89 
246441.02 
246441.14 
246441.28 
246441.41 
246441.55 
246441.67 
246441.80 
246441.93 
246442.06 
246442.19 
246442.32 
246442.44 
246442.57 
246442.70 
246442.82 
246442.95 
246443.08 
246443.21 
246443.34 
246443.48 
246443.61 
246443.73 
246443.87 
246444.00 
246444.13 
246444.26 
246444.39 
246444.52 
246444.65 
246444.78 
246444.91 
246445.04 
246445.17 
246445.30 
246445.44 
246445.57 
246445.69 
246445.82 
246445.94 
246446.07 
246446.20 
246446.33 
246446.46 
246446.59 
246446.72 
246446.85 
246446.97 
246447.10 
246447.23 
246447.37 
246447.50 
246447.62 
246447.75 
246447.88 
246448.01 
246448.14 
246448.28 
246448.40 
246448.52 
246448.65 
246448.78 
246448.91 
246449.04 
246449.16 
246449.29 
246449.42 
246449.55 
246449.68 
246449.81 
246449.95 
246450.07 
246450.20 
246450.33 
246450.46 
246450.58 
246450.71 
246450.84 
246450.97 
246451.11 
246451.24 
246451.37 
246451.50 
246451.63 
246451.77 
246451.91 
246452.05 
246452.19 
246452.32 
246452.45 
246452.57 
246452.70 
246452.82 
246452.95 
246453.07 
246453.20 
246453.32 
246453.43 
246453.56 
246453.69 
246453.82 
246453.94 
246454.07 
246454.20 
246454.33 
246454.46 
246454.60 
246454.73 
246454.86 
246454.99 
246455.11 
246455.24 
246455.37 
246455.50 
246455.62 
246455.75 
246455.88 
246456.02 
246456.14 
246456.27 
246456.40 
246456.53 
246456.66 
246456.79 
246456.92 
246457.05 
246457.18 
246457.31 
246457.44 
246457.57 
246457.69 
246457.82 
246457.94 
246458.07 
246458.20 
246458.33 
246458.45 
246458.59 
246458.71 
246458.85 
246458.97 
246459.11 
246459.24 
246459.37 
246459.50 
246459.62 
246459.75 
246459.88 
246460.00 
246460.13 
246460.26 
246460.40 
246460.52 
246460.65 
246460.78 
246460.91 
246461.03 
246461.16 
246461.29 
246461.42 
246461.55 
246461.68 
246461.81 
246461.94 
246462.07 
246462.20 
246462.33 
246462.46 
246462.58 
246462.71 
246462.84 
246462.97 
246463.10 
246463.23 
246463.36 
246463.50 
246463.64 
246463.78 
246463.91 
246464.03 
246464.18 
246464.31 
246464.44 
246464.57 
246464.70 
246464.83 
246464.96 
246465.09 
246465.23 
246465.36 
246465.49 
246465.62 
246465.74 
246465.87 
246466.00 
246466.13 
246466.26 
246466.40 
246466.53 
246466.65 
246466.78 
246466.90 
246467.03 
246467.16 
246467.29 
246467.42 
246467.54 
246467.67 
246467.80 
246467.93 
246468.06 
246468.18 
246468.31 
246468.43 
246468.55 
246468.67 
246468.80 
246468.92 
246469.05 
246469.18 
246469.32 
246469.44 
246469.57 
246469.70 
246469.84 
246469.96 
246470.09 
246470.22 
246470.35 
246470.48 
246470.60 
246470.73 
246470.86 
246470.98 
246471.12 
246471.25 
246471.38 
246471.51 
246471.64 
246471.77 
246471.90 
246472.02 
246472.15 
246472.28 
246472.41 
246472.54 
246472.67 
246472.80 
246472.92 
246473.05 
246473.18 
246473.32 
246473.45 
246473.59 
246473.73 
246473.85 
246473.98 
246474.11 
246474.25 
246474.38 
246474.51 
246474.63 
246474.76 
246474.90 
246475.03 
246475.15 
246475.28 
246475.41 
246475.55 
246475.67 
246475.80 
246475.93 
246476.06 
246476.19 
246476.32 
246476.44 
246476.57 
246476.71 
246476.82 
246476.95 
246477.09 
246477.22 
246477.36 
246477.48 
246477.61 
246477.74 
246477.87 
246477.99 
246478.13 
246478.25 
246478.38 
246478.51 
246478.64 
246478.77 
246478.90 
246479.04 
246479.16 
246479.29 
246479.42 
246479.55 
246479.67 
246479.80 
246479.93 
246480.06 
246480.20 
246480.32 
246480.45 
246480.59 
246480.72 
246480.84 
246480.97 
246481.10 
246481.22 
246481.36 
246481.49 
246481.62 
246481.75 
246481.88 
246482.02 
246482.14 
246482.26 
246482.40 
246482.52 
246482.66 
246482.80 
246482.92 
246483.04 
246483.16 
246483.29 
246483.42 
246483.55 
246483.67 
246483.79 
246483.91 
246484.03 
246484.16 
246484.28 
246484.42 
246484.54 
246484.66 
246484.79 
246484.91 
246485.04 
246485.17 
246485.30 
246485.43 
246485.56 
246485.68 
246485.82 
246485.95 
246486.07 
246486.20 
246486.34 
246486.46 
246486.59 
246486.72 
246486.85 
246486.99 
246487.12 
246487.24 
246487.37 
246487.50 
246487.62 
246487.76 
246487.88 
246488.01 
246488.14 
246488.26 
246488.38 
246488.51 
246488.64 
246488.76 
246488.90 
246489.02 
246489.15 
246489.28 
246489.41 
246489.54 
246489.67 
246489.80 
246489.93 
246490.06 
246490.19 
246490.32 
246490.44 
246490.57 
246490.70 
246490.82 
246490.95 
246491.08 
246491.22 
246491.34 
246491.47 
246491.60 
246491.74 
246491.87 
246492.00 
246492.14 
246492.26 
246492.39 
246492.52 
246492.64 
246492.77 
246492.90 
246493.03 
246493.15 
246493.28 
246493.41 
246493.55 
246493.68 
246493.81 
246493.94 
246494.07 
246494.20 
246494.32 
246494.46 
246494.59 
246494.71 
246494.84 
246494.97 
246495.10 
246495.23 
246495.35 
246495.49 
246495.62 
246495.74 
246495.87 
246496.00 
246496.14 
246496.27 
246496.41 
246496.54 
246496.67 
246496.80 
246496.93 
246497.06 
246497.19 
246497.33 
246497.45 
246497.57 
246497.70 
246497.83 
246497.96 
246498.09 
246498.22 
246498.34 
246498.47 
246498.60 
246498.73 
246498.86 
246498.98 
246499.11 
246499.24 
246499.36 
246499.48 
246499.59 
246499.72 
246499.85 
246499.97 
246500.10 
246500.23 
246500.35 
246500.48 
246500.62 
246500.74 
246500.87 
246501.00 
246501.13 
246501.26 
246501.38 
246501.52 
246501.64 
246501.77 
246501.90 
246502.04 
246502.17 
246502.30 
246502.43 
246502.56 
246502.69 
246502.81 
246502.94 
246503.07 
246503.20 
246503.33 
246503.45 
246503.58 
246503.70 
246503.83 
246503.96 
246504.09 
246504.22 
246504.34 
246504.47 
246504.60 
246504.73 
246504.86 
246504.99 
246505.12 
246505.25 
246505.38 
246505.51 
246505.63 
246505.76 
246505.89 
246506.01 
246506.14 
246506.26 
246506.40 
246506.53 
246506.66 
246506.80 
246506.93 
246507.06 
246507.20 
246507.32 
246507.43 
246507.57 
246507.69 
246507.82 
246507.94 
246508.07 
246508.20 
246508.33 
246508.45 
246508.59 
246508.71 
246508.85 
246508.97 
246509.10 
246509.22 
246509.36 
246509.49 
246509.61 
246509.74 
246509.87 
246510.00 
246510.13 
246510.26 
246510.40 
246510.53 
246510.65 
246510.78 
246510.91 
246511.03 
246511.16 
246511.29 
246511.43 
246511.56 
246511.69 
246511.82 
246511.95 
246512.07 
246512.20 
246512.32 
246512.44 
246512.58 
246512.70 
246512.82 
246512.95 
246513.10 
246513.21 
246513.34 
246513.46 
246513.59 
246513.72 
246513.85 
246513.98 
246514.11 
246514.23 
246514.36 
246514.50 
246514.63 
246514.75 
246514.87 
246514.99 
246515.12 
246515.25 
246515.38 
246515.51 
246515.64 
246515.77 
246515.91 
246516.04 
246516.16 
246516.29 
246516.41 
246516.53 
246516.65 
246516.79 
246516.92 
246517.05 
246517.18 
246517.30 
246517.43 
246517.56 
246517.69 
246517.81 
246517.94 
246518.07 
246518.19 
246518.32 
246518.46 
246518.58 
246518.71 
246518.84 
246518.96 
246519.09 
246519.22 
246519.37 
246519.49 
246519.63 
246519.75 
246519.87 
246520.02 
246520.14 
246520.25 
246520.38 
246520.51 
246520.64 
246520.76 
246520.89 
246521.02 
246521.14 
246521.27 
246521.40 
246521.53 
246521.66 
246521.78 
246521.92 
246522.04 
246522.17 
246522.30 
246522.43 
246522.55 
246522.68 
246522.82 
246522.94 
246523.07 
246523.20 
246523.33 
246523.46 
246523.59 
246523.71 
246523.85 
246523.99 
246524.11 
246524.23 
246524.36 
246524.49 
246524.61 
246524.75 
246524.88 
246525.00 
246525.13 
246525.26 
246525.40 
246525.53 
246525.66 
246525.79 
246525.92 
246526.06 
246526.19 
246526.33 
246526.46 
246526.60 
246526.73 
246526.86 
246526.99 
246527.12 
246527.24 
246527.37 
246527.50 
246527.63 
246527.75 
246527.89 
246528.03 
246528.14 
246528.26 
246528.39 
246528.52 
246528.65 
246528.78 
246528.92 
246529.03 
246529.15 
246529.27 
246529.40 
246529.53 
246529.65 
246529.78 
246529.92 
246530.04 
246530.17 
246530.28 
246530.40 
246530.52 
246530.64 
246530.76 
246530.89 
246531.02 
246531.14 
246531.27 
246531.40 
246531.52 
246531.65 
246531.77 
246531.89 
246532.02 
246532.14 
246532.27 
246532.39 
246532.51 
246532.64 
246532.78 
246532.90 
246533.03 
246533.16 
246533.28 
246533.41 
246533.53 
246533.66 
246533.78 
246533.90 
246534.03 
246534.15 
246534.27 
246534.40 
246534.53 
246534.66 
246534.78 
246534.91 
246535.04 
246535.17 
246535.29 
246535.42 
246535.54 
246535.67 
246535.81 
246535.94 
246536.06 
246536.20 
246536.32 
246536.44 
246536.57 
246536.69 
246536.82 
246536.94 
246537.07 
246537.20 
246537.32 
246537.46 
246537.59 
246537.71 
246537.84 
246537.97 
246538.09 
246538.22 
246538.34 
246538.47 
246538.59 
246538.72 
246538.85 
246538.97 
246539.10 
246539.22 
246539.34 
246539.47 
246539.59 
246539.71 
246539.83 
246539.96 
246540.09 
246540.22 
246540.34 
246540.47 
246540.59 
246540.72 
246540.85 
246540.98 
246541.11 
246541.24 
246541.37 
246541.50 
246541.62 
246541.74 
246541.87 
246542.01 
246542.14 
246542.27 
246542.39 
246542.53 
246542.65 
246542.78 
246542.91 
246543.04 
246543.18 
246543.31 
246543.44 
246543.57 
246543.69 
246543.82 
246543.93 
246544.04 
246544.14 
246544.25 
246544.36 
246544.47 
246544.58 
246544.69 
246544.80 
246544.91 
246545.01 
246545.15 
246545.26 
246545.37 
246545.50 
246545.61 
246545.72 
246545.83 
246545.96 
246546.07 
246546.18 
246546.29 
246546.40 
246546.51 
246546.64 
246546.75 
246546.85 
246546.98 
246547.09 
246547.20 
246547.31 
246547.41 
246547.52 
246547.66 
246547.77 
246547.88 
246547.99 
246548.10 
246548.20 
246548.31 
246548.45 
246548.56 
246548.67 
246548.77 
246548.88 
246548.99 
246549.12 
246549.23 
246549.33 
246549.44 
246549.58 
246549.69 
246549.80 
246549.91 
246550.01 
246550.14 
246550.25 
246550.36 
246550.47 
246550.58 
246550.70 
246550.81 
246550.95 
246551.09 
246551.21 
246551.33 
246551.45 
246551.57 
246551.69 
246551.81 
246551.94 
246552.06 
246552.17 
246552.29 
246552.42 
246552.54 
246552.66 
246552.78 
246552.90 
246553.03 
246553.15 
246553.27 
246553.40 
246553.53 
246553.66 
246553.78 
246553.91 
246554.04 
246554.16 
246554.28 
246554.41 
246554.53 
246554.66 
246554.78 
246554.90 
246555.04 
246555.16 
246555.28 
246555.41 
246555.54 
246555.67 
246555.79 
246555.92 
246556.05 
246556.18 
246556.31 
246556.43 
246556.56 
246556.69 
246556.82 
246556.96 
246557.08 
246557.21 
246557.34 
246557.46 
246557.59 
246557.71 
246557.84 
246557.97 
246558.10 
246558.24 
246558.35 
246558.47 
246558.58 
246558.71 
246558.84 
246558.96 
246559.10 
246559.21 
246559.34 
246559.46 
246559.59 
246559.71 
246559.84 
246559.96 
246560.09 
246560.21 
246560.34 
246560.46 
246560.60 
246560.73 
246560.86 
246560.98 
246561.11 
246561.23 
246561.35 
246561.48 
246561.62 
246561.73 
246561.86 
246561.98 
246562.10 
246562.23 
246562.36 
246562.48 
246562.60 
246562.73 
246562.85 
246562.99 
246563.12 
246563.25 
246563.36 
246563.48 
246563.59 
246563.72 
246563.84 
246563.97 
246564.09 
246564.22 
246564.34 
246564.48 
246564.59 
246564.71 
246564.84 
246564.95 
246565.08 
246565.21 
246565.34 
246565.47 
246565.59 
246565.72 
246565.85 
246565.99 
246566.10 
246566.23 
246566.37 
246566.50 
246566.64 
246566.77 
246566.90 
246567.03 
246567.17 
246567.29 
246567.43 
246567.54 
246567.66 
246567.79 
246567.93 
246568.06 
246568.19 
246568.32 
246568.45 
246568.58 
246568.70 
246568.83 
246568.96 
246569.09 
246569.21 
246569.34 
246569.47 
246569.60 
246569.72 
246569.85 
246569.97 
246570.10 
246570.23 
246570.36 
246570.48 
246570.61 
246570.74 
246570.87 
246571.00 
246571.13 
246571.26 
246571.39 
246571.52 
246571.65 
246571.79 
246571.91 
246572.05 
246572.17 
246572.30 
246572.43 
246572.56 
246572.68 
246572.82 
246572.94 
246573.07 
246573.20 
246573.33 
246573.45 
246573.58 
246573.72 
246573.85 
246573.98 
246574.11 
246574.23 
246574.37 
246574.50 
246574.63 
246574.75 
246574.89 
246575.02 
246575.15 
246575.28 
246575.41 
246575.53 
246575.66 
246575.80 
246575.93 
246576.05 
246576.18 
246576.31 
246576.44 
246576.57 
246576.70 
246576.83 
246576.96 
246577.09 
246577.21 
246577.34 
246577.47 
246577.60 
246577.72 
246577.85 
246577.98 
246578.10 
246578.24 
246578.37 
246578.49 
246578.62 
246578.74 
246578.86 
246578.99 
246579.12 
246579.25 
246579.38 
246579.50 
246579.63 
246579.76 
246579.89 
246580.02 
246580.14 
246580.28 
246580.40 
246580.52 
246580.65 
246580.78 
246580.91 
246581.04 
246581.16 
246581.29 
246581.42 
246581.55 
246581.68 
246581.82 
246581.95 
246582.07 
246582.20 
246582.33 
246582.46 
246582.58 
246582.72 
246582.84 
246582.97 
246583.10 
246583.23 
246583.35 
246583.48 
246583.61 
246583.74 
246583.87 
246583.99 
246584.12 
246584.25 
246584.37 
246584.49 
246584.64 
246584.77 
246584.91 
246585.03 
246585.16 
246585.28 
246585.42 
246585.56 
246585.67 
246585.80 
246585.92 
246586.05 
246586.17 
246586.30 
246586.43 
246586.55 
246586.69 
246586.82 
246586.95 
246587.08 
246587.21 
246587.33 
246587.47 
246587.60 
246587.73 
246587.86 
246588.00 
246588.12 
246588.25 
246588.38 
246588.51 
246588.64 
246588.78 
246588.91 
246589.04 
246589.16 
246589.29 
246589.42 
246589.55 
246589.68 
246589.81 
246589.94 
246590.07 
246590.20 
246590.34 
246590.46 
246590.58 
246590.71 
246590.84 
246590.97 
246591.09 
246591.22 
246591.35 
246591.47 
246591.60 
246591.72 
246591.84 
246591.97 
246592.09 
246592.22 
246592.34 
246592.47 
246592.60 
246592.73 
246592.86 
246592.98 
246593.11 
246593.24 
246593.36 
246593.49 
246593.62 
246593.75 
246593.87 
246594.00 
246594.13 
246594.25 
246594.38 
246594.52 
246594.64 
246594.77 
246594.89 
246595.02 
246595.15 
246595.27 
246595.40 
246595.53 
246595.65 
246595.77 
246595.88 
246596.00 
246596.12 
246596.25 
246596.37 
246596.50 
246596.63 
246596.75 
246596.87 
246597.00 
246597.12 
246597.25 
246597.37 
246597.50 
246597.63 
246597.75 
246597.88 
246598.00 
246598.13 
246598.26 
246598.38 
246598.50 
246598.64 
246598.76 
246598.90 
246599.02 
246599.15 
246599.28 
246599.40 
246599.53 
246599.65 
246599.78 
246599.90 
246600.03 
246600.16 
246600.28 
246600.41 
246600.54 
246600.66 
246600.79 
246600.93 
246601.06 
246601.18 
246601.30 
246601.43 
246601.56 
246601.68 
246601.81 
246601.93 
246602.06 
246602.18 
246602.31 
246602.43 
246602.56 
246602.69 
246602.81 
246602.94 
246603.06 
246603.19 
246603.31 
246603.44 
246603.56 
246603.69 
246603.82 
246603.94 
246604.07 
246604.20 
246604.32 
246604.45 
246604.58 
246604.70 
246604.83 
246604.96 
246605.08 
246605.21 
246605.33 
246605.45 
246605.58 
246605.71 
246605.84 
246605.97 
246606.09 
246606.22 
246606.34 
246606.47 
246606.59 
246606.72 
246606.85 
246606.98 
246607.10 
246607.23 
246607.36 
246607.49 
246607.61 
246607.73 
246607.87 
246608.00 
246608.12 
246608.25 
246608.37 
246608.52 
246608.64 
246608.76 
246608.89 
246609.01 
246609.14 
246609.26 
246609.39 
246609.51 
246609.64 
246609.77 
246609.89 
246610.01 
246610.13 
246610.28 
246610.41 
246610.53 
246610.66 
246610.78 
246610.91 
246611.04 
246611.17 
246611.31 
246611.42 
246611.54 
246611.67 
246611.79 
246611.91 
246612.05 
246612.17 
246612.30 
246612.43 
246612.56 
246612.68 
246612.81 
246612.93 
246613.06 
246613.18 
246613.31 
246613.44 
246613.56 
246613.67 
246613.79 
246613.91 
246614.04 
246614.17 
246614.30 
246614.44 
246614.57 
246614.70 
246614.84 
246614.95 
246615.08 
246615.23 
246615.35 
246615.49 
246615.62 
246615.75 
246615.88 
246616.02 
246616.16 
246616.29 
246616.42 
246616.55 
246616.69 
246616.81 
246616.94 
246617.06 
246617.18 
246617.31 
246617.43 
246617.55 
246617.68 
246617.80 
246617.93 
246618.06 
246618.18 
246618.31 
246618.43 
246618.56 
246618.69 
246618.83 
246618.96 
246619.09 
246619.23 
246619.35 
246619.48 
246619.61 
246619.74 
246619.87 
246620.00 
246620.12 
246620.25 
246620.39 
246620.52 
246620.64 
246620.78 
246620.91 
246621.04 
246621.17 
246621.31 
246621.43 
246621.56 
246621.69 
246621.82 
246621.96 
246622.08 
246622.21 
246622.33 
246622.46 
246622.58 
246622.71 
246622.83 
246622.96 
246623.09 
246623.21 
246623.35 
246623.47 
246623.60 
246623.73 
246623.86 
246623.99 
246624.12 
246624.25 
246624.38 
246624.51 
246624.64 
246624.77 
246624.90 
246625.03 
246625.16 
246625.28 
246625.42 
246625.54 
246625.67 
246625.81 
246625.93 
246626.06 
246626.19 
246626.32 
246626.45 
246626.58 
246626.70 
246626.82 
246626.94 
246627.06 
246627.18 
246627.31 
246627.44 
246627.57 
246627.70 
246627.84 
246627.97 
246628.09 
246628.22 
246628.35 
246628.49 
246628.60 
246628.73 
246628.85 
246628.98 
246629.11 
246629.24 
246629.37 
246629.50 
246629.64 
246629.77 
246629.90 
246630.02 
246630.15 
246630.28 
246630.41 
246630.54 
246630.67 
246630.80 
246630.92 
246631.05 
246631.17 
246631.30 
246631.42 
246631.55 
246631.68 
246631.81 
246631.95 
246632.08 
246632.21 
246632.34 
246632.47 
246632.60 
246632.73 
246632.86 
246632.98 
246633.12 
246633.24 
246633.37 
246633.50 
246633.63 
246633.75 
246633.88 
246634.01 
246634.14 
246634.26 
246634.39 
246634.52 
246634.65 
246634.78 
246634.90 
246635.03 
246635.17 
246635.30 
246635.43 
246635.56 
246635.68 
246635.81 
246635.94 
246636.07 
246636.19 
246636.32 
246636.45 
246636.58 
246636.71 
246636.83 
246636.96 
246637.09 
246637.22 
246637.35 
246637.48 
246637.60 
246637.73 
246637.86 
246638.00 
246638.12 
246638.25 
246638.39 
246638.51 
246638.65 
246638.76 
246638.90 
246639.03 
246639.15 
246639.27 
246639.39 
246639.52 
246639.64 
246639.77 
246639.90 
246640.03 
246640.15 
246640.28 
246640.41 
246640.55 
246640.67 
246640.79 
246640.92 
246641.05 
246641.17 
246641.30 
246641.43 
246641.55 
246641.69 
246641.81 
246641.93 
246642.05 
246642.17 
246642.30 
246642.44 
246642.55 
246642.67 
246642.80 
246642.93 
246643.06 
246643.19 
246643.32 
246643.45 
246643.58 
246643.70 
246643.82 
246643.95 
246644.09 
246644.22 
246644.35 
246644.48 
246644.61 
246644.74 
246644.87 
246645.00 
246645.13 
246645.26 
246645.38 
246645.51 
246645.65 
246645.77 
246645.90 
246646.03 
246646.16 
246646.30 
246646.42 
246646.55 
246646.68 
246646.80 
246646.93 
246647.06 
246647.18 
246647.31 
246647.44 
246647.56 
246647.69 
246647.82 
246647.95 
246648.07 
246648.20 
246648.33 
246648.46 
246648.61 
246648.74 
246648.86 
246648.99 
246649.13 
246649.26 
246649.39 
246649.53 
246649.66 
246649.78 
246649.92 
246650.05 
246650.18 
246650.31 
246650.44 
246650.57 
246650.70 
246650.82 
246650.95 
246651.08 
246651.21 
246651.34 
246651.46 
246651.60 
246651.72 
246651.85 
246651.98 
246652.11 
246652.24 
246652.37 
246652.51 
246652.63 
246652.76 
246652.89 
246653.02 
246653.15 
246653.27 
246653.40 
246653.53 
246653.66 
246653.78 
246653.92 
246654.05 
246654.18 
246654.31 
246654.44 
246654.57 
246654.70 
246654.82 
246654.96 
246655.09 
246655.24 
246655.36 
246655.49 
246655.62 
246655.74 
246655.87 
246655.99 
246656.12 
246656.25 
246656.38 
246656.51 
246656.65 
246656.78 
246656.91 
246657.04 
246657.17 
246657.31 
246657.43 
246657.55 
246657.68 
246657.80 
246657.94 
246658.06 
246658.18 
246658.31 
246658.44 
246658.57 
246658.69 
246658.82 
246658.95 
246659.08 
246659.21 
246659.34 
246659.47 
246659.59 
246659.73 
246659.85 
246659.97 
246660.10 
246660.24 
246660.36 
246660.49 
246660.62 
246660.75 
246660.87 
246661.01 
246661.15 
246661.26 
246661.39 
246661.51 
246661.64 
246661.77 
246661.90 
246662.04 
246662.17 
246662.30 
246662.42 
246662.55 
246662.69 
246662.82 
246662.96 
246663.09 
246663.22 
246663.35 
246663.48 
246663.61 
246663.74 
246663.87 
246663.99 
246664.12 
246664.26 
246664.38 
246664.50 
246664.63 
246664.77 
246664.91 
246665.04 
246665.16 
246665.29 
246665.42 
246665.55 
246665.68 
246665.82 
246665.95 
246666.08 
246666.22 
246666.35 
246666.48 
246666.62 
246666.75 
246666.87 
246667.00 
246667.13 
246667.26 
246667.39 
246667.51 
246667.64 
246667.76 
246667.89 
246668.02 
246668.16 
246668.28 
246668.41 
246668.55 
246668.67 
246668.80 
246668.93 
246669.05 
246669.18 
246669.31 
246669.43 
246669.56 
246669.69 
246669.82 
246669.94 
246670.07 
246670.20 
246670.33 
246670.45 
246670.59 
246670.72 
246670.85 
246670.97 
246671.10 
246671.23 
246671.36 
246671.50 
246671.62 
246671.75 
246671.88 
246672.01 
246672.14 
246672.26 
246672.39 
246672.52 
246672.65 
246672.78 
246672.89 
246673.01 
246673.13 
246673.26 
246673.38 
246673.51 
246673.64 
246673.77 
246673.90 
246674.02 
246674.15 
246674.28 
246674.41 
246674.53 
246674.66 
246674.79 
246674.92 
246675.05 
246675.17 
246675.30 
246675.43 
246675.56 
246675.69 
246675.82 
246675.94 
246676.07 
246676.20 
246676.32 
246676.45 
246676.58 
246676.70 
246676.82 
246676.95 
246677.08 
246677.21 
246677.34 
246677.46 
246677.59 
246677.71 
246677.84 
246677.97 
246678.10 
246678.23 
246678.36 
246678.49 
246678.62 
246678.75 
246678.87 
246679.01 
246679.13 
246679.27 
246679.39 
246679.52 
246679.65 
246679.78 
246679.91 
246680.04 
246680.16 
246680.30 
246680.43 
246680.57 
246680.70 
246680.82 
246680.96 
246681.09 
246681.22 
246681.35 
246681.47 
246681.60 
246681.74 
246681.87 
246682.00 
246682.14 
246682.27 
246682.41 
246682.54 
246682.67 
246682.80 
246682.94 
246683.08 
246683.21 
246683.34 
246683.47 
246683.60 
246683.72 
246683.85 
246683.97 
246684.10 
246684.23 
246684.36 
246684.48 
246684.61 
246684.74 
246684.86 
246684.99 
246685.12 
246685.25 
246685.38 
246685.51 
246685.63 
246685.76 
246685.88 
246686.00 
246686.13 
246686.25 
246686.38 
246686.50 
246686.61 
246686.71 
246686.82 
246686.93 
246687.04 
246687.18 
246687.29 
246687.39 
246687.50 
246687.61 
246687.74 
246687.85 
246687.96 
246688.07 
246688.18 
246688.29 
246688.40 
246688.51 
246688.61 
246688.72 
246688.83 
246688.94 
246689.05 
246689.16 
246689.27 
246689.37 
246689.48 
246689.59 
246689.70 
246689.80 
246689.91 
246690.02 
246690.13 
246690.24 
246690.35 
246690.46 
246690.59 
246690.70 
246690.83 
246690.94 
246691.05 
246691.16 
246691.27 
246691.40 
246691.51 
246691.62 
246691.73 
246691.87 
246692.00 
246692.11 
246692.22 
246692.32 
246692.46 
246692.57 
246692.68 
246692.79 
246692.90 
246693.01 
246693.15 
246693.28 
246693.41 
246693.53 
246693.64 
246693.77 
246693.90 
246694.03 
246694.15 
246694.27 
246694.39 
246694.52 
246694.64 
246694.77 
246694.89 
246695.01 
246695.12 
246695.25 
246695.37 
246695.49 
246695.61 
246695.75 
246695.88 
246696.01 
246696.13 
246696.25 
246696.37 
246696.50 
246696.62 
246696.74 
246696.89 
246697.00 
246697.12 
246697.24 
246697.36 
246697.49 
246697.61 
246697.74 
246697.85 
246697.96 
246698.08 
246698.20 
246698.33 
246698.45 
246698.57 
246698.69 
246698.81 
246698.93 
246699.07 
246699.18 
246699.29 
246699.41 
246699.52 
246699.65 
246699.76 
246699.89 
246700.01 
246700.14 
246700.26 
246700.38 
246700.51 
246700.62 
246700.74 
246700.87 
246700.99 
246701.11 
246701.24 
246701.35 
246701.46 
246701.59 
246701.71 
246701.83 
246701.95 
246702.06 
246702.19 
246702.32 
246702.44 
246702.56 
246702.67 
246702.79 
246702.91 
246703.04 
246703.15 
246703.27 
246703.38 
246703.49 
246703.62 
246703.74 
246703.87 
246704.01 
246704.14 
246704.26 
246704.38 
246704.50 
246704.63 
246704.75 
246704.87 
246704.99 
246705.10 
246705.23 
246705.35 
246705.47 
246705.60 
246705.72 
246705.83 
246705.95 
246706.07 
246706.19 
246706.31 
246706.42 
246706.55 
246706.66 
246706.79 
246706.91 
246707.03 
246707.14 
246707.25 
246707.37 
246707.49 
246707.61 
246707.73 
246707.85 
246707.97 
246708.11 
246708.23 
246708.36 
246708.49 
246708.61 
246708.73 
246708.86 
246708.98 
246709.11 
246709.22 
246709.34 
246709.45 
246709.58 
246709.70 
246709.83 
246709.94 
246710.05 
246710.17 
246710.30 
246710.41 
246710.53 
246710.65 
246710.77 
246710.88 
246711.01 
246711.14 
246711.27 
246711.40 
246711.52 
246711.64 
246711.76 
246711.87 
246711.99 
246712.10 
246712.23 
246712.34 
246712.47 
246712.60 
246712.72 
246712.84 
246712.96 
246713.08 
246713.21 
246713.33 
246713.45 
246713.57 
246713.69 
246713.81 
246713.95 
246714.07 
246714.20 
246714.33 
246714.45 
246714.57 
246714.68 
246714.80 
246714.93 
246715.05 
246715.17 
246715.29 
246715.41 
246715.53 
246715.66 
246715.78 
246715.89 
246716.02 
246716.14 
246716.27 
246716.38 
246716.50 
246716.62 
246716.73 
246716.85 
246716.99 
246717.11 
246717.23 
246717.34 
246717.47 
246717.59 
246717.72 
246717.85 
246717.98 
246718.10 
246718.22 
246718.35 
246718.46 
246718.58 
246718.70 
246718.82 
246718.95 
246719.06 
246719.18 
246719.29 
246719.41 
246719.53 
246719.66 
246719.78 
246719.92 
246720.03 
246720.16 
246720.27 
246720.39 
246720.50 
246720.62 
246720.73 
246720.86 
246720.99 
246721.13 
246721.24 
246721.36 
246721.48 
246721.60 
246721.71 
246721.83 
246721.96 
246722.08 
246722.21 
246722.32 
246722.44 
246722.56 
246722.67 
246722.78 
246722.91 
246723.03 
246723.15 
246723.27 
246723.38 
246723.51 
246723.63 
246723.74 
246723.86 
246724.00 
246724.11 
246724.23 
246724.35 
246724.46 
246724.58 
246724.70 
246724.83 
246724.96 
246725.08 
246725.20 
246725.31 
246725.43 
246725.55 
246725.68 
246725.80 
246725.91 
246726.03 
246726.15 
246726.26 
246726.38 
246726.51 
246726.63 
246726.74 
246726.86 
246726.97 
246727.09 
246727.21 
246727.33 
246727.44 
246727.56 
246727.68 
246727.79 
246727.90 
246728.02 
246728.14 
246728.25 
246728.37 
246728.48 
246728.60 
246728.71 
246728.83 
246728.95 
246729.08 
246729.20 
246729.32 
246729.43 
246729.55 
246729.67 
246729.78 
246729.90 
246730.03 
246730.14 
246730.25 
246730.37 
246730.48 
246730.60 
246730.72 
246730.84 
246730.96 
246731.08 
246731.21 
246731.32 
246731.44 
246731.56 
246731.69 
246731.81 
246731.93 
246732.06 
246732.18 
246732.30 
246732.42 
246732.54 
246732.66 
246732.77 
246732.88 
246733.00 
246733.12 
246733.24 
246733.36 
246733.48 
246733.60 
246733.72 
246733.84 
246733.94 
246734.06 
246734.18 
246734.30 
246734.42 
246734.54 
246734.66 
246734.78 
246734.91 
246735.03 
246735.15 
246735.27 
246735.40 
246735.51 
246735.63 
246735.74 
246735.86 
246735.99 
246736.10 
246736.23 
246736.34 
246736.46 
246736.59 
246736.70 
246736.82 
246736.93 
246737.05 
246737.18 
246737.30 
246737.42 
246737.54 
246737.66 
246737.78 
246737.90 
246738.02 
246738.15 
246738.27 
246738.40 
246738.52 
246738.63 
246738.74 
246738.86 
246738.99 
246739.11 
246739.23 
246739.36 
246739.48 
246739.60 
246739.71 
246739.83 
246739.94 
246740.06 
246740.17 
246740.28 
246740.41 
246740.53 
246740.65 
246740.76 
246740.87 
246741.00 
246741.12 
246741.23 
246741.36 
246741.47 
246741.60 
246741.73 
246741.86 
246741.97 
246742.09 
246742.20 
246742.33 
246742.46 
246742.58 
246742.70 
246742.83 
246742.95 
246743.07 
246743.19 
246743.31 
246743.43 
246743.55 
246743.67 
246743.81 
246743.93 
246744.04 
246744.17 
246744.29 
246744.42 
246744.53 
246744.65 
246744.77 
246744.90 
246745.03 
246745.15 
246745.27 
246745.40 
246745.52 
246745.64 
246745.76 
246745.87 
246745.99 
246746.10 
246746.22 
246746.34 
246746.46 
246746.58 
246746.69 
246746.81 
246746.94 
246747.05 
246747.17 
246747.29 
246747.42 
246747.54 
246747.66 
246747.79 
246747.91 
246748.03 
246748.15 
246748.26 
246748.38 
246748.50 
246748.62 
246748.74 
246748.86 
246748.98 
246749.11 
246749.23 
246749.34 
246749.46 
246749.59 
246749.71 
246749.82 
246749.93 
246750.06 
246750.17 
246750.30 
246750.43 
246750.55 
246750.68 
246750.79 
246750.92 
246751.04 
246751.17 
246751.28 
246751.40 
246751.51 
246751.64 
246751.76 
246751.88 
246752.00 
246752.12 
246752.25 
246752.37 
246752.49 
246752.61 
246752.74 
246752.86 
246752.99 
246753.12 
246753.25 
246753.37 
246753.49 
246753.61 
246753.73 
246753.86 
246753.98 
246754.09 
246754.21 
246754.33 
246754.44 
246754.55 
246754.67 
246754.79 
246754.91 
246755.03 
246755.16 
246755.28 
246755.40 
246755.51 
246755.64 
246755.76 
246755.88 
246756.00 
246756.11 
246756.23 
246756.34 
246756.46 
246756.58 
246756.70 
246756.81 
246756.93 
246757.05 
246757.16 
246757.28 
246757.41 
246757.53 
246757.66 
246757.78 
246757.89 
246758.01 
246758.13 
246758.25 
246758.39 
246758.50 
246758.61 
246758.73 
246758.84 
246758.96 
246759.07 
246759.19 
246759.32 
246759.44 
246759.56 
246759.68 
246759.80 
246759.93 
246760.04 
246760.16 
246760.27 
246760.39 
246760.51 
246760.63 
246760.75 
246760.87 
246760.98 
246761.11 
246761.22 
246761.35 
246761.47 
246761.59 
246761.71 
246761.82 
246761.94 
246762.06 
246762.18 
246762.31 
246762.43 
246762.55 
246762.67 
246762.79 
246762.91 
246763.04 
246763.17 
246763.29 
246763.41 
246763.52 
246763.63 
246763.75 
246763.86 
246763.98 
246764.11 
246764.23 
246764.34 
246764.47 
246764.59 
246764.71 
246764.82 
246764.93 
246765.06 
246765.19 
246765.31 
246765.43 
246765.54 
246765.66 
246765.77 
246765.89 
246766.01 
246766.14 
246766.25 
246766.38 
246766.50 
246766.62 
246766.75 
246766.87 
246766.98 
246767.10 
246767.21 
246767.33 
246767.44 
246767.57 
246767.69 
246767.81 
246767.93 
246768.05 
246768.17 
246768.30 
246768.43 
246768.55 
246768.67 
246768.78 
246768.90 
246769.02 
246769.14 
246769.25 
246769.38 
246769.49 
246769.61 
246769.74 
246769.85 
246769.97 
246770.09 
246770.22 
246770.33 
246770.44 
246770.56 
246770.68 
246770.80 
246770.92 
246771.04 
246771.16 
246771.29 
246771.41 
246771.53 
246771.65 
246771.77 
246771.90 
246772.03 
246772.15 
246772.27 
246772.39 
246772.51 
246772.62 
246772.75 
246772.87 
246773.01 
246773.13 
246773.24 
246773.37 
246773.48 
246773.60 
246773.72 
246773.83 
246773.97 
246774.10 
246774.22 
246774.34 
246774.47 
246774.60 
246774.73 
246774.86 
246774.99 
246775.12 
246775.25 
246775.38 
246775.51 
246775.64 
246775.77 
246775.90 
246776.03 
246776.16 
246776.29 
246776.41 
246776.54 
246776.67 
246776.80 
246776.92 
246777.06 
246777.18 
246777.31 
246777.43 
246777.56 
246777.69 
246777.82 
246777.94 
246778.07 
246778.20 
246778.33 
246778.47 
246778.59 
246778.71 
246778.84 
246778.95 
246779.07 
246779.21 
246779.34 
246779.47 
246779.59 
246779.72 
246779.85 
246779.98 
246780.11 
246780.23 
246780.36 
246780.49 
246780.62 
246780.76 
246780.88 
246781.00 
246781.13 
246781.27 
246781.39 
246781.52 
246781.64 
246781.77 
246781.90 
246782.05 
246782.17 
246782.28 
246782.41 
246782.54 
246782.66 
246782.79 
246782.92 
246783.05 
246783.19 
246783.30 
246783.43 
246783.57 
246783.70 
246783.83 
246783.95 
246784.10 
246784.22 
246784.35 
246784.48 
246784.61 
246784.75 
246784.89 
246785.00 
246785.13 
246785.26 
246785.39 
246785.52 
246785.64 
246785.78 
246785.92 
246786.04 
246786.17 
246786.30 
246786.42 
246786.54 
246786.67 
246786.80 
246786.94 
246787.06 
246787.19 
246787.32 
246787.45 
246787.57 
246787.70 
246787.84 
246787.96 
246788.09 
246788.22 
246788.35 
246788.48 
246788.61 
246788.74 
246788.87 
246789.00 
246789.12 
246789.25 
246789.37 
246789.51 
246789.63 
246789.76 
246789.89 
246790.02 
246790.14 
246790.27 
246790.40 
246790.53 
246790.66 
246790.78 
246790.91 
246791.04 
246791.16 
246791.29 
246791.42 
246791.55 
246791.67 
246791.80 
246791.94 
246792.06 
246792.19 
246792.31 
246792.44 
246792.57 
246792.70 
246792.83 
246792.95 
246793.08 
246793.21 
246793.34 
246793.46 
246793.59 
246793.72 
246793.85 
246793.99 
246794.12 
246794.24 
246794.37 
246794.50 
246794.63 
246794.76 
246794.90 
246795.03 
246795.16 
246795.29 
246795.42 
246795.55 
246795.68 
246795.81 
246795.94 
246796.06 
246796.19 
246796.32 
246796.44 
246796.58 
246796.70 
246796.82 
246796.96 
246797.09 
246797.22 
246797.35 
246797.47 
246797.61 
246797.74 
246797.86 
246797.98 
246798.10 
246798.23 
246798.36 
246798.49 
246798.61 
246798.75 
246798.87 
246799.01 
246799.13 
246799.26 
246799.39 
246799.52 
246799.65 
246799.78 
246799.91 
246800.04 
246800.17 
246800.30 
246800.42 
246800.55 
246800.69 
246800.82 
246800.96 
246801.09 
246801.23 
246801.35 
246801.48 
246801.61 
246801.74 
246801.88 
246802.02 
246802.14 
246802.27 
246802.41 
246802.54 
246802.67 
246802.80 
246802.93 
246803.07 
246803.19 
246803.32 
246803.45 
246803.58 
246803.71 
246803.84 
246803.97 
246804.09 
246804.22 
246804.35 
246804.48 
246804.60 
246804.73 
246804.86 
246804.99 
246805.13 
246805.26 
246805.38 
246805.51 
246805.64 
246805.78 
246805.91 
246806.04 
246806.17 
246806.30 
246806.43 
246806.56 
246806.69 
246806.81 
246806.95 
246807.08 
246807.22 
246807.34 
246807.46 
246807.59 
246807.73 
246807.85 
246807.98 
246808.11 
246808.23 
246808.36 
246808.49 
246808.63 
246808.75 
246808.87 
246809.00 
246809.12 
246809.25 
246809.37 
246809.50 
246809.62 
246809.76 
246809.89 
246810.01 
246810.14 
246810.26 
246810.39 
246810.52 
246810.64 
246810.76 
246810.89 
246811.02 
246811.14 
246811.27 
246811.40 
246811.52 
246811.65 
246811.77 
246811.90 
246812.03 
246812.16 
246812.29 
246812.42 
246812.54 
246812.68 
246812.81 
246812.94 
246813.07 
246813.20 
246813.32 
246813.45 
246813.58 
246813.70 
246813.83 
246813.97 
246814.10 
246814.23 
246814.36 
246814.50 
246814.62 
246814.74 
246814.87 
246815.00 
246815.13 
246815.26 
246815.39 
246815.52 
246815.64 
246815.77 
246815.90 
246816.02 
246816.15 
246816.27 
246816.40 
246816.53 
246816.67 
246816.80 
246816.92 
246817.05 
246817.18 
246817.31 
246817.45 
246817.58 
246817.70 
246817.84 
246817.96 
246818.09 
246818.22 
246818.36 
246818.49 
246818.61 
246818.74 
246818.87 
246819.00 
246819.13 
246819.26 
246819.39 
246819.52 
246819.64 
246819.77 
246819.90 
246820.02 
246820.15 
246820.28 
246820.40 
246820.53 
246820.67 
246820.79 
246820.92 
246821.05 
246821.18 
246821.31 
246821.44 
246821.58 
246821.70 
246821.84 
246821.96 
246822.08 
246822.21 
246822.34 
246822.47 
246822.60 
246822.73 
246822.86 
246822.98 
246823.12 
246823.24 
246823.37 
246823.50 
246823.63 
246823.76 
246823.88 
246824.01 
246824.14 
246824.26 
246824.39 
246824.52 
246824.65 
246824.78 
246824.91 
246825.03 
246825.16 
246825.28 
246825.41 
246825.53 
246825.66 
246825.79 
246825.93 
246826.05 
246826.18 
246826.31 
246826.44 
246826.56 
246826.69 
246826.83 
246826.96 
246827.08 
246827.21 
246827.34 
246827.47 
246827.59 
246827.72 
246827.85 
246827.97 
246828.10 
246828.23 
246828.35 
246828.49 
246828.62 
246828.75 
246828.87 
246829.01 
246829.13 
246829.26 
246829.39 
246829.52 
246829.64 
246829.77 
246829.90 
246830.02 
246830.15 
246830.27 
246830.40 
246830.53 
246830.66 
246830.79 
246830.91 
246831.05 
246831.18 
246831.31 
246831.44 
246831.57 
246831.71 
246831.84 
246831.97 
246832.10 
246832.24 
246832.37 
246832.49 
246832.61 
246832.74 
246832.86 
246832.98 
246833.12 
246833.25 
246833.37 
246833.52 
246833.64 
246833.77 
246833.92 
246834.04 
246834.17 
246834.30 
246834.42 
246834.55 
246834.69 
246834.82 
246834.96 
246835.08 
246835.21 
246835.34 
246835.47 
246835.61 
246835.74 
246835.87 
246836.00 
246836.13 
246836.26 
246836.40 
246836.52 
246836.65 
246836.78 
246836.91 
246837.03 
246837.17 
246837.29 
246837.42 
246837.55 
246837.68 
246837.81 
246837.94 
246838.07 
246838.20 
246838.33 
246838.46 
246838.59 
246838.72 
246838.84 
246838.97 
246839.10 
246839.23 
246839.36 
246839.48 
246839.61 
246839.74 
246839.89 
246840.03 
246840.16 
246840.29 
246840.41 
246840.54 
246840.66 
246840.78 
246840.90 
246841.01 
246841.13 
246841.27 
246841.40 
246841.52 
246841.65 
246841.78 
246841.90 
246842.03 
246842.15 
246842.28 
246842.40 
246842.52 
246842.64 
246842.77 
246842.89 
246843.01 
246843.13 
246843.26 
246843.39 
246843.51 
246843.64 
246843.78 
246843.91 
246844.04 
246844.17 
246844.30 
246844.42 
246844.55 
246844.69 
246844.82 
246844.95 
246845.09 
246845.22 
246845.34 
246845.47 
246845.60 
246845.73 
246845.86 
246845.99 
246846.12 
246846.24 
246846.37 
246846.51 
246846.64 
246846.77 
246846.91 
246847.04 
246847.17 
246847.30 
246847.43 
246847.55 
246847.69 
246847.82 
246847.95 
246848.08 
246848.20 
246848.33 
246848.46 
246848.59 
246848.71 
246848.84 
246848.97 
246849.10 
246849.23 
246849.35 
246849.48 
246849.62 
246849.74 
246849.86 
246849.99 
246850.12 
246850.25 
246850.38 
246850.51 
246850.64 
246850.77 
246850.91 
246851.03 
246851.16 
246851.29 
246851.42 
246851.54 
246851.68 
246851.81 
246851.93 
246852.06 
246852.20 
246852.33 
246852.46 
246852.59 
246852.72 
246852.86 
246852.99 
246853.12 
246853.25 
246853.39 
246853.51 
246853.63 
246853.75 
246853.88 
246854.01 
246854.13 
246854.26 
246854.39 
246854.52 
246854.64 
246854.77 
246854.90 
246855.02 
246855.15 
246855.28 
246855.41 
246855.54 
246855.67 
246855.80 
246855.93 
246856.06 
246856.18 
246856.30 
246856.43 
246856.55 
246856.69 
246856.83 
246856.95 
246857.08 
246857.21 
246857.34 
246857.46 
246857.59 
246857.71 
246857.84 
246857.96 
246858.09 
246858.22 
246858.35 
246858.49 
246858.62 
246858.75 
246858.88 
246859.01 
246859.14 
246859.27 
246859.40 
246859.53 
246859.66 
246859.78 
246859.91 
246860.04 
246860.17 
246860.30 
246860.44 
246860.57 
246860.70 
246860.82 
246860.95 
246861.08 
246861.21 
246861.34 
246861.46 
246861.59 
246861.71 
246861.84 
246861.97 
246862.10 
246862.24 
246862.36 
246862.50 
246862.64 
246862.76 
246862.89 
246863.03 
246863.16 
246863.29 
246863.43 
246863.55 
246863.68 
246863.82 
246863.94 
246864.06 
246864.18 
246864.31 
246864.44 
246864.56 
246864.69 
246864.83 
246864.95 
246865.09 
246865.21 
246865.34 
246865.48 
246865.61 
246865.74 
246865.87 
246865.99 
246866.12 
246866.25 
246866.38 
246866.50 
246866.63 
246866.76 
246866.89 
246867.02 
246867.15 
246867.27 
246867.40 
246867.53 
246867.66 
246867.78 
246867.92 
246868.04 
246868.17 
246868.30 
246868.43 
246868.56 
246868.68 
246868.82 
246868.94 
246869.08 
246869.21 
246869.34 
246869.47 
246869.60 
246869.72 
246869.85 
246869.98 
246870.11 
246870.23 
246870.37 
246870.49 
246870.62 
246870.75 
246870.87 
246871.00 
246871.13 
246871.26 
246871.39 
246871.51 
246871.63 
246871.76 
246871.88 
246872.01 
246872.14 
246872.28 
246872.40 
246872.52 
246872.65 
246872.77 
246872.91 
246873.04 
246873.17 
246873.30 
246873.42 
246873.55 
246873.68 
246873.82 
246873.96 
246874.08 
246874.20 
246874.32 
246874.45 
246874.58 
246874.71 
246874.84 
246874.96 
246875.10 
246875.23 
246875.36 
246875.48 
246875.61 
246875.73 
246875.86 
246875.99 
246876.12 
246876.25 
246876.38 
246876.50 
246876.64 
246876.76 
246876.89 
246877.02 
246877.14 
246877.27 
246877.40 
246877.53 
246877.66 
246877.78 
246877.92 
246878.05 
246878.17 
246878.31 
246878.44 
246878.57 
246878.70 
246878.83 
246878.95 
246879.08 
246879.21 
246879.34 
246879.47 
246879.60 
246879.72 
246879.85 
246879.98 
246880.12 
246880.25 
246880.39 
246880.53 
246880.66 
246880.79 
246880.92 
246881.04 
246881.17 
246881.30 
246881.42 
246881.55 
246881.68 
246881.81 
246881.94 
246882.06 
246882.19 
246882.31 
246882.44 
246882.57 
246882.70 
246882.83 
246882.97 
246883.10 
246883.24 
246883.37 
246883.50 
246883.63 
246883.75 
246883.88 
246884.01 
246884.14 
246884.26 
246884.39 
246884.52 
246884.65 
246884.78 
246884.91 
246885.03 
246885.16 
246885.30 
246885.42 
246885.56 
246885.69 
246885.82 
246885.94 
246886.07 
246886.20 
246886.33 
246886.45 
246886.58 
246886.72 
246886.84 
246886.97 
246887.11 
246887.23 
246887.36 
246887.48 
246887.61 
246887.74 
246887.87 
246888.01 
246888.13 
246888.26 
246888.39 
246888.52 
246888.66 
246888.78 
246888.90 
246889.03 
246889.16 
246889.28 
246889.41 
246889.54 
246889.67 
246889.79 
246889.92 
246890.05 
246890.17 
246890.30 
246890.42 
246890.55 
246890.68 
246890.81 
246890.94 
246891.07 
246891.20 
246891.34 
246891.47 
246891.60 
246891.74 
246891.87 
246891.99 
246892.12 
246892.25 
246892.38 
246892.51 
246892.63 
246892.75 
246892.88 
246893.01 
246893.14 
246893.28 
246893.40 
246893.52 
246893.64 
246893.77 
246893.89 
246894.02 
246894.15 
246894.28 
246894.41 
246894.54 
246894.67 
246894.80 
246894.94 
246895.07 
246895.20 
246895.33 
246895.46 
246895.59 
246895.71 
246895.84 
246895.97 
246896.10 
246896.23 
246896.36 
246896.48 
246896.63 
246896.75 
246896.87 
246896.99 
246897.11 
246897.25 
246897.37 
246897.51 
246897.63 
246897.75 
246897.88 
246898.01 
246898.14 
246898.26 
246898.39 
246898.53 
246898.65 
246898.78 
246898.91 
246899.04 
246899.16 
246899.29 
246899.42 
246899.55 
246899.68 
246899.80 
246899.93 
246900.06 
246900.19 
246900.33 
246900.46 
246900.59 
246900.71 
246900.84 
246900.97 
246901.11 
246901.24 
246901.37 
246901.50 
246901.63 
246901.76 
246901.88 
246902.01 
246902.14 
246902.27 
246902.39 
246902.52 
246902.64 
246902.76 
246902.88 
246903.00 
246903.13 
246903.26 
246903.39 
246903.53 
246903.66 
246903.79 
246903.92 
246904.05 
246904.18 
246904.31 
246904.43 
246904.56 
246904.69 
246904.82 
246904.95 
246905.08 
246905.21 
246905.34 
246905.47 
246905.60 
246905.72 
246905.85 
246905.97 
246906.11 
246906.26 
246906.40 
246906.53 
246906.65 
246906.78 
246906.91 
246907.04 
246907.16 
246907.30 
246907.42 
246907.54 
246907.67 
246907.79 
246907.92 
246908.05 
246908.18 
246908.30 
246908.43 
246908.56 
246908.69 
246908.82 
246908.94 
246909.06 
246909.20 
246909.34 
246909.46 
246909.59 
246909.71 
246909.84 
246909.96 
246910.08 
246910.20 
246910.33 
246910.46 
246910.58 
246910.71 
246910.84 
246910.97 
246911.10 
246911.24 
246911.38 
246911.51 
246911.63 
246911.76 
246911.89 
246912.02 
246912.15 
246912.28 
246912.40 
246912.53 
246912.65 
246912.77 
246912.90 
246913.02 
246913.15 
246913.27 
246913.41 
246913.55 
246913.67 
246913.80 
246913.93 
246914.06 
246914.19 
246914.32 
246914.45 
246914.59 
246914.71 
246914.85 
246914.98 
246915.11 
246915.24 
246915.37 
246915.50 
246915.63 
246915.76 
246915.89 
246916.03 
246916.15 
246916.29 
246916.42 
246916.54 
246916.67 
246916.80 
246916.93 
246917.05 
246917.18 
246917.31 
246917.43 
246917.56 
246917.69 
246917.82 
246917.94 
246918.07 
246918.19 
246918.31 
246918.44 
246918.57 
246918.70 
246918.82 
246918.95 
246919.08 
246919.21 
246919.34 
246919.47 
246919.60 
246919.73 
246919.86 
246919.98 
246920.11 
246920.25 
246920.37 
246920.50 
246920.63 
246920.76 
246920.88 
246921.02 
246921.15 
246921.28 
246921.42 
246921.54 
246921.67 
246921.80 
246921.93 
246922.07 
246922.21 
246922.35 
246922.47 
246922.61 
246922.75 
246922.87 
246923.00 
246923.13 
246923.25 
246923.38 
246923.51 
246923.64 
246923.77 
246923.90 
246924.03 
246924.16 
246924.30 
246924.43 
246924.55 
246924.68 
246924.81 
246924.94 
246925.07 
246925.21 
246925.34 
246925.47 
246925.59 
246925.72 
246925.85 
246925.99 
246926.12 
246926.25 
246926.38 
246926.51 
246926.65 
246926.78 
246926.91 
246927.03 
246927.16 
246927.29 
246927.42 
246927.54 
246927.67 
246927.80 
246927.94 
246928.06 
246928.18 
246928.31 
246928.44 
246928.56 
246928.70 
246928.83 
246928.95 
246929.08 
246929.21 
246929.34 
246929.46 
246929.59 
246929.73 
246929.85 
246929.98 
246930.10 
246930.24 
246930.36 
246930.49 
246930.62 
246930.75 
246930.88 
246931.01 
246931.15 
246931.28 
246931.41 
246931.55 
246931.67 
246931.80 
246931.94 
246932.06 
246932.19 
246932.32 
246932.46 
246932.59 
246932.72 
246932.86 
246932.99 
246933.12 
246933.25 
246933.37 
246933.49 
246933.62 
246933.74 
246933.88 
246934.00 
246934.13 
246934.26 
246934.38 
246934.51 
246934.64 
246934.77 
246934.89 
246935.02 
246935.15 
246935.28 
246935.41 
246935.54 
246935.67 
246935.80 
246935.93 
246936.05 
246936.18 
246936.31 
246936.44 
246936.57 
246936.70 
246936.83 
246936.97 
246937.08 
246937.21 
246937.34 
246937.46 
246937.59 
246937.72 
246937.85 
246937.98 
246938.11 
246938.23 
246938.36 
246938.50 
246938.63 
246938.76 
246938.89 
246939.02 
246939.15 
246939.28 
246939.42 
246939.55 
246939.68 
246939.81 
246939.93 
246940.06 
246940.18 
246940.31 
246940.44 
246940.57 
246940.70 
246940.83 
246940.95 
246941.08 
246941.22 
246941.35 
246941.47 
246941.59 
246941.71 
246941.83 
246941.96 
246942.09 
246942.22 
246942.35 
246942.48 
246942.60 
246942.74 
246942.86 
246942.98 
246943.11 
246943.25 
246943.37 
246943.50 
246943.62 
246943.75 
246943.88 
246944.01 
246944.14 
246944.26 
246944.40 
246944.53 
246944.66 
246944.79 
246944.92 
246945.05 
246945.18 
246945.31 
246945.45 
246945.58 
246945.71 
246945.83 
246945.96 
246946.10 
246946.24 
246946.38 
246946.51 
246946.64 
246946.76 
246946.89 
246947.01 
246947.14 
246947.26 
246947.39 
246947.52 
246947.65 
246947.78 
246947.90 
246948.02 
246948.15 
246948.27 
246948.40 
246948.52 
246948.65 
246948.77 
246948.90 
246949.02 
246949.14 
246949.25 
246949.38 
246949.51 
246949.63 
246949.76 
246949.88 
246950.00 
246950.13 
246950.25 
246950.38 
246950.50 
246950.63 
246950.75 
246950.87 
246950.99 
246951.11 
246951.24 
246951.37 
246951.50 
246951.63 
246951.77 
246951.91 
246952.05 
246952.19 
246952.32 
246952.45 
246952.57 
246952.70 
246952.83 
246952.96 
246953.09 
246953.21 
246953.34 
246953.46 
246953.58 
246953.71 
246953.83 
246953.95 
246954.08 
246954.20 
246954.32 
246954.46 
246954.59 
246954.73 
246954.86 
246954.98 
246955.11 
246955.24 
246955.37 
246955.50 
246955.62 
246955.75 
246955.88 
246956.01 
246956.14 
246956.26 
246956.39 
246956.52 
246956.65 
246956.78 
246956.92 
246957.04 
246957.16 
246957.28 
246957.41 
246957.53 
246957.66 
246957.79 
246957.91 
246958.04 
246958.17 
246958.30 
246958.43 
246958.55 
246958.68 
246958.81 
246958.94 
246959.07 
246959.20 
246959.33 
246959.46 
246959.59 
246959.71 
246959.84 
246959.97 
246960.11 
246960.23 
246960.36 
246960.49 
246960.62 
246960.74 
246960.87 
246961.00 
246961.13 
246961.26 
246961.38 
246961.52 
246961.65 
246961.78 
246961.92 
246962.06 
246962.19 
246962.31 
246962.44 
246962.57 
246962.70 
246962.82 
246962.96 
246963.08 
246963.21 
246963.34 
246963.47 
246963.59 
246963.72 
246963.85 
246963.98 
246964.11 
246964.24 
246964.37 
246964.49 
246964.62 
246964.75 
246964.87 
246965.00 
246965.14 
246965.26 
246965.39 
246965.52 
246965.65 
246965.78 
246965.91 
246966.03 
246966.16 
246966.29 
246966.42 
246966.54 
246966.67 
246966.79 
246966.92 
246967.05 
246967.17 
246967.30 
246967.43 
246967.55 
246967.68 
246967.81 
246967.93 
246968.06 
246968.19 
246968.32 
246968.46 
246968.58 
246968.72 
246968.84 
246968.98 
246969.10 
246969.22 
246969.35 
246969.48 
246969.62 
246969.75 
246969.89 
246970.02 
246970.15 
246970.28 
246970.42 
246970.54 
246970.67 
246970.81 
246970.92 
246971.05 
246971.18 
246971.31 
246971.43 
246971.57 
246971.69 
246971.82 
246971.95 
246972.08 
246972.22 
246972.35 
246972.47 
246972.60 
246972.73 
246972.86 
246972.99 
246973.12 
246973.25 
246973.39 
246973.51 
246973.64 
246973.77 
246973.91 
246974.02 
246974.15 
246974.28 
246974.41 
246974.53 
246974.65 
246974.78 
246974.91 
246975.05 
246975.18 
246975.31 
246975.45 
246975.58 
246975.70 
246975.83 
246975.97 
246976.10 
246976.23 
246976.36 
246976.49 
246976.62 
246976.74 
246976.88 
246977.00 
246977.13 
246977.26 
246977.39 
246977.51 
246977.64 
246977.78 
246977.91 
246978.03 
246978.17 
246978.30 
246978.42 
246978.54 
246978.67 
246978.80 
246978.93 
246979.07 
246979.19 
246979.32 
246979.44 
246979.56 
246979.70 
246979.82 
246979.96 
246980.09 
246980.22 
246980.34 
246980.47 
246980.59 
246980.72 
246980.84 
246980.97 
246981.09 
246981.22 
246981.34 
246981.47 
246981.59 
246981.71 
246981.84 
246981.96 
246982.08 
246982.21 
246982.33 
246982.45 
246982.58 
246982.71 
246982.83 
246982.97 
246983.10 
246983.23 
246983.35 
246983.49 
246983.61 
246983.74 
246983.87 
246984.00 
246984.13 
246984.25 
246984.38 
246984.51 
246984.63 
246984.76 
246984.89 
246985.03 
246985.17 
246985.29 
246985.41 
246985.53 
246985.66 
246985.80 
246985.93 
246986.06 
246986.18 
246986.30 
246986.43 
246986.56 
246986.69 
246986.82 
246986.95 
246987.07 
246987.20 
246987.34 
246987.47 
246987.60 
246987.74 
246987.86 
246987.99 
246988.12 
246988.25 
246988.39 
246988.51 
246988.64 
246988.76 
246988.89 
246989.02 
246989.15 
246989.27 
246989.40 
246989.53 
246989.66 
246989.79 
246989.92 
246990.05 
246990.18 
246990.30 
246990.43 
246990.56 
246990.68 
246990.81 
246990.94 
246991.07 
246991.20 
246991.34 
246991.46 
246991.59 
246991.72 
246991.85 
246991.98 
246992.10 
246992.23 
246992.36 
246992.49 
246992.63 
246992.76 
246992.89 
246993.02 
246993.15 
246993.28 
246993.42 
246993.55 
246993.67 
246993.80 
246993.93 
246994.06 
246994.20 
246994.33 
246994.46 
246994.59 
246994.71 
246994.84 
246994.96 
246995.09 
246995.22 
246995.34 
246995.47 
246995.59 
246995.72 
246995.84 
246995.97 
246996.09 
246996.22 
246996.34 
246996.47 
246996.59 
246996.72 
246996.84 
246996.97 
246997.09 
246997.21 
246997.34 
246997.46 
246997.59 
246997.71 
246997.84 
246997.97 
246998.09 
246998.21 
246998.34 
246998.46 
246998.58 
246998.71 
246998.83 
246998.95 
246999.08 
246999.20 
246999.33 
246999.46 
246999.59 
246999.72 
246999.84 
246999.97 
247000.10 
247000.24 
247000.36 
247000.49 
247000.62 
247000.75 
247000.88 
247001.01 
247001.13 
247001.26 
247001.38 
247001.52 
247001.65 
247001.77 
247001.91 
247002.05 
247002.17 
247002.30 
247002.42 
247002.56 
247002.68 
247002.81 
247002.94 
247003.07 
247003.20 
247003.34 
247003.47 
247003.60 
247003.74 
247003.88 
247003.99 
247004.12 
247004.24 
247004.37 
247004.50 
247004.63 
247004.77 
247004.90 
247005.03 
247005.15 
247005.27 
247005.40 
247005.53 
247005.66 
247005.79 
247005.91 
247006.04 
247006.17 
247006.30 
247006.43 
247006.56 
247006.70 
247006.82 
247006.95 
247007.08 
247007.21 
247007.34 
247007.47 
247007.60 
247007.73 
247007.86 
247007.99 
247008.11 
247008.25 
247008.38 
247008.51 
247008.64 
247008.75 
247008.88 
247009.00 
247009.12 
247009.24 
247009.37 
247009.50 
247009.63 
247009.75 
247009.88 
247010.00 
247010.13 
247010.27 
247010.42 
247010.54 
247010.67 
247010.79 
247010.91 
247011.03 
247011.14 
247011.28 
247011.42 
247011.55 
247011.68 
247011.80 
247011.93 
247012.06 
247012.19 
247012.32 
247012.44 
247012.57 
247012.70 
247012.82 
247012.95 
247013.09 
247013.21 
247013.34 
247013.47 
247013.59 
247013.73 
247013.85 
247013.98 
247014.11 
247014.23 
247014.36 
247014.49 
247014.61 
247014.74 
247014.87 
247015.00 
247015.13 
247015.26 
247015.39 
247015.51 
247015.64 
247015.77 
247015.90 
247016.03 
247016.17 
247016.30 
247016.43 
247016.56 
247016.68 
247016.82 
247016.95 
247017.07 
247017.20 
247017.32 
247017.45 
247017.58 
247017.71 
247017.84 
247017.96 
247018.09 
247018.22 
247018.35 
247018.48 
247018.62 
247018.75 
247018.87 
247018.99 
247019.13 
247019.26 
247019.38 
247019.51 
247019.64 
247019.77 
247019.90 
247020.03 
247020.16 
247020.30 
247020.43 
247020.56 
247020.68 
247020.81 
247020.94 
247021.07 
247021.19 
247021.32 
247021.45 
247021.58 
247021.71 
247021.85 
247021.98 
247022.11 
247022.23 
247022.37 
247022.49 
247022.62 
247022.75 
247022.88 
247023.03 
247023.17 
247023.30 
247023.42 
247023.55 
247023.68 
247023.81 
247023.94 
247024.07 
247024.19 
247024.32 
247024.45 
247024.57 
247024.70 
247024.82 
247024.95 
247025.07 
247025.20 
247025.32 
247025.45 
247025.58 
247025.70 
247025.82 
247025.95 
247026.08 
247026.21 
247026.33 
247026.45 
247026.58 
247026.71 
247026.83 
247026.96 
247027.09 
247027.22 
247027.36 
247027.49 
247027.61 
247027.74 
247027.87 
247027.99 
247028.12 
247028.25 
247028.37 
247028.49 
247028.62 
247028.75 
247028.87 
247029.00 
247029.12 
247029.25 
247029.37 
247029.50 
247029.63 
247029.75 
247029.88 
247030.00 
247030.13 
247030.25 
247030.38 
247030.50 
247030.63 
247030.76 
247030.88 
247031.01 
247031.13 
247031.26 
247031.38 
247031.51 
247031.63 
247031.75 
247031.88 
247032.00 
247032.13 
247032.26 
247032.38 
247032.51 
247032.63 
247032.75 
247032.87 
247033.00 
247033.13 
247033.25 
247033.39 
247033.52 
247033.65 
247033.78 
247033.91 
247034.04 
247034.17 
247034.30 
247034.42 
247034.55 
247034.68 
247034.81 
247034.94 
247035.07 
247035.20 
247035.33 
247035.47 
247035.60 
247035.73 
247035.87 
247036.00 
247036.12 
247036.25 
247036.38 
247036.51 
247036.63 
247036.76 
247036.89 
247037.01 
247037.14 
247037.27 
247037.40 
247037.53 
247037.66 
247037.79 
247037.91 
247038.04 
247038.17 
247038.30 
247038.43 
247038.56 
247038.69 
247038.82 
247038.95 
247039.08 
247039.21 
247039.34 
247039.47 
247039.60 
247039.72 
247039.85 
247039.97 
247040.10 
247040.23 
247040.36 
247040.49 
247040.61 
247040.74 
247040.86 
247040.99 
247041.12 
247041.25 
247041.38 
247041.51 
247041.63 
247041.76 
247041.89 
247042.01 
247042.12 
247042.25 
247042.37 
247042.50 
247042.62 
247042.75 
247042.88 
247043.01 
247043.14 
247043.27 
247043.39 
247043.52 
247043.65 
247043.78 
247043.91 
247044.04 
247044.16 
247044.28 
247044.41 
247044.54 
247044.66 
247044.79 
247044.92 
247045.05 
247045.18 
247045.30 
247045.43 
247045.55 
247045.68 
247045.81 
247045.93 
247046.06 
247046.19 
247046.31 
247046.44 
247046.57 
247046.69 
247046.82 
247046.95 
247047.07 
247047.20 
247047.33 
247047.46 
247047.58 
247047.71 
247047.84 
247047.97 
247048.09 
247048.22 
247048.35 
247048.48 
247048.61 
247048.75 
247048.88 
247049.00 
247049.11 
247049.24 
247049.37 
247049.50 
247049.62 
247049.75 
247049.90 
247050.01 
247050.14 
247050.26 
247050.39 
247050.52 
247050.65 
247050.79 
247050.91 
247051.03 
247051.16 
247051.29 
247051.42 
247051.54 
247051.67 
247051.80 
247051.93 
247052.06 
247052.19 
247052.31 
247052.44 
247052.57 
247052.70 
247052.82 
247052.95 
247053.08 
247053.21 
247053.34 
247053.46 
247053.59 
247053.72 
247053.85 
247053.97 
247054.10 
247054.23 
247054.35 
247054.48 
247054.61 
247054.76 
247054.88 
247055.02 
247055.15 
247055.27 
247055.41 
247055.54 
247055.66 
247055.80 
247055.92 
247056.05 
247056.18 
247056.32 
247056.45 
247056.57 
247056.71 
247056.85 
247056.98 
247057.12 
247057.25 
247057.37 
247057.49 
247057.61 
247057.73 
247057.85 
247057.99 
247058.11 
247058.23 
247058.36 
247058.49 
247058.62 
247058.74 
247058.87 
247059.00 
247059.13 
247059.26 
247059.38 
247059.51 
247059.64 
247059.77 
247059.90 
247060.02 
247060.15 
247060.29 
247060.42 
247060.55 
247060.68 
247060.81 
247060.93 
247061.06 
247061.20 
247061.33 
247061.45 
247061.58 
247061.71 
247061.83 
247061.96 
247062.09 
247062.22 
247062.36 
247062.48 
247062.62 
247062.76 
247062.87 
247063.00 
247063.13 
247063.26 
247063.39 
247063.52 
247063.65 
247063.79 
247063.92 
247064.05 
247064.18 
247064.30 
247064.43 
247064.55 
247064.68 
247064.81 
247064.94 
247065.07 
247065.19 
247065.32 
247065.45 
247065.58 
247065.71 
247065.83 
247065.97 
247066.10 
247066.24 
247066.36 
247066.49 
247066.62 
247066.75 
247066.87 
247067.01 
247067.14 
247067.27 
247067.40 
247067.53 
247067.66 
247067.80 
247067.93 
247068.06 
247068.19 
247068.33 
247068.48 
247068.61 
247068.73 
247068.86 
247068.98 
247069.11 
247069.23 
247069.36 
247069.48 
247069.60 
247069.73 
247069.85 
247069.98 
247070.11 
247070.23 
247070.36 
247070.49 
247070.62 
247070.74 
247070.87 
247070.99 
247071.12 
247071.24 
247071.37 
247071.50 
247071.63 
247071.75 
247071.89 
247072.02 
247072.15 
247072.28 
247072.41 
247072.54 
247072.67 
247072.79 
247072.91 
247073.03 
247073.16 
247073.28 
247073.40 
247073.53 
247073.66 
247073.78 
247073.91 
247074.04 
247074.17 
247074.29 
247074.42 
247074.54 
247074.67 
247074.81 
247074.94 
247075.07 
247075.20 
247075.33 
247075.46 
247075.59 
247075.71 
247075.84 
247075.98 
247076.10 
247076.23 
247076.35 
247076.47 
247076.60 
247076.73 
247076.86 
247076.99 
247077.12 
247077.24 
247077.37 
247077.50 
247077.63 
247077.76 
247077.88 
247078.01 
247078.14 
247078.27 
247078.41 
247078.53 
247078.67 
247078.80 
247078.94 
247079.07 
247079.20 
247079.33 
247079.46 
247079.59 
247079.72 
247079.85 
247079.98 
247080.11 
247080.25 
247080.38 
247080.53 
247080.65 
247080.78 
247080.90 
247081.03 
247081.17 
247081.29 
247081.41 
247081.54 
247081.68 
247081.82 
247081.93 
247082.06 
247082.18 
247082.31 
247082.44 
247082.57 
247082.70 
247082.82 
247082.95 
247083.09 
247083.22 
247083.35 
247083.48 
247083.60 
247083.74 
247083.87 
247084.00 
247084.13 
247084.25 
247084.38 
247084.52 
247084.64 
247084.77 
247084.90 
247085.03 
247085.15 
247085.28 
247085.41 
247085.54 
247085.67 
247085.80 
247085.93 
247086.07 
247086.19 
247086.31 
247086.45 
247086.58 
247086.71 
247086.84 
247086.97 
247087.10 
247087.23 
247087.36 
247087.49 
247087.62 
247087.76 
247087.90 
247088.03 
247088.16 
247088.29 
247088.41 
247088.55 
247088.68 
247088.81 
247088.93 
247089.06 
247089.18 
247089.30 
247089.43 
247089.56 
247089.68 
247089.81 
247089.94 
247090.07 
247090.19 
247090.32 
247090.45 
247090.58 
247090.71 
247090.84 
247090.96 
247091.10 
247091.23 
247091.35 
247091.49 
247091.62 
247091.74 
247091.87 
247092.01 
247092.14 
247092.27 
247092.39 
247092.53 
247092.66 
247092.78 
247092.91 
247093.03 
247093.16 
247093.29 
247093.42 
247093.55 
247093.67 
247093.80 
247093.93 
247094.05 
247094.18 
247094.31 
247094.44 
247094.56 
247094.69 
247094.82 
247094.95 
247095.07 
247095.20 
247095.33 
247095.45 
247095.57 
247095.70 
247095.83 
247095.96 
247096.09 
247096.23 
247096.36 
247096.49 
247096.62 
247096.74 
247096.88 
247097.01 
247097.13 
247097.26 
247097.38 
247097.51 
247097.64 
247097.77 
247097.89 
247098.02 
247098.16 
247098.28 
247098.41 
247098.53 
247098.66 
247098.79 
247098.92 
247099.04 
247099.17 
247099.30 
247099.43 
247099.55 
247099.68 
247099.81 
247099.94 
247100.06 
247100.20 
247100.32 
247100.45 
247100.59 
247100.71 
247100.84 
247100.97 
247101.10 
247101.23 
247101.35 
247101.48 
247101.62 
247101.74 
247101.87 
247102.00 
247102.13 
247102.26 
247102.38 
247102.51 
247102.64 
247102.77 
247102.90 
247103.03 
247103.16 
247103.29 
247103.42 
247103.54 
247103.67 
247103.79 
247103.91 
247104.03 
247104.16 
247104.28 
247104.41 
247104.54 
247104.66 
247104.79 
247104.92 
247105.05 
247105.18 
247105.30 
247105.43 
247105.57 
247105.70 
247105.83 
247105.96 
247106.08 
247106.21 
247106.35 
247106.47 
247106.60 
247106.73 
247106.86 
247106.98 
247107.11 
247107.24 
247107.37 
247107.49 
247107.62 
247107.76 
247107.89 
247108.02 
247108.15 
247108.29 
247108.42 
247108.55 
247108.67 
247108.81 
247108.94 
247109.08 
247109.20 
247109.32 
247109.45 
247109.57 
247109.70 
247109.83 
247109.95 
247110.08 
247110.21 
247110.34 
247110.46 
247110.59 
247110.72 
247110.85 
247110.98 
247111.11 
247111.23 
247111.37 
247111.50 
247111.62 
247111.76 
247111.89 
247112.03 
247112.15 
247112.28 
247112.41 
247112.56 
247112.68 
247112.80 
247112.92 
247113.05 
247113.17 
247113.30 
247113.42 
247113.55 
247113.68 
247113.80 
247113.93 
247114.06 
247114.20 
247114.32 
247114.45 
247114.58 
247114.70 
247114.83 
247114.95 
247115.08 
247115.21 
247115.34 
247115.47 
247115.59 
247115.72 
247115.84 
247115.97 
247116.10 
247116.24 
247116.36 
247116.49 
247116.61 
247116.74 
247116.86 
247116.98 
247117.10 
247117.23 
247117.35 
247117.48 
247117.59 
247117.70 
247117.82 
247117.92 
247118.03 
247118.15 
247118.29 
247118.39 
247118.50 
247118.61 
247118.72 
247118.83 
247118.94 
247119.05 
247119.16 
247119.27 
247119.37 
247119.48 
247119.59 
247119.70 
247119.81 
247119.95 
247120.06 
247120.19 
247120.30 
247120.43 
247120.54 
247120.65 
247120.76 
247120.89 
247121.00 
247121.11 
247121.22 
247121.35 
247121.46 
247121.57 
247121.71 
247121.82 
247121.93 
247122.04 
247122.14 
247122.27 
247122.38 
247122.49 
247122.60 
247122.71 
247122.82 
247122.93 
247123.06 
247123.17 
247123.28 
247123.38 
247123.51 
247123.62 
247123.73 
247123.84 
247123.95 
247124.05 
247124.17 
247124.29 
247124.41 
247124.53 
247124.67 
247124.79 
247124.92 
247125.05 
247125.17 
247125.29 
247125.41 
247125.53 
247125.65 
247125.80 
247125.94 
247126.06 
247126.18 
247126.31 
247126.43 
247126.55 
247126.67 
247126.80 
247126.92 
247127.05 
247127.19 
247127.31 
247127.44 
247127.56 
247127.69 
247127.81 
247127.94 
247128.07 
247128.20 
247128.32 
247128.44 
247128.57 
247128.69 
247128.81 
247128.94 
247129.06 
247129.18 
247129.30 
247129.43 
247129.56 
247129.69 
247129.81 
247129.94 
247130.07 
247130.20 
247130.33 
247130.45 
247130.58 
247130.70 
247130.83 
247130.95 
247131.08 
247131.21 
247131.34 
247131.45 
247131.57 
247131.70 
247131.82 
247131.94 
247132.07 
247132.19 
247132.32 
247132.45 
247132.57 
247132.70 
247132.82 
247132.94 
247133.06 
247133.19 
247133.32 
247133.44 
247133.57 
247133.69 
247133.82 
247133.94 
247134.07 
247134.19 
247134.32 
247134.45 
247134.57 
247134.70 
247134.82 
247134.95 
247135.07 
247135.19 
247135.32 
247135.44 
247135.56 
247135.69 
247135.81 
247135.94 
247136.07 
247136.20 
247136.33 
247136.45 
247136.58 
247136.72 
247136.85 
247136.99 
247137.10 
247137.23 
247137.35 
247137.47 
247137.59 
247137.72 
247137.84 
247137.96 
247138.09 
247138.21 
247138.34 
247138.47 
247138.60 
247138.73 
247138.85 
247138.98 
247139.11 
247139.24 
247139.37 
247139.49 
247139.61 
247139.74 
247139.86 
247140.00 
247140.12 
247140.25 
247140.36 
247140.49 
247140.62 
247140.74 
247140.87 
247141.00 
247141.13 
247141.25 
247141.37 
247141.50 
247141.62 
247141.75 
247141.87 
247142.00 
247142.13 
247142.25 
247142.38 
247142.50 
247142.64 
247142.76 
247142.90 
247143.03 
247143.14 
247143.26 
247143.38 
247143.51 
247143.64 
247143.77 
247143.90 
247144.02 
247144.15 
247144.27 
247144.39 
247144.52 
247144.64 
247144.77 
247144.89 
247145.02 
247145.14 
247145.27 
247145.39 
247145.51 
247145.64 
247145.76 
247145.88 
247146.01 
247146.13 
247146.25 
247146.37 
247146.50 
247146.62 
247146.74 
247146.87 
247146.99 
247147.11 
247147.23 
247147.36 
247147.48 
247147.60 
247147.73 
247147.85 
247147.97 
247148.09 
247148.22 
247148.34 
247148.46 
247148.58 
247148.71 
247148.83 
247148.95 
247149.07 
247149.19 
247149.32 
247149.45 
247149.57 
247149.70 
247149.82 
247149.94 
247150.07 
247150.20 
247150.33 
247150.45 
247150.58 
247150.70 
247150.83 
247150.97 
247151.10 
247151.22 
247151.35 
247151.49 
247151.61 
247151.73 
247151.86 
247151.99 
247152.11 
247152.23 
247152.36 
247152.49 
247152.61 
247152.74 
247152.87 
247152.99 
247153.12 
247153.24 
247153.37 
247153.49 
247153.62 
247153.74 
247153.87 
247154.00 
247154.12 
247154.25 
247154.37 
247154.49 
247154.61 
247154.74 
247154.86 
247154.98 
247155.10 
247155.21 
247155.33 
247155.46 
247155.58 
247155.70 
247155.83 
247155.95 
247156.08 
247156.20 
247156.33 
247156.45 
247156.58 
247156.70 
247156.83 
247156.95 
247157.08 
247157.21 
247157.34 
247157.46 
247157.59 
247157.72 
247157.84 
247157.97 
247158.09 
247158.20 
247158.33 
247158.45 
247158.57 
247158.68 
247158.79 
247158.91 
247159.04 
247159.16 
247159.28 
247159.42 
247159.55 
247159.67 
247159.81 
247159.94 
247160.06 
247160.19 
247160.33 
247160.45 
247160.58 
247160.70 
247160.82 
247160.95 
247161.07 
247161.19 
247161.31 
247161.44 
247161.56 
247161.69 
247161.81 
247161.94 
247162.07 
247162.20 
247162.33 
247162.46 
247162.60 
247162.72 
247162.85 
247162.98 
247163.11 
247163.23 
247163.35 
247163.48 
247163.61 
247163.74 
247163.87 
247164.00 
247164.13 
247164.26 
247164.40 
247164.52 
247164.65 
247164.79 
247164.91 
247165.04 
247165.17 
247165.30 
247165.43 
247165.56 
247165.68 
247165.81 
247165.94 
247166.08 
247166.21 
247166.33 
247166.45 
247166.57 
247166.70 
247166.83 
247166.95 
247167.08 
247167.22 
247167.36 
247167.49 
247167.62 
247167.74 
247167.86 
247168.00 
247168.12 
247168.25 
247168.38 
247168.52 
247168.64 
247168.77 
247168.90 
247169.02 
247169.15 
247169.28 
247169.41 
247169.53 
247169.67 
247169.80 
247169.93 
247170.05 
247170.18 
247170.32 
247170.44 
247170.58 
247170.70 
247170.84 
247170.98 
247171.10 
247171.22 
247171.35 
247171.48 
247171.61 
247171.74 
247171.87 
247171.99 
247172.12 
247172.25 
247172.39 
247172.50 
247172.63 
247172.76 
247172.90 
247173.02 
247173.16 
247173.29 
247173.42 
247173.54 
247173.67 
247173.81 
247173.94 
247174.07 
247174.19 
247174.31 
247174.43 
247174.55 
247174.68 
247174.80 
247174.92 
247175.05 
247175.18 
247175.31 
247175.43 
247175.56 
247175.69 
247175.82 
247175.95 
247176.08 
247176.20 
247176.33 
247176.45 
247176.59 
247176.71 
247176.84 
247176.97 
247177.10 
247177.24 
247177.37 
247177.50 
247177.62 
247177.75 
247177.88 
247178.01 
247178.14 
247178.27 
247178.40 
247178.53 
247178.65 
247178.79 
247178.91 
247179.04 
247179.17 
247179.30 
247179.43 
247179.55 
247179.68 
247179.81 
247179.94 
247180.07 
247180.20 
247180.34 
247180.47 
247180.59 
247180.73 
247180.86 
247180.98 
247181.11 
247181.25 
247181.37 
247181.50 
247181.62 
247181.75 
247181.88 
247182.01 
247182.14 
247182.27 
247182.39 
247182.52 
247182.65 
247182.78 
247182.91 
247183.04 
247183.17 
247183.31 
247183.43 
247183.57 
247183.70 
247183.83 
247183.96 
247184.09 
247184.22 
247184.34 
247184.48 
247184.61 
247184.75 
247184.87 
247185.01 
247185.14 
247185.28 
247185.40 
247185.52 
247185.64 
247185.77 
247185.90 
247186.03 
247186.16 
247186.30 
247186.43 
247186.55 
247186.68 
247186.81 
247186.94 
247187.08 
247187.22 
247187.33 
247187.46 
247187.58 
247187.72 
247187.85 
247187.98 
247188.11 
247188.25 
247188.36 
247188.51 
247188.64 
247188.77 
247188.89 
247189.03 
247189.15 
247189.27 
247189.40 
247189.52 
247189.65 
247189.77 
247189.89 
247190.01 
247190.12 
247190.25 
247190.37 
247190.49 
247190.62 
247190.75 
247190.88 
247191.00 
247191.13 
247191.26 
247191.39 
247191.52 
247191.65 
247191.77 
247191.90 
247192.03 
247192.16 
247192.28 
247192.41 
247192.53 
247192.67 
247192.79 
247192.92 
247193.05 
247193.19 
247193.32 
247193.45 
247193.58 
247193.72 
247193.83 
247193.96 
247194.08 
247194.21 
247194.34 
247194.47 
247194.59 
247194.72 
247194.85 
247194.99 
247195.12 
247195.25 
247195.37 
247195.51 
247195.64 
247195.76 
247195.90 
247196.04 
247196.16 
247196.28 
247196.41 
247196.54 
247196.67 
247196.80 
247196.93 
247197.05 
247197.19 
247197.33 
247197.45 
247197.58 
247197.71 
247197.84 
247197.98 
247198.11 
247198.24 
247198.37 
247198.51 
247198.64 
247198.76 
247198.89 
247199.03 
247199.17 
247199.30 
247199.42 
247199.53 
247199.66 
247199.78 
247199.90 
247200.04 
247200.17 
247200.30 
247200.44 
247200.58 
247200.71 
247200.83 
247200.95 
247201.08 
247201.20 
247201.33 
247201.47 
247201.60 
247201.72 
247201.85 
247201.98 
247202.10 
247202.23 
247202.36 
247202.49 
247202.62 
247202.75 
247202.87 
247203.01 
247203.14 
247203.26 
247203.39 
247203.52 
247203.64 
247203.77 
247203.90 
247204.03 
247204.16 
247204.29 
247204.43 
247204.55 
247204.68 
247204.81 
247204.95 
247205.08 
247205.21 
247205.34 
247205.46 
247205.59 
247205.71 
247205.84 
247205.96 
247206.09 
247206.22 
247206.34 
247206.47 
247206.60 
247206.73 
247206.87 
247207.00 
247207.13 
247207.26 
247207.39 
247207.51 
247207.64 
247207.77 
247207.91 
247208.04 
247208.17 
247208.30 
247208.43 
247208.55 
247208.68 
247208.82 
247208.94 
247209.06 
247209.20 
247209.34 
247209.47 
247209.60 
247209.73 
247209.86 
247209.98 
247210.11 
247210.23 
247210.36 
247210.48 
247210.61 
247210.73 
247210.86 
247210.98 
247211.10 
247211.23 
247211.35 
247211.48 
247211.61 
247211.74 
247211.87 
247211.99 
247212.12 
247212.25 
247212.39 
247212.53 
247212.66 
247212.78 
247212.91 
247213.04 
247213.17 
247213.29 
247213.42 
247213.55 
247213.67 
247213.80 
247213.92 
247214.04 
247214.16 
247214.28 
247214.40 
247214.54 
247214.67 
247214.79 
247214.92 
247215.06 
247215.18 
247215.31 
247215.44 
247215.57 
247215.70 
247215.83 
247215.95 
247216.08 
247216.20 
247216.33 
247216.46 
247216.59 
247216.72 
247216.85 
247216.99 
247217.11 
247217.25 
247217.37 
247217.51 
247217.63 
247217.75 
247217.88 
247218.00 
247218.14 
247218.26 
247218.39 
247218.53 
247218.65 
247218.78 
247218.92 
247219.04 
247219.18 
247219.29 
247219.42 
247219.54 
247219.67 
247219.80 
247219.93 
247220.06 
247220.18 
247220.31 
247220.44 
247220.57 
247220.70 
247220.83 
247220.96 
247221.07 
247221.19 
247221.32 
247221.44 
247221.56 
247221.69 
247221.82 
247221.95 
247222.07 
247222.21 
247222.35 
247222.47 
247222.59 
247222.72 
247222.84 
247222.97 
247223.10 
247223.23 
247223.35 
247223.48 
247223.61 
247223.74 
247223.87 
247224.00 
247224.14 
247224.26 
247224.39 
247224.52 
247224.65 
247224.78 
247224.92 
247225.05 
247225.18 
247225.31 
247225.44 
247225.57 
247225.70 
247225.84 
247225.96 
247226.09 
247226.22 
247226.34 
247226.47 
247226.60 
247226.73 
247226.86 
247226.98 
247227.11 
247227.24 
247227.37 
247227.50 
247227.62 
247227.75 
247227.88 
247228.01 
247228.14 
247228.27 
247228.40 
247228.53 
247228.66 
247228.80 
247228.92 
247229.05 
247229.18 
247229.31 
247229.44 
247229.56 
247229.69 
247229.82 
247229.94 
247230.07 
247230.20 
247230.34 
247230.46 
247230.59 
247230.72 
247230.84 
247230.97 
247231.10 
247231.22 
247231.35 
247231.49 
247231.61 
247231.75 
247231.88 
247232.01 
247232.14 
247232.27 
247232.39 
247232.52 
247232.65 
247232.78 
247232.92 
247233.04 
247233.17 
247233.32 
247233.45 
247233.59 
247233.73 
247233.86 
247233.98 
247234.10 
247234.22 
247234.34 
247234.47 
247234.59 
247234.71 
247234.85 
247234.97 
247235.11 
247235.24 
247235.37 
247235.50 
247235.64 
247235.78 
247235.91 
247236.04 
247236.17 
247236.30 
247236.43 
247236.55 
247236.67 
247236.79 
247236.92 
247237.05 
247237.18 
247237.31 
247237.43 
247237.56 
247237.69 
247237.83 
247237.95 
247238.07 
247238.20 
247238.33 
247238.46 
247238.59 
247238.72 
247238.84 
247238.97 
247239.10 
247239.23 
247239.35 
247239.48 
247239.60 
247239.73 
247239.85 
247239.98 
247240.11 
247240.23 
247240.36 
247240.51 
247240.63 
247240.77 
247240.89 
247241.03 
247241.14 
247241.28 
247241.41 
247241.54 
247241.67 
247241.80 
247241.93 
247242.05 
247242.19 
247242.31 
247242.44 
247242.57 
247242.68 
247242.81 
247242.94 
247243.06 
247243.19 
247243.32 
247243.44 
247243.59 
247243.72 
247243.85 
247243.98 
247244.11 
247244.23 
247244.36 
247244.49 
247244.62 
247244.74 
247244.87 
247245.00 
247245.13 
247245.26 
247245.39 
247245.51 
247245.64 
247245.77 
247245.90 
247246.03 
247246.15 
247246.28 
247246.41 
247246.54 
247246.67 
247246.79 
247246.92 
247247.05 
247247.18 
247247.31 
247247.44 
247247.56 
247247.70 
247247.82 
247247.95 
247248.07 
247248.21 
247248.33 
247248.45 
247248.58 
247248.70 
247248.83 
247248.96 
247249.09 
247249.22 
247249.35 
247249.49 
247249.62 
247249.75 
247249.87 
247250.01 
247250.15 
247250.27 
247250.40 
247250.53 
247250.67 
247250.79 
247250.92 
247251.05 
247251.18 
247251.31 
247251.44 
247251.57 
247251.71 
247251.83 
247251.96 
247252.10 
247252.23 
247252.34 
247252.48 
247252.60 
247252.73 
247252.86 
247252.98 
247253.11 
247253.24 
247253.37 
247253.50 
247253.63 
247253.76 
247253.90 
247254.03 
247254.15 
247254.27 
247254.39 
247254.53 
247254.65 
247254.78 
247254.91 
247255.03 
247255.17 
247255.30 
247255.43 
247255.56 
247255.69 
247255.81 
247255.94 
247256.08 
247256.20 
247256.33 
247256.45 
247256.59 
247256.72 
247256.84 
247256.98 
247257.10 
247257.24 
247257.37 
247257.50 
247257.62 
247257.75 
247257.87 
247258.01 
247258.14 
247258.27 
247258.40 
247258.53 
247258.66 
247258.81 
247258.95 
247259.07 
247259.20 
247259.33 
247259.45 
247259.58 
247259.70 
247259.83 
247259.95 
247260.08 
247260.21 
247260.34 
247260.46 
247260.59 
247260.71 
247260.84 
247260.96 
247261.09 
247261.22 
247261.34 
247261.47 
247261.59 
247261.72 
247261.84 
247261.97 
247262.10 
247262.22 
247262.35 
247262.47 
247262.60 
247262.72 
247262.85 
247262.97 
247263.10 
247263.22 
247263.35 
247263.47 
247263.60 
247263.72 
247263.85 
247263.97 
247264.10 
247264.23 
247264.35 
247264.48 
247264.61 
247264.73 
247264.86 
247264.99 
247265.11 
247265.24 
247265.36 
247265.49 
247265.61 
247265.74 
247265.86 
247265.99 
247266.12 
247266.24 
247266.37 
247266.49 
247266.62 
247266.74 
247266.87 
247266.99 
247267.12 
247267.25 
247267.37 
247267.49 
247267.60 
247267.72 
247267.84 
247267.96 
247268.08 
247268.21 
247268.34 
247268.47 
247268.60 
247268.73 
247268.86 
247268.98 
247269.12 
247269.24 
247269.37 
247269.49 
247269.62 
247269.75 
247269.88 
247270.01 
247270.14 
247270.27 
247270.39 
247270.52 
247270.66 
247270.78 
247270.91 
247271.03 
247271.15 
247271.29 
247271.42 
247271.55 
247271.67 
247271.80 
247271.93 
247272.05 
247272.17 
247272.30 
247272.42 
247272.56 
247272.68 
247272.81 
247272.93 
247273.06 
247273.18 
247273.32 
247273.44 
247273.56 
247273.70 
247273.82 
247273.94 
247274.07 
247274.20 
247274.33 
247274.45 
247274.58 
247274.72 
247274.84 
247274.97 
247275.10 
247275.24 
247275.36 
247275.49 
247275.62 
247275.74 
247275.86 
247275.99 
247276.12 
247276.24 
247276.37 
247276.51 
247276.63 
247276.76 
247276.89 
247277.02 
247277.14 
247277.28 
247277.42 
247277.53 
247277.66 
247277.79 
247277.91 
247278.04 
247278.17 
247278.30 
247278.44 
247278.57 
247278.69 
247278.81 
247278.94 
247279.06 
247279.20 
247279.33 
247279.46 
247279.60 
247279.74 
247279.86 
247279.99 
247280.12 
247280.25 
247280.38 
247280.50 
247280.63 
247280.77 
247280.89 
247281.02 
247281.15 
247281.27 
247281.40 
247281.53 
247281.66 
247281.78 
247281.91 
247282.04 
247282.17 
247282.30 
247282.43 
247282.56 
247282.69 
247282.82 
247282.94 
247283.06 
247283.18 
247283.30 
247283.44 
247283.56 
247283.70 
247283.84 
247283.96 
247284.10 
247284.23 
247284.36 
247284.48 
247284.61 
247284.73 
247284.86 
247284.98 
247285.11 
247285.23 
247285.36 
247285.48 
247285.61 
247285.73 
247285.86 
247285.98 
247286.11 
247286.23 
247286.36 
247286.48 
247286.61 
247286.73 
247286.86 
247286.98 
247287.11 
247287.23 
247287.36 
247287.49 
247287.61 
247287.74 
247287.87 
247287.99 
247288.12 
247288.24 
247288.37 
247288.49 
247288.62 
247288.75 
247288.87 
247289.00 
247289.12 
247289.25 
247289.37 
247289.50 
247289.62 
247289.75 
247289.87 
247290.00 
247290.13 
247290.25 
247290.38 
247290.51 
247290.63 
247290.76 
247290.88 
247291.01 
247291.14 
247291.26 
247291.39 
247291.52 
247291.65 
247291.78 
247291.91 
247292.04 
247292.17 
247292.30 
247292.42 
247292.55 
247292.68 
247292.81 
247292.94 
247293.07 
247293.20 
247293.32 
247293.45 
247293.58 
247293.71 
247293.84 
247293.96 
247294.09 
247294.22 
247294.35 
247294.49 
247294.60 
247294.73 
247294.86 
247294.99 
247295.11 
247295.24 
247295.37 
247295.50 
247295.62 
247295.75 
247295.88 
247296.01 
247296.14 
247296.27 
247296.40 
247296.53 
247296.65 
247296.78 
247296.90 
247297.03 
247297.16 
247297.28 
247297.42 
247297.54 
247297.68 
247297.82 
247297.94 
247298.07 
247298.20 
247298.33 
247298.45 
247298.57 
247298.69 
247298.82 
247298.95 
247299.07 
247299.20 
247299.33 
247299.46 
247299.59 
247299.71 
247299.84 
247299.97 
247300.11 
247300.24 
247300.36 
247300.49 
247300.62 
247300.75 
247300.88 
247301.01 
247301.14 
247301.27 
247301.40 
247301.53 
247301.66 
247301.80 
247301.94 
247302.06 
247302.18 
247302.31 
247302.44 
247302.57 
247302.68 
247302.80 
247302.93 
247303.06 
247303.19 
247303.32 
247303.44 
247303.57 
247303.72 
247303.84 
247303.96 
247304.08 
247304.20 
247304.33 
247304.46 
247304.59 
247304.72 
247304.84 
247304.97 
247305.10 
247305.24 
247305.37 
247305.50 
247305.63 
247305.76 
247305.90 
247306.03 
247306.16 
247306.28 
247306.42 
247306.54 
247306.67 
247306.81 
247306.94 
247307.06 
247307.19 
247307.32 
247307.45 
247307.57 
247307.71 
247307.84 
247307.96 
247308.09 
247308.22 
247308.35 
247308.49 
247308.62 
247308.74 
247308.87 
247309.00 
247309.13 
247309.26 
247309.38 
247309.52 
247309.64 
247309.78 
247309.90 
247310.02 
247310.15 
247310.28 
247310.41 
247310.54 
247310.67 
247310.80 
247310.94 
247311.07 
247311.20 
247311.32 
247311.45 
247311.58 
247311.70 
247311.83 
247311.96 
247312.09 
247312.22 
247312.35 
247312.47 
247312.61 
247312.75 
247312.88 
247313.00 
247313.13 
247313.26 
247313.39 
247313.53 
247313.66 
247313.80 
247313.93 
247314.06 
247314.20 
247314.32 
247314.44 
247314.57 
247314.69 
247314.82 
247314.94 
247315.07 
247315.19 
247315.33 
247315.46 
247315.58 
247315.71 
247315.84 
247315.96 
247316.10 
247316.22 
247316.35 
247316.48 
247316.61 
247316.73 
247316.86 
247316.98 
247317.10 
247317.22 
247317.35 
247317.47 
247317.59 
247317.72 
247317.85 
247317.98 
247318.11 
247318.24 
247318.37 
247318.50 
247318.63 
247318.76 
247318.89 
247319.02 
247319.16 
247319.27 
247319.40 
247319.53 
247319.66 
247319.79 
247319.92 
247320.05 
247320.18 
247320.31 
247320.44 
247320.57 
247320.69 
247320.83 
247320.95 
247321.08 
247321.22 
247321.34 
247321.47 
247321.61 
247321.74 
247321.88 
247322.00 
247322.13 
247322.26 
247322.38 
247322.51 
247322.64 
247322.76 
247322.89 
247323.02 
247323.15 
247323.28 
247323.41 
247323.55 
247323.67 
247323.80 
247323.93 
247324.06 
247324.19 
247324.32 
247324.45 
247324.58 
247324.72 
247324.84 
247324.95 
247325.08 
247325.21 
247325.34 
247325.47 
247325.61 
247325.74 
247325.86 
247326.00 
247326.12 
247326.25 
247326.38 
247326.51 
247326.64 
247326.77 
247326.90 
247327.03 
247327.16 
247327.29 
247327.42 
247327.55 
247327.67 
247327.80 
247327.93 
247328.07 
247328.19 
247328.31 
247328.44 
247328.57 
247328.70 
247328.82 
247328.95 
247329.08 
247329.21 
247329.34 
247329.46 
247329.59 
247329.71 
247329.83 
247329.96 
247330.09 
247330.22 
247330.34 
247330.47 
247330.60 
247330.74 
247330.88 
247331.00 
247331.14 
247331.28 
247331.41 
247331.53 
247331.66 
247331.78 
247331.91 
247332.04 
247332.16 
247332.29 
247332.42 
247332.56 
247332.70 
247332.82 
247332.94 
247333.07 
247333.22 
247333.34 
247333.47 
247333.59 
247333.72 
247333.85 
247333.97 
247334.10 
247334.23 
247334.35 
247334.48 
247334.61 
247334.74 
247334.88 
247335.00 
247335.13 
247335.26 
247335.39 
247335.51 
247335.64 
247335.77 
247335.89 
247336.02 
247336.15 
247336.27 
247336.40 
247336.53 
247336.65 
247336.78 
247336.90 
247337.03 
247337.16 
247337.29 
247337.42 
247337.54 
247337.67 
247337.80 
247337.92 
247338.05 
247338.17 
247338.31 
247338.44 
247338.58 
247338.71 
247338.83 
247338.97 
247339.11 
247339.25 
247339.38 
247339.51 
247339.65 
247339.78 
247339.90 
247340.03 
247340.16 
247340.29 
247340.41 
247340.54 
247340.68 
247340.81 
247340.93 
247341.05 
247341.16 
247341.30 
247341.42 
247341.55 
247341.67 
247341.80 
247341.93 
247342.05 
247342.17 
247342.30 
247342.42 
247342.56 
247342.69 
247342.82 
247342.95 
247343.09 
247343.21 
247343.34 
247343.46 
247343.59 
247343.72 
247343.85 
247343.98 
247344.11 
247344.24 
247344.36 
247344.50 
247344.63 
247344.77 
247344.88 
247345.00 
247345.12 
247345.25 
247345.38 
247345.52 
247345.65 
247345.78 
247345.92 
247346.05 
247346.20 
247346.32 
247346.44 
247346.57 
247346.70 
247346.83 
247346.96 
247347.08 
247347.21 
247347.34 
247347.47 
247347.59 
247347.73 
247347.85 
247347.98 
247348.10 
247348.24 
247348.36 
247348.49 
247348.62 
247348.74 
247348.88 
247349.01 
247349.13 
247349.26 
247349.39 
247349.52 
247349.65 
247349.78 
247349.91 
247350.03 
247350.17 
247350.30 
247350.43 
247350.55 
247350.68 
247350.81 
247350.94 
247351.06 
247351.19 
247351.31 
247351.44 
247351.58 
247351.71 
247351.84 
247351.98 
247352.11 
247352.24 
247352.37 
247352.51 
247352.64 
247352.76 
247352.89 
247353.01 
247353.14 
247353.27 
247353.41 
247353.53 
247353.67 
247353.79 
247353.92 
247354.04 
247354.17 
247354.29 
247354.42 
247354.55 
247354.68 
247354.81 
247354.94 
247355.06 
247355.19 
247355.32 
247355.45 
247355.58 
247355.72 
247355.84 
247355.97 
247356.09 
247356.23 
247356.35 
247356.47 
247356.62 
247356.73 
247356.86 
247356.98 
247357.12 
247357.24 
247357.37 
247357.49 
247357.61 
247357.73 
247357.86 
247357.97 
247358.10 
247358.23 
247358.35 
247358.46 
247358.61 
247358.74 
247358.85 
247358.95 
247359.07 
247359.19 
247359.31 
247359.43 
247359.55 
247359.67 
247359.79 
247359.90 
247360.02 
247360.14 
247360.26 
247360.38 
247360.50 
247360.62 
247360.73 
247360.85 
247360.97 
247361.09 
247361.21 
247361.33 
247361.45 
247361.57 
247361.69 
247361.80 
247361.92 
247362.04 
247362.16 
247362.28 
247362.39 
247362.51 
247362.63 
247362.75 
247362.87 
247363.00 
247363.12 
247363.24 
247363.36 
247363.49 
247363.62 
247363.74 
247363.86 
247363.98 
247364.10 
247364.23 
247364.35 
247364.47 
247364.61 
247364.73 
247364.86 
247364.99 
247365.12 
247365.24 
247365.38 
247365.50 
247365.63 
247365.76 
247365.89 
247366.01 
247366.15 
247366.27 
247366.40 
247366.52 
247366.66 
247366.78 
247366.91 
247367.04 
247367.17 
247367.29 
247367.42 
247367.55 
247367.68 
247367.81 
247367.93 
247368.06 
247368.19 
247368.32 
247368.44 
247368.57 
247368.70 
247368.83 
247368.96 
247369.09 
247369.21 
247369.35 
247369.47 
247369.60 
247369.72 
247369.85 
247370.00 
247370.12 
247370.25 
247370.40 
247370.53 
247370.66 
247370.80 
247370.93 
247371.06 
247371.18 
247371.31 
247371.45 
247371.58 
247371.71 
247371.83 
247371.95 
247372.08 
247372.21 
247372.33 
247372.46 
247372.59 
247372.72 
247372.84 
247372.98 
247373.10 
247373.23 
247373.36 
247373.49 
247373.61 
247373.74 
247373.87 
247374.00 
247374.12 
247374.25 
247374.38 
247374.51 
247374.64 
247374.76 
247374.90 
247375.02 
247375.15 
247375.28 
247375.41 
247375.53 
247375.67 
247375.79 
247375.92 
247376.04 
247376.18 
247376.30 
247376.43 
247376.56 
247376.69 
247376.81 
247376.94 
247377.07 
247377.20 
247377.32 
247377.46 
247377.58 
247377.71 
247377.84 
247377.97 
247378.09 
247378.22 
247378.35 
247378.48 
247378.61 
247378.73 
247378.87 
247379.01 
247379.14 
247379.26 
247379.39 
247379.51 
247379.65 
247379.77 
247379.90 
247380.03 
247380.15 
247380.29 
247380.41 
247380.54 
247380.67 
247380.80 
247380.92 
247381.06 
247381.20 
247381.33 
247381.45 
247381.58 
247381.71 
247381.84 
247381.96 
247382.09 
247382.22 
247382.35 
247382.48 
247382.60 
247382.74 
247382.86 
247382.99 
247383.12 
247383.25 
247383.37 
247383.50 
247383.63 
247383.76 
247383.89 
247384.01 
247384.14 
247384.27 
247384.40 
247384.52 
247384.65 
247384.79 
247384.91 
247385.04 
247385.16 
247385.30 
247385.44 
247385.57 
247385.69 
247385.82 
247385.95 
247386.08 
247386.20 
247386.34 
247386.46 
247386.59 
247386.72 
247386.85 
247386.97 
247387.11 
247387.23 
247387.36 
247387.49 
247387.61 
247387.74 
247387.87 
247388.00 
247388.14 
247388.27 
247388.40 
247388.52 
247388.65 
247388.78 
247388.90 
247389.04 
247389.18 
247389.31 
247389.44 
247389.57 
247389.69 
247389.83 
247389.96 
247390.08 
247390.22 
247390.35 
247390.48 
247390.61 
247390.73 
247390.86 
247390.99 
247391.12 
247391.25 
247391.37 
247391.51 
247391.63 
247391.76 
247391.88 
247392.02 
247392.14 
247392.27 
247392.39 
247392.53 
247392.65 
247392.78 
247392.91 
247393.04 
247393.17 
247393.29 
247393.42 
247393.55 
247393.67 
247393.81 
247393.93 
247394.07 
247394.21 
247394.33 
247394.46 
247394.60 
247394.74 
247394.86 
247394.99 
247395.13 
247395.27 
247395.39 
247395.52 
247395.64 
247395.77 
247395.91 
247396.03 
247396.16 
247396.28 
247396.42 
247396.54 
247396.66 
247396.79 
247396.92 
247397.05 
247397.18 
247397.31 
247397.44 
247397.56 
247397.69 
247397.81 
247397.94 
247398.07 
247398.20 
247398.33 
247398.45 
247398.59 
247398.70 
247398.84 
247398.97 
247399.10 
247399.22 
247399.35 
247399.47 
247399.58 
247399.70 
247399.83 
247399.95 
247400.08 
247400.23 
247400.37 
247400.49 
247400.62 
247400.74 
247400.86 
247400.99 
247401.12 
247401.25 
247401.39 
247401.51 
247401.64 
247401.76 
247401.88 
247402.01 
247402.15 
247402.27 
247402.39 
247402.52 
247402.64 
247402.77 
247402.91 
247403.04 
247403.16 
247403.30 
247403.43 
247403.56 
247403.68 
247403.81 
247403.95 
247404.07 
247404.20 
247404.33 
247404.46 
247404.60 
247404.73 
247404.86 
247404.98 
247405.11 
247405.24 
247405.37 
247405.50 
247405.64 
247405.76 
247405.89 
247406.02 
247406.15 
247406.28 
247406.41 
247406.54 
247406.67 
247406.80 
247406.94 
247407.07 
247407.20 
247407.33 
247407.46 
247407.59 
247407.72 
247407.86 
247407.99 
247408.12 
247408.25 
247408.38 
247408.51 
247408.64 
247408.76 
247408.89 
247409.02 
247409.15 
247409.27 
247409.41 
247409.54 
247409.68 
247409.81 
247409.94 
247410.08 
247410.21 
247410.34 
247410.47 
247410.60 
247410.73 
247410.86 
247410.99 
247411.12 
247411.25 
247411.38 
247411.52 
247411.64 
247411.78 
247411.90 
247412.03 
247412.17 
247412.30 
247412.43 
247412.56 
247412.69 
247412.82 
247412.96 
247413.09 
247413.21 
247413.34 
247413.47 
247413.60 
247413.74 
247413.87 
247414.00 
247414.13 
247414.27 
247414.39 
247414.52 
247414.65 
247414.78 
247414.91 
247415.03 
247415.15 
247415.27 
247415.40 
247415.53 
247415.66 
247415.79 
247415.92 
247416.04 
247416.17 
247416.30 
247416.42 
247416.55 
247416.68 
247416.80 
247416.93 
247417.05 
247417.18 
247417.31 
247417.43 
247417.55 
247417.68 
247417.80 
247417.93 
247418.05 
247418.18 
247418.31 
247418.44 
247418.56 
247418.68 
247418.81 
247418.94 
247419.06 
247419.19 
247419.32 
247419.46 
247419.59 
247419.72 
247419.84 
247419.97 
247420.11 
247420.24 
247420.37 
247420.50 
247420.63 
247420.77 
247420.90 
247421.04 
247421.16 
247421.29 
247421.42 
247421.55 
247421.67 
247421.80 
247421.93 
247422.06 
247422.19 
247422.32 
247422.45 
247422.59 
247422.71 
247422.84 
247422.97 
247423.10 
247423.23 
247423.35 
247423.48 
247423.61 
247423.74 
247423.87 
247423.99 
247424.12 
247424.24 
247424.38 
247424.50 
247424.63 
247424.76 
247424.89 
247425.02 
247425.15 
247425.27 
247425.40 
247425.53 
247425.66 
247425.79 
247425.91 
247426.05 
247426.17 
247426.30 
247426.43 
247426.56 
247426.69 
247426.81 
247426.94 
247427.07 
247427.20 
247427.33 
247427.46 
247427.58 
247427.71 
247427.84 
247427.97 
247428.10 
247428.24 
247428.37 
247428.50 
247428.63 
247428.76 
247428.89 
247429.02 
247429.15 
247429.28 
247429.41 
247429.53 
247429.66 
247429.81 
247429.93 
247430.05 
247430.18 
247430.31 
247430.42 
247430.54 
247430.67 
247430.80 
247430.92 
247431.06 
247431.18 
247431.31 
247431.44 
247431.59 
247431.72 
247431.85 
247431.98 
247432.11 
247432.24 
247432.36 
247432.49 
247432.62 
247432.74 
247432.87 
247433.00 
247433.13 
247433.25 
247433.39 
247433.52 
247433.66 
247433.79 
247433.92 
247434.05 
247434.17 
247434.30 
247434.44 
247434.57 
247434.70 
247434.84 
247434.96 
247435.09 
247435.22 
247435.35 
247435.48 
247435.60 
247435.74 
247435.86 
247435.99 
247436.12 
247436.25 
247436.37 
247436.49 
247436.63 
247436.75 
247436.87 
247437.00 
247437.14 
247437.27 
247437.40 
247437.52 
247437.65 
247437.79 
247437.92 
247438.05 
247438.17 
247438.30 
247438.43 
247438.55 
247438.68 
247438.81 
247438.94 
247439.07 
247439.20 
247439.33 
247439.46 
247439.59 
247439.71 
247439.84 
247439.98 
247440.11 
247440.24 
247440.36 
247440.48 
247440.61 
247440.74 
247440.86 
247440.98 
247441.11 
247441.25 
247441.37 
247441.50 
247441.62 
247441.75 
247441.88 
247442.02 
247442.14 
247442.28 
247442.41 
247442.53 
247442.66 
247442.78 
247442.92 
247443.05 
247443.19 
247443.31 
247443.43 
247443.56 
247443.69 
247443.81 
247443.95 
247444.06 
247444.19 
247444.31 
247444.44 
247444.57 
247444.70 
247444.83 
247444.95 
247445.08 
247445.22 
247445.36 
247445.48 
247445.62 
247445.75 
247445.88 
247446.01 
247446.14 
247446.26 
247446.38 
247446.51 
247446.63 
247446.77 
247446.90 
247447.03 
247447.16 
247447.29 
247447.43 
247447.55 
247447.68 
247447.81 
247447.93 
247448.06 
247448.19 
247448.32 
247448.45 
247448.57 
247448.70 
247448.82 
247448.95 
247449.08 
247449.21 
247449.34 
247449.47 
247449.60 
247449.72 
247449.85 
247449.97 
247450.09 
247450.22 
247450.35 
247450.48 
247450.61 
247450.74 
247450.87 
247451.00 
247451.13 
247451.26 
247451.39 
247451.52 
247451.65 
247451.79 
247451.92 
247452.06 
247452.18 
247452.32 
247452.44 
247452.57 
247452.70 
247452.82 
247452.95 
247453.08 
247453.21 
247453.34 
247453.47 
247453.61 
247453.74 
247453.87 
247453.99 
247454.12 
247454.24 
247454.37 
247454.50 
247454.63 
247454.75 
247454.88 
247455.01 
247455.14 
247455.28 
247455.41 
247455.55 
247455.69 
247455.82 
247455.95 
247456.08 
247456.20 
247456.33 
247456.46 
247456.59 
247456.72 
247456.85 
247456.99 
247457.12 
247457.25 
247457.37 
247457.50 
247457.62 
247457.75 
247457.87 
247458.00 
247458.12 
247458.24 
247458.37 
247458.49 
247458.62 
247458.74 
247458.86 
247458.99 
247459.11 
247459.24 
247459.36 
247459.49 
247459.61 
247459.75 
247459.87 
247460.00 
247460.12 
247460.26 
247460.38 
247460.51 
247460.64 
247460.76 
247460.88 
247461.00 
247461.13 
247461.25 
247461.37 
247461.49 
247461.62 
247461.75 
247461.89 
247462.01 
247462.14 
247462.26 
247462.39 
247462.52 
247462.64 
247462.77 
247462.90 
247463.02 
247463.15 
247463.27 
247463.41 
247463.53 
247463.65 
247463.77 
247463.89 
247464.01 
247464.14 
247464.27 
247464.40 
247464.54 
247464.67 
247464.80 
247464.92 
247465.05 
247465.18 
247465.30 
247465.43 
247465.55 
247465.69 
247465.82 
247465.95 
247466.08 
247466.21 
247466.34 
247466.48 
247466.61 
247466.74 
247466.86 
247466.99 
247467.12 
247467.25 
247467.38 
247467.50 
247467.63 
247467.76 
247467.90 
247468.03 
247468.15 
247468.29 
247468.41 
247468.54 
247468.68 
247468.82 
247468.94 
247469.06 
247469.18 
247469.31 
247469.44 
247469.57 
247469.72 
247469.83 
247469.96 
247470.08 
247470.21 
247470.34 
247470.47 
247470.60 
247470.73 
247470.86 
247470.99 
247471.12 
247471.25 
247471.38 
247471.51 
247471.64 
247471.77 
247471.90 
247472.02 
247472.15 
247472.29 
247472.42 
247472.54 
247472.67 
247472.80 
247472.94 
247473.06 
247473.19 
247473.32 
247473.45 
247473.58 
247473.71 
247473.85 
247473.98 
247474.10 
247474.23 
247474.36 
247474.50 
247474.62 
247474.77 
247474.90 
247475.03 
247475.16 
247475.29 
247475.42 
247475.54 
247475.67 
247475.80 
247475.92 
247476.06 
247476.19 
247476.32 
247476.45 
247476.60 
247476.72 
247476.84 
247476.96 
247477.08 
247477.20 
247477.34 
247477.47 
247477.60 
247477.72 
247477.85 
247477.98 
247478.12 
247478.25 
247478.38 
247478.52 
247478.65 
247478.78 
247478.92 
247479.04 
247479.16 
247479.29 
247479.43 
247479.55 
247479.69 
247479.82 
247479.95 
247480.08 
247480.21 
247480.34 
247480.48 
247480.61 
247480.73 
247480.87 
247481.01 
247481.15 
247481.28 
247481.40 
247481.54 
247481.66 
247481.79 
247481.92 
247482.05 
247482.16 
247482.30 
247482.43 
247482.56 
247482.69 
247482.81 
247482.94 
247483.07 
247483.19 
247483.31 
247483.43 
247483.55 
247483.67 
247483.80 
247483.93 
247484.05 
247484.18 
247484.31 
247484.44 
247484.57 
247484.70 
247484.83 
247484.96 
247485.09 
247485.22 
247485.34 
247485.47 
247485.61 
247485.73 
247485.85 
247485.98 
247486.10 
247486.23 
247486.35 
247486.50 
247486.62 
247486.75 
247486.87 
247487.00 
247487.13 
247487.26 
247487.39 
247487.52 
247487.65 
247487.78 
247487.91 
247488.04 
247488.17 
247488.30 
247488.42 
247488.55 
247488.68 
247488.81 
247488.94 
247489.08 
247489.22 
247489.36 
247489.49 
247489.62 
247489.74 
247489.87 
247489.99 
247490.12 
247490.24 
247490.37 
247490.50 
247490.62 
247490.75 
247490.88 
247491.00 
247491.12 
247491.25 
247491.37 
247491.51 
247491.65 
247491.77 
247491.91 
247492.04 
247492.17 
247492.31 
247492.42 
247492.54 
247492.66 
247492.79 
247492.91 
247493.05 
247493.18 
247493.31 
247493.43 
247493.57 
247493.69 
247493.82 
247493.95 
247494.08 
247494.21 
247494.34 
247494.47 
247494.61 
247494.74 
247494.87 
247495.00 
247495.13 
247495.25 
247495.39 
247495.53 
247495.66 
247495.78 
247495.92 
247496.05 
247496.18 
247496.31 
247496.44 
247496.57 
247496.69 
247496.81 
247496.95 
247497.09 
247497.23 
247497.36 
247497.49 
247497.62 
247497.76 
247497.90 
247498.03 
247498.16 
247498.29 
247498.41 
247498.54 
247498.66 
247498.79 
247498.91 
247499.04 
247499.17 
247499.29 
247499.41 
247499.54 
247499.66 
247499.79 
247499.91 
247500.03 
247500.17 
247500.31 
247500.43 
247500.58 
247500.70 
247500.83 
247500.96 
247501.08 
247501.22 
247501.35 
247501.47 
247501.60 
247501.72 
247501.84 
247501.97 
247502.09 
247502.21 
247502.33 
247502.45 
247502.60 
247502.73 
247502.86 
247503.00 
247503.12 
247503.25 
247503.37 
247503.50 
247503.62 
247503.75 
247503.87 
247504.00 
247504.12 
247504.25 
247504.39 
247504.52 
247504.64 
247504.77 
247504.90 
247505.02 
247505.15 
247505.28 
247505.41 
247505.54 
247505.67 
247505.80 
247505.92 
247506.04 
247506.17 
247506.29 
247506.42 
247506.55 
247506.67 
247506.80 
247506.93 
247507.05 
247507.18 
247507.30 
247507.43 
247507.55 
247507.68 
247507.80 
247507.91 
247508.05 
247508.18 
247508.30 
247508.43 
247508.56 
247508.68 
247508.82 
247508.95 
247509.07 
247509.20 
247509.32 
247509.45 
247509.59 
247509.71 
247509.83 
247509.96 
247510.08 
247510.20 
247510.33 
247510.45 
247510.58 
247510.71 
247510.83 
247510.96 
247511.09 
247511.22 
247511.36 
247511.49 
247511.63 
247511.76 
247511.88 
247512.01 
247512.13 
247512.26 
247512.39 
247512.51 
247512.65 
247512.78 
247512.90 
247513.04 
247513.18 
247513.30 
247513.43 
247513.56 
247513.70 
247513.83 
247513.96 
247514.09 
247514.21 
247514.33 
247514.46 
247514.60 
247514.72 
247514.85 
247514.99 
247515.11 
247515.24 
247515.37 
247515.50 
247515.63 
247515.77 
247515.88 
247516.01 
247516.13 
247516.26 
247516.40 
247516.53 
247516.66 
247516.79 
247516.92 
247517.05 
247517.18 
247517.31 
247517.44 
247517.56 
247517.69 
247517.82 
247517.94 
247518.07 
247518.21 
247518.33 
247518.46 
247518.59 
247518.72 
247518.84 
247518.97 
247519.11 
247519.23 
247519.36 
247519.50 
247519.64 
247519.77 
247519.90 
247520.04 
247520.17 
247520.30 
247520.43 
247520.55 
247520.68 
247520.81 
247520.94 
247521.07 
247521.19 
247521.32 
247521.45 
247521.58 
247521.71 
247521.83 
247521.96 
247522.09 
247522.22 
247522.35 
247522.48 
247522.62 
247522.75 
247522.87 
247523.00 
247523.12 
247523.24 
247523.36 
247523.48 
247523.62 
247523.75 
247523.88 
247524.01 
247524.13 
247524.27 
247524.41 
247524.55 
247524.69 
247524.81 
247524.94 
247525.07 
247525.20 
247525.32 
247525.45 
247525.57 
247525.70 
247525.83 
247525.96 
247526.09 
247526.22 
247526.34 
247526.47 
247526.60 
247526.73 
247526.86 
247526.99 
247527.11 
247527.24 
247527.37 
247527.50 
247527.63 
247527.75 
247527.88 
247528.01 
247528.13 
247528.25 
247528.38 
247528.51 
247528.65 
247528.78 
247528.91 
247529.03 
247529.16 
247529.30 
247529.43 
247529.56 
247529.69 
247529.83 
247529.96 
247530.10 
247530.22 
247530.35 
247530.48 
247530.61 
247530.74 
247530.86 
247530.99 
247531.12 
247531.24 
247531.37 
247531.50 
247531.63 
247531.76 
247531.89 
247532.03 
247532.17 
247532.28 
247532.41 
247532.53 
247532.66 
247532.78 
247532.91 
247533.04 
247533.16 
247533.29 
247533.42 
247533.54 
247533.67 
247533.80 
247533.93 
247534.05 
247534.18 
247534.31 
247534.44 
247534.57 
247534.70 
247534.83 
247534.96 
247535.09 
247535.23 
247535.35 
247535.48 
247535.61 
247535.74 
247535.87 
247535.99 
247536.12 
247536.25 
247536.38 
247536.51 
247536.63 
247536.76 
247536.89 
247537.02 
247537.15 
247537.28 
247537.40 
247537.53 
247537.66 
247537.78 
247537.92 
247538.04 
247538.17 
247538.31 
247538.43 
247538.57 
247538.70 
247538.82 
247538.93 
247539.07 
247539.19 
247539.32 
247539.44 
247539.57 
247539.71 
247539.84 
247539.97 
247540.10 
247540.22 
247540.37 
247540.50 
247540.62 
247540.74 
247540.87 
247541.00 
247541.13 
247541.26 
247541.38 
247541.52 
247541.65 
247541.79 
247541.91 
247542.03 
247542.15 
247542.29 
247542.41 
247542.54 
247542.67 
247542.81 
247542.94 
247543.07 
247543.19 
247543.32 
247543.45 
247543.59 
247543.71 
247543.83 
247543.96 
247544.09 
247544.22 
247544.35 
247544.47 
247544.61 
247544.74 
247544.86 
247544.99 
247545.12 
247545.26 
247545.39 
247545.52 
247545.65 
247545.79 
247545.92 
247546.05 
247546.18 
247546.31 
247546.44 
247546.57 
247546.71 
247546.84 
247546.96 
247547.09 
247547.23 
247547.35 
247547.48 
247547.61 
247547.75 
247547.87 
247547.99 
247548.12 
247548.26 
247548.38 
247548.51 
247548.63 
247548.76 
247548.88 
247549.01 
247549.15 
247549.27 
247549.40 
247549.53 
247549.66 
247549.79 
247549.91 
247550.05 
247550.17 
247550.30 
247550.42 
247550.55 
247550.68 
247550.81 
247550.94 
247551.07 
247551.21 
247551.34 
247551.47 
247551.60 
247551.73 
247551.85 
247551.98 
247552.11 
247552.25 
247552.38 
247552.50 
247552.63 
247552.76 
247552.89 
247553.02 
247553.14 
247553.27 
247553.40 
247553.53 
247553.66 
247553.80 
247553.92 
247554.04 
247554.15 
247554.27 
247554.39 
247554.52 
247554.65 
247554.77 
247554.89 
247555.02 
247555.15 
247555.28 
247555.40 
247555.53 
247555.66 
247555.78 
247555.91 
247556.04 
247556.16 
247556.29 
247556.42 
247556.54 
247556.66 
247556.79 
247556.92 
247557.05 
247557.18 
247557.30 
247557.43 
247557.55 
247557.68 
247557.81 
247557.94 
247558.06 
247558.18 
247558.31 
247558.44 
247558.56 
247558.68 
247558.81 
247558.94 
247559.06 
247559.19 
247559.31 
247559.44 
247559.57 
247559.69 
247559.82 
247559.94 
247560.07 
247560.19 
247560.32 
247560.45 
247560.57 
247560.70 
247560.82 
247560.95 
247561.07 
247561.20 
247561.32 
247561.45 
247561.57 
247561.70 
247561.82 
247561.95 
247562.07 
247562.20 
247562.32 
247562.45 
247562.58 
247562.70 
247562.83 
247562.95 
247563.08 
247563.21 
247563.33 
247563.46 
247563.58 
247563.71 
247563.84 
247563.97 
247564.10 
247564.22 
247564.35 
247564.47 
247564.60 
247564.73 
247564.85 
247564.98 
247565.11 
247565.23 
247565.36 
247565.48 
247565.61 
247565.74 
247565.86 
247565.99 
247566.11 
247566.23 
247566.36 
247566.48 
247566.60 
247566.72 
247566.85 
247566.98 
247567.12 
247567.24 
247567.36 
247567.48 
247567.62 
247567.75 
247567.87 
247568.00 
247568.13 
247568.26 
247568.40 
247568.53 
247568.65 
247568.79 
247568.91 
247569.04 
247569.16 
247569.29 
247569.42 
247569.54 
247569.66 
247569.78 
247569.92 
247570.04 
247570.17 
247570.30 
247570.43 
247570.57 
247570.68 
247570.81 
247570.93 
247571.05 
247571.18 
247571.32 
247571.45 
247571.58 
247571.70 
247571.83 
247571.96 
247572.09 
247572.22 
247572.34 
247572.48 
247572.60 
247572.73 
247572.85 
247572.98 
247573.11 
247573.24 
247573.37 
247573.51 
247573.63 
247573.76 
247573.89 
247574.02 
247574.15 
247574.27 
247574.41 
247574.54 
247574.66 
247574.79 
247574.92 
247575.05 
247575.18 
247575.30 
247575.43 
247575.56 
247575.69 
247575.82 
247575.94 
247576.08 
247576.21 
247576.33 
247576.46 
247576.58 
247576.71 
247576.84 
247576.97 
247577.10 
247577.23 
247577.35 
247577.48 
247577.61 
247577.74 
247577.87 
247577.99 
247578.13 
247578.26 
247578.38 
247578.52 
247578.65 
247578.77 
247578.91 
247579.03 
247579.16 
247579.29 
247579.42 
247579.55 
247579.68 
247579.81 
247579.93 
247580.06 
247580.19 
247580.32 
247580.46 
247580.58 
247580.71 
247580.85 
247580.97 
247581.10 
247581.23 
247581.35 
247581.48 
247581.62 
247581.74 
247581.87 
247581.99 
247582.12 
247582.25 
247582.38 
247582.51 
247582.63 
247582.76 
247582.89 
247583.02 
247583.14 
247583.28 
247583.41 
247583.54 
247583.67 
247583.80 
247583.93 
247584.05 
247584.18 
247584.31 
247584.44 
247584.57 
247584.70 
247584.83 
247584.96 
247585.08 
247585.19 
247585.31 
247585.44 
247585.57 
247585.69 
247585.83 
247585.96 
247586.09 
247586.22 
247586.35 
247586.47 
247586.60 
247586.73 
247586.86 
247587.00 
247587.13 
247587.26 
247587.39 
247587.52 
247587.64 
247587.77 
247587.90 
247588.03 
247588.17 
247588.30 
247588.42 
247588.55 
247588.68 
247588.81 
247588.94 
247589.06 
247589.19 
247589.33 
247589.45 
247589.58 
247589.71 
247589.84 
247589.98 
247590.11 
247590.24 
247590.38 
247590.50 
247590.63 
247590.76 
247590.88 
247591.01 
247591.15 
247591.27 
247591.39 
247591.53 
247591.66 
247591.79 
247591.91 
247592.04 
247592.17 
247592.30 
247592.42 
247592.55 
247592.68 
247592.81 
247592.94 
247593.07 
247593.19 
247593.32 
247593.45 
247593.58 
247593.70 
247593.83 
247593.96 
247594.08 
247594.21 
247594.34 
247594.47 
247594.60 
247594.73 
247594.86 
247594.99 
247595.11 
247595.24 
247595.37 
247595.50 
247595.62 
247595.75 
247595.88 
247596.01 
247596.14 
247596.27 
247596.40 
247596.52 
247596.65 
247596.78 
247596.91 
247597.04 
247597.16 
247597.29 
247597.42 
247597.54 
247597.67 
247597.80 
247597.94 
247598.06 
247598.19 
247598.32 
247598.44 
247598.56 
247598.69 
247598.82 
247598.96 
247599.08 
247599.21 
247599.33 
247599.46 
247599.59 
247599.72 
247599.85 
247599.98 
247600.11 
247600.24 
247600.36 
247600.49 
247600.61 
247600.73 
247600.86 
247600.99 
247601.14 
247601.26 
247601.38 
247601.51 
247601.63 
247601.76 
247601.89 
247602.03 
247602.15 
247602.28 
247602.41 
247602.53 
247602.66 
247602.80 
247602.92 
247603.05 
247603.18 
247603.30 
247603.44 
247603.56 
247603.69 
247603.82 
247603.95 
247604.07 
247604.21 
247604.35 
247604.47 
247604.60 
247604.72 
247604.85 
247604.97 
247605.10 
247605.22 
247605.35 
247605.48 
247605.61 
247605.73 
247605.86 
247605.98 
247606.11 
247606.23 
247606.36 
247606.49 
247606.63 
247606.76 
247606.89 
247607.02 
247607.14 
247607.27 
247607.39 
247607.52 
247607.64 
247607.77 
247607.90 
247608.02 
247608.15 
247608.28 
247608.42 
247608.54 
247608.67 
247608.79 
247608.92 
247609.05 
247609.17 
247609.30 
247609.43 
247609.55 
247609.68 
247609.80 
247609.93 
247610.05 
247610.18 
247610.31 
247610.43 
247610.56 
247610.68 
247610.81 
247610.94 
247611.07 
247611.20 
247611.32 
247611.45 
247611.57 
247611.70 
247611.83 
247611.95 
247612.08 
247612.21 
247612.33 
247612.46 
247612.58 
247612.70 
247612.83 
247612.95 
247613.08 
247613.21 
247613.34 
247613.46 
247613.58 
247613.71 
247613.83 
247613.96 
247614.09 
247614.21 
247614.34 
247614.46 
247614.59 
247614.71 
247614.84 
247614.96 
247615.09 
247615.22 
247615.35 
247615.47 
247615.60 
247615.72 
247615.83 
247615.96 
247616.08 
247616.21 
247616.34 
247616.46 
247616.59 
247616.71 
247616.84 
247616.97 
247617.09 
247617.22 
247617.35 
247617.47 
247617.60 
247617.73 
247617.86 
247617.99 
247618.11 
247618.24 
247618.37 
247618.50 
247618.62 
247618.75 
247618.88 
247619.02 
247619.16 
247619.28 
247619.40 
247619.53 
247619.66 
247619.79 
247619.92 
247620.04 
247620.17 
247620.30 
247620.43 
247620.55 
247620.69 
247620.81 
247620.95 
247621.08 
247621.21 
247621.33 
247621.46 
247621.58 
247621.71 
247621.83 
247621.96 
247622.09 
247622.22 
247622.35 
247622.47 
247622.60 
247622.73 
247622.87 
247622.99 
247623.12 
247623.25 
247623.39 
247623.52 
247623.64 
247623.77 
247623.90 
247624.03 
247624.16 
247624.28 
247624.41 
247624.54 
247624.66 
247624.79 
247624.92 
247625.05 
247625.18 
247625.31 
247625.45 
247625.58 
247625.71 
247625.84 
247625.96 
247626.08 
247626.20 
247626.34 
247626.47 
247626.59 
247626.70 
247626.83 
247626.95 
247627.09 
247627.22 
247627.34 
247627.47 
247627.60 
247627.73 
247627.86 
247628.00 
247628.12 
247628.25 
247628.37 
247628.50 
247628.64 
247628.77 
247628.90 
247629.03 
247629.16 
247629.28 
247629.41 
247629.54 
247629.67 
247629.80 
247629.93 
247630.06 
247630.19 
247630.32 
247630.44 
247630.57 
247630.70 
247630.83 
247630.97 
247631.08 
247631.22 
247631.34 
247631.46 
247631.58 
247631.71 
247631.83 
247631.97 
247632.09 
247632.23 
247632.36 
247632.49 
247632.62 
247632.75 
247632.87 
247633.01 
247633.13 
247633.26 
247633.39 
247633.53 
247633.66 
247633.79 
247633.93 
247634.05 
247634.18 
247634.31 
247634.43 
247634.56 
247634.68 
247634.82 
247634.95 
247635.07 
247635.21 
247635.35 
247635.49 
247635.61 
247635.75 
247635.88 
247636.00 
247636.13 
247636.26 
247636.39 
247636.52 
247636.65 
247636.78 
247636.91 
247637.04 
247637.18 
247637.31 
247637.43 
247637.56 
247637.69 
247637.83 
247637.95 
247638.07 
247638.20 
247638.33 
247638.45 
247638.58 
247638.70 
247638.83 
247638.96 
247639.09 
247639.22 
247639.35 
247639.48 
247639.61 
247639.74 
247639.87 
247640.01 
247640.14 
247640.26 
247640.39 
247640.52 
247640.65 
247640.78 
247640.91 
247641.05 
247641.19 
247641.31 
247641.43 
247641.56 
247641.69 
247641.82 
247641.95 
247642.08 
247642.21 
247642.33 
247642.46 
247642.59 
247642.71 
247642.84 
247642.97 
247643.10 
247643.23 
247643.35 
247643.48 
247643.61 
247643.75 
247643.86 
247643.99 
247644.12 
247644.25 
247644.38 
247644.52 
247644.64 
247644.78 
247644.91 
247645.03 
247645.16 
247645.28 
247645.41 
247645.54 
247645.66 
247645.80 
247645.92 
247646.06 
247646.19 
247646.32 
247646.46 
247646.61 
247646.73 
247646.84 
247646.96 
247647.10 
247647.23 
247647.35 
247647.48 
247647.60 
247647.74 
247647.88 
247648.00 
247648.13 
247648.26 
247648.39 
247648.52 
247648.64 
247648.77 
247648.90 
247649.02 
247649.15 
247649.27 
247649.40 
247649.52 
247649.65 
247649.77 
247649.90 
247650.02 
247650.15 
247650.27 
247650.40 
247650.52 
247650.65 
247650.78 
247650.91 
247651.04 
247651.17 
247651.30 
247651.42 
247651.54 
247651.66 
247651.79 
247651.91 
247652.04 
247652.16 
247652.29 
247652.43 
247652.55 
247652.68 
247652.81 
247652.94 
247653.07 
247653.20 
247653.32 
247653.45 
247653.58 
247653.70 
247653.83 
247653.96 
247654.09 
247654.22 
247654.35 
247654.47 
247654.60 
247654.73 
247654.86 
247654.99 
247655.12 
247655.25 
247655.38 
247655.52 
247655.64 
247655.77 
247655.90 
247656.03 
247656.15 
247656.28 
247656.41 
247656.54 
247656.67 
247656.79 
247656.92 
247657.05 
247657.18 
247657.31 
247657.44 
247657.56 
247657.69 
247657.82 
247657.94 
247658.08 
247658.20 
247658.33 
247658.46 
247658.58 
247658.71 
247658.84 
247658.98 
247659.11 
247659.24 
247659.37 
247659.50 
247659.63 
247659.75 
247659.89 
247660.02 
247660.14 
247660.26 
247660.38 
247660.51 
247660.63 
247660.77 
247660.90 
247661.03 
247661.16 
247661.28 
247661.42 
247661.55 
247661.68 
247661.81 
247661.95 
247662.07 
247662.20 
247662.32 
247662.45 
247662.58 
247662.71 
247662.83 
247662.96 
247663.10 
247663.23 
247663.36 
247663.50 
247663.63 
247663.76 
247663.89 
247664.02 
247664.15 
247664.28 
247664.41 
247664.54 
247664.67 
247664.79 
247664.92 
247665.05 
247665.18 
247665.31 
247665.45 
247665.57 
247665.70 
247665.83 
247665.96 
247666.09 
247666.22 
247666.34 
247666.47 
247666.60 
247666.74 
247666.86 
247666.99 
247667.12 
247667.24 
247667.37 
247667.50 
247667.62 
247667.76 
247667.89 
247668.02 
247668.15 
247668.27 
247668.39 
247668.52 
247668.65 
247668.78 
247668.91 
247669.03 
247669.16 
247669.29 
247669.43 
247669.55 
247669.67 
247669.80 
247669.93 
247670.05 
247670.18 
247670.31 
247670.44 
247670.57 
247670.70 
247670.84 
247670.96 
247671.09 
247671.22 
247671.34 
247671.48 
247671.61 
247671.74 
247671.87 
247671.99 
247672.12 
247672.25 
247672.38 
247672.50 
247672.64 
247672.76 
247672.90 
247673.03 
247673.16 
247673.29 
247673.44 
247673.57 
247673.69 
247673.81 
247673.94 
247674.07 
247674.20 
247674.33 
247674.46 
247674.59 
247674.71 
247674.84 
247674.97 
247675.11 
247675.23 
247675.36 
247675.48 
247675.62 
247675.74 
247675.86 
247675.99 
247676.12 
247676.25 
247676.38 
247676.50 
247676.63 
247676.76 
247676.89 
247677.02 
247677.14 
247677.27 
247677.40 
247677.53 
247677.66 
247677.78 
247677.90 
247678.01 
247678.14 
247678.27 
247678.39 
247678.52 
247678.64 
247678.77 
247678.90 
247679.03 
247679.15 
247679.28 
247679.41 
247679.53 
247679.66 
247679.79 
247679.91 
247680.04 
247680.17 
247680.29 
247680.42 
247680.55 
247680.67 
247680.80 
247680.93 
247681.06 
247681.19 
247681.32 
247681.45 
247681.57 
247681.70 
247681.83 
247681.95 
247682.10 
247682.22 
247682.35 
247682.47 
247682.61 
247682.73 
247682.87 
247683.00 
247683.12 
247683.25 
247683.38 
247683.51 
247683.63 
247683.76 
247683.89 
247684.03 
247684.16 
247684.29 
247684.43 
247684.56 
247684.68 
247684.81 
247684.94 
247685.07 
247685.20 
247685.32 
247685.45 
247685.57 
247685.70 
247685.84 
247685.96 
247686.09 
247686.22 
247686.34 
247686.48 
247686.61 
247686.74 
247686.88 
247687.00 
247687.13 
247687.26 
247687.39 
247687.54 
247687.66 
247687.79 
247687.92 
247688.06 
247688.18 
247688.31 
247688.43 
247688.55 
247688.68 
247688.81 
247688.93 
247689.06 
247689.20 
247689.33 
247689.45 
247689.58 
247689.71 
247689.83 
247689.97 
247690.09 
247690.23 
247690.36 
247690.49 
247690.62 
247690.75 
247690.88 
247691.01 
247691.14 
247691.26 
247691.38 
247691.50 
247691.62 
247691.75 
247691.88 
247692.00 
247692.13 
247692.25 
247692.38 
247692.51 
247692.63 
247692.76 
247692.89 
247693.01 
247693.16 
247693.27 
247693.39 
247693.51 
247693.64 
247693.77 
247693.89 
247694.02 
247694.14 
247694.27 
247694.40 
247694.53 
247694.66 
247694.78 
247694.91 
247695.03 
247695.16 
247695.29 
247695.41 
247695.54 
247695.66 
247695.79 
247695.92 
247696.05 
247696.17 
247696.29 
247696.42 
247696.55 
247696.67 
247696.80 
247696.92 
247697.05 
247697.18 
247697.31 
247697.45 
247697.58 
247697.70 
247697.84 
247697.97 
247698.10 
247698.23 
247698.35 
247698.48 
247698.61 
247698.74 
247698.87 
247698.99 
247699.12 
247699.25 
247699.39 
247699.52 
247699.64 
247699.77 
247699.90 
247700.04 
247700.17 
247700.31 
247700.44 
247700.57 
247700.70 
247700.83 
247700.96 
247701.09 
247701.23 
247701.35 
247701.48 
247701.61 
247701.74 
247701.86 
247702.00 
247702.14 
247702.26 
247702.40 
247702.52 
247702.65 
247702.78 
247702.92 
247703.05 
247703.18 
247703.32 
247703.44 
247703.57 
247703.70 
247703.83 
247703.96 
247704.08 
247704.21 
247704.34 
247704.48 
247704.61 
247704.74 
247704.87 
247705.00 
247705.13 
247705.26 
247705.39 
247705.52 
247705.66 
247705.78 
247705.91 
247706.04 
247706.17 
247706.30 
247706.42 
247706.55 
247706.68 
247706.81 
247706.94 
247707.07 
247707.19 
247707.32 
247707.45 
247707.58 
247707.70 
247707.83 
247707.96 
247708.09 
247708.22 
247708.35 
247708.47 
247708.60 
247708.73 
247708.85 
247708.97 
247709.10 
247709.23 
247709.35 
247709.48 
247709.61 
247709.74 
247709.86 
247710.00 
247710.13 
247710.26 
247710.39 
247710.52 
247710.65 
247710.78 
247710.92 
247711.05 
247711.19 
247711.32 
247711.45 
247711.59 
247711.73 
247711.85 
247711.98 
247712.12 
247712.25 
247712.37 
247712.50 
247712.62 
247712.75 
247712.88 
247713.01 
247713.13 
247713.26 
247713.38 
247713.51 
247713.63 
247713.76 
247713.88 
247714.01 
247714.13 
247714.25 
247714.38 
247714.50 
247714.62 
247714.75 
247714.88 
247715.01 
247715.14 
247715.27 
247715.40 
247715.54 
247715.66 
247715.78 
247715.92 
247716.04 
247716.17 
247716.30 
247716.43 
247716.55 
247716.68 
247716.81 
247716.94 
247717.07 
247717.20 
247717.33 
247717.46 
247717.58 
247717.71 
247717.85 
247717.98 
247718.11 
247718.23 
247718.36 
247718.49 
247718.62 
247718.75 
247718.87 
247719.00 
247719.13 
247719.26 
247719.39 
247719.53 
247719.65 
247719.78 
247719.90 
247720.03 
247720.15 
247720.28 
247720.42 
247720.54 
247720.66 
247720.79 
247720.92 
247721.05 
247721.18 
247721.31 
247721.44 
247721.57 
247721.70 
247721.83 
247721.96 
247722.09 
247722.22 
247722.34 
247722.47 
247722.60 
247722.73 
247722.87 
247723.00 
247723.12 
247723.24 
247723.37 
247723.49 
247723.62 
247723.75 
247723.89 
247724.01 
247724.13 
247724.24 
247724.36 
247724.49 
247724.62 
247724.74 
247724.87 
247725.00 
247725.13 
247725.26 
247725.39 
247725.52 
247725.64 
247725.77 
247725.90 
247726.03 
247726.16 
247726.28 
247726.41 
247726.53 
247726.65 
247726.78 
247726.91 
247727.03 
247727.16 
247727.29 
247727.41 
247727.54 
247727.66 
247727.79 
247727.92 
247728.04 
247728.17 
247728.30 
247728.42 
247728.55 
247728.68 
247728.81 
247728.94 
247729.07 
247729.20 
247729.34 
247729.46 
247729.60 
247729.72 
247729.85 
247729.96 
247730.09 
247730.22 
247730.35 
247730.47 
247730.61 
247730.73 
247730.86 
247730.99 
247731.11 
247731.24 
247731.37 
247731.50 
247731.63 
247731.76 
247731.90 
247732.03 
247732.15 
247732.28 
247732.41 
247732.53 
247732.66 
247732.80 
247732.94 
247733.07 
247733.19 
247733.32 
247733.45 
247733.57 
247733.70 
247733.83 
247733.95 
247734.08 
247734.21 
247734.34 
247734.47 
247734.60 
247734.73 
247734.86 
247735.00 
247735.14 
247735.26 
247735.38 
247735.51 
247735.64 
247735.77 
247735.90 
247736.03 
247736.15 
247736.29 
247736.41 
247736.53 
247736.66 
247736.79 
247736.92 
247737.05 
247737.18 
247737.31 
247737.44 
247737.56 
247737.69 
247737.82 
247737.94 
247738.07 
247738.20 
247738.33 
247738.46 
247738.58 
247738.71 
247738.84 
247738.97 
247739.09 
247739.23 
247739.35 
247739.49 
247739.62 
247739.76 
247739.88 
247740.02 
247740.14 
247740.27 
247740.38 
247740.51 
247740.63 
247740.76 
247740.89 
247741.03 
247741.15 
247741.28 
247741.41 
247741.53 
247741.64 
247741.77 
247741.90 
247742.03 
247742.17 
247742.30 
247742.43 
247742.56 
247742.68 
247742.81 
247742.94 
247743.08 
247743.22 
247743.35 
247743.48 
247743.61 
247743.74 
247743.86 
247744.00 
247744.12 
247744.25 
247744.38 
247744.51 
247744.63 
247744.76 
247744.89 
247745.03 
247745.15 
247745.29 
247745.42 
247745.55 
247745.67 
247745.80 
247745.94 
247746.07 
247746.20 
247746.33 
247746.46 
247746.59 
247746.71 
247746.84 
247746.97 
247747.10 
247747.23 
247747.35 
247747.49 
247747.61 
247747.74 
247747.87 
247748.00 
247748.13 
247748.26 
247748.40 
247748.53 
247748.66 
247748.79 
247748.92 
247749.05 
247749.18 
247749.31 
247749.43 
247749.56 
247749.69 
247749.81 
247749.94 
247750.08 
247750.21 
247750.33 
247750.47 
247750.60 
247750.72 
247750.85 
247750.98 
247751.11 
247751.24 
247751.37 
247751.50 
247751.63 
247751.76 
247751.89 
247752.02 
247752.14 
247752.25 
247752.37 
247752.50 
247752.62 
247752.75 
247752.87 
247752.99 
247753.10 
247753.21 
247753.32 
247753.43 
247753.54 
247753.67 
247753.78 
247753.91 
247754.02 
247754.13 
247754.24 
247754.37 
247754.49 
247754.61 
247754.73 
247754.86 
247754.99 
247755.12 
247755.25 
247755.37 
247755.50 
247755.63 
247755.76 
247755.88 
247756.00 
247756.12 
247756.25 
247756.38 
247756.50 
247756.64 
247756.77 
247756.90 
247757.02 
247757.15 
247757.28 
247757.41 
247757.53 
247757.66 
247757.79 
247757.92 
247758.04 
247758.17 
247758.30 
247758.43 
247758.56 
247758.69 
247758.82 
247758.95 
247759.06 
247759.19 
247759.30 
247759.44 
247759.58 
247759.71 
247759.83 
247759.97 
247760.10 
247760.24 
247760.38 
247760.51 
247760.64 
247760.77 
247760.89 
247761.02 
247761.15 
247761.29 
247761.42 
247761.55 
247761.69 
247761.82 
247761.95 
247762.07 
247762.21 
247762.34 
247762.46 
247762.59 
247762.72 
247762.85 
247762.98 
247763.10 
247763.22 
247763.34 
247763.47 
247763.59 
247763.73 
247763.86 
247763.99 
247764.10 
247764.24 
247764.37 
247764.49 
247764.62 
247764.75 
247764.89 
247765.02 
247765.15 
247765.27 
247765.41 
247765.53 
247765.66 
247765.79 
247765.92 
247766.05 
247766.17 
247766.30 
247766.44 
247766.57 
247766.70 
247766.83 
247766.95 
247767.09 
247767.22 
247767.35 
247767.49 
247767.62 
247767.75 
247767.87 
247768.00 
247768.13 
247768.27 
247768.40 
247768.53 
247768.66 
247768.78 
247768.91 
247769.04 
247769.17 
247769.29 
247769.42 
247769.55 
247769.68 
247769.80 
247769.93 
247770.06 
247770.19 
247770.31 
247770.45 
247770.57 
247770.70 
247770.83 
247770.95 
247771.09 
247771.21 
247771.34 
247771.46 
247771.60 
247771.72 
247771.85 
247771.98 
247772.11 
247772.25 
247772.38 
247772.51 
247772.64 
247772.76 
247772.90 
247773.02 
247773.15 
247773.28 
247773.40 
247773.52 
247773.65 
247773.77 
247773.90 
247774.03 
247774.17 
247774.30 
247774.43 
247774.55 
247774.68 
247774.82 
247774.94 
247775.08 
247775.22 
247775.34 
247775.47 
247775.61 
247775.74 
247775.86 
247776.00 
247776.13 
247776.25 
247776.38 
247776.51 
247776.65 
247776.79 
247776.91 
247777.03 
247777.17 
247777.30 
247777.43 
247777.56 
247777.69 
247777.82 
247777.95 
247778.07 
247778.21 
247778.34 
247778.46 
247778.59 
247778.71 
247778.85 
247778.97 
247779.11 
247779.25 
247779.38 
247779.50 
247779.63 
247779.75 
247779.87 
247779.98 
247780.11 
247780.22 
247780.36 
247780.47 
247780.59 
247780.71 
247780.85 
247780.96 
247781.09 
247781.22 
247781.33 
247781.45 
247781.57 
247781.70 
247781.83 
247781.95 
247782.08 
247782.21 
247782.34 
247782.46 
247782.59 
247782.71 
247782.84 
247782.98 
247783.11 
247783.23 
247783.36 
247783.48 
247783.61 
247783.72 
247783.85 
247783.97 
247784.09 
247784.21 
247784.33 
247784.48 
247784.60 
247784.72 
247784.85 
247784.97 
247785.10 
247785.22 
247785.35 
247785.47 
247785.60 
247785.72 
247785.84 
247785.96 
247786.08 
247786.21 
247786.34 
247786.46 
247786.59 
247786.71 
247786.84 
247786.96 
247787.09 
247787.21 
247787.34 
247787.46 
247787.58 
247787.70 
247787.83 
247787.95 
247788.07 
247788.20 
247788.32 
247788.47 
247788.59 
247788.71 
247788.84 
247788.96 
247789.09 
247789.21 
247789.34 
247789.48 
247789.61 
247789.73 
247789.86 
247789.98 
247790.11 
247790.23 
247790.36 
247790.48 
247790.61 
247790.73 
247790.86 
247790.99 
247791.12 
247791.24 
247791.37 
247791.49 
247791.61 
247791.74 
247791.86 
247791.98 
247792.10 
247792.23 
247792.36 
247792.49 
247792.61 
247792.73 
247792.86 
247792.98 
247793.11 
247793.24 
247793.37 
247793.50 
247793.62 
247793.75 
247793.89 
247794.03 
247794.16 
247794.29 
247794.42 
247794.55 
247794.68 
247794.81 
247794.94 
247795.07 
247795.20 
247795.34 
247795.47 
247795.60 
247795.72 
247795.85 
247795.98 
247796.11 
247796.25 
247796.38 
247796.51 
247796.63 
247796.76 
247796.90 
247797.02 
247797.15 
247797.29 
247797.41 
247797.55 
247797.68 
247797.80 
247797.94 
247798.06 
247798.19 
247798.32 
247798.45 
247798.58 
247798.70 
247798.83 
247798.97 
247799.11 
247799.23 
247799.35 
247799.48 
247799.60 
247799.71 
247799.83 
247799.96 
247800.08 
247800.21 
247800.34 
247800.47 
247800.61 
247800.73 
247800.87 
247801.00 
247801.13 
247801.26 
247801.39 
247801.52 
247801.64 
247801.78 
247801.90 
247802.02 
247802.15 
247802.28 
247802.41 
247802.54 
247802.67 
247802.80 
247802.93 
247803.06 
247803.19 
247803.32 
247803.44 
247803.58 
247803.72 
247803.84 
247803.97 
247804.09 
247804.24 
247804.36 
247804.48 
247804.60 
247804.73 
247804.85 
247804.98 
247805.11 
247805.24 
247805.37 
247805.51 
247805.64 
247805.76 
247805.89 
247806.02 
247806.15 
247806.28 
247806.41 
247806.54 
247806.66 
247806.79 
247806.93 
247807.05 
247807.18 
247807.31 
247807.45 
247807.58 
247807.72 
247807.85 
247807.97 
247808.10 
247808.23 
247808.36 
247808.49 
247808.63 
247808.76 
247808.89 
247809.02 
247809.14 
247809.27 
247809.40 
247809.53 
247809.66 
247809.79 
247809.92 
247810.05 
247810.18 
247810.31 
247810.44 
247810.57 
247810.69 
247810.82 
247810.95 
247811.08 
247811.21 
247811.34 
247811.47 
247811.60 
247811.73 
247811.87 
247812.00 
247812.14 
247812.25 
247812.38 
247812.50 
247812.63 
247812.76 
247812.90 
247813.02 
247813.16 
247813.29 
247813.42 
247813.55 
247813.68 
247813.81 
247813.95 
247814.06 
247814.19 
247814.32 
247814.44 
247814.57 
247814.70 
247814.83 
247814.96 
247815.10 
247815.22 
247815.35 
247815.47 
247815.60 
247815.72 
247815.85 
247815.97 
247816.10 
247816.22 
247816.33 
247816.46 
247816.58 
247816.70 
247816.82 
247816.95 
247817.09 
247817.22 
247817.34 
247817.47 
247817.61 
247817.74 
247817.87 
247817.99 
247818.12 
247818.25 
247818.38 
247818.51 
247818.63 
247818.76 
247818.89 
247819.03 
247819.14 
247819.27 
247819.39 
247819.52 
247819.64 
247819.77 
247819.90 
247820.03 
247820.15 
247820.28 
247820.41 
247820.54 
247820.66 
247820.79 
247820.92 
247821.05 
247821.18 
247821.32 
247821.45 
247821.58 
247821.72 
247821.85 
247821.97 
247822.10 
247822.23 
247822.37 
247822.49 
247822.63 
247822.78 
247822.92 
247823.04 
247823.17 
247823.30 
247823.42 
247823.55 
247823.67 
247823.80 
247823.93 
247824.05 
247824.18 
247824.30 
247824.42 
247824.55 
247824.67 
247824.79 
247824.92 
247825.04 
247825.17 
247825.30 
247825.43 
247825.56 
247825.69 
247825.84 
247825.96 
247826.09 
247826.21 
247826.34 
247826.48 
247826.61 
247826.73 
247826.86 
247826.98 
247827.10 
247827.23 
247827.35 
247827.48 
247827.60 
247827.73 
247827.85 
247827.96 
247828.10 
247828.22 
247828.33 
247828.46 
247828.58 
247828.71 
247828.84 
247828.97 
247829.10 
247829.22 
247829.35 
247829.48 
247829.61 
247829.74 
247829.88 
247830.00 
247830.12 
247830.25 
247830.37 
247830.49 
247830.61 
247830.74 
247830.87 
247831.01 
247831.14 
247831.26 
247831.39 
247831.51 
247831.65 
247831.77 
247831.90 
247832.04 
247832.17 
247832.29 
247832.42 
247832.56 
247832.68 
247832.82 
247832.94 
247833.07 
247833.20 
247833.33 
247833.45 
247833.58 
247833.71 
247833.84 
247833.98 
247834.11 
247834.23 
247834.36 
247834.49 
247834.62 
247834.75 
247834.87 
247835.00 
247835.13 
247835.25 
247835.38 
247835.51 
247835.64 
247835.77 
247835.90 
247836.03 
247836.16 
247836.28 
247836.41 
247836.54 
247836.67 
247836.79 
247836.92 
247837.05 
247837.18 
247837.31 
247837.43 
247837.56 
247837.69 
247837.82 
247837.95 
247838.09 
247838.22 
247838.35 
247838.48 
247838.60 
247838.73 
247838.86 
247838.99 
247839.11 
247839.24 
247839.37 
247839.51 
247839.63 
247839.75 
247839.88 
247840.00 
247840.12 
247840.25 
247840.37 
247840.50 
247840.63 
247840.75 
247840.88 
247841.01 
247841.13 
247841.26 
247841.38 
247841.51 
247841.64 
247841.77 
247841.90 
247842.02 
247842.15 
247842.28 
247842.41 
247842.54 
247842.66 
247842.79 
247842.92 
247843.05 
247843.17 
247843.30 
247843.44 
247843.57 
247843.70 
247843.83 
247843.96 
247844.09 
247844.22 
247844.35 
247844.49 
247844.61 
247844.74 
247844.86 
247844.99 
247845.12 
247845.25 
247845.38 
247845.51 
247845.63 
247845.76 
247845.88 
247845.99 
247846.11 
247846.23 
247846.36 
247846.48 
247846.61 
247846.74 
247846.86 
247846.99 
247847.12 
247847.25 
247847.37 
247847.50 
247847.63 
247847.76 
247847.89 
247848.02 
247848.15 
247848.28 
247848.40 
247848.53 
247848.67 
247848.80 
247848.93 
247849.06 
247849.20 
247849.34 
247849.46 
247849.59 
247849.72 
247849.85 
247849.97 
247850.10 
247850.24 
247850.37 
247850.49 
247850.62 
247850.75 
247850.87 
247851.00 
247851.13 
247851.26 
247851.39 
247851.51 
247851.64 
247851.77 
247851.90 
247852.02 
247852.15 
247852.28 
247852.40 
247852.53 
247852.66 
247852.78 
247852.91 
247853.03 
247853.16 
247853.29 
247853.42 
247853.54 
247853.67 
247853.79 
247853.92 
247854.05 
247854.17 
247854.32 
247854.45 
247854.57 
247854.70 
247854.83 
247854.96 
247855.09 
247855.22 
247855.36 
247855.49 
247855.63 
247855.75 
247855.89 
247856.01 
247856.15 
247856.27 
247856.39 
247856.52 
247856.65 
247856.77 
247856.90 
247857.03 
247857.16 
247857.29 
247857.42 
247857.54 
247857.66 
247857.79 
247857.92 
247858.05 
247858.18 
247858.31 
247858.44 
247858.57 
247858.70 
247858.82 
247858.95 
247859.08 
247859.20 
247859.33 
247859.46 
247859.58 
247859.71 
247859.83 
247859.95 
247860.07 
247860.21 
247860.34 
247860.46 
247860.60 
247860.74 
247860.86 
247860.99 
247861.11 
247861.23 
247861.34 
247861.46 
247861.58 
247861.72 
247861.85 
247861.98 
247862.11 
247862.24 
247862.36 
247862.49 
247862.62 
247862.74 
247862.87 
247863.00 
247863.13 
247863.25 
247863.38 
247863.52 
247863.64 
247863.76 
247863.90 
247864.02 
247864.15 
247864.29 
247864.41 
247864.54 
247864.68 
247864.82 
247864.94 
247865.05 
247865.18 
247865.30 
247865.43 
247865.56 
247865.69 
247865.82 
247865.95 
247866.08 
247866.21 
247866.34 
247866.48 
247866.60 
247866.73 
247866.86 
247866.98 
247867.12 
247867.25 
247867.37 
247867.50 
247867.63 
247867.76 
247867.89 
247868.02 
247868.16 
247868.29 
247868.42 
247868.54 
247868.67 
247868.80 
247868.92 
247869.05 
247869.18 
247869.30 
247869.43 
247869.56 
247869.69 
247869.82 
247869.94 
247870.07 
247870.20 
247870.34 
247870.46 
247870.61 
247870.74 
247870.86 
247870.99 
247871.12 
247871.24 
247871.37 
247871.49 
247871.61 
247871.74 
247871.86 
247871.99 
247872.11 
247872.24 
247872.37 
247872.50 
247872.63 
247872.77 
247872.89 
247873.02 
247873.15 
247873.27 
247873.40 
247873.53 
247873.66 
247873.79 
247873.92 
247874.04 
247874.16 
247874.29 
247874.43 
247874.55 
247874.69 
247874.82 
247874.93 
247875.06 
247875.20 
247875.32 
247875.45 
247875.58 
247875.72 
247875.84 
247875.97 
247876.10 
247876.23 
247876.35 
247876.47 
247876.60 
247876.73 
247876.85 
247876.98 
247877.11 
247877.23 
247877.36 
247877.49 
247877.62 
247877.75 
247877.88 
247878.01 
247878.14 
247878.26 
247878.40 
247878.53 
247878.66 
247878.79 
247878.93 
247879.05 
247879.18 
247879.31 
247879.43 
247879.56 
247879.69 
247879.83 
247879.96 
247880.08 
247880.22 
247880.35 
247880.49 
247880.62 
247880.75 
247880.88 
247881.01 
247881.13 
247881.27 
247881.39 
247881.51 
247881.64 
247881.77 
247881.90 
247882.02 
247882.15 
247882.28 
247882.40 
247882.53 
247882.65 
247882.78 
247882.91 
247883.04 
247883.16 
247883.28 
247883.41 
247883.53 
247883.66 
247883.78 
247883.91 
247884.03 
247884.15 
247884.28 
247884.40 
247884.53 
247884.65 
247884.78 
247884.90 
247885.03 
247885.15 
247885.28 
247885.41 
247885.53 
247885.66 
247885.79 
247885.91 
247886.04 
247886.16 
247886.29 
247886.41 
247886.53 
247886.66 
247886.78 
247886.91 
247887.03 
247887.16 
247887.28 
247887.40 
247887.52 
247887.64 
247887.76 
247887.90 
247888.02 
247888.15 
247888.29 
247888.43 
247888.56 
247888.68 
247888.82 
247888.95 
247889.08 
247889.21 
247889.34 
247889.47 
247889.60 
247889.73 
247889.85 
247889.97 
247890.10 
247890.23 
247890.36 
247890.48 
247890.61 
247890.75 
247890.87 
247891.00 
247891.13 
247891.26 
247891.39 
247891.52 
247891.66 
247891.80 
247891.94 
247892.07 
247892.20 
247892.33 
247892.44 
247892.57 
247892.70 
247892.82 
247892.95 
247893.08 
247893.21 
247893.34 
247893.47 
247893.60 
247893.73 
247893.86 
247893.99 
247894.12 
247894.25 
247894.38 
247894.50 
247894.63 
247894.76 
247894.89 
247895.02 
247895.15 
247895.28 
247895.40 
247895.53 
247895.66 
247895.79 
247895.92 
247896.04 
247896.17 
247896.30 
247896.43 
247896.56 
247896.69 
247896.82 
247896.95 
247897.07 
247897.20 
247897.33 
247897.46 
247897.59 
247897.72 
247897.84 
247897.97 
247898.10 
247898.24 
247898.36 
247898.49 
247898.62 
247898.75 
247898.87 
247899.01 
247899.15 
247899.28 
247899.40 
247899.52 
247899.65 
247899.78 
247899.91 
247900.05 
247900.18 
247900.31 
247900.44 
247900.58 
247900.70 
247900.83 
247900.95 
247901.08 
247901.21 
247901.34 
247901.47 
247901.60 
247901.73 
247901.86 
247901.99 
247902.11 
247902.24 
247902.38 
247902.51 
247902.64 
247902.76 
247902.89 
247903.01 
247903.15 
247903.27 
247903.41 
247903.55 
247903.67 
247903.80 
247903.93 
247904.06 
247904.20 
247904.32 
247904.46 
247904.58 
247904.72 
247904.84 
247904.97 
247905.10 
247905.22 
247905.36 
247905.50 
247905.63 
247905.76 
247905.90 
247906.03 
247906.15 
247906.29 
247906.43 
247906.55 
247906.68 
247906.81 
247906.94 
247907.06 
247907.19 
247907.32 
247907.45 
247907.57 
247907.70 
247907.82 
247907.94 
247908.07 
247908.20 
247908.33 
247908.46 
247908.58 
247908.71 
247908.84 
247908.97 
247909.10 
247909.22 
247909.35 
247909.48 
247909.61 
247909.74 
247909.86 
247909.99 
247910.11 
247910.25 
247910.38 
247910.50 
247910.63 
247910.76 
247910.90 
247911.04 
247911.18 
247911.32 
247911.45 
247911.56 
247911.70 
247911.84 
247911.97 
247912.10 
247912.23 
247912.36 
247912.48 
247912.62 
247912.75 
247912.87 
247912.99 
247913.12 
247913.24 
247913.37 
247913.50 
247913.63 
247913.76 
247913.89 
247914.02 
247914.15 
247914.27 
247914.41 
247914.54 
247914.66 
247914.79 
247914.92 
247915.05 
247915.18 
247915.31 
247915.44 
247915.56 
247915.70 
247915.83 
247915.95 
247916.08 
247916.22 
247916.35 
247916.47 
247916.60 
247916.73 
247916.85 
247916.98 
247917.11 
247917.24 
247917.37 
247917.50 
247917.62 
247917.75 
247917.88 
247918.01 
247918.14 
247918.26 
247918.39 
247918.52 
247918.65 
247918.78 
247918.91 
247919.05 
247919.18 
247919.31 
247919.44 
247919.56 
247919.69 
247919.81 
247919.94 
247920.07 
247920.21 
247920.34 
247920.47 
247920.60 
247920.73 
247920.86 
247920.99 
247921.11 
247921.24 
247921.37 
247921.50 
247921.63 
247921.76 
247921.88 
247922.02 
247922.14 
247922.27 
247922.39 
247922.52 
247922.65 
247922.77 
247922.90 
247923.03 
247923.15 
247923.27 
247923.39 
247923.53 
247923.66 
247923.78 
247923.92 
247924.05 
247924.18 
247924.31 
247924.44 
247924.56 
247924.70 
247924.83 
247924.97 
247925.11 
247925.23 
247925.36 
247925.50 
247925.63 
247925.75 
247925.89 
247926.01 
247926.14 
247926.28 
247926.40 
247926.53 
247926.65 
247926.78 
247926.91 
247927.04 
247927.17 
247927.30 
247927.42 
247927.54 
247927.67 
247927.80 
247927.92 
247928.05 
247928.17 
247928.31 
247928.43 
247928.56 
247928.68 
247928.81 
247928.95 
247929.08 
247929.21 
247929.33 
247929.46 
247929.59 
247929.71 
247929.84 
247929.96 
247930.09 
247930.21 
247930.34 
247930.47 
247930.59 
247930.72 
247930.84 
247930.97 
247931.09 
247931.21 
247931.34 
247931.47 
247931.60 
247931.73 
247931.87 
247931.99 
247932.14 
247932.27 
247932.39 
247932.52 
247932.65 
247932.78 
247932.91 
247933.05 
247933.18 
247933.31 
247933.43 
247933.56 
247933.69 
247933.82 
247933.95 
247934.07 
247934.21 
247934.34 
247934.47 
247934.60 
247934.73 
247934.86 
247934.99 
247935.11 
247935.24 
247935.37 
247935.50 
247935.63 
247935.76 
247935.88 
247936.01 
247936.13 
247936.26 
247936.40 
247936.52 
247936.65 
247936.78 
247936.91 
247937.03 
247937.16 
247937.29 
247937.42 
247937.55 
247937.68 
247937.81 
247937.94 
247938.07 
247938.20 
247938.33 
247938.47 
247938.59 
247938.71 
247938.83 
247938.94 
247939.07 
247939.20 
247939.33 
247939.45 
247939.59 
247939.72 
247939.85 
247939.98 
247940.11 
247940.23 
247940.36 
247940.50 
247940.64 
247940.76 
247940.90 
247941.03 
247941.15 
247941.28 
247941.42 
247941.55 
247941.68 
247941.82 
247941.94 
247942.06 
247942.18 
247942.31 
247942.44 
247942.57 
247942.69 
247942.82 
247942.96 
247943.09 
247943.22 
247943.35 
247943.48 
247943.61 
247943.74 
247943.88 
247944.00 
247944.13 
247944.25 
247944.38 
247944.51 
247944.64 
247944.76 
247944.89 
247945.02 
247945.14 
247945.28 
247945.41 
247945.54 
247945.67 
247945.80 
247945.93 
247946.05 
247946.19 
247946.31 
247946.45 
247946.57 
247946.71 
247946.83 
247946.96 
247947.09 
247947.22 
247947.34 
247947.47 
247947.60 
247947.73 
247947.85 
247947.99 
247948.12 
247948.25 
247948.38 
247948.51 
247948.63 
247948.76 
247948.89 
247949.02 
247949.14 
247949.27 
247949.40 
247949.53 
247949.66 
247949.78 
247949.91 
247950.04 
247950.17 
247950.30 
247950.44 
247950.55 
247950.68 
247950.80 
247950.93 
247951.06 
247951.18 
247951.31 
247951.44 
247951.56 
247951.69 
247951.82 
247951.94 
247952.06 
247952.19 
247952.31 
247952.44 
247952.56 
247952.69 
247952.82 
247952.94 
247953.06 
247953.19 
247953.32 
247953.44 
247953.57 
247953.69 
247953.82 
247953.94 
247954.07 
247954.19 
247954.31 
247954.44 
247954.56 
247954.69 
247954.82 
247954.94 
247955.07 
247955.19 
247955.32 
247955.45 
247955.59 
247955.72 
247955.84 
247955.97 
247956.12 
247956.24 
247956.36 
247956.49 
247956.61 
247956.74 
247956.87 
247957.00 
247957.12 
247957.25 
247957.38 
247957.50 
247957.63 
247957.77 
247957.89 
247958.02 
247958.16 
247958.29 
247958.43 
247958.56 
247958.68 
247958.80 
247958.92 
247959.05 
247959.18 
247959.31 
247959.44 
247959.57 
247959.70 
247959.83 
247959.95 
247960.08 
247960.21 
247960.34 
247960.47 
247960.60 
247960.73 
247960.85 
247960.99 
247961.12 
247961.24 
247961.37 
247961.51 
247961.62 
247961.75 
247961.86 
247961.99 
247962.12 
247962.25 
247962.39 
247962.52 
247962.65 
247962.78 
247962.90 
247963.03 
247963.16 
247963.28 
247963.41 
247963.55 
247963.68 
247963.82 
247963.95 
247964.07 
247964.21 
247964.35 
247964.49 
247964.62 
247964.75 
247964.88 
247965.02 
247965.14 
247965.26 
247965.39 
247965.53 
247965.66 
247965.78 
247965.92 
247966.05 
247966.19 
247966.31 
247966.44 
247966.56 
247966.69 
247966.81 
247966.93 
247967.06 
247967.19 
247967.32 
247967.45 
247967.58 
247967.71 
247967.84 
247967.97 
247968.11 
247968.23 
247968.38 
247968.49 
247968.62 
247968.74 
247968.87 
247969.00 
247969.14 
247969.26 
247969.38 
247969.51 
247969.63 
247969.74 
247969.87 
247969.98 
247970.12 
247970.24 
247970.37 
247970.49 
247970.63 
247970.76 
247970.89 
247971.02 
247971.14 
247971.27 
247971.41 
247971.55 
247971.68 
247971.81 
247971.95 
247972.08 
247972.20 
247972.33 
247972.46 
247972.59 
247972.72 
247972.84 
247972.97 
247973.11 
247973.24 
247973.36 
247973.48 
247973.61 
247973.74 
247973.86 
247973.99 
247974.11 
247974.24 
247974.36 
247974.49 
247974.62 
247974.74 
247974.87 
247974.99 
247975.12 
247975.24 
247975.37 
247975.50 
247975.62 
247975.75 
247975.87 
247976.00 
247976.12 
247976.25 
247976.37 
247976.50 
247976.62 
247976.75 
247976.87 
247977.00 
247977.13 
247977.25 
247977.38 
247977.50 
247977.63 
247977.76 
247977.88 
247978.01 
247978.13 
247978.26 
247978.39 
247978.51 
247978.66 
247978.79 
247978.92 
247979.04 
247979.17 
247979.30 
247979.43 
247979.55 
247979.68 
247979.80 
247979.93 
247980.05 
247980.18 
247980.31 
247980.43 
247980.56 
247980.69 
247980.82 
247980.95 
247981.07 
247981.20 
247981.33 
247981.46 
247981.59 
247981.71 
247981.84 
247981.97 
247982.10 
247982.23 
247982.35 
247982.49 
247982.62 
247982.75 
247982.88 
247983.01 
247983.14 
247983.28 
247983.41 
247983.55 
247983.68 
247983.80 
247983.92 
247984.04 
247984.17 
247984.29 
247984.42 
247984.55 
247984.67 
247984.81 
247984.94 
247985.05 
247985.17 
247985.28 
247985.41 
247985.54 
247985.66 
247985.79 
247985.92 
247986.04 
247986.17 
247986.30 
247986.42 
247986.56 
247986.68 
247986.82 
247986.94 
247987.06 
247987.19 
247987.32 
247987.46 
247987.58 
247987.70 
247987.83 
247987.96 
247988.08 
247988.21 
247988.34 
247988.47 
247988.59 
247988.72 
247988.86 
247988.98 
247989.11 
247989.24 
247989.38 
247989.52 
247989.66 
247989.80 
247989.92 
247990.04 
247990.17 
247990.30 
247990.43 
247990.55 
247990.69 
247990.81 
247990.94 
247991.06 
247991.20 
247991.32 
247991.45 
247991.58 
247991.71 
247991.85 
247991.98 
247992.13 
247992.26 
247992.39 
247992.52 
247992.65 
247992.78 
247992.90 
247993.04 
247993.16 
247993.30 
247993.42 
247993.55 
247993.68 
247993.81 
247993.93 
247994.05 
247994.18 
247994.31 
247994.44 
247994.56 
247994.69 
247994.83 
247994.95 
247995.09 
247995.23 
247995.35 
247995.49 
247995.62 
247995.75 
247995.88 
247996.01 
247996.14 
247996.27 
247996.40 
247996.52 
247996.65 
247996.78 
247996.90 
247997.03 
247997.16 
247997.28 
247997.41 
247997.53 
247997.66 
247997.80 
247997.93 
247998.06 
247998.20 
247998.33 
247998.45 
247998.58 
247998.71 
247998.85 
247998.97 
247999.11 
247999.24 
247999.37 
247999.50 
247999.63 
247999.75 
247999.88 
248000.00 
248000.13 
248000.25 
248000.37 
248000.49 
248000.61 
248000.73 
248000.85 
248000.98 
248001.10 
248001.23 
248001.36 
248001.48 
248001.61 
248001.73 
248001.86 
248001.98 
248002.11 
248002.24 
248002.37 
248002.50 
248002.62 
248002.75 
248002.87 
248003.00 
248003.13 
248003.25 
248003.38 
248003.51 
248003.63 
248003.76 
248003.89 
248004.01 
248004.14 
248004.26 
248004.39 
248004.51 
248004.64 
248004.77 
248004.90 
248005.02 
248005.15 
248005.28 
248005.42 
248005.54 
248005.67 
248005.79 
248005.92 
248006.04 
248006.17 
248006.29 
248006.41 
248006.55 
248006.68 
248006.80 
248006.92 
248007.03 
248007.16 
248007.29 
248007.42 
248007.54 
248007.67 
248007.80 
248007.93 
248008.06 
248008.19 
248008.32 
248008.44 
248008.57 
248008.70 
248008.83 
248008.96 
248009.08 
248009.21 
248009.33 
248009.47 
248009.60 
248009.74 
248009.87 
248009.99 
248010.12 
248010.25 
248010.38 
248010.50 
248010.64 
248010.76 
248010.89 
248011.02 
248011.14 
248011.27 
248011.39 
248011.52 
248011.64 
248011.77 
248011.90 
248012.02 
248012.15 
248012.27 
248012.40 
248012.52 
248012.64 
248012.77 
248012.89 
248013.01 
248013.14 
248013.27 
248013.39 
248013.51 
248013.64 
248013.76 
248013.88 
248014.02 
248014.14 
248014.27 
248014.39 
248014.52 
248014.64 
248014.77 
248014.91 
248015.04 
248015.16 
248015.29 
248015.42 
248015.54 
248015.67 
248015.80 
248015.93 
248016.06 
248016.19 
248016.31 
248016.44 
248016.57 
248016.70 
248016.82 
248016.95 
248017.09 
248017.22 
248017.35 
248017.47 
248017.60 
248017.73 
248017.86 
248018.00 
248018.12 
248018.25 
248018.38 
248018.50 
248018.63 
248018.77 
248018.90 
248019.03 
248019.16 
248019.28 
248019.41 
248019.54 
248019.68 
248019.81 
248019.94 
248020.08 
248020.22 
248020.36 
248020.48 
248020.61 
248020.73 
248020.86 
248020.98 
248021.12 
248021.25 
248021.37 
248021.50 
248021.62 
248021.74 
248021.86 
248021.99 
248022.11 
248022.23 
248022.36 
248022.50 
248022.62 
248022.75 
248022.88 
248023.00 
248023.13 
248023.25 
248023.37 
248023.49 
248023.61 
248023.73 
248023.86 
248023.99 
248024.12 
248024.24 
248024.38 
248024.50 
248024.63 
248024.76 
248024.88 
248025.01 
248025.14 
248025.27 
248025.39 
248025.52 
248025.64 
248025.77 
248025.90 
248026.02 
248026.16 
248026.29 
248026.42 
248026.56 
248026.69 
248026.83 
248026.96 
248027.09 
248027.21 
248027.34 
248027.46 
248027.59 
248027.72 
248027.85 
248027.98 
248028.10 
248028.23 
248028.36 
248028.49 
248028.62 
248028.75 
248028.89 
248029.01 
248029.14 
248029.26 
248029.39 
248029.53 
248029.66 
248029.79 
248029.91 
248030.05 
248030.17 
248030.30 
248030.43 
248030.55 
248030.68 
248030.81 
248030.94 
248031.07 
248031.21 
248031.33 
248031.46 
248031.57 
248031.69 
248031.81 
248031.93 
248032.05 
248032.18 
248032.31 
248032.43 
248032.56 
248032.69 
248032.82 
248032.95 
248033.08 
248033.21 
248033.34 
248033.47 
248033.60 
248033.74 
248033.87 
248033.99 
248034.12 
248034.25 
248034.38 
248034.52 
248034.65 
248034.78 
248034.90 
248035.03 
248035.16 
248035.29 
248035.42 
248035.55 
248035.67 
248035.81 
248035.93 
248036.06 
248036.18 
248036.31 
248036.44 
248036.57 
248036.70 
248036.83 
248036.95 
248037.08 
248037.21 
248037.34 
248037.47 
248037.59 
248037.72 
248037.85 
248037.98 
248038.11 
248038.25 
248038.39 
248038.52 
248038.65 
248038.78 
248038.92 
248039.06 
248039.18 
248039.30 
248039.43 
248039.55 
248039.67 
248039.80 
248039.93 
248040.06 
248040.19 
248040.32 
248040.45 
248040.58 
248040.72 
248040.84 
248040.97 
248041.10 
248041.23 
248041.36 
248041.49 
248041.62 
248041.75 
248041.87 
248042.01 
248042.14 
248042.27 
248042.39 
248042.52 
248042.65 
248042.78 
248042.91 
248043.04 
248043.17 
248043.30 
248043.43 
248043.56 
248043.70 
248043.82 
248043.95 
248044.07 
248044.19 
248044.32 
248044.45 
248044.56 
248044.69 
248044.82 
248044.94 
248045.07 
248045.18 
248045.29 
248045.40 
248045.54 
248045.65 
248045.77 
248045.88 
248045.99 
248046.09 
248046.20 
248046.34 
248046.46 
248046.59 
248046.72 
248046.85 
248046.99 
248047.13 
248047.26 
248047.39 
248047.52 
248047.65 
248047.79 
248047.92 
248048.04 
248048.18 
248048.30 
248048.43 
248048.56 
248048.70 
248048.83 
248048.96 
248049.09 
248049.21 
248049.35 
248049.48 
248049.62 
248049.74 
248049.87 
248050.00 
248050.13 
248050.25 
248050.39 
248050.51 
248050.64 
248050.77 
248050.90 
248051.02 
248051.14 
248051.26 
248051.40 
248051.54 
248051.66 
248051.79 
248051.92 
248052.05 
248052.18 
248052.30 
248052.43 
248052.56 
248052.69 
248052.81 
248052.95 
248053.07 
248053.20 
248053.32 
248053.45 
248053.59 
248053.71 
248053.84 
248053.96 
248054.10 
248054.22 
248054.35 
248054.47 
248054.61 
248054.73 
248054.86 
248054.98 
248055.12 
248055.25 
248055.37 
248055.50 
248055.63 
248055.77 
248055.90 
248056.03 
248056.17 
248056.30 
248056.43 
248056.57 
248056.71 
248056.83 
248056.96 
248057.09 
248057.21 
248057.35 
248057.47 
248057.61 
248057.74 
248057.88 
248058.02 
248058.14 
248058.27 
248058.40 
248058.53 
248058.65 
248058.78 
248058.91 
248059.04 
248059.16 
248059.30 
248059.42 
248059.55 
248059.68 
248059.81 
248059.93 
248060.06 
248060.19 
248060.32 
248060.44 
248060.58 
248060.70 
248060.83 
248060.97 
248061.10 
248061.23 
248061.36 
248061.49 
248061.61 
248061.74 
248061.87 
248062.00 
248062.12 
248062.25 
248062.38 
248062.51 
248062.64 
248062.76 
248062.90 
248063.02 
248063.15 
248063.28 
248063.40 
248063.54 
248063.66 
248063.79 
248063.93 
248064.06 
248064.19 
248064.32 
248064.45 
248064.59 
248064.72 
248064.84 
248064.97 
248065.10 
248065.24 
248065.36 
248065.49 
248065.61 
248065.75 
248065.87 
248066.00 
248066.12 
248066.26 
248066.38 
248066.51 
248066.64 
248066.76 
248066.90 
248067.02 
248067.15 
248067.28 
248067.41 
248067.53 
248067.66 
248067.80 
248067.94 
248068.06 
248068.19 
248068.32 
248068.45 
248068.57 
248068.70 
248068.83 
248068.95 
248069.09 
248069.21 
248069.34 
248069.47 
248069.60 
248069.72 
248069.86 
248070.00 
248070.13 
248070.25 
248070.39 
248070.51 
248070.63 
248070.77 
248070.89 
248071.02 
248071.15 
248071.28 
248071.40 
248071.54 
248071.66 
248071.79 
248071.91 
248072.05 
248072.18 
248072.31 
248072.43 
248072.56 
248072.70 
248072.81 
248072.94 
248073.06 
248073.19 
248073.33 
248073.45 
248073.58 
248073.71 
248073.85 
248073.98 
248074.11 
248074.23 
248074.36 
248074.49 
248074.62 
248074.74 
248074.87 
248075.00 
248075.13 
248075.26 
248075.39 
248075.51 
248075.64 
248075.75 
248075.89 
248076.01 
248076.12 
248076.26 
248076.38 
248076.52 
248076.64 
248076.77 
248076.89 
248077.02 
248077.15 
248077.28 
248077.41 
248077.55 
248077.67 
248077.80 
248077.94 
248078.06 
248078.19 
248078.32 
248078.44 
248078.57 
248078.71 
248078.83 
248078.96 
248079.10 
248079.23 
248079.35 
248079.48 
248079.61 
248079.74 
248079.87 
248080.01 
248080.14 
248080.26 
248080.39 
248080.52 
248080.66 
248080.78 
248080.90 
248081.04 
248081.16 
248081.29 
248081.42 
248081.54 
248081.68 
248081.80 
248081.92 
248082.05 
248082.18 
248082.31 
248082.44 
248082.57 
248082.70 
248082.82 
248082.95 
248083.08 
248083.21 
248083.34 
248083.46 
248083.60 
248083.72 
248083.85 
248083.98 
248084.12 
248084.25 
248084.38 
248084.50 
248084.63 
248084.76 
248084.89 
248085.02 
248085.15 
248085.28 
248085.40 
248085.53 
248085.66 
248085.79 
248085.91 
248086.04 
248086.17 
248086.30 
248086.43 
248086.55 
248086.69 
248086.82 
248086.95 
248087.08 
248087.20 
248087.32 
248087.45 
248087.58 
248087.70 
248087.82 
248087.94 
248088.07 
248088.21 
248088.34 
248088.46 
248088.59 
248088.71 
248088.84 
248088.97 
248089.10 
248089.22 
248089.36 
248089.48 
248089.61 
248089.74 
248089.86 
248089.99 
248090.12 
248090.25 
248090.38 
248090.51 
248090.65 
248090.78 
248090.91 
248091.05 
248091.17 
248091.30 
248091.41 
248091.53 
248091.64 
248091.76 
248091.88 
248092.00 
248092.13 
248092.26 
248092.39 
248092.51 
248092.64 
248092.77 
248092.90 
248093.03 
248093.15 
248093.28 
248093.41 
248093.53 
248093.67 
248093.80 
248093.93 
248094.06 
248094.18 
248094.32 
248094.45 
248094.57 
248094.70 
248094.82 
248094.95 
248095.08 
248095.21 
248095.34 
248095.47 
248095.60 
248095.73 
248095.86 
248095.99 
248096.12 
248096.25 
248096.37 
248096.50 
248096.63 
248096.75 
248096.88 
248097.00 
248097.13 
248097.26 
248097.38 
248097.51 
248097.64 
248097.77 
248097.89 
248098.02 
248098.14 
248098.27 
248098.40 
248098.53 
248098.65 
248098.78 
248098.91 
248099.03 
248099.16 
248099.29 
248099.42 
248099.55 
248099.68 
248099.81 
248099.94 
248100.07 
248100.20 
248100.33 
248100.46 
248100.58 
248100.71 
248100.84 
248100.97 
248101.10 
248101.23 
248101.36 
248101.49 
248101.62 
248101.75 
248101.89 
248102.01 
248102.14 
248102.26 
248102.39 
248102.52 
248102.65 
248102.77 
248102.91 
248103.04 
248103.16 
248103.29 
248103.42 
248103.54 
248103.67 
248103.81 
248103.94 
248104.07 
248104.20 
248104.33 
248104.47 
248104.59 
248104.71 
248104.84 
248104.97 
248105.10 
248105.23 
248105.35 
248105.49 
248105.62 
248105.75 
248105.87 
248106.00 
248106.13 
248106.26 
248106.39 
248106.52 
248106.65 
248106.78 
248106.91 
248107.04 
248107.17 
248107.29 
248107.41 
248107.54 
248107.66 
248107.79 
248107.91 
248108.04 
248108.17 
248108.30 
248108.42 
248108.55 
248108.68 
248108.81 
248108.94 
248109.06 
248109.19 
248109.34 
248109.45 
248109.58 
248109.71 
248109.83 
248109.96 
248110.09 
248110.22 
248110.35 
248110.49 
248110.62 
248110.74 
248110.87 
248111.00 
248111.12 
248111.25 
248111.38 
248111.52 
248111.65 
248111.78 
248111.91 
248112.04 
248112.16 
248112.29 
248112.41 
248112.54 
248112.67 
248112.80 
248112.92 
248113.06 
248113.20 
248113.32 
248113.45 
248113.58 
248113.72 
248113.85 
248113.98 
248114.11 
248114.24 
248114.36 
248114.49 
248114.62 
248114.75 
248114.88 
248115.01 
248115.13 
248115.26 
248115.39 
248115.52 
248115.65 
248115.78 
248115.91 
248116.04 
248116.17 
248116.30 
248116.44 
248116.56 
248116.68 
248116.82 
248116.94 
248117.06 
248117.20 
248117.34 
248117.47 
248117.60 
248117.72 
248117.85 
248117.97 
248118.10 
248118.23 
248118.36 
248118.49 
248118.62 
248118.74 
248118.87 
248119.01 
248119.14 
248119.26 
248119.39 
248119.51 
248119.64 
248119.77 
248119.90 
248120.03 
248120.14 
248120.26 
248120.40 
248120.52 
248120.66 
248120.80 
248120.92 
248121.05 
248121.17 
248121.29 
248121.42 
248121.56 
248121.69 
248121.82 
248121.94 
248122.07 
248122.21 
248122.33 
248122.45 
248122.59 
248122.71 
248122.84 
248122.96 
248123.09 
248123.22 
248123.34 
248123.47 
248123.59 
248123.72 
248123.85 
248123.98 
248124.11 
248124.23 
248124.36 
248124.49 
248124.63 
248124.75 
248124.87 
248125.00 
248125.12 
248125.25 
248125.37 
248125.50 
248125.63 
248125.76 
248125.89 
248126.02 
248126.14 
248126.27 
248126.40 
248126.52 
248126.65 
248126.78 
248126.91 
248127.04 
248127.18 
248127.31 
248127.44 
248127.57 
248127.69 
248127.82 
248127.95 
248128.08 
248128.20 
248128.33 
248128.46 
248128.59 
248128.72 
248128.85 
248128.98 
248129.12 
248129.25 
248129.38 
248129.52 
248129.64 
248129.76 
248129.88 
248130.01 
248130.14 
248130.27 
248130.39 
248130.52 
248130.65 
248130.78 
248130.90 
248131.04 
248131.17 
248131.30 
248131.43 
248131.56 
248131.69 
248131.82 
248131.96 
248132.07 
248132.20 
248132.32 
248132.45 
248132.58 
248132.72 
248132.84 
248132.98 
248133.12 
248133.25 
248133.39 
248133.52 
248133.64 
248133.76 
248133.88 
248134.02 
248134.14 
248134.27 
248134.41 
248134.54 
248134.66 
248134.78 
248134.91 
248135.04 
248135.17 
248135.29 
248135.42 
248135.56 
248135.68 
248135.81 
248135.93 
248136.06 
248136.18 
248136.30 
248136.43 
248136.56 
248136.69 
248136.81 
248136.94 
248137.06 
248137.18 
248137.30 
248137.43 
248137.55 
248137.67 
248137.80 
248137.92 
248138.05 
248138.17 
248138.31 
248138.44 
248138.57 
248138.70 
248138.83 
248138.96 
248139.08 
248139.21 
248139.34 
248139.47 
248139.61 
248139.73 
248139.86 
248139.99 
248140.12 
248140.24 
248140.37 
248140.51 
248140.64 
248140.78 
248140.90 
248141.02 
248141.15 
248141.28 
248141.41 
248141.54 
248141.67 
248141.80 
248141.93 
248142.06 
248142.19 
248142.32 
248142.45 
248142.58 
248142.72 
248142.85 
248142.98 
248143.10 
248143.23 
248143.36 
248143.48 
248143.61 
248143.74 
248143.87 
248143.99 
248144.12 
248144.25 
248144.38 
248144.51 
248144.65 
248144.78 
248144.90 
248145.04 
248145.16 
248145.29 
248145.42 
248145.56 
248145.67 
248145.80 
248145.93 
248146.06 
248146.19 
248146.32 
248146.44 
248146.57 
248146.70 
248146.82 
248146.95 
248147.08 
248147.21 
248147.34 
248147.46 
248147.59 
248147.71 
248147.85 
248147.98 
248148.10 
248148.24 
248148.36 
248148.49 
248148.63 
248148.76 
248148.89 
248149.02 
248149.15 
248149.27 
248149.41 
248149.53 
248149.66 
248149.79 
248149.91 
248150.05 
248150.17 
248150.30 
248150.43 
248150.56 
248150.69 
248150.82 
248150.95 
248151.08 
248151.20 
248151.33 
248151.45 
248151.58 
248151.71 
248151.83 
248151.96 
248152.08 
248152.21 
248152.35 
248152.47 
248152.61 
248152.73 
248152.85 
248152.96 
248153.08 
248153.20 
248153.32 
248153.45 
248153.58 
248153.69 
248153.80 
248153.91 
248154.03 
248154.16 
248154.28 
248154.41 
248154.54 
248154.66 
248154.78 
248154.91 
248155.04 
248155.17 
248155.29 
248155.42 
248155.54 
248155.67 
248155.79 
248155.91 
248156.06 
248156.18 
248156.31 
248156.43 
248156.56 
248156.68 
248156.81 
248156.93 
248157.05 
248157.18 
248157.30 
248157.42 
248157.55 
248157.67 
248157.79 
248157.91 
248158.04 
248158.16 
248158.30 
248158.43 
248158.56 
248158.69 
248158.83 
248158.95 
248159.08 
248159.21 
248159.34 
248159.47 
248159.59 
248159.72 
248159.84 
248159.97 
248160.10 
248160.24 
248160.36 
248160.49 
248160.62 
248160.75 
248160.88 
248161.01 
248161.15 
248161.27 
248161.40 
248161.53 
248161.66 
248161.78 
248161.91 
248162.04 
248162.17 
248162.31 
248162.44 
248162.57 
248162.70 
248162.82 
248162.95 
248163.07 
248163.20 
248163.34 
248163.47 
248163.59 
248163.72 
248163.85 
248163.98 
248164.11 
248164.24 
248164.36 
248164.49 
248164.62 
248164.74 
248164.88 
248165.01 
248165.13 
248165.26 
248165.39 
248165.52 
248165.64 
248165.77 
248165.90 
248166.02 
248166.16 
248166.29 
248166.41 
248166.55 
248166.68 
248166.79 
248166.92 
248167.04 
248167.17 
248167.31 
248167.43 
248167.56 
248167.69 
248167.82 
248167.94 
248168.07 
248168.20 
248168.33 
248168.46 
248168.59 
248168.72 
248168.84 
248168.96 
248169.08 
248169.20 
248169.32 
248169.45 
248169.57 
248169.70 
248169.82 
248169.95 
248170.09 
248170.21 
248170.34 
248170.47 
248170.60 
248170.73 
248170.86 
248170.99 
248171.12 
248171.24 
248171.37 
248171.51 
248171.65 
248171.79 
248171.91 
248172.05 
248172.17 
248172.30 
248172.42 
248172.55 
248172.68 
248172.81 
248172.93 
248173.06 
248173.19 
248173.32 
248173.45 
248173.58 
248173.71 
248173.83 
248173.96 
248174.09 
248174.22 
248174.35 
248174.48 
248174.61 
248174.73 
248174.86 
248174.99 
248175.12 
248175.24 
248175.37 
248175.50 
248175.62 
248175.76 
248175.90 
248176.02 
248176.15 
248176.28 
248176.41 
248176.53 
248176.65 
248176.78 
248176.91 
248177.04 
248177.18 
248177.32 
248177.43 
248177.56 
248177.69 
248177.82 
248177.95 
248178.07 
248178.20 
248178.32 
248178.45 
248178.59 
248178.72 
248178.85 
248178.99 
248179.12 
248179.25 
248179.37 
248179.50 
248179.64 
248179.76 
248179.88 
248180.00 
248180.12 
248180.25 
248180.38 
248180.51 
248180.64 
248180.77 
248180.91 
248181.04 
248181.17 
248181.30 
248181.43 
248181.55 
248181.68 
248181.81 
248181.94 
248182.08 
248182.20 
248182.33 
248182.46 
248182.59 
248182.71 
248182.84 
248182.97 
248183.11 
248183.25 
248183.37 
248183.49 
248183.61 
248183.74 
248183.87 
248184.00 
248184.13 
248184.27 
248184.39 
248184.52 
248184.65 
248184.78 
248184.90 
248185.03 
248185.17 
248185.30 
248185.44 
248185.57 
248185.70 
248185.84 
248185.97 
248186.10 
248186.22 
248186.35 
248186.47 
248186.60 
248186.72 
248186.85 
248186.97 
248187.10 
248187.23 
248187.36 
248187.49 
248187.62 
248187.74 
248187.87 
248188.00 
248188.13 
248188.25 
248188.38 
248188.50 
248188.63 
248188.75 
248188.88 
248189.01 
248189.13 
248189.26 
248189.38 
248189.51 
248189.63 
248189.76 
248189.89 
248190.02 
248190.15 
248190.28 
248190.41 
248190.53 
248190.65 
248190.78 
248190.90 
248191.03 
248191.15 
248191.28 
248191.41 
248191.53 
248191.65 
248191.78 
248191.91 
248192.03 
248192.16 
248192.29 
248192.41 
248192.54 
248192.66 
248192.79 
248192.92 
248193.05 
248193.18 
248193.30 
248193.43 
248193.56 
248193.69 
248193.82 
248193.94 
248194.07 
248194.20 
248194.33 
248194.46 
248194.58 
248194.71 
248194.83 
248194.96 
248195.09 
248195.22 
248195.35 
248195.47 
248195.60 
248195.73 
248195.86 
248195.99 
248196.11 
248196.24 
248196.38 
248196.51 
248196.64 
248196.77 
248196.91 
248197.04 
248197.16 
248197.29 
248197.42 
248197.55 
248197.67 
248197.81 
248197.94 
248198.07 
248198.20 
248198.33 
248198.46 
248198.60 
248198.73 
248198.86 
248198.99 
248199.12 
248199.25 
248199.37 
248199.51 
248199.63 
248199.76 
248199.89 
248200.02 
248200.14 
248200.26 
248200.39 
248200.52 
248200.65 
248200.78 
248200.91 
248201.03 
248201.16 
248201.29 
248201.42 
248201.55 
248201.69 
248201.83 
248201.95 
248202.07 
248202.20 
248202.33 
248202.46 
248202.59 
248202.72 
248202.84 
248202.97 
248203.10 
248203.24 
248203.37 
248203.51 
248203.64 
248203.77 
248203.90 
248204.03 
248204.17 
248204.30 
248204.43 
248204.55 
248204.69 
248204.82 
248204.95 
248205.09 
248205.22 
248205.35 
248205.48 
248205.61 
248205.74 
248205.87 
248206.01 
248206.14 
248206.26 
248206.41 
248206.52 
248206.65 
248206.78 
248206.91 
248207.04 
248207.17 
248207.29 
248207.42 
248207.54 
248207.68 
248207.81 
248207.94 
248208.06 
248208.19 
248208.31 
248208.43 
248208.56 
248208.68 
248208.81 
248208.94 
248209.06 
248209.19 
248209.32 
248209.45 
248209.57 
248209.71 
248209.83 
248209.96 
248210.09 
248210.22 
248210.34 
248210.47 
248210.60 
248210.73 
248210.86 
248211.00 
248211.13 
248211.26 
248211.39 
248211.52 
248211.65 
248211.78 
248211.92 
248212.05 
248212.17 
248212.30 
248212.43 
248212.55 
248212.68 
248212.79 
248212.92 
248213.06 
248213.18 
248213.31 
248213.43 
248213.56 
248213.69 
248213.82 
248213.94 
248214.07 
248214.20 
248214.33 
248214.46 
248214.58 
248214.71 
248214.84 
248214.97 
248215.10 
248215.23 
248215.35 
248215.48 
248215.59 
248215.70 
248215.85 
248215.98 
248216.11 
248216.25 
248216.39 
248216.51 
248216.65 
248216.78 
248216.91 
248217.04 
248217.16 
248217.29 
248217.42 
248217.54 
248217.66 
248217.79 
248217.92 
248218.04 
248218.17 
248218.30 
248218.42 
248218.55 
248218.68 
248218.81 
248218.94 
248219.07 
248219.19 
248219.32 
248219.46 
248219.58 
248219.71 
248219.83 
248219.96 
248220.08 
248220.21 
248220.34 
248220.47 
248220.61 
248220.73 
248220.87 
248220.99 
248221.12 
248221.24 
248221.38 
248221.50 
248221.63 
248221.75 
248221.88 
248222.01 
248222.14 
248222.27 
248222.41 
248222.54 
248222.67 
248222.80 
248222.92 
248223.05 
248223.18 
248223.31 
248223.44 
248223.57 
248223.71 
248223.83 
248223.96 
248224.09 
248224.22 
248224.35 
248224.48 
248224.61 
248224.74 
248224.87 
248225.00 
248225.13 
248225.26 
248225.39 
248225.52 
248225.66 
248225.80 
248225.94 
248226.06 
248226.19 
248226.31 
248226.44 
248226.56 
248226.70 
248226.82 
248226.95 
248227.08 
248227.21 
248227.34 
248227.47 
248227.59 
248227.72 
248227.85 
248227.98 
248228.12 
248228.25 
248228.38 
248228.51 
248228.64 
248228.77 
248228.91 
248229.03 
248229.16 
248229.29 
248229.42 
248229.55 
248229.68 
248229.81 
248229.94 
248230.07 
248230.21 
248230.33 
248230.46 
248230.58 
248230.72 
248230.84 
248230.97 
248231.08 
248231.20 
248231.33 
248231.46 
248231.58 
248231.71 
248231.84 
248231.96 
248232.09 
248232.22 
248232.34 
248232.48 
248232.62 
248232.74 
248232.86 
248232.99 
248233.11 
248233.24 
248233.36 
248233.49 
248233.62 
248233.75 
248233.88 
248234.01 
248234.14 
248234.26 
248234.40 
248234.52 
248234.64 
248234.77 
248234.91 
248235.04 
248235.17 
248235.30 
248235.43 
248235.56 
248235.69 
248235.82 
248235.95 
248236.09 
248236.21 
248236.33 
248236.46 
248236.58 
248236.71 
248236.83 
248236.96 
248237.09 
248237.22 
248237.35 
248237.47 
248237.60 
248237.73 
248237.86 
248237.98 
248238.11 
248238.23 
248238.36 
248238.49 
248238.62 
248238.74 
248238.87 
248239.00 
248239.13 
248239.26 
248239.38 
248239.51 
248239.64 
248239.77 
248239.90 
248240.03 
248240.15 
248240.28 
248240.41 
248240.54 
248240.66 
248240.79 
248240.92 
248241.05 
248241.18 
248241.31 
248241.43 
248241.56 
248241.69 
248241.82 
248241.95 
248242.08 
248242.22 
248242.35 
248242.48 
248242.62 
248242.74 
248242.87 
248242.98 
248243.12 
248243.24 
248243.37 
248243.50 
248243.62 
248243.76 
248243.89 
248244.02 
248244.15 
248244.29 
248244.41 
248244.54 
248244.66 
248244.78 
248244.91 
248245.04 
248245.17 
248245.30 
248245.42 
248245.55 
248245.68 
248245.82 
248245.95 
248246.07 
248246.20 
248246.33 
248246.45 
248246.58 
248246.69 
248246.82 
248246.95 
248247.08 
248247.20 
248247.33 
248247.45 
248247.58 
248247.70 
248247.83 
248247.96 
248248.10 
248248.22 
248248.35 
248248.47 
248248.60 
248248.73 
248248.87 
248248.99 
248249.11 
248249.24 
248249.37 
248249.50 
248249.63 
248249.76 
248249.89 
248250.01 
248250.14 
248250.27 
248250.40 
248250.53 
248250.66 
248250.79 
248250.92 
248251.05 
248251.18 
248251.31 
248251.43 
248251.57 
248251.69 
248251.82 
248251.95 
248252.07 
248252.20 
248252.33 
248252.46 
248252.59 
248252.73 
248252.84 
248252.97 
248253.11 
248253.24 
248253.37 
248253.50 
248253.63 
248253.76 
248253.89 
248254.01 
248254.14 
248254.27 
248254.42 
248254.55 
248254.68 
248254.82 
248254.95 
248255.09 
248255.21 
248255.34 
248255.47 
248255.59 
248255.72 
248255.85 
248255.98 
248256.11 
248256.24 
248256.37 
248256.50 
248256.63 
248256.76 
248256.89 
248257.02 
248257.15 
248257.27 
248257.41 
248257.53 
248257.65 
248257.79 
248257.92 
248258.05 
248258.18 
248258.32 
248258.44 
248258.57 
248258.70 
248258.82 
248258.95 
248259.08 
248259.21 
248259.34 
248259.47 
248259.60 
248259.73 
248259.85 
248259.98 
248260.12 
248260.23 
248260.36 
248260.49 
248260.61 
248260.74 
248260.87 
248261.00 
248261.12 
248261.25 
248261.38 
248261.51 
248261.63 
248261.76 
248261.88 
248262.00 
248262.12 
248262.25 
248262.38 
248262.51 
248262.64 
248262.77 
248262.89 
248263.02 
248263.15 
248263.27 
248263.40 
248263.53 
248263.65 
248263.78 
248263.91 
248264.03 
248264.16 
248264.30 
248264.43 
248264.55 
248264.68 
248264.81 
248264.94 
248265.06 
248265.19 
248265.32 
248265.44 
248265.57 
248265.70 
248265.83 
248265.95 
248266.07 
248266.20 
248266.33 
248266.46 
248266.58 
248266.71 
248266.83 
248266.96 
248267.09 
248267.21 
248267.34 
248267.47 
248267.59 
248267.72 
248267.86 
248267.99 
248268.11 
248268.24 
248268.37 
248268.49 
248268.61 
248268.74 
248268.87 
248269.00 
248269.13 
248269.26 
248269.40 
248269.52 
248269.64 
248269.77 
248269.91 
248270.04 
248270.17 
248270.30 
248270.43 
248270.55 
248270.68 
248270.81 
248270.94 
248271.06 
248271.19 
248271.32 
248271.45 
248271.58 
248271.70 
248271.83 
248271.96 
248272.09 
248272.22 
248272.34 
248272.47 
248272.60 
248272.72 
248272.85 
248272.98 
248273.11 
248273.24 
248273.37 
248273.49 
248273.62 
248273.75 
248273.87 
248274.00 
248274.13 
248274.26 
248274.39 
248274.52 
248274.65 
248274.77 
248274.90 
248275.03 
248275.16 
248275.28 
248275.42 
248275.54 
248275.67 
248275.80 
248275.93 
248276.06 
248276.19 
248276.34 
248276.46 
248276.59 
248276.71 
248276.83 
248276.95 
248277.09 
248277.22 
248277.34 
248277.46 
248277.57 
248277.70 
248277.82 
248277.95 
248278.07 
248278.20 
248278.34 
248278.46 
248278.59 
248278.72 
248278.84 
248278.97 
248279.10 
248279.23 
248279.35 
248279.48 
248279.60 
248279.73 
248279.86 
248279.99 
248280.12 
248280.25 
248280.38 
248280.50 
248280.63 
248280.76 
248280.89 
248281.02 
248281.14 
248281.27 
248281.40 
248281.53 
248281.66 
248281.78 
248281.91 
248282.04 
248282.16 
248282.29 
248282.42 
248282.54 
248282.67 
248282.80 
248282.92 
248283.05 
248283.17 
248283.29 
248283.42 
248283.54 
248283.67 
248283.80 
248283.93 
248284.05 
248284.18 
248284.31 
248284.43 
248284.56 
248284.71 
248284.84 
248284.96 
248285.09 
248285.22 
248285.34 
248285.47 
248285.60 
248285.73 
248285.86 
248285.99 
248286.12 
248286.25 
248286.38 
248286.51 
248286.63 
248286.76 
248286.89 
248287.02 
248287.15 
248287.27 
248287.40 
248287.53 
248287.66 
248287.78 
248287.92 
248288.04 
248288.18 
248288.30 
248288.44 
248288.56 
248288.68 
248288.81 
248288.94 
248289.06 
248289.18 
248289.31 
248289.44 
248289.56 
248289.69 
248289.82 
248289.94 
248290.07 
248290.20 
248290.33 
248290.45 
248290.58 
248290.70 
248290.83 
248290.96 
248291.09 
248291.21 
248291.33 
248291.48 
248291.60 
248291.73 
248291.85 
248291.98 
248292.10 
248292.23 
248292.36 
248292.49 
248292.62 
248292.74 
248292.86 
248292.97 
248293.09 
248293.22 
248293.36 
248293.48 
248293.61 
248293.74 
248293.87 
248294.00 
248294.12 
248294.25 
248294.38 
248294.51 
248294.64 
248294.77 
248294.89 
248295.02 
248295.15 
248295.29 
248295.42 
248295.54 
248295.67 
248295.80 
248295.93 
248296.06 
248296.20 
248296.33 
248296.46 
248296.59 
248296.71 
248296.84 
248296.97 
248297.11 
248297.23 
248297.35 
248297.48 
248297.60 
248297.73 
248297.85 
248297.98 
248298.11 
248298.24 
248298.37 
248298.50 
248298.64 
248298.76 
248298.89 
248299.02 
248299.14 
248299.28 
248299.40 
248299.53 
248299.66 
248299.79 
248299.92 
248300.05 
248300.18 
248300.31 
248300.44 
248300.57 
248300.70 
248300.83 
248300.95 
248301.09 
248301.22 
248301.34 
248301.48 
248301.62 
248301.74 
248301.85 
248301.98 
248302.10 
248302.23 
248302.36 
248302.49 
248302.62 
248302.75 
248302.87 
248303.00 
248303.13 
248303.26 
248303.40 
248303.52 
248303.65 
248303.78 
248303.91 
248304.04 
248304.17 
248304.31 
248304.43 
248304.56 
248304.69 
248304.82 
248304.95 
248305.08 
248305.21 
248305.34 
248305.47 
248305.61 
248305.74 
248305.87 
248305.99 
248306.12 
248306.25 
248306.38 
248306.51 
248306.63 
248306.76 
248306.89 
248307.02 
248307.15 
248307.28 
248307.41 
248307.54 
248307.67 
248307.80 
248307.93 
248308.06 
248308.19 
248308.32 
248308.45 
248308.57 
248308.69 
248308.82 
248308.95 
248309.08 
248309.20 
248309.34 
248309.47 
248309.60 
248309.73 
248309.86 
248309.99 
248310.12 
248310.26 
248310.38 
248310.51 
248310.64 
248310.77 
248310.90 
248311.03 
248311.16 
248311.29 
248311.41 
248311.55 
248311.67 
248311.80 
248311.93 
248312.06 
248312.20 
248312.33 
248312.45 
248312.58 
248312.71 
248312.83 
248312.96 
248313.09 
248313.23 
248313.35 
248313.48 
248313.61 
248313.74 
248313.88 
248314.00 
248314.13 
248314.27 
248314.40 
248314.52 
248314.65 
248314.80 
248314.93 
248315.05 
248315.17 
248315.29 
248315.44 
248315.57 
248315.70 
248315.82 
248315.95 
248316.07 
248316.20 
248316.31 
248316.44 
248316.56 
248316.70 
248316.82 
248316.95 
248317.08 
248317.22 
248317.35 
248317.48 
248317.61 
248317.75 
248317.87 
248317.99 
248318.12 
248318.24 
248318.37 
248318.49 
248318.62 
248318.75 
248318.87 
248319.00 
248319.13 
248319.26 
248319.39 
248319.51 
248319.64 
248319.77 
248319.90 
248320.02 
248320.15 
248320.28 
248320.41 
248320.54 
248320.67 
248320.80 
248320.94 
248321.07 
248321.19 
248321.32 
248321.45 
248321.58 
248321.71 
248321.84 
248321.96 
248322.10 
248322.22 
248322.34 
248322.47 
248322.61 
248322.74 
248322.86 
248322.99 
248323.12 
248323.25 
248323.38 
248323.50 
248323.63 
248323.77 
248323.88 
248324.01 
248324.14 
248324.26 
248324.40 
248324.53 
248324.65 
248324.78 
248324.91 
248325.03 
248325.16 
248325.29 
248325.42 
248325.55 
248325.68 
248325.81 
248325.94 
248326.07 
248326.20 
248326.34 
248326.46 
248326.59 
248326.72 
248326.85 
248326.97 
248327.10 
248327.24 
248327.37 
248327.50 
248327.63 
248327.77 
248327.88 
248328.01 
248328.14 
248328.28 
248328.39 
248328.52 
248328.65 
248328.78 
248328.91 
248329.04 
248329.16 
248329.30 
248329.43 
248329.55 
248329.69 
248329.83 
248329.97 
248330.10 
248330.24 
248330.36 
248330.50 
248330.62 
248330.76 
248330.88 
248331.00 
248331.13 
248331.25 
248331.39 
248331.52 
248331.64 
248331.77 
248331.89 
248332.01 
248332.14 
248332.26 
248332.38 
248332.51 
248332.63 
248332.75 
248332.88 
248333.02 
248333.15 
248333.28 
248333.40 
248333.53 
248333.66 
248333.79 
248333.92 
248334.05 
248334.18 
248334.31 
248334.44 
248334.57 
248334.70 
248334.82 
248334.96 
248335.10 
248335.22 
248335.35 
248335.48 
248335.61 
248335.73 
248335.86 
248335.99 
248336.12 
248336.25 
248336.38 
248336.51 
248336.64 
248336.76 
248336.90 
248337.04 
248337.16 
248337.29 
248337.42 
248337.55 
248337.67 
248337.81 
248337.93 
248338.06 
248338.19 
248338.33 
248338.46 
248338.59 
248338.72 
248338.86 
248338.99 
248339.11 
248339.24 
248339.37 
248339.49 
248339.62 
248339.75 
248339.88 
248340.00 
248340.14 
248340.27 
248340.40 
248340.52 
248340.65 
248340.78 
248340.91 
248341.04 
248341.18 
248341.32 
248341.44 
248341.57 
248341.70 
248341.83 
248341.96 
248342.09 
248342.23 
248342.35 
248342.48 
248342.61 
248342.74 
248342.86 
248342.99 
248343.13 
248343.26 
248343.39 
248343.52 
248343.65 
248343.78 
248343.91 
248344.04 
248344.17 
248344.30 
248344.43 
248344.57 
248344.71 
248344.83 
248344.96 
248345.10 
248345.22 
248345.36 
248345.50 
248345.62 
248345.75 
248345.88 
248346.00 
248346.13 
248346.27 
248346.39 
248346.52 
248346.65 
248346.79 
248346.93 
248347.05 
248347.17 
248347.29 
248347.42 
248347.54 
248347.67 
248347.79 
248347.92 
248348.06 
248348.19 
248348.31 
248348.44 
248348.57 
248348.70 
248348.82 
248348.95 
248349.09 
248349.21 
248349.34 
248349.47 
248349.60 
248349.73 
248349.86 
248349.98 
248350.12 
248350.24 
248350.37 
248350.51 
248350.64 
248350.77 
248350.92 
248351.05 
248351.18 
248351.31 
248351.44 
248351.57 
248351.70 
248351.85 
248351.97 
248352.10 
248352.22 
248352.35 
248352.47 
248352.60 
248352.73 
248352.85 
248352.98 
248353.10 
248353.23 
248353.36 
248353.48 
248353.61 
248353.74 
248353.87 
248354.01 
248354.13 
248354.27 
248354.39 
248354.52 
248354.64 
248354.76 
248354.88 
248355.01 
248355.13 
248355.26 
248355.38 
248355.52 
248355.64 
248355.77 
248355.90 
248356.02 
248356.15 
248356.28 
248356.42 
248356.54 
248356.68 
248356.81 
248356.94 
248357.07 
248357.19 
248357.32 
248357.45 
248357.58 
248357.71 
248357.84 
248357.97 
248358.10 
248358.23 
248358.36 
248358.50 
248358.63 
248358.77 
248358.89 
248359.02 
248359.14 
248359.26 
248359.38 
248359.51 
248359.64 
248359.77 
248359.90 
248360.03 
248360.16 
248360.28 
248360.41 
248360.54 
248360.66 
248360.79 
248360.92 
248361.05 
248361.18 
248361.31 
248361.45 
248361.58 
248361.71 
248361.83 
248361.97 
248362.11 
248362.22 
248362.34 
248362.47 
248362.60 
248362.73 
248362.85 
248362.98 
248363.12 
248363.25 
248363.39 
248363.52 
248363.66 
248363.79 
248363.91 
248364.04 
248364.16 
248364.29 
248364.41 
248364.54 
248364.65 
248364.77 
248364.90 
248365.02 
248365.15 
248365.27 
248365.40 
248365.53 
248365.66 
248365.78 
248365.92 
248366.04 
248366.17 
248366.30 
248366.42 
248366.55 
248366.68 
248366.81 
248366.94 
248367.07 
248367.21 
248367.34 
248367.47 
248367.59 
248367.72 
248367.85 
248367.99 
248368.11 
248368.24 
248368.36 
248368.49 
248368.62 
248368.74 
248368.87 
248369.00 
248369.13 
248369.26 
248369.38 
248369.51 
248369.64 
248369.76 
248369.88 
248370.01 
248370.13 
248370.26 
248370.38 
248370.50 
248370.62 
248370.75 
248370.88 
248371.02 
248371.14 
248371.27 
248371.40 
248371.53 
248371.66 
248371.79 
248371.92 
248372.04 
248372.16 
248372.30 
248372.43 
248372.55 
248372.69 
248372.81 
248372.94 
248373.07 
248373.21 
248373.34 
248373.47 
248373.61 
248373.74 
248373.87 
248374.00 
248374.12 
248374.25 
248374.38 
248374.51 
248374.65 
248374.78 
248374.91 
248375.04 
248375.17 
248375.30 
248375.43 
248375.55 
248375.68 
248375.81 
248375.94 
248376.06 
248376.18 
248376.31 
248376.44 
248376.57 
248376.70 
248376.82 
248376.95 
248377.08 
248377.21 
248377.34 
248377.47 
248377.59 
248377.73 
248377.85 
248377.99 
248378.11 
248378.24 
248378.37 
248378.50 
248378.63 
248378.75 
248378.87 
248379.00 
248379.13 
248379.26 
248379.39 
248379.52 
248379.65 
248379.79 
248379.91 
248380.04 
248380.17 
248380.30 
248380.43 
248380.55 
248380.68 
248380.81 
248380.94 
248381.07 
248381.20 
248381.34 
248381.47 
248381.60 
248381.74 
248381.86 
248381.99 
248382.12 
248382.24 
248382.37 
248382.50 
248382.63 
248382.76 
248382.89 
248383.00 
248383.11 
248383.23 
248383.35 
248383.48 
248383.60 
248383.72 
248383.83 
248383.94 
248384.05 
248384.16 
248384.29 
248384.43 
248384.55 
248384.67 
248384.79 
248384.91 
248385.04 
248385.16 
248385.30 
248385.41 
248385.55 
248385.67 
248385.78 
248385.92 
248386.05 
248386.17 
248386.31 
248386.43 
248386.56 
248386.70 
248386.82 
248386.94 
248387.08 
248387.19 
248387.30 
248387.41 
248387.52 
248387.63 
248387.74 
248387.85 
248387.96 
248388.06 
248388.18 
248388.30 
248388.43 
248388.57 
248388.69 
248388.81 
248388.93 
248389.05 
248389.17 
248389.29 
248389.41 
248389.54 
248389.66 
248389.78 
248389.90 
248390.01 
248390.12 
248390.23 
248390.37 
248390.48 
248390.59 
248390.72 
248390.83 
248390.94 
248391.06 
248391.19 
248391.31 
248391.43 
248391.55 
248391.67 
248391.79 
248391.91 
248392.05 
248392.17 
248392.30 
248392.43 
248392.55 
248392.68 
248392.80 
248392.93 
248393.05 
248393.16 
248393.29 
248393.41 
248393.54 
248393.66 
248393.77 
248393.88 
248394.00 
248394.12 
248394.24 
248394.35 
248394.49 
248394.59 
248394.70 
248394.81 
248394.92 
248395.03 
248395.14 
248395.28 
248395.38 
248395.49 
248395.63 
248395.74 
248395.84 
248395.95 
248396.09 
248396.20 
248396.31 
248396.42 
248396.53 
248396.64 
248396.76 
248396.87 
248396.98 
248397.09 
248397.23 
248397.34 
248397.45 
248397.55 
248397.69 
248397.80 
248397.91 
248398.02 
248398.13 
248398.24 
248398.37 
248398.48 
248398.59 
248398.72 
248398.83 
248398.94 
248399.05 
248399.17 
248399.29 
248399.42 
248399.54 
248399.67 
248399.79 
248399.92 
248400.04 
248400.17 
248400.29 
248400.41 
248400.54 
248400.66 
248400.79 
248400.91 
248401.03 
248401.16 
248401.28 
248401.41 
248401.53 
248401.65 
248401.78 
248401.90 
248402.01 
248402.14 
248402.26 
248402.39 
248402.51 
248402.63 
248402.76 
248402.88 
248403.00 
248403.12 
248403.25 
248403.37 
248403.50 
248403.62 
248403.75 
248403.87 
248404.00 
248404.14 
248404.26 
248404.38 
248404.51 
248404.63 
248404.75 
248404.88 
248405.00 
248405.12 
248405.25 
248405.37 
248405.49 
248405.61 
248405.74 
248405.87 
248405.99 
248406.11 
248406.23 
248406.36 
248406.48 
248406.60 
248406.74 
248406.86 
248406.98 
248407.11 
248407.23 
248407.36 
248407.48 
248407.61 
248407.73 
248407.86 
248407.98 
248408.12 
248408.25 
248408.37 
248408.49 
248408.61 
248408.72 
248408.86 
248408.97 
248409.10 
248409.22 
248409.35 
248409.47 
248409.60 
248409.72 
248409.83 
248409.96 
248410.09 
248410.20 
248410.32 
248410.44 
248410.57 
248410.69 
248410.81 
248410.93 
248411.05 
248411.16 
248411.28 
248411.40 
248411.51 
248411.63 
248411.76 
248411.89 
248412.02 
248412.14 
248412.26 
248412.38 
248412.50 
248412.62 
248412.75 
248412.88 
248413.00 
248413.11 
248413.23 
248413.35 
248413.46 
248413.59 
248413.71 
248413.83 
248413.95 
248414.07 
248414.18 
248414.31 
248414.42 
248414.55 
248414.67 
248414.79 
248414.92 
248415.04 
248415.15 
248415.27 
248415.39 
248415.51 
248415.63 
248415.75 
248415.88 
248416.00 
248416.12 
248416.24 
248416.37 
248416.49 
248416.61 
248416.74 
248416.86 
248416.97 
248417.08 
248417.20 
248417.33 
248417.46 
248417.59 
248417.70 
248417.83 
248417.94 
248418.06 
248418.18 
248418.31 
248418.43 
248418.56 
248418.69 
248418.80 
248418.93 
248419.05 
248419.17 
248419.30 
248419.41 
248419.53 
248419.65 
248419.78 
248419.91 
248420.02 
248420.15 
248420.26 
248420.38 
248420.50 
248420.62 
248420.74 
248420.87 
248420.99 
248421.12 
248421.25 
248421.37 
248421.49 
248421.61 
248421.72 
248421.84 
248421.96 
248422.09 
248422.21 
248422.33 
248422.45 
248422.57 
248422.69 
248422.81 
248422.93 
248423.05 
248423.16 
248423.28 
248423.40 
248423.53 
248423.67 
248423.79 
248423.90 
248424.01 
248424.15 
248424.27 
248424.39 
248424.52 
248424.63 
248424.76 
248424.88 
248425.00 
248425.12 
248425.24 
248425.36 
248425.49 
248425.60 
248425.72 
248425.85 
248425.97 
248426.10 
248426.22 
248426.34 
248426.45 
248426.57 
248426.69 
248426.81 
248426.94 
248427.06 
248427.18 
248427.30 
248427.42 
248427.54 
248427.66 
248427.78 
248427.90 
248428.02 
248428.14 
248428.27 
248428.40 
248428.53 
248428.66 
248428.78 
248428.90 
248429.03 
248429.15 
248429.27 
248429.39 
248429.51 
248429.63 
248429.75 
248429.87 
248429.99 
248430.11 
248430.23 
248430.34 
248430.47 
248430.58 
248430.70 
248430.82 
248430.94 
248431.06 
248431.20 
248431.33 
248431.46 
248431.58 
248431.70 
248431.82 
248431.94 
248432.06 
248432.18 
248432.30 
248432.42 
248432.53 
248432.65 
248432.77 
248432.90 
248433.03 
248433.14 
248433.28 
248433.40 
248433.52 
248433.65 
248433.76 
248433.90 
248434.02 
248434.14 
248434.27 
248434.39 
248434.52 
248434.64 
248434.76 
248434.88 
248435.00 
248435.12 
248435.24 
248435.37 
248435.48 
248435.60 
248435.72 
248435.84 
248435.97 
248436.09 
248436.20 
248436.32 
248436.44 
248436.56 
248436.69 
248436.82 
248436.95 
248437.08 
248437.20 
248437.32 
248437.44 
248437.56 
248437.70 
248437.82 
248437.94 
248438.07 
248438.19 
248438.32 
248438.44 
248438.56 
248438.68 
248438.80 
248438.91 
248439.04 
248439.16 
248439.28 
248439.42 
248439.54 
248439.65 
248439.78 
248439.89 
248440.01 
248440.13 
248440.25 
248440.36 
248440.48 
248440.60 
248440.72 
248440.84 
248440.96 
248441.08 
248441.20 
248441.32 
248441.44 
248441.56 
248441.68 
248441.80 
248441.92 
248442.04 
248442.16 
248442.28 
248442.40 
248442.52 
248442.63 
248442.76 
248442.88 
248443.00 
248443.13 
248443.24 
248443.36 
248443.49 
248443.61 
248443.73 
248443.85 
248443.97 
248444.10 
248444.22 
248444.34 
248444.46 
248444.58 
248444.70 
248444.81 
248444.93 
248445.04 
248445.16 
248445.28 
248445.40 
248445.52 
248445.63 
248445.75 
248445.87 
248446.01 
248446.12 
248446.24 
248446.37 
248446.49 
248446.60 
248446.73 
248446.85 
248446.97 
248447.09 
248447.21 
248447.33 
248447.45 
248447.57 
248447.69 
248447.81 
248447.94 
248448.06 
248448.18 
248448.30 
248448.42 
248448.54 
248448.66 
248448.79 
248448.91 
248449.03 
248449.15 
248449.28 
248449.40 
248449.52 
248449.64 
248449.77 
248449.89 
248450.01 
248450.13 
248450.25 
248450.37 
248450.50 
248450.61 
248450.74 
248450.86 
248450.97 
248451.09 
248451.21 
248451.33 
248451.45 
248451.57 
248451.69 
248451.81 
248451.94 
248452.06 
248452.18 
248452.30 
248452.42 
248452.54 
248452.66 
248452.78 
248452.91 
248453.03 
248453.15 
248453.27 
248453.39 
248453.51 
248453.63 
248453.75 
248453.87 
248453.99 
248454.11 
248454.23 
248454.35 
248454.47 
248454.59 
248454.71 
248454.83 
248454.96 
248455.08 
248455.20 
248455.32 
248455.44 
248455.56 
248455.68 
248455.80 
248455.92 
248456.05 
248456.16 
248456.29 
248456.41 
248456.54 
248456.66 
248456.78 
248456.91 
248457.03 
248457.14 
248457.26 
248457.38 
248457.50 
248457.62 
248457.74 
248457.86 
248457.98 
248458.12 
248458.24 
248458.35 
248458.47 
248458.60 
248458.73 
248458.85 
248458.97 
248459.09 
248459.21 
248459.32 
248459.45 
248459.57 
248459.70 
248459.82 
248459.94 
248460.07 
248460.19 
248460.31 
248460.44 
248460.56 
248460.68 
248460.80 
248460.92 
248461.04 
248461.18 
248461.30 
248461.42 
248461.54 
248461.66 
248461.78 
248461.90 
248462.03 
248462.15 
248462.27 
248462.39 
248462.51 
248462.63 
248462.75 
248462.88 
248462.99 
248463.11 
248463.22 
248463.35 
248463.49 
248463.61 
248463.73 
248463.85 
248463.97 
248464.10 
248464.22 
248464.34 
248464.46 
248464.58 
248464.70 
248464.83 
248464.95 
248465.06 
248465.18 
248465.31 
248465.41 
248465.54 
248465.66 
248465.78 
248465.89 
248466.00 
248466.14 
248466.24 
248466.37 
248466.49 
248466.61 
248466.73 
248466.85 
248466.97 
248467.09 
248467.21 
248467.33 
248467.44 
248467.56 
248467.67 
248467.78 
248467.90 
248468.02 
248468.14 
248468.26 
248468.38 
248468.50 
248468.62 
248468.74 
248468.85 
248468.97 
248469.09 
248469.21 
248469.33 
248469.45 
248469.57 
248469.69 
248469.81 
248469.93 
248470.06 
248470.18 
248470.30 
248470.42 
248470.54 
248470.66 
248470.78 
248470.91 
248471.03 
248471.16 
248471.28 
248471.40 
248471.53 
248471.64 
248471.76 
248471.89 
248472.01 
248472.13 
248472.26 
248472.37 
248472.49 
248472.61 
248472.73 
248472.86 
248472.99 
248473.11 
248473.23 
248473.35 
248473.48 
248473.59 
248473.72 
248473.84 
248473.96 
248474.08 
248474.20 
248474.32 
248474.44 
248474.56 
248474.68 
248474.80 
248474.92 
248475.04 
248475.16 
248475.28 
248475.40 
248475.52 
248475.65 
248475.77 
248475.88 
248476.00 
248476.12 
248476.24 
248476.36 
248476.49 
248476.63 
248476.74 
248476.87 
248476.99 
248477.11 
248477.24 
248477.36 
248477.48 
248477.60 
248477.72 
248477.84 
248477.97 
248478.09 
248478.21 
248478.34 
248478.46 
248478.58 
248478.70 
248478.82 
248478.94 
248479.06 
248479.19 
248479.31 
248479.43 
248479.55 
248479.68 
248479.80 
248479.91 
248480.03 
248480.15 
248480.26 
248480.38 
248480.51 
248480.63 
248480.74 
248480.87 
248480.98 
248481.12 
248481.23 
248481.35 
248481.48 
248481.61 
248481.73 
248481.85 
248481.97 
248482.10 
248482.22 
248482.34 
248482.46 
248482.60 
248482.71 
248482.83 
248482.95 
248483.07 
248483.20 
248483.32 
248483.46 
248483.58 
248483.69 
248483.81 
248483.93 
248484.05 
248484.18 
248484.30 
248484.42 
248484.54 
248484.66 
248484.78 
248484.90 
248485.02 
248485.13 
248485.25 
248485.37 
248485.49 
248485.61 
248485.72 
248485.86 
248485.97 
248486.09 
248486.21 
248486.34 
248486.46 
248486.58 
248486.71 
248486.82 
248486.95 
248487.06 
248487.17 
248487.29 
248487.41 
248487.54 
248487.66 
248487.78 
248487.90 
248488.02 
248488.15 
248488.27 
248488.38 
248488.50 
248488.63 
248488.75 
248488.87 
248488.99 
248489.10 
248489.22 
248489.34 
248489.46 
248489.58 
248489.69 
248489.80 
248489.93 
248490.04 
248490.16 
248490.28 
248490.40 
248490.52 
248490.64 
248490.75 
248490.87 
248490.99 
248491.11 
248491.24 
248491.36 
248491.48 
248491.61 
248491.72 
248491.84 
248491.96 
248492.08 
248492.22 
248492.34 
248492.46 
248492.58 
248492.70 
248492.81 
248492.92 
248493.04 
248493.16 
248493.28 
248493.41 
248493.53 
248493.66 
248493.78 
248493.90 
248494.02 
248494.15 
248494.27 
248494.40 
248494.52 
248494.64 
248494.77 
248494.89 
248495.01 
248495.13 
248495.25 
248495.37 
248495.49 
248495.61 
248495.73 
248495.85 
248495.97 
248496.10 
248496.23 
248496.35 
248496.47 
248496.58 
248496.70 
248496.84 
248496.96 
248497.08 
248497.20 
248497.32 
248497.44 
248497.56 
248497.68 
248497.80 
248497.92 
248498.04 
248498.16 
248498.29 
248498.42 
248498.54 
248498.66 
248498.80 
248498.94 
248499.06 
248499.19 
248499.31 
248499.43 
248499.54 
248499.67 
248499.79 
248499.91 
248500.03 
248500.15 
248500.26 
248500.38 
248500.50 
248500.62 
248500.75 
248500.87 
248500.99 
248501.11 
248501.23 
248501.35 
248501.47 
248501.59 
248501.71 
248501.83 
248501.95 
248502.07 
248502.19 
248502.31 
248502.43 
248502.55 
248502.67 
248502.78 
248502.89 
248503.01 
248503.14 
248503.26 
248503.38 
248503.51 
248503.63 
248503.75 
248503.86 
248503.98 
248504.11 
248504.22 
248504.34 
248504.46 
248504.58 
248504.71 
248504.83 
248504.94 
248505.06 
248505.18 
248505.29 
248505.41 
248505.53 
248505.65 
248505.77 
248505.90 
248506.02 
248506.13 
248506.25 
248506.37 
248506.49 
248506.61 
248506.73 
248506.85 
248506.97 
248507.09 
248507.22 
248507.34 
248507.46 
248507.58 
248507.71 
248507.83 
248507.95 
248508.07 
248508.20 
248508.32 
248508.45 
248508.58 
248508.72 
248508.84 
248508.96 
248509.08 
248509.20 
248509.31 
248509.43 
248509.55 
248509.67 
248509.79 
248509.91 
248510.03 
248510.16 
248510.28 
248510.40 
248510.53 
248510.65 
248510.78 
248510.90 
248511.03 
248511.15 
248511.27 
248511.39 
248511.51 
248511.64 
248511.75 
248511.88 
248512.00 
248512.12 
248512.24 
248512.36 
248512.48 
248512.60 
248512.72 
248512.85 
248512.97 
248513.09 
248513.21 
248513.33 
248513.45 
248513.57 
248513.70 
248513.82 
248513.94 
248514.07 
248514.19 
248514.31 
248514.45 
248514.57 
248514.69 
248514.81 
248514.93 
248515.04 
248515.16 
248515.28 
248515.40 
248515.52 
248515.64 
248515.76 
248515.88 
248516.00 
248516.12 
248516.24 
248516.36 
248516.48 
248516.61 
248516.73 
248516.85 
248516.98 
248517.10 
248517.23 
248517.35 
248517.47 
248517.59 
248517.71 
248517.83 
248517.94 
248518.06 
248518.19 
248518.32 
248518.44 
248518.56 
248518.68 
248518.80 
248518.92 
248519.04 
248519.16 
248519.28 
248519.40 
248519.52 
248519.64 
248519.77 
248519.89 
248520.01 
248520.13 
248520.25 
248520.37 
248520.49 
248520.61 
248520.73 
248520.85 
248520.98 
248521.10 
248521.21 
248521.33 
248521.45 
248521.57 
248521.70 
248521.84 
248521.96 
248522.08 
248522.20 
248522.32 
248522.44 
248522.56 
248522.69 
248522.81 
248522.93 
248523.05 
248523.17 
248523.29 
248523.41 
248523.52 
248523.64 
248523.77 
248523.90 
248524.02 
248524.15 
248524.27 
248524.40 
248524.52 
248524.64 
248524.77 
248524.89 
248525.02 
248525.14 
248525.26 
248525.39 
248525.51 
248525.64 
248525.76 
248525.89 
248526.01 
248526.14 
248526.27 
248526.40 
248526.52 
248526.65 
248526.77 
248526.89 
248527.03 
248527.16 
248527.28 
248527.41 
248527.52 
248527.64 
248527.76 
248527.89 
248528.01 
248528.13 
248528.25 
248528.38 
248528.51 
248528.64 
248528.76 
248528.90 
248529.03 
248529.17 
248529.31 
248529.44 
248529.57 
248529.70 
248529.83 
248529.95 
248530.08 
248530.20 
248530.33 
248530.46 
248530.59 
248530.71 
248530.83 
248530.95 
248531.08 
248531.22 
248531.35 
248531.49 
248531.62 
248531.75 
248531.87 
248532.00 
248532.14 
248532.27 
248532.39 
248532.53 
248532.65 
248532.78 
248532.92 
248533.04 
248533.17 
248533.30 
248533.42 
248533.55 
248533.68 
248533.81 
248533.94 
248534.06 
248534.20 
248534.33 
248534.47 
248534.60 
248534.73 
248534.85 
248534.98 
248535.10 
248535.23 
248535.35 
248535.48 
248535.61 
248535.74 
248535.86 
248535.99 
248536.12 
248536.25 
248536.38 
248536.51 
248536.63 
248536.76 
248536.89 
248537.02 
248537.14 
248537.27 
248537.40 
248537.53 
248537.66 
248537.79 
248537.91 
248538.04 
248538.17 
248538.30 
248538.43 
248538.55 
248538.68 
248538.81 
248538.95 
248539.07 
248539.21 
248539.34 
248539.46 
248539.60 
248539.72 
248539.85 
248539.97 
248540.10 
248540.23 
248540.35 
248540.49 
248540.61 
248540.74 
248540.87 
248541.00 
248541.13 
248541.26 
248541.38 
248541.52 
248541.65 
248541.78 
248541.91 
248542.04 
248542.18 
248542.31 
248542.44 
248542.57 
248542.70 
248542.82 
248542.95 
248543.06 
248543.18 
248543.30 
248543.43 
248543.56 
248543.69 
248543.82 
248543.95 
248544.07 
248544.20 
248544.33 
248544.46 
248544.59 
248544.72 
248544.86 
248544.99 
248545.11 
248545.25 
248545.37 
248545.50 
248545.62 
248545.77 
248545.88 
248546.01 
248546.14 
248546.27 
248546.40 
248546.54 
248546.66 
248546.79 
248546.92 
248547.05 
248547.17 
248547.31 
248547.43 
248547.56 
248547.69 
248547.82 
248547.95 
248548.08 
248548.22 
248548.35 
248548.48 
248548.62 
248548.74 
248548.88 
248549.01 
248549.13 
248549.26 
248549.39 
248549.52 
248549.65 
248549.78 
248549.91 
248550.04 
248550.18 
248550.30 
248550.42 
248550.55 
248550.68 
248550.81 
248550.93 
248551.06 
248551.19 
248551.32 
248551.45 
248551.57 
248551.71 
248551.84 
248551.96 
248552.09 
248552.22 
248552.34 
248552.47 
248552.61 
248552.75 
248552.87 
248553.00 
248553.12 
248553.25 
248553.39 
248553.53 
248553.66 
248553.79 
248553.92 
248554.06 
248554.19 
248554.32 
248554.46 
248554.59 
248554.71 
248554.83 
248554.96 
248555.08 
248555.21 
248555.33 
248555.45 
248555.58 
248555.70 
248555.83 
248555.96 
248556.09 
248556.22 
248556.35 
248556.49 
248556.62 
248556.75 
248556.87 
248557.00 
248557.13 
248557.26 
248557.39 
248557.51 
248557.65 
248557.77 
248557.90 
248558.02 
248558.16 
248558.29 
248558.41 
248558.53 
248558.66 
248558.79 
248558.91 
248559.04 
248559.16 
248559.29 
248559.42 
248559.54 
248559.67 
248559.80 
248559.92 
248560.05 
248560.18 
248560.32 
248560.44 
248560.57 
248560.70 
248560.83 
248560.96 
248561.10 
248561.22 
248561.36 
248561.48 
248561.61 
248561.74 
248561.87 
248562.01 
248562.13 
248562.26 
248562.40 
248562.52 
248562.65 
248562.79 
248562.92 
248563.04 
248563.17 
248563.31 
248563.44 
248563.56 
248563.69 
248563.82 
248563.94 
248564.07 
248564.20 
248564.33 
248564.46 
248564.58 
248564.72 
248564.85 
248564.97 
248565.10 
248565.23 
248565.35 
248565.48 
248565.63 
248565.74 
248565.87 
248565.99 
248566.12 
248566.24 
248566.37 
248566.49 
248566.62 
248566.75 
248566.87 
248567.00 
248567.13 
248567.26 
248567.39 
248567.51 
248567.64 
248567.77 
248567.90 
248568.03 
248568.15 
248568.30 
248568.41 
248568.54 
248568.66 
248568.79 
248568.92 
248569.05 
248569.19 
248569.31 
248569.45 
248569.58 
248569.71 
248569.83 
248569.96 
248570.09 
248570.22 
248570.34 
248570.47 
248570.60 
248570.73 
248570.86 
248570.99 
248571.12 
248571.24 
248571.37 
248571.50 
248571.62 
248571.75 
248571.88 
248572.01 
248572.14 
248572.26 
248572.39 
248572.52 
248572.65 
248572.78 
248572.91 
248573.04 
248573.17 
248573.30 
248573.44 
248573.56 
248573.69 
248573.82 
248573.93 
248574.06 
248574.18 
248574.31 
248574.44 
248574.57 
248574.70 
248574.83 
248574.96 
248575.09 
248575.23 
248575.35 
248575.49 
248575.62 
248575.75 
248575.88 
248576.01 
248576.14 
248576.27 
248576.40 
248576.53 
248576.66 
248576.79 
248576.91 
248577.04 
248577.17 
248577.30 
248577.43 
248577.55 
248577.68 
248577.81 
248577.94 
248578.07 
248578.20 
248578.33 
248578.46 
248578.59 
248578.73 
248578.86 
248578.98 
248579.10 
248579.22 
248579.35 
248579.48 
248579.61 
248579.74 
248579.86 
248579.99 
248580.12 
248580.25 
248580.38 
248580.51 
248580.64 
248580.77 
248580.90 
248581.03 
248581.15 
248581.28 
248581.41 
248581.54 
248581.67 
248581.81 
248581.93 
248582.06 
248582.18 
248582.32 
248582.45 
248582.59 
248582.71 
248582.84 
248582.97 
248583.10 
248583.24 
248583.38 
248583.51 
248583.64 
248583.76 
248583.89 
248584.02 
248584.15 
248584.28 
248584.41 
248584.54 
248584.66 
248584.79 
248584.92 
248585.05 
248585.18 
248585.31 
248585.44 
248585.56 
248585.70 
248585.82 
248585.95 
248586.08 
248586.20 
248586.33 
248586.46 
248586.59 
248586.73 
248586.86 
248586.98 
248587.11 
248587.25 
248587.37 
248587.50 
248587.62 
248587.76 
248587.88 
248588.01 
248588.14 
248588.27 
248588.40 
248588.53 
248588.67 
248588.79 
248588.93 
248589.05 
248589.18 
248589.30 
248589.43 
248589.55 
248589.67 
248589.79 
248589.92 
248590.05 
248590.18 
248590.31 
248590.44 
248590.57 
248590.70 
248590.83 
248590.95 
248591.08 
248591.21 
248591.34 
248591.46 
248591.59 
248591.72 
248591.85 
248591.98 
248592.12 
248592.25 
248592.38 
248592.51 
248592.64 
248592.77 
248592.90 
248593.03 
248593.16 
248593.29 
248593.43 
248593.56 
248593.69 
248593.82 
248593.95 
248594.07 
248594.21 
248594.34 
248594.47 
248594.59 
248594.71 
248594.84 
248594.97 
248595.10 
248595.22 
248595.35 
248595.48 
248595.61 
248595.74 
248595.87 
248595.99 
248596.13 
248596.25 
248596.38 
248596.51 
248596.63 
248596.76 
248596.89 
248597.02 
248597.15 
248597.27 
248597.40 
248597.54 
248597.66 
248597.78 
248597.91 
248598.04 
248598.17 
248598.30 
248598.42 
248598.55 
248598.68 
248598.81 
248598.94 
248599.07 
248599.20 
248599.33 
248599.46 
248599.59 
248599.72 
248599.85 
248599.98 
248600.11 
248600.23 
248600.36 
248600.48 
248600.61 
248600.74 
248600.86 
248600.98 
248601.12 
248601.25 
248601.38 
248601.50 
248601.63 
248601.76 
248601.89 
248602.01 
248602.14 
248602.27 
248602.41 
248602.53 
248602.66 
248602.80 
248602.93 
248603.06 
248603.19 
248603.32 
248603.45 
248603.58 
248603.71 
248603.83 
248603.96 
248604.09 
248604.22 
248604.35 
248604.47 
248604.60 
248604.73 
248604.85 
248604.98 
248605.11 
248605.23 
248605.35 
248605.48 
248605.61 
248605.74 
248605.86 
248605.99 
248606.13 
248606.25 
248606.38 
248606.51 
248606.65 
248606.77 
248606.90 
248607.03 
248607.16 
248607.28 
248607.42 
248607.54 
248607.67 
248607.81 
248607.93 
248608.05 
248608.17 
248608.30 
248608.43 
248608.56 
248608.69 
248608.82 
248608.96 
248609.09 
248609.23 
248609.35 
248609.48 
248609.61 
248609.75 
248609.87 
248609.99 
248610.12 
248610.25 
248610.38 
248610.51 
248610.64 
248610.78 
248610.92 
248611.06 
248611.18 
248611.31 
248611.44 
248611.56 
248611.69 
248611.81 
248611.94 
248612.07 
248612.19 
248612.32 
248612.45 
248612.58 
248612.70 
248612.83 
248612.96 
248613.08 
248613.21 
248613.33 
248613.46 
248613.59 
248613.71 
248613.84 
248613.97 
248614.10 
248614.22 
248614.35 
248614.47 
248614.60 
248614.72 
248614.85 
248614.98 
248615.10 
248615.23 
248615.35 
248615.48 
248615.62 
248615.74 
248615.87 
248616.00 
248616.13 
248616.25 
248616.39 
248616.51 
248616.64 
248616.77 
248616.89 
248617.02 
248617.14 
248617.27 
248617.39 
248617.52 
248617.65 
248617.77 
248617.90 
248618.02 
248618.15 
248618.27 
248618.40 
248618.52 
248618.65 
248618.78 
248618.90 
248619.03 
248619.15 
248619.28 
248619.41 
248619.54 
248619.67 
248619.79 
248619.92 
248620.05 
248620.18 
248620.30 
248620.41 
248620.53 
248620.65 
248620.78 
248620.91 
248621.04 
248621.17 
248621.31 
248621.45 
248621.58 
248621.71 
248621.84 
248621.97 
248622.09 
248622.22 
248622.34 
248622.46 
248622.58 
248622.73 
248622.87 
248622.99 
248623.12 
248623.25 
248623.37 
248623.50 
248623.62 
248623.75 
248623.87 
248624.00 
248624.13 
248624.25 
248624.38 
248624.52 
248624.65 
248624.77 
248624.90 
248625.03 
248625.15 
248625.28 
248625.40 
248625.53 
248625.65 
248625.79 
248625.92 
248626.05 
248626.17 
248626.30 
248626.42 
248626.55 
248626.67 
248626.80 
248626.93 
248627.05 
248627.18 
248627.30 
248627.42 
248627.55 
248627.68 
248627.80 
248627.92 
248628.05 
248628.17 
248628.30 
248628.43 
248628.56 
248628.69 
248628.81 
248628.94 
248629.08 
248629.20 
248629.32 
248629.46 
248629.58 
248629.71 
248629.83 
248629.96 
248630.10 
248630.22 
248630.35 
248630.48 
248630.61 
248630.73 
248630.85 
248630.98 
248631.10 
248631.23 
248631.35 
248631.48 
248631.61 
248631.73 
248631.86 
248631.99 
248632.13 
248632.25 
248632.37 
248632.50 
248632.64 
248632.77 
248632.89 
248633.02 
248633.14 
248633.27 
248633.39 
248633.53 
248633.66 
248633.79 
248633.92 
248634.05 
248634.17 
248634.31 
248634.44 
248634.57 
248634.70 
248634.82 
248634.95 
248635.08 
248635.21 
248635.35 
248635.47 
248635.59 
248635.72 
248635.85 
248635.96 
248636.07 
248636.20 
248636.33 
248636.45 
248636.58 
248636.71 
248636.83 
248636.96 
248637.08 
248637.21 
248637.34 
248637.47 
248637.60 
248637.73 
248637.85 
248637.98 
248638.10 
248638.23 
248638.36 
248638.48 
248638.61 
248638.74 
248638.86 
248638.99 
248639.12 
248639.25 
248639.37 
248639.51 
248639.63 
248639.76 
248639.89 
248640.01 
248640.14 
248640.26 
248640.38 
248640.51 
248640.63 
248640.76 
248640.89 
248641.02 
248641.14 
248641.28 
248641.41 
248641.54 
248641.68 
248641.80 
248641.93 
248642.07 
248642.19 
248642.31 
248642.44 
248642.57 
248642.70 
248642.83 
248642.96 
248643.09 
248643.22 
248643.36 
248643.48 
248643.61 
248643.73 
248643.86 
248643.99 
248644.12 
248644.24 
248644.38 
248644.52 
248644.64 
248644.77 
248644.89 
248645.02 
248645.15 
248645.27 
248645.40 
248645.53 
248645.66 
248645.79 
248645.91 
248646.04 
248646.17 
248646.30 
248646.42 
248646.55 
248646.69 
248646.82 
248646.95 
248647.08 
248647.21 
248647.34 
248647.47 
248647.60 
248647.73 
248647.86 
248648.00 
248648.13 
248648.25 
248648.37 
248648.50 
248648.63 
248648.76 
248648.89 
248649.02 
248649.14 
248649.27 
248649.41 
248649.54 
248649.67 
248649.81 
248649.94 
248650.07 
248650.21 
248650.35 
248650.47 
248650.60 
248650.73 
248650.86 
248650.98 
248651.11 
248651.23 
248651.35 
248651.47 
248651.60 
248651.73 
248651.86 
248651.99 
248652.11 
248652.24 
248652.37 
248652.50 
248652.62 
248652.75 
248652.88 
248653.01 
248653.14 
248653.26 
248653.40 
248653.53 
248653.66 
248653.80 
248653.93 
248654.06 
248654.19 
248654.32 
248654.45 
248654.57 
248654.70 
248654.82 
248654.95 
248655.08 
248655.21 
248655.34 
248655.47 
248655.60 
248655.74 
248655.86 
248655.98 
248656.11 
248656.23 
248656.36 
248656.49 
248656.62 
248656.74 
248656.87 
248656.99 
248657.12 
248657.24 
248657.37 
248657.50 
248657.62 
248657.75 
248657.89 
248658.01 
248658.14 
248658.26 
248658.39 
248658.52 
248658.65 
248658.78 
248658.91 
248659.04 
248659.18 
248659.30 
248659.44 
248659.57 
248659.70 
248659.84 
248659.98 
248660.11 
248660.23 
248660.36 
248660.49 
248660.62 
248660.74 
248660.87 
248661.00 
248661.13 
248661.26 
248661.40 
248661.53 
248661.66 
248661.78 
248661.91 
248662.04 
248662.17 
248662.30 
248662.43 
248662.55 
248662.68 
248662.82 
248662.95 
248663.07 
248663.21 
248663.34 
248663.47 
248663.59 
248663.72 
248663.85 
248663.98 
248664.11 
248664.24 
248664.38 
248664.52 
248664.64 
248664.76 
248664.89 
248665.01 
248665.14 
248665.27 
248665.40 
248665.54 
248665.66 
248665.79 
248665.92 
248666.04 
248666.18 
248666.31 
248666.44 
248666.57 
248666.70 
248666.83 
248666.96 
248667.08 
248667.21 
248667.34 
248667.47 
248667.59 
248667.71 
248667.84 
248667.97 
248668.10 
248668.24 
248668.37 
248668.49 
248668.62 
248668.74 
248668.88 
248669.00 
248669.13 
248669.26 
248669.39 
248669.52 
248669.66 
248669.79 
248669.92 
248670.04 
248670.16 
248670.29 
248670.41 
248670.54 
248670.67 
248670.80 
248670.93 
248671.06 
248671.20 
248671.33 
248671.45 
248671.58 
248671.71 
248671.84 
248671.98 
248672.10 
248672.22 
248672.35 
248672.48 
248672.61 
248672.74 
248672.86 
248672.99 
248673.12 
248673.25 
248673.38 
248673.51 
248673.64 
248673.77 
248673.90 
248674.02 
248674.15 
248674.28 
248674.41 
248674.54 
248674.67 
248674.80 
248674.94 
248675.07 
248675.21 
248675.34 
248675.46 
248675.60 
248675.73 
248675.85 
248675.98 
248676.11 
248676.23 
248676.36 
248676.49 
248676.62 
248676.75 
248676.87 
248677.00 
248677.13 
248677.26 
248677.38 
248677.52 
248677.64 
248677.77 
248677.91 
248678.04 
248678.17 
248678.30 
248678.43 
248678.55 
248678.69 
248678.82 
248678.96 
248679.08 
248679.22 
248679.34 
248679.48 
248679.61 
248679.74 
248679.87 
248680.00 
248680.12 
248680.25 
248680.38 
248680.51 
248680.63 
248680.76 
248680.90 
248681.02 
248681.15 
248681.27 
248681.40 
248681.53 
248681.66 
248681.78 
248681.92 
248682.04 
248682.17 
248682.29 
248682.41 
248682.53 
248682.66 
248682.79 
248682.92 
248683.05 
248683.18 
248683.32 
248683.44 
248683.57 
248683.70 
248683.83 
248683.95 
248684.08 
248684.22 
248684.35 
248684.48 
248684.61 
248684.75 
248684.88 
248685.00 
248685.13 
248685.27 
248685.39 
248685.51 
248685.65 
248685.78 
248685.92 
248686.04 
248686.17 
248686.30 
248686.42 
248686.55 
248686.68 
248686.81 
248686.94 
248687.07 
248687.19 
248687.32 
248687.45 
248687.58 
248687.71 
248687.84 
248687.98 
248688.12 
248688.26 
248688.38 
248688.51 
248688.63 
248688.76 
248688.88 
248689.01 
248689.13 
248689.26 
248689.39 
248689.52 
248689.65 
248689.77 
248689.91 
248690.03 
248690.16 
248690.29 
248690.42 
248690.54 
248690.67 
248690.80 
248690.93 
248691.05 
248691.18 
248691.30 
248691.42 
248691.55 
248691.67 
248691.81 
248691.94 
248692.06 
248692.18 
248692.30 
248692.41 
248692.53 
248692.65 
248692.78 
248692.90 
248693.03 
248693.16 
248693.28 
248693.41 
248693.54 
248693.67 
248693.79 
248693.93 
248694.06 
248694.19 
248694.31 
248694.44 
248694.57 
248694.70 
248694.83 
248694.95 
248695.08 
248695.21 
248695.34 
248695.48 
248695.61 
248695.74 
248695.85 
248695.98 
248696.11 
248696.23 
248696.36 
248696.49 
248696.62 
248696.75 
248696.88 
248697.01 
248697.13 
248697.27 
248697.39 
248697.52 
248697.64 
248697.76 
248697.89 
248698.01 
248698.13 
248698.26 
248698.39 
248698.52 
248698.65 
248698.78 
248698.91 
248699.04 
248699.17 
248699.31 
248699.43 
248699.56 
248699.70 
248699.82 
248699.95 
248700.08 
248700.21 
248700.34 
248700.47 
248700.60 
248700.73 
248700.86 
248701.00 
248701.13 
248701.26 
248701.39 
248701.52 
248701.64 
248701.77 
248701.90 
248702.03 
248702.15 
248702.28 
248702.41 
248702.54 
248702.67 
248702.80 
248702.92 
248703.06 
248703.19 
248703.31 
248703.43 
248703.55 
248703.67 
248703.80 
248703.94 
248704.06 
248704.18 
248704.31 
248704.44 
248704.56 
248704.70 
248704.82 
248704.96 
248705.10 
248705.23 
248705.36 
248705.49 
248705.61 
248705.74 
248705.86 
248705.99 
248706.12 
248706.25 
248706.38 
248706.50 
248706.64 
248706.76 
248706.89 
248707.02 
248707.15 
248707.29 
248707.42 
248707.54 
248707.67 
248707.79 
248707.93 
248708.06 
248708.19 
248708.32 
248708.45 
248708.58 
248708.71 
248708.84 
248708.97 
248709.10 
248709.23 
248709.36 
248709.48 
248709.61 
248709.74 
248709.87 
248710.00 
248710.14 
248710.27 
248710.39 
248710.53 
248710.66 
248710.78 
248710.91 
248711.04 
248711.16 
248711.29 
248711.42 
248711.55 
248711.67 
248711.80 
248711.93 
248712.05 
248712.18 
248712.31 
248712.44 
248712.57 
248712.70 
248712.84 
248712.98 
248713.10 
248713.23 
248713.35 
248713.48 
248713.60 
248713.72 
248713.85 
248713.98 
248714.11 
248714.24 
248714.36 
248714.49 
248714.62 
248714.75 
248714.88 
248715.01 
248715.13 
248715.26 
248715.39 
248715.51 
248715.64 
248715.77 
248715.90 
248716.02 
248716.16 
248716.29 
248716.42 
248716.55 
248716.69 
248716.82 
248716.94 
248717.07 
248717.19 
248717.32 
248717.46 
248717.58 
248717.71 
248717.84 
248717.97 
248718.11 
248718.24 
248718.38 
248718.51 
248718.63 
248718.75 
248718.89 
248719.03 
248719.16 
248719.28 
248719.41 
248719.53 
248719.66 
248719.79 
248719.92 
248720.04 
248720.17 
248720.30 
248720.43 
248720.56 
248720.68 
248720.81 
248720.93 
248721.06 
248721.21 
248721.34 
248721.46 
248721.59 
248721.71 
248721.84 
248721.96 
248722.09 
248722.22 
248722.34 
248722.47 
248722.60 
248722.72 
248722.85 
248722.97 
248723.10 
248723.22 
248723.34 
248723.47 
248723.59 
248723.72 
248723.84 
248723.97 
248724.09 
248724.22 
248724.36 
248724.49 
248724.61 
248724.74 
248724.87 
248724.99 
248725.12 
248725.24 
248725.37 
248725.50 
248725.62 
248725.75 
248725.87 
248725.99 
248726.12 
248726.25 
248726.38 
248726.51 
248726.64 
248726.77 
248726.91 
248727.04 
248727.17 
248727.30 
248727.43 
248727.56 
248727.69 
248727.82 
248727.95 
248728.08 
248728.21 
248728.35 
248728.48 
248728.61 
248728.73 
248728.85 
248728.97 
248729.10 
248729.23 
248729.35 
248729.48 
248729.61 
248729.74 
248729.87 
248730.01 
248730.13 
248730.26 
248730.39 
248730.52 
248730.66 
248730.79 
248730.92 
248731.05 
248731.18 
248731.30 
248731.44 
248731.56 
248731.69 
248731.82 
248731.96 
248732.08 
248732.20 
248732.33 
248732.47 
248732.59 
248732.72 
248732.85 
248732.97 
248733.09 
248733.23 
248733.35 
248733.48 
248733.60 
248733.73 
248733.87 
248734.01 
248734.13 
248734.27 
248734.39 
248734.52 
248734.65 
248734.78 
248734.90 
248735.04 
248735.16 
248735.29 
248735.42 
248735.54 
248735.67 
248735.80 
248735.93 
248736.07 
248736.19 
248736.32 
248736.45 
248736.57 
248736.69 
248736.82 
248736.94 
248737.08 
248737.22 
248737.34 
248737.48 
248737.61 
248737.74 
248737.87 
248738.00 
248738.13 
248738.26 
248738.40 
248738.53 
248738.65 
248738.78 
248738.91 
248739.05 
248739.18 
248739.30 
248739.44 
248739.56 
248739.69 
248739.82 
248739.94 
248740.08 
248740.21 
248740.35 
248740.48 
248740.61 
248740.74 
248740.88 
248741.02 
248741.14 
248741.27 
248741.40 
248741.53 
248741.66 
248741.79 
248741.92 
248742.05 
248742.18 
248742.31 
248742.43 
248742.58 
248742.71 
248742.83 
248742.95 
248743.08 
248743.21 
248743.34 
248743.47 
248743.61 
248743.74 
248743.86 
248743.99 
248744.12 
248744.25 
248744.37 
248744.49 
248744.61 
248744.73 
248744.86 
248744.99 
248745.11 
248745.24 
248745.37 
248745.49 
248745.62 
248745.75 
248745.87 
248746.00 
248746.14 
248746.27 
248746.39 
248746.52 
248746.65 
248746.78 
248746.92 
248747.05 
248747.17 
248747.29 
248747.42 
248747.54 
248747.67 
248747.81 
248747.93 
248748.06 
248748.19 
248748.31 
248748.44 
248748.57 
248748.70 
248748.82 
248748.95 
248749.08 
248749.21 
248749.34 
248749.47 
248749.60 
248749.74 
248749.87 
248750.00 
248750.12 
248750.25 
248750.38 
248750.50 
248750.63 
248750.76 
248750.90 
248751.04 
248751.16 
248751.29 
248751.42 
248751.54 
248751.67 
248751.80 
248751.93 
248752.06 
248752.19 
248752.33 
248752.44 
248752.57 
248752.70 
248752.82 
248752.96 
248753.09 
248753.24 
248753.36 
248753.49 
248753.61 
248753.74 
248753.86 
248753.99 
248754.12 
248754.25 
248754.38 
248754.51 
248754.64 
248754.77 
248754.90 
248755.03 
248755.16 
248755.29 
248755.42 
248755.55 
248755.68 
248755.81 
248755.95 
248756.07 
248756.20 
248756.33 
248756.46 
248756.59 
248756.73 
248756.86 
248756.99 
248757.12 
248757.25 
248757.38 
248757.50 
248757.63 
248757.75 
248757.88 
248758.00 
248758.13 
248758.26 
248758.39 
248758.51 
248758.64 
248758.78 
248758.91 
248759.03 
248759.16 
248759.29 
248759.42 
248759.55 
248759.67 
248759.80 
248759.92 
248760.04 
248760.17 
248760.30 
248760.43 
248760.55 
248760.68 
248760.81 
248760.94 
248761.06 
248761.19 
248761.32 
248761.45 
248761.58 
248761.70 
248761.83 
248761.96 
248762.09 
248762.22 
248762.35 
248762.47 
248762.61 
248762.73 
248762.86 
248763.00 
248763.13 
248763.26 
248763.39 
248763.52 
248763.64 
248763.77 
248763.90 
248764.03 
248764.15 
248764.28 
248764.41 
248764.54 
248764.67 
248764.80 
248764.93 
248765.05 
248765.19 
248765.31 
248765.44 
248765.58 
248765.70 
248765.84 
248765.98 
248766.11 
248766.24 
248766.38 
248766.52 
248766.63 
248766.76 
248766.89 
248767.01 
248767.15 
248767.28 
248767.40 
248767.53 
248767.66 
248767.79 
248767.91 
248768.04 
248768.17 
248768.29 
248768.42 
248768.54 
248768.67 
248768.80 
248768.93 
248769.05 
248769.18 
248769.31 
248769.44 
248769.57 
248769.71 
248769.84 
248769.96 
248770.09 
248770.22 
248770.34 
248770.47 
248770.60 
248770.73 
248770.86 
248770.98 
248771.11 
248771.25 
248771.38 
248771.50 
248771.64 
248771.77 
248771.90 
248772.04 
248772.17 
248772.30 
248772.43 
248772.55 
248772.70 
248772.81 
248772.94 
248773.07 
248773.20 
248773.32 
248773.45 
248773.58 
248773.70 
248773.83 
248773.97 
248774.09 
248774.22 
248774.34 
248774.47 
248774.60 
248774.73 
248774.86 
248774.99 
248775.11 
248775.25 
248775.38 
248775.50 
248775.64 
248775.76 
248775.89 
248776.02 
248776.15 
248776.27 
248776.40 
248776.53 
248776.65 
248776.78 
248776.91 
248777.04 
248777.16 
248777.30 
248777.42 
248777.55 
248777.68 
248777.81 
248777.93 
248778.05 
248778.18 
248778.30 
248778.43 
248778.56 
248778.69 
248778.82 
248778.94 
248779.07 
248779.19 
248779.31 
248779.44 
248779.57 
248779.70 
248779.82 
248779.95 
248780.08 
248780.20 
248780.34 
248780.47 
248780.59 
248780.71 
248780.84 
248780.96 
248781.08 
248781.20 
248781.32 
248781.45 
248781.57 
248781.70 
248781.83 
248781.97 
248782.09 
248782.22 
248782.35 
248782.48 
248782.62 
248782.74 
248782.87 
248783.00 
248783.13 
248783.26 
248783.38 
248783.51 
248783.64 
248783.77 
248783.90 
248784.03 
248784.17 
248784.29 
248784.42 
248784.54 
248784.67 
248784.80 
248784.93 
248785.06 
248785.19 
248785.32 
248785.45 
248785.59 
248785.71 
248785.83 
248785.96 
248786.08 
248786.20 
248786.33 
248786.46 
248786.58 
248786.71 
248786.84 
248786.96 
248787.09 
248787.22 
248787.34 
248787.46 
248787.59 
248787.71 
248787.84 
248787.97 
248788.10 
248788.22 
248788.35 
248788.48 
248788.61 
248788.74 
248788.86 
248788.99 
248789.12 
248789.25 
248789.38 
248789.50 
248789.63 
248789.76 
248789.89 
248790.03 
248790.16 
248790.29 
248790.43 
248790.56 
248790.69 
248790.80 
248790.92 
248791.05 
248791.17 
248791.30 
248791.44 
248791.56 
248791.69 
248791.83 
248791.94 
248792.07 
248792.20 
248792.33 
248792.46 
248792.59 
248792.72 
248792.84 
248792.97 
248793.11 
248793.24 
248793.37 
248793.50 
248793.63 
248793.75 
248793.89 
248794.01 
248794.15 
248794.28 
248794.41 
248794.54 
248794.67 
248794.80 
248794.94 
248795.07 
248795.21 
248795.34 
248795.46 
248795.59 
248795.72 
248795.84 
248795.97 
248796.09 
248796.22 
248796.34 
248796.47 
248796.60 
248796.73 
248796.86 
248796.99 
248797.12 
248797.24 
248797.37 
248797.49 
248797.62 
248797.74 
248797.87 
248798.00 
248798.13 
248798.26 
248798.38 
248798.52 
248798.65 
248798.78 
248798.92 
248799.05 
248799.18 
248799.32 
248799.44 
248799.56 
248799.69 
248799.82 
248799.94 
248800.06 
248800.19 
248800.32 
248800.45 
248800.58 
248800.70 
248800.83 
248800.96 
248801.08 
248801.21 
248801.34 
248801.46 
248801.59 
248801.72 
248801.85 
248801.97 
248802.10 
248802.23 
248802.35 
248802.48 
248802.61 
248802.74 
248802.86 
248803.00 
248803.13 
248803.26 
248803.38 
248803.51 
248803.64 
248803.76 
248803.88 
248804.01 
248804.13 
248804.26 
248804.39 
248804.51 
248804.64 
248804.76 
248804.89 
248805.02 
248805.14 
248805.27 
248805.40 
248805.54 
248805.67 
248805.80 
248805.92 
248806.07 
248806.19 
248806.31 
248806.43 
248806.55 
248806.68 
248806.81 
248806.95 
248807.08 
248807.21 
248807.34 
248807.47 
248807.59 
248807.73 
248807.85 
248807.98 
248808.12 
248808.25 
248808.38 
248808.50 
248808.63 
248808.76 
248808.89 
248809.02 
248809.15 
248809.27 
248809.41 
248809.53 
248809.66 
248809.80 
248809.93 
248810.06 
248810.19 
248810.33 
248810.46 
248810.58 
248810.71 
248810.85 
248810.97 
248811.11 
248811.25 
248811.37 
248811.50 
248811.62 
248811.75 
248811.87 
248811.99 
248812.12 
248812.25 
248812.38 
248812.51 
248812.63 
248812.77 
248812.90 
248813.04 
248813.16 
248813.29 
248813.42 
248813.55 
248813.67 
248813.81 
248813.93 
248814.07 
248814.20 
248814.32 
248814.46 
248814.59 
248814.72 
248814.84 
248814.97 
248815.10 
248815.23 
248815.35 
248815.49 
248815.62 
248815.76 
248815.89 
248816.02 
248816.15 
248816.29 
248816.41 
248816.54 
248816.66 
248816.79 
248816.92 
248817.05 
248817.17 
248817.31 
248817.45 
248817.58 
248817.71 
248817.83 
248817.97 
248818.10 
248818.23 
248818.36 
248818.49 
248818.62 
248818.75 
248818.87 
248819.00 
248819.13 
248819.26 
248819.39 
248819.51 
248819.65 
248819.78 
248819.90 
248820.02 
248820.15 
248820.28 
248820.41 
248820.54 
248820.66 
248820.80 
248820.92 
248821.05 
248821.18 
248821.31 
248821.45 
248821.58 
248821.70 
248821.82 
248821.94 
248822.07 
248822.20 
248822.33 
248822.46 
248822.58 
248822.72 
248822.85 
248822.98 
248823.12 
248823.25 
248823.38 
248823.50 
248823.63 
248823.76 
248823.89 
248824.03 
248824.16 
248824.29 
248824.43 
248824.56 
248824.69 
248824.81 
248824.94 
248825.07 
248825.21 
248825.34 
248825.48 
248825.60 
248825.73 
248825.85 
248825.99 
248826.12 
248826.24 
248826.38 
248826.50 
248826.63 
248826.75 
248826.88 
248827.01 
248827.14 
248827.27 
248827.39 
248827.52 
248827.65 
248827.79 
248827.92 
248828.05 
248828.17 
248828.30 
248828.44 
248828.55 
248828.68 
248828.82 
248828.95 
248829.08 
248829.21 
248829.35 
248829.48 
248829.61 
248829.74 
248829.89 
248830.03 
248830.16 
248830.29 
248830.41 
248830.54 
248830.67 
248830.80 
248830.92 
248831.06 
248831.19 
248831.31 
248831.44 
248831.57 
248831.70 
248831.84 
248831.97 
248832.10 
248832.23 
248832.36 
248832.48 
248832.61 
248832.74 
248832.86 
248832.99 
248833.11 
248833.24 
248833.37 
248833.51 
248833.64 
248833.76 
248833.89 
248834.01 
248834.14 
248834.26 
248834.39 
248834.52 
248834.65 
248834.77 
248834.90 
248835.02 
248835.15 
248835.28 
248835.41 
248835.53 
248835.66 
248835.78 
248835.91 
248836.03 
248836.16 
248836.29 
248836.42 
248836.56 
248836.69 
248836.82 
248836.95 
248837.07 
248837.20 
248837.31 
248837.43 
248837.56 
248837.69 
248837.82 
248837.95 
248838.09 
248838.22 
248838.34 
248838.48 
248838.60 
248838.72 
248838.85 
248839.00 
248839.12 
248839.25 
248839.39 
248839.52 
248839.65 
248839.78 
248839.90 
248840.02 
248840.15 
248840.27 
248840.40 
248840.52 
248840.64 
248840.76 
248840.89 
248841.02 
248841.15 
248841.28 
248841.41 
248841.53 
248841.66 
248841.78 
248841.91 
248842.03 
248842.16 
248842.28 
248842.41 
248842.53 
248842.66 
248842.78 
248842.91 
248843.04 
248843.16 
248843.29 
248843.42 
248843.54 
248843.67 
248843.79 
248843.92 
248844.04 
248844.17 
248844.29 
248844.42 
248844.55 
248844.67 
248844.80 
248844.93 
248845.05 
248845.18 
248845.30 
248845.43 
248845.56 
248845.68 
248845.81 
248845.93 
248846.06 
248846.19 
248846.31 
248846.44 
248846.56 
248846.68 
248846.82 
248846.94 
248847.07 
248847.21 
248847.33 
248847.46 
248847.58 
248847.71 
248847.84 
248847.96 
248848.09 
248848.21 
248848.34 
248848.46 
248848.59 
248848.72 
248848.84 
248848.98 
248849.10 
248849.24 
248849.36 
248849.49 
248849.62 
248849.74 
248849.87 
248850.00 
248850.12 
248850.25 
248850.37 
248850.49 
248850.61 
248850.76 
248850.89 
248851.01 
248851.14 
248851.26 
248851.39 
248851.51 
248851.64 
248851.76 
248851.90 
248852.03 
248852.16 
248852.29 
248852.41 
248852.54 
248852.66 
248852.78 
248852.91 
248853.04 
248853.17 
248853.30 
248853.42 
248853.55 
248853.68 
248853.80 
248853.93 
248854.05 
248854.18 
248854.31 
248854.44 
248854.56 
248854.69 
248854.82 
248854.95 
248855.07 
248855.20 
248855.33 
248855.46 
248855.59 
248855.71 
248855.84 
248855.96 
248856.09 
248856.22 
248856.34 
248856.47 
248856.60 
248856.73 
248856.85 
248856.98 
248857.11 
248857.24 
248857.36 
248857.49 
248857.63 
248857.75 
248857.88 
248858.00 
248858.14 
248858.26 
248858.39 
248858.51 
248858.64 
248858.77 
248858.90 
248859.03 
248859.15 
248859.28 
248859.42 
248859.55 
248859.68 
248859.81 
248859.94 
248860.07 
248860.20 
248860.33 
248860.46 
248860.59 
248860.72 
248860.84 
248860.98 
248861.11 
248861.24 
248861.37 
248861.49 
248861.62 
248861.76 
248861.89 
248862.02 
248862.15 
248862.28 
248862.41 
248862.54 
248862.66 
248862.80 
248862.93 
248863.06 
248863.18 
248863.30 
248863.43 
248863.56 
248863.69 
248863.82 
248863.95 
248864.08 
248864.20 
248864.33 
248864.46 
248864.59 
248864.72 
248864.86 
248864.99 
248865.13 
248865.26 
248865.38 
248865.51 
248865.63 
248865.75 
248865.88 
248866.00 
248866.12 
248866.23 
248866.34 
248866.45 
248866.59 
248866.70 
248866.82 
248866.95 
248867.06 
248867.20 
248867.32 
248867.45 
248867.58 
248867.70 
248867.84 
248867.98 
248868.10 
248868.24 
248868.35 
248868.46 
248868.57 
248868.69 
248868.82 
248868.94 
248869.06 
248869.18 
248869.32 
248869.45 
248869.56 
248869.66 
248869.77 
248869.88 
248869.99 
248870.10 
248870.21 
248870.35 
248870.46 
248870.57 
248870.70 
248870.82 
248870.94 
248871.06 
248871.19 
248871.30 
248871.42 
248871.54 
248871.67 
248871.79 
248871.91 
248872.03 
248872.15 
248872.28 
248872.39 
248872.50 
248872.61 
248872.72 
248872.83 
248872.93 
248873.04 
248873.18 
248873.29 
248873.40 
248873.51 
248873.63 
248873.75 
248873.87 
248873.99 
248874.10 
248874.22 
248874.34 
248874.48 
248874.60 
248874.74 
248874.87 
248875.00 
248875.14 
248875.26 
248875.39 
248875.51 
248875.62 
248875.75 
248875.86 
248875.98 
248876.10 
248876.23 
248876.33 
248876.46 
248876.58 
248876.70 
248876.81 
248876.92 
248877.03 
248877.14 
248877.25 
248877.36 
248877.47 
248877.58 
248877.69 
248877.81 
248877.94 
248878.04 
248878.15 
248878.29 
248878.39 
248878.50 
248878.61 
248878.72 
248878.83 
248878.94 
248879.05 
248879.16 
248879.26 
248879.38 
248879.52 
248879.63 
248879.73 
248879.84 
248879.98 
248880.09 
248880.20 
248880.33 
248880.44 
248880.55 
248880.66 
248880.79 
248880.90 
248881.01 
248881.12 
248881.23 
248881.36 
248881.49 
248881.60 
248881.72 
248881.84 
248881.97 
248882.09 
248882.22 
248882.35 
248882.48 
248882.60 
248882.73 
248882.87 
248883.00 
248883.12 
248883.24 
248883.36 
248883.49 
248883.61 
248883.74 
248883.86 
248883.99 
248884.12 
248884.24 
248884.36 
248884.49 
248884.62 
248884.75 
248884.87 
248885.00 
248885.12 
248885.25 
248885.37 
248885.50 
248885.62 
248885.74 
248885.87 
248885.99 
248886.11 
248886.23 
248886.36 
248886.48 
248886.61 
248886.73 
248886.86 
248886.98 
248887.10 
248887.23 
248887.35 
248887.47 
248887.57 
248887.69 
248887.80 
248887.91 
248888.02 
248888.13 
248888.25 
248888.38 
248888.50 
248888.62 
248888.74 
248888.86 
248888.98 
248889.10 
248889.21 
248889.33 
248889.45 
248889.57 
248889.70 
248889.83 
248889.95 
248890.06 
248890.17 
248890.28 
248890.39 
248890.52 
248890.63 
248890.74 
248890.84 
248890.95 
248891.06 
248891.16 
248891.27 
248891.38 
248891.49 
248891.60 
248891.73 
248891.85 
248891.96 
248892.07 
248892.19 
248892.30 
248892.42 
248892.53 
248892.64 
248892.76 
248892.88 
248893.01 
248893.13 
248893.26 
248893.37 
248893.49 
248893.61 
248893.73 
248893.85 
248893.96 
248894.07 
248894.20 
248894.32 
248894.45 
248894.57 
248894.69 
248894.81 
248894.94 
248895.06 
248895.19 
248895.31 
248895.44 
248895.56 
248895.68 
248895.80 
248895.93 
248896.05 
248896.17 
248896.30 
248896.42 
248896.54 
248896.67 
248896.79 
248896.90 
248897.01 
248897.15 
248897.28 
248897.41 
248897.53 
248897.65 
248897.78 
248897.90 
248898.02 
248898.14 
248898.26 
248898.38 
248898.51 
248898.63 
248898.75 
248898.87 
248898.99 
248899.11 
248899.24 
248899.36 
248899.49 
248899.61 
248899.74 
248899.86 
248899.98 
248900.11 
248900.23 
248900.36 
248900.48 
248900.60 
248900.72 
248900.84 
248900.97 
248901.09 
248901.22 
248901.34 
248901.46 
248901.58 
248901.70 
248901.83 
248901.95 
248902.07 
248902.20 
248902.32 
248902.44 
248902.56 
248902.69 
248902.81 
248902.93 
248903.05 
248903.18 
248903.30 
248903.43 
248903.55 
248903.67 
248903.80 
248903.92 
248904.04 
248904.17 
248904.30 
248904.42 
248904.55 
248904.67 
248904.79 
248904.91 
248905.04 
248905.16 
248905.28 
248905.40 
248905.52 
248905.65 
248905.77 
248905.89 
248906.01 
248906.14 
248906.28 
248906.41 
248906.53 
248906.65 
248906.77 
248906.90 
248907.02 
248907.14 
248907.27 
248907.39 
248907.51 
248907.63 
248907.75 
248907.88 
248907.99 
248908.11 
248908.24 
248908.36 
248908.50 
248908.62 
248908.75 
248908.88 
248909.00 
248909.12 
248909.24 
248909.36 
248909.48 
248909.59 
248909.71 
248909.83 
248909.96 
248910.08 
248910.22 
248910.34 
248910.46 
248910.59 
248910.72 
248910.83 
248910.96 
248911.08 
248911.21 
248911.33 
248911.45 
248911.57 
248911.69 
248911.81 
248911.94 
248912.06 
248912.18 
248912.31 
248912.44 
248912.56 
248912.68 
248912.81 
248912.93 
248913.05 
248913.18 
248913.30 
248913.42 
248913.55 
248913.67 
248913.79 
248913.92 
248914.04 
248914.16 
248914.28 
248914.40 
248914.53 
248914.65 
248914.77 
248914.90 
248915.02 
248915.15 
248915.27 
248915.39 
248915.52 
248915.64 
248915.76 
248915.89 
248916.01 
248916.13 
248916.25 
248916.38 
248916.50 
248916.63 
248916.75 
248916.88 
248917.00 
248917.13 
248917.24 
248917.37 
248917.49 
248917.61 
248917.75 
248917.87 
248917.99 
248918.12 
248918.24 
248918.36 
248918.49 
248918.61 
248918.74 
248918.86 
248918.98 
248919.11 
248919.23 
248919.35 
248919.47 
248919.59 
248919.72 
248919.84 
248919.97 
248920.09 
248920.21 
248920.34 
248920.46 
248920.58 
248920.71 
248920.83 
248920.95 
248921.08 
248921.20 
248921.33 
248921.45 
248921.57 
248921.70 
248921.82 
248921.94 
248922.07 
248922.19 
248922.31 
248922.45 
248922.57 
248922.69 
248922.81 
248922.94 
248923.05 
248923.16 
248923.27 
248923.41 
248923.55 
248923.68 
248923.80 
248923.93 
248924.07 
248924.19 
248924.32 
248924.45 
248924.57 
248924.68 
248924.80 
248924.92 
248925.04 
248925.16 
248925.28 
248925.40 
248925.52 
248925.64 
248925.76 
248925.88 
248926.00 
248926.12 
248926.24 
248926.36 
248926.48 
248926.60 
248926.72 
248926.84 
248926.96 
248927.07 
248927.19 
248927.31 
248927.43 
248927.55 
248927.66 
248927.78 
248927.90 
248928.02 
248928.14 
248928.26 
248928.38 
248928.50 
248928.62 
248928.74 
248928.86 
248928.98 
248929.10 
248929.23 
248929.35 
248929.47 
248929.60 
248929.73 
248929.86 
248929.98 
248930.11 
248930.23 
248930.36 
248930.49 
248930.62 
248930.74 
248930.88 
248931.00 
248931.13 
248931.26 
248931.39 
248931.51 
248931.64 
248931.76 
248931.88 
248932.01 
248932.14 
248932.26 
248932.39 
248932.51 
248932.64 
248932.78 
248932.92 
248933.04 
248933.17 
248933.30 
248933.43 
248933.56 
248933.68 
248933.82 
248933.94 
248934.07 
248934.19 
248934.32 
248934.45 
248934.57 
248934.71 
248934.83 
248934.95 
248935.08 
248935.21 
248935.33 
248935.46 
248935.58 
248935.71 
248935.84 
248935.97 
248936.09 
248936.22 
248936.35 
248936.48 
248936.60 
248936.73 
248936.86 
248936.99 
248937.12 
248937.26 
248937.38 
248937.51 
248937.64 
248937.77 
248937.91 
248938.04 
248938.16 
248938.30 
248938.43 
248938.56 
248938.68 
248938.81 
248938.94 
248939.07 
248939.21 
248939.34 
248939.46 
248939.58 
248939.71 
248939.84 
248939.97 
248940.10 
248940.22 
248940.35 
248940.47 
248940.60 
248940.73 
248940.86 
248940.98 
248941.11 
248941.24 
248941.37 
248941.50 
248941.63 
248941.75 
248941.88 
248942.01 
248942.14 
248942.27 
248942.41 
248942.54 
248942.68 
