boottime_s,track,value,window
21578.251,batt.charge_uah,1567500.0,
21579.581,batt.charge_uah,1567500.0,
21579.607,batt.charge_uah,1567500.0,
21579.707,batt.charge_uah,1567500.0,
21580.821,batt.charge_uah,1567500.0,
21580.851,batt.charge_uah,1567500.0,
21582.057,batt.charge_uah,1567500.0,
21582.162,batt.charge_uah,1567500.0,
21583.341,batt.charge_uah,1567500.0,
21583.359,batt.charge_uah,1567500.0,
21584.576,batt.charge_uah,1567500.0,
21584.598,batt.charge_uah,1567500.0,
21585.809,batt.charge_uah,1567500.0,
21586.985,batt.charge_uah,1567500.0,
21586.995,batt.charge_uah,1567500.0,
21588.193,batt.charge_uah,1567500.0,
21588.202,batt.charge_uah,1567500.0,
21588.303,batt.charge_uah,1567500.0,
21589.428,batt.charge_uah,1567500.0,
21589.435,batt.charge_uah,1567500.0,
21590.643,batt.charge_uah,1567500.0,
21590.652,batt.charge_uah,1567500.0,
21590.756,batt.charge_uah,1567500.0,
21591.955,batt.charge_uah,1567500.0,
21591.983,batt.charge_uah,1567500.0,
21593.187,batt.charge_uah,1567500.0,
21594.364,batt.charge_uah,1567500.0,
21594.380,batt.charge_uah,1567500.0,
21595.553,batt.charge_uah,1567500.0,
21595.586,batt.charge_uah,1567500.0,
21595.686,batt.charge_uah,1567500.0,
21596.806,batt.charge_uah,1567500.0,
21596.900,batt.charge_uah,1567500.0,
21598.105,batt.charge_uah,1567500.0,
21598.438,batt.charge_uah,1567500.0,
21598.533,batt.charge_uah,1567500.0,
21599.739,batt.charge_uah,1567500.0,
21599.760,batt.charge_uah,1567500.0,
21599.870,batt.charge_uah,1567500.0,
21599.968,batt.charge_uah,1567500.0,
21600.065,batt.charge_uah,1567500.0,idle#0
21600.237,batt.charge_uah,1567500.0,idle#0
21600.261,batt.charge_uah,1567500.0,idle#0
21600.365,batt.charge_uah,1567500.0,idle#0
21600.467,batt.charge_uah,1567500.0,idle#0
21600.565,batt.charge_uah,1567500.0,idle#0
21601.724,batt.charge_uah,1567500.0,idle#0
21601.749,batt.charge_uah,1567500.0,idle#0
21602.948,batt.charge_uah,1567500.0,idle#0
21602.958,batt.charge_uah,1567500.0,idle#0
21603.060,batt.charge_uah,1567500.0,idle#0
21604.179,batt.charge_uah,1567500.0,idle#0
21604.195,batt.charge_uah,1567500.0,idle#0
21604.298,batt.charge_uah,1567500.0,idle#0
21604.430,batt.charge_uah,1567500.0,idle#0
21604.499,batt.charge_uah,1567500.0,idle#0
21604.601,batt.charge_uah,1567500.0,idle#0
21605.434,batt.charge_uah,1567500.0,idle#0
21606.629,batt.charge_uah,1567500.0,idle#0
21606.646,batt.charge_uah,1567500.0,idle#0
21606.746,batt.charge_uah,1567500.0,idle#0
21608.064,batt.charge_uah,1567500.0,idle#0
21608.083,batt.charge_uah,1567500.0,idle#0
21609.299,batt.charge_uah,1567500.0,idle#0
21609.399,batt.charge_uah,1567500.0,idle#0
21610.582,batt.charge_uah,1567500.0,idle#0
21610.597,batt.charge_uah,1567500.0,idle#0
21611.806,batt.charge_uah,1567500.0,idle#0
21611.817,batt.charge_uah,1567500.0,idle#0
21612.992,batt.charge_uah,1567500.0,idle#0
21613.018,batt.charge_uah,1567500.0,idle#0
21614.211,batt.charge_uah,1567500.0,idle#0
21614.232,batt.charge_uah,1567500.0,idle#0
21615.425,batt.charge_uah,1567500.0,idle#0
21615.468,batt.charge_uah,1567500.0,idle#0
21616.666,batt.charge_uah,1567500.0,idle#0
21616.701,batt.charge_uah,1567500.0,idle#0
21617.894,batt.charge_uah,1567500.0,idle#0
21617.914,batt.charge_uah,1567500.0,idle#0
21619.104,batt.charge_uah,1567500.0,idle#0
21619.151,batt.charge_uah,1567500.0,idle#0
21620.350,batt.charge_uah,1567500.0,idle#0
21620.390,batt.charge_uah,1567500.0,idle#0
21621.588,batt.charge_uah,1567500.0,idle#0
21621.609,batt.charge_uah,1567500.0,idle#0
21622.807,batt.charge_uah,1567500.0,idle#0
21622.831,batt.charge_uah,1567500.0,idle#0
21624.021,batt.charge_uah,1567500.0,idle#0
21624.046,batt.charge_uah,1567500.0,idle#0
21624.147,batt.charge_uah,1567500.0,idle#0
21625.273,batt.charge_uah,1567500.0,idle#0
21625.359,batt.charge_uah,1567500.0,idle#0
21626.566,batt.charge_uah,1567500.0,idle#0
21627.724,batt.charge_uah,1567500.0,idle#0
21627.729,batt.charge_uah,1567500.0,idle#0
21627.836,batt.charge_uah,1567500.0,idle#0
21628.953,batt.charge_uah,1567500.0,idle#0
21629.040,batt.charge_uah,1567500.0,idle#0
21630.224,batt.charge_uah,1567500.0,idle#0
21631.414,batt.charge_uah,1567500.0,idle#0
21631.436,batt.charge_uah,1567500.0,idle#0
21632.629,batt.charge_uah,1567500.0,idle#0
21632.720,batt.charge_uah,1567500.0,idle#0
21632.964,batt.charge_uah,1567500.0,idle#0
21633.018,batt.charge_uah,1567500.0,idle#0
21633.119,batt.charge_uah,1567500.0,idle#0
21633.220,batt.charge_uah,1567500.0,idle#0
21633.319,batt.charge_uah,1567500.0,idle#0
21633.418,batt.charge_uah,1567500.0,idle#0
21633.518,batt.charge_uah,1567500.0,idle#0
21633.622,batt.charge_uah,1567500.0,idle#0
21633.718,batt.charge_uah,1567500.0,idle#0
21633.818,batt.charge_uah,1567500.0,idle#0
21633.918,batt.charge_uah,1567500.0,idle#0
21634.022,batt.charge_uah,1567500.0,idle#0
21634.119,batt.charge_uah,1567500.0,idle#0
21634.219,batt.charge_uah,1567500.0,idle#0
21634.318,batt.charge_uah,1567500.0,idle#0
21634.418,batt.charge_uah,1567500.0,idle#0
21634.522,batt.charge_uah,1567500.0,idle#0
21634.622,batt.charge_uah,1567500.0,idle#0
21634.719,batt.charge_uah,1567500.0,idle#0
21634.818,batt.charge_uah,1567500.0,idle#0
21634.919,batt.charge_uah,1567500.0,idle#0
21636.140,batt.charge_uah,1567500.0,idle#0
21636.209,batt.charge_uah,1567500.0,idle#0
21637.422,batt.charge_uah,1492500.0,idle#0
21637.447,batt.charge_uah,1492500.0,idle#0
21637.564,batt.charge_uah,1492500.0,idle#0
21638.566,batt.charge_uah,1492500.0,idle#0
21638.631,batt.charge_uah,1492500.0,idle#0
21639.835,batt.charge_uah,1492500.0,idle#0
21639.874,batt.charge_uah,1492500.0,idle#0
21641.095,batt.charge_uah,1492500.0,idle#0
21642.263,batt.charge_uah,1492500.0,idle#0
21642.304,batt.charge_uah,1492500.0,idle#0
21643.497,batt.charge_uah,1492500.0,idle#0
21643.532,batt.charge_uah,1492500.0,idle#0
21644.734,batt.charge_uah,1492500.0,idle#0
21644.747,batt.charge_uah,1492500.0,idle#0
21645.950,batt.charge_uah,1492500.0,idle#0
21645.959,batt.charge_uah,1492500.0,idle#0
21646.059,batt.charge_uah,1492500.0,idle#0
21646.159,batt.charge_uah,1492500.0,
21646.260,batt.charge_uah,1492500.0,
21647.606,batt.charge_uah,1492500.0,
21647.644,batt.charge_uah,1492500.0,
21648.838,batt.charge_uah,1492500.0,
21648.855,batt.charge_uah,1492500.0,
21650.054,batt.charge_uah,1492500.0,
21650.086,batt.charge_uah,1492500.0,
21651.276,batt.charge_uah,1492500.0,
21651.289,batt.charge_uah,1492500.0,
21651.585,batt.charge_uah,1492500.0,
21651.597,batt.charge_uah,1492500.0,
21651.702,batt.charge_uah,1492500.0,
21651.797,batt.charge_uah,1492500.0,
21651.896,batt.charge_uah,1492500.0,
21652.001,batt.charge_uah,1492500.0,
21652.100,batt.charge_uah,1492500.0,
21652.199,batt.charge_uah,1492500.0,
21652.298,batt.charge_uah,1492500.0,
21652.403,batt.charge_uah,1492500.0,
21652.502,batt.charge_uah,1492500.0,
21652.602,batt.charge_uah,1492500.0,
21652.699,batt.charge_uah,1492500.0,
21652.804,batt.charge_uah,1492500.0,
21652.898,batt.charge_uah,1492500.0,
21652.996,batt.charge_uah,1492500.0,
21653.104,batt.charge_uah,1492500.0,
21653.204,batt.charge_uah,1492500.0,
21653.301,batt.charge_uah,1492500.0,
21653.410,batt.charge_uah,1492500.0,
21653.496,batt.charge_uah,1492500.0,
21653.595,batt.charge_uah,1492500.0,
21654.968,batt.charge_uah,1492500.0,
21655.057,batt.charge_uah,1492500.0,
21656.255,batt.charge_uah,1492500.0,
21656.275,batt.charge_uah,1492500.0,
21657.697,batt.charge_uah,1492500.0,
21657.708,batt.charge_uah,1492500.0,
21659.088,batt.charge_uah,1492500.0,
21659.160,batt.charge_uah,1492500.0,
21660.492,batt.charge_uah,1492500.0,
21660.523,batt.charge_uah,1492500.0,
21661.720,batt.charge_uah,1492500.0,
21661.758,batt.charge_uah,1492500.0,
21662.944,batt.charge_uah,1492500.0,
21662.971,batt.charge_uah,1492500.0,
21663.071,batt.charge_uah,1492500.0,
21663.171,batt.charge_uah,1492500.0,
21664.443,batt.charge_uah,1492500.0,
21665.607,batt.charge_uah,1492500.0,
21665.646,batt.charge_uah,1492500.0,
21666.445,batt.charge_uah,1492500.0,
21666.455,batt.charge_uah,1492500.0,
21666.574,batt.charge_uah,1492500.0,
21666.655,batt.charge_uah,1492500.0,
21666.757,batt.charge_uah,1492500.0,
21666.860,batt.charge_uah,1492500.0,
21667.046,batt.charge_uah,1492500.0,
21667.058,batt.charge_uah,1492500.0,
21667.192,batt.charge_uah,1492500.0,cpu1#0
21667.260,batt.charge_uah,1492500.0,cpu1#0
21667.362,batt.charge_uah,1492500.0,cpu1#0
21667.569,batt.charge_uah,1492500.0,cpu1#0
21667.655,batt.charge_uah,1492500.0,cpu1#0
21667.754,batt.charge_uah,1492500.0,cpu1#0
21667.855,batt.charge_uah,1492500.0,cpu1#0
21667.955,batt.charge_uah,1492500.0,cpu1#0
21668.074,batt.charge_uah,1492500.0,cpu1#0
21668.154,batt.charge_uah,1492500.0,cpu1#0
21668.254,batt.charge_uah,1492500.0,cpu1#0
21668.355,batt.charge_uah,1492500.0,cpu1#0
21668.455,batt.charge_uah,1492500.0,cpu1#0
21668.555,batt.charge_uah,1492500.0,cpu1#0
21668.654,batt.charge_uah,1492500.0,cpu1#0
21668.755,batt.charge_uah,1492500.0,cpu1#0
21669.706,batt.charge_uah,1492500.0,cpu1#0
21669.747,batt.charge_uah,1492500.0,cpu1#0
21670.961,batt.charge_uah,1492500.0,cpu1#0
21670.997,batt.charge_uah,1492500.0,cpu1#0
21672.191,batt.charge_uah,1492500.0,cpu1#0
21672.238,batt.charge_uah,1492500.0,cpu1#0
21673.440,batt.charge_uah,1492500.0,cpu1#0
21673.477,batt.charge_uah,1492500.0,cpu1#0
21674.674,batt.charge_uah,1492500.0,cpu1#0
21674.710,batt.charge_uah,1492500.0,cpu1#0
21675.931,batt.charge_uah,1492500.0,cpu1#0
21675.949,batt.charge_uah,1492500.0,cpu1#0
21677.142,batt.charge_uah,1492500.0,cpu1#0
21677.167,batt.charge_uah,1492500.0,cpu1#0
21678.361,batt.charge_uah,1492500.0,cpu1#0
21678.416,batt.charge_uah,1492500.0,cpu1#0
21679.544,batt.charge_uah,1492500.0,cpu1#0
21679.557,batt.charge_uah,1492500.0,cpu1#0
21680.769,batt.charge_uah,1492500.0,cpu1#0
21680.861,batt.charge_uah,1492500.0,cpu1#0
21682.036,batt.charge_uah,1492500.0,cpu1#0
21682.066,batt.charge_uah,1492500.0,cpu1#0
21683.272,batt.charge_uah,1492500.0,cpu1#0
21683.317,batt.charge_uah,1492500.0,cpu1#0
21684.461,batt.charge_uah,1492500.0,cpu1#0
21684.476,batt.charge_uah,1492500.0,cpu1#0
21685.698,batt.charge_uah,1492500.0,cpu1#0
21685.707,batt.charge_uah,1492500.0,cpu1#0
21685.805,batt.charge_uah,1492500.0,cpu1#0
21686.910,batt.charge_uah,1492500.0,cpu1#0
21686.963,batt.charge_uah,1492500.0,cpu1#0
21688.175,batt.charge_uah,1492500.0,cpu1#0
21688.184,batt.charge_uah,1492500.0,cpu1#0
21689.393,batt.charge_uah,1492500.0,cpu1#0
21689.430,batt.charge_uah,1492500.0,cpu1#0
21690.627,batt.charge_uah,1492500.0,cpu1#0
21690.685,batt.charge_uah,1492500.0,cpu1#0
21691.882,batt.charge_uah,1492500.0,cpu1#0
21691.919,batt.charge_uah,1492500.0,cpu1#0
21693.115,batt.charge_uah,1492500.0,cpu1#0
21694.295,batt.charge_uah,1492500.0,cpu1#0
21694.337,batt.charge_uah,1492500.0,cpu1#0
21695.530,batt.charge_uah,1492500.0,cpu1#0
21695.586,batt.charge_uah,1492500.0,cpu1#0
21696.809,batt.charge_uah,1492500.0,cpu1#0
21696.826,batt.charge_uah,1492500.0,cpu1#0
21698.023,batt.charge_uah,1492500.0,cpu1#0
21698.033,batt.charge_uah,1492500.0,cpu1#0
21699.222,batt.charge_uah,1492500.0,cpu1#0
21699.274,batt.charge_uah,1492500.0,cpu1#0
21700.481,batt.charge_uah,1492500.0,cpu1#0
21700.520,batt.charge_uah,1492500.0,cpu1#0
21701.722,batt.charge_uah,1492500.0,cpu1#0
21702.897,batt.charge_uah,1492500.0,cpu1#0
21702.911,batt.charge_uah,1492500.0,cpu1#0
21704.123,batt.charge_uah,1492500.0,cpu1#0
21704.137,batt.charge_uah,1492500.0,cpu1#0
21705.356,batt.charge_uah,1492500.0,cpu1#0
21705.373,batt.charge_uah,1492500.0,cpu1#0
21705.472,batt.charge_uah,1492500.0,cpu1#0
21706.588,batt.charge_uah,1492500.0,cpu1#0
21706.621,batt.charge_uah,1492500.0,cpu1#0
21707.828,batt.charge_uah,1492500.0,cpu1#0
21707.839,batt.charge_uah,1492500.0,cpu1#0
21709.028,batt.charge_uah,1492500.0,cpu1#0
21709.048,batt.charge_uah,1492500.0,cpu1#0
21709.148,batt.charge_uah,1492500.0,cpu1#0
21710.262,batt.charge_uah,1492500.0,cpu1#0
21710.291,batt.charge_uah,1492500.0,cpu1#0
21711.494,batt.charge_uah,1492500.0,cpu1#0
21711.549,batt.charge_uah,1492500.0,cpu1#0
21712.766,batt.charge_uah,1492500.0,cpu1#0
21712.826,batt.charge_uah,1492500.0,cpu1#0
21712.939,batt.charge_uah,1492500.0,
21713.030,batt.charge_uah,1492500.0,
21714.419,batt.charge_uah,1492500.0,
21715.603,batt.charge_uah,1492500.0,
21715.659,batt.charge_uah,1492500.0,
21716.868,batt.charge_uah,1492500.0,
21716.915,batt.charge_uah,1492500.0,
21718.129,batt.charge_uah,1492500.0,
21718.153,batt.charge_uah,1492500.0,
21719.350,batt.charge_uah,1492500.0,
21720.514,batt.charge_uah,1492500.0,
21720.533,batt.charge_uah,1492500.0,
21721.730,batt.charge_uah,1492500.0,
21721.787,batt.charge_uah,1492500.0,
21722.990,batt.charge_uah,1492500.0,
21723.038,batt.charge_uah,1492500.0,
21724.241,batt.charge_uah,1492500.0,
21725.425,batt.charge_uah,1492500.0,
21725.444,batt.charge_uah,1492500.0,
21725.544,batt.charge_uah,1492500.0,
21726.652,batt.charge_uah,1492500.0,
21726.682,batt.charge_uah,1492500.0,
21727.896,batt.charge_uah,1492500.0,
21727.914,batt.charge_uah,1492500.0,
21729.113,batt.charge_uah,1492500.0,
21729.183,batt.charge_uah,1492500.0,
21730.395,batt.charge_uah,1492500.0,
21730.447,batt.charge_uah,1492500.0,
21731.573,batt.charge_uah,1492500.0,
21731.668,batt.charge_uah,1492500.0,
21732.857,batt.charge_uah,1492500.0,
21733.016,batt.charge_uah,1492500.0,
21733.029,batt.charge_uah,1492500.0,
21733.123,batt.charge_uah,1492500.0,
21733.224,batt.charge_uah,1492500.0,
21733.342,batt.charge_uah,1492500.0,cpu_all#0
21733.423,batt.charge_uah,1492500.0,cpu_all#0
21733.523,batt.charge_uah,1492500.0,cpu_all#0
21733.620,batt.charge_uah,1492500.0,cpu_all#0
21734.865,batt.charge_uah,1492500.0,cpu_all#0
21734.899,batt.charge_uah,1492500.0,cpu_all#0
21736.072,batt.charge_uah,1492500.0,cpu_all#0
21736.098,batt.charge_uah,1492500.0,cpu_all#0
21736.199,batt.charge_uah,1492500.0,cpu_all#0
21737.375,batt.charge_uah,1492500.0,cpu_all#0
21737.420,batt.charge_uah,1492500.0,cpu_all#0
21738.611,batt.charge_uah,1492500.0,cpu_all#0
21739.753,batt.charge_uah,1492500.0,cpu_all#0
21739.793,batt.charge_uah,1492500.0,cpu_all#0
21741.005,batt.charge_uah,1492500.0,cpu_all#0
21741.037,batt.charge_uah,1492500.0,cpu_all#0
21742.236,batt.charge_uah,1492500.0,cpu_all#0
21742.290,batt.charge_uah,1492500.0,cpu_all#0
21743.478,batt.charge_uah,1492500.0,cpu_all#0
21743.549,batt.charge_uah,1492500.0,cpu_all#0
21744.745,batt.charge_uah,1492500.0,cpu_all#0
21744.783,batt.charge_uah,1492500.0,cpu_all#0
21745.994,batt.charge_uah,1492500.0,cpu_all#0
21746.020,batt.charge_uah,1492500.0,cpu_all#0
21747.185,batt.charge_uah,1492500.0,cpu_all#0
21747.954,batt.charge_uah,1492500.0,cpu_all#0
21748.003,batt.charge_uah,1492500.0,cpu_all#0
21748.209,batt.charge_uah,1492500.0,cpu_all#0
21748.302,batt.charge_uah,1492500.0,cpu_all#0
21748.401,batt.charge_uah,1492500.0,cpu_all#0
21749.592,batt.charge_uah,1492500.0,cpu_all#0
21749.621,batt.charge_uah,1492500.0,cpu_all#0
21750.829,batt.charge_uah,1492500.0,cpu_all#0
21750.857,batt.charge_uah,1492500.0,cpu_all#0
21752.065,batt.charge_uah,1492500.0,cpu_all#0
21752.107,batt.charge_uah,1492500.0,cpu_all#0
21753.310,batt.charge_uah,1492500.0,cpu_all#0
21753.369,batt.charge_uah,1492500.0,cpu_all#0
21754.569,batt.charge_uah,1492500.0,cpu_all#0
21755.730,batt.charge_uah,1492500.0,cpu_all#0
21755.796,batt.charge_uah,1492500.0,cpu_all#0
21756.987,batt.charge_uah,1492500.0,cpu_all#0
21757.051,batt.charge_uah,1492500.0,cpu_all#0
21758.262,batt.charge_uah,1492500.0,cpu_all#0
21758.325,batt.charge_uah,1492500.0,cpu_all#0
21759.498,batt.charge_uah,1492500.0,cpu_all#0
21759.518,batt.charge_uah,1492500.0,cpu_all#0
21760.727,batt.charge_uah,1492500.0,cpu_all#0
21760.744,batt.charge_uah,1492500.0,cpu_all#0
21761.962,batt.charge_uah,1492500.0,cpu_all#0
21761.980,batt.charge_uah,1492500.0,cpu_all#0
21763.171,batt.charge_uah,1492500.0,cpu_all#0
21763.189,batt.charge_uah,1492500.0,cpu_all#0
21764.400,batt.charge_uah,1492500.0,cpu_all#0
21764.427,batt.charge_uah,1492500.0,cpu_all#0
21765.621,batt.charge_uah,1492500.0,cpu_all#0
21765.667,batt.charge_uah,1492500.0,cpu_all#0
21766.790,batt.charge_uah,1492500.0,cpu_all#0
21766.818,batt.charge_uah,1492500.0,cpu_all#0
21768.018,batt.charge_uah,1492500.0,cpu_all#0
21768.059,batt.charge_uah,1492500.0,cpu_all#0
21769.254,batt.charge_uah,1492500.0,cpu_all#0
21769.286,batt.charge_uah,1492500.0,cpu_all#0
21770.483,batt.charge_uah,1492500.0,cpu_all#0
21770.499,batt.charge_uah,1492500.0,cpu_all#0
21771.705,batt.charge_uah,1492500.0,cpu_all#0
21771.803,batt.charge_uah,1492500.0,cpu_all#0
21772.983,batt.charge_uah,1492500.0,cpu_all#0
21773.018,batt.charge_uah,1492500.0,cpu_all#0
21774.212,batt.charge_uah,1492500.0,cpu_all#0
21774.234,batt.charge_uah,1492500.0,cpu_all#0
21775.426,batt.charge_uah,1492500.0,cpu_all#0
21775.451,batt.charge_uah,1492500.0,cpu_all#0
21776.653,batt.charge_uah,1492500.0,cpu_all#0
21776.714,batt.charge_uah,1492500.0,cpu_all#0
21777.900,batt.charge_uah,1492500.0,cpu_all#0
21777.934,batt.charge_uah,1492500.0,cpu_all#0
21778.708,batt.charge_uah,1492500.0,cpu_all#0
21778.761,batt.charge_uah,1492500.0,cpu_all#0
21778.878,batt.charge_uah,1492500.0,
21778.961,batt.charge_uah,1492500.0,
21780.312,batt.charge_uah,1492500.0,
21780.411,batt.charge_uah,1492500.0,
21781.600,batt.charge_uah,1492500.0,
21781.615,batt.charge_uah,1492500.0,
21782.818,batt.charge_uah,1492500.0,
21782.847,batt.charge_uah,1492500.0,
21784.037,batt.charge_uah,1492500.0,
21784.056,batt.charge_uah,1492500.0,
21785.259,batt.charge_uah,1492500.0,
21785.307,batt.charge_uah,1492500.0,
21786.509,batt.charge_uah,1492500.0,
21786.555,batt.charge_uah,1492500.0,
21787.684,batt.charge_uah,1492500.0,
21787.774,batt.charge_uah,1492500.0,
21788.977,batt.charge_uah,1492500.0,
21789.014,batt.charge_uah,1492500.0,
21790.160,batt.charge_uah,1492500.0,
21790.211,batt.charge_uah,1492500.0,
21791.380,batt.charge_uah,1492500.0,
21791.393,batt.charge_uah,1492500.0,
21792.595,batt.charge_uah,1492500.0,
21792.606,batt.charge_uah,1492500.0,
21792.706,batt.charge_uah,1492500.0,
21793.828,batt.charge_uah,1492500.0,
21793.838,batt.charge_uah,1492500.0,
21795.048,batt.charge_uah,1492500.0,
21795.061,batt.charge_uah,1492500.0,
21796.273,batt.charge_uah,1492500.0,
21796.306,batt.charge_uah,1492500.0,
21796.406,batt.charge_uah,1492500.0,
21797.511,batt.charge_uah,1492500.0,
21797.536,batt.charge_uah,1492500.0,
21798.741,batt.charge_uah,1492500.0,
21798.772,batt.charge_uah,1492500.0,
21798.873,batt.charge_uah,1492500.0,
21799.041,batt.charge_uah,1492500.0,
21799.113,batt.charge_uah,1492500.0,
21799.184,batt.charge_uah,1492500.0,
21800.433,batt.charge_uah,1492500.0,
21800.459,batt.charge_uah,1492500.0,
21800.568,batt.charge_uah,1492500.0,
21800.667,batt.charge_uah,1492500.0,idle#1
21800.768,batt.charge_uah,1492500.0,idle#1
21800.868,batt.charge_uah,1492500.0,idle#1
21800.975,batt.charge_uah,1492500.0,idle#1
21801.064,batt.charge_uah,1492500.0,idle#1
21801.166,batt.charge_uah,1492500.0,idle#1
21801.268,batt.charge_uah,1492500.0,idle#1
21802.436,batt.charge_uah,1492500.0,idle#1
21802.445,batt.charge_uah,1492500.0,idle#1
21803.669,batt.charge_uah,1492500.0,idle#1
21803.736,batt.charge_uah,1492500.0,idle#1
21804.928,batt.charge_uah,1492500.0,idle#1
21804.937,batt.charge_uah,1492500.0,idle#1
21806.105,batt.charge_uah,1492500.0,idle#1
21806.147,batt.charge_uah,1492500.0,idle#1
21807.359,batt.charge_uah,1492500.0,idle#1
21807.395,batt.charge_uah,1492500.0,idle#1
21808.579,batt.charge_uah,1492500.0,idle#1
21808.607,batt.charge_uah,1492500.0,idle#1
21809.807,batt.charge_uah,1492500.0,idle#1
21809.910,batt.charge_uah,1492500.0,idle#1
21811.016,batt.charge_uah,1492500.0,idle#1
21811.037,batt.charge_uah,1492500.0,idle#1
21811.133,batt.charge_uah,1492500.0,idle#1
21812.261,batt.charge_uah,1492500.0,idle#1
21812.361,batt.charge_uah,1492500.0,idle#1
21813.487,batt.charge_uah,1492500.0,idle#1
21813.498,batt.charge_uah,1492500.0,idle#1
21813.597,batt.charge_uah,1492500.0,idle#1
21814.712,batt.charge_uah,1492500.0,idle#1
21814.729,batt.charge_uah,1492500.0,idle#1
21815.933,batt.charge_uah,1492500.0,idle#1
21815.957,batt.charge_uah,1492500.0,idle#1
21816.057,batt.charge_uah,1492500.0,idle#1
21817.174,batt.charge_uah,1492500.0,idle#1
21817.187,batt.charge_uah,1492500.0,idle#1
21817.290,batt.charge_uah,1492500.0,idle#1
21818.391,batt.charge_uah,1492500.0,idle#1
21818.407,batt.charge_uah,1492500.0,idle#1
21819.617,batt.charge_uah,1492500.0,idle#1
21819.634,batt.charge_uah,1492500.0,idle#1
21819.733,batt.charge_uah,1492500.0,idle#1
21820.851,batt.charge_uah,1492500.0,idle#1
21820.880,batt.charge_uah,1492500.0,idle#1
21822.083,batt.charge_uah,1492500.0,idle#1
21822.103,batt.charge_uah,1492500.0,idle#1
21823.310,batt.charge_uah,1492500.0,idle#1
21823.343,batt.charge_uah,1492500.0,idle#1
21824.551,batt.charge_uah,1492500.0,idle#1
21824.576,batt.charge_uah,1492500.0,idle#1
21824.676,batt.charge_uah,1492500.0,idle#1
21825.773,batt.charge_uah,1492500.0,idle#1
21825.821,batt.charge_uah,1492500.0,idle#1
21827.018,batt.charge_uah,1492500.0,idle#1
21827.028,batt.charge_uah,1492500.0,idle#1
21828.217,batt.charge_uah,1492500.0,idle#1
21828.252,batt.charge_uah,1492500.0,idle#1
21828.351,batt.charge_uah,1492500.0,idle#1
21829.466,batt.charge_uah,1492500.0,idle#1
21829.484,batt.charge_uah,1492500.0,idle#1
21830.687,batt.charge_uah,1492500.0,idle#1
21830.712,batt.charge_uah,1492500.0,idle#1
21831.912,batt.charge_uah,1492500.0,idle#1
21831.954,batt.charge_uah,1492500.0,idle#1
21833.149,batt.charge_uah,1492500.0,idle#1
21833.189,batt.charge_uah,1492500.0,idle#1
21834.385,batt.charge_uah,1492500.0,idle#1
21834.435,batt.charge_uah,1492500.0,idle#1
21835.635,batt.charge_uah,1492500.0,idle#1
21835.661,batt.charge_uah,1492500.0,idle#1
21836.853,batt.charge_uah,1492500.0,idle#1
21836.911,batt.charge_uah,1492500.0,idle#1
21838.099,batt.charge_uah,1492500.0,idle#1
21838.141,batt.charge_uah,1492500.0,idle#1
21839.349,batt.charge_uah,1492500.0,idle#1
21839.365,batt.charge_uah,1492500.0,idle#1
21840.545,batt.charge_uah,1492500.0,idle#1
21840.573,batt.charge_uah,1492500.0,idle#1
21841.764,batt.charge_uah,1492500.0,idle#1
21841.813,batt.charge_uah,1492500.0,idle#1
21843.008,batt.charge_uah,1492500.0,idle#1
21843.047,batt.charge_uah,1492500.0,idle#1
21844.243,batt.charge_uah,1492500.0,idle#1
21844.273,batt.charge_uah,1492500.0,idle#1
21845.471,batt.charge_uah,1492500.0,idle#1
21845.524,batt.charge_uah,1492500.0,idle#1
21846.322,batt.charge_uah,1492500.0,idle#1
21846.368,batt.charge_uah,1492500.0,idle#1
21846.471,batt.charge_uah,1492500.0,
21846.569,batt.charge_uah,1492500.0,
21847.889,batt.charge_uah,1492500.0,
21847.938,batt.charge_uah,1492500.0,
21849.139,batt.charge_uah,1492500.0,
21849.173,batt.charge_uah,1492500.0,
21850.358,batt.charge_uah,1492500.0,
21850.406,batt.charge_uah,1492500.0,
21851.621,batt.charge_uah,1492500.0,
21851.640,batt.charge_uah,1492500.0,
21852.842,batt.charge_uah,1492500.0,
21852.902,batt.charge_uah,1492500.0,
21854.044,batt.charge_uah,1492500.0,
21854.089,batt.charge_uah,1492500.0,
21855.287,batt.charge_uah,1492500.0,
21855.322,batt.charge_uah,1492500.0,
21856.521,batt.charge_uah,1492500.0,
21856.544,batt.charge_uah,1492500.0,
21857.739,batt.charge_uah,1492500.0,
21857.772,batt.charge_uah,1492500.0,
21859.371,batt.charge_uah,1492500.0,
21859.404,batt.charge_uah,1492500.0,
21860.589,batt.charge_uah,1492500.0,
21860.624,batt.charge_uah,1492500.0,
21861.820,batt.charge_uah,1492500.0,
21861.867,batt.charge_uah,1492500.0,
21863.079,batt.charge_uah,1492500.0,
21863.099,batt.charge_uah,1492500.0,
21864.275,batt.charge_uah,1492500.0,
21864.318,batt.charge_uah,1492500.0,
21865.509,batt.charge_uah,1492500.0,
21865.560,batt.charge_uah,1492500.0,
21866.749,batt.charge_uah,1492500.0,
21866.784,batt.charge_uah,1492500.0,
21866.914,batt.charge_uah,1492500.0,
21866.987,batt.charge_uah,1492500.0,
21867.087,batt.charge_uah,1492500.0,
21867.209,batt.charge_uah,1492500.0,cpu1#1
21867.292,batt.charge_uah,1492500.0,cpu1#1
21867.392,batt.charge_uah,1492500.0,cpu1#1
21867.489,batt.charge_uah,1492500.0,cpu1#1
21867.590,batt.charge_uah,1492500.0,cpu1#1
21867.986,batt.charge_uah,1492500.0,cpu1#1
21868.064,batt.charge_uah,1492500.0,cpu1#1
21868.633,batt.charge_uah,1492500.0,cpu1#1
21869.833,batt.charge_uah,1492500.0,cpu1#1
21869.881,batt.charge_uah,1492500.0,cpu1#1
21871.083,batt.charge_uah,1492500.0,cpu1#1
21871.139,batt.charge_uah,1492500.0,cpu1#1
21872.266,batt.charge_uah,1492500.0,cpu1#1
21872.312,batt.charge_uah,1492500.0,cpu1#1
21873.526,batt.charge_uah,1492500.0,cpu1#1
21873.585,batt.charge_uah,1492500.0,cpu1#1
21874.802,batt.charge_uah,1492500.0,cpu1#1
21874.831,batt.charge_uah,1492500.0,cpu1#1
21876.023,batt.charge_uah,1492500.0,cpu1#1
21877.193,batt.charge_uah,1492500.0,cpu1#1
21877.251,batt.charge_uah,1492500.0,cpu1#1
21878.450,batt.charge_uah,1492500.0,cpu1#1
21879.624,batt.charge_uah,1492500.0,cpu1#1
21879.659,batt.charge_uah,1492500.0,cpu1#1
21880.873,batt.charge_uah,1492500.0,cpu1#1
21880.885,batt.charge_uah,1492500.0,cpu1#1
21880.985,batt.charge_uah,1492500.0,cpu1#1
21882.097,batt.charge_uah,1492500.0,cpu1#1
21882.193,batt.charge_uah,1492500.0,cpu1#1
21883.327,batt.charge_uah,1492500.0,cpu1#1
21883.336,batt.charge_uah,1492500.0,cpu1#1
21884.546,batt.charge_uah,1492500.0,cpu1#1
21884.590,batt.charge_uah,1492500.0,cpu1#1
21885.802,batt.charge_uah,1492500.0,cpu1#1
21885.816,batt.charge_uah,1492500.0,cpu1#1
21887.005,batt.charge_uah,1492500.0,cpu1#1
21887.053,batt.charge_uah,1492500.0,cpu1#1
21888.251,batt.charge_uah,1492500.0,cpu1#1
21888.296,batt.charge_uah,1492500.0,cpu1#1
21889.521,batt.charge_uah,1492500.0,cpu1#1
21889.537,batt.charge_uah,1492500.0,cpu1#1
21890.724,batt.charge_uah,1492500.0,cpu1#1
21890.789,batt.charge_uah,1492500.0,cpu1#1
21891.924,batt.charge_uah,1492500.0,cpu1#1
21892.000,batt.charge_uah,1492500.0,cpu1#1
21893.202,batt.charge_uah,1492500.0,cpu1#1
21893.247,batt.charge_uah,1492500.0,cpu1#1
21894.417,batt.charge_uah,1492500.0,cpu1#1
21895.625,batt.charge_uah,1492500.0,cpu1#1
21895.634,batt.charge_uah,1492500.0,cpu1#1
21896.830,batt.charge_uah,1492500.0,cpu1#1
21896.868,batt.charge_uah,1492500.0,cpu1#1
21898.086,batt.charge_uah,1492500.0,cpu1#1
21898.123,batt.charge_uah,1492500.0,cpu1#1
21899.308,batt.charge_uah,1492500.0,cpu1#1
21899.356,batt.charge_uah,1492500.0,cpu1#1
21900.557,batt.charge_uah,1492500.0,cpu1#1
21900.614,batt.charge_uah,1492500.0,cpu1#1
21901.816,batt.charge_uah,1492500.0,cpu1#1
21902.971,batt.charge_uah,1492500.0,cpu1#1
21903.039,batt.charge_uah,1492500.0,cpu1#1
21903.146,batt.charge_uah,1492500.0,cpu1#1
21903.239,batt.charge_uah,1492500.0,cpu1#1
21904.425,batt.charge_uah,1492500.0,cpu1#1
21904.454,batt.charge_uah,1492500.0,cpu1#1
21905.654,batt.charge_uah,1492500.0,cpu1#1
21905.689,batt.charge_uah,1492500.0,cpu1#1
21906.893,batt.charge_uah,1492500.0,cpu1#1
21906.942,batt.charge_uah,1492500.0,cpu1#1
21908.148,batt.charge_uah,1492500.0,cpu1#1
21908.199,batt.charge_uah,1492500.0,cpu1#1
21909.322,batt.charge_uah,1492500.0,cpu1#1
21909.368,batt.charge_uah,1492500.0,cpu1#1
21910.561,batt.charge_uah,1492500.0,cpu1#1
21910.583,batt.charge_uah,1492500.0,cpu1#1
21911.782,batt.charge_uah,1492500.0,cpu1#1
21911.821,batt.charge_uah,1492500.0,cpu1#1
21913.014,batt.charge_uah,1492500.0,cpu1#1
21913.062,batt.charge_uah,1492500.0,cpu1#1
21913.163,batt.charge_uah,1492500.0,
21914.462,batt.charge_uah,1492500.0,
21914.512,batt.charge_uah,1492500.0,
21915.705,batt.charge_uah,1492500.0,
21915.775,batt.charge_uah,1492500.0,
21916.969,batt.charge_uah,1492500.0,
21918.147,batt.charge_uah,1492500.0,
21918.167,batt.charge_uah,1492500.0,
21919.358,batt.charge_uah,1492500.0,
21919.403,batt.charge_uah,1492500.0,
21920.602,batt.charge_uah,1492500.0,
21920.639,batt.charge_uah,1492500.0,
21921.825,batt.charge_uah,1492500.0,
21921.860,batt.charge_uah,1492500.0,
21923.052,batt.charge_uah,1492500.0,
21923.085,batt.charge_uah,1492500.0,
21923.185,batt.charge_uah,1492500.0,
21924.552,batt.charge_uah,1492500.0,
21924.588,batt.charge_uah,1492500.0,
21925.703,batt.charge_uah,1492500.0,
21925.720,batt.charge_uah,1492500.0,
21925.820,batt.charge_uah,1492500.0,
21926.944,batt.charge_uah,1492500.0,
21926.957,batt.charge_uah,1492500.0,
21928.169,batt.charge_uah,1492500.0,
21928.193,batt.charge_uah,1492500.0,
21928.293,batt.charge_uah,1492500.0,
21929.402,batt.charge_uah,1492500.0,
21929.432,batt.charge_uah,1492500.0,
21930.630,batt.charge_uah,1492500.0,
21930.643,batt.charge_uah,1492500.0,
21930.739,batt.charge_uah,1492500.0,
21931.935,batt.charge_uah,1492500.0,
21933.072,batt.charge_uah,1492500.0,
21933.102,batt.charge_uah,1492500.0,
21933.284,batt.charge_uah,1492500.0,
21933.303,batt.charge_uah,1492500.0,
21933.401,batt.charge_uah,1492500.0,
21933.502,batt.charge_uah,1492500.0,
21934.791,batt.charge_uah,1492500.0,
21934.809,batt.charge_uah,1492500.0,
21934.918,batt.charge_uah,1492500.0,cpu_all#1
21935.010,batt.charge_uah,1492500.0,cpu_all#1
21935.127,batt.charge_uah,1492500.0,cpu_all#1
21935.209,batt.charge_uah,1492500.0,cpu_all#1
21935.309,batt.charge_uah,1492500.0,cpu_all#1
21935.410,batt.charge_uah,1492500.0,cpu_all#1
21935.509,batt.charge_uah,1492500.0,cpu_all#1
21936.428,batt.charge_uah,1492500.0,cpu_all#1
21936.468,batt.charge_uah,1492500.0,cpu_all#1
21937.654,batt.charge_uah,1492500.0,cpu_all#1
21938.748,batt.charge_uah,1492500.0,cpu_all#1
21938.815,batt.charge_uah,1492500.0,cpu_all#1
21940.128,batt.charge_uah,1492500.0,cpu_all#1
21940.168,batt.charge_uah,1492500.0,cpu_all#1
21941.346,batt.charge_uah,1492500.0,cpu_all#1
21941.390,batt.charge_uah,1492500.0,cpu_all#1
21942.587,batt.charge_uah,1492500.0,cpu_all#1
21943.746,batt.charge_uah,1492500.0,cpu_all#1
21943.794,batt.charge_uah,1492500.0,cpu_all#1
21945.003,batt.charge_uah,1492500.0,cpu_all#1
21945.027,batt.charge_uah,1492500.0,cpu_all#1
21946.231,batt.charge_uah,1492500.0,cpu_all#1
21946.272,batt.charge_uah,1492500.0,cpu_all#1
21947.466,batt.charge_uah,1492500.0,cpu_all#1
21947.516,batt.charge_uah,1492500.0,cpu_all#1
21948.728,batt.charge_uah,1492500.0,cpu_all#1
21949.875,batt.charge_uah,1492500.0,cpu_all#1
21949.930,batt.charge_uah,1492500.0,cpu_all#1
21951.127,batt.charge_uah,1492500.0,cpu_all#1
21951.178,batt.charge_uah,1492500.0,cpu_all#1
21952.369,batt.charge_uah,1492500.0,cpu_all#1
21952.396,batt.charge_uah,1492500.0,cpu_all#1
21953.602,batt.charge_uah,1492500.0,cpu_all#1
21953.649,batt.charge_uah,1492500.0,cpu_all#1
21954.857,batt.charge_uah,1492500.0,cpu_all#1
21954.905,batt.charge_uah,1492500.0,cpu_all#1
21956.111,batt.charge_uah,1492500.0,cpu_all#1
21956.143,batt.charge_uah,1492500.0,cpu_all#1
21957.326,batt.charge_uah,1492500.0,cpu_all#1
21957.368,batt.charge_uah,1492500.0,cpu_all#1
21958.569,batt.charge_uah,1492500.0,cpu_all#1
21959.740,batt.charge_uah,1492500.0,cpu_all#1
21959.773,batt.charge_uah,1492500.0,cpu_all#1
21960.985,batt.charge_uah,1492500.0,cpu_all#1
21961.023,batt.charge_uah,1492500.0,cpu_all#1
21962.216,batt.charge_uah,1492500.0,cpu_all#1
21962.270,batt.charge_uah,1492500.0,cpu_all#1
21963.480,batt.charge_uah,1492500.0,cpu_all#1
21963.511,batt.charge_uah,1492500.0,cpu_all#1
21964.639,batt.charge_uah,1492500.0,cpu_all#1
21964.666,batt.charge_uah,1492500.0,cpu_all#1
21965.861,batt.charge_uah,1492500.0,cpu_all#1
21965.916,batt.charge_uah,1492500.0,cpu_all#1
21967.127,batt.charge_uah,1492500.0,cpu_all#1
21967.185,batt.charge_uah,1492500.0,cpu_all#1
21967.546,batt.charge_uah,1492500.0,cpu_all#1
21967.616,batt.charge_uah,1492500.0,cpu_all#1
21967.721,batt.charge_uah,1492500.0,cpu_all#1
21967.814,batt.charge_uah,1492500.0,cpu_all#1
21968.343,batt.charge_uah,1492500.0,cpu_all#1
21968.383,batt.charge_uah,1492500.0,cpu_all#1
21969.581,batt.charge_uah,1492500.0,cpu_all#1
21969.628,batt.charge_uah,1492500.0,cpu_all#1
21970.855,batt.charge_uah,1492500.0,cpu_all#1
21970.871,batt.charge_uah,1492500.0,cpu_all#1
21972.079,batt.charge_uah,1492500.0,cpu_all#1
21972.108,batt.charge_uah,1492500.0,cpu_all#1
21973.304,batt.charge_uah,1492500.0,cpu_all#1
21974.459,batt.charge_uah,1492500.0,cpu_all#1
21974.504,batt.charge_uah,1492500.0,cpu_all#1
21975.696,batt.charge_uah,1492500.0,cpu_all#1
21975.755,batt.charge_uah,1492500.0,cpu_all#1
21976.541,batt.charge_uah,1492500.0,cpu_all#1
21976.609,batt.charge_uah,1492500.0,cpu_all#1
21976.797,batt.charge_uah,1492500.0,cpu_all#1
21976.809,batt.charge_uah,1492500.0,cpu_all#1
21976.909,batt.charge_uah,1492500.0,cpu_all#1
21978.186,batt.charge_uah,1492500.0,cpu_all#1
21978.206,batt.charge_uah,1492500.0,cpu_all#1
21979.410,batt.charge_uah,1492500.0,cpu_all#1
21979.432,batt.charge_uah,1492500.0,cpu_all#1
21980.632,batt.charge_uah,1492500.0,cpu_all#1
21980.676,batt.charge_uah,1492500.0,cpu_all#1
21980.788,batt.charge_uah,1492500.0,
21980.876,batt.charge_uah,1492500.0,
21982.225,batt.charge_uah,1492500.0,
21982.242,batt.charge_uah,1492500.0,
21982.345,batt.charge_uah,1492500.0,
21983.468,batt.charge_uah,1492500.0,
21983.561,batt.charge_uah,1492500.0,
21984.684,batt.charge_uah,1492500.0,
21984.707,batt.charge_uah,1492500.0,
21984.807,batt.charge_uah,1492500.0,
21985.939,batt.charge_uah,1492500.0,
21986.041,batt.charge_uah,1492500.0,
21987.226,batt.charge_uah,1492500.0,
21987.980,batt.charge_uah,1492500.0,
21987.996,batt.charge_uah,1492500.0,
21988.096,batt.charge_uah,1492500.0,
21988.253,batt.charge_uah,1492500.0,
21988.303,batt.charge_uah,1492500.0,
21988.402,batt.charge_uah,1492500.0,
21989.618,batt.charge_uah,1492500.0,
21989.632,batt.charge_uah,1492500.0,
21990.836,batt.charge_uah,1492500.0,
21990.858,batt.charge_uah,1492500.0,
21990.959,batt.charge_uah,1492500.0,
21992.074,batt.charge_uah,1492500.0,
21992.085,batt.charge_uah,1492500.0,
21993.309,batt.charge_uah,1492500.0,
21993.323,batt.charge_uah,1492500.0,
21993.423,batt.charge_uah,1492500.0,
21994.526,batt.charge_uah,1492500.0,
21994.555,batt.charge_uah,1492500.0,
21995.753,batt.charge_uah,1492500.0,
21995.779,batt.charge_uah,1492500.0,
21995.879,batt.charge_uah,1492500.0,
21996.996,batt.charge_uah,1492500.0,
21997.021,batt.charge_uah,1492500.0,
21998.216,batt.charge_uah,1492500.0,
21998.235,batt.charge_uah,1492500.0,
21998.335,batt.charge_uah,1492500.0,
21999.453,batt.charge_uah,1492500.0,
21999.461,batt.charge_uah,1492500.0,
21999.567,batt.charge_uah,1492500.0,
22000.670,batt.charge_uah,1492500.0,
22000.685,batt.charge_uah,1492500.0,
22000.789,batt.charge_uah,1492500.0,
22000.915,batt.charge_uah,1492500.0,
22000.991,batt.charge_uah,1492500.0,
22001.087,batt.charge_uah,1492500.0,
22001.196,batt.charge_uah,1492500.0,
22001.294,batt.charge_uah,1492500.0,
22001.393,batt.charge_uah,1492500.0,idle#2
22001.491,batt.charge_uah,1492500.0,idle#2
22001.613,batt.charge_uah,1492500.0,idle#2
22001.688,batt.charge_uah,1492500.0,idle#2
22001.788,batt.charge_uah,1492500.0,idle#2
22001.893,batt.charge_uah,1492500.0,idle#2
22001.994,batt.charge_uah,1492500.0,idle#2
22002.091,batt.charge_uah,1492500.0,idle#2
22002.191,batt.charge_uah,1492500.0,idle#2
22002.294,batt.charge_uah,1492500.0,idle#2
22002.394,batt.charge_uah,1492500.0,idle#2
22002.961,batt.charge_uah,1492500.0,idle#2
22004.140,batt.charge_uah,1492500.0,idle#2
22004.162,batt.charge_uah,1492500.0,idle#2
22004.263,batt.charge_uah,1492500.0,idle#2
22005.413,batt.charge_uah,1492500.0,idle#2
22005.473,batt.charge_uah,1492500.0,idle#2
22006.627,batt.charge_uah,1492500.0,idle#2
22006.648,batt.charge_uah,1492500.0,idle#2
22007.840,batt.charge_uah,1492500.0,idle#2
22007.851,batt.charge_uah,1492500.0,idle#2
22009.055,batt.charge_uah,1492500.0,idle#2
22009.100,batt.charge_uah,1492500.0,idle#2
22010.305,batt.charge_uah,1492500.0,idle#2
22010.345,batt.charge_uah,1492500.0,idle#2
22011.541,batt.charge_uah,1492500.0,idle#2
22011.596,batt.charge_uah,1492500.0,idle#2
22012.790,batt.charge_uah,1492500.0,idle#2
22012.849,batt.charge_uah,1492500.0,idle#2
22013.989,batt.charge_uah,1492500.0,idle#2
22014.003,batt.charge_uah,1492500.0,idle#2
22015.221,batt.charge_uah,1492500.0,idle#2
22015.230,batt.charge_uah,1492500.0,idle#2
22015.330,batt.charge_uah,1492500.0,idle#2
22016.438,batt.charge_uah,1492500.0,idle#2
22016.480,batt.charge_uah,1492500.0,idle#2
22017.674,batt.charge_uah,1492500.0,idle#2
22017.724,batt.charge_uah,1492500.0,idle#2
22018.928,batt.charge_uah,1492500.0,idle#2
22018.953,batt.charge_uah,1492500.0,idle#2
22020.147,batt.charge_uah,1492500.0,idle#2
22020.210,batt.charge_uah,1492500.0,idle#2
22021.405,batt.charge_uah,1492500.0,idle#2
22021.437,batt.charge_uah,1492500.0,idle#2
22022.655,batt.charge_uah,1492500.0,idle#2
22022.679,batt.charge_uah,1492500.0,idle#2
22023.870,batt.charge_uah,1492500.0,idle#2
22023.895,batt.charge_uah,1492500.0,idle#2
22025.078,batt.charge_uah,1492500.0,idle#2
22025.102,batt.charge_uah,1492500.0,idle#2
22026.313,batt.charge_uah,1492500.0,idle#2
22027.491,batt.charge_uah,1492500.0,idle#2
22027.547,batt.charge_uah,1492500.0,idle#2
22028.749,batt.charge_uah,1492500.0,idle#2
22028.791,batt.charge_uah,1492500.0,idle#2
22029.988,batt.charge_uah,1492500.0,idle#2
22030.011,batt.charge_uah,1492500.0,idle#2
22031.192,batt.charge_uah,1492500.0,idle#2
22031.253,batt.charge_uah,1492500.0,idle#2
22032.444,batt.charge_uah,1492500.0,idle#2
22032.477,batt.charge_uah,1492500.0,idle#2
22033.677,batt.charge_uah,1492500.0,idle#2
22033.726,batt.charge_uah,1492500.0,idle#2
22034.947,batt.charge_uah,1492500.0,idle#2
22034.976,batt.charge_uah,1492500.0,idle#2
22036.156,batt.charge_uah,1492500.0,idle#2
22036.194,batt.charge_uah,1492500.0,idle#2
22037.391,batt.charge_uah,1492500.0,idle#2
22037.417,batt.charge_uah,1492500.0,idle#2
22038.612,batt.charge_uah,1492500.0,idle#2
22038.633,batt.charge_uah,1492500.0,idle#2
22039.825,batt.charge_uah,1492500.0,idle#2
22039.876,batt.charge_uah,1492500.0,idle#2
22041.014,batt.charge_uah,1492500.0,idle#2
22041.111,batt.charge_uah,1492500.0,idle#2
22042.305,batt.charge_uah,1492500.0,idle#2
22042.335,batt.charge_uah,1492500.0,idle#2
22043.523,batt.charge_uah,1492500.0,idle#2
22043.570,batt.charge_uah,1492500.0,idle#2
22044.714,batt.charge_uah,1492500.0,idle#2
22044.722,batt.charge_uah,1492500.0,idle#2
22044.828,batt.charge_uah,1492500.0,idle#2
22045.943,batt.charge_uah,1492500.0,idle#2
22045.951,batt.charge_uah,1492500.0,idle#2
22047.150,batt.charge_uah,1492500.0,idle#2
22047.166,batt.charge_uah,1492500.0,idle#2
22047.266,batt.charge_uah,1492500.0,idle#2
22047.366,batt.charge_uah,1492500.0,
22047.466,batt.charge_uah,1492500.0,
22048.826,batt.charge_uah,1492500.0,
22050.021,batt.charge_uah,1492500.0,
22050.069,batt.charge_uah,1492500.0,
22051.268,batt.charge_uah,1492500.0,
22051.305,batt.charge_uah,1492500.0,
22052.493,batt.charge_uah,1492500.0,
22052.541,batt.charge_uah,1492500.0,
22053.740,batt.charge_uah,1492500.0,
22053.770,batt.charge_uah,1492500.0,
22055.379,batt.charge_uah,1492500.0,
22055.413,batt.charge_uah,1492500.0,
22056.608,batt.charge_uah,1492500.0,
22056.659,batt.charge_uah,1492500.0,
22057.866,batt.charge_uah,1492500.0,
22059.054,batt.charge_uah,1492500.0,
22059.093,batt.charge_uah,1492500.0,
22060.281,batt.charge_uah,1492500.0,
22060.341,batt.charge_uah,1492500.0,
22061.531,batt.charge_uah,1492500.0,
22061.579,batt.charge_uah,1492500.0,
22062.780,batt.charge_uah,1492500.0,
22062.812,batt.charge_uah,1492500.0,
22064.018,batt.charge_uah,1492500.0,
22064.042,batt.charge_uah,1492500.0,
22065.233,batt.charge_uah,1492500.0,
22065.264,batt.charge_uah,1492500.0,
22066.452,batt.charge_uah,1492500.0,
22066.496,batt.charge_uah,1492500.0,
22067.703,batt.charge_uah,1492500.0,
22067.759,batt.charge_uah,1492500.0,
22067.860,batt.charge_uah,1492500.0,
22067.959,batt.charge_uah,1492500.0,
22068.059,batt.charge_uah,1492500.0,
22068.173,batt.charge_uah,1492500.0,cpu1#2
22068.259,batt.charge_uah,1492500.0,cpu1#2
22068.358,batt.charge_uah,1492500.0,cpu1#2
22068.459,batt.charge_uah,1492500.0,cpu1#2
22068.559,batt.charge_uah,1492500.0,cpu1#2
22069.688,batt.charge_uah,1492500.0,cpu1#2
22069.724,batt.charge_uah,1492500.0,cpu1#2
22070.941,batt.charge_uah,1492500.0,cpu1#2
22070.989,batt.charge_uah,1492500.0,cpu1#2
22072.183,batt.charge_uah,1492500.0,cpu1#2
22072.220,batt.charge_uah,1492500.0,cpu1#2
22073.422,batt.charge_uah,1492500.0,cpu1#2
22074.591,batt.charge_uah,1492500.0,cpu1#2
22074.633,batt.charge_uah,1492500.0,cpu1#2
22075.839,batt.charge_uah,1492500.0,cpu1#2
22075.882,batt.charge_uah,1492500.0,cpu1#2
22077.076,batt.charge_uah,1492500.0,cpu1#2
22077.154,batt.charge_uah,1492500.0,cpu1#2
22078.288,batt.charge_uah,1492500.0,cpu1#2
22078.315,batt.charge_uah,1492500.0,cpu1#2
22079.541,batt.charge_uah,1492500.0,cpu1#2
22079.571,batt.charge_uah,1492500.0,cpu1#2
22080.756,batt.charge_uah,1492500.0,cpu1#2
22080.796,batt.charge_uah,1492500.0,cpu1#2
22081.994,batt.charge_uah,1492500.0,cpu1#2
22082.028,batt.charge_uah,1492500.0,cpu1#2
22083.641,batt.charge_uah,1492500.0,cpu1#2
22083.691,batt.charge_uah,1492500.0,cpu1#2
22084.475,batt.charge_uah,1492500.0,cpu1#2
22084.503,batt.charge_uah,1492500.0,cpu1#2
22084.705,batt.charge_uah,1492500.0,cpu1#2
22084.801,batt.charge_uah,1492500.0,cpu1#2
22086.070,batt.charge_uah,1492500.0,cpu1#2
22086.086,batt.charge_uah,1492500.0,cpu1#2
22087.301,batt.charge_uah,1492500.0,cpu1#2
22087.336,batt.charge_uah,1492500.0,cpu1#2
22088.529,batt.charge_uah,1492500.0,cpu1#2
22088.578,batt.charge_uah,1492500.0,cpu1#2
22089.769,batt.charge_uah,1492500.0,cpu1#2
22089.815,batt.charge_uah,1492500.0,cpu1#2
22091.022,batt.charge_uah,1492500.0,cpu1#2
22091.066,batt.charge_uah,1492500.0,cpu1#2
22092.262,batt.charge_uah,1492500.0,cpu1#2
22092.287,batt.charge_uah,1492500.0,cpu1#2
22093.492,batt.charge_uah,1492500.0,cpu1#2
22093.534,batt.charge_uah,1492500.0,cpu1#2
22094.736,batt.charge_uah,1492500.0,cpu1#2
22095.893,batt.charge_uah,1492500.0,cpu1#2
22095.914,batt.charge_uah,1492500.0,cpu1#2
22097.120,batt.charge_uah,1492500.0,cpu1#2
22097.160,batt.charge_uah,1492500.0,cpu1#2
22098.375,batt.charge_uah,1492500.0,cpu1#2
22098.476,batt.charge_uah,1492500.0,cpu1#2
22099.579,batt.charge_uah,1492500.0,cpu1#2
22099.613,batt.charge_uah,1492500.0,cpu1#2
22100.822,batt.charge_uah,1492500.0,cpu1#2
22100.841,batt.charge_uah,1492500.0,cpu1#2
22102.054,batt.charge_uah,1492500.0,cpu1#2
22102.061,batt.charge_uah,1492500.0,cpu1#2
22103.254,batt.charge_uah,1492500.0,cpu1#2
22103.265,batt.charge_uah,1492500.0,cpu1#2
22103.362,batt.charge_uah,1492500.0,cpu1#2
22104.496,batt.charge_uah,1492500.0,cpu1#2
22104.596,batt.charge_uah,1492500.0,cpu1#2
22105.729,batt.charge_uah,1492500.0,cpu1#2
22105.743,batt.charge_uah,1492500.0,cpu1#2
22106.944,batt.charge_uah,1492500.0,cpu1#2
22106.962,batt.charge_uah,1492500.0,cpu1#2
22107.051,batt.charge_uah,1492500.0,cpu1#2
22108.273,batt.charge_uah,1492500.0,cpu1#2
22109.422,batt.charge_uah,1492500.0,cpu1#2
22109.522,batt.charge_uah,1492500.0,cpu1#2
22110.645,batt.charge_uah,1492500.0,cpu1#2
22110.714,batt.charge_uah,1492500.0,cpu1#2
22111.888,batt.charge_uah,1492500.0,cpu1#2
22111.914,batt.charge_uah,1492500.0,cpu1#2
22113.101,batt.charge_uah,1492500.0,cpu1#2
22113.113,batt.charge_uah,1492500.0,cpu1#2
22113.215,batt.charge_uah,1492500.0,cpu1#2
22113.923,batt.charge_uah,1492500.0,cpu1#2
22114.022,batt.charge_uah,1492500.0,cpu1#2
22114.147,batt.charge_uah,1492500.0,
22114.219,batt.charge_uah,1492500.0,
22115.555,batt.charge_uah,1492500.0,
22115.574,batt.charge_uah,1492500.0,
22116.778,batt.charge_uah,1492500.0,
22116.877,batt.charge_uah,1492500.0,
22118.078,batt.charge_uah,1492500.0,
22118.100,batt.charge_uah,1492500.0,
22119.302,batt.charge_uah,1492500.0,
22119.335,batt.charge_uah,1492500.0,
22120.522,batt.charge_uah,1492500.0,
22120.547,batt.charge_uah,1492500.0,
22121.742,batt.charge_uah,1492500.0,
22121.765,batt.charge_uah,1492500.0,
22122.951,batt.charge_uah,1492500.0,
22122.981,batt.charge_uah,1492500.0,
22124.189,batt.charge_uah,1492500.0,
22124.243,batt.charge_uah,1492500.0,
22125.400,batt.charge_uah,1492500.0,
22125.427,batt.charge_uah,1492500.0,
22126.625,batt.charge_uah,1492500.0,
22126.656,batt.charge_uah,1492500.0,
22128.054,batt.charge_uah,1492500.0,
22128.156,batt.charge_uah,1492500.0,
22129.352,batt.charge_uah,1492500.0,
22130.558,batt.charge_uah,1492500.0,
22130.574,batt.charge_uah,1492500.0,
22131.760,batt.charge_uah,1492500.0,
22131.795,batt.charge_uah,1492500.0,
22132.994,batt.charge_uah,1492500.0,
22133.027,batt.charge_uah,1492500.0,
22134.222,batt.charge_uah,1492500.0,
22134.264,batt.charge_uah,1492500.0,
22134.375,batt.charge_uah,1492500.0,
22134.463,batt.charge_uah,1492500.0,
22134.562,batt.charge_uah,1492500.0,
22134.694,batt.charge_uah,1492500.0,cpu_all#2
22134.765,batt.charge_uah,1492500.0,cpu_all#2
22134.865,batt.charge_uah,1492500.0,cpu_all#2
22134.964,batt.charge_uah,1492500.0,cpu_all#2
22135.062,batt.charge_uah,1492500.0,cpu_all#2
22135.167,batt.charge_uah,1492500.0,cpu_all#2
22135.258,batt.charge_uah,1492500.0,cpu_all#2
22135.357,batt.charge_uah,1492500.0,cpu_all#2
22135.458,batt.charge_uah,1492500.0,cpu_all#2
22135.558,batt.charge_uah,1492500.0,cpu_all#2
22135.657,batt.charge_uah,1492500.0,cpu_all#2
22135.757,batt.charge_uah,1492500.0,cpu_all#2
22135.858,batt.charge_uah,1492500.0,cpu_all#2
22136.149,batt.charge_uah,1492500.0,cpu_all#2
22136.163,batt.charge_uah,1492500.0,cpu_all#2
22136.258,batt.charge_uah,1492500.0,cpu_all#2
22136.357,batt.charge_uah,1492500.0,cpu_all#2
22136.457,batt.charge_uah,1492500.0,cpu_all#2
22136.558,batt.charge_uah,1492500.0,cpu_all#2
22136.658,batt.charge_uah,1492500.0,cpu_all#2
22136.757,batt.charge_uah,1492500.0,cpu_all#2
22136.857,batt.charge_uah,1492500.0,cpu_all#2
22136.958,batt.charge_uah,1492500.0,cpu_all#2
22137.058,batt.charge_uah,1492500.0,cpu_all#2
22137.157,batt.charge_uah,1492500.0,cpu_all#2
22137.257,batt.charge_uah,1492500.0,cpu_all#2
22137.358,batt.charge_uah,1492500.0,cpu_all#2
22137.458,batt.charge_uah,1492500.0,cpu_all#2
22137.557,batt.charge_uah,1492500.0,cpu_all#2
22137.658,batt.charge_uah,1492500.0,cpu_all#2
22138.505,batt.charge_uah,1492500.0,cpu_all#2
22138.604,batt.charge_uah,1492500.0,cpu_all#2
22139.798,batt.charge_uah,1492500.0,cpu_all#2
22140.955,batt.charge_uah,1492500.0,cpu_all#2
22141.002,batt.charge_uah,1492500.0,cpu_all#2
22142.212,batt.charge_uah,1492500.0,cpu_all#2
22142.242,batt.charge_uah,1492500.0,cpu_all#2
22143.440,batt.charge_uah,1492500.0,cpu_all#2
22143.487,batt.charge_uah,1492500.0,cpu_all#2
22144.691,batt.charge_uah,1492500.0,cpu_all#2
22144.728,batt.charge_uah,1492500.0,cpu_all#2
22146.122,batt.charge_uah,1492500.0,cpu_all#2
22147.316,batt.charge_uah,1492500.0,cpu_all#2
22147.368,batt.charge_uah,1492500.0,cpu_all#2
22148.590,batt.charge_uah,1492500.0,cpu_all#2
22148.632,batt.charge_uah,1492500.0,cpu_all#2
22149.835,batt.charge_uah,1492500.0,cpu_all#2
22149.847,batt.charge_uah,1492500.0,cpu_all#2
22151.049,batt.charge_uah,1492500.0,cpu_all#2
22151.072,batt.charge_uah,1492500.0,cpu_all#2
22152.275,batt.charge_uah,1492500.0,cpu_all#2
22152.320,batt.charge_uah,1492500.0,cpu_all#2
22153.515,batt.charge_uah,1492500.0,cpu_all#2
22153.540,batt.charge_uah,1492500.0,cpu_all#2
22154.737,batt.charge_uah,1492500.0,cpu_all#2
22154.764,batt.charge_uah,1492500.0,cpu_all#2
22155.973,batt.charge_uah,1492500.0,cpu_all#2
22155.980,batt.charge_uah,1492500.0,cpu_all#2
22157.182,batt.charge_uah,1492500.0,cpu_all#2
22157.225,batt.charge_uah,1492500.0,cpu_all#2
22158.430,batt.charge_uah,1492500.0,cpu_all#2
22158.467,batt.charge_uah,1492500.0,cpu_all#2
22159.666,batt.charge_uah,1492500.0,cpu_all#2
22159.696,batt.charge_uah,1492500.0,cpu_all#2
22160.088,batt.charge_uah,1492500.0,cpu_all#2
22160.110,batt.charge_uah,1492500.0,cpu_all#2
22160.489,batt.charge_uah,1492500.0,cpu_all#2
22160.515,batt.charge_uah,1492500.0,cpu_all#2
22160.770,batt.charge_uah,1492500.0,cpu_all#2
22160.815,batt.charge_uah,1492500.0,cpu_all#2
22160.915,batt.charge_uah,1492500.0,cpu_all#2
22162.063,batt.charge_uah,1492500.0,cpu_all#2
22162.154,batt.charge_uah,1492500.0,cpu_all#2
22163.339,batt.charge_uah,1492500.0,cpu_all#2
22163.382,batt.charge_uah,1492500.0,cpu_all#2
22164.179,batt.charge_uah,1492500.0,cpu_all#2
22164.226,batt.charge_uah,1492500.0,cpu_all#2
22164.382,batt.charge_uah,1492500.0,cpu_all#2
22164.429,batt.charge_uah,1492500.0,cpu_all#2
22164.526,batt.charge_uah,1492500.0,cpu_all#2
22165.759,batt.charge_uah,1492500.0,cpu_all#2
22165.775,batt.charge_uah,1492500.0,cpu_all#2
22166.961,batt.charge_uah,1492500.0,cpu_all#2
22166.976,batt.charge_uah,1492500.0,cpu_all#2
22167.076,batt.charge_uah,1492500.0,cpu_all#2
22168.193,batt.charge_uah,1492500.0,cpu_all#2
22168.272,batt.charge_uah,1492500.0,cpu_all#2
22169.465,batt.charge_uah,1492500.0,cpu_all#2
22169.500,batt.charge_uah,1492500.0,cpu_all#2
22170.702,batt.charge_uah,1492500.0,cpu_all#2
22170.726,batt.charge_uah,1492500.0,cpu_all#2
22171.908,batt.charge_uah,1492500.0,cpu_all#2
22171.963,batt.charge_uah,1492500.0,cpu_all#2
22173.148,batt.charge_uah,1492500.0,cpu_all#2
22173.184,batt.charge_uah,1492500.0,cpu_all#2
22174.378,batt.charge_uah,1492500.0,cpu_all#2
22174.426,batt.charge_uah,1492500.0,cpu_all#2
22175.608,batt.charge_uah,1492500.0,cpu_all#2
22175.647,batt.charge_uah,1492500.0,cpu_all#2
22176.872,batt.charge_uah,1492500.0,cpu_all#2
22178.082,batt.charge_uah,1492500.0,cpu_all#2
22178.096,batt.charge_uah,1492500.0,cpu_all#2
22179.268,batt.charge_uah,1492500.0,cpu_all#2
22179.283,batt.charge_uah,1492500.0,cpu_all#2
22180.479,batt.charge_uah,1492500.0,cpu_all#2
22180.514,batt.charge_uah,1492500.0,cpu_all#2
22180.632,batt.charge_uah,1492500.0,cpu_all#2
22180.718,batt.charge_uah,1492500.0,
22180.819,batt.charge_uah,1492500.0,
22182.164,batt.charge_uah,1492500.0,
22182.175,batt.charge_uah,1492500.0,
22183.596,batt.charge_uah,1492500.0,
22183.630,batt.charge_uah,1492500.0,
22184.994,batt.charge_uah,1492500.0,
22185.026,batt.charge_uah,1492500.0,
22186.220,batt.charge_uah,1492500.0,
22186.237,batt.charge_uah,1492500.0,
22187.459,batt.charge_uah,1492500.0,
22187.545,batt.charge_uah,1492500.0,
22188.723,batt.charge_uah,1492500.0,
22188.773,batt.charge_uah,1492500.0,
22189.912,batt.charge_uah,1492500.0,
22190.006,batt.charge_uah,1492500.0,
22191.183,batt.charge_uah,1492500.0,
22191.220,batt.charge_uah,1492500.0,
22192.413,batt.charge_uah,1492500.0,
22192.459,batt.charge_uah,1492500.0,
22193.646,batt.charge_uah,1492500.0,
22193.699,batt.charge_uah,1492500.0,
22194.817,batt.charge_uah,1492500.0,
22194.824,batt.charge_uah,1492500.0,
22194.929,batt.charge_uah,1492500.0,
22196.056,batt.charge_uah,1492500.0,
22196.154,batt.charge_uah,1492500.0,
22197.266,batt.charge_uah,1492500.0,
22197.314,batt.charge_uah,1492500.0,
22198.512,batt.charge_uah,1492500.0,
22198.555,batt.charge_uah,1492500.0,
22199.756,batt.charge_uah,1492500.0,
22199.814,batt.charge_uah,1492500.0,
22201.028,batt.charge_uah,1492500.0,
22201.046,batt.charge_uah,1492500.0,
22202.395,batt.charge_uah,1492500.0,
22202.445,batt.charge_uah,1492500.0,
22202.545,batt.charge_uah,1492500.0,
22202.663,batt.charge_uah,1492500.0,idle#3
22202.745,batt.charge_uah,1492500.0,idle#3
22202.845,batt.charge_uah,1492500.0,idle#3
22202.959,batt.charge_uah,1492500.0,idle#3
22203.045,batt.charge_uah,1492500.0,idle#3
22203.145,batt.charge_uah,1492500.0,idle#3
22203.245,batt.charge_uah,1492500.0,idle#3
22203.345,batt.charge_uah,1492500.0,idle#3
22204.257,batt.charge_uah,1492500.0,idle#3
22204.323,batt.charge_uah,1492500.0,idle#3
22205.506,batt.charge_uah,1492500.0,idle#3
22205.527,batt.charge_uah,1492500.0,idle#3
22206.716,batt.charge_uah,1492500.0,idle#3
22206.755,batt.charge_uah,1492500.0,idle#3
22207.946,batt.charge_uah,1492500.0,idle#3
22207.983,batt.charge_uah,1492500.0,idle#3
22209.172,batt.charge_uah,1492500.0,idle#3
22209.216,batt.charge_uah,1492500.0,idle#3
22210.403,batt.charge_uah,1492500.0,idle#3
22210.472,batt.charge_uah,1492500.0,idle#3
22211.660,batt.charge_uah,1492500.0,idle#3
22212.838,batt.charge_uah,1492500.0,idle#3
22212.884,batt.charge_uah,1492500.0,idle#3
22214.079,batt.charge_uah,1492500.0,idle#3
22214.102,batt.charge_uah,1492500.0,idle#3
22215.298,batt.charge_uah,1492500.0,idle#3
22215.345,batt.charge_uah,1492500.0,idle#3
22216.539,batt.charge_uah,1492500.0,idle#3
22216.552,batt.charge_uah,1492500.0,idle#3
22216.653,batt.charge_uah,1492500.0,idle#3
22217.773,batt.charge_uah,1492500.0,idle#3
22217.780,batt.charge_uah,1492500.0,idle#3
22218.976,batt.charge_uah,1492500.0,idle#3
22218.997,batt.charge_uah,1492500.0,idle#3
22219.098,batt.charge_uah,1492500.0,idle#3
22220.217,batt.charge_uah,1492500.0,idle#3
22220.234,batt.charge_uah,1492500.0,idle#3
22221.451,batt.charge_uah,1492500.0,idle#3
22221.461,batt.charge_uah,1492500.0,idle#3
22221.562,batt.charge_uah,1492500.0,idle#3
22222.686,batt.charge_uah,1492500.0,idle#3
22222.774,batt.charge_uah,1492500.0,idle#3
22223.944,batt.charge_uah,1492500.0,idle#3
22223.958,batt.charge_uah,1492500.0,idle#3
22225.161,batt.charge_uah,1492500.0,idle#3
22225.200,batt.charge_uah,1492500.0,idle#3
22226.397,batt.charge_uah,1492500.0,idle#3
22226.426,batt.charge_uah,1492500.0,idle#3
22227.617,batt.charge_uah,1492500.0,idle#3
22227.637,batt.charge_uah,1492500.0,idle#3
22228.012,batt.charge_uah,1492500.0,idle#3
22228.061,batt.charge_uah,1492500.0,idle#3
22228.854,batt.charge_uah,1492500.0,idle#3
22228.872,batt.charge_uah,1492500.0,idle#3
22230.050,batt.charge_uah,1492500.0,idle#3
22230.065,batt.charge_uah,1492500.0,idle#3
22230.165,batt.charge_uah,1492500.0,idle#3
22231.287,batt.charge_uah,1492500.0,idle#3
22231.379,batt.charge_uah,1492500.0,idle#3
22232.582,batt.charge_uah,1492500.0,idle#3
22232.613,batt.charge_uah,1492500.0,idle#3
22233.800,batt.charge_uah,1492500.0,idle#3
22233.848,batt.charge_uah,1492500.0,idle#3
22234.970,batt.charge_uah,1492500.0,idle#3
22235.064,batt.charge_uah,1492500.0,idle#3
22236.263,batt.charge_uah,1492500.0,idle#3
22237.413,batt.charge_uah,1492500.0,idle#3
22237.428,batt.charge_uah,1462500.0,idle#3
22237.527,batt.charge_uah,1462500.0,idle#3
22238.587,batt.charge_uah,1462500.0,idle#3
22238.606,batt.charge_uah,1462500.0,idle#3
22238.706,batt.charge_uah,1462500.0,idle#3
22239.665,batt.charge_uah,1462500.0,idle#3
22239.765,batt.charge_uah,1462500.0,idle#3
22241.177,batt.charge_uah,1462500.0,idle#3
22242.352,batt.charge_uah,1462500.0,idle#3
22242.369,batt.charge_uah,1462500.0,idle#3
22243.560,batt.charge_uah,1462500.0,idle#3
22243.598,batt.charge_uah,1462500.0,idle#3
22244.795,batt.charge_uah,1462500.0,idle#3
22244.820,batt.charge_uah,1462500.0,idle#3
22246.016,batt.charge_uah,1462500.0,idle#3
22246.064,batt.charge_uah,1462500.0,idle#3
22247.259,batt.charge_uah,1462500.0,idle#3
22247.301,batt.charge_uah,1462500.0,idle#3
22248.080,batt.charge_uah,1462500.0,idle#3
22248.124,batt.charge_uah,1462500.0,idle#3
22248.245,batt.charge_uah,1462500.0,idle#3
22248.324,batt.charge_uah,1462500.0,
22248.424,batt.charge_uah,1462500.0,
22249.503,batt.charge_uah,1462500.0,
22249.520,batt.charge_uah,1462500.0,
22249.621,batt.charge_uah,1462500.0,
22250.724,batt.charge_uah,1462500.0,
22250.745,batt.charge_uah,1462500.0,
22251.969,batt.charge_uah,1462500.0,
22252.072,batt.charge_uah,1462500.0,
22253.254,batt.charge_uah,1462500.0,
22253.301,batt.charge_uah,1462500.0,
22254.482,batt.charge_uah,1462500.0,
22254.502,batt.charge_uah,1462500.0,
22255.712,batt.charge_uah,1462500.0,
22255.728,batt.charge_uah,1462500.0,
22256.917,batt.charge_uah,1462500.0,
22256.938,batt.charge_uah,1462500.0,
22258.115,batt.charge_uah,1462500.0,
22258.139,batt.charge_uah,1462500.0,
22259.333,batt.charge_uah,1462500.0,
22259.359,batt.charge_uah,1462500.0,
22260.162,batt.charge_uah,1462500.0,
22260.180,batt.charge_uah,1462500.0,
22260.280,batt.charge_uah,1462500.0,
22260.438,batt.charge_uah,1462500.0,
22260.487,batt.charge_uah,1462500.0,
22260.589,batt.charge_uah,1462500.0,
22261.812,batt.charge_uah,1462500.0,
22261.889,batt.charge_uah,1462500.0,
22263.079,batt.charge_uah,1462500.0,
22263.109,batt.charge_uah,1462500.0,
22264.296,batt.charge_uah,1462500.0,
22264.320,batt.charge_uah,1462500.0,
22265.504,batt.charge_uah,1462500.0,
22265.537,batt.charge_uah,1462500.0,
22266.060,batt.charge_uah,1462500.0,
22266.145,batt.charge_uah,1462500.0,
22266.253,batt.charge_uah,1462500.0,
22266.343,batt.charge_uah,1462500.0,
22266.446,batt.charge_uah,1462500.0,
22266.575,batt.charge_uah,1462500.0,
22266.647,batt.charge_uah,1462500.0,
22266.746,batt.charge_uah,1462500.0,
22267.999,batt.charge_uah,1462500.0,
22268.794,batt.charge_uah,1462500.0,
22268.829,batt.charge_uah,1462500.0,
22269.995,batt.charge_uah,1462500.0,
22270.021,batt.charge_uah,1462500.0,
22270.121,batt.charge_uah,1462500.0,
22270.221,batt.charge_uah,1462500.0,
22270.335,batt.charge_uah,1462500.0,cpu1#3
22270.422,batt.charge_uah,1462500.0,cpu1#3
22270.533,batt.charge_uah,1462500.0,cpu1#3
22270.621,batt.charge_uah,1462500.0,cpu1#3
22270.722,batt.charge_uah,1462500.0,cpu1#3
22270.821,batt.charge_uah,1462500.0,cpu1#3
22270.922,batt.charge_uah,1462500.0,cpu1#3
22271.875,batt.charge_uah,1462500.0,cpu1#3
22271.897,batt.charge_uah,1462500.0,cpu1#3
22273.099,batt.charge_uah,1462500.0,cpu1#3
22273.154,batt.charge_uah,1462500.0,cpu1#3
22274.378,batt.charge_uah,1462500.0,cpu1#3
22275.562,batt.charge_uah,1462500.0,cpu1#3
22275.613,batt.charge_uah,1462500.0,cpu1#3
22276.817,batt.charge_uah,1462500.0,cpu1#3
22276.831,batt.charge_uah,1462500.0,cpu1#3
22278.013,batt.charge_uah,1462500.0,cpu1#3
22278.070,batt.charge_uah,1462500.0,cpu1#3
22279.196,batt.charge_uah,1462500.0,cpu1#3
22279.242,batt.charge_uah,1462500.0,cpu1#3
22280.455,batt.charge_uah,1462500.0,cpu1#3
22280.481,batt.charge_uah,1462500.0,cpu1#3
22281.672,batt.charge_uah,1462500.0,cpu1#3
22281.695,batt.charge_uah,1462500.0,cpu1#3
22282.894,batt.charge_uah,1462500.0,cpu1#3
22282.921,batt.charge_uah,1462500.0,cpu1#3
22284.125,batt.charge_uah,1462500.0,cpu1#3
22284.179,batt.charge_uah,1462500.0,cpu1#3
22285.338,batt.charge_uah,1462500.0,cpu1#3
22285.383,batt.charge_uah,1462500.0,cpu1#3
22286.592,batt.charge_uah,1462500.0,cpu1#3
22286.633,batt.charge_uah,1462500.0,cpu1#3
22287.831,batt.charge_uah,1462500.0,cpu1#3
22287.884,batt.charge_uah,1462500.0,cpu1#3
22289.100,batt.charge_uah,1462500.0,cpu1#3
22289.130,batt.charge_uah,1462500.0,cpu1#3
22290.258,batt.charge_uah,1462500.0,cpu1#3
22290.355,batt.charge_uah,1462500.0,cpu1#3
22291.488,batt.charge_uah,1462500.0,cpu1#3
22291.519,batt.charge_uah,1462500.0,cpu1#3
22292.710,batt.charge_uah,1462500.0,cpu1#3
22292.762,batt.charge_uah,1462500.0,cpu1#3
22293.959,batt.charge_uah,1462500.0,cpu1#3
22294.026,batt.charge_uah,1462500.0,cpu1#3
22295.243,batt.charge_uah,1462500.0,cpu1#3
22295.263,batt.charge_uah,1462500.0,cpu1#3
22296.472,batt.charge_uah,1462500.0,cpu1#3
22296.485,batt.charge_uah,1462500.0,cpu1#3
22297.667,batt.charge_uah,1462500.0,cpu1#3
22297.703,batt.charge_uah,1462500.0,cpu1#3
22298.900,batt.charge_uah,1462500.0,cpu1#3
22298.928,batt.charge_uah,1462500.0,cpu1#3
22300.121,batt.charge_uah,1462500.0,cpu1#3
22300.171,batt.charge_uah,1462500.0,cpu1#3
22301.385,batt.charge_uah,1462500.0,cpu1#3
22301.396,batt.charge_uah,1462500.0,cpu1#3
22302.588,batt.charge_uah,1462500.0,cpu1#3
22302.620,batt.charge_uah,1462500.0,cpu1#3
22303.805,batt.charge_uah,1462500.0,cpu1#3
22303.838,batt.charge_uah,1462500.0,cpu1#3
22305.021,batt.charge_uah,1462500.0,cpu1#3
22305.063,batt.charge_uah,1462500.0,cpu1#3
22306.265,batt.charge_uah,1462500.0,cpu1#3
22306.286,batt.charge_uah,1462500.0,cpu1#3
22307.473,batt.charge_uah,1462500.0,cpu1#3
22307.522,batt.charge_uah,1462500.0,cpu1#3
22308.748,batt.charge_uah,1462500.0,cpu1#3
22308.775,batt.charge_uah,1462500.0,cpu1#3
22309.960,batt.charge_uah,1462500.0,cpu1#3
22310.009,batt.charge_uah,1462500.0,cpu1#3
22311.190,batt.charge_uah,1462500.0,cpu1#3
22311.241,batt.charge_uah,1462500.0,cpu1#3
22312.444,batt.charge_uah,1462500.0,cpu1#3
22313.598,batt.charge_uah,1462500.0,cpu1#3
22313.619,batt.charge_uah,1462500.0,cpu1#3
22313.719,batt.charge_uah,1462500.0,cpu1#3
22314.834,batt.charge_uah,1462500.0,cpu1#3
22314.932,batt.charge_uah,1462500.0,cpu1#3
22316.121,batt.charge_uah,1462500.0,cpu1#3
22316.156,batt.charge_uah,1462500.0,cpu1#3
22316.273,batt.charge_uah,1462500.0,
22316.357,batt.charge_uah,1462500.0,
22317.708,batt.charge_uah,1462500.0,
22317.725,batt.charge_uah,1462500.0,
22318.937,batt.charge_uah,1462500.0,
22318.956,batt.charge_uah,1462500.0,
22319.056,batt.charge_uah,1462500.0,
22320.159,batt.charge_uah,1462500.0,
22320.173,batt.charge_uah,1462500.0,
22321.386,batt.charge_uah,1462500.0,
22321.407,batt.charge_uah,1462500.0,
22321.508,batt.charge_uah,1462500.0,
22322.631,batt.charge_uah,1462500.0,
22322.639,batt.charge_uah,1462500.0,
22323.847,batt.charge_uah,1462500.0,
22323.866,batt.charge_uah,1462500.0,
22325.066,batt.charge_uah,1462500.0,
22325.095,batt.charge_uah,1462500.0,
22326.309,batt.charge_uah,1462500.0,
22326.334,batt.charge_uah,1462500.0,
22326.434,batt.charge_uah,1462500.0,
22327.543,batt.charge_uah,1462500.0,
22327.641,batt.charge_uah,1462500.0,
22328.821,batt.charge_uah,1462500.0,
22328.877,batt.charge_uah,1462500.0,
22330.000,batt.charge_uah,1462500.0,
22330.100,batt.charge_uah,1462500.0,
22331.210,batt.charge_uah,1462500.0,
22331.238,batt.charge_uah,1462500.0,
22331.338,batt.charge_uah,1462500.0,
22332.447,batt.charge_uah,1462500.0,
22332.483,batt.charge_uah,1462500.0,
22333.698,batt.charge_uah,1462500.0,
22333.705,batt.charge_uah,1462500.0,
22334.897,batt.charge_uah,1462500.0,
22334.916,batt.charge_uah,1462500.0,
22335.016,batt.charge_uah,1462500.0,
22336.145,batt.charge_uah,1462500.0,
22336.153,batt.charge_uah,1462500.0,
22336.256,batt.charge_uah,1462500.0,
22336.458,batt.charge_uah,1462500.0,
22336.553,batt.charge_uah,1462500.0,
22336.677,batt.charge_uah,1462500.0,
22336.763,batt.charge_uah,1462500.0,
22336.860,batt.charge_uah,1462500.0,cpu_all#3
22336.958,batt.charge_uah,1462500.0,cpu_all#3
22337.059,batt.charge_uah,1462500.0,cpu_all#3
22337.256,batt.charge_uah,1462500.0,cpu_all#3
22337.347,batt.charge_uah,1462500.0,cpu_all#3
22337.447,batt.charge_uah,1462500.0,cpu_all#3
22337.546,batt.charge_uah,1462500.0,cpu_all#3
22337.647,batt.charge_uah,1462500.0,cpu_all#3
22337.747,batt.charge_uah,1462500.0,cpu_all#3
22337.847,batt.charge_uah,1462500.0,cpu_all#3
22337.947,batt.charge_uah,1462500.0,cpu_all#3
22338.046,batt.charge_uah,1462500.0,cpu_all#3
22338.345,batt.charge_uah,1462500.0,cpu_all#3
22338.360,batt.charge_uah,1462500.0,cpu_all#3
22339.655,batt.charge_uah,1462500.0,cpu_all#3
22339.727,batt.charge_uah,1462500.0,cpu_all#3
22340.921,batt.charge_uah,1462500.0,cpu_all#3
22342.069,batt.charge_uah,1462500.0,cpu_all#3
22342.147,batt.charge_uah,1462500.0,cpu_all#3
22343.369,batt.charge_uah,1462500.0,cpu_all#3
22343.397,batt.charge_uah,1462500.0,cpu_all#3
22344.584,batt.charge_uah,1462500.0,cpu_all#3
22344.623,batt.charge_uah,1462500.0,cpu_all#3
22345.828,batt.charge_uah,1462500.0,cpu_all#3
22345.876,batt.charge_uah,1462500.0,cpu_all#3
22347.074,batt.charge_uah,1462500.0,cpu_all#3
22348.237,batt.charge_uah,1462500.0,cpu_all#3
22348.264,batt.charge_uah,1462500.0,cpu_all#3
22349.463,batt.charge_uah,1462500.0,cpu_all#3
22349.511,batt.charge_uah,1462500.0,cpu_all#3
22350.715,batt.charge_uah,1462500.0,cpu_all#3
22350.747,batt.charge_uah,1462500.0,cpu_all#3
22351.947,batt.charge_uah,1462500.0,cpu_all#3
22351.996,batt.charge_uah,1462500.0,cpu_all#3
22353.204,batt.charge_uah,1462500.0,cpu_all#3
22353.246,batt.charge_uah,1462500.0,cpu_all#3
22354.458,batt.charge_uah,1462500.0,cpu_all#3
22354.478,batt.charge_uah,1462500.0,cpu_all#3
22355.670,batt.charge_uah,1462500.0,cpu_all#3
22355.699,batt.charge_uah,1462500.0,cpu_all#3
22356.906,batt.charge_uah,1462500.0,cpu_all#3
22358.079,batt.charge_uah,1462500.0,cpu_all#3
22358.136,batt.charge_uah,1462500.0,cpu_all#3
22359.301,batt.charge_uah,1462500.0,cpu_all#3
22359.329,batt.charge_uah,1462500.0,cpu_all#3
22360.522,batt.charge_uah,1462500.0,cpu_all#3
22360.556,batt.charge_uah,1462500.0,cpu_all#3
22361.750,batt.charge_uah,1462500.0,cpu_all#3
22361.801,batt.charge_uah,1462500.0,cpu_all#3
22363.006,batt.charge_uah,1462500.0,cpu_all#3
22363.056,batt.charge_uah,1462500.0,cpu_all#3
22364.268,batt.charge_uah,1462500.0,cpu_all#3
22365.439,batt.charge_uah,1462500.0,cpu_all#3
22365.458,batt.charge_uah,1462500.0,cpu_all#3
22366.659,batt.charge_uah,1462500.0,cpu_all#3
22366.691,batt.charge_uah,1462500.0,cpu_all#3
22367.890,batt.charge_uah,1462500.0,cpu_all#3
22367.911,batt.charge_uah,1462500.0,cpu_all#3
22369.121,batt.charge_uah,1462500.0,cpu_all#3
22369.153,batt.charge_uah,1462500.0,cpu_all#3
22370.333,batt.charge_uah,1462500.0,cpu_all#3
22370.361,batt.charge_uah,1462500.0,cpu_all#3
22371.564,batt.charge_uah,1462500.0,cpu_all#3
22371.582,batt.charge_uah,1462500.0,cpu_all#3
22371.682,batt.charge_uah,1462500.0,cpu_all#3
22372.797,batt.charge_uah,1462500.0,cpu_all#3
22372.809,batt.charge_uah,1462500.0,cpu_all#3
22374.030,batt.charge_uah,1462500.0,cpu_all#3
22374.043,batt.charge_uah,1462500.0,cpu_all#3
22374.143,batt.charge_uah,1462500.0,cpu_all#3
22375.260,batt.charge_uah,1462500.0,cpu_all#3
22375.295,batt.charge_uah,1462500.0,cpu_all#3
22376.509,batt.charge_uah,1462500.0,cpu_all#3
22376.544,batt.charge_uah,1462500.0,cpu_all#3
22377.723,batt.charge_uah,1462500.0,cpu_all#3
22377.768,batt.charge_uah,1462500.0,cpu_all#3
22378.958,batt.charge_uah,1462500.0,cpu_all#3
22378.990,batt.charge_uah,1462500.0,cpu_all#3
22380.174,batt.charge_uah,1462500.0,cpu_all#3
22380.219,batt.charge_uah,1462500.0,cpu_all#3
22381.420,batt.charge_uah,1462500.0,cpu_all#3
22381.453,batt.charge_uah,1462500.0,cpu_all#3
22382.635,batt.charge_uah,1462500.0,cpu_all#3
22382.678,batt.charge_uah,1462500.0,cpu_all#3
22382.802,batt.charge_uah,1462500.0,
22382.885,batt.charge_uah,1462500.0,
22384.252,batt.charge_uah,1462500.0,
22384.314,batt.charge_uah,1462500.0,
22385.514,batt.charge_uah,1462500.0,
22385.548,batt.charge_uah,1462500.0,
22386.738,batt.charge_uah,1462500.0,
22386.782,batt.charge_uah,1462500.0,
22387.966,batt.charge_uah,1462500.0,
22387.996,batt.charge_uah,1462500.0,
22389.202,batt.charge_uah,1462500.0,
22389.229,batt.charge_uah,1462500.0,
22390.424,batt.charge_uah,1462500.0,
22390.440,batt.charge_uah,1462500.0,
22391.628,batt.charge_uah,1462500.0,
22391.666,batt.charge_uah,1462500.0,
22392.862,batt.charge_uah,1462500.0,
22392.882,batt.charge_uah,1462500.0,
22392.984,batt.charge_uah,1462500.0,
22394.106,batt.charge_uah,1462500.0,
22394.113,batt.charge_uah,1462500.0,
22394.221,batt.charge_uah,1462500.0,
22395.319,batt.charge_uah,1462500.0,
22395.420,batt.charge_uah,1462500.0,
22396.620,batt.charge_uah,1462500.0,
22396.660,batt.charge_uah,1462500.0,
22397.790,batt.charge_uah,1462500.0,
22397.872,batt.charge_uah,1462500.0,
22398.245,batt.charge_uah,1462500.0,
22398.292,batt.charge_uah,1462500.0,
22399.065,batt.charge_uah,1462500.0,
22399.089,batt.charge_uah,1462500.0,
22400.291,batt.charge_uah,1462500.0,
22400.311,batt.charge_uah,1462500.0,
22401.511,batt.charge_uah,1462500.0,
22401.533,batt.charge_uah,1462500.0,
22402.729,batt.charge_uah,1462500.0,
22402.773,batt.charge_uah,1462500.0,
22402.973,batt.charge_uah,1462500.0,
22403.073,batt.charge_uah,1462500.0,
22404.332,batt.charge_uah,1462500.0,
22404.386,batt.charge_uah,1462500.0,
22404.496,batt.charge_uah,1462500.0,
22404.590,batt.charge_uah,1462500.0,
22404.690,batt.charge_uah,1462500.0,
22404.797,batt.charge_uah,1462500.0,
22404.889,batt.charge_uah,1462500.0,
21578.251,batt.current_ua,-76.0,
21579.581,batt.current_ua,-20.0,
21579.607,batt.current_ua,-242.0,
21579.707,batt.current_ua,-4.0,
21580.821,batt.current_ua,-4.0,
21580.851,batt.current_ua,-282.0,
21582.057,batt.current_ua,2.0,
21582.162,batt.current_ua,-244.0,
21583.341,batt.current_ua,-384.0,
21583.359,batt.current_ua,-384.0,
21584.576,batt.current_ua,-250.0,
21584.598,batt.current_ua,-250.0,
21585.809,batt.current_ua,-173.0,
21586.985,batt.current_ua,-224.0,
21586.995,batt.current_ua,-224.0,
21588.193,batt.current_ua,2.0,
21588.202,batt.current_ua,2.0,
21588.303,batt.current_ua,-278.0,
21589.428,batt.current_ua,-38.0,
21589.435,batt.current_ua,-38.0,
21590.643,batt.current_ua,-28.0,
21590.652,batt.current_ua,-28.0,
21590.756,batt.current_ua,-285.0,
21591.955,batt.current_ua,-219.0,
21591.983,batt.current_ua,-219.0,
21593.187,batt.current_ua,-214.0,
21594.364,batt.current_ua,-316.0,
21594.380,batt.current_ua,-316.0,
21595.553,batt.current_ua,-17.0,
21595.586,batt.current_ua,-376.0,
21595.686,batt.current_ua,-22.0,
21596.806,batt.current_ua,-22.0,
21596.900,batt.current_ua,-206.0,
21598.105,batt.current_ua,-178.0,
21598.438,batt.current_ua,-114.0,
21598.533,batt.current_ua,-114.0,
21599.739,batt.current_ua,-48.0,
21599.760,batt.current_ua,-48.0,
21599.870,batt.current_ua,-326.0,
21599.968,batt.current_ua,-326.0,
21600.065,batt.current_ua,-129.0,idle#0
21600.237,batt.current_ua,-117.0,idle#0
21600.261,batt.current_ua,-117.0,idle#0
21600.365,batt.current_ua,-127.0,idle#0
21600.467,batt.current_ua,-127.0,idle#0
21600.565,batt.current_ua,-236.0,idle#0
21601.724,batt.current_ua,10.0,idle#0
21601.749,batt.current_ua,-228.0,idle#0
21602.948,batt.current_ua,0.0,idle#0
21602.958,batt.current_ua,-298.0,idle#0
21603.060,batt.current_ua,-298.0,idle#0
21604.179,batt.current_ua,-14.0,idle#0
21604.195,batt.current_ua,-257.0,idle#0
21604.298,batt.current_ua,-257.0,idle#0
21604.430,batt.current_ua,-413.0,idle#0
21604.499,batt.current_ua,-413.0,idle#0
21604.601,batt.current_ua,-139.0,idle#0
21605.434,batt.current_ua,-375.0,idle#0
21606.629,batt.current_ua,12.0,idle#0
21606.646,batt.current_ua,-606.0,idle#0
21606.746,batt.current_ua,-203.0,idle#0
21608.064,batt.current_ua,-203.0,idle#0
21608.083,batt.current_ua,-203.0,idle#0
21609.299,batt.current_ua,-208.0,idle#0
21609.399,batt.current_ua,-208.0,idle#0
21610.582,batt.current_ua,-191.0,idle#0
21610.597,batt.current_ua,-191.0,idle#0
21611.806,batt.current_ua,-173.0,idle#0
21611.817,batt.current_ua,-173.0,idle#0
21612.992,batt.current_ua,-262.0,idle#0
21613.018,batt.current_ua,-262.0,idle#0
21614.211,batt.current_ua,-199.0,idle#0
21614.232,batt.current_ua,-199.0,idle#0
21615.425,batt.current_ua,-257.0,idle#0
21615.468,batt.current_ua,-257.0,idle#0
21616.666,batt.current_ua,-239.0,idle#0
21616.701,batt.current_ua,-239.0,idle#0
21617.894,batt.current_ua,-227.0,idle#0
21617.914,batt.current_ua,-227.0,idle#0
21619.104,batt.current_ua,-216.0,idle#0
21619.151,batt.current_ua,-216.0,idle#0
21620.350,batt.current_ua,-234.0,idle#0
21620.390,batt.current_ua,-234.0,idle#0
21621.588,batt.current_ua,-270.0,idle#0
21621.609,batt.current_ua,-270.0,idle#0
21622.807,batt.current_ua,-260.0,idle#0
21622.831,batt.current_ua,-260.0,idle#0
21624.021,batt.current_ua,-282.0,idle#0
21624.046,batt.current_ua,-282.0,idle#0
21624.147,batt.current_ua,-282.0,idle#0
21625.273,batt.current_ua,-217.0,idle#0
21625.359,batt.current_ua,-217.0,idle#0
21626.566,batt.current_ua,-163.0,idle#0
21627.724,batt.current_ua,-232.0,idle#0
21627.729,batt.current_ua,-232.0,idle#0
21627.836,batt.current_ua,-232.0,idle#0
21628.953,batt.current_ua,-280.0,idle#0
21629.040,batt.current_ua,-280.0,idle#0
21630.224,batt.current_ua,-229.0,idle#0
21631.414,batt.current_ua,-257.0,idle#0
21631.436,batt.current_ua,-257.0,idle#0
21632.629,batt.current_ua,-244.0,idle#0
21632.720,batt.current_ua,-244.0,idle#0
21632.964,batt.current_ua,-101.0,idle#0
21633.018,batt.current_ua,-191.0,idle#0
21633.119,batt.current_ua,-191.0,idle#0
21633.220,batt.current_ua,-66.0,idle#0
21633.319,batt.current_ua,-66.0,idle#0
21633.418,batt.current_ua,-28.0,idle#0
21633.518,batt.current_ua,-129.0,idle#0
21633.622,batt.current_ua,-129.0,idle#0
21633.718,batt.current_ua,-28.0,idle#0
21633.818,batt.current_ua,-28.0,idle#0
21633.918,batt.current_ua,-58.0,idle#0
21634.022,batt.current_ua,-58.0,idle#0
21634.119,batt.current_ua,-22.0,idle#0
21634.219,batt.current_ua,-91.0,idle#0
21634.318,batt.current_ua,-91.0,idle#0
21634.418,batt.current_ua,-74.0,idle#0
21634.522,batt.current_ua,-74.0,idle#0
21634.622,batt.current_ua,-58.0,idle#0
21634.719,batt.current_ua,-58.0,idle#0
21634.818,batt.current_ua,-22.0,idle#0
21634.919,batt.current_ua,10.0,idle#0
21636.140,batt.current_ua,-282.0,idle#0
21636.209,batt.current_ua,-282.0,idle#0
21637.422,batt.current_ua,-244.0,idle#0
21637.447,batt.current_ua,-244.0,idle#0
21637.564,batt.current_ua,-224.0,idle#0
21638.566,batt.current_ua,-40.0,idle#0
21638.631,batt.current_ua,-734.0,idle#0
21639.835,batt.current_ua,-369.0,idle#0
21639.874,batt.current_ua,-369.0,idle#0
21641.095,batt.current_ua,-316.0,idle#0
21642.263,batt.current_ua,-4.0,idle#0
21642.304,batt.current_ua,-292.0,idle#0
21643.497,batt.current_ua,0.0,idle#0
21643.532,batt.current_ua,-244.0,idle#0
21644.734,batt.current_ua,-2.0,idle#0
21644.747,batt.current_ua,-339.0,idle#0
21645.950,batt.current_ua,-4.0,idle#0
21645.959,batt.current_ua,-4.0,idle#0
21646.059,batt.current_ua,-422.0,idle#0
21646.159,batt.current_ua,-321.0,
21646.260,batt.current_ua,-321.0,
21647.606,batt.current_ua,-201.0,
21647.644,batt.current_ua,-201.0,
21648.838,batt.current_ua,-229.0,
21648.855,batt.current_ua,-229.0,
21650.054,batt.current_ua,-145.0,
21650.086,batt.current_ua,-145.0,
21651.276,batt.current_ua,-254.0,
21651.289,batt.current_ua,-254.0,
21651.585,batt.current_ua,-185.0,
21651.597,batt.current_ua,-145.0,
21651.702,batt.current_ua,-145.0,
21651.797,batt.current_ua,-89.0,
21651.896,batt.current_ua,-89.0,
21652.001,batt.current_ua,-22.0,
21652.100,batt.current_ua,-22.0,
21652.199,batt.current_ua,-56.0,
21652.298,batt.current_ua,-28.0,
21652.403,batt.current_ua,-28.0,
21652.502,batt.current_ua,-53.0,
21652.602,batt.current_ua,-53.0,
21652.699,batt.current_ua,-76.0,
21652.804,batt.current_ua,-76.0,
21652.898,batt.current_ua,-48.0,
21652.996,batt.current_ua,-121.0,
21653.104,batt.current_ua,-121.0,
21653.204,batt.current_ua,-40.0,
21653.301,batt.current_ua,-40.0,
21653.410,batt.current_ua,-30.0,
21653.496,batt.current_ua,-30.0,
21653.595,batt.current_ua,-630.0,
21654.968,batt.current_ua,-200.0,
21655.057,batt.current_ua,-200.0,
21656.255,batt.current_ua,-183.0,
21656.275,batt.current_ua,-183.0,
21657.697,batt.current_ua,-4.0,
21657.708,batt.current_ua,-4.0,
21659.088,batt.current_ua,-12.0,
21659.160,batt.current_ua,-474.0,
21660.492,batt.current_ua,-10.0,
21660.523,batt.current_ua,-10.0,
21661.720,batt.current_ua,5.0,
21661.758,batt.current_ua,5.0,
21662.944,batt.current_ua,10.0,
21662.971,batt.current_ua,10.0,
21663.071,batt.current_ua,-333.0,
21663.171,batt.current_ua,-333.0,
21664.443,batt.current_ua,-501.0,
21665.607,batt.current_ua,-12.0,
21665.646,batt.current_ua,-389.0,
21666.445,batt.current_ua,0.0,
21666.455,batt.current_ua,0.0,
21666.574,batt.current_ua,-214.0,
21666.655,batt.current_ua,-214.0,
21666.757,batt.current_ua,-178.0,
21666.860,batt.current_ua,-178.0,
21667.046,batt.current_ua,-214.0,
21667.058,batt.current_ua,-214.0,
21667.192,batt.current_ua,-214.0,cpu1#0
21667.260,batt.current_ua,-246.0,cpu1#0
21667.362,batt.current_ua,-246.0,cpu1#0
21667.569,batt.current_ua,-229.0,cpu1#0
21667.655,batt.current_ua,-229.0,cpu1#0
21667.754,batt.current_ua,-1010.0,cpu1#0
21667.855,batt.current_ua,-1010.0,cpu1#0
21667.955,batt.current_ua,-1060.0,cpu1#0
21668.074,batt.current_ua,-1060.0,cpu1#0
21668.154,batt.current_ua,-1228.0,cpu1#0
21668.254,batt.current_ua,-1228.0,cpu1#0
21668.355,batt.current_ua,-1067.0,cpu1#0
21668.455,batt.current_ua,-1071.0,cpu1#0
21668.555,batt.current_ua,-1071.0,cpu1#0
21668.654,batt.current_ua,-917.0,cpu1#0
21668.755,batt.current_ua,-917.0,cpu1#0
21669.706,batt.current_ua,-331.0,cpu1#0
21669.747,batt.current_ua,-331.0,cpu1#0
21670.961,batt.current_ua,-206.0,cpu1#0
21670.997,batt.current_ua,-206.0,cpu1#0
21672.191,batt.current_ua,-239.0,cpu1#0
21672.238,batt.current_ua,-239.0,cpu1#0
21673.440,batt.current_ua,-226.0,cpu1#0
21673.477,batt.current_ua,-226.0,cpu1#0
21674.674,batt.current_ua,-257.0,cpu1#0
21674.710,batt.current_ua,-257.0,cpu1#0
21675.931,batt.current_ua,-188.0,cpu1#0
21675.949,batt.current_ua,-188.0,cpu1#0
21677.142,batt.current_ua,-321.0,cpu1#0
21677.167,batt.current_ua,-321.0,cpu1#0
21678.361,batt.current_ua,-260.0,cpu1#0
21678.416,batt.current_ua,-221.0,cpu1#0
21679.544,batt.current_ua,-221.0,cpu1#0
21679.557,batt.current_ua,-221.0,cpu1#0
21680.769,batt.current_ua,-203.0,cpu1#0
21680.861,batt.current_ua,-203.0,cpu1#0
21682.036,batt.current_ua,-354.0,cpu1#0
21682.066,batt.current_ua,-354.0,cpu1#0
21683.272,batt.current_ua,-219.0,cpu1#0
21683.317,batt.current_ua,-219.0,cpu1#0
21684.461,batt.current_ua,-252.0,cpu1#0
21684.476,batt.current_ua,-252.0,cpu1#0
21685.698,batt.current_ua,-226.0,cpu1#0
21685.707,batt.current_ua,-226.0,cpu1#0
21685.805,batt.current_ua,-226.0,cpu1#0
21686.910,batt.current_ua,-260.0,cpu1#0
21686.963,batt.current_ua,-260.0,cpu1#0
21688.175,batt.current_ua,-318.0,cpu1#0
21688.184,batt.current_ua,-318.0,cpu1#0
21689.393,batt.current_ua,-257.0,cpu1#0
21689.430,batt.current_ua,-257.0,cpu1#0
21690.627,batt.current_ua,-310.0,cpu1#0
21690.685,batt.current_ua,-310.0,cpu1#0
21691.882,batt.current_ua,-296.0,cpu1#0
21691.919,batt.current_ua,-296.0,cpu1#0
21693.115,batt.current_ua,-239.0,cpu1#0
21694.295,batt.current_ua,-280.0,cpu1#0
21694.337,batt.current_ua,-280.0,cpu1#0
21695.530,batt.current_ua,-260.0,cpu1#0
21695.586,batt.current_ua,-260.0,cpu1#0
21696.809,batt.current_ua,-246.0,cpu1#0
21696.826,batt.current_ua,-246.0,cpu1#0
21698.023,batt.current_ua,-203.0,cpu1#0
21698.033,batt.current_ua,-203.0,cpu1#0
21699.222,batt.current_ua,-219.0,cpu1#0
21699.274,batt.current_ua,-219.0,cpu1#0
21700.481,batt.current_ua,-254.0,cpu1#0
21700.520,batt.current_ua,-254.0,cpu1#0
21701.722,batt.current_ua,-229.0,cpu1#0
21702.897,batt.current_ua,-369.0,cpu1#0
21702.911,batt.current_ua,-369.0,cpu1#0
21704.123,batt.current_ua,-190.0,cpu1#0
21704.137,batt.current_ua,-190.0,cpu1#0
21705.356,batt.current_ua,-236.0,cpu1#0
21705.373,batt.current_ua,-236.0,cpu1#0
21705.472,batt.current_ua,-209.0,cpu1#0
21706.588,batt.current_ua,-209.0,cpu1#0
21706.621,batt.current_ua,-209.0,cpu1#0
21707.828,batt.current_ua,-221.0,cpu1#0
21707.839,batt.current_ua,-221.0,cpu1#0
21709.028,batt.current_ua,-242.0,cpu1#0
21709.048,batt.current_ua,-242.0,cpu1#0
21709.148,batt.current_ua,-185.0,cpu1#0
21710.262,batt.current_ua,-185.0,cpu1#0
21710.291,batt.current_ua,-185.0,cpu1#0
21711.494,batt.current_ua,-165.0,cpu1#0
21711.549,batt.current_ua,-165.0,cpu1#0
21712.766,batt.current_ua,-193.0,cpu1#0
21712.826,batt.current_ua,-193.0,cpu1#0
21712.939,batt.current_ua,-967.0,
21713.030,batt.current_ua,-967.0,
21714.419,batt.current_ua,-17.0,
21715.603,batt.current_ua,-10.0,
21715.659,batt.current_ua,-10.0,
21716.868,batt.current_ua,12.0,
21716.915,batt.current_ua,-877.0,
21718.129,batt.current_ua,-7.0,
21718.153,batt.current_ua,-785.0,
21719.350,batt.current_ua,-4.0,
21720.514,batt.current_ua,-17.0,
21720.533,batt.current_ua,-17.0,
21721.730,batt.current_ua,-28.0,
21721.787,batt.current_ua,-28.0,
21722.990,batt.current_ua,-35.0,
21723.038,batt.current_ua,-35.0,
21724.241,batt.current_ua,-10.0,
21725.425,batt.current_ua,7.0,
21725.444,batt.current_ua,7.0,
21725.544,batt.current_ua,-25.0,
21726.652,batt.current_ua,-25.0,
21726.682,batt.current_ua,-25.0,
21727.896,batt.current_ua,15.0,
21727.914,batt.current_ua,15.0,
21729.113,batt.current_ua,-10.0,
21729.183,batt.current_ua,-10.0,
21730.395,batt.current_ua,20.0,
21730.447,batt.current_ua,-917.0,
21731.573,batt.current_ua,-12.0,
21731.668,batt.current_ua,-1073.0,
21732.857,batt.current_ua,-4.0,
21733.016,batt.current_ua,-1158.0,
21733.029,batt.current_ua,-1158.0,
21733.123,batt.current_ua,-1131.0,
21733.224,batt.current_ua,-1131.0,
21733.342,batt.current_ua,-1484.0,cpu_all#0
21733.423,batt.current_ua,-1086.0,cpu_all#0
21733.523,batt.current_ua,-1086.0,cpu_all#0
21733.620,batt.current_ua,-2655.0,cpu_all#0
21734.865,batt.current_ua,-254.0,cpu_all#0
21734.899,batt.current_ua,-254.0,cpu_all#0
21736.072,batt.current_ua,-153.0,cpu_all#0
21736.098,batt.current_ua,-153.0,cpu_all#0
21736.199,batt.current_ua,-153.0,cpu_all#0
21737.375,batt.current_ua,-199.0,cpu_all#0
21737.420,batt.current_ua,-199.0,cpu_all#0
21738.611,batt.current_ua,-211.0,cpu_all#0
21739.753,batt.current_ua,-199.0,cpu_all#0
21739.793,batt.current_ua,-199.0,cpu_all#0
21741.005,batt.current_ua,-150.0,cpu_all#0
21741.037,batt.current_ua,-150.0,cpu_all#0
21742.236,batt.current_ua,-181.0,cpu_all#0
21742.290,batt.current_ua,-181.0,cpu_all#0
21743.478,batt.current_ua,-265.0,cpu_all#0
21743.549,batt.current_ua,-265.0,cpu_all#0
21744.745,batt.current_ua,-188.0,cpu_all#0
21744.783,batt.current_ua,-188.0,cpu_all#0
21745.994,batt.current_ua,-201.0,cpu_all#0
21746.020,batt.current_ua,-201.0,cpu_all#0
21747.185,batt.current_ua,-308.0,cpu_all#0
21747.954,batt.current_ua,7.0,cpu_all#0
21748.003,batt.current_ua,-739.0,cpu_all#0
21748.209,batt.current_ua,-181.0,cpu_all#0
21748.302,batt.current_ua,-181.0,cpu_all#0
21748.401,batt.current_ua,-181.0,cpu_all#0
21749.592,batt.current_ua,-181.0,cpu_all#0
21749.621,batt.current_ua,-181.0,cpu_all#0
21750.829,batt.current_ua,-303.0,cpu_all#0
21750.857,batt.current_ua,-303.0,cpu_all#0
21752.065,batt.current_ua,-181.0,cpu_all#0
21752.107,batt.current_ua,-181.0,cpu_all#0
21753.310,batt.current_ua,-183.0,cpu_all#0
21753.369,batt.current_ua,-183.0,cpu_all#0
21754.569,batt.current_ua,-282.0,cpu_all#0
21755.730,batt.current_ua,-260.0,cpu_all#0
21755.796,batt.current_ua,-260.0,cpu_all#0
21756.987,batt.current_ua,-318.0,cpu_all#0
21757.051,batt.current_ua,-318.0,cpu_all#0
21758.262,batt.current_ua,-321.0,cpu_all#0
21758.325,batt.current_ua,-321.0,cpu_all#0
21759.498,batt.current_ua,-171.0,cpu_all#0
21759.518,batt.current_ua,-171.0,cpu_all#0
21760.727,batt.current_ua,-173.0,cpu_all#0
21760.744,batt.current_ua,-173.0,cpu_all#0
21761.962,batt.current_ua,-129.0,cpu_all#0
21761.980,batt.current_ua,-129.0,cpu_all#0
21763.171,batt.current_ua,-206.0,cpu_all#0
21763.189,batt.current_ua,-206.0,cpu_all#0
21764.400,batt.current_ua,-217.0,cpu_all#0
21764.427,batt.current_ua,-217.0,cpu_all#0
21765.621,batt.current_ua,-203.0,cpu_all#0
21765.667,batt.current_ua,-203.0,cpu_all#0
21766.790,batt.current_ua,-292.0,cpu_all#0
21766.818,batt.current_ua,-292.0,cpu_all#0
21768.018,batt.current_ua,-257.0,cpu_all#0
21768.059,batt.current_ua,-257.0,cpu_all#0
21769.254,batt.current_ua,-216.0,cpu_all#0
21769.286,batt.current_ua,-216.0,cpu_all#0
21770.483,batt.current_ua,-208.0,cpu_all#0
21770.499,batt.current_ua,-208.0,cpu_all#0
21771.705,batt.current_ua,-153.0,cpu_all#0
21771.803,batt.current_ua,-153.0,cpu_all#0
21772.983,batt.current_ua,-219.0,cpu_all#0
21773.018,batt.current_ua,-219.0,cpu_all#0
21774.212,batt.current_ua,-224.0,cpu_all#0
21774.234,batt.current_ua,-224.0,cpu_all#0
21775.426,batt.current_ua,-237.0,cpu_all#0
21775.451,batt.current_ua,-237.0,cpu_all#0
21776.653,batt.current_ua,-211.0,cpu_all#0
21776.714,batt.current_ua,-211.0,cpu_all#0
21777.900,batt.current_ua,-153.0,cpu_all#0
21777.934,batt.current_ua,-153.0,cpu_all#0
21778.708,batt.current_ua,-2.0,cpu_all#0
21778.761,batt.current_ua,-359.0,cpu_all#0
21778.878,batt.current_ua,-359.0,
21778.961,batt.current_ua,-107.0,
21780.312,batt.current_ua,-211.0,
21780.411,batt.current_ua,-211.0,
21781.600,batt.current_ua,-201.0,
21781.615,batt.current_ua,-201.0,
21782.818,batt.current_ua,-232.0,
21782.847,batt.current_ua,-232.0,
21784.037,batt.current_ua,-214.0,
21784.056,batt.current_ua,-214.0,
21785.259,batt.current_ua,-178.0,
21785.307,batt.current_ua,-178.0,
21786.509,batt.current_ua,-232.0,
21786.555,batt.current_ua,-232.0,
21787.684,batt.current_ua,-282.0,
21787.774,batt.current_ua,-282.0,
21788.977,batt.current_ua,-267.0,
21789.014,batt.current_ua,-267.0,
21790.160,batt.current_ua,-147.0,
21790.211,batt.current_ua,-147.0,
21791.380,batt.current_ua,-218.0,
21791.393,batt.current_ua,-218.0,
21792.595,batt.current_ua,-254.0,
21792.606,batt.current_ua,-254.0,
21792.706,batt.current_ua,-275.0,
21793.828,batt.current_ua,-275.0,
21793.838,batt.current_ua,-275.0,
21795.048,batt.current_ua,-216.0,
21795.061,batt.current_ua,-216.0,
21796.273,batt.current_ua,-229.0,
21796.306,batt.current_ua,-229.0,
21796.406,batt.current_ua,-218.0,
21797.511,batt.current_ua,-218.0,
21797.536,batt.current_ua,-218.0,
21798.741,batt.current_ua,-206.0,
21798.772,batt.current_ua,-206.0,
21798.873,batt.current_ua,-167.0,
21799.041,batt.current_ua,-167.0,
21799.113,batt.current_ua,-364.0,
21799.184,batt.current_ua,-364.0,
21800.433,batt.current_ua,10.0,
21800.459,batt.current_ua,10.0,
21800.568,batt.current_ua,-260.0,
21800.667,batt.current_ua,-246.0,idle#1
21800.768,batt.current_ua,-246.0,idle#1
21800.868,batt.current_ua,-183.0,idle#1
21800.975,batt.current_ua,-183.0,idle#1
21801.064,batt.current_ua,-201.0,idle#1
21801.166,batt.current_ua,-201.0,idle#1
21801.268,batt.current_ua,-91.0,idle#1
21802.436,batt.current_ua,-226.0,idle#1
21802.445,batt.current_ua,-226.0,idle#1
21803.669,batt.current_ua,-147.0,idle#1
21803.736,batt.current_ua,-147.0,idle#1
21804.928,batt.current_ua,-201.0,idle#1
21804.937,batt.current_ua,-201.0,idle#1
21806.105,batt.current_ua,-234.0,idle#1
21806.147,batt.current_ua,-234.0,idle#1
21807.359,batt.current_ua,-167.0,idle#1
21807.395,batt.current_ua,-167.0,idle#1
21808.579,batt.current_ua,-242.0,idle#1
21808.607,batt.current_ua,-242.0,idle#1
21809.807,batt.current_ua,-193.0,idle#1
21809.910,batt.current_ua,-193.0,idle#1
21811.016,batt.current_ua,-236.0,idle#1
21811.037,batt.current_ua,-236.0,idle#1
21811.133,batt.current_ua,-236.0,idle#1
21812.261,batt.current_ua,-175.0,idle#1
21812.361,batt.current_ua,-175.0,idle#1
21813.487,batt.current_ua,-229.0,idle#1
21813.498,batt.current_ua,-229.0,idle#1
21813.597,batt.current_ua,-229.0,idle#1
21814.712,batt.current_ua,-193.0,idle#1
21814.729,batt.current_ua,-193.0,idle#1
21815.933,batt.current_ua,-224.0,idle#1
21815.957,batt.current_ua,-224.0,idle#1
21816.057,batt.current_ua,-242.0,idle#1
21817.174,batt.current_ua,-242.0,idle#1
21817.187,batt.current_ua,-242.0,idle#1
21817.290,batt.current_ua,-242.0,idle#1
21818.391,batt.current_ua,-260.0,idle#1
21818.407,batt.current_ua,-260.0,idle#1
21819.617,batt.current_ua,-201.0,idle#1
21819.634,batt.current_ua,-201.0,idle#1
21819.733,batt.current_ua,-201.0,idle#1
21820.851,batt.current_ua,-199.0,idle#1
21820.880,batt.current_ua,-199.0,idle#1
21822.083,batt.current_ua,-224.0,idle#1
21822.103,batt.current_ua,-224.0,idle#1
21823.310,batt.current_ua,-201.0,idle#1
21823.343,batt.current_ua,-201.0,idle#1
21824.551,batt.current_ua,-277.0,idle#1
21824.576,batt.current_ua,-277.0,idle#1
21824.676,batt.current_ua,-196.0,idle#1
21825.773,batt.current_ua,-196.0,idle#1
21825.821,batt.current_ua,-196.0,idle#1
21827.018,batt.current_ua,-237.0,idle#1
21827.028,batt.current_ua,-237.0,idle#1
21828.217,batt.current_ua,-28.0,idle#1
21828.252,batt.current_ua,-239.0,idle#1
21828.351,batt.current_ua,-244.0,idle#1
21829.466,batt.current_ua,-244.0,idle#1
21829.484,batt.current_ua,-244.0,idle#1
21830.687,batt.current_ua,-201.0,idle#1
21830.712,batt.current_ua,-201.0,idle#1
21831.912,batt.current_ua,-183.0,idle#1
21831.954,batt.current_ua,-183.0,idle#1
21833.149,batt.current_ua,-211.0,idle#1
21833.189,batt.current_ua,-211.0,idle#1
21834.385,batt.current_ua,-216.0,idle#1
21834.435,batt.current_ua,-216.0,idle#1
21835.635,batt.current_ua,-191.0,idle#1
21835.661,batt.current_ua,-191.0,idle#1
21836.853,batt.current_ua,-203.0,idle#1
21836.911,batt.current_ua,-203.0,idle#1
21838.099,batt.current_ua,-167.0,idle#1
21838.141,batt.current_ua,-167.0,idle#1
21839.349,batt.current_ua,-188.0,idle#1
21839.365,batt.current_ua,-188.0,idle#1
21840.545,batt.current_ua,-219.0,idle#1
21840.573,batt.current_ua,-219.0,idle#1
21841.764,batt.current_ua,-206.0,idle#1
21841.813,batt.current_ua,-206.0,idle#1
21843.008,batt.current_ua,-171.0,idle#1
21843.047,batt.current_ua,-171.0,idle#1
21844.243,batt.current_ua,-175.0,idle#1
21844.273,batt.current_ua,-175.0,idle#1
21845.471,batt.current_ua,-196.0,idle#1
21845.524,batt.current_ua,-196.0,idle#1
21846.322,batt.current_ua,-236.0,idle#1
21846.368,batt.current_ua,-236.0,idle#1
21846.471,batt.current_ua,-236.0,
21846.569,batt.current_ua,-81.0,
21847.889,batt.current_ua,-191.0,
21847.938,batt.current_ua,-191.0,
21849.139,batt.current_ua,-203.0,
21849.173,batt.current_ua,-203.0,
21850.358,batt.current_ua,-199.0,
21850.406,batt.current_ua,-199.0,
21851.621,batt.current_ua,-211.0,
21851.640,batt.current_ua,-211.0,
21852.842,batt.current_ua,-175.0,
21852.902,batt.current_ua,-175.0,
21854.044,batt.current_ua,-193.0,
21854.089,batt.current_ua,-193.0,
21855.287,batt.current_ua,-201.0,
21855.322,batt.current_ua,-201.0,
21856.521,batt.current_ua,-191.0,
21856.544,batt.current_ua,-191.0,
21857.739,batt.current_ua,-183.0,
21857.772,batt.current_ua,-183.0,
21859.371,batt.current_ua,-14.0,
21859.404,batt.current_ua,-14.0,
21860.589,batt.current_ua,-10.0,
21860.624,batt.current_ua,-10.0,
21861.820,batt.current_ua,-28.0,
21861.867,batt.current_ua,-28.0,
21863.079,batt.current_ua,7.0,
21863.099,batt.current_ua,7.0,
21864.275,batt.current_ua,-20.0,
21864.318,batt.current_ua,-20.0,
21865.509,batt.current_ua,-38.0,
21865.560,batt.current_ua,-38.0,
21866.749,batt.current_ua,-25.0,
21866.784,batt.current_ua,-25.0,
21866.914,batt.current_ua,-125.0,
21866.987,batt.current_ua,-125.0,
21867.087,batt.current_ua,-507.0,
21867.209,batt.current_ua,-189.0,cpu1#1
21867.292,batt.current_ua,-189.0,cpu1#1
21867.392,batt.current_ua,-242.0,cpu1#1
21867.489,batt.current_ua,-242.0,cpu1#1
21867.590,batt.current_ua,-313.0,cpu1#1
21867.986,batt.current_ua,-42.0,cpu1#1
21868.064,batt.current_ua,-42.0,cpu1#1
21868.633,batt.current_ua,-688.0,cpu1#1
21869.833,batt.current_ua,-28.0,cpu1#1
21869.881,batt.current_ua,-484.0,cpu1#1
21871.083,batt.current_ua,-591.0,cpu1#1
21871.139,batt.current_ua,-2.0,cpu1#1
21872.266,batt.current_ua,-2.0,cpu1#1
21872.312,batt.current_ua,-359.0,cpu1#1
21873.526,batt.current_ua,-604.0,cpu1#1
21873.585,batt.current_ua,-604.0,cpu1#1
21874.802,batt.current_ua,-328.0,cpu1#1
21874.831,batt.current_ua,-328.0,cpu1#1
21876.023,batt.current_ua,-749.0,cpu1#1
21877.193,batt.current_ua,10.0,cpu1#1
21877.251,batt.current_ua,-522.0,cpu1#1
21878.450,batt.current_ua,-562.0,cpu1#1
21879.624,batt.current_ua,17.0,cpu1#1
21879.659,batt.current_ua,17.0,cpu1#1
21880.873,batt.current_ua,-2.0,cpu1#1
21880.885,batt.current_ua,-2.0,cpu1#1
21880.985,batt.current_ua,-326.0,cpu1#1
21882.097,batt.current_ua,-7.0,cpu1#1
21882.193,batt.current_ua,-652.0,cpu1#1
21883.327,batt.current_ua,-12.0,cpu1#1
21883.336,batt.current_ua,-12.0,cpu1#1
21884.546,batt.current_ua,12.0,cpu1#1
21884.590,batt.current_ua,-535.0,cpu1#1
21885.802,batt.current_ua,0.0,cpu1#1
21885.816,batt.current_ua,-295.0,cpu1#1
21887.005,batt.current_ua,5.0,cpu1#1
21887.053,batt.current_ua,-807.0,cpu1#1
21888.251,batt.current_ua,5.0,cpu1#1
21888.296,batt.current_ua,-772.0,cpu1#1
21889.521,batt.current_ua,-270.0,cpu1#1
21889.537,batt.current_ua,-270.0,cpu1#1
21890.724,batt.current_ua,-17.0,cpu1#1
21890.789,batt.current_ua,-556.0,cpu1#1
21891.924,batt.current_ua,-2.0,cpu1#1
21892.000,batt.current_ua,-351.0,cpu1#1
21893.202,batt.current_ua,-236.0,cpu1#1
21893.247,batt.current_ua,-236.0,cpu1#1
21894.417,batt.current_ua,-537.0,cpu1#1
21895.625,batt.current_ua,20.0,cpu1#1
21895.634,batt.current_ua,20.0,cpu1#1
21896.830,batt.current_ua,-17.0,cpu1#1
21896.868,batt.current_ua,-17.0,cpu1#1
21898.086,batt.current_ua,-12.0,cpu1#1
21898.123,batt.current_ua,-504.0,cpu1#1
21899.308,batt.current_ua,0.0,cpu1#1
21899.356,batt.current_ua,-333.0,cpu1#1
21900.557,batt.current_ua,5.0,cpu1#1
21900.614,batt.current_ua,-593.0,cpu1#1
21901.816,batt.current_ua,-596.0,cpu1#1
21902.971,batt.current_ua,-7.0,cpu1#1
21903.039,batt.current_ua,-600.0,cpu1#1
21903.146,batt.current_ua,-600.0,cpu1#1
21903.239,batt.current_ua,-1135.0,cpu1#1
21904.425,batt.current_ua,-236.0,cpu1#1
21904.454,batt.current_ua,-236.0,cpu1#1
21905.654,batt.current_ua,-239.0,cpu1#1
21905.689,batt.current_ua,-239.0,cpu1#1
21906.893,batt.current_ua,-288.0,cpu1#1
21906.942,batt.current_ua,-288.0,cpu1#1
21908.148,batt.current_ua,-323.0,cpu1#1
21908.199,batt.current_ua,-323.0,cpu1#1
21909.322,batt.current_ua,-7.0,cpu1#1
21909.368,batt.current_ua,-239.0,cpu1#1
21910.561,batt.current_ua,5.0,cpu1#1
21910.583,batt.current_ua,-262.0,cpu1#1
21911.782,batt.current_ua,-14.0,cpu1#1
21911.821,batt.current_ua,-272.0,cpu1#1
21913.014,batt.current_ua,12.0,cpu1#1
21913.062,batt.current_ua,-285.0,cpu1#1
21913.163,batt.current_ua,-285.0,
21914.462,batt.current_ua,-244.0,
21914.512,batt.current_ua,-244.0,
21915.705,batt.current_ua,-288.0,
21915.775,batt.current_ua,-288.0,
21916.969,batt.current_ua,-185.0,
21918.147,batt.current_ua,-295.0,
21918.167,batt.current_ua,-295.0,
21919.358,batt.current_ua,-229.0,
21919.403,batt.current_ua,-229.0,
21920.602,batt.current_ua,-252.0,
21920.639,batt.current_ua,-252.0,
21921.825,batt.current_ua,-216.0,
21921.860,batt.current_ua,-216.0,
21923.052,batt.current_ua,-214.0,
21923.085,batt.current_ua,-214.0,
21923.185,batt.current_ua,-214.0,
21924.552,batt.current_ua,-68.0,
21924.588,batt.current_ua,-68.0,
21925.703,batt.current_ua,-84.0,
21925.720,batt.current_ua,-84.0,
21925.820,batt.current_ua,-84.0,
21926.944,batt.current_ua,-78.0,
21926.957,batt.current_ua,-78.0,
21928.169,batt.current_ua,-198.0,
21928.193,batt.current_ua,-198.0,
21928.293,batt.current_ua,-107.0,
21929.402,batt.current_ua,-107.0,
21929.432,batt.current_ua,-107.0,
21930.630,batt.current_ua,-86.0,
21930.643,batt.current_ua,-86.0,
21930.739,batt.current_ua,-86.0,
21931.935,batt.current_ua,-107.0,
21933.072,batt.current_ua,-119.0,
21933.102,batt.current_ua,-119.0,
21933.284,batt.current_ua,-252.0,
21933.303,batt.current_ua,-252.0,
21933.401,batt.current_ua,-264.0,
21933.502,batt.current_ua,-264.0,
21934.791,batt.current_ua,-14.0,
21934.809,batt.current_ua,-527.0,
21934.918,batt.current_ua,-527.0,cpu_all#1
21935.010,batt.current_ua,-101.0,cpu_all#1
21935.127,batt.current_ua,-101.0,cpu_all#1
21935.209,batt.current_ua,-369.0,cpu_all#1
21935.309,batt.current_ua,-369.0,cpu_all#1
21935.410,batt.current_ua,-2660.0,cpu_all#1
21935.509,batt.current_ua,-2776.0,cpu_all#1
21936.428,batt.current_ua,-438.0,cpu_all#1
21936.468,batt.current_ua,-438.0,cpu_all#1
21937.654,batt.current_ua,-1003.0,cpu_all#1
21938.748,batt.current_ua,-160.0,cpu_all#1
21938.815,batt.current_ua,-160.0,cpu_all#1
21940.128,batt.current_ua,-282.0,cpu_all#1
21940.168,batt.current_ua,-282.0,cpu_all#1
21941.346,batt.current_ua,-326.0,cpu_all#1
21941.390,batt.current_ua,-326.0,cpu_all#1
21942.587,batt.current_ua,-260.0,cpu_all#1
21943.746,batt.current_ua,7.0,cpu_all#1
21943.794,batt.current_ua,-239.0,cpu_all#1
21945.003,batt.current_ua,-246.0,cpu_all#1
21945.027,batt.current_ua,-246.0,cpu_all#1
21946.231,batt.current_ua,-257.0,cpu_all#1
21946.272,batt.current_ua,-257.0,cpu_all#1
21947.466,batt.current_ua,-314.0,cpu_all#1
21947.516,batt.current_ua,-314.0,cpu_all#1
21948.728,batt.current_ua,-324.0,cpu_all#1
21949.875,batt.current_ua,-25.0,cpu_all#1
21949.930,batt.current_ua,-418.0,cpu_all#1
21951.127,batt.current_ua,-2.0,cpu_all#1
21951.178,batt.current_ua,-272.0,cpu_all#1
21952.369,batt.current_ua,-387.0,cpu_all#1
21952.396,batt.current_ua,-387.0,cpu_all#1
21953.602,batt.current_ua,-282.0,cpu_all#1
21953.649,batt.current_ua,-282.0,cpu_all#1
21954.857,batt.current_ua,-333.0,cpu_all#1
21954.905,batt.current_ua,-333.0,cpu_all#1
21956.111,batt.current_ua,-257.0,cpu_all#1
21956.143,batt.current_ua,-257.0,cpu_all#1
21957.326,batt.current_ua,-369.0,cpu_all#1
21957.368,batt.current_ua,-369.0,cpu_all#1
21958.569,batt.current_ua,-397.0,cpu_all#1
21959.740,batt.current_ua,-389.0,cpu_all#1
21959.773,batt.current_ua,-389.0,cpu_all#1
21960.985,batt.current_ua,-254.0,cpu_all#1
21961.023,batt.current_ua,-254.0,cpu_all#1
21962.216,batt.current_ua,-456.0,cpu_all#1
21962.270,batt.current_ua,-456.0,cpu_all#1
21963.480,batt.current_ua,-328.0,cpu_all#1
21963.511,batt.current_ua,-328.0,cpu_all#1
21964.639,batt.current_ua,-2.0,cpu_all#1
21964.666,batt.current_ua,-464.0,cpu_all#1
21965.861,batt.current_ua,7.0,cpu_all#1
21965.916,batt.current_ua,-466.0,cpu_all#1
21967.127,batt.current_ua,-226.0,cpu_all#1
21967.185,batt.current_ua,-226.0,cpu_all#1
21967.546,batt.current_ua,-344.0,cpu_all#1
21967.616,batt.current_ua,-344.0,cpu_all#1
21967.721,batt.current_ua,-2650.0,cpu_all#1
21967.814,batt.current_ua,-2790.0,cpu_all#1
21968.343,batt.current_ua,-295.0,cpu_all#1
21968.383,batt.current_ua,-295.0,cpu_all#1
21969.581,batt.current_ua,-377.0,cpu_all#1
21969.628,batt.current_ua,-377.0,cpu_all#1
21970.855,batt.current_ua,-270.0,cpu_all#1
21970.871,batt.current_ua,-270.0,cpu_all#1
21972.079,batt.current_ua,-357.0,cpu_all#1
21972.108,batt.current_ua,-357.0,cpu_all#1
21973.304,batt.current_ua,-293.0,cpu_all#1
21974.459,batt.current_ua,12.0,cpu_all#1
21974.504,batt.current_ua,-272.0,cpu_all#1
21975.696,batt.current_ua,2.0,cpu_all#1
21975.755,batt.current_ua,-252.0,cpu_all#1
21976.541,batt.current_ua,-4.0,cpu_all#1
21976.609,batt.current_ua,-2536.0,cpu_all#1
21976.797,batt.current_ua,-275.0,cpu_all#1
21976.809,batt.current_ua,-275.0,cpu_all#1
21976.909,batt.current_ua,-275.0,cpu_all#1
21978.186,batt.current_ua,-438.0,cpu_all#1
21978.206,batt.current_ua,-438.0,cpu_all#1
21979.410,batt.current_ua,-328.0,cpu_all#1
21979.432,batt.current_ua,-328.0,cpu_all#1
21980.632,batt.current_ua,-325.0,cpu_all#1
21980.676,batt.current_ua,-325.0,cpu_all#1
21980.788,batt.current_ua,-325.0,
21980.876,batt.current_ua,-237.0,
21982.225,batt.current_ua,-214.0,
21982.242,batt.current_ua,-214.0,
21982.345,batt.current_ua,-214.0,
21983.468,batt.current_ua,-226.0,
21983.561,batt.current_ua,-226.0,
21984.684,batt.current_ua,-181.0,
21984.707,batt.current_ua,-181.0,
21984.807,batt.current_ua,-181.0,
21985.939,batt.current_ua,-178.0,
21986.041,batt.current_ua,-178.0,
21987.226,batt.current_ua,-191.0,
21987.980,batt.current_ua,-10.0,
21987.996,batt.current_ua,-10.0,
21988.096,batt.current_ua,-303.0,
21988.253,batt.current_ua,-125.0,
21988.303,batt.current_ua,-125.0,
21988.402,batt.current_ua,-135.0,
21989.618,batt.current_ua,-211.0,
21989.632,batt.current_ua,-211.0,
21990.836,batt.current_ua,-209.0,
21990.858,batt.current_ua,-209.0,
21990.959,batt.current_ua,-199.0,
21992.074,batt.current_ua,-199.0,
21992.085,batt.current_ua,-199.0,
21993.309,batt.current_ua,-196.0,
21993.323,batt.current_ua,-196.0,
21993.423,batt.current_ua,-196.0,
21994.526,batt.current_ua,-209.0,
21994.555,batt.current_ua,-209.0,
21995.753,batt.current_ua,-196.0,
21995.779,batt.current_ua,-196.0,
21995.879,batt.current_ua,-196.0,
21996.996,batt.current_ua,-196.0,
21997.021,batt.current_ua,-196.0,
21998.216,batt.current_ua,-232.0,
21998.235,batt.current_ua,-232.0,
21998.335,batt.current_ua,-175.0,
21999.453,batt.current_ua,-175.0,
21999.461,batt.current_ua,-175.0,
21999.567,batt.current_ua,-175.0,
22000.670,batt.current_ua,-206.0,
22000.685,batt.current_ua,-206.0,
22000.789,batt.current_ua,-206.0,
22000.915,batt.current_ua,-292.0,
22000.991,batt.current_ua,-292.0,
22001.087,batt.current_ua,-196.0,
22001.196,batt.current_ua,-323.0,
22001.294,batt.current_ua,-323.0,
22001.393,batt.current_ua,-86.0,idle#2
22001.491,batt.current_ua,-86.0,idle#2
22001.613,batt.current_ua,-160.0,idle#2
22001.688,batt.current_ua,-160.0,idle#2
22001.788,batt.current_ua,-272.0,idle#2
22001.893,batt.current_ua,-71.0,idle#2
22001.994,batt.current_ua,-71.0,idle#2
22002.091,batt.current_ua,-60.0,idle#2
22002.191,batt.current_ua,-60.0,idle#2
22002.294,batt.current_ua,-22.0,idle#2
22002.394,batt.current_ua,-22.0,idle#2
22002.961,batt.current_ua,-183.0,idle#2
22004.140,batt.current_ua,-12.0,idle#2
22004.162,batt.current_ua,-191.0,idle#2
22004.263,batt.current_ua,-180.0,idle#2
22005.413,batt.current_ua,-180.0,idle#2
22005.473,batt.current_ua,-180.0,idle#2
22006.627,batt.current_ua,-201.0,idle#2
22006.648,batt.current_ua,-201.0,idle#2
22007.840,batt.current_ua,-208.0,idle#2
22007.851,batt.current_ua,-208.0,idle#2
22009.055,batt.current_ua,-12.0,idle#2
22009.100,batt.current_ua,-208.0,idle#2
22010.305,batt.current_ua,-191.0,idle#2
22010.345,batt.current_ua,-191.0,idle#2
22011.541,batt.current_ua,-267.0,idle#2
22011.596,batt.current_ua,-267.0,idle#2
22012.790,batt.current_ua,-306.0,idle#2
22012.849,batt.current_ua,-306.0,idle#2
22013.989,batt.current_ua,-203.0,idle#2
22014.003,batt.current_ua,-203.0,idle#2
22015.221,batt.current_ua,-214.0,idle#2
22015.230,batt.current_ua,-214.0,idle#2
22015.330,batt.current_ua,-214.0,idle#2
22016.438,batt.current_ua,-4.0,idle#2
22016.480,batt.current_ua,-270.0,idle#2
22017.674,batt.current_ua,-193.0,idle#2
22017.724,batt.current_ua,-193.0,idle#2
22018.928,batt.current_ua,-199.0,idle#2
22018.953,batt.current_ua,-199.0,idle#2
22020.147,batt.current_ua,-310.0,idle#2
22020.210,batt.current_ua,-310.0,idle#2
22021.405,batt.current_ua,-181.0,idle#2
22021.437,batt.current_ua,-181.0,idle#2
22022.655,batt.current_ua,-160.0,idle#2
22022.679,batt.current_ua,-160.0,idle#2
22023.870,batt.current_ua,-185.0,idle#2
22023.895,batt.current_ua,-185.0,idle#2
22025.078,batt.current_ua,-198.0,idle#2
22025.102,batt.current_ua,-198.0,idle#2
22026.313,batt.current_ua,-173.0,idle#2
22027.491,batt.current_ua,-14.0,idle#2
22027.547,batt.current_ua,-267.0,idle#2
22028.749,batt.current_ua,-183.0,idle#2
22028.791,batt.current_ua,-183.0,idle#2
22029.988,batt.current_ua,-188.0,idle#2
22030.011,batt.current_ua,-188.0,idle#2
22031.192,batt.current_ua,-14.0,idle#2
22031.253,batt.current_ua,-247.0,idle#2
22032.444,batt.current_ua,-200.0,idle#2
22032.477,batt.current_ua,-200.0,idle#2
22033.677,batt.current_ua,-227.0,idle#2
22033.726,batt.current_ua,-227.0,idle#2
22034.947,batt.current_ua,-175.0,idle#2
22034.976,batt.current_ua,-175.0,idle#2
22036.156,batt.current_ua,-234.0,idle#2
22036.194,batt.current_ua,-234.0,idle#2
22037.391,batt.current_ua,-214.0,idle#2
22037.417,batt.current_ua,-214.0,idle#2
22038.612,batt.current_ua,-242.0,idle#2
22038.633,batt.current_ua,-242.0,idle#2
22039.825,batt.current_ua,-229.0,idle#2
22039.876,batt.current_ua,-229.0,idle#2
22041.014,batt.current_ua,10.0,idle#2
22041.111,batt.current_ua,-201.0,idle#2
22042.305,batt.current_ua,-185.0,idle#2
22042.335,batt.current_ua,-185.0,idle#2
22043.523,batt.current_ua,-232.0,idle#2
22043.570,batt.current_ua,-232.0,idle#2
22044.714,batt.current_ua,-160.0,idle#2
22044.722,batt.current_ua,-160.0,idle#2
22044.828,batt.current_ua,-160.0,idle#2
22045.943,batt.current_ua,-219.0,idle#2
22045.951,batt.current_ua,-219.0,idle#2
22047.150,batt.current_ua,-4.0,idle#2
22047.166,batt.current_ua,-4.0,idle#2
22047.266,batt.current_ua,-196.0,idle#2
22047.366,batt.current_ua,-228.0,
22047.466,batt.current_ua,-228.0,
22048.826,batt.current_ua,-211.0,
22050.021,batt.current_ua,-86.0,
22050.069,batt.current_ua,-86.0,
22051.268,batt.current_ua,-86.0,
22051.305,batt.current_ua,-86.0,
22052.493,batt.current_ua,-96.0,
22052.541,batt.current_ua,-96.0,
22053.740,batt.current_ua,-91.0,
22053.770,batt.current_ua,-91.0,
22055.379,batt.current_ua,10.0,
22055.413,batt.current_ua,10.0,
22056.608,batt.current_ua,-17.0,
22056.659,batt.current_ua,-129.0,
22057.866,batt.current_ua,17.0,
22059.054,batt.current_ua,7.0,
22059.093,batt.current_ua,7.0,
22060.281,batt.current_ua,-4.0,
22060.341,batt.current_ua,-153.0,
22061.531,batt.current_ua,17.0,
22061.579,batt.current_ua,-142.0,
22062.780,batt.current_ua,10.0,
22062.812,batt.current_ua,-137.0,
22064.018,batt.current_ua,-12.0,
22064.042,batt.current_ua,-257.0,
22065.233,batt.current_ua,-7.0,
22065.264,batt.current_ua,-114.0,
22066.452,batt.current_ua,15.0,
22066.496,batt.current_ua,-178.0,
22067.703,batt.current_ua,-12.0,
22067.759,batt.current_ua,-280.0,
22067.860,batt.current_ua,-280.0,
22067.959,batt.current_ua,-155.0,
22068.059,batt.current_ua,-155.0,
22068.173,batt.current_ua,-642.0,cpu1#2
22068.259,batt.current_ua,-127.0,cpu1#2
22068.358,batt.current_ua,-127.0,cpu1#2
22068.459,batt.current_ua,-139.0,cpu1#2
22068.559,batt.current_ua,-155.0,cpu1#2
22069.688,batt.current_ua,-155.0,cpu1#2
22069.724,batt.current_ua,-155.0,cpu1#2
22070.941,batt.current_ua,-196.0,cpu1#2
22070.989,batt.current_ua,-196.0,cpu1#2
22072.183,batt.current_ua,-129.0,cpu1#2
22072.220,batt.current_ua,-129.0,cpu1#2
22073.422,batt.current_ua,-203.0,cpu1#2
22074.591,batt.current_ua,-242.0,cpu1#2
22074.633,batt.current_ua,-242.0,cpu1#2
22075.839,batt.current_ua,-196.0,cpu1#2
22075.882,batt.current_ua,-196.0,cpu1#2
22077.076,batt.current_ua,-236.0,cpu1#2
22077.154,batt.current_ua,-236.0,cpu1#2
22078.288,batt.current_ua,-203.0,cpu1#2
22078.315,batt.current_ua,-203.0,cpu1#2
22079.541,batt.current_ua,-157.0,cpu1#2
22079.571,batt.current_ua,-157.0,cpu1#2
22080.756,batt.current_ua,-209.0,cpu1#2
22080.796,batt.current_ua,-209.0,cpu1#2
22081.994,batt.current_ua,-181.0,cpu1#2
22082.028,batt.current_ua,-181.0,cpu1#2
22083.641,batt.current_ua,-17.0,cpu1#2
22083.691,batt.current_ua,-17.0,cpu1#2
22084.475,batt.current_ua,-94.0,cpu1#2
22084.503,batt.current_ua,-94.0,cpu1#2
22084.705,batt.current_ua,-935.0,cpu1#2
22084.801,batt.current_ua,-947.0,cpu1#2
22086.070,batt.current_ua,-10.0,cpu1#2
22086.086,batt.current_ua,-10.0,cpu1#2
22087.301,batt.current_ua,-12.0,cpu1#2
22087.336,batt.current_ua,-12.0,cpu1#2
22088.529,batt.current_ua,-4.0,cpu1#2
22088.578,batt.current_ua,-4.0,cpu1#2
22089.769,batt.current_ua,0.0,cpu1#2
22089.815,batt.current_ua,0.0,cpu1#2
22091.022,batt.current_ua,7.0,cpu1#2
22091.066,batt.current_ua,7.0,cpu1#2
22092.262,batt.current_ua,12.0,cpu1#2
22092.287,batt.current_ua,12.0,cpu1#2
22093.492,batt.current_ua,-14.0,cpu1#2
22093.534,batt.current_ua,-1035.0,cpu1#2
22094.736,batt.current_ua,10.0,cpu1#2
22095.893,batt.current_ua,-2.0,cpu1#2
22095.914,batt.current_ua,-2.0,cpu1#2
22097.120,batt.current_ua,2.0,cpu1#2
22097.160,batt.current_ua,2.0,cpu1#2
22098.375,batt.current_ua,2.0,cpu1#2
22098.476,batt.current_ua,-555.0,cpu1#2
22099.579,batt.current_ua,-7.0,cpu1#2
22099.613,batt.current_ua,-7.0,cpu1#2
22100.822,batt.current_ua,-2.0,cpu1#2
22100.841,batt.current_ua,-2.0,cpu1#2
22102.054,batt.current_ua,-14.0,cpu1#2
22102.061,batt.current_ua,-14.0,cpu1#2
22103.254,batt.current_ua,-25.0,cpu1#2
22103.265,batt.current_ua,-25.0,cpu1#2
22103.362,batt.current_ua,-1026.0,cpu1#2
22104.496,batt.current_ua,-2.0,cpu1#2
22104.596,batt.current_ua,-741.0,cpu1#2
22105.729,batt.current_ua,-2.0,cpu1#2
22105.743,batt.current_ua,-2.0,cpu1#2
22106.944,batt.current_ua,-7.0,cpu1#2
22106.962,batt.current_ua,-7.0,cpu1#2
22107.051,batt.current_ua,-728.0,cpu1#2
22108.273,batt.current_ua,2.0,cpu1#2
22109.422,batt.current_ua,-4.0,cpu1#2
22109.522,batt.current_ua,-56.0,cpu1#2
22110.645,batt.current_ua,-22.0,cpu1#2
22110.714,batt.current_ua,-22.0,cpu1#2
22111.888,batt.current_ua,0.0,cpu1#2
22111.914,batt.current_ua,0.0,cpu1#2
22113.101,batt.current_ua,0.0,cpu1#2
22113.113,batt.current_ua,0.0,cpu1#2
22113.215,batt.current_ua,-50.0,cpu1#2
22113.923,batt.current_ua,-219.0,cpu1#2
22114.022,batt.current_ua,-219.0,cpu1#2
22114.147,batt.current_ua,-257.0,
22114.219,batt.current_ua,-257.0,
22115.555,batt.current_ua,0.0,
22115.574,batt.current_ua,0.0,
22116.778,batt.current_ua,-2.0,
22116.877,batt.current_ua,-2.0,
22118.078,batt.current_ua,-10.0,
22118.100,batt.current_ua,-10.0,
22119.302,batt.current_ua,0.0,
22119.335,batt.current_ua,0.0,
22120.522,batt.current_ua,7.0,
22120.547,batt.current_ua,7.0,
22121.742,batt.current_ua,-32.0,
22121.765,batt.current_ua,-32.0,
22122.951,batt.current_ua,-14.0,
22122.981,batt.current_ua,-14.0,
22124.189,batt.current_ua,-12.0,
22124.243,batt.current_ua,-12.0,
22125.400,batt.current_ua,-10.0,
22125.427,batt.current_ua,-10.0,
22126.625,batt.current_ua,0.0,
22126.656,batt.current_ua,0.0,
22128.054,batt.current_ua,5.0,
22128.156,batt.current_ua,-153.0,
22129.352,batt.current_ua,-275.0,
22130.558,batt.current_ua,0.0,
22130.574,batt.current_ua,-214.0,
22131.760,batt.current_ua,-10.0,
22131.795,batt.current_ua,-10.0,
22132.994,batt.current_ua,15.0,
22133.027,batt.current_ua,15.0,
22134.222,batt.current_ua,5.0,
22134.264,batt.current_ua,-260.0,
22134.375,batt.current_ua,-260.0,
22134.463,batt.current_ua,-228.0,
22134.562,batt.current_ua,-228.0,
22134.694,batt.current_ua,-89.0,cpu_all#2
22134.765,batt.current_ua,-89.0,cpu_all#2
22134.865,batt.current_ua,-171.0,cpu_all#2
22134.964,batt.current_ua,-145.0,cpu_all#2
22135.062,batt.current_ua,-145.0,cpu_all#2
22135.167,batt.current_ua,-2325.0,cpu_all#2
22135.258,batt.current_ua,-2325.0,cpu_all#2
22135.357,batt.current_ua,-2648.0,cpu_all#2
22135.458,batt.current_ua,-2648.0,cpu_all#2
22135.558,batt.current_ua,-2735.0,cpu_all#2
22135.657,batt.current_ua,-2735.0,cpu_all#2
22135.757,batt.current_ua,-2832.0,cpu_all#2
22135.858,batt.current_ua,-2896.0,cpu_all#2
22136.149,batt.current_ua,-178.0,cpu_all#2
22136.163,batt.current_ua,-178.0,cpu_all#2
22136.258,batt.current_ua,-2130.0,cpu_all#2
22136.357,batt.current_ua,-2130.0,cpu_all#2
22136.457,batt.current_ua,-2894.0,cpu_all#2
22136.558,batt.current_ua,-2843.0,cpu_all#2
22136.658,batt.current_ua,-2843.0,cpu_all#2
22136.757,batt.current_ua,-2944.0,cpu_all#2
22136.857,batt.current_ua,-2944.0,cpu_all#2
22136.958,batt.current_ua,-3076.0,cpu_all#2
22137.058,batt.current_ua,-3076.0,cpu_all#2
22137.157,batt.current_ua,-3056.0,cpu_all#2
22137.257,batt.current_ua,-3098.0,cpu_all#2
22137.358,batt.current_ua,-3098.0,cpu_all#2
22137.458,batt.current_ua,-3053.0,cpu_all#2
22137.557,batt.current_ua,-3053.0,cpu_all#2
22137.658,batt.current_ua,-2964.0,cpu_all#2
22138.505,batt.current_ua,-236.0,cpu_all#2
22138.604,batt.current_ua,-236.0,cpu_all#2
22139.798,batt.current_ua,-234.0,cpu_all#2
22140.955,batt.current_ua,-239.0,cpu_all#2
22141.002,batt.current_ua,-239.0,cpu_all#2
22142.212,batt.current_ua,-224.0,cpu_all#2
22142.242,batt.current_ua,-224.0,cpu_all#2
22143.440,batt.current_ua,-206.0,cpu_all#2
22143.487,batt.current_ua,-206.0,cpu_all#2
22144.691,batt.current_ua,-201.0,cpu_all#2
22144.728,batt.current_ua,-201.0,cpu_all#2
22146.122,batt.current_ua,0.0,cpu_all#2
22147.316,batt.current_ua,-22.0,cpu_all#2
22147.368,batt.current_ua,-22.0,cpu_all#2
22148.590,batt.current_ua,-30.0,cpu_all#2
22148.632,batt.current_ua,-30.0,cpu_all#2
22149.835,batt.current_ua,0.0,cpu_all#2
22149.847,batt.current_ua,0.0,cpu_all#2
22151.049,batt.current_ua,-20.0,cpu_all#2
22151.072,batt.current_ua,-20.0,cpu_all#2
22152.275,batt.current_ua,-22.0,cpu_all#2
22152.320,batt.current_ua,-22.0,cpu_all#2
22153.515,batt.current_ua,-28.0,cpu_all#2
22153.540,batt.current_ua,-28.0,cpu_all#2
22154.737,batt.current_ua,-30.0,cpu_all#2
22154.764,batt.current_ua,-30.0,cpu_all#2
22155.973,batt.current_ua,-35.0,cpu_all#2
22155.980,batt.current_ua,-35.0,cpu_all#2
22157.182,batt.current_ua,-50.0,cpu_all#2
22157.225,batt.current_ua,-50.0,cpu_all#2
22158.430,batt.current_ua,-48.0,cpu_all#2
22158.467,batt.current_ua,-48.0,cpu_all#2
22159.666,batt.current_ua,-50.0,cpu_all#2
22159.696,batt.current_ua,-50.0,cpu_all#2
22160.088,batt.current_ua,-1999.0,cpu_all#2
22160.110,batt.current_ua,-1999.0,cpu_all#2
22160.489,batt.current_ua,-211.0,cpu_all#2
22160.515,batt.current_ua,-211.0,cpu_all#2
22160.770,batt.current_ua,-132.0,cpu_all#2
22160.815,batt.current_ua,-2454.0,cpu_all#2
22160.915,batt.current_ua,-30.0,cpu_all#2
22162.063,batt.current_ua,-30.0,cpu_all#2
22162.154,batt.current_ua,-30.0,cpu_all#2
22163.339,batt.current_ua,-38.0,cpu_all#2
22163.382,batt.current_ua,-38.0,cpu_all#2
22164.179,batt.current_ua,-246.0,cpu_all#2
22164.226,batt.current_ua,-246.0,cpu_all#2
22164.382,batt.current_ua,-153.0,cpu_all#2
22164.429,batt.current_ua,-153.0,cpu_all#2
22164.526,batt.current_ua,-2533.0,cpu_all#2
22165.759,batt.current_ua,-32.0,cpu_all#2
22165.775,batt.current_ua,-32.0,cpu_all#2
22166.961,batt.current_ua,-25.0,cpu_all#2
22166.976,batt.current_ua,-25.0,cpu_all#2
22167.076,batt.current_ua,-25.0,cpu_all#2
22168.193,batt.current_ua,-28.0,cpu_all#2
22168.272,batt.current_ua,-28.0,cpu_all#2
22169.465,batt.current_ua,-127.0,cpu_all#2
22169.500,batt.current_ua,-127.0,cpu_all#2
22170.702,batt.current_ua,-56.0,cpu_all#2
22170.726,batt.current_ua,-56.0,cpu_all#2
22171.908,batt.current_ua,-68.0,cpu_all#2
22171.963,batt.current_ua,-68.0,cpu_all#2
22173.148,batt.current_ua,-64.0,cpu_all#2
22173.184,batt.current_ua,-64.0,cpu_all#2
22174.378,batt.current_ua,-58.0,cpu_all#2
22174.426,batt.current_ua,-58.0,cpu_all#2
22175.608,batt.current_ua,-53.0,cpu_all#2
22175.647,batt.current_ua,-53.0,cpu_all#2
22176.872,batt.current_ua,-50.0,cpu_all#2
22178.082,batt.current_ua,-91.0,cpu_all#2
22178.096,batt.current_ua,-91.0,cpu_all#2
22179.268,batt.current_ua,-96.0,cpu_all#2
22179.283,batt.current_ua,-96.0,cpu_all#2
22180.479,batt.current_ua,-60.0,cpu_all#2
22180.514,batt.current_ua,-60.0,cpu_all#2
22180.632,batt.current_ua,-76.0,cpu_all#2
22180.718,batt.current_ua,-76.0,
22180.819,batt.current_ua,-56.0,
22182.164,batt.current_ua,-2.0,
22182.175,batt.current_ua,-2.0,
22183.596,batt.current_ua,-333.0,
22183.630,batt.current_ua,-333.0,
22184.994,batt.current_ua,-17.0,
22185.026,batt.current_ua,-331.0,
22186.220,batt.current_ua,-2.0,
22186.237,batt.current_ua,-300.0,
22187.459,batt.current_ua,17.0,
22187.545,batt.current_ua,-171.0,
22188.723,batt.current_ua,-361.0,
22188.773,batt.current_ua,-361.0,
22189.912,batt.current_ua,-25.0,
22190.006,batt.current_ua,-198.0,
22191.183,batt.current_ua,-280.0,
22191.220,batt.current_ua,-280.0,
22192.413,batt.current_ua,-193.0,
22192.459,batt.current_ua,-193.0,
22193.646,batt.current_ua,-317.0,
22193.699,batt.current_ua,-317.0,
22194.817,batt.current_ua,0.0,
22194.824,batt.current_ua,0.0,
22194.929,batt.current_ua,-300.0,
22196.056,batt.current_ua,2.0,
22196.154,batt.current_ua,-242.0,
22197.266,batt.current_ua,-2.0,
22197.314,batt.current_ua,-557.0,
22198.512,batt.current_ua,-28.0,
22198.555,batt.current_ua,-344.0,
22199.756,batt.current_ua,-275.0,
22199.814,batt.current_ua,-275.0,
22201.028,batt.current_ua,-203.0,
22201.046,batt.current_ua,-203.0,
22202.395,batt.current_ua,-282.0,
22202.445,batt.current_ua,-282.0,
22202.545,batt.current_ua,-282.0,
22202.663,batt.current_ua,-139.0,idle#3
22202.745,batt.current_ua,-91.0,idle#3
22202.845,batt.current_ua,-91.0,idle#3
22202.959,batt.current_ua,-175.0,idle#3
22203.045,batt.current_ua,-175.0,idle#3
22203.145,batt.current_ua,-104.0,idle#3
22203.245,batt.current_ua,-104.0,idle#3
22203.345,batt.current_ua,-145.0,idle#3
22204.257,batt.current_ua,12.0,idle#3
22204.323,batt.current_ua,-129.0,idle#3
22205.506,batt.current_ua,-12.0,idle#3
22205.527,batt.current_ua,-12.0,idle#3
22206.716,batt.current_ua,10.0,idle#3
22206.755,batt.current_ua,10.0,idle#3
22207.946,batt.current_ua,-7.0,idle#3
22207.983,batt.current_ua,-7.0,idle#3
22209.172,batt.current_ua,5.0,idle#3
22209.216,batt.current_ua,5.0,idle#3
22210.403,batt.current_ua,22.0,idle#3
22210.472,batt.current_ua,-150.0,idle#3
22211.660,batt.current_ua,-22.0,idle#3
22212.838,batt.current_ua,12.0,idle#3
22212.884,batt.current_ua,12.0,idle#3
22214.079,batt.current_ua,10.0,idle#3
22214.102,batt.current_ua,10.0,idle#3
22215.298,batt.current_ua,0.0,idle#3
22215.345,batt.current_ua,0.0,idle#3
22216.539,batt.current_ua,0.0,idle#3
22216.552,batt.current_ua,0.0,idle#3
22216.653,batt.current_ua,25.0,idle#3
22217.773,batt.current_ua,25.0,idle#3
22217.780,batt.current_ua,25.0,idle#3
22218.976,batt.current_ua,-20.0,idle#3
22218.997,batt.current_ua,-20.0,idle#3
22219.098,batt.current_ua,-99.0,idle#3
22220.217,batt.current_ua,-10.0,idle#3
22220.234,batt.current_ua,-10.0,idle#3
22221.451,batt.current_ua,-25.0,idle#3
22221.461,batt.current_ua,-25.0,idle#3
22221.562,batt.current_ua,-147.0,idle#3
22222.686,batt.current_ua,7.0,idle#3
22222.774,batt.current_ua,-236.0,idle#3
22223.944,batt.current_ua,-7.0,idle#3
22223.958,batt.current_ua,-7.0,idle#3
22225.161,batt.current_ua,10.0,idle#3
22225.200,batt.current_ua,10.0,idle#3
22226.397,batt.current_ua,-20.0,idle#3
22226.426,batt.current_ua,-20.0,idle#3
22227.617,batt.current_ua,-4.0,idle#3
22227.637,batt.current_ua,-4.0,idle#3
22228.012,batt.current_ua,-76.0,idle#3
22228.061,batt.current_ua,-264.0,idle#3
22228.854,batt.current_ua,-7.0,idle#3
22228.872,batt.current_ua,-7.0,idle#3
22230.050,batt.current_ua,-4.0,idle#3
22230.065,batt.current_ua,-4.0,idle#3
22230.165,batt.current_ua,-150.0,idle#3
22231.287,batt.current_ua,-4.0,idle#3
22231.379,batt.current_ua,-129.0,idle#3
22232.582,batt.current_ua,-30.0,idle#3
22232.613,batt.current_ua,-119.0,idle#3
22233.800,batt.current_ua,-10.0,idle#3
22233.848,batt.current_ua,-109.0,idle#3
22234.970,batt.current_ua,10.0,idle#3
22235.064,batt.current_ua,-244.0,idle#3
22236.263,batt.current_ua,2.0,idle#3
22237.413,batt.current_ua,-20.0,idle#3
22237.428,batt.current_ua,-20.0,idle#3
22237.527,batt.current_ua,-104.0,idle#3
22238.587,batt.current_ua,-250.0,idle#3
22238.606,batt.current_ua,-250.0,idle#3
22238.706,batt.current_ua,-99.0,idle#3
22239.665,batt.current_ua,-99.0,idle#3
22239.765,batt.current_ua,-99.0,idle#3
22241.177,batt.current_ua,-17.0,idle#3
22242.352,batt.current_ua,-7.0,idle#3
22242.369,batt.current_ua,-7.0,idle#3
22243.560,batt.current_ua,2.0,idle#3
22243.598,batt.current_ua,2.0,idle#3
22244.795,batt.current_ua,-10.0,idle#3
22244.820,batt.current_ua,-10.0,idle#3
22246.016,batt.current_ua,-4.0,idle#3
22246.064,batt.current_ua,-4.0,idle#3
22247.259,batt.current_ua,5.0,idle#3
22247.301,batt.current_ua,5.0,idle#3
22248.080,batt.current_ua,-173.0,idle#3
22248.124,batt.current_ua,-173.0,idle#3
22248.245,batt.current_ua,-280.0,idle#3
22248.324,batt.current_ua,-280.0,
22248.424,batt.current_ua,-76.0,
22249.503,batt.current_ua,-14.0,
22249.520,batt.current_ua,-14.0,
22249.621,batt.current_ua,-117.0,
22250.724,batt.current_ua,-12.0,
22250.745,batt.current_ua,-12.0,
22251.969,batt.current_ua,5.0,
22252.072,batt.current_ua,5.0,
22253.254,batt.current_ua,-10.0,
22253.301,batt.current_ua,-127.0,
22254.482,batt.current_ua,0.0,
22254.502,batt.current_ua,0.0,
22255.712,batt.current_ua,-10.0,
22255.728,batt.current_ua,-10.0,
22256.917,batt.current_ua,-10.0,
22256.938,batt.current_ua,-10.0,
22258.115,batt.current_ua,12.0,
22258.139,batt.current_ua,12.0,
22259.333,batt.current_ua,-14.0,
22259.359,batt.current_ua,-14.0,
22260.162,batt.current_ua,-242.0,
22260.180,batt.current_ua,-242.0,
22260.280,batt.current_ua,-242.0,
22260.438,batt.current_ua,-165.0,
22260.487,batt.current_ua,-165.0,
22260.589,batt.current_ua,-221.0,
22261.812,batt.current_ua,-4.0,
22261.889,batt.current_ua,-4.0,
22263.079,batt.current_ua,-4.0,
22263.109,batt.current_ua,-4.0,
22264.296,batt.current_ua,-25.0,
22264.320,batt.current_ua,-25.0,
22265.504,batt.current_ua,7.0,
22265.537,batt.current_ua,7.0,
22266.060,batt.current_ua,17.0,
22266.145,batt.current_ua,-78.0,
22266.253,batt.current_ua,-78.0,
22266.343,batt.current_ua,-50.0,
22266.446,batt.current_ua,-50.0,
22266.575,batt.current_ua,-137.0,
22266.647,batt.current_ua,-135.0,
22266.746,batt.current_ua,-135.0,
22267.999,batt.current_ua,-17.0,
22268.794,batt.current_ua,-221.0,
22268.829,batt.current_ua,-221.0,
22269.995,batt.current_ua,-203.0,
22270.021,batt.current_ua,-203.0,
22270.121,batt.current_ua,-203.0,
22270.221,batt.current_ua,-333.0,
22270.335,batt.current_ua,-236.0,cpu1#3
22270.422,batt.current_ua,-236.0,cpu1#3
22270.533,batt.current_ua,-132.0,cpu1#3
22270.621,batt.current_ua,-132.0,cpu1#3
22270.722,batt.current_ua,-173.0,cpu1#3
22270.821,batt.current_ua,-173.0,cpu1#3
22270.922,batt.current_ua,-1121.0,cpu1#3
22271.875,batt.current_ua,5.0,cpu1#3
22271.897,batt.current_ua,5.0,cpu1#3
22273.099,batt.current_ua,-7.0,cpu1#3
22273.154,batt.current_ua,-1113.0,cpu1#3
22274.378,batt.current_ua,-489.0,cpu1#3
22275.562,batt.current_ua,-35.0,cpu1#3
22275.613,batt.current_ua,-718.0,cpu1#3
22276.817,batt.current_ua,-2.0,cpu1#3
22276.831,batt.current_ua,-788.0,cpu1#3
22278.013,batt.current_ua,-22.0,cpu1#3
22278.070,batt.current_ua,-1105.0,cpu1#3
22279.196,batt.current_ua,30.0,cpu1#3
22279.242,batt.current_ua,30.0,cpu1#3
22280.455,batt.current_ua,5.0,cpu1#3
22280.481,batt.current_ua,5.0,cpu1#3
22281.672,batt.current_ua,-12.0,cpu1#3
22281.695,batt.current_ua,-12.0,cpu1#3
22282.894,batt.current_ua,-12.0,cpu1#3
22282.921,batt.current_ua,-12.0,cpu1#3
22284.125,batt.current_ua,7.0,cpu1#3
22284.179,batt.current_ua,7.0,cpu1#3
22285.338,batt.current_ua,-25.0,cpu1#3
22285.383,batt.current_ua,-25.0,cpu1#3
22286.592,batt.current_ua,-2.0,cpu1#3
22286.633,batt.current_ua,-2.0,cpu1#3
22287.831,batt.current_ua,2.0,cpu1#3
22287.884,batt.current_ua,2.0,cpu1#3
22289.100,batt.current_ua,5.0,cpu1#3
22289.130,batt.current_ua,-1082.0,cpu1#3
22290.258,batt.current_ua,10.0,cpu1#3
22290.355,batt.current_ua,-1061.0,cpu1#3
22291.488,batt.current_ua,-2.0,cpu1#3
22291.519,batt.current_ua,-2.0,cpu1#3
22292.710,batt.current_ua,-14.0,cpu1#3
22292.762,batt.current_ua,-14.0,cpu1#3
22293.959,batt.current_ua,7.0,cpu1#3
22294.026,batt.current_ua,7.0,cpu1#3
22295.243,batt.current_ua,10.0,cpu1#3
22295.263,batt.current_ua,10.0,cpu1#3
22296.472,batt.current_ua,-7.0,cpu1#3
22296.485,batt.current_ua,-7.0,cpu1#3
22297.667,batt.current_ua,-17.0,cpu1#3
22297.703,batt.current_ua,-17.0,cpu1#3
22298.900,batt.current_ua,2.0,cpu1#3
22298.928,batt.current_ua,2.0,cpu1#3
22300.121,batt.current_ua,-17.0,cpu1#3
22300.171,batt.current_ua,-17.0,cpu1#3
22301.385,batt.current_ua,-2.0,cpu1#3
22301.396,batt.current_ua,-2.0,cpu1#3
22302.588,batt.current_ua,-10.0,cpu1#3
22302.620,batt.current_ua,-10.0,cpu1#3
22303.805,batt.current_ua,-14.0,cpu1#3
22303.838,batt.current_ua,-14.0,cpu1#3
22305.021,batt.current_ua,12.0,cpu1#3
22305.063,batt.current_ua,12.0,cpu1#3
22306.265,batt.current_ua,-10.0,cpu1#3
22306.286,batt.current_ua,-10.0,cpu1#3
22307.473,batt.current_ua,-10.0,cpu1#3
22307.522,batt.current_ua,-10.0,cpu1#3
22308.748,batt.current_ua,-14.0,cpu1#3
22308.775,batt.current_ua,-14.0,cpu1#3
22309.960,batt.current_ua,10.0,cpu1#3
22310.009,batt.current_ua,10.0,cpu1#3
22311.190,batt.current_ua,7.0,cpu1#3
22311.241,batt.current_ua,7.0,cpu1#3
22312.444,batt.current_ua,-2.0,cpu1#3
22313.598,batt.current_ua,-12.0,cpu1#3
22313.619,batt.current_ua,-12.0,cpu1#3
22313.719,batt.current_ua,-127.0,cpu1#3
22314.834,batt.current_ua,-10.0,cpu1#3
22314.932,batt.current_ua,-111.0,cpu1#3
22316.121,batt.current_ua,-14.0,cpu1#3
22316.156,batt.current_ua,-14.0,cpu1#3
22316.273,batt.current_ua,-130.0,
22316.357,batt.current_ua,-101.0,
22317.708,batt.current_ua,-2.0,
22317.725,batt.current_ua,-2.0,
22318.937,batt.current_ua,-14.0,
22318.956,batt.current_ua,-14.0,
22319.056,batt.current_ua,-7.0,
22320.159,batt.current_ua,-7.0,
22320.173,batt.current_ua,-7.0,
22321.386,batt.current_ua,-17.0,
22321.407,batt.current_ua,-17.0,
22321.508,batt.current_ua,0.0,
22322.631,batt.current_ua,0.0,
22322.639,batt.current_ua,0.0,
22323.847,batt.current_ua,-14.0,
22323.866,batt.current_ua,-14.0,
22325.066,batt.current_ua,-17.0,
22325.095,batt.current_ua,-17.0,
22326.309,batt.current_ua,-2.0,
22326.334,batt.current_ua,-2.0,
22326.434,batt.current_ua,5.0,
22327.543,batt.current_ua,5.0,
22327.641,batt.current_ua,-375.0,
22328.821,batt.current_ua,-324.0,
22328.877,batt.current_ua,-4.0,
22330.000,batt.current_ua,-4.0,
22330.100,batt.current_ua,-371.0,
22331.210,batt.current_ua,-10.0,
22331.238,batt.current_ua,-10.0,
22331.338,batt.current_ua,-10.0,
22332.447,batt.current_ua,-10.0,
22332.483,batt.current_ua,-10.0,
22333.698,batt.current_ua,-22.0,
22333.705,batt.current_ua,-22.0,
22334.897,batt.current_ua,-4.0,
22334.916,batt.current_ua,-4.0,
22335.016,batt.current_ua,-359.0,
22336.145,batt.current_ua,-7.0,
22336.153,batt.current_ua,-7.0,
22336.256,batt.current_ua,-325.0,
22336.458,batt.current_ua,-132.0,
22336.553,batt.current_ua,-155.0,
22336.677,batt.current_ua,-155.0,
22336.763,batt.current_ua,-364.0,
22336.860,batt.current_ua,-364.0,cpu_all#3
22336.958,batt.current_ua,-145.0,cpu_all#3
22337.059,batt.current_ua,-99.0,cpu_all#3
22337.256,batt.current_ua,-157.0,cpu_all#3
22337.347,batt.current_ua,-157.0,cpu_all#3
22337.447,batt.current_ua,-2638.0,cpu_all#3
22337.546,batt.current_ua,-2638.0,cpu_all#3
22337.647,batt.current_ua,-2703.0,cpu_all#3
22337.747,batt.current_ua,-2703.0,cpu_all#3
22337.847,batt.current_ua,-2827.0,cpu_all#3
22337.947,batt.current_ua,-2927.0,cpu_all#3
22338.046,batt.current_ua,-2927.0,cpu_all#3
22338.345,batt.current_ua,-203.0,cpu_all#3
22338.360,batt.current_ua,-203.0,cpu_all#3
22339.655,batt.current_ua,-10.0,cpu_all#3
22339.727,batt.current_ua,-2278.0,cpu_all#3
22340.921,batt.current_ua,-1729.0,cpu_all#3
22342.069,batt.current_ua,2.0,cpu_all#3
22342.147,batt.current_ua,-2663.0,cpu_all#3
22343.369,batt.current_ua,-22.0,cpu_all#3
22343.397,batt.current_ua,-1842.0,cpu_all#3
22344.584,batt.current_ua,0.0,cpu_all#3
22344.623,batt.current_ua,-2436.0,cpu_all#3
22345.828,batt.current_ua,-10.0,cpu_all#3
22345.876,batt.current_ua,-2000.0,cpu_all#3
22347.074,batt.current_ua,-2543.0,cpu_all#3
22348.237,batt.current_ua,-22.0,cpu_all#3
22348.264,batt.current_ua,-22.0,cpu_all#3
22349.463,batt.current_ua,20.0,cpu_all#3
22349.511,batt.current_ua,20.0,cpu_all#3
22350.715,batt.current_ua,0.0,cpu_all#3
22350.747,batt.current_ua,0.0,cpu_all#3
22351.947,batt.current_ua,12.0,cpu_all#3
22351.996,batt.current_ua,-2535.0,cpu_all#3
22353.204,batt.current_ua,2.0,cpu_all#3
22353.246,batt.current_ua,-2580.0,cpu_all#3
22354.458,batt.current_ua,-2005.0,cpu_all#3
22354.478,batt.current_ua,-2005.0,cpu_all#3
22355.670,batt.current_ua,-2741.0,cpu_all#3
22355.699,batt.current_ua,-2741.0,cpu_all#3
22356.906,batt.current_ua,-2259.0,cpu_all#3
22358.079,batt.current_ua,-4.0,cpu_all#3
22358.136,batt.current_ua,-1921.0,cpu_all#3
22359.301,batt.current_ua,-7.0,cpu_all#3
22359.329,batt.current_ua,-7.0,cpu_all#3
22360.522,batt.current_ua,2.0,cpu_all#3
22360.556,batt.current_ua,2.0,cpu_all#3
22361.750,batt.current_ua,-12.0,cpu_all#3
22361.801,batt.current_ua,-12.0,cpu_all#3
22363.006,batt.current_ua,-38.0,cpu_all#3
22363.056,batt.current_ua,-2569.0,cpu_all#3
22364.268,batt.current_ua,-2646.0,cpu_all#3
22365.439,batt.current_ua,-20.0,cpu_all#3
22365.458,batt.current_ua,-20.0,cpu_all#3
22366.659,batt.current_ua,-2.0,cpu_all#3
22366.691,batt.current_ua,-2.0,cpu_all#3
22367.890,batt.current_ua,-2.0,cpu_all#3
22367.911,batt.current_ua,-2.0,cpu_all#3
22369.121,batt.current_ua,2.0,cpu_all#3
22369.153,batt.current_ua,2.0,cpu_all#3
22370.333,batt.current_ua,0.0,cpu_all#3
22370.361,batt.current_ua,0.0,cpu_all#3
22371.564,batt.current_ua,-14.0,cpu_all#3
22371.582,batt.current_ua,-14.0,cpu_all#3
22371.682,batt.current_ua,-155.0,cpu_all#3
22372.797,batt.current_ua,10.0,cpu_all#3
22372.809,batt.current_ua,10.0,cpu_all#3
22374.030,batt.current_ua,-10.0,cpu_all#3
22374.043,batt.current_ua,-10.0,cpu_all#3
22374.143,batt.current_ua,-10.0,cpu_all#3
22375.260,batt.current_ua,-10.0,cpu_all#3
22375.295,batt.current_ua,-10.0,cpu_all#3
22376.509,batt.current_ua,-12.0,cpu_all#3
22376.544,batt.current_ua,-12.0,cpu_all#3
22377.723,batt.current_ua,7.0,cpu_all#3
22377.768,batt.current_ua,7.0,cpu_all#3
22378.958,batt.current_ua,-7.0,cpu_all#3
22378.990,batt.current_ua,-7.0,cpu_all#3
22380.174,batt.current_ua,-7.0,cpu_all#3
22380.219,batt.current_ua,-7.0,cpu_all#3
22381.420,batt.current_ua,-10.0,cpu_all#3
22381.453,batt.current_ua,-10.0,cpu_all#3
22382.635,batt.current_ua,-14.0,cpu_all#3
22382.678,batt.current_ua,-14.0,cpu_all#3
22382.802,batt.current_ua,-163.0,
22382.885,batt.current_ua,-119.0,
22384.252,batt.current_ua,5.0,
22384.314,batt.current_ua,-389.0,
22385.514,batt.current_ua,-328.0,
22385.548,batt.current_ua,-328.0,
22386.738,batt.current_ua,-17.0,
22386.782,batt.current_ua,-267.0,
22387.966,batt.current_ua,-2.0,
22387.996,batt.current_ua,-502.0,
22389.202,batt.current_ua,-298.0,
22389.229,batt.current_ua,-298.0,
22390.424,batt.current_ua,-7.0,
22390.440,batt.current_ua,-287.0,
22391.628,batt.current_ua,-2.0,
22391.666,batt.current_ua,-458.0,
22392.862,batt.current_ua,-2.0,
22392.882,batt.current_ua,-2.0,
22392.984,batt.current_ua,-12.0,
22394.106,batt.current_ua,-12.0,
22394.113,batt.current_ua,-12.0,
22394.221,batt.current_ua,-242.0,
22395.319,batt.current_ua,-2.0,
22395.420,batt.current_ua,-374.0,
22396.620,batt.current_ua,-344.0,
22396.660,batt.current_ua,-344.0,
22397.790,batt.current_ua,22.0,
22397.872,batt.current_ua,-232.0,
22398.245,batt.current_ua,-155.0,
22398.292,batt.current_ua,-155.0,
22399.065,batt.current_ua,-341.0,
22399.089,batt.current_ua,-341.0,
22400.291,batt.current_ua,-354.0,
22400.311,batt.current_ua,-354.0,
22401.511,batt.current_ua,-331.0,
22401.533,batt.current_ua,-331.0,
22402.729,batt.current_ua,-296.0,
22402.773,batt.current_ua,-296.0,
22402.973,batt.current_ua,-135.0,
22403.073,batt.current_ua,-107.0,
22404.332,batt.current_ua,-201.0,
22404.386,batt.current_ua,-201.0,
22404.496,batt.current_ua,-92.0,
22404.590,batt.current_ua,-92.0,
22404.690,batt.current_ua,-175.0,
22404.797,batt.current_ua,-175.0,
22404.889,batt.current_ua,-512.0,
21578.251,batt.voltage_uv,3774000.0,
21579.581,batt.voltage_uv,3789000.0,
21579.607,batt.voltage_uv,3789000.0,
21579.707,batt.voltage_uv,3786000.0,
21580.821,batt.voltage_uv,3786000.0,
21580.851,batt.voltage_uv,3786000.0,
21582.057,batt.voltage_uv,3790000.0,
21582.162,batt.voltage_uv,3790000.0,
21583.341,batt.voltage_uv,3788000.0,
21583.359,batt.voltage_uv,3788000.0,
21584.576,batt.voltage_uv,3788000.0,
21584.598,batt.voltage_uv,3788000.0,
21585.809,batt.voltage_uv,3788000.0,
21586.985,batt.voltage_uv,3789000.0,
21586.995,batt.voltage_uv,3789000.0,
21588.193,batt.voltage_uv,3789000.0,
21588.202,batt.voltage_uv,3789000.0,
21588.303,batt.voltage_uv,3789000.0,
21589.428,batt.voltage_uv,3789000.0,
21589.435,batt.voltage_uv,3789000.0,
21590.643,batt.voltage_uv,3788000.0,
21590.652,batt.voltage_uv,3788000.0,
21590.756,batt.voltage_uv,3788000.0,
21591.955,batt.voltage_uv,3789000.0,
21591.983,batt.voltage_uv,3789000.0,
21593.187,batt.voltage_uv,3788000.0,
21594.364,batt.voltage_uv,3787000.0,
21594.380,batt.voltage_uv,3787000.0,
21595.553,batt.voltage_uv,3790000.0,
21595.586,batt.voltage_uv,3790000.0,
21595.686,batt.voltage_uv,3789000.0,
21596.806,batt.voltage_uv,3789000.0,
21596.900,batt.voltage_uv,3789000.0,
21598.105,batt.voltage_uv,3789000.0,
21598.438,batt.voltage_uv,3775000.0,
21598.533,batt.voltage_uv,3775000.0,
21599.739,batt.voltage_uv,3786000.0,
21599.760,batt.voltage_uv,3786000.0,
21599.870,batt.voltage_uv,3786000.0,
21599.968,batt.voltage_uv,3786000.0,
21600.065,batt.voltage_uv,3786000.0,idle#0
21600.237,batt.voltage_uv,3774000.0,idle#0
21600.261,batt.voltage_uv,3774000.0,idle#0
21600.365,batt.voltage_uv,3774000.0,idle#0
21600.467,batt.voltage_uv,3774000.0,idle#0
21600.565,batt.voltage_uv,3774000.0,idle#0
21601.724,batt.voltage_uv,3790000.0,idle#0
21601.749,batt.voltage_uv,3790000.0,idle#0
21602.948,batt.voltage_uv,3790000.0,idle#0
21602.958,batt.voltage_uv,3790000.0,idle#0
21603.060,batt.voltage_uv,3789000.0,idle#0
21604.179,batt.voltage_uv,3789000.0,idle#0
21604.195,batt.voltage_uv,3789000.0,idle#0
21604.298,batt.voltage_uv,3789000.0,idle#0
21604.430,batt.voltage_uv,3765000.0,idle#0
21604.499,batt.voltage_uv,3765000.0,idle#0
21604.601,batt.voltage_uv,3765000.0,idle#0
21605.434,batt.voltage_uv,3789000.0,idle#0
21606.629,batt.voltage_uv,3789000.0,idle#0
21606.646,batt.voltage_uv,3789000.0,idle#0
21606.746,batt.voltage_uv,3777000.0,idle#0
21608.064,batt.voltage_uv,3777000.0,idle#0
21608.083,batt.voltage_uv,3777000.0,idle#0
21609.299,batt.voltage_uv,3777000.0,idle#0
21609.399,batt.voltage_uv,3777000.0,idle#0
21610.582,batt.voltage_uv,3775000.0,idle#0
21610.597,batt.voltage_uv,3775000.0,idle#0
21611.806,batt.voltage_uv,3776000.0,idle#0
21611.817,batt.voltage_uv,3776000.0,idle#0
21612.992,batt.voltage_uv,3790000.0,idle#0
21613.018,batt.voltage_uv,3790000.0,idle#0
21614.211,batt.voltage_uv,3776000.0,idle#0
21614.232,batt.voltage_uv,3776000.0,idle#0
21615.425,batt.voltage_uv,3789000.0,idle#0
21615.468,batt.voltage_uv,3789000.0,idle#0
21616.666,batt.voltage_uv,3776000.0,idle#0
21616.701,batt.voltage_uv,3776000.0,idle#0
21617.894,batt.voltage_uv,3776000.0,idle#0
21617.914,batt.voltage_uv,3776000.0,idle#0
21619.104,batt.voltage_uv,3790000.0,idle#0
21619.151,batt.voltage_uv,3790000.0,idle#0
21620.350,batt.voltage_uv,3790000.0,idle#0
21620.390,batt.voltage_uv,3790000.0,idle#0
21621.588,batt.voltage_uv,3790000.0,idle#0
21621.609,batt.voltage_uv,3790000.0,idle#0
21622.807,batt.voltage_uv,3789000.0,idle#0
21622.831,batt.voltage_uv,3789000.0,idle#0
21624.021,batt.voltage_uv,3789000.0,idle#0
21624.046,batt.voltage_uv,3789000.0,idle#0
21624.147,batt.voltage_uv,3789000.0,idle#0
21625.273,batt.voltage_uv,3777000.0,idle#0
21625.359,batt.voltage_uv,3777000.0,idle#0
21626.566,batt.voltage_uv,3776000.0,idle#0
21627.724,batt.voltage_uv,3774000.0,idle#0
21627.729,batt.voltage_uv,3774000.0,idle#0
21627.836,batt.voltage_uv,3774000.0,idle#0
21628.953,batt.voltage_uv,3790000.0,idle#0
21629.040,batt.voltage_uv,3790000.0,idle#0
21630.224,batt.voltage_uv,3791000.0,idle#0
21631.414,batt.voltage_uv,3774000.0,idle#0
21631.436,batt.voltage_uv,3774000.0,idle#0
21632.629,batt.voltage_uv,3790000.0,idle#0
21632.720,batt.voltage_uv,3790000.0,idle#0
21632.964,batt.voltage_uv,3775000.0,idle#0
21633.018,batt.voltage_uv,3775000.0,idle#0
21633.119,batt.voltage_uv,3775000.0,idle#0
21633.220,batt.voltage_uv,3775000.0,idle#0
21633.319,batt.voltage_uv,3775000.0,idle#0
21633.418,batt.voltage_uv,3775000.0,idle#0
21633.518,batt.voltage_uv,3775000.0,idle#0
21633.622,batt.voltage_uv,3775000.0,idle#0
21633.718,batt.voltage_uv,3775000.0,idle#0
21633.818,batt.voltage_uv,3775000.0,idle#0
21633.918,batt.voltage_uv,3775000.0,idle#0
21634.022,batt.voltage_uv,3775000.0,idle#0
21634.119,batt.voltage_uv,3775000.0,idle#0
21634.219,batt.voltage_uv,3775000.0,idle#0
21634.318,batt.voltage_uv,3775000.0,idle#0
21634.418,batt.voltage_uv,3775000.0,idle#0
21634.522,batt.voltage_uv,3775000.0,idle#0
21634.622,batt.voltage_uv,3775000.0,idle#0
21634.719,batt.voltage_uv,3775000.0,idle#0
21634.818,batt.voltage_uv,3775000.0,idle#0
21634.919,batt.voltage_uv,3791000.0,idle#0
21636.140,batt.voltage_uv,3791000.0,idle#0
21636.209,batt.voltage_uv,3791000.0,idle#0
21637.422,batt.voltage_uv,3790000.0,idle#0
21637.447,batt.voltage_uv,3790000.0,idle#0
21637.564,batt.voltage_uv,3790000.0,idle#0
21638.566,batt.voltage_uv,3790000.0,idle#0
21638.631,batt.voltage_uv,3790000.0,idle#0
21639.835,batt.voltage_uv,3777000.0,idle#0
21639.874,batt.voltage_uv,3777000.0,idle#0
21641.095,batt.voltage_uv,3790000.0,idle#0
21642.263,batt.voltage_uv,3790000.0,idle#0
21642.304,batt.voltage_uv,3790000.0,idle#0
21643.497,batt.voltage_uv,3791000.0,idle#0
21643.532,batt.voltage_uv,3791000.0,idle#0
21644.734,batt.voltage_uv,3788000.0,idle#0
21644.747,batt.voltage_uv,3788000.0,idle#0
21645.950,batt.voltage_uv,3790000.0,idle#0
21645.959,batt.voltage_uv,3790000.0,idle#0
21646.059,batt.voltage_uv,3790000.0,idle#0
21646.159,batt.voltage_uv,3762000.0,
21646.260,batt.voltage_uv,3762000.0,
21647.606,batt.voltage_uv,3783000.0,
21647.644,batt.voltage_uv,3783000.0,
21648.838,batt.voltage_uv,3784000.0,
21648.855,batt.voltage_uv,3784000.0,
21650.054,batt.voltage_uv,3783000.0,
21650.086,batt.voltage_uv,3783000.0,
21651.276,batt.voltage_uv,3783000.0,
21651.289,batt.voltage_uv,3783000.0,
21651.585,batt.voltage_uv,3773000.0,
21651.597,batt.voltage_uv,3773000.0,
21651.702,batt.voltage_uv,3773000.0,
21651.797,batt.voltage_uv,3773000.0,
21651.896,batt.voltage_uv,3773000.0,
21652.001,batt.voltage_uv,3773000.0,
21652.100,batt.voltage_uv,3773000.0,
21652.199,batt.voltage_uv,3773000.0,
21652.298,batt.voltage_uv,3773000.0,
21652.403,batt.voltage_uv,3773000.0,
21652.502,batt.voltage_uv,3773000.0,
21652.602,batt.voltage_uv,3773000.0,
21652.699,batt.voltage_uv,3773000.0,
21652.804,batt.voltage_uv,3773000.0,
21652.898,batt.voltage_uv,3773000.0,
21652.996,batt.voltage_uv,3773000.0,
21653.104,batt.voltage_uv,3773000.0,
21653.204,batt.voltage_uv,3773000.0,
21653.301,batt.voltage_uv,3773000.0,
21653.410,batt.voltage_uv,3773000.0,
21653.496,batt.voltage_uv,3773000.0,
21653.595,batt.voltage_uv,3773000.0,
21654.968,batt.voltage_uv,3780000.0,
21655.057,batt.voltage_uv,3780000.0,
21656.255,batt.voltage_uv,3779000.0,
21656.275,batt.voltage_uv,3779000.0,
21657.697,batt.voltage_uv,3789000.0,
21657.708,batt.voltage_uv,3789000.0,
21659.088,batt.voltage_uv,3790000.0,
21659.160,batt.voltage_uv,3790000.0,
21660.492,batt.voltage_uv,3789000.0,
21660.523,batt.voltage_uv,3789000.0,
21661.720,batt.voltage_uv,3791000.0,
21661.758,batt.voltage_uv,3791000.0,
21662.944,batt.voltage_uv,3790000.0,
21662.971,batt.voltage_uv,3790000.0,
21663.071,batt.voltage_uv,3790000.0,
21663.171,batt.voltage_uv,3790000.0,
21664.443,batt.voltage_uv,3788000.0,
21665.607,batt.voltage_uv,3790000.0,
21665.646,batt.voltage_uv,3790000.0,
21666.445,batt.voltage_uv,3790000.0,
21666.455,batt.voltage_uv,3790000.0,
21666.574,batt.voltage_uv,3790000.0,
21666.655,batt.voltage_uv,3790000.0,
21666.757,batt.voltage_uv,3790000.0,
21666.860,batt.voltage_uv,3790000.0,
21667.046,batt.voltage_uv,3771000.0,
21667.058,batt.voltage_uv,3771000.0,
21667.192,batt.voltage_uv,3771000.0,cpu1#0
21667.260,batt.voltage_uv,3771000.0,cpu1#0
21667.362,batt.voltage_uv,3771000.0,cpu1#0
21667.569,batt.voltage_uv,3770000.0,cpu1#0
21667.655,batt.voltage_uv,3770000.0,cpu1#0
21667.754,batt.voltage_uv,3770000.0,cpu1#0
21667.855,batt.voltage_uv,3770000.0,cpu1#0
21667.955,batt.voltage_uv,3770000.0,cpu1#0
21668.074,batt.voltage_uv,3770000.0,cpu1#0
21668.154,batt.voltage_uv,3770000.0,cpu1#0
21668.254,batt.voltage_uv,3770000.0,cpu1#0
21668.355,batt.voltage_uv,3770000.0,cpu1#0
21668.455,batt.voltage_uv,3770000.0,cpu1#0
21668.555,batt.voltage_uv,3770000.0,cpu1#0
21668.654,batt.voltage_uv,3770000.0,cpu1#0
21668.755,batt.voltage_uv,3770000.0,cpu1#0
21669.706,batt.voltage_uv,3770000.0,cpu1#0
21669.747,batt.voltage_uv,3770000.0,cpu1#0
21670.961,batt.voltage_uv,3775000.0,cpu1#0
21670.997,batt.voltage_uv,3775000.0,cpu1#0
21672.191,batt.voltage_uv,3774000.0,cpu1#0
21672.238,batt.voltage_uv,3774000.0,cpu1#0
21673.440,batt.voltage_uv,3769000.0,cpu1#0
21673.477,batt.voltage_uv,3769000.0,cpu1#0
21674.674,batt.voltage_uv,3775000.0,cpu1#0
21674.710,batt.voltage_uv,3775000.0,cpu1#0
21675.931,batt.voltage_uv,3778000.0,cpu1#0
21675.949,batt.voltage_uv,3778000.0,cpu1#0
21677.142,batt.voltage_uv,3776000.0,cpu1#0
21677.167,batt.voltage_uv,3776000.0,cpu1#0
21678.361,batt.voltage_uv,3777000.0,cpu1#0
21678.416,batt.voltage_uv,3777000.0,cpu1#0
21679.544,batt.voltage_uv,3777000.0,cpu1#0
21679.557,batt.voltage_uv,3777000.0,cpu1#0
21680.769,batt.voltage_uv,3775000.0,cpu1#0
21680.861,batt.voltage_uv,3775000.0,cpu1#0
21682.036,batt.voltage_uv,3776000.0,cpu1#0
21682.066,batt.voltage_uv,3776000.0,cpu1#0
21683.272,batt.voltage_uv,3772000.0,cpu1#0
21683.317,batt.voltage_uv,3772000.0,cpu1#0
21684.461,batt.voltage_uv,3774000.0,cpu1#0
21684.476,batt.voltage_uv,3774000.0,cpu1#0
21685.698,batt.voltage_uv,3775000.0,cpu1#0
21685.707,batt.voltage_uv,3775000.0,cpu1#0
21685.805,batt.voltage_uv,3775000.0,cpu1#0
21686.910,batt.voltage_uv,3773000.0,cpu1#0
21686.963,batt.voltage_uv,3773000.0,cpu1#0
21688.175,batt.voltage_uv,3774000.0,cpu1#0
21688.184,batt.voltage_uv,3774000.0,cpu1#0
21689.393,batt.voltage_uv,3775000.0,cpu1#0
21689.430,batt.voltage_uv,3775000.0,cpu1#0
21690.627,batt.voltage_uv,3774000.0,cpu1#0
21690.685,batt.voltage_uv,3774000.0,cpu1#0
21691.882,batt.voltage_uv,3773000.0,cpu1#0
21691.919,batt.voltage_uv,3773000.0,cpu1#0
21693.115,batt.voltage_uv,3774000.0,cpu1#0
21694.295,batt.voltage_uv,3771000.0,cpu1#0
21694.337,batt.voltage_uv,3771000.0,cpu1#0
21695.530,batt.voltage_uv,3771000.0,cpu1#0
21695.586,batt.voltage_uv,3771000.0,cpu1#0
21696.809,batt.voltage_uv,3772000.0,cpu1#0
21696.826,batt.voltage_uv,3772000.0,cpu1#0
21698.023,batt.voltage_uv,3769000.0,cpu1#0
21698.033,batt.voltage_uv,3769000.0,cpu1#0
21699.222,batt.voltage_uv,3771000.0,cpu1#0
21699.274,batt.voltage_uv,3771000.0,cpu1#0
21700.481,batt.voltage_uv,3770000.0,cpu1#0
21700.520,batt.voltage_uv,3770000.0,cpu1#0
21701.722,batt.voltage_uv,3772000.0,cpu1#0
21702.897,batt.voltage_uv,3773000.0,cpu1#0
21702.911,batt.voltage_uv,3773000.0,cpu1#0
21704.123,batt.voltage_uv,3771000.0,cpu1#0
21704.137,batt.voltage_uv,3771000.0,cpu1#0
21705.356,batt.voltage_uv,3773000.0,cpu1#0
21705.373,batt.voltage_uv,3773000.0,cpu1#0
21705.472,batt.voltage_uv,3772000.0,cpu1#0
21706.588,batt.voltage_uv,3772000.0,cpu1#0
21706.621,batt.voltage_uv,3772000.0,cpu1#0
21707.828,batt.voltage_uv,3773000.0,cpu1#0
21707.839,batt.voltage_uv,3773000.0,cpu1#0
21709.028,batt.voltage_uv,3774000.0,cpu1#0
21709.048,batt.voltage_uv,3774000.0,cpu1#0
21709.148,batt.voltage_uv,3776000.0,cpu1#0
21710.262,batt.voltage_uv,3776000.0,cpu1#0
21710.291,batt.voltage_uv,3776000.0,cpu1#0
21711.494,batt.voltage_uv,3773000.0,cpu1#0
21711.549,batt.voltage_uv,3773000.0,cpu1#0
21712.766,batt.voltage_uv,3773000.0,cpu1#0
21712.826,batt.voltage_uv,3773000.0,cpu1#0
21712.939,batt.voltage_uv,3773000.0,
21713.030,batt.voltage_uv,3773000.0,
21714.419,batt.voltage_uv,3788000.0,
21715.603,batt.voltage_uv,3790000.0,
21715.659,batt.voltage_uv,3790000.0,
21716.868,batt.voltage_uv,3788000.0,
21716.915,batt.voltage_uv,3788000.0,
21718.129,batt.voltage_uv,3788000.0,
21718.153,batt.voltage_uv,3788000.0,
21719.350,batt.voltage_uv,3788000.0,
21720.514,batt.voltage_uv,3788000.0,
21720.533,batt.voltage_uv,3788000.0,
21721.730,batt.voltage_uv,3789000.0,
21721.787,batt.voltage_uv,3789000.0,
21722.990,batt.voltage_uv,3789000.0,
21723.038,batt.voltage_uv,3789000.0,
21724.241,batt.voltage_uv,3788000.0,
21725.425,batt.voltage_uv,3788000.0,
21725.444,batt.voltage_uv,3788000.0,
21725.544,batt.voltage_uv,3786000.0,
21726.652,batt.voltage_uv,3786000.0,
21726.682,batt.voltage_uv,3786000.0,
21727.896,batt.voltage_uv,3790000.0,
21727.914,batt.voltage_uv,3790000.0,
21729.113,batt.voltage_uv,3787000.0,
21729.183,batt.voltage_uv,3787000.0,
21730.395,batt.voltage_uv,3789000.0,
21730.447,batt.voltage_uv,3789000.0,
21731.573,batt.voltage_uv,3787000.0,
21731.668,batt.voltage_uv,3787000.0,
21732.857,batt.voltage_uv,3787000.0,
21733.016,batt.voltage_uv,3687000.0,
21733.029,batt.voltage_uv,3687000.0,
21733.123,batt.voltage_uv,3687000.0,
21733.224,batt.voltage_uv,3687000.0,
21733.342,batt.voltage_uv,3687000.0,cpu_all#0
21733.423,batt.voltage_uv,3687000.0,cpu_all#0
21733.523,batt.voltage_uv,3687000.0,cpu_all#0
21733.620,batt.voltage_uv,3687000.0,cpu_all#0
21734.865,batt.voltage_uv,3773000.0,cpu_all#0
21734.899,batt.voltage_uv,3773000.0,cpu_all#0
21736.072,batt.voltage_uv,3773000.0,cpu_all#0
21736.098,batt.voltage_uv,3773000.0,cpu_all#0
21736.199,batt.voltage_uv,3773000.0,cpu_all#0
21737.375,batt.voltage_uv,3771000.0,cpu_all#0
21737.420,batt.voltage_uv,3771000.0,cpu_all#0
21738.611,batt.voltage_uv,3772000.0,cpu_all#0
21739.753,batt.voltage_uv,3771000.0,cpu_all#0
21739.793,batt.voltage_uv,3771000.0,cpu_all#0
21741.005,batt.voltage_uv,3772000.0,cpu_all#0
21741.037,batt.voltage_uv,3772000.0,cpu_all#0
21742.236,batt.voltage_uv,3772000.0,cpu_all#0
21742.290,batt.voltage_uv,3772000.0,cpu_all#0
21743.478,batt.voltage_uv,3767000.0,cpu_all#0
21743.549,batt.voltage_uv,3767000.0,cpu_all#0
21744.745,batt.voltage_uv,3771000.0,cpu_all#0
21744.783,batt.voltage_uv,3771000.0,cpu_all#0
21745.994,batt.voltage_uv,3770000.0,cpu_all#0
21746.020,batt.voltage_uv,3770000.0,cpu_all#0
21747.185,batt.voltage_uv,3766000.0,cpu_all#0
21747.954,batt.voltage_uv,3783000.0,cpu_all#0
21748.003,batt.voltage_uv,3783000.0,cpu_all#0
21748.209,batt.voltage_uv,3716000.0,cpu_all#0
21748.302,batt.voltage_uv,3716000.0,cpu_all#0
21748.401,batt.voltage_uv,3769000.0,cpu_all#0
21749.592,batt.voltage_uv,3769000.0,cpu_all#0
21749.621,batt.voltage_uv,3769000.0,cpu_all#0
21750.829,batt.voltage_uv,3768000.0,cpu_all#0
21750.857,batt.voltage_uv,3768000.0,cpu_all#0
21752.065,batt.voltage_uv,3768000.0,cpu_all#0
21752.107,batt.voltage_uv,3768000.0,cpu_all#0
21753.310,batt.voltage_uv,3770000.0,cpu_all#0
21753.369,batt.voltage_uv,3770000.0,cpu_all#0
21754.569,batt.voltage_uv,3765000.0,cpu_all#0
21755.730,batt.voltage_uv,3767000.0,cpu_all#0
21755.796,batt.voltage_uv,3767000.0,cpu_all#0
21756.987,batt.voltage_uv,3763000.0,cpu_all#0
21757.051,batt.voltage_uv,3763000.0,cpu_all#0
21758.262,batt.voltage_uv,3767000.0,cpu_all#0
21758.325,batt.voltage_uv,3767000.0,cpu_all#0
21759.498,batt.voltage_uv,3773000.0,cpu_all#0
21759.518,batt.voltage_uv,3773000.0,cpu_all#0
21760.727,batt.voltage_uv,3774000.0,cpu_all#0
21760.744,batt.voltage_uv,3774000.0,cpu_all#0
21761.962,batt.voltage_uv,3775000.0,cpu_all#0
21761.980,batt.voltage_uv,3775000.0,cpu_all#0
21763.171,batt.voltage_uv,3772000.0,cpu_all#0
21763.189,batt.voltage_uv,3772000.0,cpu_all#0
21764.400,batt.voltage_uv,3773000.0,cpu_all#0
21764.427,batt.voltage_uv,3773000.0,cpu_all#0
21765.621,batt.voltage_uv,3770000.0,cpu_all#0
21765.667,batt.voltage_uv,3770000.0,cpu_all#0
21766.790,batt.voltage_uv,3771000.0,cpu_all#0
21766.818,batt.voltage_uv,3771000.0,cpu_all#0
21768.018,batt.voltage_uv,3772000.0,cpu_all#0
21768.059,batt.voltage_uv,3772000.0,cpu_all#0
21769.254,batt.voltage_uv,3773000.0,cpu_all#0
21769.286,batt.voltage_uv,3773000.0,cpu_all#0
21770.483,batt.voltage_uv,3776000.0,cpu_all#0
21770.499,batt.voltage_uv,3776000.0,cpu_all#0
21771.705,batt.voltage_uv,3777000.0,cpu_all#0
21771.803,batt.voltage_uv,3777000.0,cpu_all#0
21772.983,batt.voltage_uv,3770000.0,cpu_all#0
21773.018,batt.voltage_uv,3770000.0,cpu_all#0
21774.212,batt.voltage_uv,3774000.0,cpu_all#0
21774.234,batt.voltage_uv,3774000.0,cpu_all#0
21775.426,batt.voltage_uv,3771000.0,cpu_all#0
21775.451,batt.voltage_uv,3771000.0,cpu_all#0
21776.653,batt.voltage_uv,3772000.0,cpu_all#0
21776.714,batt.voltage_uv,3772000.0,cpu_all#0
21777.900,batt.voltage_uv,3774000.0,cpu_all#0
21777.934,batt.voltage_uv,3774000.0,cpu_all#0
21778.708,batt.voltage_uv,3787000.0,cpu_all#0
21778.761,batt.voltage_uv,3787000.0,cpu_all#0
21778.878,batt.voltage_uv,3787000.0,
21778.961,batt.voltage_uv,3787000.0,
21780.312,batt.voltage_uv,3773000.0,
21780.411,batt.voltage_uv,3773000.0,
21781.600,batt.voltage_uv,3772000.0,
21781.615,batt.voltage_uv,3772000.0,
21782.818,batt.voltage_uv,3773000.0,
21782.847,batt.voltage_uv,3773000.0,
21784.037,batt.voltage_uv,3775000.0,
21784.056,batt.voltage_uv,3775000.0,
21785.259,batt.voltage_uv,3772000.0,
21785.307,batt.voltage_uv,3772000.0,
21786.509,batt.voltage_uv,3771000.0,
21786.555,batt.voltage_uv,3771000.0,
21787.684,batt.voltage_uv,3771000.0,
21787.774,batt.voltage_uv,3771000.0,
21788.977,batt.voltage_uv,3772000.0,
21789.014,batt.voltage_uv,3772000.0,
21790.160,batt.voltage_uv,3777000.0,
21790.211,batt.voltage_uv,3777000.0,
21791.380,batt.voltage_uv,3774000.0,
21791.393,batt.voltage_uv,3774000.0,
21792.595,batt.voltage_uv,3773000.0,
21792.606,batt.voltage_uv,3773000.0,
21792.706,batt.voltage_uv,3774000.0,
21793.828,batt.voltage_uv,3774000.0,
21793.838,batt.voltage_uv,3774000.0,
21795.048,batt.voltage_uv,3775000.0,
21795.061,batt.voltage_uv,3775000.0,
21796.273,batt.voltage_uv,3769000.0,
21796.306,batt.voltage_uv,3769000.0,
21796.406,batt.voltage_uv,3773000.0,
21797.511,batt.voltage_uv,3773000.0,
21797.536,batt.voltage_uv,3773000.0,
21798.741,batt.voltage_uv,3772000.0,
21798.772,batt.voltage_uv,3772000.0,
21798.873,batt.voltage_uv,3769000.0,
21799.041,batt.voltage_uv,3769000.0,
21799.113,batt.voltage_uv,3769000.0,
21799.184,batt.voltage_uv,3769000.0,
21800.433,batt.voltage_uv,3791000.0,
21800.459,batt.voltage_uv,3791000.0,
21800.568,batt.voltage_uv,3791000.0,
21800.667,batt.voltage_uv,3791000.0,idle#1
21800.768,batt.voltage_uv,3791000.0,idle#1
21800.868,batt.voltage_uv,3791000.0,idle#1
21800.975,batt.voltage_uv,3791000.0,idle#1
21801.064,batt.voltage_uv,3791000.0,idle#1
21801.166,batt.voltage_uv,3791000.0,idle#1
21801.268,batt.voltage_uv,3791000.0,idle#1
21802.436,batt.voltage_uv,3773000.0,idle#1
21802.445,batt.voltage_uv,3773000.0,idle#1
21803.669,batt.voltage_uv,3778000.0,idle#1
21803.736,batt.voltage_uv,3778000.0,idle#1
21804.928,batt.voltage_uv,3777000.0,idle#1
21804.937,batt.voltage_uv,3777000.0,idle#1
21806.105,batt.voltage_uv,3774000.0,idle#1
21806.147,batt.voltage_uv,3774000.0,idle#1
21807.359,batt.voltage_uv,3773000.0,idle#1
21807.395,batt.voltage_uv,3773000.0,idle#1
21808.579,batt.voltage_uv,3773000.0,idle#1
21808.607,batt.voltage_uv,3773000.0,idle#1
21809.807,batt.voltage_uv,3776000.0,idle#1
21809.910,batt.voltage_uv,3776000.0,idle#1
21811.016,batt.voltage_uv,3773000.0,idle#1
21811.037,batt.voltage_uv,3773000.0,idle#1
21811.133,batt.voltage_uv,3773000.0,idle#1
21812.261,batt.voltage_uv,3772000.0,idle#1
21812.361,batt.voltage_uv,3772000.0,idle#1
21813.487,batt.voltage_uv,3774000.0,idle#1
21813.498,batt.voltage_uv,3774000.0,idle#1
21813.597,batt.voltage_uv,3774000.0,idle#1
21814.712,batt.voltage_uv,3773000.0,idle#1
21814.729,batt.voltage_uv,3773000.0,idle#1
21815.933,batt.voltage_uv,3791000.0,idle#1
21815.957,batt.voltage_uv,3791000.0,idle#1
21816.057,batt.voltage_uv,3790000.0,idle#1
21817.174,batt.voltage_uv,3790000.0,idle#1
21817.187,batt.voltage_uv,3790000.0,idle#1
21817.290,batt.voltage_uv,3790000.0,idle#1
21818.391,batt.voltage_uv,3790000.0,idle#1
21818.407,batt.voltage_uv,3790000.0,idle#1
21819.617,batt.voltage_uv,3774000.0,idle#1
21819.634,batt.voltage_uv,3774000.0,idle#1
21819.733,batt.voltage_uv,3774000.0,idle#1
21820.851,batt.voltage_uv,3790000.0,idle#1
21820.880,batt.voltage_uv,3790000.0,idle#1
21822.083,batt.voltage_uv,3790000.0,idle#1
21822.103,batt.voltage_uv,3790000.0,idle#1
21823.310,batt.voltage_uv,3790000.0,idle#1
21823.343,batt.voltage_uv,3790000.0,idle#1
21824.551,batt.voltage_uv,3773000.0,idle#1
21824.576,batt.voltage_uv,3773000.0,idle#1
21824.676,batt.voltage_uv,3790000.0,idle#1
21825.773,batt.voltage_uv,3790000.0,idle#1
21825.821,batt.voltage_uv,3790000.0,idle#1
21827.018,batt.voltage_uv,3772000.0,idle#1
21827.028,batt.voltage_uv,3772000.0,idle#1
21828.217,batt.voltage_uv,3791000.0,idle#1
21828.252,batt.voltage_uv,3791000.0,idle#1
21828.351,batt.voltage_uv,3790000.0,idle#1
21829.466,batt.voltage_uv,3790000.0,idle#1
21829.484,batt.voltage_uv,3790000.0,idle#1
21830.687,batt.voltage_uv,3790000.0,idle#1
21830.712,batt.voltage_uv,3790000.0,idle#1
21831.912,batt.voltage_uv,3792000.0,idle#1
21831.954,batt.voltage_uv,3792000.0,idle#1
21833.149,batt.voltage_uv,3791000.0,idle#1
21833.189,batt.voltage_uv,3791000.0,idle#1
21834.385,batt.voltage_uv,3790000.0,idle#1
21834.435,batt.voltage_uv,3790000.0,idle#1
21835.635,batt.voltage_uv,3789000.0,idle#1
21835.661,batt.voltage_uv,3789000.0,idle#1
21836.853,batt.voltage_uv,3788000.0,idle#1
21836.911,batt.voltage_uv,3788000.0,idle#1
21838.099,batt.voltage_uv,3789000.0,idle#1
21838.141,batt.voltage_uv,3789000.0,idle#1
21839.349,batt.voltage_uv,3775000.0,idle#1
21839.365,batt.voltage_uv,3775000.0,idle#1
21840.545,batt.voltage_uv,3792000.0,idle#1
21840.573,batt.voltage_uv,3792000.0,idle#1
21841.764,batt.voltage_uv,3789000.0,idle#1
21841.813,batt.voltage_uv,3789000.0,idle#1
21843.008,batt.voltage_uv,3791000.0,idle#1
21843.047,batt.voltage_uv,3791000.0,idle#1
21844.243,batt.voltage_uv,3790000.0,idle#1
21844.273,batt.voltage_uv,3790000.0,idle#1
21845.471,batt.voltage_uv,3790000.0,idle#1
21845.524,batt.voltage_uv,3790000.0,idle#1
21846.322,batt.voltage_uv,3790000.0,idle#1
21846.368,batt.voltage_uv,3790000.0,idle#1
21846.471,batt.voltage_uv,3790000.0,
21846.569,batt.voltage_uv,3790000.0,
21847.889,batt.voltage_uv,3792000.0,
21847.938,batt.voltage_uv,3792000.0,
21849.139,batt.voltage_uv,3790000.0,
21849.173,batt.voltage_uv,3790000.0,
21850.358,batt.voltage_uv,3793000.0,
21850.406,batt.voltage_uv,3793000.0,
21851.621,batt.voltage_uv,3790000.0,
21851.640,batt.voltage_uv,3790000.0,
21852.842,batt.voltage_uv,3775000.0,
21852.902,batt.voltage_uv,3775000.0,
21854.044,batt.voltage_uv,3790000.0,
21854.089,batt.voltage_uv,3790000.0,
21855.287,batt.voltage_uv,3791000.0,
21855.322,batt.voltage_uv,3791000.0,
21856.521,batt.voltage_uv,3790000.0,
21856.544,batt.voltage_uv,3790000.0,
21857.739,batt.voltage_uv,3791000.0,
21857.772,batt.voltage_uv,3791000.0,
21859.371,batt.voltage_uv,3790000.0,
21859.404,batt.voltage_uv,3790000.0,
21860.589,batt.voltage_uv,3790000.0,
21860.624,batt.voltage_uv,3790000.0,
21861.820,batt.voltage_uv,3790000.0,
21861.867,batt.voltage_uv,3790000.0,
21863.079,batt.voltage_uv,3790000.0,
21863.099,batt.voltage_uv,3790000.0,
21864.275,batt.voltage_uv,3791000.0,
21864.318,batt.voltage_uv,3791000.0,
21865.509,batt.voltage_uv,3791000.0,
21865.560,batt.voltage_uv,3791000.0,
21866.749,batt.voltage_uv,3790000.0,
21866.784,batt.voltage_uv,3790000.0,
21866.914,batt.voltage_uv,3770000.0,
21866.987,batt.voltage_uv,3770000.0,
21867.087,batt.voltage_uv,3770000.0,
21867.209,batt.voltage_uv,3770000.0,cpu1#1
21867.292,batt.voltage_uv,3770000.0,cpu1#1
21867.392,batt.voltage_uv,3770000.0,cpu1#1
21867.489,batt.voltage_uv,3770000.0,cpu1#1
21867.590,batt.voltage_uv,3770000.0,cpu1#1
21867.986,batt.voltage_uv,3784000.0,cpu1#1
21868.064,batt.voltage_uv,3784000.0,cpu1#1
21868.633,batt.voltage_uv,3782000.0,cpu1#1
21869.833,batt.voltage_uv,3790000.0,cpu1#1
21869.881,batt.voltage_uv,3790000.0,cpu1#1
21871.083,batt.voltage_uv,3789000.0,cpu1#1
21871.139,batt.voltage_uv,3789000.0,cpu1#1
21872.266,batt.voltage_uv,3789000.0,cpu1#1
21872.312,batt.voltage_uv,3789000.0,cpu1#1
21873.526,batt.voltage_uv,3791000.0,cpu1#1
21873.585,batt.voltage_uv,3791000.0,cpu1#1
21874.802,batt.voltage_uv,3790000.0,cpu1#1
21874.831,batt.voltage_uv,3790000.0,cpu1#1
21876.023,batt.voltage_uv,3791000.0,cpu1#1
21877.193,batt.voltage_uv,3790000.0,cpu1#1
21877.251,batt.voltage_uv,3790000.0,cpu1#1
21878.450,batt.voltage_uv,3789000.0,cpu1#1
21879.624,batt.voltage_uv,3790000.0,cpu1#1
21879.659,batt.voltage_uv,3790000.0,cpu1#1
21880.873,batt.voltage_uv,3789000.0,cpu1#1
21880.885,batt.voltage_uv,3789000.0,cpu1#1
21880.985,batt.voltage_uv,3789000.0,cpu1#1
21882.097,batt.voltage_uv,3789000.0,cpu1#1
21882.193,batt.voltage_uv,3789000.0,cpu1#1
21883.327,batt.voltage_uv,3790000.0,cpu1#1
21883.336,batt.voltage_uv,3790000.0,cpu1#1
21884.546,batt.voltage_uv,3789000.0,cpu1#1
21884.590,batt.voltage_uv,3789000.0,cpu1#1
21885.802,batt.voltage_uv,3790000.0,cpu1#1
21885.816,batt.voltage_uv,3790000.0,cpu1#1
21887.005,batt.voltage_uv,3790000.0,cpu1#1
21887.053,batt.voltage_uv,3790000.0,cpu1#1
21888.251,batt.voltage_uv,3790000.0,cpu1#1
21888.296,batt.voltage_uv,3790000.0,cpu1#1
21889.521,batt.voltage_uv,3789000.0,cpu1#1
21889.537,batt.voltage_uv,3789000.0,cpu1#1
21890.724,batt.voltage_uv,3790000.0,cpu1#1
21890.789,batt.voltage_uv,3790000.0,cpu1#1
21891.924,batt.voltage_uv,3789000.0,cpu1#1
21892.000,batt.voltage_uv,3789000.0,cpu1#1
21893.202,batt.voltage_uv,3788000.0,cpu1#1
21893.247,batt.voltage_uv,3788000.0,cpu1#1
21894.417,batt.voltage_uv,3787000.0,cpu1#1
21895.625,batt.voltage_uv,3789000.0,cpu1#1
21895.634,batt.voltage_uv,3789000.0,cpu1#1
21896.830,batt.voltage_uv,3789000.0,cpu1#1
21896.868,batt.voltage_uv,3789000.0,cpu1#1
21898.086,batt.voltage_uv,3790000.0,cpu1#1
21898.123,batt.voltage_uv,3790000.0,cpu1#1
21899.308,batt.voltage_uv,3789000.0,cpu1#1
21899.356,batt.voltage_uv,3789000.0,cpu1#1
21900.557,batt.voltage_uv,3789000.0,cpu1#1
21900.614,batt.voltage_uv,3789000.0,cpu1#1
21901.816,batt.voltage_uv,3789000.0,cpu1#1
21902.971,batt.voltage_uv,3789000.0,cpu1#1
21903.039,batt.voltage_uv,3789000.0,cpu1#1
21903.146,batt.voltage_uv,3789000.0,cpu1#1
21903.239,batt.voltage_uv,3789000.0,cpu1#1
21904.425,batt.voltage_uv,3788000.0,cpu1#1
21904.454,batt.voltage_uv,3788000.0,cpu1#1
21905.654,batt.voltage_uv,3788000.0,cpu1#1
21905.689,batt.voltage_uv,3788000.0,cpu1#1
21906.893,batt.voltage_uv,3786000.0,cpu1#1
21906.942,batt.voltage_uv,3786000.0,cpu1#1
21908.148,batt.voltage_uv,3789000.0,cpu1#1
21908.199,batt.voltage_uv,3789000.0,cpu1#1
21909.322,batt.voltage_uv,3788000.0,cpu1#1
21909.368,batt.voltage_uv,3788000.0,cpu1#1
21910.561,batt.voltage_uv,3789000.0,cpu1#1
21910.583,batt.voltage_uv,3789000.0,cpu1#1
21911.782,batt.voltage_uv,3789000.0,cpu1#1
21911.821,batt.voltage_uv,3789000.0,cpu1#1
21913.014,batt.voltage_uv,3790000.0,cpu1#1
21913.062,batt.voltage_uv,3790000.0,cpu1#1
21913.163,batt.voltage_uv,3790000.0,
21914.462,batt.voltage_uv,3774000.0,
21914.512,batt.voltage_uv,3774000.0,
21915.705,batt.voltage_uv,3773000.0,
21915.775,batt.voltage_uv,3773000.0,
21916.969,batt.voltage_uv,3777000.0,
21918.147,batt.voltage_uv,3772000.0,
21918.167,batt.voltage_uv,3772000.0,
21919.358,batt.voltage_uv,3774000.0,
21919.403,batt.voltage_uv,3774000.0,
21920.602,batt.voltage_uv,3775000.0,
21920.639,batt.voltage_uv,3775000.0,
21921.825,batt.voltage_uv,3773000.0,
21921.860,batt.voltage_uv,3773000.0,
21923.052,batt.voltage_uv,3775000.0,
21923.085,batt.voltage_uv,3775000.0,
21923.185,batt.voltage_uv,3775000.0,
21924.552,batt.voltage_uv,3788000.0,
21924.588,batt.voltage_uv,3788000.0,
21925.703,batt.voltage_uv,3787000.0,
21925.720,batt.voltage_uv,3787000.0,
21925.820,batt.voltage_uv,3787000.0,
21926.944,batt.voltage_uv,3786000.0,
21926.957,batt.voltage_uv,3786000.0,
21928.169,batt.voltage_uv,3786000.0,
21928.193,batt.voltage_uv,3786000.0,
21928.293,batt.voltage_uv,3785000.0,
21929.402,batt.voltage_uv,3785000.0,
21929.432,batt.voltage_uv,3785000.0,
21930.630,batt.voltage_uv,3786000.0,
21930.643,batt.voltage_uv,3786000.0,
21930.739,batt.voltage_uv,3786000.0,
21931.935,batt.voltage_uv,3785000.0,
21933.072,batt.voltage_uv,3782000.0,
21933.102,batt.voltage_uv,3782000.0,
21933.284,batt.voltage_uv,3762000.0,
21933.303,batt.voltage_uv,3762000.0,
21933.401,batt.voltage_uv,3762000.0,
21933.502,batt.voltage_uv,3762000.0,
21934.791,batt.voltage_uv,3791000.0,
21934.809,batt.voltage_uv,3791000.0,
21934.918,batt.voltage_uv,3791000.0,cpu_all#1
21935.010,batt.voltage_uv,3791000.0,cpu_all#1
21935.127,batt.voltage_uv,3791000.0,cpu_all#1
21935.209,batt.voltage_uv,3791000.0,cpu_all#1
21935.309,batt.voltage_uv,3791000.0,cpu_all#1
21935.410,batt.voltage_uv,3791000.0,cpu_all#1
21935.509,batt.voltage_uv,3791000.0,cpu_all#1
21936.428,batt.voltage_uv,3783000.0,cpu_all#1
21936.468,batt.voltage_uv,3783000.0,cpu_all#1
21937.654,batt.voltage_uv,3783000.0,cpu_all#1
21938.748,batt.voltage_uv,3766000.0,cpu_all#1
21938.815,batt.voltage_uv,3766000.0,cpu_all#1
21940.128,batt.voltage_uv,3785000.0,cpu_all#1
21940.168,batt.voltage_uv,3785000.0,cpu_all#1
21941.346,batt.voltage_uv,3787000.0,cpu_all#1
21941.390,batt.voltage_uv,3787000.0,cpu_all#1
21942.587,batt.voltage_uv,3787000.0,cpu_all#1
21943.746,batt.voltage_uv,3787000.0,cpu_all#1
21943.794,batt.voltage_uv,3787000.0,cpu_all#1
21945.003,batt.voltage_uv,3787000.0,cpu_all#1
21945.027,batt.voltage_uv,3787000.0,cpu_all#1
21946.231,batt.voltage_uv,3785000.0,cpu_all#1
21946.272,batt.voltage_uv,3785000.0,cpu_all#1
21947.466,batt.voltage_uv,3786000.0,cpu_all#1
21947.516,batt.voltage_uv,3786000.0,cpu_all#1
21948.728,batt.voltage_uv,3786000.0,cpu_all#1
21949.875,batt.voltage_uv,3787000.0,cpu_all#1
21949.930,batt.voltage_uv,3787000.0,cpu_all#1
21951.127,batt.voltage_uv,3786000.0,cpu_all#1
21951.178,batt.voltage_uv,3786000.0,cpu_all#1
21952.369,batt.voltage_uv,3785000.0,cpu_all#1
21952.396,batt.voltage_uv,3785000.0,cpu_all#1
21953.602,batt.voltage_uv,3786000.0,cpu_all#1
21953.649,batt.voltage_uv,3786000.0,cpu_all#1
21954.857,batt.voltage_uv,3786000.0,cpu_all#1
21954.905,batt.voltage_uv,3786000.0,cpu_all#1
21956.111,batt.voltage_uv,3784000.0,cpu_all#1
21956.143,batt.voltage_uv,3784000.0,cpu_all#1
21957.326,batt.voltage_uv,3784000.0,cpu_all#1
21957.368,batt.voltage_uv,3784000.0,cpu_all#1
21958.569,batt.voltage_uv,3784000.0,cpu_all#1
21959.740,batt.voltage_uv,3785000.0,cpu_all#1
21959.773,batt.voltage_uv,3785000.0,cpu_all#1
21960.985,batt.voltage_uv,3785000.0,cpu_all#1
21961.023,batt.voltage_uv,3785000.0,cpu_all#1
21962.216,batt.voltage_uv,3784000.0,cpu_all#1
21962.270,batt.voltage_uv,3784000.0,cpu_all#1
21963.480,batt.voltage_uv,3784000.0,cpu_all#1
21963.511,batt.voltage_uv,3784000.0,cpu_all#1
21964.639,batt.voltage_uv,3784000.0,cpu_all#1
21964.666,batt.voltage_uv,3784000.0,cpu_all#1
21965.861,batt.voltage_uv,3785000.0,cpu_all#1
21965.916,batt.voltage_uv,3785000.0,cpu_all#1
21967.127,batt.voltage_uv,3784000.0,cpu_all#1
21967.185,batt.voltage_uv,3784000.0,cpu_all#1
21967.546,batt.voltage_uv,3752000.0,cpu_all#1
21967.616,batt.voltage_uv,3752000.0,cpu_all#1
21967.721,batt.voltage_uv,3752000.0,cpu_all#1
21967.814,batt.voltage_uv,3752000.0,cpu_all#1
21968.343,batt.voltage_uv,3755000.0,cpu_all#1
21968.383,batt.voltage_uv,3755000.0,cpu_all#1
21969.581,batt.voltage_uv,3782000.0,cpu_all#1
21969.628,batt.voltage_uv,3782000.0,cpu_all#1
21970.855,batt.voltage_uv,3784000.0,cpu_all#1
21970.871,batt.voltage_uv,3784000.0,cpu_all#1
21972.079,batt.voltage_uv,3783000.0,cpu_all#1
21972.108,batt.voltage_uv,3783000.0,cpu_all#1
21973.304,batt.voltage_uv,3784000.0,cpu_all#1
21974.459,batt.voltage_uv,3784000.0,cpu_all#1
21974.504,batt.voltage_uv,3784000.0,cpu_all#1
21975.696,batt.voltage_uv,3784000.0,cpu_all#1
21975.755,batt.voltage_uv,3784000.0,cpu_all#1
21976.541,batt.voltage_uv,3780000.0,cpu_all#1
21976.609,batt.voltage_uv,3780000.0,cpu_all#1
21976.797,batt.voltage_uv,3574000.0,cpu_all#1
21976.809,batt.voltage_uv,3574000.0,cpu_all#1
21976.909,batt.voltage_uv,3574000.0,cpu_all#1
21978.186,batt.voltage_uv,3781000.0,cpu_all#1
21978.206,batt.voltage_uv,3781000.0,cpu_all#1
21979.410,batt.voltage_uv,3784000.0,cpu_all#1
21979.432,batt.voltage_uv,3784000.0,cpu_all#1
21980.632,batt.voltage_uv,3785000.0,cpu_all#1
21980.676,batt.voltage_uv,3785000.0,cpu_all#1
21980.788,batt.voltage_uv,3785000.0,
21980.876,batt.voltage_uv,3785000.0,
21982.225,batt.voltage_uv,3772000.0,
21982.242,batt.voltage_uv,3772000.0,
21982.345,batt.voltage_uv,3772000.0,
21983.468,batt.voltage_uv,3772000.0,
21983.561,batt.voltage_uv,3772000.0,
21984.684,batt.voltage_uv,3772000.0,
21984.707,batt.voltage_uv,3772000.0,
21984.807,batt.voltage_uv,3773000.0,
21985.939,batt.voltage_uv,3773000.0,
21986.041,batt.voltage_uv,3773000.0,
21987.226,batt.voltage_uv,3774000.0,
21987.980,batt.voltage_uv,3787000.0,
21987.996,batt.voltage_uv,3787000.0,
21988.096,batt.voltage_uv,3787000.0,
21988.253,batt.voltage_uv,3770000.0,
21988.303,batt.voltage_uv,3770000.0,
21988.402,batt.voltage_uv,3770000.0,
21989.618,batt.voltage_uv,3773000.0,
21989.632,batt.voltage_uv,3773000.0,
21990.836,batt.voltage_uv,3773000.0,
21990.858,batt.voltage_uv,3773000.0,
21990.959,batt.voltage_uv,3772000.0,
21992.074,batt.voltage_uv,3772000.0,
21992.085,batt.voltage_uv,3772000.0,
21993.309,batt.voltage_uv,3774000.0,
21993.323,batt.voltage_uv,3774000.0,
21993.423,batt.voltage_uv,3774000.0,
21994.526,batt.voltage_uv,3775000.0,
21994.555,batt.voltage_uv,3775000.0,
21995.753,batt.voltage_uv,3775000.0,
21995.779,batt.voltage_uv,3775000.0,
21995.879,batt.voltage_uv,3773000.0,
21996.996,batt.voltage_uv,3773000.0,
21997.021,batt.voltage_uv,3773000.0,
21998.216,batt.voltage_uv,3775000.0,
21998.235,batt.voltage_uv,3775000.0,
21998.335,batt.voltage_uv,3775000.0,
21999.453,batt.voltage_uv,3775000.0,
21999.461,batt.voltage_uv,3775000.0,
21999.567,batt.voltage_uv,3775000.0,
22000.670,batt.voltage_uv,3773000.0,
22000.685,batt.voltage_uv,3773000.0,
22000.789,batt.voltage_uv,3773000.0,
22000.915,batt.voltage_uv,3764000.0,
22000.991,batt.voltage_uv,3764000.0,
22001.087,batt.voltage_uv,3764000.0,
22001.196,batt.voltage_uv,3764000.0,
22001.294,batt.voltage_uv,3764000.0,
22001.393,batt.voltage_uv,3764000.0,idle#2
22001.491,batt.voltage_uv,3764000.0,idle#2
22001.613,batt.voltage_uv,3764000.0,idle#2
22001.688,batt.voltage_uv,3764000.0,idle#2
22001.788,batt.voltage_uv,3764000.0,idle#2
22001.893,batt.voltage_uv,3764000.0,idle#2
22001.994,batt.voltage_uv,3764000.0,idle#2
22002.091,batt.voltage_uv,3764000.0,idle#2
22002.191,batt.voltage_uv,3764000.0,idle#2
22002.294,batt.voltage_uv,3764000.0,idle#2
22002.394,batt.voltage_uv,3764000.0,idle#2
22002.961,batt.voltage_uv,3783000.0,idle#2
22004.140,batt.voltage_uv,3786000.0,idle#2
22004.162,batt.voltage_uv,3786000.0,idle#2
22004.263,batt.voltage_uv,3774000.0,idle#2
22005.413,batt.voltage_uv,3774000.0,idle#2
22005.473,batt.voltage_uv,3774000.0,idle#2
22006.627,batt.voltage_uv,3789000.0,idle#2
22006.648,batt.voltage_uv,3789000.0,idle#2
22007.840,batt.voltage_uv,3789000.0,idle#2
22007.851,batt.voltage_uv,3789000.0,idle#2
22009.055,batt.voltage_uv,3789000.0,idle#2
22009.100,batt.voltage_uv,3789000.0,idle#2
22010.305,batt.voltage_uv,3788000.0,idle#2
22010.345,batt.voltage_uv,3788000.0,idle#2
22011.541,batt.voltage_uv,3790000.0,idle#2
22011.596,batt.voltage_uv,3790000.0,idle#2
22012.790,batt.voltage_uv,3789000.0,idle#2
22012.849,batt.voltage_uv,3789000.0,idle#2
22013.989,batt.voltage_uv,3787000.0,idle#2
22014.003,batt.voltage_uv,3787000.0,idle#2
22015.221,batt.voltage_uv,3788000.0,idle#2
22015.230,batt.voltage_uv,3788000.0,idle#2
22015.330,batt.voltage_uv,3788000.0,idle#2
22016.438,batt.voltage_uv,3789000.0,idle#2
22016.480,batt.voltage_uv,3789000.0,idle#2
22017.674,batt.voltage_uv,3790000.0,idle#2
22017.724,batt.voltage_uv,3790000.0,idle#2
22018.928,batt.voltage_uv,3789000.0,idle#2
22018.953,batt.voltage_uv,3789000.0,idle#2
22020.147,batt.voltage_uv,3789000.0,idle#2
22020.210,batt.voltage_uv,3789000.0,idle#2
22021.405,batt.voltage_uv,3790000.0,idle#2
22021.437,batt.voltage_uv,3790000.0,idle#2
22022.655,batt.voltage_uv,3790000.0,idle#2
22022.679,batt.voltage_uv,3790000.0,idle#2
22023.870,batt.voltage_uv,3789000.0,idle#2
22023.895,batt.voltage_uv,3789000.0,idle#2
22025.078,batt.voltage_uv,3788000.0,idle#2
22025.102,batt.voltage_uv,3788000.0,idle#2
22026.313,batt.voltage_uv,3789000.0,idle#2
22027.491,batt.voltage_uv,3790000.0,idle#2
22027.547,batt.voltage_uv,3790000.0,idle#2
22028.749,batt.voltage_uv,3789000.0,idle#2
22028.791,batt.voltage_uv,3789000.0,idle#2
22029.988,batt.voltage_uv,3790000.0,idle#2
22030.011,batt.voltage_uv,3790000.0,idle#2
22031.192,batt.voltage_uv,3789000.0,idle#2
22031.253,batt.voltage_uv,3789000.0,idle#2
22032.444,batt.voltage_uv,3788000.0,idle#2
22032.477,batt.voltage_uv,3788000.0,idle#2
22033.677,batt.voltage_uv,3788000.0,idle#2
22033.726,batt.voltage_uv,3788000.0,idle#2
22034.947,batt.voltage_uv,3783000.0,idle#2
22034.976,batt.voltage_uv,3783000.0,idle#2
22036.156,batt.voltage_uv,3789000.0,idle#2
22036.194,batt.voltage_uv,3789000.0,idle#2
22037.391,batt.voltage_uv,3791000.0,idle#2
22037.417,batt.voltage_uv,3791000.0,idle#2
22038.612,batt.voltage_uv,3790000.0,idle#2
22038.633,batt.voltage_uv,3790000.0,idle#2
22039.825,batt.voltage_uv,3789000.0,idle#2
22039.876,batt.voltage_uv,3789000.0,idle#2
22041.014,batt.voltage_uv,3790000.0,idle#2
22041.111,batt.voltage_uv,3790000.0,idle#2
22042.305,batt.voltage_uv,3790000.0,idle#2
22042.335,batt.voltage_uv,3790000.0,idle#2
22043.523,batt.voltage_uv,3791000.0,idle#2
22043.570,batt.voltage_uv,3791000.0,idle#2
22044.714,batt.voltage_uv,3789000.0,idle#2
22044.722,batt.voltage_uv,3789000.0,idle#2
22044.828,batt.voltage_uv,3789000.0,idle#2
22045.943,batt.voltage_uv,3789000.0,idle#2
22045.951,batt.voltage_uv,3789000.0,idle#2
22047.150,batt.voltage_uv,3791000.0,idle#2
22047.166,batt.voltage_uv,3791000.0,idle#2
22047.266,batt.voltage_uv,3791000.0,idle#2
22047.366,batt.voltage_uv,3791000.0,
22047.466,batt.voltage_uv,3791000.0,
22048.826,batt.voltage_uv,3784000.0,
22050.021,batt.voltage_uv,3786000.0,
22050.069,batt.voltage_uv,3786000.0,
22051.268,batt.voltage_uv,3787000.0,
22051.305,batt.voltage_uv,3787000.0,
22052.493,batt.voltage_uv,3786000.0,
22052.541,batt.voltage_uv,3786000.0,
22053.740,batt.voltage_uv,3787000.0,
22053.770,batt.voltage_uv,3787000.0,
22055.379,batt.voltage_uv,3792000.0,
22055.413,batt.voltage_uv,3792000.0,
22056.608,batt.voltage_uv,3787000.0,
22056.659,batt.voltage_uv,3787000.0,
22057.866,batt.voltage_uv,3791000.0,
22059.054,batt.voltage_uv,3791000.0,
22059.093,batt.voltage_uv,3791000.0,
22060.281,batt.voltage_uv,3790000.0,
22060.341,batt.voltage_uv,3790000.0,
22061.531,batt.voltage_uv,3790000.0,
22061.579,batt.voltage_uv,3790000.0,
22062.780,batt.voltage_uv,3791000.0,
22062.812,batt.voltage_uv,3791000.0,
22064.018,batt.voltage_uv,3790000.0,
22064.042,batt.voltage_uv,3790000.0,
22065.233,batt.voltage_uv,3790000.0,
22065.264,batt.voltage_uv,3790000.0,
22066.452,batt.voltage_uv,3789000.0,
22066.496,batt.voltage_uv,3789000.0,
22067.703,batt.voltage_uv,3790000.0,
22067.759,batt.voltage_uv,3790000.0,
22067.860,batt.voltage_uv,3790000.0,
22067.959,batt.voltage_uv,3790000.0,
22068.059,batt.voltage_uv,3790000.0,
22068.173,batt.voltage_uv,3790000.0,cpu1#2
22068.259,batt.voltage_uv,3790000.0,cpu1#2
22068.358,batt.voltage_uv,3790000.0,cpu1#2
22068.459,batt.voltage_uv,3790000.0,cpu1#2
22068.559,batt.voltage_uv,3782000.0,cpu1#2
22069.688,batt.voltage_uv,3782000.0,cpu1#2
22069.724,batt.voltage_uv,3782000.0,cpu1#2
22070.941,batt.voltage_uv,3782000.0,cpu1#2
22070.989,batt.voltage_uv,3782000.0,cpu1#2
22072.183,batt.voltage_uv,3782000.0,cpu1#2
22072.220,batt.voltage_uv,3782000.0,cpu1#2
22073.422,batt.voltage_uv,3783000.0,cpu1#2
22074.591,batt.voltage_uv,3780000.0,cpu1#2
22074.633,batt.voltage_uv,3780000.0,cpu1#2
22075.839,batt.voltage_uv,3782000.0,cpu1#2
22075.882,batt.voltage_uv,3782000.0,cpu1#2
22077.076,batt.voltage_uv,3781000.0,cpu1#2
22077.154,batt.voltage_uv,3781000.0,cpu1#2
22078.288,batt.voltage_uv,3779000.0,cpu1#2
22078.315,batt.voltage_uv,3779000.0,cpu1#2
22079.541,batt.voltage_uv,3774000.0,cpu1#2
22079.571,batt.voltage_uv,3774000.0,cpu1#2
22080.756,batt.voltage_uv,3780000.0,cpu1#2
22080.796,batt.voltage_uv,3780000.0,cpu1#2
22081.994,batt.voltage_uv,3780000.0,cpu1#2
22082.028,batt.voltage_uv,3780000.0,cpu1#2
22083.641,batt.voltage_uv,3789000.0,cpu1#2
22083.691,batt.voltage_uv,3789000.0,cpu1#2
22084.475,batt.voltage_uv,3782000.0,cpu1#2
22084.503,batt.voltage_uv,3782000.0,cpu1#2
22084.705,batt.voltage_uv,3685000.0,cpu1#2
22084.801,batt.voltage_uv,3685000.0,cpu1#2
22086.070,batt.voltage_uv,3788000.0,cpu1#2
22086.086,batt.voltage_uv,3788000.0,cpu1#2
22087.301,batt.voltage_uv,3786000.0,cpu1#2
22087.336,batt.voltage_uv,3786000.0,cpu1#2
22088.529,batt.voltage_uv,3787000.0,cpu1#2
22088.578,batt.voltage_uv,3787000.0,cpu1#2
22089.769,batt.voltage_uv,3789000.0,cpu1#2
22089.815,batt.voltage_uv,3789000.0,cpu1#2
22091.022,batt.voltage_uv,3788000.0,cpu1#2
22091.066,batt.voltage_uv,3788000.0,cpu1#2
22092.262,batt.voltage_uv,3789000.0,cpu1#2
22092.287,batt.voltage_uv,3789000.0,cpu1#2
22093.492,batt.voltage_uv,3789000.0,cpu1#2
22093.534,batt.voltage_uv,3789000.0,cpu1#2
22094.736,batt.voltage_uv,3789000.0,cpu1#2
22095.893,batt.voltage_uv,3789000.0,cpu1#2
22095.914,batt.voltage_uv,3789000.0,cpu1#2
22097.120,batt.voltage_uv,3789000.0,cpu1#2
22097.160,batt.voltage_uv,3789000.0,cpu1#2
22098.375,batt.voltage_uv,3790000.0,cpu1#2
22098.476,batt.voltage_uv,3790000.0,cpu1#2
22099.579,batt.voltage_uv,3788000.0,cpu1#2
22099.613,batt.voltage_uv,3788000.0,cpu1#2
22100.822,batt.voltage_uv,3788000.0,cpu1#2
22100.841,batt.voltage_uv,3788000.0,cpu1#2
22102.054,batt.voltage_uv,3789000.0,cpu1#2
22102.061,batt.voltage_uv,3789000.0,cpu1#2
22103.254,batt.voltage_uv,3788000.0,cpu1#2
22103.265,batt.voltage_uv,3788000.0,cpu1#2
22103.362,batt.voltage_uv,3788000.0,cpu1#2
22104.496,batt.voltage_uv,3788000.0,cpu1#2
22104.596,batt.voltage_uv,3788000.0,cpu1#2
22105.729,batt.voltage_uv,3789000.0,cpu1#2
22105.743,batt.voltage_uv,3789000.0,cpu1#2
22106.944,batt.voltage_uv,3789000.0,cpu1#2
22106.962,batt.voltage_uv,3789000.0,cpu1#2
22107.051,batt.voltage_uv,3789000.0,cpu1#2
22108.273,batt.voltage_uv,3789000.0,cpu1#2
22109.422,batt.voltage_uv,3789000.0,cpu1#2
22109.522,batt.voltage_uv,3789000.0,cpu1#2
22110.645,batt.voltage_uv,3789000.0,cpu1#2
22110.714,batt.voltage_uv,3789000.0,cpu1#2
22111.888,batt.voltage_uv,3788000.0,cpu1#2
22111.914,batt.voltage_uv,3788000.0,cpu1#2
22113.101,batt.voltage_uv,3789000.0,cpu1#2
22113.113,batt.voltage_uv,3789000.0,cpu1#2
22113.215,batt.voltage_uv,3789000.0,cpu1#2
22113.923,batt.voltage_uv,3777000.0,cpu1#2
22114.022,batt.voltage_uv,3777000.0,cpu1#2
22114.147,batt.voltage_uv,3777000.0,
22114.219,batt.voltage_uv,3777000.0,
22115.555,batt.voltage_uv,3790000.0,
22115.574,batt.voltage_uv,3790000.0,
22116.778,batt.voltage_uv,3789000.0,
22116.877,batt.voltage_uv,3789000.0,
22118.078,batt.voltage_uv,3789000.0,
22118.100,batt.voltage_uv,3789000.0,
22119.302,batt.voltage_uv,3790000.0,
22119.335,batt.voltage_uv,3790000.0,
22120.522,batt.voltage_uv,3790000.0,
22120.547,batt.voltage_uv,3790000.0,
22121.742,batt.voltage_uv,3790000.0,
22121.765,batt.voltage_uv,3790000.0,
22122.951,batt.voltage_uv,3790000.0,
22122.981,batt.voltage_uv,3790000.0,
22124.189,batt.voltage_uv,3791000.0,
22124.243,batt.voltage_uv,3791000.0,
22125.400,batt.voltage_uv,3790000.0,
22125.427,batt.voltage_uv,3790000.0,
22126.625,batt.voltage_uv,3790000.0,
22126.656,batt.voltage_uv,3790000.0,
22128.054,batt.voltage_uv,3790000.0,
22128.156,batt.voltage_uv,3790000.0,
22129.352,batt.voltage_uv,3791000.0,
22130.558,batt.voltage_uv,3790000.0,
22130.574,batt.voltage_uv,3790000.0,
22131.760,batt.voltage_uv,3790000.0,
22131.795,batt.voltage_uv,3790000.0,
22132.994,batt.voltage_uv,3790000.0,
22133.027,batt.voltage_uv,3790000.0,
22134.222,batt.voltage_uv,3790000.0,
22134.264,batt.voltage_uv,3790000.0,
22134.375,batt.voltage_uv,3790000.0,
22134.463,batt.voltage_uv,3790000.0,
22134.562,batt.voltage_uv,3790000.0,
22134.694,batt.voltage_uv,3767000.0,cpu_all#2
22134.765,batt.voltage_uv,3767000.0,cpu_all#2
22134.865,batt.voltage_uv,3767000.0,cpu_all#2
22134.964,batt.voltage_uv,3767000.0,cpu_all#2
22135.062,batt.voltage_uv,3767000.0,cpu_all#2
22135.167,batt.voltage_uv,3767000.0,cpu_all#2
22135.258,batt.voltage_uv,3767000.0,cpu_all#2
22135.357,batt.voltage_uv,3767000.0,cpu_all#2
22135.458,batt.voltage_uv,3767000.0,cpu_all#2
22135.558,batt.voltage_uv,3767000.0,cpu_all#2
22135.657,batt.voltage_uv,3767000.0,cpu_all#2
22135.757,batt.voltage_uv,3767000.0,cpu_all#2
22135.858,batt.voltage_uv,3767000.0,cpu_all#2
22136.149,batt.voltage_uv,3680000.0,cpu_all#2
22136.163,batt.voltage_uv,3680000.0,cpu_all#2
22136.258,batt.voltage_uv,3680000.0,cpu_all#2
22136.357,batt.voltage_uv,3680000.0,cpu_all#2
22136.457,batt.voltage_uv,3680000.0,cpu_all#2
22136.558,batt.voltage_uv,3680000.0,cpu_all#2
22136.658,batt.voltage_uv,3680000.0,cpu_all#2
22136.757,batt.voltage_uv,3680000.0,cpu_all#2
22136.857,batt.voltage_uv,3680000.0,cpu_all#2
22136.958,batt.voltage_uv,3680000.0,cpu_all#2
22137.058,batt.voltage_uv,3680000.0,cpu_all#2
22137.157,batt.voltage_uv,3680000.0,cpu_all#2
22137.257,batt.voltage_uv,3680000.0,cpu_all#2
22137.358,batt.voltage_uv,3680000.0,cpu_all#2
22137.458,batt.voltage_uv,3680000.0,cpu_all#2
22137.557,batt.voltage_uv,3680000.0,cpu_all#2
22137.658,batt.voltage_uv,3680000.0,cpu_all#2
22138.505,batt.voltage_uv,3755000.0,cpu_all#2
22138.604,batt.voltage_uv,3755000.0,cpu_all#2
22139.798,batt.voltage_uv,3762000.0,cpu_all#2
22140.955,batt.voltage_uv,3765000.0,cpu_all#2
22141.002,batt.voltage_uv,3765000.0,cpu_all#2
22142.212,batt.voltage_uv,3763000.0,cpu_all#2
22142.242,batt.voltage_uv,3763000.0,cpu_all#2
22143.440,batt.voltage_uv,3765000.0,cpu_all#2
22143.487,batt.voltage_uv,3765000.0,cpu_all#2
22144.691,batt.voltage_uv,3765000.0,cpu_all#2
22144.728,batt.voltage_uv,3765000.0,cpu_all#2
22146.122,batt.voltage_uv,3782000.0,cpu_all#2
22147.316,batt.voltage_uv,3782000.0,cpu_all#2
22147.368,batt.voltage_uv,3782000.0,cpu_all#2
22148.590,batt.voltage_uv,3782000.0,cpu_all#2
22148.632,batt.voltage_uv,3782000.0,cpu_all#2
22149.835,batt.voltage_uv,3782000.0,cpu_all#2
22149.847,batt.voltage_uv,3782000.0,cpu_all#2
22151.049,batt.voltage_uv,3781000.0,cpu_all#2
22151.072,batt.voltage_uv,3781000.0,cpu_all#2
22152.275,batt.voltage_uv,3782000.0,cpu_all#2
22152.320,batt.voltage_uv,3782000.0,cpu_all#2
22153.515,batt.voltage_uv,3782000.0,cpu_all#2
22153.540,batt.voltage_uv,3782000.0,cpu_all#2
22154.737,batt.voltage_uv,3781000.0,cpu_all#2
22154.764,batt.voltage_uv,3781000.0,cpu_all#2
22155.973,batt.voltage_uv,3782000.0,cpu_all#2
22155.980,batt.voltage_uv,3782000.0,cpu_all#2
22157.182,batt.voltage_uv,3782000.0,cpu_all#2
22157.225,batt.voltage_uv,3782000.0,cpu_all#2
22158.430,batt.voltage_uv,3782000.0,cpu_all#2
22158.467,batt.voltage_uv,3782000.0,cpu_all#2
22159.666,batt.voltage_uv,3781000.0,cpu_all#2
22159.696,batt.voltage_uv,3781000.0,cpu_all#2
22160.088,batt.voltage_uv,3751000.0,cpu_all#2
22160.110,batt.voltage_uv,3751000.0,cpu_all#2
22160.489,batt.voltage_uv,3722000.0,cpu_all#2
22160.515,batt.voltage_uv,3722000.0,cpu_all#2
22160.770,batt.voltage_uv,3690000.0,cpu_all#2
22160.815,batt.voltage_uv,3690000.0,cpu_all#2
22160.915,batt.voltage_uv,3779000.0,cpu_all#2
22162.063,batt.voltage_uv,3779000.0,cpu_all#2
22162.154,batt.voltage_uv,3779000.0,cpu_all#2
22163.339,batt.voltage_uv,3780000.0,cpu_all#2
22163.382,batt.voltage_uv,3780000.0,cpu_all#2
22164.179,batt.voltage_uv,3778000.0,cpu_all#2
22164.226,batt.voltage_uv,3778000.0,cpu_all#2
22164.382,batt.voltage_uv,3675000.0,cpu_all#2
22164.429,batt.voltage_uv,3675000.0,cpu_all#2
22164.526,batt.voltage_uv,3675000.0,cpu_all#2
22165.759,batt.voltage_uv,3779000.0,cpu_all#2
22165.775,batt.voltage_uv,3779000.0,cpu_all#2
22166.961,batt.voltage_uv,3780000.0,cpu_all#2
22166.976,batt.voltage_uv,3780000.0,cpu_all#2
22167.076,batt.voltage_uv,3780000.0,cpu_all#2
22168.193,batt.voltage_uv,3782000.0,cpu_all#2
22168.272,batt.voltage_uv,3782000.0,cpu_all#2
22169.465,batt.voltage_uv,3783000.0,cpu_all#2
22169.500,batt.voltage_uv,3783000.0,cpu_all#2
22170.702,batt.voltage_uv,3783000.0,cpu_all#2
22170.726,batt.voltage_uv,3783000.0,cpu_all#2
22171.908,batt.voltage_uv,3782000.0,cpu_all#2
22171.963,batt.voltage_uv,3782000.0,cpu_all#2
22173.148,batt.voltage_uv,3785000.0,cpu_all#2
22173.184,batt.voltage_uv,3785000.0,cpu_all#2
22174.378,batt.voltage_uv,3782000.0,cpu_all#2
22174.426,batt.voltage_uv,3782000.0,cpu_all#2
22175.608,batt.voltage_uv,3777000.0,cpu_all#2
22175.647,batt.voltage_uv,3777000.0,cpu_all#2
22176.872,batt.voltage_uv,3784000.0,cpu_all#2
22178.082,batt.voltage_uv,3784000.0,cpu_all#2
22178.096,batt.voltage_uv,3784000.0,cpu_all#2
22179.268,batt.voltage_uv,3783000.0,cpu_all#2
22179.283,batt.voltage_uv,3783000.0,cpu_all#2
22180.479,batt.voltage_uv,3784000.0,cpu_all#2
22180.514,batt.voltage_uv,3784000.0,cpu_all#2
22180.632,batt.voltage_uv,3784000.0,cpu_all#2
22180.718,batt.voltage_uv,3784000.0,
22180.819,batt.voltage_uv,3784000.0,
22182.164,batt.voltage_uv,3786000.0,
22182.175,batt.voltage_uv,3786000.0,
22183.596,batt.voltage_uv,3788000.0,
22183.630,batt.voltage_uv,3788000.0,
22184.994,batt.voltage_uv,3787000.0,
22185.026,batt.voltage_uv,3787000.0,
22186.220,batt.voltage_uv,3786000.0,
22186.237,batt.voltage_uv,3786000.0,
22187.459,batt.voltage_uv,3784000.0,
22187.545,batt.voltage_uv,3784000.0,
22188.723,batt.voltage_uv,3786000.0,
22188.773,batt.voltage_uv,3786000.0,
22189.912,batt.voltage_uv,3786000.0,
22190.006,batt.voltage_uv,3786000.0,
22191.183,batt.voltage_uv,3788000.0,
22191.220,batt.voltage_uv,3788000.0,
22192.413,batt.voltage_uv,3787000.0,
22192.459,batt.voltage_uv,3787000.0,
22193.646,batt.voltage_uv,3784000.0,
22193.699,batt.voltage_uv,3784000.0,
22194.817,batt.voltage_uv,3788000.0,
22194.824,batt.voltage_uv,3788000.0,
22194.929,batt.voltage_uv,3788000.0,
22196.056,batt.voltage_uv,3788000.0,
22196.154,batt.voltage_uv,3788000.0,
22197.266,batt.voltage_uv,3788000.0,
22197.314,batt.voltage_uv,3788000.0,
22198.512,batt.voltage_uv,3787000.0,
22198.555,batt.voltage_uv,3787000.0,
22199.756,batt.voltage_uv,3788000.0,
22199.814,batt.voltage_uv,3788000.0,
22201.028,batt.voltage_uv,3787000.0,
22201.046,batt.voltage_uv,3787000.0,
22202.395,batt.voltage_uv,3766000.0,
22202.445,batt.voltage_uv,3766000.0,
22202.545,batt.voltage_uv,3766000.0,
22202.663,batt.voltage_uv,3766000.0,idle#3
22202.745,batt.voltage_uv,3766000.0,idle#3
22202.845,batt.voltage_uv,3766000.0,idle#3
22202.959,batt.voltage_uv,3766000.0,idle#3
22203.045,batt.voltage_uv,3766000.0,idle#3
22203.145,batt.voltage_uv,3766000.0,idle#3
22203.245,batt.voltage_uv,3766000.0,idle#3
22203.345,batt.voltage_uv,3766000.0,idle#3
22204.257,batt.voltage_uv,3787000.0,idle#3
22204.323,batt.voltage_uv,3787000.0,idle#3
22205.506,batt.voltage_uv,3788000.0,idle#3
22205.527,batt.voltage_uv,3788000.0,idle#3
22206.716,batt.voltage_uv,3788000.0,idle#3
22206.755,batt.voltage_uv,3788000.0,idle#3
22207.946,batt.voltage_uv,3789000.0,idle#3
22207.983,batt.voltage_uv,3789000.0,idle#3
22209.172,batt.voltage_uv,3788000.0,idle#3
22209.216,batt.voltage_uv,3788000.0,idle#3
22210.403,batt.voltage_uv,3787000.0,idle#3
22210.472,batt.voltage_uv,3787000.0,idle#3
22211.660,batt.voltage_uv,3788000.0,idle#3
22212.838,batt.voltage_uv,3788000.0,idle#3
22212.884,batt.voltage_uv,3788000.0,idle#3
22214.079,batt.voltage_uv,3789000.0,idle#3
22214.102,batt.voltage_uv,3789000.0,idle#3
22215.298,batt.voltage_uv,3787000.0,idle#3
22215.345,batt.voltage_uv,3787000.0,idle#3
22216.539,batt.voltage_uv,3788000.0,idle#3
22216.552,batt.voltage_uv,3788000.0,idle#3
22216.653,batt.voltage_uv,3788000.0,idle#3
22217.773,batt.voltage_uv,3788000.0,idle#3
22217.780,batt.voltage_uv,3788000.0,idle#3
22218.976,batt.voltage_uv,3789000.0,idle#3
22218.997,batt.voltage_uv,3789000.0,idle#3
22219.098,batt.voltage_uv,3789000.0,idle#3
22220.217,batt.voltage_uv,3789000.0,idle#3
22220.234,batt.voltage_uv,3789000.0,idle#3
22221.451,batt.voltage_uv,3790000.0,idle#3
22221.461,batt.voltage_uv,3790000.0,idle#3
22221.562,batt.voltage_uv,3790000.0,idle#3
22222.686,batt.voltage_uv,3789000.0,idle#3
22222.774,batt.voltage_uv,3789000.0,idle#3
22223.944,batt.voltage_uv,3789000.0,idle#3
22223.958,batt.voltage_uv,3789000.0,idle#3
22225.161,batt.voltage_uv,3789000.0,idle#3
22225.200,batt.voltage_uv,3789000.0,idle#3
22226.397,batt.voltage_uv,3790000.0,idle#3
22226.426,batt.voltage_uv,3790000.0,idle#3
22227.617,batt.voltage_uv,3790000.0,idle#3
22227.637,batt.voltage_uv,3790000.0,idle#3
22228.012,batt.voltage_uv,3770000.0,idle#3
22228.061,batt.voltage_uv,3770000.0,idle#3
22228.854,batt.voltage_uv,3788000.0,idle#3
22228.872,batt.voltage_uv,3788000.0,idle#3
22230.050,batt.voltage_uv,3789000.0,idle#3
22230.065,batt.voltage_uv,3789000.0,idle#3
22230.165,batt.voltage_uv,3789000.0,idle#3
22231.287,batt.voltage_uv,3789000.0,idle#3
22231.379,batt.voltage_uv,3789000.0,idle#3
22232.582,batt.voltage_uv,3790000.0,idle#3
22232.613,batt.voltage_uv,3790000.0,idle#3
22233.800,batt.voltage_uv,3790000.0,idle#3
22233.848,batt.voltage_uv,3790000.0,idle#3
22234.970,batt.voltage_uv,3787000.0,idle#3
22235.064,batt.voltage_uv,3787000.0,idle#3
22236.263,batt.voltage_uv,3789000.0,idle#3
22237.413,batt.voltage_uv,3788000.0,idle#3
22237.428,batt.voltage_uv,3788000.0,idle#3
22237.527,batt.voltage_uv,3788000.0,idle#3
22238.587,batt.voltage_uv,3756000.0,idle#3
22238.606,batt.voltage_uv,3756000.0,idle#3
22238.706,batt.voltage_uv,3773000.0,idle#3
22239.665,batt.voltage_uv,3773000.0,idle#3
22239.765,batt.voltage_uv,3773000.0,idle#3
22241.177,batt.voltage_uv,3790000.0,idle#3
22242.352,batt.voltage_uv,3790000.0,idle#3
22242.369,batt.voltage_uv,3790000.0,idle#3
22243.560,batt.voltage_uv,3789000.0,idle#3
22243.598,batt.voltage_uv,3789000.0,idle#3
22244.795,batt.voltage_uv,3789000.0,idle#3
22244.820,batt.voltage_uv,3789000.0,idle#3
22246.016,batt.voltage_uv,3789000.0,idle#3
22246.064,batt.voltage_uv,3789000.0,idle#3
22247.259,batt.voltage_uv,3789000.0,idle#3
22247.301,batt.voltage_uv,3789000.0,idle#3
22248.080,batt.voltage_uv,3779000.0,idle#3
22248.124,batt.voltage_uv,3779000.0,idle#3
22248.245,batt.voltage_uv,3779000.0,idle#3
22248.324,batt.voltage_uv,3779000.0,
22248.424,batt.voltage_uv,3779000.0,
22249.503,batt.voltage_uv,3787000.0,
22249.520,batt.voltage_uv,3787000.0,
22249.621,batt.voltage_uv,3787000.0,
22250.724,batt.voltage_uv,3788000.0,
22250.745,batt.voltage_uv,3788000.0,
22251.969,batt.voltage_uv,3790000.0,
22252.072,batt.voltage_uv,3790000.0,
22253.254,batt.voltage_uv,3789000.0,
22253.301,batt.voltage_uv,3789000.0,
22254.482,batt.voltage_uv,3789000.0,
22254.502,batt.voltage_uv,3789000.0,
22255.712,batt.voltage_uv,3790000.0,
22255.728,batt.voltage_uv,3790000.0,
22256.917,batt.voltage_uv,3788000.0,
22256.938,batt.voltage_uv,3788000.0,
22258.115,batt.voltage_uv,3790000.0,
22258.139,batt.voltage_uv,3790000.0,
22259.333,batt.voltage_uv,3789000.0,
22259.359,batt.voltage_uv,3789000.0,
22260.162,batt.voltage_uv,3771000.0,
22260.180,batt.voltage_uv,3771000.0,
22260.280,batt.voltage_uv,3771000.0,
22260.438,batt.voltage_uv,3773000.0,
22260.487,batt.voltage_uv,3773000.0,
22260.589,batt.voltage_uv,3773000.0,
22261.812,batt.voltage_uv,3788000.0,
22261.889,batt.voltage_uv,3788000.0,
22263.079,batt.voltage_uv,3789000.0,
22263.109,batt.voltage_uv,3789000.0,
22264.296,batt.voltage_uv,3789000.0,
22264.320,batt.voltage_uv,3789000.0,
22265.504,batt.voltage_uv,3790000.0,
22265.537,batt.voltage_uv,3790000.0,
22266.060,batt.voltage_uv,3786000.0,
22266.145,batt.voltage_uv,3786000.0,
22266.253,batt.voltage_uv,3786000.0,
22266.343,batt.voltage_uv,3786000.0,
22266.446,batt.voltage_uv,3786000.0,
22266.575,batt.voltage_uv,3781000.0,
22266.647,batt.voltage_uv,3781000.0,
22266.746,batt.voltage_uv,3781000.0,
22267.999,batt.voltage_uv,3787000.0,
22268.794,batt.voltage_uv,3790000.0,
22268.829,batt.voltage_uv,3790000.0,
22269.995,batt.voltage_uv,3789000.0,
22270.021,batt.voltage_uv,3789000.0,
22270.121,batt.voltage_uv,3789000.0,
22270.221,batt.voltage_uv,3789000.0,
22270.335,batt.voltage_uv,3789000.0,cpu1#3
22270.422,batt.voltage_uv,3789000.0,cpu1#3
22270.533,batt.voltage_uv,3789000.0,cpu1#3
22270.621,batt.voltage_uv,3789000.0,cpu1#3
22270.722,batt.voltage_uv,3789000.0,cpu1#3
22270.821,batt.voltage_uv,3789000.0,cpu1#3
22270.922,batt.voltage_uv,3789000.0,cpu1#3
22271.875,batt.voltage_uv,3787000.0,cpu1#3
22271.897,batt.voltage_uv,3787000.0,cpu1#3
22273.099,batt.voltage_uv,3788000.0,cpu1#3
22273.154,batt.voltage_uv,3788000.0,cpu1#3
22274.378,batt.voltage_uv,3787000.0,cpu1#3
22275.562,batt.voltage_uv,3787000.0,cpu1#3
22275.613,batt.voltage_uv,3787000.0,cpu1#3
22276.817,batt.voltage_uv,3787000.0,cpu1#3
22276.831,batt.voltage_uv,3787000.0,cpu1#3
22278.013,batt.voltage_uv,3788000.0,cpu1#3
22278.070,batt.voltage_uv,3788000.0,cpu1#3
22279.196,batt.voltage_uv,3789000.0,cpu1#3
22279.242,batt.voltage_uv,3789000.0,cpu1#3
22280.455,batt.voltage_uv,3788000.0,cpu1#3
22280.481,batt.voltage_uv,3788000.0,cpu1#3
22281.672,batt.voltage_uv,3788000.0,cpu1#3
22281.695,batt.voltage_uv,3788000.0,cpu1#3
22282.894,batt.voltage_uv,3788000.0,cpu1#3
22282.921,batt.voltage_uv,3788000.0,cpu1#3
22284.125,batt.voltage_uv,3789000.0,cpu1#3
22284.179,batt.voltage_uv,3789000.0,cpu1#3
22285.338,batt.voltage_uv,3789000.0,cpu1#3
22285.383,batt.voltage_uv,3789000.0,cpu1#3
22286.592,batt.voltage_uv,3788000.0,cpu1#3
22286.633,batt.voltage_uv,3788000.0,cpu1#3
22287.831,batt.voltage_uv,3789000.0,cpu1#3
22287.884,batt.voltage_uv,3789000.0,cpu1#3
22289.100,batt.voltage_uv,3788000.0,cpu1#3
22289.130,batt.voltage_uv,3788000.0,cpu1#3
22290.258,batt.voltage_uv,3787000.0,cpu1#3
22290.355,batt.voltage_uv,3787000.0,cpu1#3
22291.488,batt.voltage_uv,3788000.0,cpu1#3
22291.519,batt.voltage_uv,3788000.0,cpu1#3
22292.710,batt.voltage_uv,3789000.0,cpu1#3
22292.762,batt.voltage_uv,3789000.0,cpu1#3
22293.959,batt.voltage_uv,3788000.0,cpu1#3
22294.026,batt.voltage_uv,3788000.0,cpu1#3
22295.243,batt.voltage_uv,3789000.0,cpu1#3
22295.263,batt.voltage_uv,3789000.0,cpu1#3
22296.472,batt.voltage_uv,3788000.0,cpu1#3
22296.485,batt.voltage_uv,3788000.0,cpu1#3
22297.667,batt.voltage_uv,3790000.0,cpu1#3
22297.703,batt.voltage_uv,3790000.0,cpu1#3
22298.900,batt.voltage_uv,3789000.0,cpu1#3
22298.928,batt.voltage_uv,3789000.0,cpu1#3
22300.121,batt.voltage_uv,3789000.0,cpu1#3
22300.171,batt.voltage_uv,3789000.0,cpu1#3
22301.385,batt.voltage_uv,3789000.0,cpu1#3
22301.396,batt.voltage_uv,3789000.0,cpu1#3
22302.588,batt.voltage_uv,3788000.0,cpu1#3
22302.620,batt.voltage_uv,3788000.0,cpu1#3
22303.805,batt.voltage_uv,3790000.0,cpu1#3
22303.838,batt.voltage_uv,3790000.0,cpu1#3
22305.021,batt.voltage_uv,3790000.0,cpu1#3
22305.063,batt.voltage_uv,3790000.0,cpu1#3
22306.265,batt.voltage_uv,3787000.0,cpu1#3
22306.286,batt.voltage_uv,3787000.0,cpu1#3
22307.473,batt.voltage_uv,3789000.0,cpu1#3
22307.522,batt.voltage_uv,3789000.0,cpu1#3
22308.748,batt.voltage_uv,3789000.0,cpu1#3
22308.775,batt.voltage_uv,3789000.0,cpu1#3
22309.960,batt.voltage_uv,3790000.0,cpu1#3
22310.009,batt.voltage_uv,3790000.0,cpu1#3
22311.190,batt.voltage_uv,3788000.0,cpu1#3
22311.241,batt.voltage_uv,3788000.0,cpu1#3
22312.444,batt.voltage_uv,3789000.0,cpu1#3
22313.598,batt.voltage_uv,3790000.0,cpu1#3
22313.619,batt.voltage_uv,3790000.0,cpu1#3
22313.719,batt.voltage_uv,3790000.0,cpu1#3
22314.834,batt.voltage_uv,3790000.0,cpu1#3
22314.932,batt.voltage_uv,3790000.0,cpu1#3
22316.121,batt.voltage_uv,3790000.0,cpu1#3
22316.156,batt.voltage_uv,3790000.0,cpu1#3
22316.273,batt.voltage_uv,3790000.0,
22316.357,batt.voltage_uv,3790000.0,
22317.708,batt.voltage_uv,3790000.0,
22317.725,batt.voltage_uv,3790000.0,
22318.937,batt.voltage_uv,3790000.0,
22318.956,batt.voltage_uv,3790000.0,
22319.056,batt.voltage_uv,3790000.0,
22320.159,batt.voltage_uv,3790000.0,
22320.173,batt.voltage_uv,3790000.0,
22321.386,batt.voltage_uv,3789000.0,
22321.407,batt.voltage_uv,3789000.0,
22321.508,batt.voltage_uv,3789000.0,
22322.631,batt.voltage_uv,3789000.0,
22322.639,batt.voltage_uv,3789000.0,
22323.847,batt.voltage_uv,3789000.0,
22323.866,batt.voltage_uv,3789000.0,
22325.066,batt.voltage_uv,3790000.0,
22325.095,batt.voltage_uv,3790000.0,
22326.309,batt.voltage_uv,3790000.0,
22326.334,batt.voltage_uv,3790000.0,
22326.434,batt.voltage_uv,3790000.0,
22327.543,batt.voltage_uv,3790000.0,
22327.641,batt.voltage_uv,3790000.0,
22328.821,batt.voltage_uv,3790000.0,
22328.877,batt.voltage_uv,3789000.0,
22330.000,batt.voltage_uv,3789000.0,
22330.100,batt.voltage_uv,3789000.0,
22331.210,batt.voltage_uv,3790000.0,
22331.238,batt.voltage_uv,3790000.0,
22331.338,batt.voltage_uv,3789000.0,
22332.447,batt.voltage_uv,3789000.0,
22332.483,batt.voltage_uv,3789000.0,
22333.698,batt.voltage_uv,3791000.0,
22333.705,batt.voltage_uv,3791000.0,
22334.897,batt.voltage_uv,3789000.0,
22334.916,batt.voltage_uv,3789000.0,
22335.016,batt.voltage_uv,3789000.0,
22336.145,batt.voltage_uv,3790000.0,
22336.153,batt.voltage_uv,3790000.0,
22336.256,batt.voltage_uv,3790000.0,
22336.458,batt.voltage_uv,3770000.0,
22336.553,batt.voltage_uv,3770000.0,
22336.677,batt.voltage_uv,3770000.0,
22336.763,batt.voltage_uv,3770000.0,
22336.860,batt.voltage_uv,3770000.0,cpu_all#3
22336.958,batt.voltage_uv,3770000.0,cpu_all#3
22337.059,batt.voltage_uv,3770000.0,cpu_all#3
22337.256,batt.voltage_uv,3748000.0,cpu_all#3
22337.347,batt.voltage_uv,3748000.0,cpu_all#3
22337.447,batt.voltage_uv,3748000.0,cpu_all#3
22337.546,batt.voltage_uv,3748000.0,cpu_all#3
22337.647,batt.voltage_uv,3748000.0,cpu_all#3
22337.747,batt.voltage_uv,3748000.0,cpu_all#3
22337.847,batt.voltage_uv,3748000.0,cpu_all#3
22337.947,batt.voltage_uv,3748000.0,cpu_all#3
22338.046,batt.voltage_uv,3748000.0,cpu_all#3
22338.345,batt.voltage_uv,3488000.0,cpu_all#3
22338.360,batt.voltage_uv,3488000.0,cpu_all#3
22339.655,batt.voltage_uv,3785000.0,cpu_all#3
22339.727,batt.voltage_uv,3785000.0,cpu_all#3
22340.921,batt.voltage_uv,3785000.0,cpu_all#3
22342.069,batt.voltage_uv,3784000.0,cpu_all#3
22342.147,batt.voltage_uv,3784000.0,cpu_all#3
22343.369,batt.voltage_uv,3782000.0,cpu_all#3
22343.397,batt.voltage_uv,3782000.0,cpu_all#3
22344.584,batt.voltage_uv,3784000.0,cpu_all#3
22344.623,batt.voltage_uv,3784000.0,cpu_all#3
22345.828,batt.voltage_uv,3785000.0,cpu_all#3
22345.876,batt.voltage_uv,3785000.0,cpu_all#3
22347.074,batt.voltage_uv,3783000.0,cpu_all#3
22348.237,batt.voltage_uv,3784000.0,cpu_all#3
22348.264,batt.voltage_uv,3784000.0,cpu_all#3
22349.463,batt.voltage_uv,3785000.0,cpu_all#3
22349.511,batt.voltage_uv,3785000.0,cpu_all#3
22350.715,batt.voltage_uv,3784000.0,cpu_all#3
22350.747,batt.voltage_uv,3784000.0,cpu_all#3
22351.947,batt.voltage_uv,3784000.0,cpu_all#3
22351.996,batt.voltage_uv,3784000.0,cpu_all#3
22353.204,batt.voltage_uv,3784000.0,cpu_all#3
22353.246,batt.voltage_uv,3784000.0,cpu_all#3
22354.458,batt.voltage_uv,3785000.0,cpu_all#3
22354.478,batt.voltage_uv,3785000.0,cpu_all#3
22355.670,batt.voltage_uv,3784000.0,cpu_all#3
22355.699,batt.voltage_uv,3784000.0,cpu_all#3
22356.906,batt.voltage_uv,3785000.0,cpu_all#3
22358.079,batt.voltage_uv,3784000.0,cpu_all#3
22358.136,batt.voltage_uv,3784000.0,cpu_all#3
22359.301,batt.voltage_uv,3782000.0,cpu_all#3
22359.329,batt.voltage_uv,3782000.0,cpu_all#3
22360.522,batt.voltage_uv,3784000.0,cpu_all#3
22360.556,batt.voltage_uv,3784000.0,cpu_all#3
22361.750,batt.voltage_uv,3785000.0,cpu_all#3
22361.801,batt.voltage_uv,3785000.0,cpu_all#3
22363.006,batt.voltage_uv,3784000.0,cpu_all#3
22363.056,batt.voltage_uv,3784000.0,cpu_all#3
22364.268,batt.voltage_uv,3784000.0,cpu_all#3
22365.439,batt.voltage_uv,3785000.0,cpu_all#3
22365.458,batt.voltage_uv,3785000.0,cpu_all#3
22366.659,batt.voltage_uv,3784000.0,cpu_all#3
22366.691,batt.voltage_uv,3784000.0,cpu_all#3
22367.890,batt.voltage_uv,3784000.0,cpu_all#3
22367.911,batt.voltage_uv,3784000.0,cpu_all#3
22369.121,batt.voltage_uv,3783000.0,cpu_all#3
22369.153,batt.voltage_uv,3783000.0,cpu_all#3
22370.333,batt.voltage_uv,3784000.0,cpu_all#3
22370.361,batt.voltage_uv,3784000.0,cpu_all#3
22371.564,batt.voltage_uv,3781000.0,cpu_all#3
22371.582,batt.voltage_uv,3781000.0,cpu_all#3
22371.682,batt.voltage_uv,3781000.0,cpu_all#3
22372.797,batt.voltage_uv,3786000.0,cpu_all#3
22372.809,batt.voltage_uv,3786000.0,cpu_all#3
22374.030,batt.voltage_uv,3785000.0,cpu_all#3
22374.043,batt.voltage_uv,3785000.0,cpu_all#3
22374.143,batt.voltage_uv,3787000.0,cpu_all#3
22375.260,batt.voltage_uv,3787000.0,cpu_all#3
22375.295,batt.voltage_uv,3787000.0,cpu_all#3
22376.509,batt.voltage_uv,3786000.0,cpu_all#3
22376.544,batt.voltage_uv,3786000.0,cpu_all#3
22377.723,batt.voltage_uv,3786000.0,cpu_all#3
22377.768,batt.voltage_uv,3786000.0,cpu_all#3
22378.958,batt.voltage_uv,3786000.0,cpu_all#3
22378.990,batt.voltage_uv,3786000.0,cpu_all#3
22380.174,batt.voltage_uv,3785000.0,cpu_all#3
22380.219,batt.voltage_uv,3785000.0,cpu_all#3
22381.420,batt.voltage_uv,3786000.0,cpu_all#3
22381.453,batt.voltage_uv,3786000.0,cpu_all#3
22382.635,batt.voltage_uv,3786000.0,cpu_all#3
22382.678,batt.voltage_uv,3786000.0,cpu_all#3
22382.802,batt.voltage_uv,3786000.0,
22382.885,batt.voltage_uv,3786000.0,
22384.252,batt.voltage_uv,3786000.0,
22384.314,batt.voltage_uv,3786000.0,
22385.514,batt.voltage_uv,3787000.0,
22385.548,batt.voltage_uv,3787000.0,
22386.738,batt.voltage_uv,3787000.0,
22386.782,batt.voltage_uv,3787000.0,
22387.966,batt.voltage_uv,3786000.0,
22387.996,batt.voltage_uv,3786000.0,
22389.202,batt.voltage_uv,3788000.0,
22389.229,batt.voltage_uv,3788000.0,
22390.424,batt.voltage_uv,3788000.0,
22390.440,batt.voltage_uv,3788000.0,
22391.628,batt.voltage_uv,3787000.0,
22391.666,batt.voltage_uv,3787000.0,
22392.862,batt.voltage_uv,3787000.0,
22392.882,batt.voltage_uv,3787000.0,
22392.984,batt.voltage_uv,3788000.0,
22394.106,batt.voltage_uv,3788000.0,
22394.113,batt.voltage_uv,3788000.0,
22394.221,batt.voltage_uv,3788000.0,
22395.319,batt.voltage_uv,3789000.0,
22395.420,batt.voltage_uv,3789000.0,
22396.620,batt.voltage_uv,3789000.0,
22396.660,batt.voltage_uv,3789000.0,
22397.790,batt.voltage_uv,3789000.0,
22397.872,batt.voltage_uv,3789000.0,
22398.245,batt.voltage_uv,3773000.0,
22398.292,batt.voltage_uv,3773000.0,
22399.065,batt.voltage_uv,3787000.0,
22399.089,batt.voltage_uv,3787000.0,
22400.291,batt.voltage_uv,3789000.0,
22400.311,batt.voltage_uv,3789000.0,
22401.511,batt.voltage_uv,3788000.0,
22401.533,batt.voltage_uv,3788000.0,
22402.729,batt.voltage_uv,3788000.0,
22402.773,batt.voltage_uv,3788000.0,
22402.973,batt.voltage_uv,3768000.0,
22403.073,batt.voltage_uv,3768000.0,
22404.332,batt.voltage_uv,3776000.0,
22404.386,batt.voltage_uv,3776000.0,
22404.496,batt.voltage_uv,3776000.0,
22404.590,batt.voltage_uv,3776000.0,
22404.690,batt.voltage_uv,3776000.0,
22404.797,batt.voltage_uv,3776000.0,
22404.889,batt.voltage_uv,3776000.0,
21578.251,batt.power_mw,0.0,
21579.581,batt.power_mw,0.0,
21579.607,batt.power_mw,0.0,
21579.707,batt.power_mw,0.0,
21580.821,batt.power_mw,0.0,
21580.851,batt.power_mw,1.0,
21582.057,batt.power_mw,0.0,
21582.162,batt.power_mw,0.0,
21583.341,batt.power_mw,1.0,
21583.359,batt.power_mw,1.0,
21584.576,batt.power_mw,0.0,
21584.598,batt.power_mw,0.0,
21585.809,batt.power_mw,0.0,
21586.985,batt.power_mw,0.0,
21586.995,batt.power_mw,0.0,
21588.193,batt.power_mw,0.0,
21588.202,batt.power_mw,0.0,
21588.303,batt.power_mw,1.0,
21589.428,batt.power_mw,0.0,
21589.435,batt.power_mw,0.0,
21590.643,batt.power_mw,0.0,
21590.652,batt.power_mw,0.0,
21590.756,batt.power_mw,1.0,
21591.955,batt.power_mw,0.0,
21591.983,batt.power_mw,0.0,
21593.187,batt.power_mw,0.0,
21594.364,batt.power_mw,1.0,
21594.380,batt.power_mw,1.0,
21595.553,batt.power_mw,0.0,
21595.586,batt.power_mw,1.0,
21595.686,batt.power_mw,0.0,
21596.806,batt.power_mw,0.0,
21596.900,batt.power_mw,0.0,
21598.105,batt.power_mw,0.0,
21598.438,batt.power_mw,0.0,
21598.533,batt.power_mw,0.0,
21599.739,batt.power_mw,0.0,
21599.760,batt.power_mw,0.0,
21599.870,batt.power_mw,1.0,
21599.968,batt.power_mw,1.0,
21600.065,batt.power_mw,0.0,idle#0
21600.237,batt.power_mw,0.0,idle#0
21600.261,batt.power_mw,0.0,idle#0
21600.365,batt.power_mw,0.0,idle#0
21600.467,batt.power_mw,0.0,idle#0
21600.565,batt.power_mw,0.0,idle#0
21601.724,batt.power_mw,0.0,idle#0
21601.749,batt.power_mw,0.0,idle#0
21602.948,batt.power_mw,0.0,idle#0
21602.958,batt.power_mw,1.0,idle#0
21603.060,batt.power_mw,1.0,idle#0
21604.179,batt.power_mw,0.0,idle#0
21604.195,batt.power_mw,0.0,idle#0
21604.298,batt.power_mw,0.0,idle#0
21604.430,batt.power_mw,1.0,idle#0
21604.499,batt.power_mw,1.0,idle#0
21604.601,batt.power_mw,0.0,idle#0
21605.434,batt.power_mw,1.0,idle#0
21606.629,batt.power_mw,0.0,idle#0
21606.646,batt.power_mw,2.0,idle#0
21606.746,batt.power_mw,0.0,idle#0
21608.064,batt.power_mw,0.0,idle#0
21608.083,batt.power_mw,0.0,idle#0
21609.299,batt.power_mw,0.0,idle#0
21609.399,batt.power_mw,0.0,idle#0
21610.582,batt.power_mw,0.0,idle#0
21610.597,batt.power_mw,0.0,idle#0
21611.806,batt.power_mw,0.0,idle#0
21611.817,batt.power_mw,0.0,idle#0
21612.992,batt.power_mw,0.0,idle#0
21613.018,batt.power_mw,0.0,idle#0
21614.211,batt.power_mw,0.0,idle#0
21614.232,batt.power_mw,0.0,idle#0
21615.425,batt.power_mw,0.0,idle#0
21615.468,batt.power_mw,0.0,idle#0
21616.666,batt.power_mw,0.0,idle#0
21616.701,batt.power_mw,0.0,idle#0
21617.894,batt.power_mw,0.0,idle#0
21617.914,batt.power_mw,0.0,idle#0
21619.104,batt.power_mw,0.0,idle#0
21619.151,batt.power_mw,0.0,idle#0
21620.350,batt.power_mw,0.0,idle#0
21620.390,batt.power_mw,0.0,idle#0
21621.588,batt.power_mw,1.0,idle#0
21621.609,batt.power_mw,1.0,idle#0
21622.807,batt.power_mw,0.0,idle#0
21622.831,batt.power_mw,0.0,idle#0
21624.021,batt.power_mw,1.0,idle#0
21624.046,batt.power_mw,1.0,idle#0
21624.147,batt.power_mw,1.0,idle#0
21625.273,batt.power_mw,0.0,idle#0
21625.359,batt.power_mw,0.0,idle#0
21626.566,batt.power_mw,0.0,idle#0
21627.724,batt.power_mw,0.0,idle#0
21627.729,batt.power_mw,0.0,idle#0
21627.836,batt.power_mw,0.0,idle#0
21628.953,batt.power_mw,1.0,idle#0
21629.040,batt.power_mw,1.0,idle#0
21630.224,batt.power_mw,0.0,idle#0
21631.414,batt.power_mw,0.0,idle#0
21631.436,batt.power_mw,0.0,idle#0
21632.629,batt.power_mw,0.0,idle#0
21632.720,batt.power_mw,0.0,idle#0
21632.964,batt.power_mw,0.0,idle#0
21633.018,batt.power_mw,0.0,idle#0
21633.119,batt.power_mw,0.0,idle#0
21633.220,batt.power_mw,0.0,idle#0
21633.319,batt.power_mw,0.0,idle#0
21633.418,batt.power_mw,0.0,idle#0
21633.518,batt.power_mw,0.0,idle#0
21633.622,batt.power_mw,0.0,idle#0
21633.718,batt.power_mw,0.0,idle#0
21633.818,batt.power_mw,0.0,idle#0
21633.918,batt.power_mw,0.0,idle#0
21634.022,batt.power_mw,0.0,idle#0
21634.119,batt.power_mw,0.0,idle#0
21634.219,batt.power_mw,0.0,idle#0
21634.318,batt.power_mw,0.0,idle#0
21634.418,batt.power_mw,0.0,idle#0
21634.522,batt.power_mw,0.0,idle#0
21634.622,batt.power_mw,0.0,idle#0
21634.719,batt.power_mw,0.0,idle#0
21634.818,batt.power_mw,0.0,idle#0
21634.919,batt.power_mw,0.0,idle#0
21636.140,batt.power_mw,1.0,idle#0
21636.209,batt.power_mw,1.0,idle#0
21637.422,batt.power_mw,0.0,idle#0
21637.447,batt.power_mw,0.0,idle#0
21637.564,batt.power_mw,0.0,idle#0
21638.566,batt.power_mw,0.0,idle#0
21638.631,batt.power_mw,2.0,idle#0
21639.835,batt.power_mw,1.0,idle#0
21639.874,batt.power_mw,1.0,idle#0
21641.095,batt.power_mw,1.0,idle#0
21642.263,batt.power_mw,0.0,idle#0
21642.304,batt.power_mw,1.0,idle#0
21643.497,batt.power_mw,0.0,idle#0
21643.532,batt.power_mw,0.0,idle#0
21644.734,batt.power_mw,0.0,idle#0
21644.747,batt.power_mw,1.0,idle#0
21645.950,batt.power_mw,0.0,idle#0
21645.959,batt.power_mw,0.0,idle#0
21646.059,batt.power_mw,1.0,idle#0
21646.159,batt.power_mw,1.0,
21646.260,batt.power_mw,1.0,
21647.606,batt.power_mw,0.0,
21647.644,batt.power_mw,0.0,
21648.838,batt.power_mw,0.0,
21648.855,batt.power_mw,0.0,
21650.054,batt.power_mw,0.0,
21650.086,batt.power_mw,0.0,
21651.276,batt.power_mw,0.0,
21651.289,batt.power_mw,0.0,
21651.585,batt.power_mw,0.0,
21651.597,batt.power_mw,0.0,
21651.702,batt.power_mw,0.0,
21651.797,batt.power_mw,0.0,
21651.896,batt.power_mw,0.0,
21652.001,batt.power_mw,0.0,
21652.100,batt.power_mw,0.0,
21652.199,batt.power_mw,0.0,
21652.298,batt.power_mw,0.0,
21652.403,batt.power_mw,0.0,
21652.502,batt.power_mw,0.0,
21652.602,batt.power_mw,0.0,
21652.699,batt.power_mw,0.0,
21652.804,batt.power_mw,0.0,
21652.898,batt.power_mw,0.0,
21652.996,batt.power_mw,0.0,
21653.104,batt.power_mw,0.0,
21653.204,batt.power_mw,0.0,
21653.301,batt.power_mw,0.0,
21653.410,batt.power_mw,0.0,
21653.496,batt.power_mw,0.0,
21653.595,batt.power_mw,2.0,
21654.968,batt.power_mw,0.0,
21655.057,batt.power_mw,0.0,
21656.255,batt.power_mw,0.0,
21656.275,batt.power_mw,0.0,
21657.697,batt.power_mw,0.0,
21657.708,batt.power_mw,0.0,
21659.088,batt.power_mw,0.0,
21659.160,batt.power_mw,1.0,
21660.492,batt.power_mw,0.0,
21660.523,batt.power_mw,0.0,
21661.720,batt.power_mw,0.0,
21661.758,batt.power_mw,0.0,
21662.944,batt.power_mw,0.0,
21662.971,batt.power_mw,0.0,
21663.071,batt.power_mw,1.0,
21663.171,batt.power_mw,1.0,
21664.443,batt.power_mw,1.0,
21665.607,batt.power_mw,0.0,
21665.646,batt.power_mw,1.0,
21666.445,batt.power_mw,0.0,
21666.455,batt.power_mw,0.0,
21666.574,batt.power_mw,0.0,
21666.655,batt.power_mw,0.0,
21666.757,batt.power_mw,0.0,
21666.860,batt.power_mw,0.0,
21667.046,batt.power_mw,0.0,
21667.058,batt.power_mw,0.0,
21667.192,batt.power_mw,0.0,cpu1#0
21667.260,batt.power_mw,0.0,cpu1#0
21667.362,batt.power_mw,0.0,cpu1#0
21667.569,batt.power_mw,0.0,cpu1#0
21667.655,batt.power_mw,0.0,cpu1#0
21667.754,batt.power_mw,3.0,cpu1#0
21667.855,batt.power_mw,3.0,cpu1#0
21667.955,batt.power_mw,3.0,cpu1#0
21668.074,batt.power_mw,3.0,cpu1#0
21668.154,batt.power_mw,4.0,cpu1#0
21668.254,batt.power_mw,4.0,cpu1#0
21668.355,batt.power_mw,4.0,cpu1#0
21668.455,batt.power_mw,4.0,cpu1#0
21668.555,batt.power_mw,4.0,cpu1#0
21668.654,batt.power_mw,3.0,cpu1#0
21668.755,batt.power_mw,3.0,cpu1#0
21669.706,batt.power_mw,1.0,cpu1#0
21669.747,batt.power_mw,1.0,cpu1#0
21670.961,batt.power_mw,0.0,cpu1#0
21670.997,batt.power_mw,0.0,cpu1#0
21672.191,batt.power_mw,0.0,cpu1#0
21672.238,batt.power_mw,0.0,cpu1#0
21673.440,batt.power_mw,0.0,cpu1#0
21673.477,batt.power_mw,0.0,cpu1#0
21674.674,batt.power_mw,0.0,cpu1#0
21674.710,batt.power_mw,0.0,cpu1#0
21675.931,batt.power_mw,0.0,cpu1#0
21675.949,batt.power_mw,0.0,cpu1#0
21677.142,batt.power_mw,1.0,cpu1#0
21677.167,batt.power_mw,1.0,cpu1#0
21678.361,batt.power_mw,0.0,cpu1#0
21678.416,batt.power_mw,0.0,cpu1#0
21679.544,batt.power_mw,0.0,cpu1#0
21679.557,batt.power_mw,0.0,cpu1#0
21680.769,batt.power_mw,0.0,cpu1#0
21680.861,batt.power_mw,0.0,cpu1#0
21682.036,batt.power_mw,1.0,cpu1#0
21682.066,batt.power_mw,1.0,cpu1#0
21683.272,batt.power_mw,0.0,cpu1#0
21683.317,batt.power_mw,0.0,cpu1#0
21684.461,batt.power_mw,0.0,cpu1#0
21684.476,batt.power_mw,0.0,cpu1#0
21685.698,batt.power_mw,0.0,cpu1#0
21685.707,batt.power_mw,0.0,cpu1#0
21685.805,batt.power_mw,0.0,cpu1#0
21686.910,batt.power_mw,0.0,cpu1#0
21686.963,batt.power_mw,0.0,cpu1#0
21688.175,batt.power_mw,1.0,cpu1#0
21688.184,batt.power_mw,1.0,cpu1#0
21689.393,batt.power_mw,0.0,cpu1#0
21689.430,batt.power_mw,0.0,cpu1#0
21690.627,batt.power_mw,1.0,cpu1#0
21690.685,batt.power_mw,1.0,cpu1#0
21691.882,batt.power_mw,1.0,cpu1#0
21691.919,batt.power_mw,1.0,cpu1#0
21693.115,batt.power_mw,0.0,cpu1#0
21694.295,batt.power_mw,1.0,cpu1#0
21694.337,batt.power_mw,1.0,cpu1#0
21695.530,batt.power_mw,0.0,cpu1#0
21695.586,batt.power_mw,0.0,cpu1#0
21696.809,batt.power_mw,0.0,cpu1#0
21696.826,batt.power_mw,0.0,cpu1#0
21698.023,batt.power_mw,0.0,cpu1#0
21698.033,batt.power_mw,0.0,cpu1#0
21699.222,batt.power_mw,0.0,cpu1#0
21699.274,batt.power_mw,0.0,cpu1#0
21700.481,batt.power_mw,0.0,cpu1#0
21700.520,batt.power_mw,0.0,cpu1#0
21701.722,batt.power_mw,0.0,cpu1#0
21702.897,batt.power_mw,1.0,cpu1#0
21702.911,batt.power_mw,1.0,cpu1#0
21704.123,batt.power_mw,0.0,cpu1#0
21704.137,batt.power_mw,0.0,cpu1#0
21705.356,batt.power_mw,0.0,cpu1#0
21705.373,batt.power_mw,0.0,cpu1#0
21705.472,batt.power_mw,0.0,cpu1#0
21706.588,batt.power_mw,0.0,cpu1#0
21706.621,batt.power_mw,0.0,cpu1#0
21707.828,batt.power_mw,0.0,cpu1#0
21707.839,batt.power_mw,0.0,cpu1#0
21709.028,batt.power_mw,0.0,cpu1#0
21709.048,batt.power_mw,0.0,cpu1#0
21709.148,batt.power_mw,0.0,cpu1#0
21710.262,batt.power_mw,0.0,cpu1#0
21710.291,batt.power_mw,0.0,cpu1#0
21711.494,batt.power_mw,0.0,cpu1#0
21711.549,batt.power_mw,0.0,cpu1#0
21712.766,batt.power_mw,0.0,cpu1#0
21712.826,batt.power_mw,0.0,cpu1#0
21712.939,batt.power_mw,3.0,
21713.030,batt.power_mw,3.0,
21714.419,batt.power_mw,0.0,
21715.603,batt.power_mw,0.0,
21715.659,batt.power_mw,0.0,
21716.868,batt.power_mw,0.0,
21716.915,batt.power_mw,3.0,
21718.129,batt.power_mw,0.0,
21718.153,batt.power_mw,2.0,
21719.350,batt.power_mw,0.0,
21720.514,batt.power_mw,0.0,
21720.533,batt.power_mw,0.0,
21721.730,batt.power_mw,0.0,
21721.787,batt.power_mw,0.0,
21722.990,batt.power_mw,0.0,
21723.038,batt.power_mw,0.0,
21724.241,batt.power_mw,0.0,
21725.425,batt.power_mw,0.0,
21725.444,batt.power_mw,0.0,
21725.544,batt.power_mw,0.0,
21726.652,batt.power_mw,0.0,
21726.682,batt.power_mw,0.0,
21727.896,batt.power_mw,0.0,
21727.914,batt.power_mw,0.0,
21729.113,batt.power_mw,0.0,
21729.183,batt.power_mw,0.0,
21730.395,batt.power_mw,0.0,
21730.447,batt.power_mw,3.0,
21731.573,batt.power_mw,0.0,
21731.668,batt.power_mw,4.0,
21732.857,batt.power_mw,0.0,
21733.016,batt.power_mw,4.0,
21733.029,batt.power_mw,4.0,
21733.123,batt.power_mw,4.0,
21733.224,batt.power_mw,4.0,
21733.342,batt.power_mw,5.0,cpu_all#0
21733.423,batt.power_mw,4.0,cpu_all#0
21733.523,batt.power_mw,4.0,cpu_all#0
21733.620,batt.power_mw,9.0,cpu_all#0
21734.865,batt.power_mw,0.0,cpu_all#0
21734.899,batt.power_mw,0.0,cpu_all#0
21736.072,batt.power_mw,0.0,cpu_all#0
21736.098,batt.power_mw,0.0,cpu_all#0
21736.199,batt.power_mw,0.0,cpu_all#0
21737.375,batt.power_mw,0.0,cpu_all#0
21737.420,batt.power_mw,0.0,cpu_all#0
21738.611,batt.power_mw,0.0,cpu_all#0
21739.753,batt.power_mw,0.0,cpu_all#0
21739.793,batt.power_mw,0.0,cpu_all#0
21741.005,batt.power_mw,0.0,cpu_all#0
21741.037,batt.power_mw,0.0,cpu_all#0
21742.236,batt.power_mw,0.0,cpu_all#0
21742.290,batt.power_mw,0.0,cpu_all#0
21743.478,batt.power_mw,0.0,cpu_all#0
21743.549,batt.power_mw,0.0,cpu_all#0
21744.745,batt.power_mw,0.0,cpu_all#0
21744.783,batt.power_mw,0.0,cpu_all#0
21745.994,batt.power_mw,0.0,cpu_all#0
21746.020,batt.power_mw,0.0,cpu_all#0
21747.185,batt.power_mw,1.0,cpu_all#0
21747.954,batt.power_mw,0.0,cpu_all#0
21748.003,batt.power_mw,2.0,cpu_all#0
21748.209,batt.power_mw,0.0,cpu_all#0
21748.302,batt.power_mw,0.0,cpu_all#0
21748.401,batt.power_mw,0.0,cpu_all#0
21749.592,batt.power_mw,0.0,cpu_all#0
21749.621,batt.power_mw,0.0,cpu_all#0
21750.829,batt.power_mw,1.0,cpu_all#0
21750.857,batt.power_mw,1.0,cpu_all#0
21752.065,batt.power_mw,0.0,cpu_all#0
21752.107,batt.power_mw,0.0,cpu_all#0
21753.310,batt.power_mw,0.0,cpu_all#0
21753.369,batt.power_mw,0.0,cpu_all#0
21754.569,batt.power_mw,1.0,cpu_all#0
21755.730,batt.power_mw,0.0,cpu_all#0
21755.796,batt.power_mw,0.0,cpu_all#0
21756.987,batt.power_mw,1.0,cpu_all#0
21757.051,batt.power_mw,1.0,cpu_all#0
21758.262,batt.power_mw,1.0,cpu_all#0
21758.325,batt.power_mw,1.0,cpu_all#0
21759.498,batt.power_mw,0.0,cpu_all#0
21759.518,batt.power_mw,0.0,cpu_all#0
21760.727,batt.power_mw,0.0,cpu_all#0
21760.744,batt.power_mw,0.0,cpu_all#0
21761.962,batt.power_mw,0.0,cpu_all#0
21761.980,batt.power_mw,0.0,cpu_all#0
21763.171,batt.power_mw,0.0,cpu_all#0
21763.189,batt.power_mw,0.0,cpu_all#0
21764.400,batt.power_mw,0.0,cpu_all#0
21764.427,batt.power_mw,0.0,cpu_all#0
21765.621,batt.power_mw,0.0,cpu_all#0
21765.667,batt.power_mw,0.0,cpu_all#0
21766.790,batt.power_mw,1.0,cpu_all#0
21766.818,batt.power_mw,1.0,cpu_all#0
21768.018,batt.power_mw,0.0,cpu_all#0
21768.059,batt.power_mw,0.0,cpu_all#0
21769.254,batt.power_mw,0.0,cpu_all#0
21769.286,batt.power_mw,0.0,cpu_all#0
21770.483,batt.power_mw,0.0,cpu_all#0
21770.499,batt.power_mw,0.0,cpu_all#0
21771.705,batt.power_mw,0.0,cpu_all#0
21771.803,batt.power_mw,0.0,cpu_all#0
21772.983,batt.power_mw,0.0,cpu_all#0
21773.018,batt.power_mw,0.0,cpu_all#0
21774.212,batt.power_mw,0.0,cpu_all#0
21774.234,batt.power_mw,0.0,cpu_all#0
21775.426,batt.power_mw,0.0,cpu_all#0
21775.451,batt.power_mw,0.0,cpu_all#0
21776.653,batt.power_mw,0.0,cpu_all#0
21776.714,batt.power_mw,0.0,cpu_all#0
21777.900,batt.power_mw,0.0,cpu_all#0
21777.934,batt.power_mw,0.0,cpu_all#0
21778.708,batt.power_mw,0.0,cpu_all#0
21778.761,batt.power_mw,1.0,cpu_all#0
21778.878,batt.power_mw,1.0,
21778.961,batt.power_mw,0.0,
21780.312,batt.power_mw,0.0,
21780.411,batt.power_mw,0.0,
21781.600,batt.power_mw,0.0,
21781.615,batt.power_mw,0.0,
21782.818,batt.power_mw,0.0,
21782.847,batt.power_mw,0.0,
21784.037,batt.power_mw,0.0,
21784.056,batt.power_mw,0.0,
21785.259,batt.power_mw,0.0,
21785.307,batt.power_mw,0.0,
21786.509,batt.power_mw,0.0,
21786.555,batt.power_mw,0.0,
21787.684,batt.power_mw,1.0,
21787.774,batt.power_mw,1.0,
21788.977,batt.power_mw,1.0,
21789.014,batt.power_mw,1.0,
21790.160,batt.power_mw,0.0,
21790.211,batt.power_mw,0.0,
21791.380,batt.power_mw,0.0,
21791.393,batt.power_mw,0.0,
21792.595,batt.power_mw,0.0,
21792.606,batt.power_mw,0.0,
21792.706,batt.power_mw,1.0,
21793.828,batt.power_mw,1.0,
21793.838,batt.power_mw,1.0,
21795.048,batt.power_mw,0.0,
21795.061,batt.power_mw,0.0,
21796.273,batt.power_mw,0.0,
21796.306,batt.power_mw,0.0,
21796.406,batt.power_mw,0.0,
21797.511,batt.power_mw,0.0,
21797.536,batt.power_mw,0.0,
21798.741,batt.power_mw,0.0,
21798.772,batt.power_mw,0.0,
21798.873,batt.power_mw,0.0,
21799.041,batt.power_mw,0.0,
21799.113,batt.power_mw,1.0,
21799.184,batt.power_mw,1.0,
21800.433,batt.power_mw,0.0,
21800.459,batt.power_mw,0.0,
21800.568,batt.power_mw,0.0,
21800.667,batt.power_mw,0.0,idle#1
21800.768,batt.power_mw,0.0,idle#1
21800.868,batt.power_mw,0.0,idle#1
21800.975,batt.power_mw,0.0,idle#1
21801.064,batt.power_mw,0.0,idle#1
21801.166,batt.power_mw,0.0,idle#1
21801.268,batt.power_mw,0.0,idle#1
21802.436,batt.power_mw,0.0,idle#1
21802.445,batt.power_mw,0.0,idle#1
21803.669,batt.power_mw,0.0,idle#1
21803.736,batt.power_mw,0.0,idle#1
21804.928,batt.power_mw,0.0,idle#1
21804.937,batt.power_mw,0.0,idle#1
21806.105,batt.power_mw,0.0,idle#1
21806.147,batt.power_mw,0.0,idle#1
21807.359,batt.power_mw,0.0,idle#1
21807.395,batt.power_mw,0.0,idle#1
21808.579,batt.power_mw,0.0,idle#1
21808.607,batt.power_mw,0.0,idle#1
21809.807,batt.power_mw,0.0,idle#1
21809.910,batt.power_mw,0.0,idle#1
21811.016,batt.power_mw,0.0,idle#1
21811.037,batt.power_mw,0.0,idle#1
21811.133,batt.power_mw,0.0,idle#1
21812.261,batt.power_mw,0.0,idle#1
21812.361,batt.power_mw,0.0,idle#1
21813.487,batt.power_mw,0.0,idle#1
21813.498,batt.power_mw,0.0,idle#1
21813.597,batt.power_mw,0.0,idle#1
21814.712,batt.power_mw,0.0,idle#1
21814.729,batt.power_mw,0.0,idle#1
21815.933,batt.power_mw,0.0,idle#1
21815.957,batt.power_mw,0.0,idle#1
21816.057,batt.power_mw,0.0,idle#1
21817.174,batt.power_mw,0.0,idle#1
21817.187,batt.power_mw,0.0,idle#1
21817.290,batt.power_mw,0.0,idle#1
21818.391,batt.power_mw,0.0,idle#1
21818.407,batt.power_mw,0.0,idle#1
21819.617,batt.power_mw,0.0,idle#1
21819.634,batt.power_mw,0.0,idle#1
21819.733,batt.power_mw,0.0,idle#1
21820.851,batt.power_mw,0.0,idle#1
21820.880,batt.power_mw,0.0,idle#1
21822.083,batt.power_mw,0.0,idle#1
21822.103,batt.power_mw,0.0,idle#1
21823.310,batt.power_mw,0.0,idle#1
21823.343,batt.power_mw,0.0,idle#1
21824.551,batt.power_mw,1.0,idle#1
21824.576,batt.power_mw,1.0,idle#1
21824.676,batt.power_mw,0.0,idle#1
21825.773,batt.power_mw,0.0,idle#1
21825.821,batt.power_mw,0.0,idle#1
21827.018,batt.power_mw,0.0,idle#1
21827.028,batt.power_mw,0.0,idle#1
21828.217,batt.power_mw,0.0,idle#1
21828.252,batt.power_mw,0.0,idle#1
21828.351,batt.power_mw,0.0,idle#1
21829.466,batt.power_mw,0.0,idle#1
21829.484,batt.power_mw,0.0,idle#1
21830.687,batt.power_mw,0.0,idle#1
21830.712,batt.power_mw,0.0,idle#1
21831.912,batt.power_mw,0.0,idle#1
21831.954,batt.power_mw,0.0,idle#1
21833.149,batt.power_mw,0.0,idle#1
21833.189,batt.power_mw,0.0,idle#1
21834.385,batt.power_mw,0.0,idle#1
21834.435,batt.power_mw,0.0,idle#1
21835.635,batt.power_mw,0.0,idle#1
21835.661,batt.power_mw,0.0,idle#1
21836.853,batt.power_mw,0.0,idle#1
21836.911,batt.power_mw,0.0,idle#1
21838.099,batt.power_mw,0.0,idle#1
21838.141,batt.power_mw,0.0,idle#1
21839.349,batt.power_mw,0.0,idle#1
21839.365,batt.power_mw,0.0,idle#1
21840.545,batt.power_mw,0.0,idle#1
21840.573,batt.power_mw,0.0,idle#1
21841.764,batt.power_mw,0.0,idle#1
21841.813,batt.power_mw,0.0,idle#1
21843.008,batt.power_mw,0.0,idle#1
21843.047,batt.power_mw,0.0,idle#1
21844.243,batt.power_mw,0.0,idle#1
21844.273,batt.power_mw,0.0,idle#1
21845.471,batt.power_mw,0.0,idle#1
21845.524,batt.power_mw,0.0,idle#1
21846.322,batt.power_mw,0.0,idle#1
21846.368,batt.power_mw,0.0,idle#1
21846.471,batt.power_mw,0.0,
21846.569,batt.power_mw,0.0,
21847.889,batt.power_mw,0.0,
21847.938,batt.power_mw,0.0,
21849.139,batt.power_mw,0.0,
21849.173,batt.power_mw,0.0,
21850.358,batt.power_mw,0.0,
21850.406,batt.power_mw,0.0,
21851.621,batt.power_mw,0.0,
21851.640,batt.power_mw,0.0,
21852.842,batt.power_mw,0.0,
21852.902,batt.power_mw,0.0,
21854.044,batt.power_mw,0.0,
21854.089,batt.power_mw,0.0,
21855.287,batt.power_mw,0.0,
21855.322,batt.power_mw,0.0,
21856.521,batt.power_mw,0.0,
21856.544,batt.power_mw,0.0,
21857.739,batt.power_mw,0.0,
21857.772,batt.power_mw,0.0,
21859.371,batt.power_mw,0.0,
21859.404,batt.power_mw,0.0,
21860.589,batt.power_mw,0.0,
21860.624,batt.power_mw,0.0,
21861.820,batt.power_mw,0.0,
21861.867,batt.power_mw,0.0,
21863.079,batt.power_mw,0.0,
21863.099,batt.power_mw,0.0,
21864.275,batt.power_mw,0.0,
21864.318,batt.power_mw,0.0,
21865.509,batt.power_mw,0.0,
21865.560,batt.power_mw,0.0,
21866.749,batt.power_mw,0.0,
21866.784,batt.power_mw,0.0,
21866.914,batt.power_mw,0.0,
21866.987,batt.power_mw,0.0,
21867.087,batt.power_mw,1.0,
21867.209,batt.power_mw,0.0,cpu1#1
21867.292,batt.power_mw,0.0,cpu1#1
21867.392,batt.power_mw,0.0,cpu1#1
21867.489,batt.power_mw,0.0,cpu1#1
21867.590,batt.power_mw,1.0,cpu1#1
21867.986,batt.power_mw,0.0,cpu1#1
21868.064,batt.power_mw,0.0,cpu1#1
21868.633,batt.power_mw,2.0,cpu1#1
21869.833,batt.power_mw,0.0,cpu1#1
21869.881,batt.power_mw,1.0,cpu1#1
21871.083,batt.power_mw,2.0,cpu1#1
21871.139,batt.power_mw,0.0,cpu1#1
21872.266,batt.power_mw,0.0,cpu1#1
21872.312,batt.power_mw,1.0,cpu1#1
21873.526,batt.power_mw,2.0,cpu1#1
21873.585,batt.power_mw,2.0,cpu1#1
21874.802,batt.power_mw,1.0,cpu1#1
21874.831,batt.power_mw,1.0,cpu1#1
21876.023,batt.power_mw,2.0,cpu1#1
21877.193,batt.power_mw,0.0,cpu1#1
21877.251,batt.power_mw,1.0,cpu1#1
21878.450,batt.power_mw,2.0,cpu1#1
21879.624,batt.power_mw,0.0,cpu1#1
21879.659,batt.power_mw,0.0,cpu1#1
21880.873,batt.power_mw,0.0,cpu1#1
21880.885,batt.power_mw,0.0,cpu1#1
21880.985,batt.power_mw,1.0,cpu1#1
21882.097,batt.power_mw,0.0,cpu1#1
21882.193,batt.power_mw,2.0,cpu1#1
21883.327,batt.power_mw,0.0,cpu1#1
21883.336,batt.power_mw,0.0,cpu1#1
21884.546,batt.power_mw,0.0,cpu1#1
21884.590,batt.power_mw,2.0,cpu1#1
21885.802,batt.power_mw,0.0,cpu1#1
21885.816,batt.power_mw,1.0,cpu1#1
21887.005,batt.power_mw,0.0,cpu1#1
21887.053,batt.power_mw,3.0,cpu1#1
21888.251,batt.power_mw,0.0,cpu1#1
21888.296,batt.power_mw,2.0,cpu1#1
21889.521,batt.power_mw,1.0,cpu1#1
21889.537,batt.power_mw,1.0,cpu1#1
21890.724,batt.power_mw,0.0,cpu1#1
21890.789,batt.power_mw,2.0,cpu1#1
21891.924,batt.power_mw,0.0,cpu1#1
21892.000,batt.power_mw,1.0,cpu1#1
21893.202,batt.power_mw,0.0,cpu1#1
21893.247,batt.power_mw,0.0,cpu1#1
21894.417,batt.power_mw,2.0,cpu1#1
21895.625,batt.power_mw,0.0,cpu1#1
21895.634,batt.power_mw,0.0,cpu1#1
21896.830,batt.power_mw,0.0,cpu1#1
21896.868,batt.power_mw,0.0,cpu1#1
21898.086,batt.power_mw,0.0,cpu1#1
21898.123,batt.power_mw,1.0,cpu1#1
21899.308,batt.power_mw,0.0,cpu1#1
21899.356,batt.power_mw,1.0,cpu1#1
21900.557,batt.power_mw,0.0,cpu1#1
21900.614,batt.power_mw,2.0,cpu1#1
21901.816,batt.power_mw,2.0,cpu1#1
21902.971,batt.power_mw,0.0,cpu1#1
21903.039,batt.power_mw,2.0,cpu1#1
21903.146,batt.power_mw,2.0,cpu1#1
21903.239,batt.power_mw,4.0,cpu1#1
21904.425,batt.power_mw,0.0,cpu1#1
21904.454,batt.power_mw,0.0,cpu1#1
21905.654,batt.power_mw,0.0,cpu1#1
21905.689,batt.power_mw,0.0,cpu1#1
21906.893,batt.power_mw,1.0,cpu1#1
21906.942,batt.power_mw,1.0,cpu1#1
21908.148,batt.power_mw,1.0,cpu1#1
21908.199,batt.power_mw,1.0,cpu1#1
21909.322,batt.power_mw,0.0,cpu1#1
21909.368,batt.power_mw,0.0,cpu1#1
21910.561,batt.power_mw,0.0,cpu1#1
21910.583,batt.power_mw,0.0,cpu1#1
21911.782,batt.power_mw,0.0,cpu1#1
21911.821,batt.power_mw,1.0,cpu1#1
21913.014,batt.power_mw,0.0,cpu1#1
21913.062,batt.power_mw,1.0,cpu1#1
21913.163,batt.power_mw,1.0,
21914.462,batt.power_mw,0.0,
21914.512,batt.power_mw,0.0,
21915.705,batt.power_mw,1.0,
21915.775,batt.power_mw,1.0,
21916.969,batt.power_mw,0.0,
21918.147,batt.power_mw,1.0,
21918.167,batt.power_mw,1.0,
21919.358,batt.power_mw,0.0,
21919.403,batt.power_mw,0.0,
21920.602,batt.power_mw,0.0,
21920.639,batt.power_mw,0.0,
21921.825,batt.power_mw,0.0,
21921.860,batt.power_mw,0.0,
21923.052,batt.power_mw,0.0,
21923.085,batt.power_mw,0.0,
21923.185,batt.power_mw,0.0,
21924.552,batt.power_mw,0.0,
21924.588,batt.power_mw,0.0,
21925.703,batt.power_mw,0.0,
21925.720,batt.power_mw,0.0,
21925.820,batt.power_mw,0.0,
21926.944,batt.power_mw,0.0,
21926.957,batt.power_mw,0.0,
21928.169,batt.power_mw,0.0,
21928.193,batt.power_mw,0.0,
21928.293,batt.power_mw,0.0,
21929.402,batt.power_mw,0.0,
21929.432,batt.power_mw,0.0,
21930.630,batt.power_mw,0.0,
21930.643,batt.power_mw,0.0,
21930.739,batt.power_mw,0.0,
21931.935,batt.power_mw,0.0,
21933.072,batt.power_mw,0.0,
21933.102,batt.power_mw,0.0,
21933.284,batt.power_mw,0.0,
21933.303,batt.power_mw,0.0,
21933.401,batt.power_mw,0.0,
21933.502,batt.power_mw,0.0,
21934.791,batt.power_mw,0.0,
21934.809,batt.power_mw,1.0,
21934.918,batt.power_mw,1.0,cpu_all#1
21935.010,batt.power_mw,0.0,cpu_all#1
21935.127,batt.power_mw,0.0,cpu_all#1
21935.209,batt.power_mw,1.0,cpu_all#1
21935.309,batt.power_mw,1.0,cpu_all#1
21935.410,batt.power_mw,10.0,cpu_all#1
21935.509,batt.power_mw,10.0,cpu_all#1
21936.428,batt.power_mw,1.0,cpu_all#1
21936.468,batt.power_mw,1.0,cpu_all#1
21937.654,batt.power_mw,3.0,cpu_all#1
21938.748,batt.power_mw,0.0,cpu_all#1
21938.815,batt.power_mw,0.0,cpu_all#1
21940.128,batt.power_mw,1.0,cpu_all#1
21940.168,batt.power_mw,1.0,cpu_all#1
21941.346,batt.power_mw,1.0,cpu_all#1
21941.390,batt.power_mw,1.0,cpu_all#1
21942.587,batt.power_mw,0.0,cpu_all#1
21943.746,batt.power_mw,0.0,cpu_all#1
21943.794,batt.power_mw,0.0,cpu_all#1
21945.003,batt.power_mw,0.0,cpu_all#1
21945.027,batt.power_mw,0.0,cpu_all#1
21946.231,batt.power_mw,0.0,cpu_all#1
21946.272,batt.power_mw,0.0,cpu_all#1
21947.466,batt.power_mw,1.0,cpu_all#1
21947.516,batt.power_mw,1.0,cpu_all#1
21948.728,batt.power_mw,1.0,cpu_all#1
21949.875,batt.power_mw,0.0,cpu_all#1
21949.930,batt.power_mw,1.0,cpu_all#1
21951.127,batt.power_mw,0.0,cpu_all#1
21951.178,batt.power_mw,1.0,cpu_all#1
21952.369,batt.power_mw,1.0,cpu_all#1
21952.396,batt.power_mw,1.0,cpu_all#1
21953.602,batt.power_mw,1.0,cpu_all#1
21953.649,batt.power_mw,1.0,cpu_all#1
21954.857,batt.power_mw,1.0,cpu_all#1
21954.905,batt.power_mw,1.0,cpu_all#1
21956.111,batt.power_mw,0.0,cpu_all#1
21956.143,batt.power_mw,0.0,cpu_all#1
21957.326,batt.power_mw,1.0,cpu_all#1
21957.368,batt.power_mw,1.0,cpu_all#1
21958.569,batt.power_mw,1.0,cpu_all#1
21959.740,batt.power_mw,1.0,cpu_all#1
21959.773,batt.power_mw,1.0,cpu_all#1
21960.985,batt.power_mw,0.0,cpu_all#1
21961.023,batt.power_mw,0.0,cpu_all#1
21962.216,batt.power_mw,1.0,cpu_all#1
21962.270,batt.power_mw,1.0,cpu_all#1
21963.480,batt.power_mw,1.0,cpu_all#1
21963.511,batt.power_mw,1.0,cpu_all#1
21964.639,batt.power_mw,0.0,cpu_all#1
21964.666,batt.power_mw,1.0,cpu_all#1
21965.861,batt.power_mw,0.0,cpu_all#1
21965.916,batt.power_mw,1.0,cpu_all#1
21967.127,batt.power_mw,0.0,cpu_all#1
21967.185,batt.power_mw,0.0,cpu_all#1
21967.546,batt.power_mw,1.0,cpu_all#1
21967.616,batt.power_mw,1.0,cpu_all#1
21967.721,batt.power_mw,9.0,cpu_all#1
21967.814,batt.power_mw,10.0,cpu_all#1
21968.343,batt.power_mw,1.0,cpu_all#1
21968.383,batt.power_mw,1.0,cpu_all#1
21969.581,batt.power_mw,1.0,cpu_all#1
21969.628,batt.power_mw,1.0,cpu_all#1
21970.855,batt.power_mw,1.0,cpu_all#1
21970.871,batt.power_mw,1.0,cpu_all#1
21972.079,batt.power_mw,1.0,cpu_all#1
21972.108,batt.power_mw,1.0,cpu_all#1
21973.304,batt.power_mw,1.0,cpu_all#1
21974.459,batt.power_mw,0.0,cpu_all#1
21974.504,batt.power_mw,1.0,cpu_all#1
21975.696,batt.power_mw,0.0,cpu_all#1
21975.755,batt.power_mw,0.0,cpu_all#1
21976.541,batt.power_mw,0.0,cpu_all#1
21976.609,batt.power_mw,9.0,cpu_all#1
21976.797,batt.power_mw,0.0,cpu_all#1
21976.809,batt.power_mw,0.0,cpu_all#1
21976.909,batt.power_mw,0.0,cpu_all#1
21978.186,batt.power_mw,1.0,cpu_all#1
21978.206,batt.power_mw,1.0,cpu_all#1
21979.410,batt.power_mw,1.0,cpu_all#1
21979.432,batt.power_mw,1.0,cpu_all#1
21980.632,batt.power_mw,1.0,cpu_all#1
21980.676,batt.power_mw,1.0,cpu_all#1
21980.788,batt.power_mw,1.0,
21980.876,batt.power_mw,0.0,
21982.225,batt.power_mw,0.0,
21982.242,batt.power_mw,0.0,
21982.345,batt.power_mw,0.0,
21983.468,batt.power_mw,0.0,
21983.561,batt.power_mw,0.0,
21984.684,batt.power_mw,0.0,
21984.707,batt.power_mw,0.0,
21984.807,batt.power_mw,0.0,
21985.939,batt.power_mw,0.0,
21986.041,batt.power_mw,0.0,
21987.226,batt.power_mw,0.0,
21987.980,batt.power_mw,0.0,
21987.996,batt.power_mw,0.0,
21988.096,batt.power_mw,1.0,
21988.253,batt.power_mw,0.0,
21988.303,batt.power_mw,0.0,
21988.402,batt.power_mw,0.0,
21989.618,batt.power_mw,0.0,
21989.632,batt.power_mw,0.0,
21990.836,batt.power_mw,0.0,
21990.858,batt.power_mw,0.0,
21990.959,batt.power_mw,0.0,
21992.074,batt.power_mw,0.0,
21992.085,batt.power_mw,0.0,
21993.309,batt.power_mw,0.0,
21993.323,batt.power_mw,0.0,
21993.423,batt.power_mw,0.0,
21994.526,batt.power_mw,0.0,
21994.555,batt.power_mw,0.0,
21995.753,batt.power_mw,0.0,
21995.779,batt.power_mw,0.0,
21995.879,batt.power_mw,0.0,
21996.996,batt.power_mw,0.0,
21997.021,batt.power_mw,0.0,
21998.216,batt.power_mw,0.0,
21998.235,batt.power_mw,0.0,
21998.335,batt.power_mw,0.0,
21999.453,batt.power_mw,0.0,
21999.461,batt.power_mw,0.0,
21999.567,batt.power_mw,0.0,
22000.670,batt.power_mw,0.0,
22000.685,batt.power_mw,0.0,
22000.789,batt.power_mw,0.0,
22000.915,batt.power_mw,1.0,
22000.991,batt.power_mw,1.0,
22001.087,batt.power_mw,0.0,
22001.196,batt.power_mw,1.0,
22001.294,batt.power_mw,1.0,
22001.393,batt.power_mw,0.0,idle#2
22001.491,batt.power_mw,0.0,idle#2
22001.613,batt.power_mw,0.0,idle#2
22001.688,batt.power_mw,0.0,idle#2
22001.788,batt.power_mw,1.0,idle#2
22001.893,batt.power_mw,0.0,idle#2
22001.994,batt.power_mw,0.0,idle#2
22002.091,batt.power_mw,0.0,idle#2
22002.191,batt.power_mw,0.0,idle#2
22002.294,batt.power_mw,0.0,idle#2
22002.394,batt.power_mw,0.0,idle#2
22002.961,batt.power_mw,0.0,idle#2
22004.140,batt.power_mw,0.0,idle#2
22004.162,batt.power_mw,0.0,idle#2
22004.263,batt.power_mw,0.0,idle#2
22005.413,batt.power_mw,0.0,idle#2
22005.473,batt.power_mw,0.0,idle#2
22006.627,batt.power_mw,0.0,idle#2
22006.648,batt.power_mw,0.0,idle#2
22007.840,batt.power_mw,0.0,idle#2
22007.851,batt.power_mw,0.0,idle#2
22009.055,batt.power_mw,0.0,idle#2
22009.100,batt.power_mw,0.0,idle#2
22010.305,batt.power_mw,0.0,idle#2
22010.345,batt.power_mw,0.0,idle#2
22011.541,batt.power_mw,1.0,idle#2
22011.596,batt.power_mw,1.0,idle#2
22012.790,batt.power_mw,1.0,idle#2
22012.849,batt.power_mw,1.0,idle#2
22013.989,batt.power_mw,0.0,idle#2
22014.003,batt.power_mw,0.0,idle#2
22015.221,batt.power_mw,0.0,idle#2
22015.230,batt.power_mw,0.0,idle#2
22015.330,batt.power_mw,0.0,idle#2
22016.438,batt.power_mw,0.0,idle#2
22016.480,batt.power_mw,1.0,idle#2
22017.674,batt.power_mw,0.0,idle#2
22017.724,batt.power_mw,0.0,idle#2
22018.928,batt.power_mw,0.0,idle#2
22018.953,batt.power_mw,0.0,idle#2
22020.147,batt.power_mw,1.0,idle#2
22020.210,batt.power_mw,1.0,idle#2
22021.405,batt.power_mw,0.0,idle#2
22021.437,batt.power_mw,0.0,idle#2
22022.655,batt.power_mw,0.0,idle#2
22022.679,batt.power_mw,0.0,idle#2
22023.870,batt.power_mw,0.0,idle#2
22023.895,batt.power_mw,0.0,idle#2
22025.078,batt.power_mw,0.0,idle#2
22025.102,batt.power_mw,0.0,idle#2
22026.313,batt.power_mw,0.0,idle#2
22027.491,batt.power_mw,0.0,idle#2
22027.547,batt.power_mw,1.0,idle#2
22028.749,batt.power_mw,0.0,idle#2
22028.791,batt.power_mw,0.0,idle#2
22029.988,batt.power_mw,0.0,idle#2
22030.011,batt.power_mw,0.0,idle#2
22031.192,batt.power_mw,0.0,idle#2
22031.253,batt.power_mw,0.0,idle#2
22032.444,batt.power_mw,0.0,idle#2
22032.477,batt.power_mw,0.0,idle#2
22033.677,batt.power_mw,0.0,idle#2
22033.726,batt.power_mw,0.0,idle#2
22034.947,batt.power_mw,0.0,idle#2
22034.976,batt.power_mw,0.0,idle#2
22036.156,batt.power_mw,0.0,idle#2
22036.194,batt.power_mw,0.0,idle#2
22037.391,batt.power_mw,0.0,idle#2
22037.417,batt.power_mw,0.0,idle#2
22038.612,batt.power_mw,0.0,idle#2
22038.633,batt.power_mw,0.0,idle#2
22039.825,batt.power_mw,0.0,idle#2
22039.876,batt.power_mw,0.0,idle#2
22041.014,batt.power_mw,0.0,idle#2
22041.111,batt.power_mw,0.0,idle#2
22042.305,batt.power_mw,0.0,idle#2
22042.335,batt.power_mw,0.0,idle#2
22043.523,batt.power_mw,0.0,idle#2
22043.570,batt.power_mw,0.0,idle#2
22044.714,batt.power_mw,0.0,idle#2
22044.722,batt.power_mw,0.0,idle#2
22044.828,batt.power_mw,0.0,idle#2
22045.943,batt.power_mw,0.0,idle#2
22045.951,batt.power_mw,0.0,idle#2
22047.150,batt.power_mw,0.0,idle#2
22047.166,batt.power_mw,0.0,idle#2
22047.266,batt.power_mw,0.0,idle#2
22047.366,batt.power_mw,0.0,
22047.466,batt.power_mw,0.0,
22048.826,batt.power_mw,0.0,
22050.021,batt.power_mw,0.0,
22050.069,batt.power_mw,0.0,
22051.268,batt.power_mw,0.0,
22051.305,batt.power_mw,0.0,
22052.493,batt.power_mw,0.0,
22052.541,batt.power_mw,0.0,
22053.740,batt.power_mw,0.0,
22053.770,batt.power_mw,0.0,
22055.379,batt.power_mw,0.0,
22055.413,batt.power_mw,0.0,
22056.608,batt.power_mw,0.0,
22056.659,batt.power_mw,0.0,
22057.866,batt.power_mw,0.0,
22059.054,batt.power_mw,0.0,
22059.093,batt.power_mw,0.0,
22060.281,batt.power_mw,0.0,
22060.341,batt.power_mw,0.0,
22061.531,batt.power_mw,0.0,
22061.579,batt.power_mw,0.0,
22062.780,batt.power_mw,0.0,
22062.812,batt.power_mw,0.0,
22064.018,batt.power_mw,0.0,
22064.042,batt.power_mw,0.0,
22065.233,batt.power_mw,0.0,
22065.264,batt.power_mw,0.0,
22066.452,batt.power_mw,0.0,
22066.496,batt.power_mw,0.0,
22067.703,batt.power_mw,0.0,
22067.759,batt.power_mw,1.0,
22067.860,batt.power_mw,1.0,
22067.959,batt.power_mw,0.0,
22068.059,batt.power_mw,0.0,
22068.173,batt.power_mw,2.0,cpu1#2
22068.259,batt.power_mw,0.0,cpu1#2
22068.358,batt.power_mw,0.0,cpu1#2
22068.459,batt.power_mw,0.0,cpu1#2
22068.559,batt.power_mw,0.0,cpu1#2
22069.688,batt.power_mw,0.0,cpu1#2
22069.724,batt.power_mw,0.0,cpu1#2
22070.941,batt.power_mw,0.0,cpu1#2
22070.989,batt.power_mw,0.0,cpu1#2
22072.183,batt.power_mw,0.0,cpu1#2
22072.220,batt.power_mw,0.0,cpu1#2
22073.422,batt.power_mw,0.0,cpu1#2
22074.591,batt.power_mw,0.0,cpu1#2
22074.633,batt.power_mw,0.0,cpu1#2
22075.839,batt.power_mw,0.0,cpu1#2
22075.882,batt.power_mw,0.0,cpu1#2
22077.076,batt.power_mw,0.0,cpu1#2
22077.154,batt.power_mw,0.0,cpu1#2
22078.288,batt.power_mw,0.0,cpu1#2
22078.315,batt.power_mw,0.0,cpu1#2
22079.541,batt.power_mw,0.0,cpu1#2
22079.571,batt.power_mw,0.0,cpu1#2
22080.756,batt.power_mw,0.0,cpu1#2
22080.796,batt.power_mw,0.0,cpu1#2
22081.994,batt.power_mw,0.0,cpu1#2
22082.028,batt.power_mw,0.0,cpu1#2
22083.641,batt.power_mw,0.0,cpu1#2
22083.691,batt.power_mw,0.0,cpu1#2
22084.475,batt.power_mw,0.0,cpu1#2
22084.503,batt.power_mw,0.0,cpu1#2
22084.705,batt.power_mw,3.0,cpu1#2
22084.801,batt.power_mw,3.0,cpu1#2
22086.070,batt.power_mw,0.0,cpu1#2
22086.086,batt.power_mw,0.0,cpu1#2
22087.301,batt.power_mw,0.0,cpu1#2
22087.336,batt.power_mw,0.0,cpu1#2
22088.529,batt.power_mw,0.0,cpu1#2
22088.578,batt.power_mw,0.0,cpu1#2
22089.769,batt.power_mw,0.0,cpu1#2
22089.815,batt.power_mw,0.0,cpu1#2
22091.022,batt.power_mw,0.0,cpu1#2
22091.066,batt.power_mw,0.0,cpu1#2
22092.262,batt.power_mw,0.0,cpu1#2
22092.287,batt.power_mw,0.0,cpu1#2
22093.492,batt.power_mw,0.0,cpu1#2
22093.534,batt.power_mw,3.0,cpu1#2
22094.736,batt.power_mw,0.0,cpu1#2
22095.893,batt.power_mw,0.0,cpu1#2
22095.914,batt.power_mw,0.0,cpu1#2
22097.120,batt.power_mw,0.0,cpu1#2
22097.160,batt.power_mw,0.0,cpu1#2
22098.375,batt.power_mw,0.0,cpu1#2
22098.476,batt.power_mw,2.0,cpu1#2
22099.579,batt.power_mw,0.0,cpu1#2
22099.613,batt.power_mw,0.0,cpu1#2
22100.822,batt.power_mw,0.0,cpu1#2
22100.841,batt.power_mw,0.0,cpu1#2
22102.054,batt.power_mw,0.0,cpu1#2
22102.061,batt.power_mw,0.0,cpu1#2
22103.254,batt.power_mw,0.0,cpu1#2
22103.265,batt.power_mw,0.0,cpu1#2
22103.362,batt.power_mw,3.0,cpu1#2
22104.496,batt.power_mw,0.0,cpu1#2
22104.596,batt.power_mw,2.0,cpu1#2
22105.729,batt.power_mw,0.0,cpu1#2
22105.743,batt.power_mw,0.0,cpu1#2
22106.944,batt.power_mw,0.0,cpu1#2
22106.962,batt.power_mw,0.0,cpu1#2
22107.051,batt.power_mw,2.0,cpu1#2
22108.273,batt.power_mw,0.0,cpu1#2
22109.422,batt.power_mw,0.0,cpu1#2
22109.522,batt.power_mw,0.0,cpu1#2
22110.645,batt.power_mw,0.0,cpu1#2
22110.714,batt.power_mw,0.0,cpu1#2
22111.888,batt.power_mw,0.0,cpu1#2
22111.914,batt.power_mw,0.0,cpu1#2
22113.101,batt.power_mw,0.0,cpu1#2
22113.113,batt.power_mw,0.0,cpu1#2
22113.215,batt.power_mw,0.0,cpu1#2
22113.923,batt.power_mw,0.0,cpu1#2
22114.022,batt.power_mw,0.0,cpu1#2
22114.147,batt.power_mw,0.0,
22114.219,batt.power_mw,0.0,
22115.555,batt.power_mw,0.0,
22115.574,batt.power_mw,0.0,
22116.778,batt.power_mw,0.0,
22116.877,batt.power_mw,0.0,
22118.078,batt.power_mw,0.0,
22118.100,batt.power_mw,0.0,
22119.302,batt.power_mw,0.0,
22119.335,batt.power_mw,0.0,
22120.522,batt.power_mw,0.0,
22120.547,batt.power_mw,0.0,
22121.742,batt.power_mw,0.0,
22121.765,batt.power_mw,0.0,
22122.951,batt.power_mw,0.0,
22122.981,batt.power_mw,0.0,
22124.189,batt.power_mw,0.0,
22124.243,batt.power_mw,0.0,
22125.400,batt.power_mw,0.0,
22125.427,batt.power_mw,0.0,
22126.625,batt.power_mw,0.0,
22126.656,batt.power_mw,0.0,
22128.054,batt.power_mw,0.0,
22128.156,batt.power_mw,0.0,
22129.352,batt.power_mw,1.0,
22130.558,batt.power_mw,0.0,
22130.574,batt.power_mw,0.0,
22131.760,batt.power_mw,0.0,
22131.795,batt.power_mw,0.0,
22132.994,batt.power_mw,0.0,
22133.027,batt.power_mw,0.0,
22134.222,batt.power_mw,0.0,
22134.264,batt.power_mw,0.0,
22134.375,batt.power_mw,0.0,
22134.463,batt.power_mw,0.0,
22134.562,batt.power_mw,0.0,
22134.694,batt.power_mw,0.0,cpu_all#2
22134.765,batt.power_mw,0.0,cpu_all#2
22134.865,batt.power_mw,0.0,cpu_all#2
22134.964,batt.power_mw,0.0,cpu_all#2
22135.062,batt.power_mw,0.0,cpu_all#2
22135.167,batt.power_mw,8.0,cpu_all#2
22135.258,batt.power_mw,8.0,cpu_all#2
22135.357,batt.power_mw,9.0,cpu_all#2
22135.458,batt.power_mw,9.0,cpu_all#2
22135.558,batt.power_mw,10.0,cpu_all#2
22135.657,batt.power_mw,10.0,cpu_all#2
22135.757,batt.power_mw,10.0,cpu_all#2
22135.858,batt.power_mw,10.0,cpu_all#2
22136.149,batt.power_mw,0.0,cpu_all#2
22136.163,batt.power_mw,0.0,cpu_all#2
22136.258,batt.power_mw,7.0,cpu_all#2
22136.357,batt.power_mw,7.0,cpu_all#2
22136.457,batt.power_mw,10.0,cpu_all#2
22136.558,batt.power_mw,10.0,cpu_all#2
22136.658,batt.power_mw,10.0,cpu_all#2
22136.757,batt.power_mw,10.0,cpu_all#2
22136.857,batt.power_mw,10.0,cpu_all#2
22136.958,batt.power_mw,11.0,cpu_all#2
22137.058,batt.power_mw,11.0,cpu_all#2
22137.157,batt.power_mw,11.0,cpu_all#2
22137.257,batt.power_mw,11.0,cpu_all#2
22137.358,batt.power_mw,11.0,cpu_all#2
22137.458,batt.power_mw,11.0,cpu_all#2
22137.557,batt.power_mw,11.0,cpu_all#2
22137.658,batt.power_mw,10.0,cpu_all#2
22138.505,batt.power_mw,0.0,cpu_all#2
22138.604,batt.power_mw,0.0,cpu_all#2
22139.798,batt.power_mw,0.0,cpu_all#2
22140.955,batt.power_mw,0.0,cpu_all#2
22141.002,batt.power_mw,0.0,cpu_all#2
22142.212,batt.power_mw,0.0,cpu_all#2
22142.242,batt.power_mw,0.0,cpu_all#2
22143.440,batt.power_mw,0.0,cpu_all#2
22143.487,batt.power_mw,0.0,cpu_all#2
22144.691,batt.power_mw,0.0,cpu_all#2
22144.728,batt.power_mw,0.0,cpu_all#2
22146.122,batt.power_mw,0.0,cpu_all#2
22147.316,batt.power_mw,0.0,cpu_all#2
22147.368,batt.power_mw,0.0,cpu_all#2
22148.590,batt.power_mw,0.0,cpu_all#2
22148.632,batt.power_mw,0.0,cpu_all#2
22149.835,batt.power_mw,0.0,cpu_all#2
22149.847,batt.power_mw,0.0,cpu_all#2
22151.049,batt.power_mw,0.0,cpu_all#2
22151.072,batt.power_mw,0.0,cpu_all#2
22152.275,batt.power_mw,0.0,cpu_all#2
22152.320,batt.power_mw,0.0,cpu_all#2
22153.515,batt.power_mw,0.0,cpu_all#2
22153.540,batt.power_mw,0.0,cpu_all#2
22154.737,batt.power_mw,0.0,cpu_all#2
22154.764,batt.power_mw,0.0,cpu_all#2
22155.973,batt.power_mw,0.0,cpu_all#2
22155.980,batt.power_mw,0.0,cpu_all#2
22157.182,batt.power_mw,0.0,cpu_all#2
22157.225,batt.power_mw,0.0,cpu_all#2
22158.430,batt.power_mw,0.0,cpu_all#2
22158.467,batt.power_mw,0.0,cpu_all#2
22159.666,batt.power_mw,0.0,cpu_all#2
22159.696,batt.power_mw,0.0,cpu_all#2
22160.088,batt.power_mw,7.0,cpu_all#2
22160.110,batt.power_mw,7.0,cpu_all#2
22160.489,batt.power_mw,0.0,cpu_all#2
22160.515,batt.power_mw,0.0,cpu_all#2
22160.770,batt.power_mw,0.0,cpu_all#2
22160.815,batt.power_mw,9.0,cpu_all#2
22160.915,batt.power_mw,0.0,cpu_all#2
22162.063,batt.power_mw,0.0,cpu_all#2
22162.154,batt.power_mw,0.0,cpu_all#2
22163.339,batt.power_mw,0.0,cpu_all#2
22163.382,batt.power_mw,0.0,cpu_all#2
22164.179,batt.power_mw,0.0,cpu_all#2
22164.226,batt.power_mw,0.0,cpu_all#2
22164.382,batt.power_mw,0.0,cpu_all#2
22164.429,batt.power_mw,0.0,cpu_all#2
22164.526,batt.power_mw,9.0,cpu_all#2
22165.759,batt.power_mw,0.0,cpu_all#2
22165.775,batt.power_mw,0.0,cpu_all#2
22166.961,batt.power_mw,0.0,cpu_all#2
22166.976,batt.power_mw,0.0,cpu_all#2
22167.076,batt.power_mw,0.0,cpu_all#2
22168.193,batt.power_mw,0.0,cpu_all#2
22168.272,batt.power_mw,0.0,cpu_all#2
22169.465,batt.power_mw,0.0,cpu_all#2
22169.500,batt.power_mw,0.0,cpu_all#2
22170.702,batt.power_mw,0.0,cpu_all#2
22170.726,batt.power_mw,0.0,cpu_all#2
22171.908,batt.power_mw,0.0,cpu_all#2
22171.963,batt.power_mw,0.0,cpu_all#2
22173.148,batt.power_mw,0.0,cpu_all#2
22173.184,batt.power_mw,0.0,cpu_all#2
22174.378,batt.power_mw,0.0,cpu_all#2
22174.426,batt.power_mw,0.0,cpu_all#2
22175.608,batt.power_mw,0.0,cpu_all#2
22175.647,batt.power_mw,0.0,cpu_all#2
22176.872,batt.power_mw,0.0,cpu_all#2
22178.082,batt.power_mw,0.0,cpu_all#2
22178.096,batt.power_mw,0.0,cpu_all#2
22179.268,batt.power_mw,0.0,cpu_all#2
22179.283,batt.power_mw,0.0,cpu_all#2
22180.479,batt.power_mw,0.0,cpu_all#2
22180.514,batt.power_mw,0.0,cpu_all#2
22180.632,batt.power_mw,0.0,cpu_all#2
22180.718,batt.power_mw,0.0,
22180.819,batt.power_mw,0.0,
22182.164,batt.power_mw,0.0,
22182.175,batt.power_mw,0.0,
22183.596,batt.power_mw,1.0,
22183.630,batt.power_mw,1.0,
22184.994,batt.power_mw,0.0,
22185.026,batt.power_mw,1.0,
22186.220,batt.power_mw,0.0,
22186.237,batt.power_mw,1.0,
22187.459,batt.power_mw,0.0,
22187.545,batt.power_mw,0.0,
22188.723,batt.power_mw,1.0,
22188.773,batt.power_mw,1.0,
22189.912,batt.power_mw,0.0,
22190.006,batt.power_mw,0.0,
22191.183,batt.power_mw,1.0,
22191.220,batt.power_mw,1.0,
22192.413,batt.power_mw,0.0,
22192.459,batt.power_mw,0.0,
22193.646,batt.power_mw,1.0,
22193.699,batt.power_mw,1.0,
22194.817,batt.power_mw,0.0,
22194.824,batt.power_mw,0.0,
22194.929,batt.power_mw,1.0,
22196.056,batt.power_mw,0.0,
22196.154,batt.power_mw,0.0,
22197.266,batt.power_mw,0.0,
22197.314,batt.power_mw,2.0,
22198.512,batt.power_mw,0.0,
22198.555,batt.power_mw,1.0,
22199.756,batt.power_mw,1.0,
22199.814,batt.power_mw,1.0,
22201.028,batt.power_mw,0.0,
22201.046,batt.power_mw,0.0,
22202.395,batt.power_mw,1.0,
22202.445,batt.power_mw,1.0,
22202.545,batt.power_mw,1.0,
22202.663,batt.power_mw,0.0,idle#3
22202.745,batt.power_mw,0.0,idle#3
22202.845,batt.power_mw,0.0,idle#3
22202.959,batt.power_mw,0.0,idle#3
22203.045,batt.power_mw,0.0,idle#3
22203.145,batt.power_mw,0.0,idle#3
22203.245,batt.power_mw,0.0,idle#3
22203.345,batt.power_mw,0.0,idle#3
22204.257,batt.power_mw,0.0,idle#3
22204.323,batt.power_mw,0.0,idle#3
22205.506,batt.power_mw,0.0,idle#3
22205.527,batt.power_mw,0.0,idle#3
22206.716,batt.power_mw,0.0,idle#3
22206.755,batt.power_mw,0.0,idle#3
22207.946,batt.power_mw,0.0,idle#3
22207.983,batt.power_mw,0.0,idle#3
22209.172,batt.power_mw,0.0,idle#3
22209.216,batt.power_mw,0.0,idle#3
22210.403,batt.power_mw,0.0,idle#3
22210.472,batt.power_mw,0.0,idle#3
22211.660,batt.power_mw,0.0,idle#3
22212.838,batt.power_mw,0.0,idle#3
22212.884,batt.power_mw,0.0,idle#3
22214.079,batt.power_mw,0.0,idle#3
22214.102,batt.power_mw,0.0,idle#3
22215.298,batt.power_mw,0.0,idle#3
22215.345,batt.power_mw,0.0,idle#3
22216.539,batt.power_mw,0.0,idle#3
22216.552,batt.power_mw,0.0,idle#3
22216.653,batt.power_mw,0.0,idle#3
22217.773,batt.power_mw,0.0,idle#3
22217.780,batt.power_mw,0.0,idle#3
22218.976,batt.power_mw,0.0,idle#3
22218.997,batt.power_mw,0.0,idle#3
22219.098,batt.power_mw,0.0,idle#3
22220.217,batt.power_mw,0.0,idle#3
22220.234,batt.power_mw,0.0,idle#3
22221.451,batt.power_mw,0.0,idle#3
22221.461,batt.power_mw,0.0,idle#3
22221.562,batt.power_mw,0.0,idle#3
22222.686,batt.power_mw,0.0,idle#3
22222.774,batt.power_mw,0.0,idle#3
22223.944,batt.power_mw,0.0,idle#3
22223.958,batt.power_mw,0.0,idle#3
22225.161,batt.power_mw,0.0,idle#3
22225.200,batt.power_mw,0.0,idle#3
22226.397,batt.power_mw,0.0,idle#3
22226.426,batt.power_mw,0.0,idle#3
22227.617,batt.power_mw,0.0,idle#3
22227.637,batt.power_mw,0.0,idle#3
22228.012,batt.power_mw,0.0,idle#3
22228.061,batt.power_mw,0.0,idle#3
22228.854,batt.power_mw,0.0,idle#3
22228.872,batt.power_mw,0.0,idle#3
22230.050,batt.power_mw,0.0,idle#3
22230.065,batt.power_mw,0.0,idle#3
22230.165,batt.power_mw,0.0,idle#3
22231.287,batt.power_mw,0.0,idle#3
22231.379,batt.power_mw,0.0,idle#3
22232.582,batt.power_mw,0.0,idle#3
22232.613,batt.power_mw,0.0,idle#3
22233.800,batt.power_mw,0.0,idle#3
22233.848,batt.power_mw,0.0,idle#3
22234.970,batt.power_mw,0.0,idle#3
22235.064,batt.power_mw,0.0,idle#3
22236.263,batt.power_mw,0.0,idle#3
22237.413,batt.power_mw,0.0,idle#3
22237.428,batt.power_mw,0.0,idle#3
22237.527,batt.power_mw,0.0,idle#3
22238.587,batt.power_mw,0.0,idle#3
22238.606,batt.power_mw,0.0,idle#3
22238.706,batt.power_mw,0.0,idle#3
22239.665,batt.power_mw,0.0,idle#3
22239.765,batt.power_mw,0.0,idle#3
22241.177,batt.power_mw,0.0,idle#3
22242.352,batt.power_mw,0.0,idle#3
22242.369,batt.power_mw,0.0,idle#3
22243.560,batt.power_mw,0.0,idle#3
22243.598,batt.power_mw,0.0,idle#3
22244.795,batt.power_mw,0.0,idle#3
22244.820,batt.power_mw,0.0,idle#3
22246.016,batt.power_mw,0.0,idle#3
22246.064,batt.power_mw,0.0,idle#3
22247.259,batt.power_mw,0.0,idle#3
22247.301,batt.power_mw,0.0,idle#3
22248.080,batt.power_mw,0.0,idle#3
22248.124,batt.power_mw,0.0,idle#3
22248.245,batt.power_mw,1.0,idle#3
22248.324,batt.power_mw,1.0,
22248.424,batt.power_mw,0.0,
22249.503,batt.power_mw,0.0,
22249.520,batt.power_mw,0.0,
22249.621,batt.power_mw,0.0,
22250.724,batt.power_mw,0.0,
22250.745,batt.power_mw,0.0,
22251.969,batt.power_mw,0.0,
22252.072,batt.power_mw,0.0,
22253.254,batt.power_mw,0.0,
22253.301,batt.power_mw,0.0,
22254.482,batt.power_mw,0.0,
22254.502,batt.power_mw,0.0,
22255.712,batt.power_mw,0.0,
22255.728,batt.power_mw,0.0,
22256.917,batt.power_mw,0.0,
22256.938,batt.power_mw,0.0,
22258.115,batt.power_mw,0.0,
22258.139,batt.power_mw,0.0,
22259.333,batt.power_mw,0.0,
22259.359,batt.power_mw,0.0,
22260.162,batt.power_mw,0.0,
22260.180,batt.power_mw,0.0,
22260.280,batt.power_mw,0.0,
22260.438,batt.power_mw,0.0,
22260.487,batt.power_mw,0.0,
22260.589,batt.power_mw,0.0,
22261.812,batt.power_mw,0.0,
22261.889,batt.power_mw,0.0,
22263.079,batt.power_mw,0.0,
22263.109,batt.power_mw,0.0,
22264.296,batt.power_mw,0.0,
22264.320,batt.power_mw,0.0,
22265.504,batt.power_mw,0.0,
22265.537,batt.power_mw,0.0,
22266.060,batt.power_mw,0.0,
22266.145,batt.power_mw,0.0,
22266.253,batt.power_mw,0.0,
22266.343,batt.power_mw,0.0,
22266.446,batt.power_mw,0.0,
22266.575,batt.power_mw,0.0,
22266.647,batt.power_mw,0.0,
22266.746,batt.power_mw,0.0,
22267.999,batt.power_mw,0.0,
22268.794,batt.power_mw,0.0,
22268.829,batt.power_mw,0.0,
22269.995,batt.power_mw,0.0,
22270.021,batt.power_mw,0.0,
22270.121,batt.power_mw,0.0,
22270.221,batt.power_mw,1.0,
22270.335,batt.power_mw,0.0,cpu1#3
22270.422,batt.power_mw,0.0,cpu1#3
22270.533,batt.power_mw,0.0,cpu1#3
22270.621,batt.power_mw,0.0,cpu1#3
22270.722,batt.power_mw,0.0,cpu1#3
22270.821,batt.power_mw,0.0,cpu1#3
22270.922,batt.power_mw,4.0,cpu1#3
22271.875,batt.power_mw,0.0,cpu1#3
22271.897,batt.power_mw,0.0,cpu1#3
22273.099,batt.power_mw,0.0,cpu1#3
22273.154,batt.power_mw,4.0,cpu1#3
22274.378,batt.power_mw,1.0,cpu1#3
22275.562,batt.power_mw,0.0,cpu1#3
22275.613,batt.power_mw,2.0,cpu1#3
22276.817,batt.power_mw,0.0,cpu1#3
22276.831,batt.power_mw,2.0,cpu1#3
22278.013,batt.power_mw,0.0,cpu1#3
22278.070,batt.power_mw,4.0,cpu1#3
22279.196,batt.power_mw,0.0,cpu1#3
22279.242,batt.power_mw,0.0,cpu1#3
22280.455,batt.power_mw,0.0,cpu1#3
22280.481,batt.power_mw,0.0,cpu1#3
22281.672,batt.power_mw,0.0,cpu1#3
22281.695,batt.power_mw,0.0,cpu1#3
22282.894,batt.power_mw,0.0,cpu1#3
22282.921,batt.power_mw,0.0,cpu1#3
22284.125,batt.power_mw,0.0,cpu1#3
22284.179,batt.power_mw,0.0,cpu1#3
22285.338,batt.power_mw,0.0,cpu1#3
22285.383,batt.power_mw,0.0,cpu1#3
22286.592,batt.power_mw,0.0,cpu1#3
22286.633,batt.power_mw,0.0,cpu1#3
22287.831,batt.power_mw,0.0,cpu1#3
22287.884,batt.power_mw,0.0,cpu1#3
22289.100,batt.power_mw,0.0,cpu1#3
22289.130,batt.power_mw,4.0,cpu1#3
22290.258,batt.power_mw,0.0,cpu1#3
22290.355,batt.power_mw,4.0,cpu1#3
22291.488,batt.power_mw,0.0,cpu1#3
22291.519,batt.power_mw,0.0,cpu1#3
22292.710,batt.power_mw,0.0,cpu1#3
22292.762,batt.power_mw,0.0,cpu1#3
22293.959,batt.power_mw,0.0,cpu1#3
22294.026,batt.power_mw,0.0,cpu1#3
22295.243,batt.power_mw,0.0,cpu1#3
22295.263,batt.power_mw,0.0,cpu1#3
22296.472,batt.power_mw,0.0,cpu1#3
22296.485,batt.power_mw,0.0,cpu1#3
22297.667,batt.power_mw,0.0,cpu1#3
22297.703,batt.power_mw,0.0,cpu1#3
22298.900,batt.power_mw,0.0,cpu1#3
22298.928,batt.power_mw,0.0,cpu1#3
22300.121,batt.power_mw,0.0,cpu1#3
22300.171,batt.power_mw,0.0,cpu1#3
22301.385,batt.power_mw,0.0,cpu1#3
22301.396,batt.power_mw,0.0,cpu1#3
22302.588,batt.power_mw,0.0,cpu1#3
22302.620,batt.power_mw,0.0,cpu1#3
22303.805,batt.power_mw,0.0,cpu1#3
22303.838,batt.power_mw,0.0,cpu1#3
22305.021,batt.power_mw,0.0,cpu1#3
22305.063,batt.power_mw,0.0,cpu1#3
22306.265,batt.power_mw,0.0,cpu1#3
22306.286,batt.power_mw,0.0,cpu1#3
22307.473,batt.power_mw,0.0,cpu1#3
22307.522,batt.power_mw,0.0,cpu1#3
22308.748,batt.power_mw,0.0,cpu1#3
22308.775,batt.power_mw,0.0,cpu1#3
22309.960,batt.power_mw,0.0,cpu1#3
22310.009,batt.power_mw,0.0,cpu1#3
22311.190,batt.power_mw,0.0,cpu1#3
22311.241,batt.power_mw,0.0,cpu1#3
22312.444,batt.power_mw,0.0,cpu1#3
22313.598,batt.power_mw,0.0,cpu1#3
22313.619,batt.power_mw,0.0,cpu1#3
22313.719,batt.power_mw,0.0,cpu1#3
22314.834,batt.power_mw,0.0,cpu1#3
22314.932,batt.power_mw,0.0,cpu1#3
22316.121,batt.power_mw,0.0,cpu1#3
22316.156,batt.power_mw,0.0,cpu1#3
22316.273,batt.power_mw,0.0,
22316.357,batt.power_mw,0.0,
22317.708,batt.power_mw,0.0,
22317.725,batt.power_mw,0.0,
22318.937,batt.power_mw,0.0,
22318.956,batt.power_mw,0.0,
22319.056,batt.power_mw,0.0,
22320.159,batt.power_mw,0.0,
22320.173,batt.power_mw,0.0,
22321.386,batt.power_mw,0.0,
22321.407,batt.power_mw,0.0,
22321.508,batt.power_mw,0.0,
22322.631,batt.power_mw,0.0,
22322.639,batt.power_mw,0.0,
22323.847,batt.power_mw,0.0,
22323.866,batt.power_mw,0.0,
22325.066,batt.power_mw,0.0,
22325.095,batt.power_mw,0.0,
22326.309,batt.power_mw,0.0,
22326.334,batt.power_mw,0.0,
22326.434,batt.power_mw,0.0,
22327.543,batt.power_mw,0.0,
22327.641,batt.power_mw,1.0,
22328.821,batt.power_mw,1.0,
22328.877,batt.power_mw,0.0,
22330.000,batt.power_mw,0.0,
22330.100,batt.power_mw,1.0,
22331.210,batt.power_mw,0.0,
22331.238,batt.power_mw,0.0,
22331.338,batt.power_mw,0.0,
22332.447,batt.power_mw,0.0,
22332.483,batt.power_mw,0.0,
22333.698,batt.power_mw,0.0,
22333.705,batt.power_mw,0.0,
22334.897,batt.power_mw,0.0,
22334.916,batt.power_mw,0.0,
22335.016,batt.power_mw,1.0,
22336.145,batt.power_mw,0.0,
22336.153,batt.power_mw,0.0,
22336.256,batt.power_mw,1.0,
22336.458,batt.power_mw,0.0,
22336.553,batt.power_mw,0.0,
22336.677,batt.power_mw,0.0,
22336.763,batt.power_mw,1.0,
22336.860,batt.power_mw,1.0,cpu_all#3
22336.958,batt.power_mw,0.0,cpu_all#3
22337.059,batt.power_mw,0.0,cpu_all#3
22337.256,batt.power_mw,0.0,cpu_all#3
22337.347,batt.power_mw,0.0,cpu_all#3
22337.447,batt.power_mw,9.0,cpu_all#3
22337.546,batt.power_mw,9.0,cpu_all#3
22337.647,batt.power_mw,10.0,cpu_all#3
22337.747,batt.power_mw,10.0,cpu_all#3
22337.847,batt.power_mw,10.0,cpu_all#3
22337.947,batt.power_mw,10.0,cpu_all#3
22338.046,batt.power_mw,10.0,cpu_all#3
22338.345,batt.power_mw,0.0,cpu_all#3
22338.360,batt.power_mw,0.0,cpu_all#3
22339.655,batt.power_mw,0.0,cpu_all#3
22339.727,batt.power_mw,8.0,cpu_all#3
22340.921,batt.power_mw,6.0,cpu_all#3
22342.069,batt.power_mw,0.0,cpu_all#3
22342.147,batt.power_mw,10.0,cpu_all#3
22343.369,batt.power_mw,0.0,cpu_all#3
22343.397,batt.power_mw,6.0,cpu_all#3
22344.584,batt.power_mw,0.0,cpu_all#3
22344.623,batt.power_mw,9.0,cpu_all#3
22345.828,batt.power_mw,0.0,cpu_all#3
22345.876,batt.power_mw,7.0,cpu_all#3
22347.074,batt.power_mw,9.0,cpu_all#3
22348.237,batt.power_mw,0.0,cpu_all#3
22348.264,batt.power_mw,0.0,cpu_all#3
22349.463,batt.power_mw,0.0,cpu_all#3
22349.511,batt.power_mw,0.0,cpu_all#3
22350.715,batt.power_mw,0.0,cpu_all#3
22350.747,batt.power_mw,0.0,cpu_all#3
22351.947,batt.power_mw,0.0,cpu_all#3
22351.996,batt.power_mw,9.0,cpu_all#3
22353.204,batt.power_mw,0.0,cpu_all#3
22353.246,batt.power_mw,9.0,cpu_all#3
22354.458,batt.power_mw,7.0,cpu_all#3
22354.478,batt.power_mw,7.0,cpu_all#3
22355.670,batt.power_mw,10.0,cpu_all#3
22355.699,batt.power_mw,10.0,cpu_all#3
22356.906,batt.power_mw,8.0,cpu_all#3
22358.079,batt.power_mw,0.0,cpu_all#3
22358.136,batt.power_mw,7.0,cpu_all#3
22359.301,batt.power_mw,0.0,cpu_all#3
22359.329,batt.power_mw,0.0,cpu_all#3
22360.522,batt.power_mw,0.0,cpu_all#3
22360.556,batt.power_mw,0.0,cpu_all#3
22361.750,batt.power_mw,0.0,cpu_all#3
22361.801,batt.power_mw,0.0,cpu_all#3
22363.006,batt.power_mw,0.0,cpu_all#3
22363.056,batt.power_mw,9.0,cpu_all#3
22364.268,batt.power_mw,10.0,cpu_all#3
22365.439,batt.power_mw,0.0,cpu_all#3
22365.458,batt.power_mw,0.0,cpu_all#3
22366.659,batt.power_mw,0.0,cpu_all#3
22366.691,batt.power_mw,0.0,cpu_all#3
22367.890,batt.power_mw,0.0,cpu_all#3
22367.911,batt.power_mw,0.0,cpu_all#3
22369.121,batt.power_mw,0.0,cpu_all#3
22369.153,batt.power_mw,0.0,cpu_all#3
22370.333,batt.power_mw,0.0,cpu_all#3
22370.361,batt.power_mw,0.0,cpu_all#3
22371.564,batt.power_mw,0.0,cpu_all#3
22371.582,batt.power_mw,0.0,cpu_all#3
22371.682,batt.power_mw,0.0,cpu_all#3
22372.797,batt.power_mw,0.0,cpu_all#3
22372.809,batt.power_mw,0.0,cpu_all#3
22374.030,batt.power_mw,0.0,cpu_all#3
22374.043,batt.power_mw,0.0,cpu_all#3
22374.143,batt.power_mw,0.0,cpu_all#3
22375.260,batt.power_mw,0.0,cpu_all#3
22375.295,batt.power_mw,0.0,cpu_all#3
22376.509,batt.power_mw,0.0,cpu_all#3
22376.544,batt.power_mw,0.0,cpu_all#3
22377.723,batt.power_mw,0.0,cpu_all#3
22377.768,batt.power_mw,0.0,cpu_all#3
22378.958,batt.power_mw,0.0,cpu_all#3
22378.990,batt.power_mw,0.0,cpu_all#3
22380.174,batt.power_mw,0.0,cpu_all#3
22380.219,batt.power_mw,0.0,cpu_all#3
22381.420,batt.power_mw,0.0,cpu_all#3
22381.453,batt.power_mw,0.0,cpu_all#3
22382.635,batt.power_mw,0.0,cpu_all#3
22382.678,batt.power_mw,0.0,cpu_all#3
22382.802,batt.power_mw,0.0,
22382.885,batt.power_mw,0.0,
22384.252,batt.power_mw,0.0,
22384.314,batt.power_mw,1.0,
22385.514,batt.power_mw,1.0,
22385.548,batt.power_mw,1.0,
22386.738,batt.power_mw,0.0,
22386.782,batt.power_mw,1.0,
22387.966,batt.power_mw,0.0,
22387.996,batt.power_mw,1.0,
22389.202,batt.power_mw,1.0,
22389.229,batt.power_mw,1.0,
22390.424,batt.power_mw,0.0,
22390.440,batt.power_mw,1.0,
22391.628,batt.power_mw,0.0,
22391.666,batt.power_mw,1.0,
22392.862,batt.power_mw,0.0,
22392.882,batt.power_mw,0.0,
22392.984,batt.power_mw,0.0,
22394.106,batt.power_mw,0.0,
22394.113,batt.power_mw,0.0,
22394.221,batt.power_mw,0.0,
22395.319,batt.power_mw,0.0,
22395.420,batt.power_mw,1.0,
22396.620,batt.power_mw,1.0,
22396.660,batt.power_mw,1.0,
22397.790,batt.power_mw,0.0,
22397.872,batt.power_mw,0.0,
22398.245,batt.power_mw,0.0,
22398.292,batt.power_mw,0.0,
22399.065,batt.power_mw,1.0,
22399.089,batt.power_mw,1.0,
22400.291,batt.power_mw,1.0,
22400.311,batt.power_mw,1.0,
22401.511,batt.power_mw,1.0,
22401.533,batt.power_mw,1.0,
22402.729,batt.power_mw,1.0,
22402.773,batt.power_mw,1.0,
22402.973,batt.power_mw,0.0,
22403.073,batt.power_mw,0.0,
22404.332,batt.power_mw,0.0,
22404.386,batt.power_mw,0.0,
22404.496,batt.power_mw,0.0,
22404.590,batt.power_mw,0.0,
22404.690,batt.power_mw,0.0,
22404.797,batt.power_mw,0.0,
22404.889,batt.power_mw,1.0,
