# up 
11906.03 
11906.15 
11906.27 
11906.40 
11906.52 
11906.65 
11906.78 
11906.91 
11907.03 
11907.16 
11907.29 
11907.42 
11907.55 
11907.67 
11907.80 
11907.93 
11908.06 
11908.17 
11908.29 
11908.41 
11908.53 
11908.66 
11908.79 
11908.92 
11909.04 
11909.17 
11909.29 
11909.42 
11909.55 
11909.68 
11909.81 
11909.93 
11910.06 
11910.19 
11910.32 
11910.45 
11910.58 
11910.70 
11910.83 
11910.96 
11911.09 
11911.22 
11911.34 
11911.47 
11911.60 
11911.73 
11911.85 
11911.98 
11912.11 
11912.24 
11912.36 
11912.48 
11912.61 
11912.73 
11912.87 
11912.99 
11913.12 
11913.25 
11913.37 
11913.50 
11913.62 
11913.75 
11913.88 
11914.00 
11914.13 
11914.25 
11914.38 
11914.51 
11914.63 
11914.76 
11914.89 
11915.02 
11915.14 
11915.27 
11915.40 
11915.53 
11915.66 
11915.79 
11915.92 
11916.04 
11916.17 
11916.30 
11916.43 
11916.55 
11916.68 
11916.81 
11916.94 
11917.07 
11917.20 
11917.33 
11917.46 
11917.58 
11917.71 
11917.84 
11917.97 
11918.09 
11918.21 
11918.33 
11918.45 
11918.57 
11918.70 
11918.83 
11918.95 
11919.08 
11919.21 
11919.33 
11919.46 
11919.61 
11919.73 
11919.86 
11919.98 
11920.13 
11920.25 
11920.38 
11920.51 
11920.64 
11920.77 
11920.90 
11921.02 
11921.15 
11921.28 
11921.41 
11921.54 
11921.66 
11921.79 
11921.92 
11922.05 
11922.18 
11922.30 
11922.43 
11922.56 
11922.69 
11922.81 
11922.94 
11923.07 
11923.21 
11923.34 
11923.46 
11923.59 
11923.71 
11923.84 
11923.97 
11924.10 
11924.24 
11924.38 
11924.50 
11924.63 
11924.76 
11924.89 
11925.02 
11925.15 
11925.28 
11925.40 
11925.53 
11925.66 
11925.78 
11925.91 
11926.04 
11926.17 
11926.30 
11926.43 
11926.56 
11926.69 
11926.81 
11926.94 
11927.07 
11927.21 
11927.34 
11927.47 
11927.59 
11927.72 
11927.85 
11927.98 
11928.10 
11928.25 
11928.38 
11928.50 
11928.63 
11928.76 
11928.89 
11929.02 
11929.14 
11929.27 
11929.40 
11929.54 
11929.67 
11929.80 
11929.92 
11930.05 
11930.18 
11930.30 
11930.43 
11930.56 
11930.69 
11930.82 
11930.94 
11931.07 
11931.20 
11931.33 
11931.46 
11931.59 
11931.71 
11931.84 
11931.97 
11932.10 
11932.23 
11932.36 
11932.48 
11932.61 
11932.74 
11932.86 
11932.99 
11933.12 
11933.24 
11933.36 
11933.49 
11933.63 
11933.75 
11933.88 
11934.01 
11934.14 
11934.27 
11934.39 
11934.52 
11934.64 
11934.77 
11934.89 
11935.02 
11935.15 
11935.28 
11935.40 
11935.53 
11935.66 
11935.78 
11935.91 
11936.03 
11936.16 
11936.29 
11936.42 
11936.54 
11936.67 
11936.80 
11936.93 
11937.05 
11937.18 
11937.31 
11937.44 
11937.56 
11937.69 
11937.82 
11937.95 
11938.08 
11938.20 
11938.32 
11938.45 
11938.58 
11938.71 
11938.84 
11938.98 
11939.11 
11939.24 
11939.37 
11939.50 
11939.63 
11939.75 
11939.88 
11940.01 
11940.14 
11940.26 
11940.39 
11940.52 
11940.65 
11940.77 
11940.91 
11941.03 
11941.16 
11941.29 
11941.41 
11941.54 
11941.67 
11941.80 
11941.93 
11942.06 
11942.19 
11942.31 
11942.44 
11942.56 
11942.69 
11942.82 
11942.94 
11943.07 
11943.20 
11943.33 
11943.46 
11943.58 
11943.71 
11943.84 
11943.97 
11944.10 
11944.22 
11944.35 
11944.48 
11944.60 
11944.73 
11944.86 
11944.98 
11945.11 
11945.24 
11945.37 
11945.50 
11945.63 
11945.75 
11945.88 
11946.01 
11946.14 
11946.27 
11946.40 
11946.53 
11946.65 
11946.78 
11946.91 
11947.04 
11947.17 
11947.29 
11947.42 
11947.54 
11947.66 
11947.78 
11947.90 
11948.02 
11948.14 
11948.26 
11948.39 
11948.50 
11948.63 
11948.75 
11948.88 
11949.01 
11949.14 
11949.26 
11949.39 
11949.52 
11949.65 
11949.77 
11949.90 
11950.03 
11950.15 
11950.27 
11950.40 
11950.53 
11950.65 
11950.78 
11950.91 
11951.04 
11951.17 
11951.30 
11951.42 
11951.55 
11951.68 
11951.81 
11951.93 
11952.06 
11952.19 
11952.32 
11952.45 
11952.58 
11952.70 
11952.83 
11952.96 
11953.09 
11953.22 
11953.34 
11953.47 
11953.59 
11953.72 
11953.84 
11953.97 
11954.09 
11954.22 
11954.34 
11954.47 
11954.59 
11954.72 
11954.84 
11954.97 
11955.12 
11955.25 
11955.38 
11955.51 
11955.63 
11955.76 
11955.89 
11956.02 
11956.14 
11956.27 
11956.40 
11956.53 
11956.66 
11956.79 
11956.91 
11957.04 
11957.17 
11957.30 
11957.42 
11957.55 
11957.68 
11957.80 
11957.93 
11958.06 
11958.18 
11958.31 
11958.44 
11958.57 
11958.70 
11958.82 
11958.95 
11959.08 
11959.20 
11959.33 
11959.45 
11959.58 
11959.71 
11959.84 
11959.97 
11960.09 
11960.22 
11960.35 
11960.48 
11960.61 
11960.74 
11960.86 
11961.00 
11961.13 
11961.25 
11961.36 
11961.48 
11961.60 
11961.73 
11961.86 
11961.97 
11962.10 
11962.23 
11962.33 
11962.45 
11962.57 
11962.69 
11962.81 
11962.94 
11963.06 
11963.18 
11963.29 
11963.41 
11963.53 
11963.65 
11963.77 
11963.89 
11964.00 
11964.12 
11964.24 
11964.36 
11964.49 
11964.61 
11964.73 
11964.85 
11964.97 
11965.10 
11965.22 
11965.34 
11965.46 
11965.57 
11965.69 
11965.81 
11965.93 
11966.05 
11966.16 
11966.28 
11966.40 
11966.51 
11966.63 
11966.75 
11966.87 
11966.99 
11967.11 
11967.23 
11967.35 
11967.50 
11967.64 
11967.78 
11967.91 
11968.04 
11968.16 
11968.30 
11968.42 
11968.55 
11968.69 
11968.83 
11968.97 
11969.09 
11969.22 
11969.37 
11969.51 
11969.64 
11969.76 
11969.90 
11970.02 
11970.15 
11970.27 
11970.41 
11970.55 
11970.67 
11970.81 
11970.93 
11971.06 
11971.19 
11971.32 
11971.44 
11971.58 
11971.72 
11971.85 
11971.99 
11972.11 
11972.25 
11972.37 
11972.50 
11972.63 
11972.77 
11972.90 
11973.05 
11973.19 
11973.32 
11973.45 
11973.57 
11973.71 
11973.85 
11973.98 
11974.12 
11974.26 
11974.39 
11974.51 
11974.65 
11974.77 
11974.90 
11975.03 
11975.16 
11975.28 
11975.41 
11975.55 
11975.69 
11975.81 
11975.94 
11976.07 
11976.21 
11976.34 
11976.47 
11976.61 
11976.74 
11976.87 
11977.00 
11977.14 
11977.28 
11977.42 
11977.55 
11977.68 
11977.82 
11977.94 
11978.08 
11978.22 
11978.36 
11978.49 
11978.62 
11978.74 
11978.88 
11979.02 
11979.16 
11979.30 
11979.43 
11979.57 
11979.71 
11979.85 
11979.97 
11980.11 
11980.23 
11980.36 
11980.48 
11980.62 
11980.76 
11980.89 
11981.02 
11981.14 
11981.27 
11981.40 
11981.53 
11981.65 
11981.79 
11981.91 
11982.04 
11982.16 
11982.30 
11982.43 
11982.56 
11982.69 
11982.83 
11982.97 
11983.11 
11983.25 
11983.38 
11983.52 
11983.66 
11983.78 
11983.91 
11984.05 
11984.19 
11984.31 
11984.44 
11984.58 
11984.71 
11984.84 
11984.96 
11985.10 
11985.22 
11985.35 
11985.48 
11985.61 
11985.73 
11985.86 
11985.99 
11986.13 
11986.26 
11986.39 
11986.52 
11986.65 
11986.78 
11986.92 
11987.05 
11987.17 
11987.31 
11987.43 
11987.56 
11987.70 
11987.83 
11987.95 
11988.09 
11988.23 
11988.36 
11988.50 
11988.63 
11988.77 
11988.91 
11989.05 
11989.17 
11989.31 
11989.43 
11989.56 
11989.68 
11989.82 
11989.95 
11990.08 
11990.22 
11990.36 
11990.49 
11990.61 
11990.76 
11990.90 
11991.03 
11991.17 
11991.31 
11991.45 
11991.59 
11991.72 
11991.84 
11991.97 
11992.12 
11992.25 
11992.39 
11992.52 
11992.65 
11992.77 
11992.90 
11993.03 
11993.16 
11993.29 
11993.41 
11993.54 
11993.68 
11993.80 
11993.93 
11994.07 
11994.20 
11994.33 
11994.45 
11994.59 
11994.71 
11994.84 
11994.96 
11995.10 
11995.24 
11995.36 
11995.49 
11995.62 
11995.75 
11995.88 
11996.01 
11996.13 
11996.28 
11996.41 
11996.56 
11996.70 
11996.82 
11996.95 
11997.09 
11997.22 
11997.34 
11997.47 
11997.61 
11997.73 
11997.87 
11998.01 
11998.13 
11998.28 
11998.41 
11998.55 
11998.68 
11998.80 
11998.94 
11999.07 
11999.21 
11999.34 
11999.46 
11999.60 
11999.74 
11999.86 
11999.99 
12000.12 
12000.25 
12000.37 
12000.51 
12000.65 
12000.79 
12000.92 
12001.05 
12001.17 
12001.30 
12001.43 
12001.56 
12001.70 
12001.83 
12001.96 
12002.08 
12002.22 
12002.34 
12002.47 
12002.60 
12002.72 
12002.84 
12002.97 
12003.09 
12003.21 
12003.33 
12003.47 
12003.60 
12003.71 
12003.83 
12003.95 
12004.09 
12004.22 
12004.35 
12004.47 
12004.59 
12004.72 
12004.85 
12004.97 
12005.10 
12005.23 
12005.35 
12005.48 
12005.60 
12005.73 
12005.86 
12005.98 
12006.11 
12006.23 
12006.36 
12006.49 
12006.62 
12006.74 
12006.89 
12007.02 
12007.14 
12007.27 
12007.40 
12007.53 
12007.66 
12007.78 
12007.91 
12008.04 
12008.17 
12008.30 
12008.43 
12008.56 
12008.68 
12008.81 
12008.93 
12009.06 
12009.19 
12009.32 
12009.45 
12009.57 
12009.70 
12009.82 
12009.95 
12010.08 
12010.21 
12010.34 
12010.46 
12010.60 
12010.73 
12010.86 
12010.99 
12011.12 
12011.24 
12011.37 
12011.50 
12011.63 
12011.75 
12011.88 
12012.01 
12012.14 
12012.27 
12012.39 
12012.52 
12012.65 
12012.78 
12012.91 
12013.03 
12013.16 
12013.29 
12013.42 
12013.55 
12013.67 
12013.80 
12013.93 
12014.06 
12014.18 
12014.31 
12014.44 
12014.57 
12014.69 
12014.81 
12014.94 
12015.07 
12015.19 
12015.32 
12015.45 
12015.58 
12015.70 
12015.83 
12015.96 
12016.09 
12016.21 
12016.34 
12016.47 
12016.60 
12016.75 
12016.87 
12017.00 
12017.13 
12017.26 
12017.39 
12017.51 
12017.64 
12017.77 
12017.90 
12018.02 
12018.15 
12018.28 
12018.41 
12018.53 
12018.66 
12018.79 
12018.92 
12019.05 
12019.17 
12019.29 
12019.41 
12019.53 
12019.67 
12019.80 
12019.93 
12020.06 
12020.19 
12020.32 
12020.45 
12020.57 
12020.70 
12020.83 
12020.96 
12021.08 
12021.21 
12021.34 
12021.47 
12021.60 
12021.72 
12021.85 
12021.98 
12022.11 
12022.24 
12022.36 
12022.48 
12022.61 
12022.74 
12022.86 
12022.99 
12023.12 
12023.25 
12023.37 
12023.50 
12023.63 
12023.75 
12023.87 
12024.00 
12024.13 
12024.25 
12024.38 
12024.51 
12024.64 
12024.77 
12024.89 
12025.02 
12025.15 
12025.28 
12025.39 
12025.51 
12025.63 
12025.76 
12025.89 
12026.01 
12026.14 
12026.27 
12026.40 
12026.53 
12026.66 
12026.78 
12026.91 
12027.04 
12027.17 
12027.30 
12027.42 
12027.55 
12027.68 
12027.81 
12027.94 
12028.06 
12028.19 
12028.32 
12028.45 
12028.57 
12028.71 
12028.84 
12028.96 
12029.09 
12029.22 
12029.34 
12029.48 
12029.61 
12029.74 
12029.86 
12029.99 
12030.11 
12030.24 
12030.37 
12030.50 
12030.62 
12030.75 
12030.88 
12031.01 
12031.13 
12031.26 
12031.39 
12031.51 
12031.64 
12031.77 
12031.91 
12032.03 
12032.16 
12032.28 
12032.43 
12032.56 
12032.68 
12032.79 
12032.92 
12033.05 
12033.19 
12033.30 
12033.42 
12033.54 
12033.66 
12033.78 
12033.90 
12034.02 
12034.13 
12034.25 
12034.37 
12034.49 
12034.61 
12034.73 
12034.85 
12034.97 
12035.10 
12035.22 
12035.34 
12035.46 
12035.58 
12035.70 
12035.83 
12035.95 
12036.07 
12036.18 
12036.30 
12036.42 
12036.54 
12036.66 
12036.77 
12036.89 
12037.01 
12037.13 
12037.24 
12037.36 
12037.48 
12037.60 
12037.72 
12037.83 
12037.95 
12038.07 
12038.19 
12038.33 
12038.45 
12038.58 
12038.71 
12038.84 
12038.98 
12039.11 
12039.23 
12039.37 
12039.49 
12039.62 
12039.75 
12039.88 
12040.01 
12040.13 
12040.26 
12040.40 
12040.54 
12040.67 
12040.80 
12040.93 
12041.07 
12041.20 
12041.33 
12041.47 
12041.60 
12041.73 
12041.87 
12042.00 
12042.13 
12042.26 
12042.39 
12042.52 
12042.65 
12042.78 
12042.90 
12043.02 
12043.15 
12043.28 
12043.42 
12043.54 
12043.66 
12043.80 
12043.94 
12044.07 
12044.21 
12044.34 
12044.47 
12044.60 
12044.72 
12044.86 
12044.98 
12045.10 
12045.21 
12045.35 
12045.48 
12045.61 
12045.75 
12045.88 
12046.00 
12046.14 
12046.28 
12046.40 
12046.53 
12046.66 
12046.79 
12046.92 
12047.06 
12047.19 
12047.32 
12047.46 
12047.59 
12047.71 
12047.85 
12047.97 
12048.10 
12048.23 
12048.36 
12048.49 
12048.61 
12048.75 
12048.87 
12049.00 
12049.14 
12049.27 
12049.40 
12049.52 
12049.65 
12049.79 
12049.92 
12050.04 
12050.16 
12050.29 
12050.42 
12050.55 
12050.68 
12050.81 
12050.95 
12051.08 
12051.20 
12051.34 
12051.46 
12051.59 
12051.72 
12051.84 
12051.98 
12052.11 
12052.23 
12052.37 
12052.50 
12052.63 
12052.76 
12052.88 
12053.01 
12053.15 
12053.27 
12053.39 
12053.53 
12053.65 
12053.78 
12053.91 
12054.03 
12054.17 
12054.29 
12054.42 
12054.55 
12054.69 
12054.82 
12054.94 
12055.08 
12055.19 
12055.31 
12055.45 
12055.57 
12055.70 
12055.83 
12055.96 
12056.08 
12056.22 
12056.34 
12056.47 
12056.60 
12056.74 
12056.87 
12057.00 
12057.12 
12057.26 
12057.38 
12057.51 
12057.64 
12057.77 
12057.89 
12058.03 
12058.17 
12058.29 
12058.42 
12058.55 
12058.68 
12058.80 
12058.93 
12059.06 
12059.20 
12059.33 
12059.46 
12059.59 
12059.73 
12059.86 
12059.99 
12060.11 
12060.25 
12060.37 
12060.51 
12060.64 
12060.77 
12060.91 
12061.03 
12061.16 
12061.30 
12061.43 
12061.56 
12061.69 
12061.82 
12061.95 
12062.07 
12062.20 
12062.33 
12062.46 
12062.58 
12062.71 
12062.84 
12062.97 
12063.09 
12063.22 
12063.34 
12063.47 
12063.60 
12063.73 
12063.85 
12063.99 
12064.11 
12064.22 
12064.34 
12064.46 
12064.58 
12064.71 
12064.84 
12064.96 
12065.09 
12065.21 
12065.34 
12065.47 
12065.59 
12065.72 
12065.85 
12065.98 
12066.10 
12066.23 
12066.36 
12066.49 
12066.62 
12066.75 
12066.89 
12067.03 
12067.15 
12067.28 
12067.40 
12067.53 
12067.65 
12067.78 
12067.91 
12068.04 
12068.17 
12068.30 
12068.43 
12068.55 
12068.68 
12068.81 
12068.94 
12069.07 
12069.19 
12069.32 
12069.45 
12069.57 
12069.70 
12069.83 
12069.96 
12070.08 
12070.20 
12070.32 
12070.45 
12070.58 
12070.71 
12070.83 
12070.96 
12071.09 
12071.21 
12071.34 
12071.47 
12071.60 
12071.73 
12071.85 
12071.98 
12072.11 
12072.24 
12072.36 
12072.49 
12072.62 
12072.74 
12072.87 
12073.00 
12073.12 
12073.25 
12073.38 
12073.51 
12073.63 
12073.76 
12073.89 
12074.01 
12074.14 
12074.27 
12074.40 
12074.53 
12074.66 
12074.78 
12074.91 
12075.04 
12075.16 
12075.29 
12075.42 
12075.55 
12075.67 
12075.80 
12075.93 
12076.06 
12076.18 
12076.32 
12076.44 
12076.57 
12076.70 
12076.83 
12076.95 
12077.08 
12077.21 
12077.34 
12077.47 
12077.60 
12077.72 
12077.85 
12077.98 
12078.11 
12078.24 
12078.36 
12078.49 
12078.62 
12078.74 
12078.87 
12079.00 
12079.13 
12079.26 
12079.39 
12079.51 
12079.63 
12079.74 
12079.87 
12079.98 
12080.10 
12080.23 
12080.35 
12080.48 
12080.60 
12080.73 
12080.86 
12080.99 
12081.12 
12081.25 
12081.37 
12081.50 
12081.63 
12081.76 
12081.89 
12082.01 
12082.16 
12082.28 
12082.41 
12082.53 
12082.66 
12082.78 
12082.91 
12083.04 
12083.17 
12083.31 
12083.43 
12083.56 
12083.69 
12083.81 
12083.93 
12084.06 
12084.18 
12084.31 
12084.44 
12084.57 
12084.70 
12084.82 
12084.94 
12085.07 
12085.20 
12085.33 
12085.45 
12085.58 
12085.71 
12085.83 
12085.96 
12086.09 
12086.21 
12086.34 
12086.47 
12086.61 
12086.73 
12086.88 
12087.00 
12087.13 
12087.26 
12087.38 
12087.53 
12087.66 
12087.79 
12087.92 
12088.04 
12088.17 
12088.30 
12088.43 
12088.55 
12088.68 
12088.81 
12088.94 
12089.07 
12089.20 
12089.32 
12089.45 
12089.58 
12089.71 
12089.83 
12089.96 
12090.08 
12090.21 
12090.33 
12090.46 
12090.58 
12090.71 
12090.84 
12090.97 
12091.10 
12091.23 
12091.35 
12091.48 
12091.60 
12091.73 
12091.86 
12091.98 
12092.11 
12092.24 
12092.36 
12092.48 
12092.61 
12092.75 
12092.87 
12093.00 
12093.12 
12093.25 
12093.38 
12093.49 
12093.62 
12093.75 
12093.88 
12093.99 
12094.11 
12094.23 
12094.35 
12094.48 
12094.60 
12094.71 
12094.83 
12094.95 
12095.08 
12095.20 
12095.32 
12095.44 
12095.56 
12095.68 
12095.81 
12095.93 
12096.04 
12096.16 
12096.28 
12096.40 
12096.51 
12096.63 
12096.75 
12096.87 
12097.00 
12097.12 
12097.25 
12097.38 
12097.51 
12097.64 
12097.76 
12097.90 
12098.02 
12098.15 
12098.27 
12098.41 
12098.55 
12098.69 
12098.82 
12098.96 
12099.10 
12099.22 
12099.35 
12099.48 
12099.61 
12099.73 
12099.88 
12100.02 
12100.14 
12100.28 
12100.41 
12100.53 
12100.67 
12100.79 
12100.92 
12101.04 
12101.18 
12101.32 
12101.46 
12101.59 
12101.73 
12101.87 
12102.01 
12102.15 
12102.29 
12102.43 
12102.55 
12102.68 
12102.82 
12102.95 
12103.07 
12103.21 
12103.33 
12103.48 
12103.60 
12103.73 
12103.88 
12104.01 
12104.13 
12104.26 
12104.39 
12104.53 
12104.66 
12104.81 
12104.93 
12105.06 
12105.20 
12105.33 
12105.46 
12105.58 
12105.72 
12105.84 
12105.98 
12106.10 
12106.23 
12106.36 
12106.48 
12106.62 
12106.76 
12106.89 
12107.03 
12107.15 
12107.29 
12107.41 
12107.54 
12107.68 
12107.82 
12107.94 
12108.07 
12108.19 
12108.33 
12108.47 
12108.61 
12108.74 
12108.86 
12109.00 
12109.14 
12109.27 
12109.39 
12109.53 
12109.66 
12109.80 
12109.93 
12110.05 
12110.18 
12110.33 
12110.47 
12110.60 
12110.74 
12110.87 
12110.99 
12111.13 
12111.25 
12111.38 
12111.52 
12111.66 
12111.78 
12111.91 
12112.03 
12112.17 
12112.29 
12112.42 
12112.56 
12112.70 
12112.84 
12112.97 
12113.10 
12113.22 
12113.35 
12113.47 
12113.61 
12113.73 
12113.86 
12113.99 
12114.12 
12114.25 
12114.38 
12114.52 
12114.64 
12114.78 
12114.90 
12115.03 
12115.15 
12115.29 
12115.41 
12115.55 
12115.67 
12115.79 
12115.92 
12116.06 
12116.18 
12116.32 
12116.46 
12116.60 
12116.73 
12116.85 
12116.98 
12117.13 
12117.25 
12117.40 
12117.53 
12117.65 
12117.78 
12117.93 
12118.07 
12118.20 
12118.32 
12118.46 
12118.58 
12118.71 
12118.85 
12118.99 
12119.11 
12119.24 
12119.36 
12119.50 
12119.64 
12119.78 
12119.91 
12120.05 
12120.18 
12120.32 
12120.45 
12120.60 
12120.73 
12120.85 
12120.98 
12121.11 
12121.24 
12121.38 
12121.52 
12121.66 
12121.80 
12121.93 
12122.06 
12122.19 
12122.32 
12122.46 
12122.58 
12122.71 
12122.84 
12122.98 
12123.11 
12123.24 
12123.36 
12123.49 
12123.63 
12123.77 
12123.91 
12124.04 
12124.18 
12124.30 
12124.41 
12124.53 
12124.65 
12124.78 
12124.91 
12125.04 
12125.17 
12125.30 
12125.42 
12125.55 
12125.68 
12125.81 
12125.93 
12126.06 
12126.19 
12126.32 
12126.45 
12126.58 
12126.70 
12126.83 
12126.96 
12127.08 
12127.21 
12127.33 
12127.46 
12127.58 
12127.71 
12127.84 
12127.97 
12128.10 
12128.22 
12128.35 
12128.48 
12128.61 
12128.73 
12128.86 
12128.99 
12129.12 
12129.25 
12129.37 
12129.50 
12129.63 
12129.76 
12129.89 
12130.01 
12130.14 
12130.27 
12130.40 
12130.52 
12130.65 
12130.78 
12130.91 
12131.03 
12131.16 
12131.29 
12131.42 
12131.55 
12131.67 
12131.79 
12131.92 
12132.04 
12132.17 
12132.31 
12132.44 
12132.56 
12132.69 
12132.82 
12132.94 
12133.07 
12133.20 
12133.33 
12133.45 
12133.58 
12133.71 
12133.84 
12133.96 
12134.09 
12134.22 
12134.34 
12134.47 
12134.59 
12134.72 
12134.85 
12134.98 
12135.10 
12135.22 
12135.35 
12135.46 
12135.58 
12135.71 
12135.84 
12135.97 
12136.10 
12136.22 
12136.35 
12136.47 
12136.60 
12136.73 
12136.85 
12136.98 
12137.12 
12137.25 
12137.38 
12137.51 
12137.64 
12137.76 
12137.89 
12138.02 
12138.14 
12138.27 
12138.40 
12138.53 
12138.65 
12138.78 
12138.91 
12139.04 
12139.16 
12139.29 
12139.41 
12139.54 
12139.67 
12139.79 
12139.92 
12140.05 
12140.18 
12140.30 
12140.43 
12140.56 
12140.69 
12140.82 
12140.94 
12141.07 
12141.20 
12141.33 
12141.46 
12141.58 
12141.71 
12141.84 
12141.97 
12142.10 
12142.22 
12142.35 
12142.48 
12142.61 
12142.73 
12142.86 
12142.99 
12143.11 
12143.24 
12143.37 
12143.49 
12143.62 
12143.74 
12143.87 
12144.01 
12144.14 
12144.26 
12144.39 
12144.51 
12144.64 
12144.77 
12144.90 
12145.02 
12145.15 
12145.28 
12145.41 
12145.54 
12145.66 
12145.79 
12145.92 
12146.05 
12146.18 
12146.31 
12146.43 
12146.56 
12146.69 
12146.81 
12146.94 
12147.07 
12147.20 
12147.33 
12147.45 
12147.58 
12147.71 
12147.84 
12147.97 
12148.10 
12148.22 
12148.35 
12148.48 
12148.61 
12148.73 
12148.86 
12148.99 
12149.12 
12149.25 
12149.38 
12149.50 
12149.63 
12149.75 
12149.88 
12150.01 
12150.14 
12150.26 
12150.39 
12150.52 
12150.64 
12150.75 
12150.87 
12151.00 
12151.12 
12151.24 
12151.36 
12151.48 
12151.61 
12151.75 
12151.87 
12152.00 
12152.13 
12152.25 
12152.38 
12152.51 
12152.64 
12152.76 
12152.89 
12153.02 
12153.15 
12153.28 
12153.40 
12153.53 
12153.66 
12153.79 
12153.91 
12154.04 
12154.17 
12154.31 
12154.43 
12154.56 
12154.69 
12154.81 
12154.94 
12155.07 
12155.20 
12155.33 
12155.45 
12155.58 
12155.71 
12155.84 
12155.97 
12156.10 
12156.22 
12156.35 
12156.48 
12156.61 
12156.74 
12156.86 
12156.99 
12157.12 
12157.25 
12157.37 
12157.50 
12157.63 
12157.76 
12157.89 
12158.01 
12158.14 
12158.27 
12158.41 
12158.54 
12158.67 
12158.79 
12158.92 
12159.05 
12159.18 
12159.31 
12159.43 
12159.56 
12159.71 
12159.83 
12159.96 
12160.08 
12160.21 
12160.34 
12160.47 
12160.59 
12160.72 
12160.85 
12160.98 
12161.11 
12161.23 
12161.36 
12161.49 
12161.61 
12161.74 
12161.87 
12161.99 
12162.12 
12162.25 
12162.38 
12162.51 
12162.64 
12162.77 
12162.90 
12163.02 
12163.15 
12163.28 
12163.40 
12163.53 
12163.66 
12163.79 
12163.92 
12164.04 
12164.17 
12164.30 
12164.43 
12164.55 
12164.68 
12164.81 
12164.94 
12165.06 
12165.19 
12165.32 
12165.44 
12165.57 
12165.70 
12165.82 
12165.95 
12166.08 
12166.21 
12166.34 
12166.46 
12166.59 
12166.71 
12166.83 
12166.95 
12167.07 
12167.20 
12167.33 
12167.45 
12167.58 
12167.71 
12167.84 
12167.97 
12168.09 
12168.22 
12168.35 
12168.48 
12168.60 
12168.73 
12168.86 
12168.99 
12169.12 
12169.25 
12169.38 
12169.51 
12169.63 
12169.76 
12169.89 
12170.01 
12170.14 
12170.27 
12170.39 
12170.52 
12170.65 
12170.78 
12170.90 
12171.03 
12171.16 
12171.29 
12171.41 
12171.54 
12171.66 
12171.79 
12171.92 
12172.05 
12172.18 
12172.32 
12172.45 
12172.57 
12172.70 
12172.82 
12172.95 
12173.08 
12173.21 
12173.33 
12173.48 
12173.60 
12173.73 
12173.86 
12173.99 
12174.11 
12174.24 
12174.37 
12174.49 
12174.61 
12174.73 
12174.86 
12174.99 
12175.11 
12175.24 
12175.37 
12175.50 
12175.62 
12175.75 
12175.89 
12176.02 
12176.15 
12176.28 
12176.40 
12176.53 
12176.66 
12176.78 
12176.91 
12177.04 
12177.17 
12177.30 
12177.42 
12177.55 
12177.68 
12177.81 
12177.95 
12178.08 
12178.21 
12178.34 
12178.46 
12178.59 
12178.72 
12178.84 
12178.97 
12179.10 
12179.23 
12179.35 
12179.48 
12179.61 
12179.74 
12179.86 
12179.99 
12180.12 
12180.25 
12180.38 
12180.51 
12180.64 
12180.76 
12180.89 
12181.01 
12181.14 
12181.27 
12181.39 
12181.52 
12181.65 
12181.77 
12181.90 
12182.03 
12182.16 
12182.29 
12182.42 
12182.55 
12182.68 
12182.81 
12182.94 
12183.07 
12183.19 
12183.32 
12183.45 
12183.58 
12183.71 
12183.83 
12183.96 
12184.09 
12184.21 
12184.34 
12184.47 
12184.60 
12184.73 
12184.85 
12184.98 
12185.11 
12185.24 
12185.36 
12185.49 
12185.62 
12185.75 
12185.87 
12186.00 
12186.13 
12186.26 
12186.39 
12186.51 
12186.64 
12186.77 
12186.90 
12187.02 
12187.15 
12187.29 
12187.42 
12187.55 
12187.67 
12187.80 
12187.93 
12188.06 
12188.19 
12188.31 
12188.44 
12188.57 
12188.70 
12188.83 
12188.95 
12189.08 
12189.21 
12189.34 
12189.47 
12189.60 
12189.72 
12189.85 
12189.98 
12190.11 
12190.23 
12190.36 
12190.49 
12190.62 
12190.77 
12190.90 
12191.02 
12191.15 
12191.28 
12191.42 
12191.55 
12191.68 
12191.81 
12191.93 
12192.06 
12192.19 
12192.32 
12192.45 
12192.57 
12192.70 
12192.83 
12192.95 
12193.08 
12193.21 
12193.34 
12193.48 
12193.61 
12193.74 
12193.88 
12194.01 
12194.15 
12194.28 
12194.41 
12194.54 
12194.67 
12194.80 
12194.92 
12195.05 
12195.18 
12195.31 
12195.43 
12195.56 
12195.69 
12195.82 
12195.95 
12196.07 
12196.20 
12196.33 
12196.45 
12196.58 
12196.71 
12196.84 
12196.97 
12197.09 
12197.22 
12197.34 
12197.47 
12197.60 
12197.74 
12197.86 
12197.98 
12198.11 
12198.23 
12198.36 
12198.49 
12198.62 
12198.75 
12198.88 
12199.01 
12199.14 
12199.27 
12199.39 
12199.52 
12199.65 
12199.77 
12199.90 
12200.03 
12200.16 
12200.29 
12200.42 
12200.54 
12200.67 
12200.80 
12200.93 
12201.07 
12201.20 
12201.33 
12201.46 
12201.58 
12201.71 
12201.84 
12201.96 
12202.09 
12202.22 
12202.35 
12202.48 
12202.61 
12202.73 
12202.86 
12202.98 
12203.11 
12203.23 
12203.36 
12203.49 
12203.62 
12203.74 
12203.87 
12204.00 
12204.13 
12204.26 
12204.39 
12204.51 
12204.64 
12204.78 
12204.90 
12205.02 
12205.15 
12205.28 
12205.41 
12205.54 
12205.66 
12205.79 
12205.92 
12206.05 
12206.18 
12206.31 
12206.43 
12206.56 
12206.69 
12206.82 
12206.94 
12207.07 
12207.20 
12207.33 
12207.46 
12207.58 
12207.71 
12207.84 
12207.97 
12208.10 
12208.22 
12208.35 
12208.48 
12208.61 
12208.73 
12208.86 
12208.99 
12209.12 
12209.25 
12209.38 
12209.50 
12209.63 
12209.76 
12209.89 
12210.02 
12210.14 
12210.27 
12210.40 
12210.53 
12210.66 
12210.78 
12210.91 
12211.04 
12211.17 
12211.30 
12211.42 
12211.55 
12211.68 
12211.81 
12211.93 
12212.06 
12212.19 
12212.32 
12212.45 
12212.57 
12212.70 
12212.83 
12212.97 
12213.09 
12213.21 
12213.33 
12213.48 
12213.62 
12213.74 
12213.87 
12214.00 
12214.13 
12214.26 
12214.39 
12214.51 
12214.65 
12214.77 
12214.91 
12215.04 
12215.17 
12215.30 
12215.44 
12215.57 
12215.70 
12215.84 
12215.97 
12216.10 
12216.23 
12216.36 
12216.49 
12216.62 
12216.75 
12216.87 
12217.00 
12217.13 
12217.26 
12217.38 
12217.51 
12217.64 
12217.77 
12217.89 
12218.01 
12218.14 
12218.27 
12218.40 
12218.53 
12218.66 
12218.78 
12218.93 
12219.06 
12219.19 
12219.32 
12219.45 
12219.58 
12219.71 
12219.83 
12219.96 
12220.09 
12220.21 
12220.34 
12220.47 
12220.60 
12220.73 
12220.86 
12220.98 
12221.11 
12221.24 
12221.37 
12221.50 
12221.64 
12221.77 
12221.90 
12222.03 
12222.15 
12222.28 
12222.42 
12222.55 
12222.68 
12222.81 
12222.94 
12223.06 
12223.19 
12223.31 
12223.44 
12223.57 
12223.70 
12223.82 
12223.95 
12224.08 
12224.21 
12224.33 
12224.47 
12224.59 
12224.72 
12224.85 
12224.98 
12225.11 
12225.23 
12225.37 
12225.51 
12225.64 
12225.77 
12225.89 
12226.02 
12226.14 
12226.27 
12226.39 
12226.51 
12226.63 
12226.76 
12226.86 
12227.00 
12227.12 
12227.26 
12227.38 
12227.52 
12227.65 
12227.78 
12227.92 
12228.05 
12228.17 
12228.29 
12228.41 
12228.52 
12228.64 
12228.76 
12228.88 
12229.00 
12229.12 
12229.24 
12229.36 
12229.48 
12229.60 
12229.72 
12229.84 
12229.96 
12230.08 
12230.20 
12230.32 
12230.44 
12230.57 
12230.68 
12230.80 
12230.92 
12231.04 
12231.16 
12231.29 
12231.41 
12231.53 
12231.64 
12231.76 
12231.89 
12232.01 
12232.13 
12232.25 
12232.36 
12232.48 
12232.60 
12232.73 
12232.85 
12232.97 
12233.10 
12233.22 
12233.35 
12233.47 
12233.59 
12233.72 
12233.84 
12233.97 
12234.09 
12234.22 
12234.34 
12234.47 
12234.59 
12234.72 
12234.84 
12234.96 
12235.09 
12235.21 
12235.33 
12235.46 
12235.58 
12235.71 
12235.83 
12235.95 
12236.08 
12236.20 
12236.33 
12236.45 
12236.57 
12236.70 
12236.82 
12236.95 
12237.07 
12237.20 
12237.32 
12237.44 
12237.56 
12237.69 
12237.81 
12237.93 
12238.06 
12238.18 
12238.30 
12238.43 
12238.55 
12238.67 
12238.79 
12238.91 
12239.04 
12239.16 
12239.29 
12239.41 
12239.53 
12239.66 
12239.78 
12239.91 
12240.03 
12240.16 
12240.28 
12240.41 
12240.53 
12240.66 
12240.78 
12240.90 
12241.03 
12241.15 
12241.27 
12241.40 
12241.52 
12241.64 
12241.77 
12241.89 
12242.01 
12242.14 
12242.26 
12242.38 
12242.51 
12242.63 
12242.76 
12242.88 
12243.01 
12243.13 
12243.26 
12243.38 
12243.51 
12243.63 
12243.76 
12243.88 
12244.00 
12244.13 
12244.25 
12244.38 
12244.50 
12244.62 
12244.75 
12244.87 
12245.00 
12245.12 
12245.26 
12245.39 
12245.51 
12245.64 
12245.76 
12245.88 
12246.01 
12246.13 
12246.25 
12246.38 
12246.50 
12246.62 
12246.75 
12246.87 
12246.99 
12247.13 
12247.25 
12247.37 
12247.49 
12247.62 
12247.74 
12247.87 
12247.99 
12248.12 
12248.24 
12248.37 
12248.49 
12248.62 
12248.74 
12248.87 
12248.99 
12249.11 
12249.24 
12249.36 
12249.49 
12249.61 
12249.73 
12249.86 
12249.98 
12250.11 
12250.23 
12250.36 
12250.48 
12250.61 
12250.73 
12250.86 
12250.98 
12251.11 
12251.23 
12251.36 
12251.48 
12251.61 
12251.73 
12251.86 
12251.98 
12252.11 
12252.23 
12252.35 
12252.48 
12252.61 
12252.73 
12252.85 
12252.98 
12253.10 
12253.23 
12253.35 
12253.47 
12253.59 
12253.71 
12253.84 
12253.96 
12254.08 
12254.21 
12254.33 
12254.46 
12254.58 
12254.70 
12254.83 
12254.95 
12255.07 
12255.20 
12255.32 
12255.44 
12255.57 
12255.69 
12255.81 
12255.94 
12256.06 
12256.19 
12256.31 
12256.44 
12256.56 
12256.69 
12256.81 
12256.93 
12257.06 
12257.18 
12257.30 
12257.43 
12257.55 
12257.67 
12257.80 
12257.92 
12258.04 
12258.17 
12258.29 
12258.41 
12258.54 
12258.66 
12258.79 
12258.91 
12259.04 
12259.16 
12259.29 
12259.41 
12259.53 
12259.66 
12259.79 
12259.91 
12260.03 
12260.15 
12260.28 
12260.40 
12260.52 
12260.65 
12260.77 
12260.90 
12261.03 
12261.15 
12261.28 
12261.40 
12261.53 
12261.65 
12261.77 
12261.90 
12262.02 
12262.14 
12262.27 
12262.39 
12262.52 
12262.64 
12262.77 
12262.89 
12263.01 
12263.14 
12263.26 
12263.39 
12263.51 
12263.63 
12263.76 
12263.88 
12264.01 
12264.13 
12264.25 
12264.38 
12264.50 
12264.63 
12264.75 
12264.87 
12264.99 
12265.12 
12265.23 
12265.36 
12265.48 
12265.61 
12265.73 
12265.85 
12265.98 
12266.10 
12266.23 
12266.35 
12266.48 
12266.60 
12266.73 
12266.85 
12266.97 
12267.10 
12267.22 
12267.35 
12267.47 
12267.59 
12267.72 
12267.84 
12267.95 
12268.08 
12268.20 
12268.32 
12268.45 
12268.57 
12268.70 
12268.82 
12268.95 
12269.07 
12269.19 
12269.32 
12269.44 
12269.57 
12269.69 
12269.81 
12269.94 
12270.07 
12270.20 
12270.33 
12270.45 
12270.58 
12270.71 
12270.84 
12270.97 
12271.10 
12271.23 
12271.35 
12271.48 
12271.61 
12271.74 
12271.86 
12271.99 
12272.11 
12272.24 
12272.37 
12272.50 
12272.62 
12272.75 
12272.88 
12273.01 
12273.14 
12273.28 
12273.41 
12273.54 
12273.66 
12273.79 
12273.92 
12274.05 
12274.18 
12274.30 
12274.43 
12274.56 
12274.68 
12274.82 
12274.94 
12275.07 
12275.19 
12275.32 
12275.44 
12275.57 
12275.70 
12275.82 
12275.95 
12276.08 
12276.21 
12276.33 
12276.46 
12276.59 
12276.72 
12276.85 
12276.98 
12277.11 
12277.23 
12277.36 
12277.49 
12277.61 
12277.74 
12277.87 
12277.99 
12278.12 
12278.25 
12278.38 
12278.50 
12278.62 
12278.75 
12278.87 
12278.99 
12279.11 
12279.24 
12279.36 
12279.49 
12279.62 
12279.74 
12279.87 
12280.00 
12280.13 
12280.26 
12280.38 
12280.51 
12280.64 
12280.77 
12280.90 
12281.02 
12281.14 
12281.26 
12281.39 
12281.52 
12281.65 
12281.77 
12281.90 
12282.03 
12282.15 
12282.28 
12282.41 
12282.54 
12282.67 
12282.79 
12282.92 
12283.05 
12283.17 
12283.30 
12283.42 
12283.55 
12283.68 
12283.81 
12283.93 
12284.06 
12284.18 
12284.31 
12284.44 
12284.57 
12284.70 
12284.83 
12284.95 
12285.08 
12285.21 
12285.34 
12285.47 
12285.60 
12285.73 
12285.85 
12285.98 
12286.11 
12286.23 
12286.36 
12286.49 
12286.62 
12286.75 
12286.88 
12287.01 
12287.14 
12287.26 
12287.39 
12287.52 
12287.65 
12287.77 
12287.91 
12288.03 
12288.16 
12288.30 
12288.43 
12288.55 
12288.68 
12288.81 
12288.94 
12289.07 
12289.20 
12289.33 
12289.46 
12289.58 
12289.71 
12289.84 
12289.97 
12290.10 
12290.22 
12290.35 
12290.48 
12290.60 
12290.73 
12290.86 
12290.99 
12291.11 
12291.23 
12291.36 
12291.48 
12291.59 
12291.70 
12291.82 
12291.93 
12292.05 
12292.18 
12292.31 
12292.44 
12292.55 
12292.68 
12292.82 
12292.95 
12293.08 
12293.21 
12293.32 
12293.44 
12293.58 
12293.71 
12293.83 
12293.96 
12294.10 
12294.23 
12294.36 
12294.48 
12294.59 
12294.71 
12294.82 
12294.95 
12295.07 
12295.20 
12295.32 
12295.44 
12295.57 
12295.69 
12295.82 
12295.95 
12296.07 
12296.20 
12296.33 
12296.46 
12296.58 
12296.70 
12296.81 
12296.92 
12297.05 
12297.16 
12297.28 
12297.41 
12297.53 
12297.65 
12297.79 
12297.92 
12298.05 
12298.17 
12298.30 
12298.44 
12298.57 
12298.70 
12298.83 
12298.95 
12299.07 
12299.20 
12299.33 
12299.46 
12299.59 
12299.72 
12299.84 
12299.97 
12300.10 
12300.22 
12300.35 
12300.48 
12300.61 
12300.74 
12300.87 
12301.00 
12301.13 
12301.26 
12301.39 
12301.51 
12301.64 
12301.77 
12301.90 
12302.03 
12302.15 
12302.28 
12302.40 
12302.53 
12302.66 
12302.79 
12302.91 
12303.04 
12303.17 
12303.30 
12303.42 
12303.55 
12303.68 
12303.80 
12303.93 
12304.06 
12304.19 
12304.31 
12304.44 
12304.57 
12304.70 
12304.83 
12304.95 
12305.08 
12305.21 
12305.34 
12305.47 
12305.59 
12305.72 
12305.85 
12305.98 
12306.11 
12306.24 
12306.36 
12306.48 
12306.61 
12306.74 
12306.86 
12306.99 
12307.12 
12307.25 
12307.37 
12307.50 
12307.63 
12307.76 
12307.89 
12308.01 
12308.14 
12308.27 
12308.40 
12308.53 
12308.66 
12308.78 
12308.91 
12309.04 
12309.17 
12309.30 
12309.42 
12309.55 
12309.68 
12309.81 
12309.93 
12310.06 
12310.19 
12310.31 
12310.44 
12310.58 
12310.71 
12310.83 
12310.96 
12311.07 
12311.21 
12311.34 
12311.47 
12311.59 
12311.72 
12311.84 
12311.97 
12312.10 
12312.23 
12312.35 
12312.48 
12312.61 
12312.73 
12312.86 
12312.99 
12313.12 
12313.25 
12313.37 
12313.50 
12313.63 
12313.76 
12313.88 
12314.01 
12314.13 
12314.26 
12314.39 
12314.52 
12314.65 
12314.78 
12314.92 
12315.05 
12315.17 
12315.30 
12315.43 
12315.56 
12315.71 
12315.83 
12315.96 
12316.09 
12316.22 
12316.35 
12316.47 
12316.60 
12316.73 
12316.86 
12316.99 
12317.11 
12317.24 
12317.37 
12317.50 
12317.63 
12317.75 
12317.88 
12318.01 
12318.13 
12318.26 
12318.39 
12318.52 
12318.65 
12318.78 
12318.91 
12319.04 
12319.17 
12319.30 
12319.42 
12319.55 
12319.68 
12319.81 
12319.94 
12320.06 
12320.19 
12320.32 
12320.45 
12320.57 
12320.70 
12320.83 
12320.96 
12321.09 
12321.22 
12321.35 
12321.47 
12321.60 
12321.73 
12321.86 
12321.98 
12322.11 
12322.24 
12322.36 
12322.49 
12322.62 
12322.75 
12322.88 
12323.01 
12323.13 
12323.26 
12323.40 
12323.52 
12323.65 
12323.78 
12323.90 
12324.03 
12324.16 
12324.29 
12324.41 
12324.54 
12324.67 
12324.80 
12324.93 
12325.05 
12325.18 
12325.30 
12325.43 
12325.55 
12325.67 
12325.80 
12325.94 
12326.07 
12326.19 
12326.32 
12326.44 
12326.57 
12326.70 
12326.83 
12326.96 
12327.09 
12327.21 
12327.34 
12327.47 
12327.60 
12327.73 
12327.86 
12327.98 
12328.11 
12328.24 
12328.37 
12328.50 
12328.63 
12328.77 
12328.89 
12329.02 
12329.15 
12329.28 
12329.41 
12329.53 
12329.66 
12329.79 
12329.92 
12330.05 
12330.18 
12330.30 
12330.43 
12330.56 
12330.69 
12330.82 
12330.94 
12331.07 
12331.21 
12331.34 
12331.47 
12331.60 
12331.72 
12331.85 
12331.98 
12332.10 
12332.23 
12332.36 
12332.49 
12332.62 
12332.74 
12332.87 
12333.00 
12333.13 
12333.26 
12333.38 
12333.51 
12333.64 
12333.77 
12333.89 
12334.02 
12334.15 
12334.28 
12334.41 
12334.53 
12334.66 
12334.79 
12334.92 
12335.05 
12335.18 
12335.31 
12335.43 
12335.56 
12335.69 
12335.82 
12335.95 
12336.07 
12336.20 
12336.33 
12336.45 
12336.59 
12336.72 
12336.85 
12336.98 
12337.10 
12337.23 
12337.36 
12337.49 
12337.61 
12337.74 
12337.87 
12338.00 
12338.13 
12338.26 
12338.39 
12338.52 
12338.65 
12338.78 
12338.91 
12339.03 
12339.16 
12339.29 
12339.42 
12339.55 
12339.67 
12339.80 
12339.93 
12340.06 
12340.19 
12340.32 
12340.45 
12340.58 
12340.71 
12340.83 
12340.96 
12341.08 
12341.21 
12341.34 
12341.46 
12341.59 
12341.72 
12341.85 
12341.98 
12342.11 
12342.24 
12342.36 
12342.49 
12342.62 
12342.75 
12342.87 
12343.00 
12343.13 
12343.26 
12343.38 
12343.51 
12343.64 
12343.76 
12343.89 
12344.02 
12344.14 
12344.27 
12344.40 
12344.53 
12344.65 
12344.78 
12344.91 
12345.03 
12345.16 
12345.30 
12345.43 
12345.56 
12345.68 
12345.81 
12345.93 
12346.06 
12346.19 
12346.32 
12346.44 
12346.57 
12346.70 
12346.83 
12346.95 
12347.08 
12347.20 
12347.34 
12347.47 
12347.59 
12347.72 
12347.87 
12347.99 
12348.12 
12348.25 
12348.38 
12348.51 
12348.63 
12348.76 
12348.89 
12349.02 
12349.15 
12349.30 
12349.42 
12349.55 
12349.68 
12349.81 
12349.94 
12350.06 
12350.19 
12350.31 
12350.44 
12350.56 
12350.69 
12350.82 
12350.95 
12351.08 
12351.21 
12351.33 
12351.46 
12351.60 
12351.72 
12351.85 
12351.98 
12352.11 
12352.24 
12352.37 
12352.50 
12352.62 
12352.75 
12352.88 
12353.01 
12353.14 
12353.27 
12353.40 
12353.53 
12353.66 
12353.79 
12353.92 
12354.04 
12354.17 
12354.30 
12354.43 
12354.56 
12354.68 
12354.81 
12354.94 
12355.07 
12355.20 
12355.32 
12355.45 
12355.58 
12355.70 
12355.83 
12355.95 
12356.07 
12356.20 
12356.32 
12356.45 
12356.57 
12356.70 
12356.82 
12356.95 
12357.07 
12357.20 
12357.33 
12357.45 
12357.58 
12357.71 
12357.83 
12357.96 
12358.09 
12358.22 
12358.34 
12358.47 
12358.59 
12358.72 
12358.85 
12358.97 
12359.10 
12359.22 
12359.35 
12359.48 
12359.61 
12359.74 
12359.87 
12359.99 
12360.12 
12360.24 
12360.38 
12360.51 
12360.64 
12360.77 
12360.90 
12361.02 
12361.15 
12361.28 
12361.41 
12361.53 
12361.66 
12361.79 
12361.92 
12362.05 
12362.17 
12362.30 
12362.43 
12362.56 
12362.69 
12362.81 
12362.94 
12363.07 
12363.20 
12363.33 
12363.45 
12363.58 
12363.71 
12363.84 
12363.97 
12364.11 
12364.24 
12364.37 
12364.49 
12364.62 
12364.75 
12364.88 
12365.00 
12365.13 
12365.26 
12365.39 
12365.52 
12365.64 
12365.77 
12365.90 
12366.03 
12366.15 
12366.28 
12366.40 
12366.53 
12366.65 
12366.78 
12366.91 
12367.04 
12367.17 
12367.29 
12367.42 
12367.54 
12367.67 
12367.81 
12367.93 
12368.06 
12368.18 
12368.31 
12368.44 
12368.57 
12368.70 
12368.83 
12368.96 
12369.09 
12369.22 
12369.34 
12369.47 
12369.60 
12369.72 
12369.85 
12369.98 
12370.11 
12370.24 
12370.37 
12370.49 
12370.62 
12370.75 
12370.88 
12371.01 
12371.14 
12371.28 
12371.41 
12371.53 
12371.66 
12371.79 
12371.90 
12372.03 
12372.15 
12372.28 
12372.41 
12372.53 
12372.66 
12372.78 
12372.91 
12373.04 
12373.17 
12373.30 
12373.42 
12373.55 
12373.68 
12373.81 
12373.93 
12374.06 
12374.18 
12374.31 
12374.45 
12374.58 
12374.71 
12374.84 
12374.96 
12375.10 
12375.23 
12375.36 
12375.48 
12375.61 
12375.74 
12375.87 
12375.99 
12376.12 
12376.25 
12376.37 
12376.50 
12376.63 
12376.76 
12376.89 
12377.02 
12377.14 
12377.27 
12377.40 
12377.53 
12377.66 
12377.78 
12377.91 
12378.04 
12378.17 
12378.30 
12378.42 
12378.55 
12378.68 
12378.81 
12378.94 
12379.07 
12379.19 
12379.32 
12379.44 
12379.57 
12379.70 
12379.82 
12379.95 
12380.08 
12380.21 
12380.34 
12380.47 
12380.59 
12380.72 
12380.85 
12380.98 
12381.10 
12381.23 
12381.35 
12381.48 
12381.61 
12381.74 
12381.87 
12382.00 
12382.14 
12382.26 
12382.39 
12382.51 
12382.64 
12382.77 
12382.89 
12383.02 
12383.15 
12383.27 
12383.40 
12383.53 
12383.66 
12383.79 
12383.91 
12384.04 
12384.17 
12384.30 
12384.42 
12384.55 
12384.68 
12384.81 
12384.94 
12385.06 
12385.19 
12385.32 
12385.45 
12385.58 
12385.71 
12385.83 
12385.95 
12386.08 
12386.21 
12386.33 
12386.46 
12386.59 
12386.71 
12386.84 
12386.97 
12387.10 
12387.23 
12387.34 
12387.46 
12387.57 
12387.69 
12387.81 
12387.94 
12388.06 
12388.19 
12388.32 
12388.45 
12388.58 
12388.71 
12388.83 
12388.96 
12389.09 
12389.21 
12389.34 
12389.46 
12389.59 
12389.72 
12389.85 
12389.98 
12390.10 
12390.22 
12390.35 
12390.48 
12390.61 
12390.75 
12390.88 
12391.01 
12391.14 
12391.26 
12391.39 
12391.52 
12391.66 
12391.79 
12391.92 
12392.04 
12392.16 
12392.28 
12392.41 
12392.56 
12392.69 
12392.82 
12392.94 
12393.07 
12393.20 
12393.33 
12393.46 
12393.58 
12393.71 
12393.84 
12393.97 
12394.09 
12394.22 
12394.35 
12394.48 
12394.61 
12394.73 
12394.86 
12394.99 
12395.11 
12395.24 
12395.36 
12395.49 
12395.62 
12395.74 
12395.87 
12396.00 
12396.13 
12396.26 
12396.38 
12396.51 
12396.66 
12396.79 
12396.91 
12397.04 
12397.17 
12397.30 
12397.42 
12397.55 
12397.68 
12397.81 
12397.94 
12398.06 
12398.19 
12398.32 
12398.45 
12398.57 
12398.70 
12398.83 
12398.96 
12399.09 
12399.21 
12399.34 
12399.47 
12399.60 
12399.73 
12399.86 
12399.99 
12400.11 
12400.24 
12400.35 
12400.47 
12400.59 
12400.73 
12400.85 
12400.98 
12401.11 
12401.22 
12401.35 
12401.48 
12401.61 
12401.73 
12401.86 
12401.99 
12402.11 
12402.24 
12402.38 
12402.51 
12402.65 
12402.77 
12402.90 
12403.03 
12403.15 
12403.28 
12403.40 
12403.52 
12403.65 
12403.77 
12403.89 
12404.01 
12404.14 
12404.26 
12404.38 
12404.51 
12404.63 
12404.75 
12404.87 
12405.00 
12405.12 
12405.24 
12405.37 
12405.49 
12405.62 
12405.74 
12405.87 
12405.99 
12406.11 
12406.24 
12406.36 
12406.48 
12406.61 
12406.73 
12406.86 
12406.98 
12407.10 
12407.23 
12407.35 
12407.48 
12407.60 
12407.72 
12407.85 
12407.97 
12408.09 
12408.22 
12408.34 
12408.47 
12408.59 
12408.72 
12408.84 
12408.96 
12409.09 
12409.21 
12409.34 
12409.46 
12409.59 
12409.71 
12409.84 
12409.96 
12410.08 
12410.21 
12410.33 
12410.45 
12410.57 
12410.70 
12410.82 
12410.95 
12411.07 
12411.19 
12411.31 
12411.44 
12411.56 
12411.69 
12411.81 
12411.93 
12412.06 
12412.18 
12412.30 
12412.43 
12412.55 
12412.68 
12412.80 
12412.93 
12413.05 
12413.17 
12413.30 
12413.42 
12413.54 
12413.66 
12413.79 
12413.91 
12414.04 
12414.16 
12414.29 
12414.41 
12414.54 
12414.66 
12414.78 
12414.91 
12415.03 
12415.15 
12415.27 
12415.40 
12415.52 
12415.64 
12415.77 
12415.89 
12416.01 
12416.13 
12416.26 
12416.38 
12416.51 
12416.63 
12416.75 
12416.87 
12417.00 
12417.12 
12417.25 
12417.37 
12417.49 
12417.62 
12417.74 
12417.87 
12417.99 
12418.11 
12418.23 
12418.36 
12418.48 
12418.61 
12418.73 
12418.85 
12418.98 
12419.10 
12419.23 
12419.35 
12419.47 
12419.60 
12419.72 
12419.85 
12419.97 
12420.10 
12420.22 
12420.35 
12420.47 
12420.60 
12420.72 
12420.85 
12420.97 
12421.09 
12421.22 
12421.34 
12421.46 
12421.57 
12421.70 
12421.82 
12421.94 
12422.07 
12422.19 
12422.31 
12422.43 
12422.56 
12422.68 
12422.81 
12422.93 
12423.05 
12423.18 
12423.30 
12423.43 
12423.55 
12423.68 
12423.80 
12423.92 
12424.05 
12424.17 
12424.30 
12424.42 
12424.55 
12424.67 
12424.80 
12424.92 
12425.05 
12425.17 
12425.29 
12425.42 
12425.54 
12425.66 
12425.79 
12425.91 
12426.04 
12426.16 
12426.29 
12426.41 
12426.54 
12426.66 
12426.79 
12426.91 
12427.04 
12427.16 
12427.29 
12427.41 
12427.53 
12427.66 
12427.78 
12427.90 
12428.02 
12428.15 
12428.27 
12428.39 
12428.52 
12428.64 
12428.76 
12428.88 
12429.01 
12429.13 
12429.25 
12429.38 
12429.50 
12429.62 
12429.75 
12429.87 
12429.99 
12430.12 
12430.24 
12430.37 
12430.49 
12430.61 
12430.74 
12430.86 
12430.99 
12431.11 
12431.24 
12431.36 
12431.48 
12431.61 
12431.72 
12431.83 
12431.95 
12432.07 
12432.21 
12432.32 
12432.43 
12432.55 
12432.68 
12432.81 
12432.94 
12433.07 
12433.20 
12433.33 
12433.45 
12433.59 
12433.71 
12433.84 
12433.97 
12434.10 
12434.22 
12434.35 
12434.48 
12434.61 
12434.74 
12434.86 
12434.99 
12435.12 
12435.25 
12435.37 
12435.50 
12435.63 
12435.76 
12435.89 
12436.01 
12436.14 
12436.27 
12436.40 
12436.52 
12436.65 
12436.78 
12436.91 
12437.04 
12437.17 
12437.29 
12437.42 
12437.56 
12437.68 
12437.81 
12437.96 
12438.09 
12438.22 
12438.35 
12438.47 
12438.60 
12438.73 
12438.86 
12438.99 
12439.12 
12439.24 
12439.37 
12439.50 
12439.63 
12439.76 
12439.89 
12440.01 
12440.14 
12440.27 
12440.39 
12440.52 
12440.65 
12440.78 
12440.91 
12441.04 
12441.16 
12441.29 
12441.42 
12441.55 
12441.67 
12441.80 
12441.93 
12442.06 
12442.19 
12442.31 
12442.44 
12442.57 
12442.70 
12442.82 
12442.95 
12443.08 
12443.21 
12443.34 
12443.47 
12443.60 
12443.72 
12443.85 
12443.98 
12444.11 
12444.23 
12444.36 
12444.49 
12444.62 
12444.75 
12444.89 
12445.02 
12445.14 
12445.27 
12445.40 
12445.53 
12445.66 
12445.79 
12445.91 
12446.03 
12446.16 
12446.28 
12446.41 
12446.54 
12446.67 
12446.79 
12446.92 
12447.05 
12447.19 
12447.32 
12447.45 
12447.58 
12447.70 
12447.83 
12447.95 
12448.09 
12448.22 
12448.35 
12448.48 
12448.61 
12448.73 
12448.86 
12448.99 
12449.13 
12449.25 
12449.38 
12449.51 
12449.64 
12449.76 
12449.89 
12450.02 
12450.14 
12450.27 
12450.40 
12450.52 
12450.65 
12450.78 
12450.90 
12451.03 
12451.16 
12451.29 
12451.42 
12451.55 
12451.67 
12451.80 
12451.93 
12452.06 
12452.19 
12452.31 
12452.45 
12452.57 
12452.70 
12452.83 
12452.96 
12453.08 
12453.21 
12453.34 
12453.47 
12453.59 
12453.72 
12453.85 
12453.98 
12454.10 
12454.23 
12454.36 
12454.48 
12454.61 
12454.73 
12454.86 
12454.99 
12455.11 
12455.24 
12455.37 
12455.50 
12455.63 
12455.75 
12455.88 
12456.01 
12456.14 
12456.27 
12456.39 
12456.52 
12456.65 
12456.78 
12456.91 
12457.04 
12457.17 
12457.30 
12457.42 
12457.55 
12457.68 
12457.81 
12457.93 
12458.06 
12458.19 
12458.31 
12458.44 
12458.57 
12458.69 
12458.81 
12458.94 
12459.07 
12459.20 
12459.33 
12459.46 
12459.58 
12459.71 
12459.84 
12459.97 
12460.09 
12460.22 
12460.35 
12460.48 
12460.61 
12460.74 
12460.87 
12460.99 
12461.12 
12461.25 
12461.38 
12461.50 
12461.63 
12461.75 
12461.88 
12462.01 
12462.14 
12462.27 
12462.40 
12462.52 
12462.65 
12462.78 
12462.91 
12463.04 
12463.16 
12463.28 
12463.40 
12463.54 
12463.66 
12463.79 
12463.92 
12464.05 
12464.17 
12464.29 
12464.41 
12464.54 
12464.67 
12464.80 
12464.93 
12465.05 
12465.18 
12465.31 
12465.43 
12465.56 
12465.69 
12465.82 
12465.94 
12466.07 
12466.19 
12466.32 
12466.45 
12466.58 
12466.71 
12466.83 
12466.96 
12467.09 
12467.22 
12467.34 
12467.47 
12467.60 
12467.73 
12467.86 
12467.98 
12468.11 
12468.24 
12468.37 
12468.50 
12468.62 
12468.75 
12468.88 
12469.01 
12469.14 
12469.26 
12469.39 
12469.52 
12469.65 
12469.78 
12469.91 
12470.03 
12470.16 
12470.29 
12470.42 
12470.55 
12470.68 
12470.81 
12470.93 
12471.06 
12471.20 
12471.32 
12471.45 
12471.58 
12471.71 
12471.83 
12471.96 
12472.09 
12472.22 
12472.35 
12472.47 
12472.60 
12472.73 
12472.86 
12472.99 
12473.11 
12473.24 
12473.36 
12473.49 
12473.62 
12473.74 
12473.87 
12474.00 
12474.12 
12474.25 
12474.37 
12474.51 
12474.63 
12474.76 
12474.89 
12475.02 
12475.15 
12475.27 
12475.40 
12475.53 
12475.66 
12475.79 
12475.93 
12476.06 
12476.19 
12476.31 
12476.43 
12476.56 
12476.69 
12476.82 
12476.94 
12477.07 
12477.20 
12477.33 
12477.46 
12477.58 
12477.71 
12477.84 
12477.97 
12478.10 
12478.22 
12478.35 
12478.48 
12478.61 
12478.74 
12478.86 
12478.99 
12479.11 
12479.24 
12479.36 
12479.49 
12479.61 
12479.74 
12479.87 
12480.00 
12480.13 
12480.25 
12480.37 
12480.50 
12480.63 
12480.76 
12480.89 
12481.02 
12481.15 
12481.27 
12481.40 
12481.53 
12481.67 
12481.80 
12481.93 
12482.06 
12482.19 
12482.31 
12482.44 
12482.56 
12482.69 
12482.82 
12482.94 
12483.07 
12483.20 
12483.32 
12483.44 
12483.56 
12483.68 
12483.80 
12483.93 
12484.06 
12484.18 
12484.31 
12484.44 
12484.59 
12484.72 
12484.84 
12484.97 
12485.10 
12485.23 
12485.35 
12485.48 
12485.61 
12485.73 
12485.87 
12486.00 
12486.13 
12486.25 
12486.38 
12486.51 
12486.66 
12486.79 
12486.91 
12487.04 
12487.17 
12487.30 
12487.42 
12487.55 
12487.68 
12487.81 
12487.94 
12488.06 
12488.19 
12488.32 
12488.45 
12488.57 
12488.71 
12488.83 
12488.96 
12489.09 
12489.22 
12489.34 
12489.47 
12489.60 
12489.73 
12489.86 
12489.98 
12490.11 
12490.24 
12490.37 
12490.50 
12490.62 
12490.75 
12490.88 
12491.00 
12491.13 
12491.26 
12491.38 
12491.51 
12491.64 
12491.77 
12491.90 
12492.03 
12492.15 
12492.28 
12492.41 
12492.54 
12492.67 
12492.79 
12492.92 
12493.05 
12493.18 
12493.31 
12493.44 
12493.57 
12493.70 
12493.83 
12493.95 
12494.08 
12494.21 
12494.33 
12494.45 
12494.59 
12494.71 
12494.84 
12494.97 
12495.09 
12495.22 
12495.35 
12495.47 
12495.60 
12495.73 
12495.86 
12495.98 
12496.11 
12496.24 
12496.36 
12496.49 
12496.62 
12496.75 
12496.87 
12497.00 
12497.13 
12497.26 
12497.38 
12497.51 
12497.63 
12497.76 
12497.89 
12498.02 
12498.14 
12498.27 
12498.40 
12498.53 
12498.66 
12498.78 
12498.91 
12499.04 
12499.17 
12499.30 
12499.42 
12499.55 
12499.68 
12499.81 
12499.93 
12500.06 
12500.19 
12500.32 
12500.44 
12500.57 
12500.70 
12500.83 
12500.95 
12501.08 
12501.21 
12501.34 
12501.47 
12501.60 
12501.72 
12501.85 
12501.98 
12502.11 
12502.23 
12502.36 
12502.49 
12502.62 
12502.75 
12502.87 
12503.00 
12503.13 
12503.26 
12503.39 
12503.51 
12503.64 
12503.77 
12503.90 
12504.02 
12504.15 
12504.28 
12504.41 
12504.54 
12504.67 
12504.79 
12504.92 
12505.05 
12505.18 
12505.30 
12505.43 
12505.56 
12505.69 
12505.82 
12505.94 
12506.06 
12506.19 
12506.32 
12506.45 
12506.57 
12506.70 
12506.83 
12506.95 
12507.08 
12507.21 
12507.34 
12507.46 
12507.59 
12507.71 
12507.84 
12507.97 
12508.10 
12508.22 
12508.35 
12508.48 
12508.61 
12508.74 
12508.86 
12508.99 
12509.12 
12509.25 
12509.37 
12509.51 
12509.63 
12509.75 
12509.87 
12509.98 
12510.11 
12510.23 
12510.38 
12510.51 
12510.64 
12510.76 
12510.89 
12511.02 
12511.17 
12511.30 
12511.43 
12511.55 
12511.68 
12511.81 
12511.94 
12512.06 
12512.19 
12512.32 
12512.44 
12512.57 
12512.69 
12512.82 
12512.94 
12513.07 
12513.20 
12513.33 
12513.45 
12513.58 
12513.71 
12513.84 
12513.97 
12514.10 
12514.22 
12514.35 
12514.48 
12514.61 
12514.73 
12514.86 
12514.99 
12515.11 
12515.24 
12515.37 
12515.50 
12515.63 
12515.75 
12515.88 
12516.01 
12516.14 
12516.27 
12516.39 
12516.52 
12516.65 
12516.78 
12516.91 
12517.04 
12517.16 
12517.29 
12517.42 
12517.55 
12517.67 
12517.80 
12517.93 
12518.06 
12518.19 
12518.31 
12518.44 
12518.57 
12518.70 
12518.82 
12518.95 
12519.08 
12519.21 
12519.34 
12519.46 
12519.59 
12519.72 
12519.85 
12519.98 
12520.11 
12520.24 
12520.36 
12520.49 
12520.61 
12520.74 
12520.87 
12520.99 
12521.12 
12521.25 
12521.38 
12521.50 
12521.63 
12521.76 
12521.88 
12522.01 
12522.15 
12522.28 
12522.41 
12522.53 
12522.65 
12522.77 
12522.89 
12523.02 
12523.14 
12523.26 
12523.39 
12523.50 
12523.64 
12523.75 
12523.89 
12524.02 
12524.16 
12524.29 
12524.43 
12524.55 
12524.67 
12524.81 
12524.93 
12525.06 
12525.20 
12525.31 
12525.45 
12525.59 
12525.72 
12525.86 
12525.98 
12526.11 
12526.23 
12526.35 
12526.47 
12526.60 
12526.72 
12526.84 
12526.97 
12527.09 
12527.21 
12527.33 
12527.47 
12527.60 
12527.72 
12527.84 
12527.97 
12528.09 
12528.22 
12528.34 
12528.46 
12528.59 
12528.71 
12528.84 
12528.96 
12529.09 
12529.21 
12529.34 
12529.46 
12529.58 
12529.71 
12529.83 
12529.95 
12530.08 
12530.20 
12530.33 
12530.45 
12530.57 
12530.70 
12530.82 
12530.95 
12531.07 
12531.20 
12531.32 
12531.44 
12531.57 
12531.69 
12531.81 
12531.94 
12532.06 
12532.19 
12532.31 
12532.44 
12532.56 
12532.68 
12532.81 
12532.93 
12533.05 
12533.18 
12533.30 
12533.43 
12533.55 
12533.68 
12533.81 
12533.93 
12534.06 
12534.18 
12534.30 
12534.42 
12534.55 
12534.67 
12534.80 
12534.92 
12535.04 
12535.16 
12535.28 
12535.41 
12535.53 
12535.65 
12535.77 
12535.92 
12536.04 
12536.16 
12536.29 
12536.41 
12536.53 
12536.65 
12536.77 
12536.90 
12537.02 
12537.15 
12537.27 
12537.40 
12537.52 
12537.64 
12537.77 
12537.90 
12538.02 
12538.14 
12538.27 
12538.39 
12538.52 
12538.64 
12538.76 
12538.89 
12539.01 
12539.14 
12539.26 
12539.39 
12539.51 
12539.64 
12539.76 
12539.88 
12540.01 
12540.13 
12540.25 
12540.38 
12540.50 
12540.63 
12540.75 
12540.87 
12541.00 
12541.12 
12541.24 
12541.37 
12541.49 
12541.61 
12541.74 
12541.86 
12541.99 
12542.11 
12542.23 
12542.36 
12542.48 
12542.60 
12542.73 
12542.85 
12542.98 
12543.10 
12543.23 
12543.35 
12543.48 
12543.60 
12543.72 
12543.85 
12543.97 
12544.09 
12544.22 
12544.34 
12544.47 
12544.59 
12544.72 
12544.84 
12544.96 
12545.09 
12545.22 
12545.34 
12545.46 
12545.59 
12545.72 
12545.84 
12545.96 
12546.09 
12546.21 
12546.34 
12546.46 
12546.60 
12546.73 
12546.85 
12546.98 
12547.11 
12547.24 
12547.37 
12547.49 
12547.62 
12547.75 
12547.88 
12548.01 
12548.14 
12548.26 
12548.39 
12548.51 
12548.64 
12548.77 
12548.90 
12549.02 
12549.15 
12549.28 
12549.41 
12549.54 
12549.66 
12549.79 
12549.92 
12550.05 
12550.17 
12550.30 
12550.43 
12550.56 
12550.69 
12550.82 
12550.94 
12551.07 
12551.20 
12551.33 
12551.45 
12551.58 
12551.71 
12551.84 
12551.96 
12552.09 
12552.22 
12552.34 
12552.47 
12552.60 
12552.73 
12552.86 
12552.99 
12553.12 
12553.26 
12553.39 
12553.51 
12553.64 
12553.77 
12553.90 
12554.03 
12554.15 
12554.27 
12554.41 
12554.53 
12554.66 
12554.77 
12554.89 
12555.02 
12555.15 
12555.28 
12555.41 
12555.53 
12555.66 
12555.79 
12555.92 
12556.05 
12556.18 
12556.30 
12556.43 
12556.56 
12556.69 
12556.83 
12556.95 
12557.08 
12557.21 
12557.34 
12557.46 
12557.59 
12557.72 
12557.85 
12557.98 
12558.11 
12558.24 
12558.36 
12558.49 
12558.62 
12558.75 
12558.87 
12559.00 
12559.13 
12559.26 
12559.38 
12559.51 
12559.64 
12559.77 
12559.90 
12560.03 
12560.16 
12560.28 
12560.41 
12560.54 
12560.66 
12560.79 
12560.92 
12561.05 
12561.18 
12561.31 
12561.44 
12561.56 
12561.69 
12561.82 
12561.95 
12562.08 
12562.20 
12562.33 
12562.46 
12562.59 
12562.72 
12562.85 
12562.98 
12563.11 
12563.24 
12563.37 
12563.50 
12563.63 
12563.76 
12563.88 
12564.01 
12564.14 
12564.27 
12564.40 
12564.53 
12564.65 
12564.78 
12564.91 
12565.04 
12565.16 
12565.29 
12565.42 
12565.55 
12565.67 
12565.80 
12565.93 
12566.06 
12566.19 
12566.31 
12566.44 
12566.57 
12566.70 
12566.82 
12566.95 
12567.07 
12567.20 
12567.33 
12567.46 
12567.58 
12567.71 
12567.84 
12567.97 
12568.10 
12568.23 
12568.36 
12568.49 
12568.62 
12568.74 
12568.87 
12569.00 
12569.13 
12569.26 
12569.39 
12569.52 
12569.65 
12569.78 
12569.91 
12570.03 
12570.15 
12570.27 
12570.39 
12570.52 
12570.64 
12570.76 
12570.88 
12571.01 
12571.13 
12571.26 
12571.39 
12571.52 
12571.65 
12571.78 
12571.90 
12572.03 
12572.16 
12572.29 
12572.42 
12572.54 
12572.69 
12572.81 
12572.94 
12573.07 
12573.20 
12573.33 
12573.46 
12573.58 
12573.72 
12573.85 
12573.97 
12574.10 
12574.23 
12574.36 
12574.49 
12574.61 
12574.74 
12574.87 
12574.99 
12575.12 
12575.25 
12575.37 
12575.50 
12575.63 
12575.75 
12575.88 
12576.01 
12576.14 
12576.27 
12576.40 
12576.52 
12576.65 
12576.78 
12576.91 
12577.04 
12577.16 
12577.29 
12577.42 
12577.55 
12577.67 
12577.80 
12577.93 
12578.06 
12578.19 
12578.31 
12578.44 
12578.57 
12578.70 
12578.83 
12578.96 
12579.09 
12579.22 
12579.34 
12579.47 
12579.60 
12579.73 
12579.86 
12579.98 
12580.11 
12580.24 
12580.37 
12580.50 
12580.62 
12580.75 
12580.88 
12581.01 
12581.14 
12581.26 
12581.41 
12581.54 
12581.66 
12581.79 
12581.92 
12582.05 
12582.18 
12582.31 
12582.44 
12582.57 
12582.70 
12582.83 
12582.95 
12583.08 
12583.21 
12583.34 
12583.47 
12583.60 
12583.75 
12583.88 
12584.01 
12584.13 
12584.26 
12584.39 
12584.52 
12584.64 
12584.77 
12584.89 
12585.02 
12585.15 
12585.27 
12585.40 
12585.53 
12585.66 
12585.79 
12585.91 
12586.04 
12586.17 
12586.29 
12586.41 
12586.55 
12586.68 
12586.80 
12586.93 
12587.06 
12587.18 
12587.31 
12587.44 
12587.57 
12587.69 
12587.82 
12587.95 
12588.08 
12588.21 
12588.34 
12588.47 
12588.59 
12588.72 
12588.85 
12588.97 
12589.10 
12589.23 
12589.36 
12589.49 
12589.62 
12589.74 
12589.87 
12590.00 
12590.13 
12590.26 
12590.38 
12590.51 
12590.64 
12590.76 
12590.89 
12591.02 
12591.15 
12591.28 
12591.40 
12591.53 
12591.66 
12591.79 
12591.92 
12592.05 
12592.18 
12592.30 
12592.43 
12592.56 
12592.69 
12592.82 
12592.94 
12593.07 
12593.20 
12593.33 
12593.45 
12593.58 
12593.71 
12593.84 
12593.97 
12594.10 
12594.22 
12594.35 
12594.48 
12594.61 
12594.74 
12594.86 
12594.99 
12595.12 
12595.25 
12595.38 
12595.50 
12595.63 
12595.76 
12595.89 
12596.01 
12596.14 
12596.27 
12596.40 
12596.53 
12596.66 
12596.78 
12596.91 
12597.04 
12597.16 
12597.29 
12597.42 
12597.55 
12597.68 
12597.80 
12597.93 
12598.06 
12598.19 
12598.32 
12598.45 
12598.58 
12598.71 
12598.83 
12598.96 
12599.09 
12599.22 
12599.34 
12599.47 
12599.60 
12599.73 
12599.86 
12599.98 
12600.11 
12600.25 
12600.38 
12600.51 
12600.64 
12600.77 
12600.89 
12601.02 
12601.15 
12601.28 
12601.41 
12601.53 
12601.66 
12601.79 
12601.90 
12602.02 
12602.14 
12602.26 
12602.38 
12602.51 
12602.63 
12602.76 
12602.89 
12603.02 
12603.15 
12603.28 
12603.40 
12603.53 
12603.66 
12603.79 
12603.91 
12604.04 
12604.17 
12604.30 
12604.43 
12604.55 
12604.68 
12604.83 
12604.95 
12605.08 
12605.21 
12605.34 
12605.46 
12605.59 
12605.72 
12605.85 
12605.98 
12606.11 
12606.23 
12606.36 
12606.48 
12606.63 
12606.75 
12606.88 
12607.01 
12607.13 
12607.26 
12607.39 
12607.52 
12607.64 
12607.77 
12607.90 
12608.03 
12608.15 
12608.28 
12608.41 
12608.54 
12608.66 
12608.79 
12608.92 
12609.04 
12609.17 
12609.30 
12609.42 
12609.55 
12609.68 
12609.80 
12609.93 
12610.06 
12610.18 
12610.31 
12610.44 
12610.57 
12610.70 
12610.83 
12610.95 
12611.08 
12611.21 
12611.33 
12611.46 
12611.59 
12611.72 
12611.85 
12611.98 
12612.11 
12612.24 
12612.37 
12612.49 
12612.62 
12612.75 
12612.87 
12613.00 
12613.13 
12613.26 
12613.39 
12613.52 
12613.64 
12613.77 
12613.90 
12614.02 
12614.15 
12614.28 
12614.41 
12614.54 
12614.67 
12614.79 
12614.92 
12615.05 
12615.18 
12615.31 
12615.43 
12615.56 
12615.69 
12615.82 
12615.94 
12616.07 
12616.20 
12616.33 
12616.46 
12616.59 
12616.71 
12616.84 
12616.97 
12617.10 
12617.22 
12617.35 
12617.47 
12617.59 
12617.72 
12617.85 
12617.98 
12618.11 
12618.24 
12618.37 
12618.50 
12618.62 
12618.75 
12618.88 
12619.01 
12619.15 
12619.28 
12619.40 
12619.53 
12619.66 
12619.79 
12619.91 
12620.04 
12620.17 
12620.30 
12620.43 
12620.55 
12620.67 
12620.80 
12620.93 
12621.06 
12621.19 
12621.31 
12621.44 
12621.57 
12621.69 
12621.82 
12621.95 
12622.08 
12622.21 
12622.34 
12622.47 
12622.59 
12622.72 
12622.85 
12622.98 
12623.11 
12623.23 
12623.38 
12623.52 
12623.64 
12623.77 
12623.90 
12624.03 
12624.16 
12624.29 
12624.41 
12624.54 
12624.67 
12624.80 
12624.93 
12625.05 
12625.19 
12625.32 
12625.45 
12625.57 
12625.70 
12625.83 
12625.96 
12626.09 
12626.22 
12626.35 
12626.48 
12626.60 
12626.73 
12626.85 
12626.98 
12627.11 
12627.24 
12627.36 
12627.49 
12627.62 
12627.74 
12627.87 
12628.02 
12628.14 
12628.27 
12628.40 
12628.53 
12628.66 
12628.80 
12628.93 
12629.05 
12629.18 
12629.31 
12629.44 
12629.57 
12629.70 
12629.82 
12629.95 
12630.08 
12630.20 
12630.33 
12630.46 
12630.59 
12630.73 
12630.86 
12630.99 
12631.12 
12631.25 
12631.37 
12631.50 
12631.63 
12631.76 
12631.88 
12632.01 
12632.14 
12632.27 
12632.39 
12632.52 
12632.65 
12632.77 
12632.89 
12633.02 
12633.14 
12633.27 
12633.41 
12633.54 
12633.66 
12633.79 
12633.94 
12634.06 
12634.19 
12634.32 
12634.45 
12634.58 
12634.70 
12634.83 
12634.96 
12635.09 
12635.21 
12635.34 
12635.47 
12635.59 
12635.72 
12635.84 
12635.97 
12636.11 
12636.24 
12636.36 
12636.49 
12636.62 
12636.75 
12636.88 
12637.01 
12637.14 
12637.27 
12637.40 
12637.53 
12637.66 
12637.79 
12637.91 
12638.04 
12638.17 
12638.29 
12638.42 
12638.55 
12638.67 
12638.80 
12638.93 
12639.06 
12639.18 
12639.31 
12639.44 
12639.57 
12639.69 
12639.82 
12639.95 
12640.07 
12640.20 
12640.32 
12640.45 
12640.57 
12640.70 
12640.83 
12640.96 
12641.09 
12641.21 
12641.34 
12641.47 
12641.60 
12641.73 
12641.85 
12641.98 
12642.11 
12642.24 
12642.37 
12642.50 
12642.62 
12642.75 
12642.88 
12643.01 
12643.13 
12643.26 
12643.39 
12643.52 
12643.65 
12643.77 
12643.90 
12644.03 
12644.16 
12644.29 
12644.42 
12644.54 
12644.67 
12644.80 
12644.92 
12645.05 
12645.18 
12645.31 
12645.43 
12645.55 
12645.68 
12645.81 
12645.94 
12646.06 
12646.18 
12646.31 
12646.42 
12646.53 
12646.65 
12646.79 
12646.91 
12647.03 
12647.14 
12647.26 
12647.38 
12647.50 
12647.62 
12647.74 
12647.85 
12647.97 
12648.09 
12648.21 
12648.33 
12648.45 
12648.56 
12648.68 
12648.80 
12648.92 
12649.03 
12649.15 
12649.27 
12649.39 
12649.51 
12649.63 
12649.74 
12649.87 
12650.00 
12650.13 
12650.26 
12650.38 
12650.50 
12650.62 
12650.74 
12650.87 
12650.99 
12651.11 
12651.24 
12651.36 
12651.48 
12651.60 
12651.73 
12651.84 
12651.96 
12652.08 
12652.20 
12652.32 
12652.44 
12652.55 
12652.67 
12652.79 
12652.91 
12653.02 
12653.14 
12653.26 
12653.38 
12653.50 
12653.63 
12653.75 
12653.89 
12654.02 
12654.15 
12654.28 
12654.41 
12654.55 
12654.68 
12654.80 
12654.95 
12655.09 
12655.23 
12655.37 
12655.49 
12655.62 
12655.75 
12655.88 
12656.00 
12656.14 
12656.28 
12656.41 
12656.54 
12656.67 
12656.81 
12656.93 
12657.08 
12657.21 
12657.33 
12657.46 
12657.59 
12657.73 
12657.88 
12658.02 
12658.15 
12658.28 
12658.41 
12658.53 
12658.66 
12658.79 
12658.92 
12659.05 
12659.19 
12659.32 
12659.46 
12659.59 
12659.72 
12659.85 
12659.99 
12660.12 
12660.26 
12660.39 
12660.52 
12660.65 
12660.77 
12660.92 
12661.05 
12661.17 
12661.31 
12661.44 
12661.58 
12661.71 
12661.85 
12661.98 
12662.10 
12662.25 
12662.39 
12662.53 
12662.67 
12662.81 
12662.93 
12663.06 
12663.19 
12663.32 
12663.45 
12663.57 
12663.70 
12663.83 
12663.97 
12664.10 
12664.24 
12664.38 
12664.50 
12664.64 
12664.78 
12664.90 
12665.03 
12665.16 
12665.29 
12665.43 
12665.56 
12665.69 
12665.82 
12665.95 
12666.08 
12666.20 
12666.30 
12666.41 
12666.53 
12666.66 
12666.78 
12666.91 
12667.04 
12667.17 
12667.31 
12667.44 
12667.58 
12667.72 
12667.85 
12667.97 
12668.12 
12668.25 
12668.39 
12668.52 
12668.65 
12668.77 
12668.92 
12669.05 
12669.19 
12669.34 
12669.47 
12669.59 
12669.72 
12669.84 
12669.99 
12670.12 
12670.25 
12670.39 
12670.53 
12670.68 
12670.80 
12670.94 
12671.08 
12671.21 
12671.35 
12671.48 
12671.61 
12671.74 
12671.88 
12672.02 
12672.15 
12672.28 
12672.42 
12672.55 
12672.68 
12672.81 
12672.93 
12673.06 
12673.20 
12673.33 
12673.47 
12673.60 
12673.74 
12673.88 
12674.02 
12674.15 
12674.28 
12674.41 
12674.54 
12674.66 
12674.79 
12674.94 
12675.07 
12675.21 
12675.35 
12675.48 
12675.61 
12675.73 
12675.88 
12676.01 
12676.14 
12676.26 
12676.39 
12676.52 
12676.65 
12676.78 
12676.92 
12677.06 
12677.19 
12677.33 
12677.47 
12677.61 
12677.73 
12677.86 
12677.99 
12678.12 
12678.25 
12678.38 
12678.50 
12678.65 
12678.79 
12678.93 
12679.07 
12679.19 
12679.32 
12679.45 
12679.57 
12679.71 
12679.82 
12679.96 
12680.08 
12680.22 
12680.36 
12680.49 
12680.62 
12680.76 
12680.88 
12681.01 
12681.15 
12681.29 
12681.41 
12681.54 
12681.66 
12681.80 
12681.92 
12682.06 
12682.18 
12682.31 
12682.44 
12682.57 
12682.69 
12682.82 
12682.95 
12683.08 
12683.22 
12683.35 
12683.49 
12683.62 
12683.75 
12683.89 
12684.02 
12684.15 
12684.28 
12684.40 
12684.55 
12684.68 
12684.81 
12684.93 
12685.07 
12685.21 
12685.35 
12685.48 
12685.61 
12685.74 
12685.86 
12685.99 
12686.12 
12686.25 
12686.37 
12686.51 
12686.65 
12686.79 
12686.92 
12687.05 
12687.19 
12687.32 
12687.45 
12687.58 
12687.72 
12687.85 
12687.99 
12688.12 
12688.25 
12688.37 
12688.50 
12688.63 
12688.77 
12688.91 
12689.03 
12689.16 
12689.28 
12689.42 
12689.54 
12689.68 
12689.80 
12689.93 
12690.07 
12690.19 
12690.33 
12690.45 
12690.59 
12690.73 
12690.85 
12690.98 
12691.11 
12691.24 
12691.39 
12691.52 
12691.66 
12691.80 
12691.93 
12692.07 
12692.19 
12692.33 
12692.45 
12692.58 
12692.71 
12692.84 
12692.97 
12693.09 
12693.24 
12693.37 
12693.51 
12693.66 
12693.79 
12693.93 
12694.05 
12694.18 
12694.31 
12694.44 
12694.58 
12694.72 
12694.86 
12694.98 
12695.11 
12695.23 
12695.36 
12695.50 
12695.64 
12695.78 
12695.91 
12696.03 
12696.17 
12696.31 
12696.44 
12696.56 
12696.70 
12696.82 
12696.95 
12697.07 
12697.21 
12697.34 
12697.46 
12697.59 
12697.72 
12697.85 
12697.97 
12698.10 
12698.23 
12698.36 
12698.49 
12698.63 
12698.76 
12698.90 
12699.03 
12699.17 
12699.30 
12699.43 
12699.56 
12699.68 
12699.82 
12699.96 
12700.09 
12700.23 
12700.36 
12700.49 
12700.61 
12700.75 
12700.89 
12701.01 
12701.15 
12701.30 
12701.43 
12701.55 
12701.69 
12701.82 
12701.94 
12702.07 
12702.20 
12702.33 
12702.47 
12702.60 
12702.73 
12702.87 
12703.00 
12703.13 
12703.27 
12703.40 
12703.53 
12703.65 
12703.79 
12703.93 
12704.07 
12704.19 
12704.33 
12704.45 
12704.59 
12704.71 
12704.84 
12704.98 
12705.11 
12705.24 
12705.37 
12705.51 
12705.65 
12705.78 
12705.91 
12706.06 
12706.18 
12706.31 
12706.44 
12706.58 
12706.71 
12706.84 
12706.97 
12707.11 
12707.25 
12707.39 
12707.53 
12707.65 
12707.79 
12707.91 
12708.06 
12708.18 
12708.31 
12708.43 
12708.57 
12708.70 
12708.83 
12708.96 
12709.09 
12709.21 
12709.34 
12709.47 
12709.59 
12709.72 
12709.85 
12709.98 
12710.11 
12710.23 
12710.36 
12710.49 
12710.62 
12710.75 
12710.87 
12711.00 
12711.12 
12711.25 
12711.37 
12711.50 
12711.63 
12711.75 
12711.88 
12712.01 
12712.14 
12712.26 
12712.39 
12712.52 
12712.65 
12712.78 
12712.91 
12713.03 
12713.16 
12713.29 
12713.42 
12713.55 
12713.68 
12713.80 
12713.93 
12714.06 
12714.19 
12714.32 
12714.45 
12714.57 
12714.70 
12714.83 
12714.96 
12715.08 
12715.21 
12715.34 
12715.47 
12715.60 
12715.73 
12715.86 
12715.98 
12716.11 
12716.24 
12716.37 
12716.50 
12716.62 
12716.75 
12716.88 
12717.01 
12717.13 
12717.26 
12717.39 
12717.52 
12717.65 
12717.77 
12717.90 
12718.03 
12718.15 
12718.28 
12718.41 
12718.54 
12718.66 
12718.78 
12718.91 
12719.04 
12719.17 
12719.29 
12719.41 
12719.53 
12719.66 
12719.79 
12719.91 
12720.04 
12720.17 
12720.30 
12720.42 
12720.55 
12720.68 
12720.81 
12720.94 
12721.07 
12721.20 
12721.32 
12721.45 
12721.58 
12721.71 
12721.83 
12721.98 
12722.11 
12722.24 
12722.37 
12722.49 
12722.62 
12722.75 
12722.88 
12723.01 
12723.13 
12723.26 
12723.39 
12723.52 
12723.65 
12723.78 
12723.91 
12724.03 
12724.16 
12724.29 
12724.41 
12724.54 
12724.67 
12724.80 
12724.93 
12725.05 
12725.18 
12725.31 
12725.43 
12725.56 
12725.69 
12725.82 
12725.95 
12726.07 
12726.20 
12726.32 
12726.45 
12726.58 
12726.70 
12726.83 
12726.96 
12727.08 
12727.21 
12727.34 
12727.47 
12727.59 
12727.72 
12727.85 
12727.97 
12728.09 
12728.22 
12728.34 
12728.47 
12728.60 
12728.73 
12728.86 
12728.98 
12729.13 
12729.25 
12729.39 
12729.52 
12729.66 
12729.79 
12729.91 
12730.04 
12730.16 
12730.29 
12730.42 
12730.54 
12730.67 
12730.80 
12730.93 
12731.06 
12731.19 
12731.31 
12731.44 
12731.57 
12731.70 
12731.82 
12731.95 
12732.08 
12732.21 
12732.34 
12732.46 
12732.59 
12732.72 
12732.85 
12732.98 
12733.10 
12733.23 
12733.36 
12733.49 
12733.61 
12733.74 
12733.87 
12734.00 
12734.13 
12734.26 
12734.40 
12734.53 
12734.65 
12734.78 
12734.90 
12735.02 
12735.13 
12735.26 
12735.39 
12735.52 
12735.65 
12735.78 
12735.90 
12736.04 
12736.17 
12736.30 
12736.42 
12736.55 
12736.68 
12736.81 
12736.94 
12737.07 
12737.20 
12737.32 
12737.45 
12737.57 
12737.70 
12737.83 
12737.96 
12738.09 
12738.21 
12738.34 
12738.47 
12738.60 
12738.73 
12738.85 
12738.98 
12739.11 
12739.24 
12739.37 
12739.50 
12739.63 
12739.76 
12739.89 
12740.01 
12740.14 
12740.27 
12740.40 
12740.53 
12740.65 
12740.78 
12740.90 
12741.02 
12741.15 
12741.28 
12741.41 
12741.54 
12741.66 
12741.79 
12741.92 
12742.05 
12742.18 
12742.30 
12742.43 
12742.56 
12742.69 
12742.81 
12742.94 
12743.07 
12743.20 
12743.33 
12743.46 
12743.58 
12743.71 
12743.84 
12743.97 
12744.10 
12744.22 
12744.35 
12744.48 
12744.62 
12744.74 
12744.87 
12745.00 
12745.13 
12745.26 
12745.39 
12745.51 
12745.65 
12745.79 
12745.91 
12746.04 
12746.17 
12746.30 
12746.43 
12746.55 
12746.68 
12746.81 
12746.94 
12747.07 
12747.19 
12747.32 
12747.45 
12747.57 
12747.70 
12747.82 
12747.95 
12748.08 
12748.20 
12748.33 
12748.46 
12748.58 
12748.71 
12748.84 
12748.97 
12749.10 
12749.23 
12749.35 
12749.48 
12749.61 
12749.75 
12749.88 
12750.01 
12750.13 
12750.26 
12750.37 
12750.50 
12750.63 
12750.75 
12750.88 
12751.01 
12751.14 
12751.26 
12751.39 
12751.52 
12751.65 
12751.78 
12751.91 
12752.03 
12752.16 
12752.29 
12752.42 
12752.54 
12752.67 
12752.80 
12752.91 
12753.04 
12753.17 
12753.30 
12753.42 
12753.55 
12753.68 
12753.81 
12753.94 
12754.06 
12754.21 
12754.33 
12754.46 
12754.59 
12754.72 
12754.84 
12754.97 
12755.09 
12755.22 
12755.35 
12755.47 
12755.60 
12755.73 
12755.85 
12755.98 
12756.11 
12756.24 
12756.36 
12756.49 
12756.62 
12756.75 
12756.87 
12757.00 
12757.13 
12757.26 
12757.39 
12757.52 
12757.65 
12757.78 
12757.90 
12758.03 
12758.16 
12758.28 
12758.41 
12758.54 
12758.67 
12758.80 
12758.93 
12759.06 
12759.18 
12759.31 
12759.44 
12759.57 
12759.70 
12759.82 
12759.95 
12760.08 
12760.20 
12760.33 
12760.46 
12760.59 
12760.72 
12760.85 
12760.98 
12761.11 
12761.23 
12761.36 
12761.49 
12761.62 
12761.74 
12761.87 
12762.00 
12762.12 
12762.25 
12762.38 
12762.51 
12762.63 
12762.76 
12762.89 
12763.02 
12763.14 
12763.27 
12763.40 
12763.53 
12763.66 
12763.79 
12763.92 
12764.04 
12764.17 
12764.30 
12764.43 
12764.55 
12764.68 
12764.81 
12764.93 
12765.06 
12765.19 
12765.31 
12765.44 
12765.57 
12765.69 
12765.81 
12765.92 
12766.03 
12766.16 
12766.29 
12766.41 
12766.54 
12766.67 
12766.80 
12766.93 
12767.06 
12767.18 
12767.31 
12767.44 
12767.56 
12767.69 
12767.83 
12767.95 
12768.07 
12768.19 
12768.32 
12768.44 
12768.57 
12768.69 
12768.82 
12768.95 
12769.08 
12769.21 
12769.33 
12769.46 
12769.59 
12769.72 
12769.84 
12769.98 
12770.11 
12770.24 
12770.37 
12770.49 
12770.62 
12770.75 
12770.88 
12771.02 
12771.14 
12771.27 
12771.40 
12771.53 
12771.65 
12771.78 
12771.91 
12772.04 
12772.17 
12772.30 
12772.43 
12772.55 
12772.68 
12772.81 
12772.93 
12773.06 
12773.21 
12773.34 
12773.46 
12773.59 
12773.72 
12773.85 
12773.98 
12774.10 
12774.23 
12774.36 
12774.49 
12774.61 
12774.74 
12774.87 
12775.00 
12775.13 
12775.26 
12775.39 
12775.51 
12775.64 
12775.77 
12775.90 
12776.03 
12776.15 
12776.28 
12776.41 
12776.54 
12776.67 
12776.79 
12776.92 
12777.05 
12777.18 
12777.31 
12777.44 
12777.56 
12777.69 
12777.82 
12777.95 
12778.08 
12778.20 
12778.33 
12778.46 
12778.58 
12778.71 
12778.84 
12778.97 
12779.09 
12779.22 
12779.35 
12779.48 
12779.61 
12779.74 
12779.87 
12779.99 
12780.12 
12780.25 
12780.38 
12780.51 
12780.64 
12780.77 
12780.89 
12781.02 
12781.15 
12781.27 
12781.39 
12781.51 
12781.65 
12781.78 
12781.90 
12782.02 
12782.16 
12782.28 
12782.40 
12782.53 
12782.65 
12782.77 
12782.89 
12783.02 
12783.14 
12783.26 
12783.37 
12783.50 
12783.62 
12783.74 
12783.86 
12783.99 
12784.12 
12784.25 
12784.39 
12784.52 
12784.65 
12784.78 
12784.92 
12785.04 
12785.16 
12785.29 
12785.42 
12785.55 
12785.68 
12785.81 
12785.94 
12786.06 
12786.19 
12786.32 
12786.44 
12786.57 
12786.70 
12786.84 
12786.96 
12787.09 
12787.21 
12787.34 
12787.47 
12787.60 
12787.73 
12787.85 
12787.98 
12788.11 
12788.24 
12788.37 
12788.50 
12788.62 
12788.75 
12788.88 
12789.01 
12789.13 
12789.25 
12789.38 
12789.51 
12789.63 
12789.76 
12789.89 
12790.01 
12790.14 
12790.26 
12790.39 
12790.52 
12790.67 
12790.80 
12790.92 
12791.05 
12791.18 
12791.31 
12791.43 
12791.56 
12791.69 
12791.82 
12791.95 
12792.07 
12792.20 
12792.33 
12792.46 
12792.59 
12792.72 
12792.85 
12792.97 
12793.11 
12793.24 
12793.36 
12793.49 
12793.61 
12793.74 
12793.87 
12793.99 
12794.12 
12794.25 
12794.38 
12794.51 
12794.64 
12794.76 
12794.89 
12795.02 
12795.14 
12795.27 
12795.40 
12795.52 
12795.65 
12795.78 
12795.92 
12796.04 
12796.17 
12796.30 
12796.43 
12796.55 
12796.68 
12796.80 
12796.92 
12797.04 
12797.17 
12797.30 
12797.42 
12797.55 
12797.68 
12797.81 
12797.94 
12798.06 
12798.19 
12798.32 
12798.45 
12798.57 
12798.70 
12798.83 
12798.96 
12799.09 
12799.21 
12799.34 
12799.47 
12799.60 
12799.72 
12799.85 
12799.98 
12800.11 
12800.24 
12800.37 
12800.50 
12800.64 
12800.77 
12800.90 
12801.02 
12801.14 
12801.27 
12801.39 
12801.52 
12801.65 
12801.78 
12801.90 
12802.03 
12802.16 
12802.28 
12802.41 
12802.54 
12802.67 
12802.80 
12802.92 
12803.05 
12803.18 
12803.30 
12803.43 
12803.56 
12803.69 
12803.83 
12803.96 
12804.09 
12804.22 
12804.34 
12804.47 
12804.60 
12804.73 
12804.86 
12804.98 
12805.11 
12805.24 
12805.36 
12805.49 
12805.61 
12805.74 
12805.87 
12806.00 
12806.12 
12806.25 
12806.38 
12806.50 
12806.63 
12806.76 
12806.89 
12807.02 
12807.15 
12807.27 
12807.42 
12807.54 
12807.67 
12807.80 
12807.92 
12808.05 
12808.18 
12808.31 
12808.44 
12808.56 
12808.69 
12808.83 
12808.96 
12809.10 
12809.23 
12809.35 
12809.48 
12809.61 
12809.74 
12809.87 
12810.00 
12810.13 
12810.26 
12810.38 
12810.51 
12810.64 
12810.77 
12810.90 
12811.02 
12811.15 
12811.28 
12811.41 
12811.54 
12811.66 
12811.79 
12811.92 
12812.05 
12812.17 
12812.30 
12812.42 
12812.54 
12812.67 
12812.80 
12812.93 
12813.05 
12813.17 
12813.30 
12813.42 
12813.54 
12813.67 
12813.80 
12813.93 
12814.05 
12814.18 
12814.30 
12814.43 
12814.56 
12814.69 
12814.81 
12814.94 
12815.06 
12815.20 
12815.32 
12815.45 
12815.58 
12815.71 
12815.84 
12815.97 
12816.11 
12816.25 
12816.39 
12816.52 
12816.65 
12816.78 
12816.91 
12817.03 
12817.16 
12817.29 
12817.42 
12817.54 
12817.67 
12817.80 
12817.93 
12818.06 
12818.18 
12818.31 
12818.44 
12818.57 
12818.70 
12818.83 
12818.96 
12819.08 
12819.22 
12819.35 
12819.47 
12819.60 
12819.73 
12819.85 
12819.98 
12820.11 
12820.24 
12820.37 
12820.50 
12820.62 
12820.75 
12820.88 
12821.01 
12821.14 
12821.26 
12821.39 
12821.52 
12821.65 
12821.78 
12821.91 
12822.03 
12822.16 
12822.29 
12822.42 
12822.54 
12822.67 
12822.80 
12822.93 
12823.06 
12823.18 
12823.31 
12823.44 
12823.57 
12823.69 
12823.82 
12823.95 
12824.07 
12824.20 
12824.33 
12824.46 
12824.59 
12824.72 
12824.84 
12824.97 
12825.10 
12825.22 
12825.35 
12825.48 
12825.61 
12825.74 
12825.86 
12825.99 
12826.12 
12826.25 
12826.38 
12826.52 
12826.65 
12826.77 
12826.92 
12827.05 
12827.17 
12827.30 
12827.42 
12827.55 
12827.69 
12827.81 
12827.92 
12828.04 
12828.17 
12828.30 
12828.43 
12828.56 
12828.69 
12828.81 
12828.94 
12829.07 
12829.20 
12829.33 
12829.45 
12829.58 
12829.71 
12829.84 
12829.97 
12830.09 
12830.22 
12830.35 
12830.48 
12830.61 
12830.74 
12830.86 
12830.99 
12831.11 
12831.23 
12831.35 
12831.48 
12831.60 
12831.73 
12831.86 
12831.98 
12832.11 
12832.24 
12832.37 
12832.49 
12832.62 
12832.75 
12832.88 
12833.01 
12833.14 
12833.26 
12833.39 
12833.52 
12833.65 
12833.78 
12833.91 
12834.03 
12834.16 
12834.29 
12834.42 
12834.55 
12834.68 
12834.81 
12834.94 
12835.06 
12835.19 
12835.32 
12835.45 
12835.57 
12835.70 
12835.83 
12835.95 
12836.08 
12836.21 
12836.34 
12836.47 
12836.59 
12836.72 
12836.85 
12836.98 
12837.11 
12837.23 
12837.36 
12837.49 
12837.62 
12837.74 
12837.87 
12838.00 
12838.13 
12838.25 
12838.38 
12838.51 
12838.63 
12838.76 
12838.89 
12839.02 
12839.16 
12839.28 
12839.41 
12839.54 
12839.67 
12839.79 
12839.92 
12840.05 
12840.18 
12840.30 
12840.43 
12840.56 
12840.69 
12840.81 
12840.94 
12841.07 
12841.20 
12841.33 
12841.46 
12841.59 
12841.71 
12841.84 
12841.97 
12842.10 
12842.22 
12842.35 
12842.48 
12842.60 
12842.73 
12842.86 
12842.99 
12843.11 
12843.23 
12843.34 
12843.46 
12843.59 
12843.72 
12843.85 
12843.98 
12844.11 
12844.23 
12844.36 
12844.49 
12844.62 
12844.75 
12844.87 
12845.00 
12845.13 
12845.25 
12845.38 
12845.51 
12845.63 
12845.76 
12845.89 
12846.01 
12846.14 
12846.26 
12846.39 
12846.51 
12846.64 
12846.77 
12846.90 
12847.02 
12847.15 
12847.28 
12847.41 
12847.53 
12847.66 
12847.79 
12847.92 
12848.05 
12848.18 
12848.31 
12848.44 
12848.56 
12848.69 
12848.82 
12848.94 
12849.07 
12849.20 
12849.32 
12849.45 
12849.58 
12849.71 
12849.83 
12849.96 
12850.08 
12850.21 
12850.33 
12850.46 
12850.59 
12850.72 
12850.85 
12850.98 
12851.11 
12851.23 
12851.36 
12851.49 
12851.62 
12851.74 
12851.87 
12852.00 
12852.13 
12852.26 
12852.38 
12852.51 
12852.64 
12852.77 
12852.90 
12853.02 
12853.15 
12853.28 
12853.41 
12853.53 
12853.66 
12853.78 
12853.91 
12854.04 
12854.17 
12854.30 
12854.43 
12854.55 
12854.68 
12854.81 
12854.94 
12855.06 
12855.18 
12855.31 
12855.44 
12855.56 
12855.71 
12855.83 
12855.96 
12856.09 
12856.22 
12856.35 
12856.47 
12856.60 
12856.73 
12856.86 
12856.98 
12857.11 
12857.24 
12857.37 
12857.49 
12857.62 
12857.75 
12857.87 
12858.00 
12858.13 
12858.26 
12858.38 
12858.51 
12858.63 
12858.76 
12858.88 
12859.01 
12859.14 
12859.26 
12859.39 
12859.52 
12859.64 
12859.77 
12859.90 
12860.03 
12860.15 
12860.28 
12860.41 
12860.54 
12860.67 
12860.79 
12860.92 
12861.05 
12861.17 
12861.30 
12861.43 
12861.56 
12861.69 
12861.82 
12861.95 
12862.08 
12862.20 
12862.33 
12862.46 
12862.59 
12862.71 
12862.84 
12862.97 
12863.10 
12863.23 
12863.35 
12863.48 
12863.61 
12863.73 
12863.87 
12864.00 
12864.12 
12864.25 
12864.37 
12864.51 
12864.63 
12864.78 
12864.91 
12865.03 
12865.16 
12865.29 
12865.42 
12865.55 
12865.67 
12865.80 
12865.93 
12866.06 
12866.18 
12866.31 
12866.44 
12866.57 
12866.70 
12866.83 
12866.95 
12867.08 
12867.21 
12867.33 
12867.46 
12867.59 
12867.72 
12867.84 
12867.99 
12868.12 
12868.24 
12868.37 
12868.49 
12868.61 
12868.74 
12868.87 
12869.00 
12869.13 
12869.26 
12869.38 
12869.51 
12869.64 
12869.77 
12869.90 
12870.03 
12870.16 
12870.29 
12870.41 
12870.54 
12870.67 
12870.80 
12870.93 
12871.06 
12871.18 
12871.31 
12871.44 
12871.57 
12871.69 
12871.82 
12871.95 
12872.08 
12872.21 
12872.33 
12872.46 
12872.58 
12872.71 
12872.84 
12872.97 
12873.10 
12873.23 
12873.35 
12873.48 
12873.61 
12873.74 
12873.87 
12873.99 
12874.13 
12874.25 
12874.38 
12874.51 
12874.64 
12874.77 
12874.89 
12875.02 
12875.14 
12875.27 
12875.40 
12875.53 
12875.66 
12875.79 
12875.92 
12876.04 
12876.17 
12876.30 
12876.43 
12876.55 
12876.68 
12876.81 
12876.94 
12877.07 
12877.20 
12877.33 
12877.45 
12877.58 
12877.71 
12877.83 
12877.96 
12878.09 
12878.22 
12878.35 
12878.48 
12878.60 
12878.73 
12878.86 
12878.98 
12879.11 
12879.25 
12879.38 
12879.51 
12879.63 
12879.76 
12879.89 
12880.01 
12880.14 
12880.27 
12880.40 
12880.53 
12880.66 
12880.78 
12880.91 
12881.04 
12881.17 
12881.30 
12881.42 
12881.55 
12881.68 
12881.81 
12881.93 
12882.06 
12882.19 
12882.32 
12882.45 
12882.58 
12882.71 
12882.83 
12882.96 
12883.09 
12883.22 
12883.34 
12883.47 
12883.60 
12883.72 
12883.85 
12883.98 
12884.10 
12884.23 
12884.36 
12884.49 
12884.62 
12884.75 
12884.87 
12885.00 
12885.12 
12885.25 
12885.37 
12885.50 
12885.63 
12885.75 
12885.88 
12886.01 
12886.14 
12886.27 
12886.40 
12886.52 
12886.65 
12886.78 
12886.91 
12887.04 
12887.17 
12887.29 
12887.42 
12887.55 
12887.68 
12887.81 
12887.93 
12888.06 
12888.19 
12888.32 
12888.45 
12888.57 
12888.70 
12888.83 
12888.96 
12889.09 
12889.21 
12889.36 
12889.49 
12889.61 
12889.73 
12889.84 
12889.97 
12890.10 
12890.22 
12890.35 
12890.48 
12890.61 
12890.74 
12890.86 
12890.99 
12891.12 
12891.24 
12891.37 
12891.49 
12891.62 
12891.75 
12891.88 
12892.01 
12892.14 
12892.27 
12892.39 
12892.52 
12892.65 
12892.78 
12892.91 
12893.04 
12893.17 
12893.30 
12893.42 
12893.55 
12893.68 
12893.81 
12893.94 
12894.07 
12894.19 
12894.32 
12894.44 
12894.57 
12894.70 
12894.83 
12894.96 
12895.09 
12895.21 
12895.34 
12895.47 
12895.60 
12895.73 
12895.86 
12895.98 
12896.11 
12896.24 
12896.37 
12896.51 
12896.64 
12896.77 
12896.90 
12897.02 
12897.15 
12897.28 
12897.41 
12897.53 
12897.66 
12897.79 
12897.91 
12898.04 
12898.17 
12898.31 
12898.43 
12898.56 
12898.69 
12898.81 
12898.94 
12899.07 
12899.19 
12899.32 
12899.44 
12899.57 
12899.70 
12899.83 
12899.96 
12900.09 
12900.22 
12900.35 
12900.47 
12900.59 
12900.72 
12900.85 
12900.97 
12901.10 
12901.23 
12901.35 
12901.48 
12901.61 
12901.74 
12901.87 
12902.00 
12902.12 
12902.24 
12902.37 
12902.50 
12902.63 
12902.78 
12902.90 
12903.03 
12903.17 
12903.30 
12903.42 
12903.55 
12903.68 
12903.81 
12903.94 
12904.06 
12904.19 
12904.32 
12904.44 
12904.57 
12904.70 
12904.82 
12904.95 
12905.08 
12905.22 
12905.33 
12905.46 
12905.59 
12905.72 
12905.85 
12905.98 
12906.11 
12906.24 
12906.36 
12906.50 
12906.62 
12906.75 
12906.88 
12907.01 
12907.14 
12907.27 
12907.39 
12907.52 
12907.65 
12907.78 
12907.91 
12908.03 
12908.16 
12908.29 
12908.42 
12908.55 
12908.67 
12908.80 
12908.93 
12909.06 
12909.18 
12909.31 
12909.43 
12909.56 
12909.69 
12909.81 
12909.94 
12910.06 
12910.19 
12910.32 
12910.45 
12910.58 
12910.70 
12910.83 
12910.96 
12911.09 
12911.21 
12911.34 
12911.47 
12911.60 
12911.73 
12911.85 
12911.98 
12912.11 
12912.24 
12912.37 
12912.50 
12912.62 
12912.75 
12912.88 
12913.01 
12913.13 
12913.26 
12913.39 
12913.52 
12913.64 
12913.79 
12913.92 
12914.05 
12914.17 
12914.30 
12914.43 
12914.56 
12914.69 
12914.81 
12914.94 
12915.06 
12915.19 
12915.32 
12915.45 
12915.58 
12915.70 
12915.83 
12915.96 
12916.08 
12916.22 
12916.35 
12916.48 
12916.60 
12916.73 
12916.86 
12916.99 
12917.12 
12917.25 
12917.38 
12917.51 
12917.63 
12917.76 
12917.89 
12918.01 
12918.14 
12918.27 
12918.40 
12918.52 
12918.65 
12918.78 
12918.91 
12919.03 
12919.16 
12919.29 
12919.42 
12919.55 
12919.67 
12919.80 
12919.93 
12920.06 
12920.19 
12920.31 
12920.44 
12920.56 
12920.68 
12920.80 
12920.92 
12921.05 
12921.18 
12921.31 
12921.43 
12921.56 
12921.69 
12921.82 
12921.94 
12922.07 
12922.20 
12922.33 
12922.46 
12922.59 
12922.71 
12922.84 
12922.99 
12923.12 
12923.24 
12923.37 
12923.49 
12923.62 
12923.75 
12923.88 
12924.00 
12924.13 
12924.25 
12924.38 
12924.51 
12924.64 
12924.76 
12924.89 
12925.01 
12925.14 
12925.27 
12925.40 
12925.52 
12925.65 
12925.77 
12925.90 
12926.02 
12926.15 
12926.28 
12926.41 
12926.54 
12926.67 
12926.80 
12926.92 
12927.05 
12927.18 
12927.32 
12927.45 
12927.58 
12927.70 
12927.83 
12927.97 
12928.10 
12928.23 
12928.36 
12928.51 
12928.63 
12928.76 
12928.89 
12929.01 
12929.14 
12929.26 
12929.39 
12929.52 
12929.65 
12929.78 
12929.90 
12930.04 
12930.17 
12930.30 
12930.43 
12930.55 
12930.68 
12930.81 
12930.94 
12931.07 
12931.19 
12931.32 
12931.45 
12931.58 
12931.71 
12931.84 
12931.96 
12932.09 
12932.22 
12932.34 
12932.47 
12932.60 
12932.73 
12932.85 
12932.99 
12933.11 
12933.24 
12933.37 
12933.50 
12933.63 
12933.75 
12933.88 
12934.01 
12934.14 
12934.27 
12934.39 
12934.52 
12934.65 
12934.78 
12934.90 
12935.03 
12935.16 
12935.28 
12935.41 
12935.53 
12935.66 
12935.79 
12935.90 
12936.03 
12936.15 
12936.28 
12936.40 
12936.53 
12936.66 
12936.78 
12936.91 
12937.04 
12937.17 
12937.30 
12937.43 
12937.56 
12937.69 
12937.83 
12937.96 
12938.08 
12938.21 
12938.34 
12938.47 
12938.60 
12938.73 
12938.86 
12938.98 
12939.11 
12939.23 
12939.36 
12939.47 
12939.60 
12939.73 
12939.86 
12939.99 
12940.11 
12940.24 
12940.37 
12940.50 
12940.62 
12940.75 
12940.88 
12941.01 
12941.13 
12941.26 
12941.39 
12941.52 
12941.65 
12941.78 
12941.91 
12942.03 
12942.16 
12942.29 
12942.41 
12942.54 
12942.67 
12942.80 
12942.93 
12943.06 
12943.19 
12943.31 
12943.44 
12943.57 
12943.70 
12943.83 
12943.96 
12944.09 
12944.22 
12944.35 
12944.47 
12944.60 
12944.73 
12944.86 
12944.99 
12945.12 
12945.24 
12945.37 
12945.50 
12945.65 
12945.78 
12945.91 
12946.03 
12946.16 
12946.29 
12946.41 
12946.54 
12946.67 
12946.80 
12946.93 
12947.06 
12947.18 
12947.31 
12947.45 
12947.58 
12947.71 
12947.83 
12947.96 
12948.08 
12948.21 
12948.34 
12948.47 
12948.60 
12948.73 
12948.87 
12949.01 
12949.13 
12949.26 
12949.39 
12949.52 
12949.64 
12949.77 
12949.90 
12950.03 
12950.15 
12950.28 
12950.41 
12950.54 
12950.66 
12950.80 
12950.92 
12951.05 
12951.18 
12951.30 
12951.43 
12951.55 
12951.67 
12951.79 
12951.92 
12952.04 
12952.17 
12952.30 
12952.42 
12952.55 
12952.68 
12952.81 
12952.94 
12953.07 
12953.19 
12953.32 
12953.45 
12953.58 
12953.71 
12953.84 
12953.96 
12954.09 
12954.22 
12954.34 
12954.47 
12954.60 
12954.73 
12954.86 
12954.98 
12955.11 
12955.24 
12955.36 
12955.49 
12955.61 
12955.74 
12955.87 
12956.00 
12956.12 
12956.25 
12956.38 
12956.52 
12956.64 
12956.77 
12956.90 
12957.02 
12957.15 
12957.28 
12957.41 
12957.52 
12957.65 
12957.78 
12957.91 
12958.03 
12958.16 
12958.29 
12958.41 
12958.54 
12958.67 
12958.80 
12958.93 
12959.06 
12959.18 
12959.31 
12959.44 
12959.57 
12959.69 
12959.82 
12959.95 
12960.07 
12960.20 
12960.33 
12960.46 
12960.59 
12960.71 
12960.84 
12960.97 
12961.10 
12961.22 
12961.35 
12961.47 
12961.60 
12961.73 
12961.86 
12961.98 
12962.11 
12962.24 
12962.37 
12962.49 
12962.62 
12962.75 
12962.88 
12963.01 
12963.13 
12963.26 
12963.39 
12963.52 
12963.64 
12963.79 
12963.91 
12964.03 
12964.15 
12964.28 
12964.41 
12964.54 
12964.66 
12964.81 
12964.94 
12965.06 
12965.19 
12965.32 
12965.44 
12965.57 
12965.71 
12965.84 
12965.98 
12966.11 
12966.24 
12966.37 
12966.50 
12966.62 
12966.75 
12966.88 
12967.02 
12967.14 
12967.26 
12967.39 
12967.51 
12967.66 
12967.78 
12967.90 
12968.03 
12968.16 
12968.29 
12968.41 
12968.54 
12968.67 
12968.80 
12968.92 
12969.05 
12969.18 
12969.32 
12969.45 
12969.58 
12969.71 
12969.84 
12969.97 
12970.09 
12970.22 
12970.35 
12970.47 
12970.60 
12970.73 
12970.86 
12970.99 
12971.12 
12971.25 
12971.38 
12971.51 
12971.63 
12971.76 
12971.89 
12972.02 
12972.14 
12972.27 
12972.40 
12972.53 
12972.65 
12972.78 
12972.91 
12973.04 
12973.17 
12973.29 
12973.42 
12973.55 
12973.68 
12973.81 
12973.93 
12974.06 
12974.19 
12974.32 
12974.45 
12974.58 
12974.71 
12974.83 
12974.96 
12975.09 
12975.21 
12975.34 
12975.47 
12975.60 
12975.72 
12975.85 
12975.98 
12976.10 
12976.23 
12976.36 
12976.49 
12976.62 
12976.75 
12976.88 
12977.01 
12977.14 
12977.26 
12977.39 
12977.52 
12977.65 
12977.78 
12977.90 
12978.03 
12978.16 
12978.28 
12978.41 
12978.54 
12978.67 
12978.79 
12978.92 
12979.05 
12979.18 
12979.31 
12979.44 
12979.56 
12979.69 
12979.82 
12979.95 
12980.07 
12980.20 
12980.33 
12980.46 
12980.58 
12980.71 
12980.84 
12980.97 
12981.10 
12981.22 
12981.35 
12981.48 
12981.61 
12981.73 
12981.86 
12981.99 
12982.11 
12982.24 
12982.37 
12982.50 
12982.62 
12982.74 
12982.87 
12983.00 
12983.13 
12983.26 
12983.39 
12983.52 
12983.64 
12983.77 
12983.90 
12984.03 
12984.16 
12984.29 
12984.41 
12984.54 
12984.67 
12984.80 
12984.92 
12985.05 
12985.17 
12985.30 
12985.45 
12985.58 
12985.71 
12985.84 
12985.96 
12986.09 
12986.22 
12986.35 
12986.47 
12986.60 
12986.73 
12986.85 
12986.98 
12987.11 
12987.24 
12987.36 
12987.49 
12987.60 
12987.73 
12987.86 
12987.99 
12988.12 
12988.25 
12988.38 
12988.51 
12988.64 
12988.76 
12988.89 
12989.02 
12989.15 
12989.27 
12989.40 
12989.53 
12989.66 
12989.78 
12989.91 
12990.04 
12990.17 
12990.30 
12990.43 
12990.55 
12990.68 
12990.81 
12990.94 
12991.07 
12991.20 
12991.33 
12991.46 
12991.58 
12991.71 
12991.84 
12991.97 
12992.10 
12992.22 
12992.35 
12992.48 
12992.61 
12992.74 
12992.86 
12992.99 
12993.12 
12993.25 
12993.38 
12993.51 
12993.63 
12993.76 
12993.89 
12994.01 
12994.14 
12994.27 
12994.40 
12994.52 
12994.65 
12994.78 
12994.91 
12995.03 
12995.16 
12995.29 
12995.42 
12995.55 
12995.68 
12995.80 
12995.93 
12996.06 
12996.19 
12996.32 
12996.44 
12996.57 
12996.70 
12996.83 
12996.96 
12997.08 
12997.21 
12997.34 
12997.48 
12997.61 
12997.74 
12997.86 
12997.98 
12998.11 
12998.23 
12998.36 
12998.48 
12998.61 
12998.74 
12998.86 
12998.99 
12999.12 
12999.25 
12999.38 
12999.50 
12999.63 
12999.76 
12999.89 
13000.02 
13000.14 
13000.27 
13000.40 
13000.53 
13000.65 
13000.78 
13000.91 
13001.04 
13001.17 
13001.30 
13001.42 
13001.55 
13001.68 
13001.81 
13001.94 
13002.07 
13002.19 
13002.32 
13002.45 
13002.57 
13002.70 
13002.83 
13002.96 
13003.08 
13003.21 
13003.34 
13003.47 
13003.59 
13003.72 
13003.85 
13003.98 
13004.11 
13004.24 
13004.36 
13004.49 
13004.62 
13004.75 
13004.87 
13005.00 
13005.12 
13005.25 
13005.37 
13005.52 
13005.64 
13005.77 
13005.90 
13006.03 
13006.15 
13006.28 
13006.41 
13006.53 
13006.66 
13006.79 
13006.92 
13007.05 
13007.18 
13007.30 
13007.43 
13007.56 
13007.69 
13007.82 
13007.94 
13008.08 
13008.20 
13008.33 
13008.46 
13008.59 
13008.71 
13008.84 
13008.97 
13009.10 
13009.23 
13009.35 
13009.48 
13009.61 
13009.74 
13009.87 
13010.00 
13010.12 
13010.25 
13010.38 
13010.49 
13010.61 
13010.72 
13010.84 
13010.96 
13011.09 
13011.21 
13011.33 
13011.48 
13011.61 
13011.75 
13011.87 
13011.99 
13012.11 
13012.23 
13012.35 
13012.46 
13012.58 
13012.70 
13012.82 
13012.94 
13013.06 
13013.18 
13013.29 
13013.41 
13013.53 
13013.65 
13013.77 
13013.89 
13014.01 
13014.13 
13014.25 
13014.37 
13014.49 
13014.61 
13014.74 
13014.86 
13014.98 
13015.10 
13015.23 
13015.35 
13015.47 
13015.59 
13015.71 
13015.83 
13015.96 
13016.08 
13016.21 
13016.33 
13016.45 
13016.58 
13016.70 
13016.81 
13016.93 
13017.05 
13017.17 
13017.29 
13017.41 
13017.52 
13017.64 
13017.76 
13017.88 
13018.00 
13018.12 
13018.24 
13018.36 
13018.48 
13018.59 
13018.71 
13018.83 
13018.95 
13019.07 
13019.19 
13019.31 
13019.43 
13019.54 
13019.66 
13019.78 
13019.90 
13020.01 
13020.13 
13020.25 
13020.37 
13020.49 
13020.61 
13020.73 
13020.85 
13020.97 
13021.09 
13021.22 
13021.35 
13021.49 
13021.61 
13021.73 
13021.86 
13021.99 
13022.12 
13022.24 
13022.37 
13022.51 
13022.64 
13022.77 
13022.90 
13023.04 
13023.17 
13023.30 
13023.43 
13023.57 
13023.69 
13023.81 
13023.94 
13024.07 
13024.21 
13024.35 
13024.47 
13024.60 
13024.72 
13024.85 
13024.98 
13025.11 
13025.24 
13025.37 
13025.50 
13025.64 
13025.77 
13025.89 
13026.02 
13026.14 
13026.28 
13026.41 
13026.54 
13026.68 
13026.82 
13026.95 
13027.08 
13027.21 
13027.35 
13027.48 
13027.62 
13027.75 
13027.88 
13028.01 
13028.15 
13028.28 
13028.40 
13028.52 
13028.65 
13028.77 
13028.92 
13029.06 
13029.19 
13029.33 
13029.46 
13029.60 
13029.73 
13029.87 
13029.99 
13030.12 
13030.24 
13030.37 
13030.50 
13030.63 
13030.77 
13030.90 
13031.03 
13031.16 
13031.29 
13031.41 
13031.54 
13031.68 
13031.80 
13031.92 
13032.04 
13032.18 
13032.31 
13032.44 
13032.57 
13032.69 
13032.82 
13032.95 
13033.07 
13033.20 
13033.33 
13033.46 
13033.58 
13033.72 
13033.84 
13033.97 
13034.10 
13034.22 
13034.36 
13034.49 
13034.61 
13034.74 
13034.87 
13035.00 
13035.13 
13035.25 
13035.38 
13035.52 
13035.66 
13035.78 
13035.92 
13036.05 
13036.19 
13036.32 
13036.46 
13036.60 
13036.72 
13036.85 
13036.98 
13037.10 
13037.24 
13037.37 
13037.51 
13037.64 
13037.77 
13037.89 
13038.03 
13038.16 
13038.30 
13038.44 
13038.57 
13038.69 
13038.82 
13038.96 
13039.09 
13039.22 
13039.36 
13039.49 
13039.62 
13039.75 
13039.89 
13040.02 
13040.15 
13040.28 
13040.41 
13040.54 
13040.68 
13040.82 
13040.95 
13041.09 
13041.22 
13041.35 
13041.47 
13041.58 
13041.71 
13041.84 
13041.96 
13042.09 
13042.21 
13042.33 
13042.47 
13042.60 
13042.72 
13042.83 
13042.96 
13043.09 
13043.22 
13043.35 
13043.47 
13043.60 
13043.72 
13043.85 
13043.98 
13044.11 
13044.23 
13044.36 
13044.49 
13044.61 
13044.73 
13044.86 
13045.00 
13045.13 
13045.26 
13045.38 
13045.51 
13045.64 
13045.77 
13045.90 
13046.03 
13046.15 
13046.28 
13046.42 
13046.55 
13046.68 
13046.81 
13046.93 
13047.06 
13047.19 
13047.31 
13047.44 
13047.57 
13047.70 
13047.82 
13047.95 
13048.08 
13048.21 
13048.34 
13048.47 
13048.59 
13048.72 
13048.85 
13048.98 
13049.10 
13049.23 
13049.36 
13049.48 
13049.61 
13049.73 
13049.85 
13049.98 
13050.11 
13050.24 
13050.37 
13050.50 
13050.62 
13050.75 
13050.88 
13051.01 
13051.14 
13051.26 
13051.39 
13051.52 
13051.65 
13051.78 
13051.91 
13052.03 
13052.16 
13052.29 
13052.43 
13052.56 
13052.69 
13052.82 
13052.95 
13053.08 
13053.21 
13053.34 
13053.47 
13053.60 
13053.73 
13053.85 
13053.98 
13054.11 
13054.24 
13054.37 
13054.50 
13054.62 
13054.75 
13054.89 
13055.02 
13055.15 
13055.27 
13055.40 
13055.53 
13055.66 
13055.78 
13055.91 
13056.04 
13056.16 
13056.29 
13056.42 
13056.55 
13056.68 
13056.81 
13056.94 
13057.07 
13057.20 
13057.32 
13057.45 
13057.58 
13057.71 
13057.83 
13057.96 
13058.09 
13058.21 
13058.34 
13058.47 
13058.59 
13058.72 
13058.83 
13058.96 
13059.09 
13059.21 
13059.34 
13059.47 
13059.60 
13059.73 
13059.86 
13059.99 
13060.11 
13060.26 
13060.39 
13060.51 
13060.64 
13060.77 
13060.90 
13061.02 
13061.15 
13061.28 
13061.41 
13061.54 
13061.66 
13061.79 
13061.92 
13062.04 
13062.17 
13062.30 
13062.43 
13062.56 
13062.68 
13062.81 
13062.94 
13063.07 
13063.20 
13063.33 
13063.46 
13063.59 
13063.71 
13063.84 
13063.97 
13064.10 
13064.22 
13064.35 
13064.48 
13064.61 
13064.74 
13064.86 
13064.99 
13065.12 
13065.25 
13065.39 
13065.52 
13065.65 
13065.77 
13065.90 
13066.03 
13066.16 
13066.29 
13066.42 
13066.55 
13066.68 
13066.81 
13066.94 
13067.07 
13067.20 
13067.32 
13067.45 
13067.57 
13067.70 
13067.83 
13067.95 
13068.08 
13068.21 
13068.34 
13068.47 
13068.59 
13068.72 
13068.85 
13068.98 
13069.10 
13069.23 
13069.36 
13069.49 
13069.63 
13069.76 
13069.89 
13070.01 
13070.14 
13070.27 
13070.39 
13070.52 
13070.65 
13070.78 
13070.91 
13071.03 
13071.15 
13071.28 
13071.40 
13071.53 
13071.66 
13071.79 
13071.92 
13072.04 
13072.17 
13072.30 
13072.43 
13072.56 
13072.68 
13072.81 
13072.94 
13073.07 
13073.19 
13073.32 
13073.45 
13073.58 
13073.71 
13073.83 
13073.96 
13074.09 
13074.22 
13074.34 
13074.46 
13074.59 
13074.72 
13074.84 
13074.97 
13075.10 
13075.22 
13075.35 
13075.48 
13075.61 
13075.74 
13075.86 
13075.99 
13076.12 
13076.25 
13076.38 
13076.50 
13076.63 
13076.76 
13076.89 
13077.02 
13077.15 
13077.28 
13077.41 
13077.54 
13077.66 
13077.79 
13077.92 
13078.05 
13078.18 
13078.30 
13078.43 
13078.56 
13078.69 
13078.81 
13078.94 
13079.07 
13079.20 
13079.33 
13079.45 
13079.58 
13079.70 
13079.82 
13079.95 
13080.08 
13080.21 
13080.33 
13080.46 
13080.59 
13080.72 
13080.84 
13080.97 
13081.10 
13081.23 
13081.36 
13081.49 
13081.62 
13081.74 
13081.87 
13082.00 
13082.12 
13082.24 
13082.37 
13082.49 
13082.62 
13082.75 
13082.88 
13083.01 
13083.13 
13083.26 
13083.39 
13083.52 
13083.64 
13083.77 
13083.90 
13084.03 
13084.15 
13084.28 
13084.41 
13084.54 
13084.67 
13084.79 
13084.92 
13085.04 
13085.17 
13085.30 
13085.44 
13085.57 
13085.70 
13085.82 
13085.95 
13086.08 
13086.20 
13086.33 
13086.45 
13086.58 
13086.71 
13086.84 
13086.96 
13087.09 
13087.22 
13087.34 
13087.47 
13087.60 
13087.73 
13087.86 
13087.99 
13088.11 
13088.24 
13088.37 
13088.49 
13088.62 
13088.77 
13088.89 
13089.02 
13089.15 
13089.28 
13089.41 
13089.54 
13089.66 
13089.78 
13089.90 
13090.02 
13090.14 
13090.27 
13090.40 
13090.53 
13090.66 
13090.78 
13090.91 
13091.04 
13091.17 
13091.30 
13091.42 
13091.55 
13091.68 
13091.81 
13091.94 
13092.06 
13092.19 
13092.31 
13092.44 
13092.56 
13092.69 
13092.82 
13092.95 
13093.07 
13093.20 
13093.33 
13093.46 
13093.58 
13093.71 
13093.84 
13093.96 
13094.09 
13094.22 
13094.35 
13094.47 
13094.60 
13094.73 
13094.85 
13094.98 
13095.11 
13095.24 
13095.37 
13095.50 
13095.62 
13095.77 
13095.89 
13096.02 
13096.15 
13096.28 
13096.41 
13096.55 
13096.68 
13096.81 
13096.93 
13097.06 
13097.18 
13097.31 
13097.44 
13097.58 
13097.71 
13097.83 
13097.96 
13098.09 
13098.22 
13098.35 
13098.47 
13098.61 
13098.73 
13098.86 
13098.99 
13099.12 
13099.25 
13099.38 
13099.52 
13099.64 
13099.77 
13099.90 
13100.03 
13100.15 
13100.28 
13100.40 
13100.53 
13100.68 
13100.81 
13100.94 
13101.09 
13101.21 
13101.34 
13101.47 
13101.60 
13101.73 
13101.85 
13101.98 
13102.11 
13102.24 
13102.37 
13102.49 
13102.62 
13102.75 
13102.87 
13103.00 
13103.13 
13103.26 
13103.39 
13103.52 
13103.64 
13103.77 
13103.90 
13104.03 
13104.16 
13104.29 
13104.41 
13104.54 
13104.67 
13104.80 
13104.93 
13105.05 
13105.18 
13105.30 
13105.43 
13105.55 
13105.68 
13105.81 
13105.94 
13106.06 
13106.19 
13106.32 
13106.45 
13106.57 
13106.70 
13106.83 
13106.96 
13107.08 
13107.21 
13107.34 
13107.47 
13107.59 
13107.72 
13107.84 
13107.97 
13108.10 
13108.22 
13108.35 
13108.48 
13108.61 
13108.73 
13108.86 
13108.99 
13109.12 
13109.25 
13109.37 
13109.50 
13109.62 
13109.75 
13109.88 
13110.01 
13110.13 
13110.26 
13110.39 
13110.52 
13110.64 
13110.77 
13110.89 
13111.02 
13111.15 
13111.28 
13111.41 
13111.54 
13111.66 
13111.79 
13111.92 
13112.05 
13112.18 
13112.30 
13112.43 
13112.56 
13112.69 
13112.82 
13112.94 
13113.07 
13113.20 
13113.33 
13113.45 
13113.58 
13113.71 
13113.84 
13113.97 
13114.10 
13114.22 
13114.35 
13114.48 
13114.61 
13114.74 
13114.86 
13114.99 
13115.11 
13115.24 
13115.37 
13115.50 
13115.63 
13115.76 
13115.88 
13116.01 
13116.14 
13116.27 
13116.40 
13116.52 
13116.65 
13116.78 
13116.91 
13117.04 
13117.16 
13117.29 
13117.42 
13117.55 
13117.68 
13117.80 
13117.93 
13118.06 
13118.19 
13118.32 
13118.44 
13118.57 
13118.70 
13118.83 
13118.95 
13119.08 
13119.21 
13119.34 
13119.47 
13119.60 
13119.72 
13119.85 
13119.98 
13120.11 
13120.24 
13120.36 
13120.49 
13120.62 
13120.74 
13120.86 
13120.98 
13121.11 
13121.24 
13121.38 
13121.51 
13121.64 
13121.76 
13121.89 
13122.02 
13122.14 
13122.27 
13122.40 
13122.52 
13122.65 
13122.78 
13122.90 
13123.03 
13123.16 
13123.29 
13123.41 
13123.54 
13123.70 
13123.82 
13123.95 
13124.08 
13124.21 
13124.34 
13124.46 
13124.59 
13124.72 
13124.87 
13124.99 
13125.12 
13125.25 
13125.37 
13125.50 
13125.62 
13125.75 
13125.88 
13126.01 
13126.13 
13126.26 
13126.39 
13126.52 
13126.65 
13126.78 
13126.91 
13127.03 
13127.16 
13127.29 
13127.42 
13127.57 
13127.70 
13127.82 
13127.95 
13128.08 
13128.21 
13128.33 
13128.47 
13128.59 
13128.72 
13128.85 
13128.98 
13129.10 
13129.23 
13129.36 
13129.49 
13129.62 
13129.74 
13129.87 
13130.00 
13130.13 
13130.25 
13130.38 
13130.51 
13130.64 
13130.77 
13130.90 
13131.02 
13131.15 
13131.28 
13131.41 
13131.54 
13131.66 
13131.79 
13131.92 
13132.06 
13132.19 
13132.32 
13132.45 
13132.57 
13132.70 
13132.83 
13132.95 
13133.08 
13133.21 
13133.34 
13133.46 
13133.59 
13133.72 
13133.86 
13133.99 
13134.12 
13134.25 
13134.38 
13134.51 
13134.64 
13134.77 
13134.89 
13135.02 
13135.14 
13135.27 
13135.40 
13135.53 
13135.66 
13135.79 
13135.92 
13136.04 
13136.17 
13136.29 
13136.40 
13136.51 
13136.64 
13136.77 
13136.90 
13137.02 
13137.15 
13137.28 
13137.41 
13137.53 
13137.66 
13137.79 
13137.92 
13138.05 
13138.17 
13138.30 
13138.43 
13138.56 
13138.69 
13138.81 
13138.94 
13139.07 
13139.20 
13139.32 
13139.45 
13139.58 
13139.70 
13139.83 
13139.96 
13140.08 
13140.21 
13140.33 
13140.46 
13140.59 
13140.71 
13140.84 
13140.98 
13141.11 
13141.24 
13141.37 
13141.50 
13141.63 
13141.75 
13141.88 
13142.01 
13142.14 
13142.26 
13142.39 
13142.52 
13142.64 
13142.78 
13142.90 
13143.03 
13143.16 
13143.29 
13143.42 
13143.55 
13143.67 
13143.80 
13143.92 
13144.05 
13144.18 
13144.32 
13144.45 
13144.57 
13144.70 
13144.83 
13144.96 
13145.08 
13145.21 
13145.34 
13145.47 
13145.60 
13145.73 
13145.86 
13145.98 
13146.11 
13146.24 
13146.37 
13146.49 
13146.61 
13146.74 
13146.87 
13147.00 
13147.13 
13147.26 
13147.38 
13147.51 
13147.64 
13147.79 
13147.92 
13148.04 
13148.17 
13148.30 
13148.43 
13148.55 
13148.68 
13148.81 
13148.94 
13149.07 
13149.20 
13149.33 
13149.46 
13149.58 
13149.71 
13149.84 
13149.97 
13150.10 
13150.22 
13150.35 
13150.48 
13150.61 
13150.73 
13150.87 
13150.99 
13151.12 
13151.25 
13151.38 
13151.51 
13151.63 
13151.76 
13151.88 
13152.01 
13152.13 
13152.26 
13152.39 
13152.52 
13152.65 
13152.78 
13152.92 
13153.04 
13153.17 
13153.30 
13153.42 
13153.55 
13153.68 
13153.81 
13153.94 
13154.07 
13154.19 
13154.32 
13154.45 
13154.58 
13154.71 
13154.83 
13154.96 
13155.08 
13155.22 
13155.35 
13155.47 
13155.60 
13155.73 
13155.85 
13155.99 
13156.12 
13156.24 
13156.38 
13156.51 
13156.64 
13156.76 
13156.89 
13157.02 
13157.15 
13157.28 
13157.40 
13157.53 
13157.66 
13157.78 
13157.91 
13158.04 
13158.17 
13158.30 
13158.43 
13158.56 
13158.68 
13158.81 
13158.94 
13159.07 
13159.20 
13159.33 
13159.46 
13159.59 
13159.71 
13159.84 
13159.97 
13160.10 
13160.22 
13160.35 
13160.48 
13160.61 
13160.74 
13160.86 
13160.99 
13161.12 
13161.25 
13161.38 
13161.50 
13161.63 
13161.77 
13161.90 
13162.03 
13162.15 
13162.28 
13162.41 
13162.53 
13162.66 
13162.79 
13162.92 
13163.05 
13163.18 
13163.33 
13163.45 
13163.59 
13163.71 
13163.84 
13163.97 
13164.10 
13164.22 
13164.35 
13164.48 
13164.61 
13164.73 
13164.86 
13164.99 
13165.11 
13165.24 
13165.36 
13165.50 
13165.63 
13165.75 
13165.88 
13166.01 
13166.14 
13166.27 
13166.39 
13166.52 
13166.65 
13166.78 
13166.91 
13167.03 
13167.16 
13167.28 
13167.40 
13167.52 
13167.65 
13167.78 
13167.90 
13168.03 
13168.15 
13168.28 
13168.41 
13168.54 
13168.67 
13168.80 
13168.92 
13169.05 
13169.18 
13169.31 
13169.44 
13169.57 
13169.69 
13169.82 
13169.95 
13170.08 
13170.21 
13170.33 
13170.46 
13170.59 
13170.72 
13170.85 
13170.98 
13171.11 
13171.23 
13171.36 
13171.49 
13171.62 
13171.74 
13171.89 
13172.02 
13172.14 
13172.27 
13172.40 
13172.53 
13172.65 
13172.78 
13172.91 
13173.04 
13173.16 
13173.29 
13173.42 
13173.55 
13173.68 
13173.80 
13173.92 
13174.04 
13174.16 
13174.29 
13174.42 
13174.55 
13174.68 
13174.81 
13174.94 
13175.07 
13175.20 
13175.32 
13175.45 
13175.58 
13175.71 
13175.84 
13175.97 
13176.10 
13176.22 
13176.35 
13176.48 
13176.61 
13176.73 
13176.86 
13176.99 
13177.12 
13177.25 
13177.38 
13177.51 
13177.63 
13177.76 
13177.89 
13178.01 
13178.14 
13178.27 
13178.40 
13178.53 
13178.66 
13178.79 
13178.91 
13179.04 
13179.17 
13179.30 
13179.42 
13179.55 
13179.68 
13179.81 
13179.94 
13180.06 
13180.21 
13180.34 
13180.46 
13180.59 
13180.72 
13180.85 
13180.98 
13181.11 
13181.23 
13181.36 
13181.49 
13181.62 
13181.75 
13181.87 
13182.00 
13182.13 
13182.25 
13182.38 
13182.51 
13182.64 
13182.78 
13182.90 
13183.02 
13183.15 
13183.28 
13183.41 
13183.53 
13183.66 
13183.79 
13183.92 
13184.05 
13184.17 
13184.30 
13184.43 
13184.56 
13184.69 
13184.82 
13184.94 
13185.07 
13185.20 
13185.33 
13185.46 
13185.58 
13185.71 
13185.83 
13185.96 
13186.09 
13186.22 
13186.34 
13186.47 
13186.59 
13186.72 
13186.85 
13186.98 
13187.11 
13187.23 
13187.36 
13187.49 
13187.61 
13187.74 
13187.87 
13188.00 
13188.13 
13188.25 
13188.38 
13188.51 
13188.64 
13188.76 
13188.89 
13189.01 
13189.14 
13189.27 
13189.40 
13189.53 
13189.66 
13189.79 
13189.91 
13190.04 
13190.17 
13190.30 
13190.43 
13190.55 
13190.68 
13190.81 
13190.94 
13191.07 
13191.20 
13191.33 
13191.46 
13191.58 
13191.71 
13191.84 
13191.97 
13192.10 
13192.22 
13192.35 
13192.48 
13192.61 
13192.73 
13192.86 
13192.99 
13193.12 
13193.25 
13193.38 
13193.50 
13193.63 
13193.76 
13193.90 
13194.03 
13194.16 
13194.29 
13194.41 
13194.54 
13194.67 
13194.80 
13194.92 
13195.05 
13195.18 
13195.30 
13195.43 
13195.56 
13195.68 
13195.81 
13195.95 
13196.08 
13196.21 
13196.33 
13196.46 
13196.59 
13196.72 
13196.84 
13196.97 
13197.10 
13197.23 
13197.35 
13197.48 
13197.61 
13197.74 
13197.87 
13197.99 
13198.12 
13198.24 
13198.35 
13198.48 
13198.61 
13198.74 
13198.86 
13198.99 
13199.12 
13199.25 
13199.37 
13199.50 
13199.63 
13199.75 
13199.88 
13200.01 
13200.13 
13200.26 
13200.39 
13200.52 
13200.64 
13200.77 
13200.89 
13201.02 
13201.14 
13201.27 
13201.39 
13201.52 
13201.65 
13201.78 
13201.90 
13202.03 
13202.16 
13202.28 
13202.41 
13202.54 
13202.66 
13202.79 
13202.92 
13203.05 
13203.18 
13203.31 
13203.43 
13203.56 
13203.68 
13203.81 
13203.94 
13204.07 
13204.20 
13204.34 
13204.47 
13204.60 
13204.73 
13204.86 
13204.99 
13205.12 
13205.24 
13205.37 
13205.50 
13205.63 
13205.75 
13205.88 
13206.01 
13206.14 
13206.27 
13206.40 
13206.52 
13206.65 
13206.78 
13206.91 
13207.04 
13207.16 
13207.29 
13207.42 
13207.55 
13207.67 
13207.81 
13207.93 
13208.06 
13208.19 
13208.32 
13208.45 
13208.57 
13208.70 
13208.83 
13208.96 
13209.09 
13209.21 
13209.34 
13209.47 
13209.60 
13209.73 
13209.86 
13209.98 
13210.11 
13210.24 
13210.37 
13210.50 
13210.62 
13210.75 
13210.88 
13211.01 
13211.14 
13211.26 
13211.39 
13211.52 
13211.65 
13211.78 
13211.90 
13212.03 
13212.16 
13212.29 
13212.41 
13212.54 
13212.67 
13212.80 
13212.93 
13213.05 
13213.18 
13213.31 
13213.44 
13213.56 
13213.68 
13213.81 
13213.93 
13214.06 
13214.19 
13214.31 
13214.44 
13214.57 
13214.70 
13214.83 
13214.95 
13215.08 
13215.21 
13215.34 
13215.47 
13215.60 
13215.74 
13215.87 
13216.00 
13216.13 
13216.25 
13216.38 
13216.51 
13216.64 
13216.77 
13216.89 
13217.02 
13217.15 
13217.27 
13217.40 
13217.53 
13217.68 
13217.81 
13217.93 
13218.06 
13218.18 
13218.31 
13218.44 
13218.57 
13218.70 
13218.83 
13218.95 
13219.08 
13219.21 
13219.34 
13219.47 
13219.59 
13219.72 
13219.85 
13219.98 
13220.11 
13220.23 
13220.36 
13220.49 
13220.61 
13220.74 
13220.87 
13220.99 
13221.12 
13221.25 
13221.37 
13221.50 
13221.63 
13221.76 
13221.89 
13222.01 
13222.14 
13222.27 
13222.40 
13222.52 
13222.65 
13222.78 
13222.91 
13223.04 
13223.16 
13223.29 
13223.42 
13223.54 
13223.67 
13223.81 
13223.93 
13224.06 
13224.19 
13224.32 
13224.44 
13224.57 
13224.70 
13224.82 
13224.95 
13225.08 
13225.20 
13225.33 
13225.46 
13225.59 
13225.72 
13225.84 
13225.97 
13226.10 
13226.22 
13226.34 
13226.45 
13226.57 
13226.71 
13226.84 
13226.96 
13227.09 
13227.21 
13227.34 
13227.46 
13227.59 
13227.72 
13227.86 
13228.00 
13228.12 
13228.24 
13228.36 
13228.48 
13228.60 
13228.72 
13228.84 
13228.95 
13229.07 
13229.19 
13229.31 
13229.43 
13229.55 
13229.67 
13229.79 
13229.91 
13230.02 
13230.14 
13230.26 
13230.38 
13230.51 
13230.63 
13230.75 
13230.88 
13231.00 
13231.12 
13231.24 
13231.36 
13231.48 
13231.61 
13231.73 
13231.85 
13231.98 
13232.10 
13232.22 
13232.34 
13232.46 
13232.58 
13232.70 
13232.83 
13232.95 
13233.07 
13233.19 
13233.31 
13233.43 
13233.55 
13233.67 
13233.79 
13233.91 
13234.04 
13234.16 
13234.28 
13234.40 
13234.52 
13234.64 
13234.76 
13234.88 
13235.00 
13235.13 
13235.25 
13235.37 
13235.49 
13235.61 
13235.74 
13235.85 
13235.97 
13236.10 
13236.22 
13236.34 
13236.46 
13236.60 
13236.73 
13236.85 
13236.97 
13237.09 
13237.22 
13237.34 
13237.47 
13237.60 
13237.72 
13237.84 
13237.97 
13238.09 
13238.21 
13238.34 
13238.46 
13238.59 
13238.71 
13238.83 
13238.96 
13239.08 
13239.20 
13239.33 
13239.45 
13239.57 
13239.69 
13239.82 
13239.94 
13240.06 
13240.19 
13240.31 
13240.44 
13240.56 
13240.69 
13240.81 
13240.94 
13241.06 
13241.19 
13241.31 
13241.43 
13241.56 
13241.68 
13241.80 
13241.93 
13242.05 
13242.17 
13242.30 
13242.42 
13242.54 
13242.67 
13242.79 
13242.92 
13243.04 
13243.17 
13243.29 
13243.42 
13243.55 
13243.67 
13243.79 
13243.92 
13244.04 
13244.16 
13244.29 
13244.41 
13244.54 
13244.66 
13244.79 
13244.91 
13245.03 
13245.16 
13245.28 
13245.40 
13245.53 
13245.65 
13245.77 
13245.90 
13246.02 
13246.15 
13246.27 
13246.39 
13246.52 
13246.64 
13246.77 
13246.90 
13247.03 
13247.15 
13247.28 
13247.40 
13247.53 
13247.65 
13247.77 
13247.89 
13248.01 
13248.14 
13248.26 
13248.39 
13248.51 
13248.63 
13248.76 
13248.88 
13249.01 
13249.13 
13249.25 
13249.38 
13249.50 
13249.63 
13249.75 
13249.88 
13250.00 
13250.12 
13250.25 
13250.37 
13250.50 
13250.62 
13250.75 
13250.87 
13251.00 
13251.12 
13251.24 
13251.37 
13251.49 
13251.61 
13251.74 
13251.86 
13251.99 
13252.11 
13252.24 
13252.36 
13252.49 
13252.61 
13252.73 
13252.86 
13252.98 
13253.11 
13253.23 
13253.36 
13253.48 
13253.60 
13253.73 
13253.85 
13253.97 
13254.10 
13254.23 
13254.35 
13254.48 
13254.60 
13254.72 
13254.85 
13254.97 
13255.10 
13255.22 
13255.35 
13255.47 
13255.59 
13255.72 
13255.85 
13255.97 
13256.09 
13256.22 
13256.34 
13256.47 
13256.59 
13256.72 
13256.84 
13256.96 
13257.09 
13257.21 
13257.34 
13257.46 
13257.58 
13257.71 
13257.83 
13257.95 
13258.08 
13258.20 
13258.33 
13258.45 
13258.57 
13258.70 
13258.83 
13258.95 
13259.07 
13259.20 
13259.32 
13259.45 
13259.57 
13259.69 
13259.82 
13259.94 
13260.07 
13260.19 
13260.32 
13260.44 
13260.56 
13260.69 
13260.81 
13260.93 
13261.05 
13261.18 
13261.30 
13261.42 
13261.55 
13261.67 
13261.80 
13261.92 
13262.04 
13262.17 
13262.29 
13262.42 
13262.54 
13262.67 
13262.79 
13262.92 
13263.04 
13263.17 
13263.29 
13263.42 
13263.54 
13263.67 
13263.80 
13263.92 
13264.04 
13264.17 
13264.29 
13264.42 
13264.54 
13264.67 
13264.79 
13264.91 
13265.03 
13265.15 
13265.28 
13265.40 
13265.53 
13265.65 
13265.77 
13265.90 
13266.02 
13266.14 
13266.26 
13266.39 
13266.51 
13266.64 
13266.76 
13266.88 
13267.01 
13267.13 
13267.25 
13267.37 
13267.50 
13267.62 
13267.75 
13267.87 
13268.00 
13268.12 
13268.26 
13268.38 
13268.51 
13268.64 
13268.77 
13268.90 
13269.02 
13269.15 
13269.27 
13269.39 
13269.52 
13269.64 
13269.76 
13269.88 
13270.01 
13270.13 
13270.25 
13270.38 
13270.50 
13270.63 
13270.75 
13270.88 
13271.00 
13271.13 
13271.25 
13271.38 
13271.50 
13271.63 
13271.75 
13271.88 
13272.01 
13272.13 
13272.25 
13272.38 
13272.50 
13272.63 
13272.75 
13272.88 
13273.00 
13273.13 
13273.26 
13273.38 
13273.51 
13273.63 
13273.75 
13273.88 
13274.00 
13274.12 
13274.25 
13274.37 
13274.50 
13274.62 
13274.75 
13274.87 
13275.00 
13275.12 
13275.24 
13275.37 
13275.49 
13275.62 
13275.74 
13275.86 
13275.99 
13276.11 
13276.24 
13276.36 
13276.48 
13276.61 
13276.73 
13276.85 
13276.98 
13277.10 
13277.23 
13277.35 
13277.47 
13277.59 
13277.72 
13277.84 
13277.96 
13278.09 
13278.21 
13278.33 
13278.46 
13278.58 
13278.71 
13278.83 
13278.96 
13279.07 
13279.19 
13279.31 
13279.44 
13279.56 
13279.69 
13279.81 
13279.94 
13280.07 
13280.19 
13280.31 
13280.44 
13280.56 
13280.69 
13280.81 
13280.94 
13281.06 
13281.19 
13281.32 
13281.44 
13281.57 
13281.69 
13281.82 
13281.94 
13282.07 
13282.19 
13282.32 
13282.44 
13282.57 
13282.69 
13282.81 
13282.94 
13283.07 
13283.19 
13283.32 
13283.44 
13283.57 
13283.69 
13283.82 
13283.94 
13284.07 
13284.19 
13284.32 
13284.44 
13284.57 
13284.69 
13284.82 
13284.94 
13285.07 
13285.19 
13285.32 
13285.44 
13285.57 
13285.69 
13285.82 
13285.94 
13286.07 
13286.19 
13286.31 
13286.44 
13286.56 
13286.68 
13286.81 
13286.93 
13287.06 
13287.18 
13287.31 
13287.43 
13287.56 
13287.68 
13287.80 
13287.93 
13288.05 
13288.17 
13288.30 
13288.42 
13288.55 
13288.67 
13288.79 
13288.91 
13289.04 
13289.16 
13289.29 
13289.41 
13289.53 
13289.66 
13289.78 
13289.91 
13290.04 
13290.16 
13290.28 
13290.41 
13290.54 
13290.66 
13290.79 
13290.91 
13291.04 
13291.16 
13291.29 
13291.41 
13291.53 
13291.66 
13291.78 
13291.91 
13292.04 
13292.16 
13292.28 
13292.41 
13292.53 
13292.66 
13292.78 
13292.91 
13293.03 
13293.16 
13293.28 
13293.41 
13293.53 
13293.66 
13293.78 
13293.90 
13294.03 
13294.15 
13294.28 
13294.41 
13294.53 
13294.65 
13294.78 
13294.90 
13295.03 
13295.15 
13295.28 
13295.40 
13295.53 
13295.65 
13295.77 
13295.89 
13296.00 
13296.14 
13296.27 
13296.40 
13296.53 
13296.65 
13296.78 
13296.91 
13297.04 
13297.17 
13297.30 
13297.42 
13297.57 
13297.70 
13297.83 
13297.96 
13298.09 
13298.22 
13298.34 
13298.47 
13298.61 
13298.73 
13298.86 
13298.99 
13299.12 
13299.25 
13299.37 
13299.50 
13299.63 
13299.75 
13299.88 
13300.00 
13300.13 
13300.25 
13300.37 
13300.48 
13300.60 
13300.72 
13300.85 
13300.98 
13301.11 
13301.24 
13301.36 
13301.49 
13301.61 
13301.74 
13301.87 
13302.00 
13302.12 
13302.25 
13302.38 
13302.51 
13302.64 
13302.77 
13302.90 
13303.02 
13303.15 
13303.28 
13303.40 
13303.53 
13303.66 
13303.79 
13303.91 
13304.04 
13304.16 
13304.29 
13304.41 
13304.54 
13304.67 
13304.79 
13304.92 
13305.04 
13305.17 
13305.30 
13305.44 
13305.57 
13305.70 
13305.83 
13305.96 
13306.11 
13306.23 
13306.36 
13306.48 
13306.61 
13306.74 
13306.86 
13306.99 
13307.13 
13307.26 
13307.39 
13307.51 
13307.64 
13307.77 
13307.90 
13308.02 
13308.15 
13308.28 
13308.41 
13308.54 
13308.66 
13308.79 
13308.92 
13309.04 
13309.17 
13309.30 
13309.42 
13309.55 
13309.68 
13309.81 
13309.94 
13310.06 
13310.19 
13310.32 
13310.45 
13310.57 
13310.70 
13310.83 
13310.95 
13311.08 
13311.21 
13311.33 
13311.47 
13311.60 
13311.73 
13311.85 
13311.98 
13312.11 
13312.26 
13312.39 
13312.52 
13312.65 
13312.78 
13312.91 
13313.04 
13313.17 
13313.29 
13313.42 
13313.55 
13313.68 
13313.81 
13313.94 
13314.06 
13314.19 
13314.32 
13314.45 
13314.58 
13314.70 
13314.83 
13314.95 
13315.08 
13315.20 
13315.33 
13315.45 
13315.58 
13315.71 
13315.83 
13315.95 
13316.07 
13316.19 
13316.31 
13316.44 
13316.56 
13316.69 
13316.81 
13316.94 
13317.07 
13317.20 
13317.33 
13317.45 
13317.58 
13317.71 
13317.83 
13317.96 
13318.09 
13318.21 
13318.34 
13318.47 
13318.59 
13318.72 
13318.85 
13318.97 
13319.10 
13319.23 
13319.36 
13319.49 
13319.62 
13319.74 
13319.87 
13320.00 
13320.13 
13320.25 
13320.39 
13320.51 
13320.64 
13320.77 
13320.90 
13321.02 
13321.16 
13321.29 
13321.42 
13321.54 
13321.67 
13321.81 
13321.95 
13322.07 
13322.20 
13322.33 
13322.46 
13322.58 
13322.71 
13322.84 
13322.97 
13323.10 
13323.22 
13323.35 
13323.48 
13323.60 
13323.73 
13323.86 
13323.98 
13324.11 
13324.24 
13324.37 
13324.50 
13324.62 
13324.75 
13324.88 
13325.00 
13325.13 
13325.26 
13325.39 
13325.52 
13325.65 
13325.78 
13325.91 
13326.03 
13326.16 
13326.29 
13326.41 
13326.54 
13326.67 
13326.80 
13326.93 
13327.05 
13327.18 
13327.31 
13327.44 
13327.57 
13327.69 
13327.82 
13327.96 
13328.09 
13328.22 
13328.35 
13328.48 
13328.60 
13328.73 
13328.86 
13328.99 
13329.11 
13329.24 
13329.38 
13329.51 
13329.64 
13329.77 
13329.90 
13330.03 
13330.17 
13330.30 
13330.43 
13330.55 
13330.68 
13330.81 
13330.94 
13331.07 
13331.20 
13331.32 
13331.44 
13331.56 
13331.68 
13331.81 
13331.94 
13332.06 
13332.19 
13332.32 
13332.45 
13332.57 
13332.70 
13332.83 
13332.95 
13333.08 
13333.21 
13333.34 
13333.46 
13333.60 
13333.72 
13333.85 
13333.98 
13334.11 
13334.26 
13334.38 
13334.51 
13334.64 
13334.77 
13334.90 
13335.02 
13335.14 
13335.27 
13335.39 
13335.52 
13335.65 
13335.78 
13335.91 
13336.03 
13336.18 
13336.30 
13336.43 
13336.56 
13336.69 
13336.81 
13336.94 
13337.07 
13337.20 
13337.32 
13337.45 
13337.58 
13337.71 
13337.84 
13337.97 
13338.09 
13338.22 
13338.35 
13338.48 
13338.60 
13338.73 
13338.86 
13338.99 
13339.11 
13339.24 
13339.37 
13339.50 
13339.63 
13339.76 
13339.88 
13340.01 
13340.14 
13340.27 
13340.40 
13340.53 
13340.66 
13340.79 
13340.91 
13341.04 
13341.17 
13341.30 
13341.42 
13341.55 
13341.68 
13341.81 
13341.94 
13342.07 
13342.19 
13342.32 
13342.45 
13342.58 
13342.70 
13342.83 
13342.96 
13343.09 
13343.21 
13343.34 
13343.47 
13343.60 
13343.74 
13343.87 
13344.00 
13344.12 
13344.25 
13344.38 
13344.51 
13344.64 
13344.77 
13344.89 
13345.01 
13345.14 
13345.27 
13345.40 
13345.52 
13345.65 
13345.78 
13345.91 
13346.03 
13346.16 
13346.30 
13346.42 
13346.55 
13346.68 
13346.81 
13346.93 
13347.05 
13347.17 
13347.29 
13347.42 
13347.55 
13347.68 
13347.81 
13347.94 
13348.07 
13348.19 
13348.32 
13348.44 
13348.57 
13348.70 
13348.83 
13348.96 
13349.09 
13349.22 
13349.34 
13349.47 
13349.60 
13349.73 
13349.86 
13349.99 
13350.11 
13350.24 
13350.37 
13350.50 
13350.62 
13350.75 
13350.88 
13351.01 
13351.13 
13351.26 
13351.39 
13351.51 
13351.64 
13351.77 
13351.90 
13352.03 
13352.15 
13352.28 
13352.41 
13352.54 
13352.67 
13352.80 
13352.93 
13353.06 
13353.18 
13353.31 
13353.44 
13353.56 
13353.69 
13353.82 
13353.95 
13354.08 
13354.21 
13354.34 
13354.47 
13354.59 
13354.72 
13354.85 
13354.98 
13355.11 
13355.25 
13355.38 
13355.51 
13355.64 
13355.77 
13355.90 
13356.03 
13356.15 
13356.28 
13356.41 
13356.54 
13356.67 
13356.80 
13356.92 
13357.05 
13357.18 
13357.30 
13357.43 
13357.56 
13357.69 
13357.82 
13357.95 
13358.09 
13358.21 
13358.34 
13358.47 
13358.59 
13358.72 
13358.85 
13358.98 
13359.11 
13359.23 
13359.36 
13359.49 
13359.61 
13359.74 
13359.87 
13360.00 
13360.13 
13360.26 
13360.38 
13360.51 
13360.64 
13360.77 
13360.90 
13361.02 
13361.17 
13361.30 
13361.42 
13361.56 
13361.69 
13361.82 
13361.95 
13362.07 
13362.20 
13362.33 
13362.45 
13362.57 
13362.69 
13362.81 
13362.94 
13363.07 
13363.19 
13363.32 
13363.45 
13363.58 
13363.71 
13363.83 
13363.96 
13364.09 
13364.21 
13364.34 
13364.47 
13364.60 
13364.73 
13364.86 
13364.99 
13365.11 
13365.24 
13365.37 
13365.50 
13365.63 
13365.76 
13365.89 
13366.01 
13366.14 
13366.27 
13366.39 
13366.52 
13366.65 
13366.78 
13366.91 
13367.04 
13367.17 
13367.29 
13367.42 
13367.55 
13367.68 
13367.81 
13367.94 
13368.08 
13368.21 
13368.34 
13368.47 
13368.60 
13368.73 
13368.86 
13368.98 
13369.11 
13369.24 
13369.37 
13369.50 
13369.63 
13369.75 
13369.88 
13370.01 
13370.14 
13370.27 
13370.40 
13370.53 
13370.65 
13370.78 
13370.91 
13371.03 
13371.16 
13371.29 
13371.42 
13371.55 
13371.67 
13371.80 
13371.93 
13372.06 
13372.18 
13372.31 
13372.44 
13372.57 
13372.69 
13372.82 
13372.95 
13373.08 
13373.21 
13373.34 
13373.47 
13373.60 
13373.72 
13373.85 
13373.98 
13374.11 
13374.23 
13374.36 
13374.49 
13374.61 
13374.74 
13374.87 
13375.00 
13375.13 
13375.26 
13375.38 
13375.51 
13375.64 
13375.77 
13375.90 
13376.03 
13376.15 
13376.28 
13376.41 
13376.54 
13376.66 
13376.79 
13376.92 
13377.05 
13377.18 
13377.31 
13377.43 
13377.56 
13377.69 
13377.81 
13377.94 
13378.06 
13378.19 
13378.32 
13378.44 
13378.57 
13378.70 
13378.83 
13378.95 
13379.08 
13379.21 
13379.34 
13379.47 
13379.60 
13379.72 
13379.85 
13379.98 
13380.11 
13380.23 
13380.36 
13380.49 
13380.61 
13380.74 
13380.87 
13380.99 
13381.12 
13381.25 
13381.37 
13381.51 
13381.64 
13381.77 
13381.90 
13382.03 
13382.16 
13382.29 
13382.41 
13382.54 
13382.67 
13382.80 
13382.92 
13383.07 
13383.20 
13383.32 
13383.45 
13383.58 
13383.71 
13383.84 
13383.98 
13384.11 
13384.24 
13384.36 
13384.50 
13384.63 
13384.76 
13384.88 
13385.01 
13385.13 
13385.26 
13385.39 
13385.52 
13385.65 
13385.77 
13385.90 
13386.03 
13386.15 
13386.28 
13386.41 
13386.54 
13386.67 
13386.80 
13386.92 
13387.05 
13387.18 
13387.31 
13387.43 
13387.56 
13387.69 
13387.82 
13387.94 
13388.07 
13388.20 
13388.33 
13388.46 
13388.59 
13388.71 
13388.84 
13388.97 
13389.09 
13389.24 
13389.37 
13389.50 
13389.62 
13389.75 
13389.88 
13390.01 
13390.13 
13390.28 
13390.41 
13390.53 
13390.66 
13390.79 
13390.92 
13391.05 
13391.18 
13391.31 
13391.44 
13391.56 
13391.69 
13391.82 
13391.95 
13392.07 
13392.20 
13392.33 
13392.45 
13392.58 
13392.71 
13392.84 
13392.97 
13393.10 
13393.22 
13393.33 
13393.45 
13393.57 
13393.70 
13393.82 
13393.95 
13394.08 
13394.21 
13394.34 
13394.46 
13394.59 
13394.72 
13394.85 
13394.97 
13395.10 
13395.22 
13395.35 
13395.48 
13395.61 
13395.74 
13395.86 
13396.00 
13396.12 
13396.25 
13396.37 
13396.50 
13396.63 
13396.76 
13396.88 
13397.01 
13397.14 
13397.27 
13397.39 
13397.52 
13397.65 
13397.78 
13397.91 
13398.03 
13398.16 
13398.29 
13398.42 
13398.54 
13398.67 
13398.80 
13398.93 
13399.06 
13399.18 
13399.31 
13399.44 
13399.56 
13399.69 
13399.82 
13399.95 
13400.08 
13400.20 
13400.33 
13400.46 
13400.59 
13400.72 
13400.85 
13400.98 
13401.11 
13401.23 
13401.36 
13401.49 
13401.61 
13401.74 
13401.87 
13402.00 
13402.13 
13402.26 
13402.39 
13402.51 
13402.64 
13402.77 
13402.90 
13403.02 
13403.15 
13403.28 
13403.41 
13403.54 
13403.67 
13403.79 
13403.92 
13404.05 
13404.18 
13404.30 
13404.43 
13404.56 
13404.69 
13404.82 
13404.94 
13405.07 
13405.20 
13405.32 
13405.45 
13405.58 
13405.71 
13405.83 
13405.96 
13406.09 
13406.22 
13406.34 
13406.47 
13406.62 
13406.74 
13406.87 
13407.00 
13407.13 
13407.25 
13407.38 
13407.51 
13407.64 
13407.77 
13407.90 
13408.03 
13408.15 
13408.28 
13408.41 
13408.54 
13408.67 
13408.79 
13408.91 
13409.02 
13409.15 
13409.27 
13409.40 
13409.53 
13409.66 
13409.78 
13409.91 
13410.04 
13410.17 
13410.29 
13410.42 
13410.55 
13410.68 
13410.81 
13410.94 
13411.07 
13411.20 
13411.34 
13411.46 
13411.58 
13411.71 
13411.83 
13411.96 
13412.08 
13412.21 
13412.34 
13412.46 
13412.59 
13412.72 
13412.85 
13412.98 
13413.11 
13413.23 
13413.36 
13413.49 
13413.61 
13413.74 
13413.87 
13414.00 
13414.13 
13414.25 
13414.38 
13414.50 
13414.63 
13414.76 
13414.89 
13415.01 
13415.14 
13415.27 
13415.39 
13415.52 
13415.65 
13415.78 
13415.91 
13416.04 
13416.17 
13416.30 
13416.43 
13416.55 
13416.68 
13416.81 
13416.94 
13417.07 
13417.20 
13417.33 
13417.46 
13417.58 
13417.71 
13417.84 
13417.98 
13418.11 
13418.24 
13418.37 
13418.50 
13418.62 
13418.75 
13418.88 
13419.01 
13419.14 
13419.26 
13419.39 
13419.52 
13419.64 
13419.77 
13419.90 
13420.02 
13420.15 
13420.28 
13420.41 
13420.53 
13420.66 
13420.79 
13420.92 
13421.05 
13421.18 
13421.31 
13421.44 
13421.56 
13421.71 
13421.83 
13421.96 
13422.09 
13422.22 
13422.34 
13422.47 
13422.60 
13422.73 
13422.85 
13422.98 
13423.11 
13423.24 
13423.37 
13423.50 
13423.63 
13423.76 
13423.89 
13424.01 
13424.14 
13424.26 
13424.37 
13424.50 
13424.62 
13424.75 
13424.88 
13425.01 
13425.14 
13425.27 
13425.39 
13425.53 
13425.66 
13425.79 
13425.91 
13426.04 
13426.17 
13426.30 
13426.42 
13426.56 
13426.69 
13426.81 
13426.94 
13427.07 
13427.20 
13427.33 
13427.45 
13427.58 
13427.71 
13427.84 
13427.97 
13428.10 
13428.22 
13428.35 
13428.48 
13428.61 
13428.74 
13428.86 
13428.99 
13429.12 
13429.25 
13429.37 
13429.50 
13429.62 
13429.75 
13429.87 
13430.00 
13430.13 
13430.26 
13430.38 
13430.51 
13430.64 
13430.77 
13430.91 
13431.04 
13431.17 
13431.30 
13431.42 
13431.54 
13431.67 
13431.80 
13431.93 
13432.06 
13432.19 
13432.32 
13432.44 
13432.57 
13432.69 
13432.82 
13432.94 
13433.07 
13433.20 
13433.33 
13433.45 
13433.58 
13433.71 
13433.84 
13433.96 
13434.08 
13434.21 
13434.34 
13434.47 
13434.60 
13434.73 
13434.86 
13434.98 
13435.11 
13435.24 
13435.37 
13435.49 
13435.62 
13435.75 
13435.89 
13436.01 
13436.14 
13436.27 
13436.40 
13436.52 
13436.65 
13436.78 
13436.91 
13437.03 
13437.16 
13437.29 
13437.42 
13437.55 
13437.67 
13437.80 
13437.93 
13438.06 
13438.19 
13438.32 
13438.45 
13438.57 
13438.70 
13438.82 
13438.95 
13439.08 
13439.21 
13439.34 
13439.47 
13439.59 
13439.71 
13439.84 
13439.96 
13440.08 
13440.21 
13440.34 
13440.46 
13440.59 
13440.71 
13440.84 
13440.97 
13441.10 
13441.23 
13441.35 
13441.48 
13441.60 
13441.73 
13441.85 
13441.98 
13442.11 
13442.25 
13442.37 
13442.50 
13442.62 
13442.75 
13442.88 
13443.01 
13443.15 
13443.27 
13443.40 
13443.53 
13443.66 
13443.78 
13443.91 
13444.04 
13444.16 
13444.28 
13444.40 
13444.53 
13444.66 
13444.78 
13444.91 
13445.05 
13445.18 
13445.33 
13445.46 
13445.58 
13445.71 
13445.84 
13445.97 
13446.10 
13446.22 
13446.35 
13446.48 
13446.61 
13446.73 
13446.86 
13446.99 
13447.12 
13447.24 
13447.37 
13447.50 
13447.63 
13447.76 
13447.89 
13448.01 
13448.14 
13448.27 
13448.40 
13448.53 
13448.65 
13448.78 
13448.91 
13449.04 
13449.17 
13449.30 
13449.42 
13449.55 
13449.68 
13449.81 
13449.94 
13450.06 
13450.19 
13450.32 
13450.45 
13450.57 
13450.70 
13450.82 
13450.95 
13451.08 
13451.21 
13451.33 
13451.46 
13451.59 
13451.72 
13451.85 
13451.98 
13452.11 
13452.23 
13452.36 
13452.49 
13452.61 
13452.74 
13452.87 
13453.00 
13453.13 
13453.26 
13453.38 
13453.51 
13453.64 
13453.77 
13453.90 
13454.03 
13454.15 
13454.28 
13454.41 
13454.54 
13454.66 
13454.79 
13454.92 
13455.06 
13455.18 
13455.31 
13455.44 
13455.57 
13455.70 
13455.83 
13455.96 
13456.09 
13456.21 
13456.34 
13456.47 
13456.60 
13456.73 
13456.86 
13456.99 
13457.12 
13457.24 
13457.37 
13457.50 
13457.63 
13457.76 
13457.88 
13458.01 
13458.14 
13458.27 
13458.40 
13458.53 
13458.65 
13458.78 
13458.91 
13459.04 
13459.17 
13459.30 
13459.42 
13459.55 
13459.70 
13459.82 
13459.95 
13460.08 
13460.21 
13460.34 
13460.46 
13460.59 
13460.72 
13460.85 
13460.97 
13461.10 
13461.23 
13461.35 
13461.48 
13461.61 
13461.74 
13461.87 
13462.00 
13462.12 
13462.25 
13462.38 
13462.51 
13462.63 
13462.76 
13462.89 
13463.02 
13463.15 
13463.27 
13463.40 
13463.53 
13463.66 
13463.79 
13463.92 
13464.04 
13464.17 
13464.30 
13464.42 
13464.55 
13464.68 
13464.81 
13464.93 
13465.06 
13465.19 
13465.31 
13465.44 
13465.57 
13465.70 
13465.82 
13465.95 
13466.08 
13466.21 
13466.34 
13466.47 
13466.59 
13466.72 
13466.84 
13466.97 
13467.10 
13467.23 
13467.35 
13467.48 
13467.61 
13467.74 
13467.88 
13468.01 
13468.14 
13468.27 
13468.39 
13468.51 
13468.64 
13468.77 
13468.89 
13469.02 
13469.15 
13469.27 
13469.40 
13469.53 
13469.66 
13469.78 
13469.91 
13470.04 
13470.17 
13470.30 
13470.42 
13470.55 
13470.67 
13470.81 
13470.93 
13471.05 
13471.18 
13471.31 
13471.44 
13471.57 
13471.69 
13471.82 
13471.95 
13472.08 
13472.21 
13472.34 
13472.46 
13472.59 
13472.72 
13472.85 
13472.98 
13473.10 
13473.23 
13473.36 
13473.49 
13473.62 
13473.74 
13473.87 
13474.00 
13474.13 
13474.26 
13474.38 
13474.51 
13474.64 
13474.77 
13474.89 
13475.02 
13475.15 
13475.27 
13475.40 
13475.53 
13475.68 
13475.81 
13475.93 
13476.06 
13476.19 
13476.32 
13476.45 
13476.58 
13476.71 
13476.83 
13476.96 
13477.08 
13477.21 
13477.34 
13477.47 
13477.59 
13477.72 
13477.85 
13477.98 
13478.11 
13478.23 
13478.36 
13478.48 
13478.61 
13478.74 
13478.87 
13478.99 
13479.12 
13479.25 
13479.38 
13479.50 
13479.63 
13479.76 
13479.89 
13480.02 
13480.14 
13480.27 
13480.41 
13480.54 
13480.67 
13480.80 
13480.92 
13481.05 
13481.18 
13481.31 
13481.43 
13481.56 
13481.69 
13481.82 
13481.95 
13482.08 
13482.21 
13482.33 
13482.46 
13482.59 
13482.72 
13482.85 
13482.98 
13483.10 
13483.23 
13483.36 
13483.48 
13483.61 
13483.74 
13483.86 
13484.00 
13484.12 
13484.25 
13484.38 
13484.51 
13484.64 
13484.77 
13484.91 
13485.04 
13485.16 
13485.29 
13485.42 
13485.55 
13485.68 
13485.81 
13485.94 
13486.06 
13486.19 
13486.31 
13486.45 
13486.57 
13486.70 
13486.83 
13486.95 
13487.08 
13487.21 
13487.34 
13487.47 
13487.59 
13487.72 
13487.85 
13487.97 
13488.10 
13488.23 
13488.35 
13488.48 
13488.61 
13488.74 
13488.86 
13488.99 
13489.12 
13489.25 
13489.38 
13489.50 
13489.62 
13489.76 
13489.89 
13490.01 
13490.14 
13490.27 
13490.40 
13490.52 
13490.65 
13490.79 
13490.92 
13491.05 
13491.17 
13491.30 
13491.43 
13491.56 
13491.69 
13491.82 
13491.94 
13492.09 
13492.22 
13492.34 
13492.47 
13492.60 
13492.73 
13492.86 
13492.99 
13493.12 
13493.24 
13493.37 
13493.50 
13493.63 
13493.75 
13493.88 
13494.01 
13494.14 
13494.27 
13494.39 
13494.52 
13494.65 
13494.78 
13494.91 
13495.03 
13495.16 
13495.29 
13495.42 
13495.55 
13495.67 
13495.80 
13495.93 
13496.06 
13496.19 
13496.32 
13496.45 
13496.57 
13496.70 
13496.83 
13496.96 
13497.09 
13497.21 
13497.34 
13497.47 
13497.60 
13497.73 
13497.85 
13497.98 
13498.12 
13498.25 
13498.38 
13498.51 
13498.64 
13498.76 
13498.89 
13499.02 
13499.15 
13499.28 
13499.41 
13499.54 
13499.66 
13499.79 
13499.92 
13500.05 
13500.18 
13500.30 
13500.43 
13500.56 
13500.69 
13500.82 
13500.94 
13501.07 
13501.20 
13501.33 
13501.45 
13501.58 
13501.71 
13501.83 
13501.96 
13502.09 
13502.23 
13502.35 
13502.48 
13502.60 
13502.73 
13502.86 
13502.98 
13503.11 
13503.25 
13503.38 
13503.50 
13503.63 
13503.75 
13503.88 
13504.01 
13504.14 
13504.27 
13504.39 
13504.52 
13504.65 
13504.77 
13504.90 
13505.02 
13505.15 
13505.28 
13505.40 
13505.53 
13505.66 
13505.78 
13505.90 
13506.03 
13506.16 
13506.29 
13506.41 
13506.54 
13506.67 
13506.80 
13506.93 
13507.05 
13507.18 
13507.31 
13507.43 
13507.56 
13507.69 
13507.81 
13507.94 
13508.07 
13508.20 
13508.33 
13508.46 
13508.59 
13508.71 
13508.84 
13508.97 
13509.10 
13509.23 
13509.37 
13509.50 
13509.63 
13509.76 
13509.89 
13510.01 
13510.14 
13510.28 
13510.41 
13510.54 
13510.67 
13510.79 
13510.92 
13511.05 
13511.18 
13511.31 
13511.43 
13511.56 
13511.69 
13511.82 
13511.94 
13512.07 
13512.19 
13512.32 
13512.45 
13512.58 
13512.71 
13512.83 
13512.96 
13513.11 
13513.23 
13513.36 
13513.49 
13513.62 
13513.74 
13513.87 
13514.00 
13514.13 
13514.25 
13514.38 
13514.51 
13514.64 
13514.77 
13514.89 
13515.02 
13515.15 
13515.27 
13515.40 
13515.52 
13515.65 
13515.78 
13515.91 
13516.04 
13516.17 
13516.30 
13516.43 
13516.56 
13516.69 
13516.81 
13516.94 
13517.06 
13517.19 
13517.31 
13517.44 
13517.58 
13517.71 
13517.84 
13517.97 
13518.09 
13518.22 
13518.35 
13518.47 
13518.60 
13518.73 
13518.86 
13518.99 
13519.11 
13519.24 
13519.37 
13519.51 
13519.64 
13519.78 
13519.91 
13520.04 
13520.17 
13520.30 
13520.43 
13520.55 
13520.68 
13520.81 
13520.94 
13521.06 
13521.19 
13521.31 
13521.44 
13521.56 
13521.69 
13521.82 
13521.95 
13522.07 
13522.20 
13522.33 
13522.46 
13522.59 
13522.71 
13522.84 
13522.97 
13523.10 
13523.23 
13523.35 
13523.48 
13523.61 
13523.76 
13523.89 
13524.01 
13524.14 
13524.27 
13524.39 
13524.52 
13524.64 
13524.77 
13524.89 
13525.01 
13525.14 
13525.27 
13525.39 
13525.52 
13525.65 
13525.77 
13525.90 
13526.03 
13526.16 
13526.29 
13526.41 
13526.54 
13526.67 
13526.81 
13526.94 
13527.07 
13527.20 
13527.32 
13527.45 
13527.57 
13527.70 
13527.82 
13527.96 
13528.09 
13528.22 
13528.35 
13528.47 
13528.60 
13528.73 
13528.86 
13528.99 
13529.11 
13529.24 
13529.37 
13529.50 
13529.63 
13529.75 
13529.88 
13530.01 
13530.14 
13530.27 
13530.39 
13530.52 
13530.64 
13530.78 
13530.91 
13531.04 
13531.17 
13531.29 
13531.42 
13531.55 
13531.67 
13531.80 
13531.93 
13532.06 
13532.19 
13532.31 
13532.45 
13532.57 
13532.69 
13532.81 
13532.94 
13533.07 
13533.20 
13533.33 
13533.45 
13533.58 
13533.71 
13533.84 
13533.97 
13534.10 
13534.22 
13534.35 
13534.48 
13534.61 
13534.73 
13534.85 
13534.98 
13535.11 
13535.23 
13535.36 
13535.49 
13535.62 
13535.74 
13535.87 
13536.00 
13536.13 
13536.26 
13536.38 
13536.51 
13536.64 
13536.77 
13536.90 
13537.02 
13537.15 
13537.28 
13537.41 
13537.54 
13537.66 
13537.79 
13537.92 
13538.04 
13538.17 
13538.30 
13538.43 
13538.55 
13538.68 
13538.81 
13538.94 
13539.07 
13539.20 
13539.32 
13539.45 
13539.58 
13539.71 
13539.83 
13539.96 
13540.09 
13540.22 
13540.35 
13540.48 
13540.61 
13540.73 
13540.86 
13540.98 
13541.13 
13541.26 
13541.39 
13541.51 
13541.64 
13541.77 
13541.90 
13542.03 
13542.15 
13542.28 
13542.41 
13542.54 
13542.67 
13542.80 
13542.93 
13543.05 
13543.18 
13543.31 
13543.44 
13543.57 
13543.70 
13543.82 
13543.95 
13544.08 
13544.21 
13544.33 
13544.46 
13544.59 
13544.72 
13544.85 
13544.98 
13545.10 
13545.23 
13545.36 
13545.49 
13545.61 
13545.74 
13545.87 
13546.00 
13546.13 
13546.25 
13546.38 
13546.51 
13546.64 
13546.77 
13546.90 
13547.02 
13547.15 
13547.28 
13547.41 
13547.53 
13547.66 
13547.79 
13547.92 
13548.04 
13548.16 
13548.29 
13548.41 
13548.54 
13548.67 
13548.80 
13548.93 
13549.06 
13549.20 
13549.33 
13549.45 
13549.58 
13549.70 
13549.83 
13549.95 
13550.08 
13550.21 
13550.34 
13550.46 
13550.59 
13550.72 
13550.84 
13550.97 
13551.10 
13551.23 
13551.36 
13551.49 
13551.61 
13551.74 
13551.87 
13552.00 
13552.13 
13552.25 
13552.38 
13552.51 
13552.64 
13552.77 
13552.88 
13553.01 
13553.13 
13553.26 
13553.39 
13553.52 
13553.65 
13553.79 
13553.91 
13554.04 
13554.19 
13554.32 
13554.44 
13554.57 
13554.70 
13554.83 
13554.96 
13555.10 
13555.23 
13555.36 
13555.49 
13555.61 
13555.74 
13555.87 
13556.00 
13556.13 
13556.25 
13556.38 
13556.51 
13556.64 
13556.77 
13556.90 
13557.02 
13557.15 
13557.28 
13557.40 
13557.53 
13557.66 
13557.78 
13557.91 
13558.03 
13558.16 
13558.29 
13558.41 
13558.54 
13558.67 
13558.80 
13558.92 
13559.05 
13559.18 
13559.31 
13559.43 
13559.56 
13559.68 
13559.81 
13559.94 
13560.06 
13560.19 
13560.32 
13560.45 
13560.58 
13560.70 
13560.83 
13560.95 
13561.08 
13561.20 
13561.35 
13561.48 
13561.61 
13561.74 
13561.86 
13561.99 
13562.12 
13562.25 
13562.38 
13562.50 
13562.63 
13562.76 
13562.89 
13563.02 
13563.15 
13563.27 
13563.40 
13563.54 
13563.66 
13563.79 
13563.92 
13564.05 
13564.18 
13564.30 
13564.43 
13564.56 
13564.69 
13564.81 
13564.95 
13565.08 
13565.21 
13565.34 
13565.46 
13565.59 
13565.72 
13565.85 
13565.97 
13566.10 
13566.23 
13566.36 
13566.49 
13566.61 
13566.74 
13566.87 
13567.00 
13567.12 
13567.25 
13567.38 
13567.50 
13567.63 
13567.76 
13567.90 
13568.04 
13568.17 
13568.29 
13568.42 
13568.55 
13568.67 
13568.80 
13568.93 
13569.06 
13569.18 
13569.31 
13569.44 
13569.57 
13569.70 
13569.82 
13569.95 
13570.08 
13570.21 
13570.34 
13570.46 
13570.59 
13570.71 
13570.84 
13570.97 
13571.09 
13571.22 
13571.34 
13571.47 
13571.60 
13571.73 
13571.86 
13571.98 
13572.11 
13572.24 
13572.37 
13572.50 
13572.62 
13572.75 
13572.88 
13573.01 
13573.13 
13573.26 
13573.39 
13573.52 
13573.66 
13573.78 
13573.91 
13574.04 
13574.17 
13574.30 
13574.43 
13574.55 
13574.68 
13574.81 
13574.94 
13575.06 
13575.19 
13575.32 
13575.45 
13575.57 
13575.70 
13575.83 
13575.96 
13576.09 
13576.22 
13576.35 
13576.47 
13576.60 
13576.73 
13576.86 
13576.99 
13577.12 
13577.25 
13577.38 
13577.50 
13577.63 
13577.76 
13577.89 
13578.01 
13578.14 
13578.27 
13578.40 
13578.53 
13578.66 
13578.78 
13578.90 
13579.02 
13579.14 
13579.26 
13579.39 
13579.52 
13579.65 
13579.77 
13579.90 
13580.03 
13580.16 
13580.28 
13580.41 
13580.54 
13580.67 
13580.79 
13580.92 
13581.05 
13581.18 
13581.31 
13581.43 
13581.56 
13581.69 
13581.82 
13581.95 
13582.08 
13582.21 
13582.33 
13582.46 
13582.59 
13582.71 
13582.84 
13582.96 
13583.09 
13583.22 
13583.34 
13583.47 
13583.60 
13583.73 
13583.85 
13583.99 
13584.11 
13584.24 
13584.37 
13584.50 
13584.62 
13584.75 
13584.88 
13585.01 
13585.14 
13585.26 
13585.39 
13585.52 
13585.65 
13585.77 
13585.91 
13586.03 
13586.16 
13586.29 
13586.42 
13586.54 
13586.67 
13586.80 
13586.93 
13587.06 
13587.18 
13587.31 
13587.44 
13587.57 
13587.69 
13587.82 
13587.95 
13588.08 
13588.21 
13588.34 
13588.46 
13588.59 
13588.73 
13588.86 
13588.99 
13589.12 
13589.24 
13589.37 
13589.50 
13589.63 
13589.75 
13589.88 
13590.01 
13590.14 
13590.27 
13590.39 
13590.52 
13590.65 
13590.78 
13590.91 
13591.04 
13591.16 
13591.29 
13591.42 
13591.55 
13591.68 
13591.81 
13591.93 
13592.06 
13592.19 
13592.32 
13592.44 
13592.57 
13592.69 
13592.81 
13592.94 
13593.07 
13593.20 
13593.33 
13593.46 
13593.59 
13593.71 
13593.84 
13593.97 
13594.10 
13594.23 
13594.35 
13594.48 
13594.59 
13594.71 
13594.84 
13594.97 
13595.10 
13595.23 
13595.35 
13595.48 
13595.61 
13595.74 
13595.87 
13596.00 
13596.12 
13596.25 
13596.38 
13596.51 
13596.63 
13596.76 
13596.89 
13597.02 
13597.15 
13597.27 
13597.40 
13597.53 
13597.66 
13597.78 
13597.89 
13598.02 
13598.15 
13598.28 
13598.40 
13598.53 
13598.65 
13598.78 
13598.91 
13599.04 
13599.16 
13599.29 
13599.42 
13599.54 
13599.67 
13599.80 
13599.93 
13600.06 
13600.18 
13600.31 
13600.43 
13600.56 
13600.69 
13600.82 
13600.95 
13601.08 
13601.21 
13601.34 
13601.46 
13601.59 
13601.72 
13601.85 
13601.98 
13602.10 
13602.23 
13602.36 
13602.49 
13602.62 
13602.75 
13602.87 
13603.00 
13603.13 
13603.26 
13603.39 
13603.51 
13603.64 
13603.77 
13603.90 
13604.02 
13604.15 
13604.28 
13604.41 
13604.55 
13604.68 
13604.81 
13604.94 
13605.07 
13605.20 
13605.32 
13605.45 
13605.57 
13605.70 
13605.83 
13605.96 
13606.09 
13606.23 
13606.36 
13606.49 
13606.62 
13606.75 
13606.87 
13607.00 
13607.13 
13607.26 
13607.39 
13607.51 
13607.64 
13607.77 
13607.90 
13608.03 
13608.15 
13608.28 
13608.41 
13608.54 
13608.67 
13608.79 
13608.92 
13609.05 
13609.17 
13609.30 
13609.43 
13609.56 
13609.69 
13609.81 
13609.94 
13610.06 
13610.19 
13610.31 
13610.44 
13610.57 
13610.69 
13610.82 
13610.95 
13611.08 
13611.21 
13611.34 
13611.47 
13611.60 
13611.73 
13611.87 
13612.00 
13612.12 
13612.25 
13612.38 
13612.51 
13612.64 
13612.76 
13612.89 
13613.02 
13613.14 
13613.28 
13613.41 
13613.53 
13613.66 
13613.78 
13613.91 
13614.04 
13614.17 
13614.30 
13614.43 
13614.55 
13614.68 
13614.81 
13614.93 
13615.06 
13615.19 
13615.31 
13615.44 
13615.57 
13615.69 
13615.82 
13615.95 
13616.07 
13616.20 
13616.33 
13616.46 
13616.59 
13616.72 
13616.84 
13616.97 
13617.10 
13617.23 
13617.35 
13617.48 
13617.61 
13617.74 
13617.88 
13618.01 
13618.14 
13618.26 
13618.39 
13618.52 
13618.65 
13618.78 
13618.91 
13619.04 
13619.16 
13619.29 
13619.42 
13619.55 
13619.67 
13619.80 
13619.93 
13620.06 
13620.19 
13620.31 
13620.44 
13620.57 
13620.70 
13620.82 
13620.95 
13621.08 
13621.21 
13621.34 
13621.47 
13621.59 
13621.72 
13621.85 
13621.98 
13622.11 
13622.23 
13622.36 
13622.49 
13622.61 
13622.74 
13622.87 
13623.00 
13623.12 
13623.25 
13623.38 
13623.51 
13623.64 
13623.77 
13623.90 
13624.03 
13624.16 
13624.29 
13624.42 
13624.54 
13624.67 
13624.80 
13624.93 
13625.05 
13625.18 
13625.31 
13625.43 
13625.57 
13625.68 
13625.81 
13625.95 
13626.08 
13626.21 
13626.33 
13626.46 
13626.59 
13626.72 
13626.84 
13626.97 
13627.10 
13627.23 
13627.35 
13627.48 
13627.61 
13627.74 
13627.86 
13627.99 
13628.11 
13628.24 
13628.36 
13628.49 
13628.62 
13628.75 
13628.88 
13629.01 
13629.13 
13629.26 
13629.39 
13629.51 
13629.64 
13629.77 
13629.90 
13630.03 
13630.15 
13630.28 
13630.41 
13630.54 
13630.67 
13630.79 
13630.92 
13631.05 
13631.17 
13631.30 
13631.43 
13631.56 
13631.69 
13631.82 
13631.95 
13632.07 
13632.20 
13632.33 
13632.46 
13632.59 
13632.73 
13632.86 
13632.99 
13633.12 
13633.24 
13633.37 
13633.49 
13633.62 
13633.75 
13633.87 
13634.00 
13634.13 
13634.25 
13634.38 
13634.51 
13634.64 
13634.77 
13634.89 
13635.02 
13635.15 
13635.27 
13635.40 
13635.52 
13635.65 
13635.78 
13635.90 
13636.03 
13636.16 
13636.29 
13636.41 
13636.53 
13636.64 
13636.74 
13636.85 
13636.96 
13637.07 
13637.18 
13637.32 
13637.42 
13637.54 
13637.65 
13637.76 
13637.87 
13637.98 
13638.09 
13638.21 
13638.32 
13638.43 
13638.56 
13638.68 
13638.79 
13638.90 
13639.02 
13639.14 
13639.26 
13639.39 
13639.51 
13639.61 
13639.73 
13639.85 
13639.97 
13640.09 
13640.21 
13640.33 
13640.45 
13640.57 
13640.69 
13640.81 
13640.93 
13641.05 
13641.17 
13641.28 
13641.40 
13641.53 
13641.65 
13641.77 
13641.89 
13642.00 
13642.12 
13642.25 
13642.37 
13642.49 
13642.61 
13642.72 
13642.84 
13642.97 
13643.09 
13643.21 
13643.33 
13643.45 
13643.57 
13643.69 
13643.81 
13643.93 
13644.06 
13644.18 
13644.30 
13644.42 
13644.54 
13644.66 
13644.78 
13644.90 
13645.02 
13645.14 
13645.26 
13645.39 
13645.52 
13645.64 
13645.76 
13645.89 
13646.01 
13646.13 
13646.25 
13646.38 
13646.50 
13646.62 
13646.75 
13646.87 
13646.99 
13647.12 
13647.24 
13647.37 
13647.49 
13647.61 
13647.74 
13647.86 
13647.99 
13648.11 
13648.23 
13648.36 
13648.48 
13648.61 
13648.73 
13648.86 
13648.98 
13649.11 
13649.23 
13649.36 
13649.48 
13649.60 
13649.73 
13649.85 
13649.98 
13650.10 
13650.22 
13650.35 
13650.47 
13650.60 
13650.72 
13650.85 
13650.97 
13651.09 
13651.21 
13651.34 
13651.46 
13651.59 
13651.71 
13651.84 
13651.96 
13652.08 
13652.20 
13652.32 
13652.44 
13652.57 
13652.69 
13652.81 
13652.94 
13653.06 
13653.18 
13653.31 
13653.43 
13653.55 
13653.68 
13653.80 
13653.93 
13654.05 
13654.17 
13654.30 
13654.42 
13654.55 
13654.67 
13654.80 
13654.92 
13655.04 
13655.16 
13655.29 
13655.41 
13655.53 
13655.66 
13655.78 
13655.91 
13656.03 
13656.15 
13656.28 
13656.40 
13656.52 
13656.65 
13656.77 
13656.89 
13657.02 
13657.14 
13657.26 
13657.39 
13657.51 
13657.63 
13657.76 
13657.88 
13658.00 
13658.11 
13658.24 
13658.36 
13658.48 
13658.61 
13658.73 
13658.85 
13658.98 
13659.10 
13659.23 
13659.35 
13659.47 
13659.60 
13659.72 
13659.84 
13659.97 
13660.09 
13660.22 
13660.34 
13660.47 
13660.59 
13660.71 
13660.83 
13660.96 
13661.08 
13661.21 
13661.33 
13661.45 
13661.58 
13661.70 
13661.82 
13661.95 
13662.07 
13662.19 
13662.31 
13662.43 
13662.56 
13662.68 
13662.81 
13662.93 
13663.05 
13663.18 
13663.30 
13663.43 
13663.55 
13663.67 
13663.80 
13663.92 
13664.05 
13664.17 
13664.29 
13664.42 
13664.54 
13664.67 
13664.79 
13664.92 
13665.04 
13665.16 
13665.29 
13665.42 
13665.54 
13665.66 
13665.79 
13665.91 
13666.04 
13666.16 
13666.29 
13666.41 
13666.53 
13666.65 
13666.78 
13666.90 
13667.03 
13667.15 
13667.28 
13667.40 
13667.52 
13667.65 
13667.77 
13667.90 
13668.02 
13668.14 
13668.27 
13668.39 
13668.51 
13668.64 
13668.76 
13668.89 
13669.01 
13669.14 
13669.26 
13669.39 
13669.51 
13669.63 
13669.76 
13669.88 
13670.00 
13670.13 
13670.25 
13670.37 
13670.50 
13670.63 
13670.77 
13670.90 
13671.02 
13671.15 
13671.28 
13671.41 
13671.53 
13671.66 
13671.79 
13671.93 
13672.06 
13672.18 
13672.33 
13672.46 
13672.58 
13672.71 
13672.84 
13672.96 
13673.09 
13673.21 
13673.34 
13673.47 
13673.60 
13673.72 
13673.84 
13673.97 
13674.10 
13674.22 
13674.35 
13674.48 
13674.61 
13674.74 
13674.86 
13674.99 
13675.12 
13675.24 
13675.37 
13675.50 
13675.63 
13675.76 
13675.90 
13676.03 
13676.15 
13676.28 
13676.41 
13676.54 
13676.66 
13676.79 
13676.91 
13677.04 
13677.17 
13677.29 
13677.42 
13677.55 
13677.67 
13677.80 
13677.93 
13678.06 
13678.19 
13678.32 
13678.44 
13678.59 
13678.71 
13678.84 
13678.97 
13679.10 
13679.22 
13679.35 
13679.48 
13679.61 
13679.74 
13679.87 
13679.99 
13680.12 
13680.25 
13680.39 
13680.50 
13680.62 
13680.74 
13680.86 
13680.99 
13681.12 
13681.25 
13681.38 
13681.51 
13681.63 
13681.77 
13681.90 
13682.03 
13682.15 
13682.28 
13682.41 
13682.53 
13682.66 
13682.78 
13682.91 
13683.05 
13683.18 
13683.30 
13683.43 
13683.56 
13683.69 
13683.82 
13683.95 
13684.07 
13684.20 
13684.33 
13684.46 
13684.58 
13684.71 
13684.84 
13684.96 
13685.08 
13685.21 
13685.34 
13685.47 
13685.60 
13685.72 
13685.85 
13685.98 
13686.10 
13686.23 
13686.36 
13686.49 
13686.62 
13686.75 
13686.88 
13687.01 
13687.13 
13687.26 
13687.39 
13687.52 
13687.65 
13687.77 
13687.90 
13688.03 
13688.16 
13688.28 
13688.41 
13688.54 
13688.67 
13688.80 
13688.92 
13689.05 
13689.18 
13689.30 
13689.43 
13689.56 
13689.69 
13689.82 
13689.94 
13690.07 
13690.20 
13690.33 
13690.46 
13690.59 
13690.72 
13690.84 
13690.97 
13691.10 
13691.22 
13691.35 
13691.49 
13691.62 
13691.74 
13691.87 
13692.00 
13692.13 
13692.25 
13692.38 
13692.51 
13692.63 
13692.76 
13692.89 
13693.02 
13693.15 
13693.28 
13693.40 
13693.53 
13693.67 
13693.80 
13693.93 
13694.06 
13694.19 
13694.31 
13694.44 
13694.57 
13694.70 
13694.83 
13694.95 
13695.08 
13695.21 
13695.34 
13695.47 
13695.59 
13695.72 
13695.85 
13695.97 
13696.08 
13696.20 
13696.32 
13696.45 
13696.57 
13696.69 
13696.82 
13696.94 
13697.08 
13697.20 
13697.33 
13697.44 
13697.56 
13697.69 
13697.82 
13697.95 
13698.08 
13698.22 
13698.35 
13698.47 
13698.60 
13698.73 
13698.86 
13698.99 
13699.12 
13699.24 
13699.37 
13699.49 
13699.62 
13699.75 
13699.88 
13700.01 
13700.14 
13700.26 
13700.39 
13700.52 
13700.65 
13700.78 
13700.91 
13701.04 
13701.17 
13701.30 
13701.42 
13701.55 
13701.68 
13701.82 
13701.95 
13702.08 
13702.21 
13702.34 
13702.46 
13702.59 
13702.72 
13702.84 
13702.97 
13703.10 
13703.23 
13703.35 
13703.48 
13703.61 
13703.74 
13703.87 
13704.00 
13704.12 
13704.25 
13704.40 
13704.53 
13704.65 
13704.78 
13704.91 
13705.04 
13705.17 
13705.30 
13705.42 
13705.55 
13705.68 
13705.81 
13705.93 
13706.06 
13706.19 
13706.32 
13706.44 
13706.57 
13706.70 
13706.83 
13706.95 
13707.08 
13707.21 
13707.34 
13707.46 
13707.59 
13707.72 
13707.84 
13707.97 
13708.10 
13708.22 
13708.35 
13708.48 
13708.61 
13708.74 
13708.86 
13708.99 
13709.11 
13709.24 
13709.37 
13709.50 
13709.63 
13709.75 
13709.88 
13710.01 
13710.14 
13710.27 
13710.39 
13710.52 
13710.65 
13710.78 
13710.91 
13711.04 
13711.16 
13711.29 
13711.42 
13711.55 
13711.68 
13711.80 
13711.94 
13712.07 
13712.20 
13712.33 
13712.45 
13712.58 
13712.70 
13712.83 
13712.95 
13713.08 
13713.20 
13713.33 
13713.45 
13713.59 
13713.71 
13713.84 
13713.97 
13714.10 
13714.22 
13714.35 
13714.48 
13714.61 
13714.74 
13714.86 
13714.99 
13715.12 
13715.25 
13715.37 
13715.50 
13715.63 
13715.75 
13715.88 
13716.01 
13716.14 
13716.27 
13716.40 
13716.54 
13716.67 
13716.80 
13716.92 
13717.05 
13717.18 
13717.31 
13717.44 
13717.56 
13717.69 
13717.82 
13717.95 
13718.07 
13718.20 
13718.33 
13718.46 
13718.58 
13718.71 
13718.84 
13718.97 
13719.12 
13719.25 
13719.38 
13719.51 
13719.64 
13719.77 
13719.90 
13720.02 
13720.15 
13720.28 
13720.41 
13720.54 
13720.66 
13720.79 
13720.92 
13721.05 
13721.18 
13721.31 
13721.43 
13721.56 
13721.69 
13721.82 
13721.95 
13722.08 
13722.21 
13722.33 
13722.46 
13722.59 
13722.72 
13722.84 
13722.97 
13723.10 
13723.23 
13723.36 
13723.48 
13723.61 
13723.74 
13723.89 
13724.01 
13724.14 
13724.27 
13724.40 
13724.52 
13724.65 
13724.78 
13724.90 
13725.03 
13725.16 
13725.29 
13725.42 
13725.55 
13725.68 
13725.80 
13725.93 
13726.06 
13726.19 
13726.32 
13726.44 
13726.57 
13726.70 
13726.83 
13726.95 
13727.08 
13727.21 
13727.34 
13727.47 
13727.60 
13727.72 
13727.85 
13727.98 
13728.11 
13728.25 
13728.37 
13728.49 
13728.61 
13728.73 
13728.86 
13728.99 
13729.12 
13729.24 
13729.37 
13729.50 
13729.63 
13729.76 
13729.89 
13730.02 
13730.14 
13730.27 
13730.40 
13730.52 
13730.65 
13730.78 
13730.91 
13731.04 
13731.16 
13731.29 
13731.42 
13731.55 
13731.68 
13731.81 
13731.94 
13732.06 
13732.19 
13732.32 
13732.45 
13732.59 
13732.71 
13732.84 
13732.96 
13733.09 
13733.22 
13733.34 
13733.47 
13733.60 
13733.73 
13733.86 
13733.98 
13734.11 
13734.24 
13734.37 
13734.50 
13734.62 
13734.75 
13734.88 
13735.01 
13735.13 
13735.26 
13735.39 
13735.52 
13735.65 
13735.78 
13735.91 
13736.04 
13736.17 
13736.30 
13736.43 
13736.56 
13736.69 
13736.81 
13736.94 
13737.07 
13737.20 
13737.33 
13737.46 
13737.58 
13737.71 
13737.84 
13737.97 
13738.09 
13738.22 
13738.35 
13738.48 
13738.61 
13738.74 
13738.86 
13738.99 
13739.12 
13739.25 
13739.38 
13739.51 
13739.63 
13739.76 
13739.89 
13740.01 
13740.14 
13740.27 
13740.40 
13740.53 
13740.66 
13740.79 
13740.91 
13741.04 
13741.17 
13741.30 
13741.42 
13741.55 
13741.68 
13741.82 
13741.94 
13742.07 
13742.20 
13742.33 
13742.46 
13742.58 
13742.70 
13742.83 
13742.96 
13743.09 
13743.22 
13743.35 
13743.48 
13743.62 
13743.74 
13743.86 
13743.99 
13744.11 
13744.24 
13744.37 
13744.50 
13744.62 
13744.75 
13744.88 
13745.00 
13745.13 
13745.25 
13745.38 
13745.51 
13745.64 
13745.77 
13745.90 
13746.03 
13746.16 
13746.29 
13746.42 
13746.54 
13746.67 
13746.80 
13746.93 
13747.05 
13747.19 
13747.31 
13747.44 
13747.57 
13747.69 
13747.82 
13747.95 
13748.08 
13748.21 
13748.32 
13748.45 
13748.58 
13748.71 
13748.83 
13748.96 
13749.09 
13749.21 
13749.34 
13749.47 
13749.60 
13749.73 
13749.86 
13749.99 
13750.11 
13750.24 
13750.37 
13750.50 
13750.62 
13750.75 
13750.88 
13751.01 
13751.14 
13751.26 
13751.39 
13751.52 
13751.65 
13751.78 
13751.91 
13752.03 
13752.16 
13752.29 
13752.42 
13752.54 
13752.67 
13752.80 
13752.93 
13753.06 
13753.19 
13753.31 
13753.44 
13753.57 
13753.70 
13753.82 
13753.95 
13754.08 
13754.21 
13754.34 
13754.46 
13754.60 
13754.73 
13754.85 
13754.98 
13755.10 
13755.23 
13755.36 
13755.49 
13755.62 
13755.75 
13755.87 
13756.00 
13756.13 
13756.26 
13756.39 
13756.51 
13756.64 
13756.77 
13756.90 
13757.03 
13757.15 
13757.28 
13757.41 
13757.54 
13757.66 
13757.79 
13757.92 
13758.05 
13758.18 
13758.31 
13758.43 
13758.56 
13758.69 
13758.82 
13758.94 
13759.07 
13759.20 
13759.31 
13759.43 
13759.55 
13759.68 
13759.81 
13759.93 
13760.06 
13760.19 
13760.31 
13760.44 
13760.57 
13760.70 
13760.82 
13760.95 
13761.08 
13761.21 
13761.34 
13761.47 
13761.59 
13761.72 
13761.85 
13761.98 
13762.11 
13762.24 
13762.36 
13762.49 
13762.61 
13762.74 
13762.87 
13763.00 
13763.12 
13763.25 
13763.37 
13763.50 
13763.63 
13763.76 
13763.89 
13764.02 
13764.14 
13764.27 
13764.40 
13764.53 
13764.65 
13764.78 
13764.91 
13765.04 
13765.17 
13765.30 
13765.42 
13765.55 
13765.68 
13765.81 
13765.94 
13766.07 
13766.19 
13766.32 
13766.45 
13766.58 
13766.71 
13766.83 
13766.96 
13767.09 
13767.22 
13767.34 
13767.47 
13767.60 
13767.73 
13767.86 
13767.98 
13768.11 
13768.24 
13768.37 
13768.49 
13768.62 
13768.75 
13768.88 
13769.02 
13769.14 
13769.26 
13769.39 
13769.52 
13769.65 
13769.78 
13769.91 
13770.03 
13770.16 
13770.30 
13770.43 
13770.56 
13770.68 
13770.81 
13770.94 
13771.07 
13771.20 
13771.32 
13771.45 
13771.58 
13771.71 
13771.84 
13771.96 
13772.09 
13772.22 
13772.34 
13772.47 
13772.60 
13772.73 
13772.85 
13772.98 
13773.11 
13773.24 
13773.37 
13773.50 
13773.63 
13773.76 
13773.88 
13774.01 
13774.14 
13774.27 
13774.39 
13774.52 
13774.65 
13774.77 
13774.89 
13775.02 
13775.14 
13775.26 
13775.39 
13775.52 
13775.65 
13775.78 
13775.90 
13776.03 
13776.16 
13776.29 
13776.41 
13776.54 
13776.67 
13776.79 
13776.92 
13777.05 
13777.18 
13777.31 
13777.44 
13777.56 
13777.69 
13777.82 
13777.95 
13778.08 
13778.21 
13778.33 
13778.46 
13778.59 
13778.71 
13778.84 
13778.97 
13779.10 
13779.22 
13779.35 
13779.48 
13779.61 
13779.74 
13779.87 
13779.99 
13780.12 
13780.24 
13780.37 
13780.50 
13780.63 
13780.76 
13780.89 
13781.02 
13781.14 
13781.27 
13781.40 
13781.53 
13781.66 
13781.79 
13781.92 
13782.04 
13782.17 
13782.30 
13782.42 
13782.55 
13782.68 
13782.81 
13782.94 
13783.07 
13783.20 
13783.33 
13783.46 
13783.59 
13783.71 
13783.84 
13783.97 
13784.10 
13784.22 
13784.35 
13784.48 
13784.61 
13784.74 
13784.86 
13784.99 
13785.12 
13785.25 
13785.37 
13785.50 
13785.63 
13785.76 
13785.89 
13786.01 
13786.14 
13786.27 
13786.40 
13786.52 
13786.65 
13786.78 
13786.91 
13787.04 
13787.16 
13787.29 
13787.42 
13787.54 
13787.67 
13787.79 
13787.92 
13788.05 
13788.18 
13788.30 
13788.43 
13788.56 
13788.69 
13788.81 
13788.94 
13789.07 
13789.20 
13789.32 
13789.45 
13789.58 
13789.71 
13789.84 
13789.96 
13790.09 
13790.22 
13790.34 
13790.46 
13790.59 
13790.72 
13790.85 
13790.98 
13791.10 
13791.23 
13791.36 
13791.49 
13791.62 
13791.75 
13791.87 
13792.00 
13792.13 
13792.26 
13792.39 
13792.51 
13792.64 
13792.77 
13792.90 
13793.03 
13793.15 
13793.28 
13793.41 
13793.53 
13793.66 
13793.79 
13793.92 
13794.05 
13794.18 
13794.30 
13794.43 
13794.56 
13794.69 
13794.81 
13794.94 
13795.07 
13795.20 
13795.32 
13795.45 
13795.58 
13795.71 
13795.83 
13795.96 
13796.09 
13796.21 
13796.34 
13796.46 
13796.59 
13796.71 
13796.84 
13796.97 
13797.10 
13797.23 
13797.36 
13797.49 
13797.61 
13797.74 
13797.86 
13797.99 
13798.12 
13798.25 
13798.38 
13798.51 
13798.64 
13798.77 
13798.90 
13799.02 
13799.15 
13799.28 
13799.42 
13799.55 
13799.68 
13799.81 
13799.94 
13800.08 
13800.21 
13800.34 
13800.47 
13800.59 
13800.72 
13800.85 
13800.98 
13801.10 
13801.23 
13801.36 
13801.48 
13801.61 
13801.74 
13801.87 
13802.00 
13802.13 
13802.25 
13802.38 
13802.51 
13802.63 
13802.76 
13802.89 
13803.01 
13803.14 
13803.27 
13803.42 
13803.54 
13803.67 
13803.80 
13803.93 
13804.05 
13804.18 
13804.31 
13804.44 
13804.56 
13804.69 
13804.81 
13804.94 
13805.06 
13805.19 
13805.32 
13805.45 
13805.57 
13805.70 
13805.83 
13805.95 
13806.08 
13806.21 
13806.33 
13806.46 
13806.59 
13806.72 
13806.85 
13806.98 
13807.11 
13807.23 
13807.36 
13807.49 
13807.62 
13807.76 
13807.89 
13808.02 
13808.14 
13808.27 
13808.41 
13808.53 
13808.66 
13808.79 
13808.92 
13809.05 
13809.18 
13809.31 
13809.43 
13809.56 
13809.69 
13809.83 
13809.96 
13810.09 
13810.22 
13810.34 
13810.47 
13810.60 
13810.73 
13810.86 
13810.99 
13811.11 
13811.24 
13811.37 
13811.49 
13811.62 
13811.74 
13811.87 
13812.00 
13812.13 
13812.25 
13812.38 
13812.51 
13812.64 
13812.77 
13812.89 
13813.02 
13813.15 
13813.27 
13813.40 
13813.53 
13813.66 
13813.79 
13813.92 
13814.05 
13814.18 
13814.30 
13814.43 
13814.56 
13814.69 
13814.81 
13814.94 
13815.07 
13815.20 
13815.33 
13815.46 
13815.58 
13815.71 
13815.84 
13815.97 
13816.10 
13816.24 
13816.37 
13816.50 
13816.62 
13816.75 
13816.88 
13817.00 
13817.13 
13817.26 
13817.39 
13817.51 
13817.64 
13817.77 
13817.90 
13818.02 
13818.15 
13818.28 
13818.40 
13818.54 
13818.66 
13818.77 
13818.89 
13819.01 
13819.14 
13819.27 
13819.41 
13819.52 
13819.66 
13819.77 
13819.89 
13820.01 
13820.13 
13820.25 
13820.37 
13820.49 
13820.61 
13820.73 
13820.85 
13820.97 
13821.09 
13821.21 
13821.33 
13821.45 
13821.57 
13821.69 
13821.81 
13821.96 
13822.11 
13822.27 
13822.42 
13822.60 
13822.74 
13822.88 
13823.02 
13823.17 
13823.32 
13823.44 
13823.57 
13823.71 
13823.84 
13823.97 
13824.18 
13824.36 
13824.63 
13824.81 
13824.96 
13825.07 
13825.20 
13825.31 
13825.43 
13825.55 
13825.67 
13825.78 
13825.90 
13826.02 
13826.14 
13826.26 
13826.38 
13826.49 
13826.61 
13826.73 
13826.85 
13826.97 
13827.09 
13827.21 
13827.33 
13827.45 
13827.57 
13827.69 
13827.81 
13827.93 
13828.05 
13828.17 
13828.31 
13828.44 
13828.56 
13828.69 
13828.82 
13828.95 
13829.07 
13829.20 
13829.33 
13829.46 
13829.58 
13829.72 
13829.84 
13829.97 
13830.12 
13830.24 
13830.38 
13830.50 
13830.63 
13830.77 
13830.91 
13831.03 
13831.16 
13831.30 
13831.43 
13831.57 
13831.70 
13831.83 
13831.96 
13832.09 
13832.21 
13832.35 
13832.49 
13832.63 
13832.76 
13832.88 
13833.02 
13833.14 
13833.27 
13833.41 
13833.54 
13833.66 
13833.80 
13833.93 
13834.07 
13834.20 
13834.32 
13834.43 
13834.55 
13834.69 
13834.81 
13834.95 
13835.08 
13835.21 
13835.34 
13835.46 
13835.58 
13835.72 
13835.84 
13835.98 
13836.10 
13836.23 
13836.37 
13836.50 
13836.64 
13836.78 
13836.90 
13837.03 
13837.16 
13837.28 
13837.42 
13837.56 
13837.70 
13837.83 
13837.96 
13838.10 
13838.23 
13838.38 
13838.52 
13838.65 
13838.77 
13838.90 
13839.03 
13839.16 
13839.30 
13839.43 
13839.56 
13839.69 
13839.81 
13839.94 
13840.06 
13840.20 
13840.32 
13840.45 
13840.59 
13840.73 
13840.86 
13840.98 
13841.11 
13841.23 
13841.37 
13841.50 
13841.62 
13841.76 
13841.89 
13842.02 
13842.15 
13842.29 
13842.43 
13842.55 
13842.69 
13842.82 
13842.96 
13843.10 
13843.24 
13843.38 
13843.51 
13843.65 
13843.78 
13843.90 
13844.03 
13844.17 
13844.30 
13844.43 
13844.55 
13844.68 
13844.80 
13844.93 
13845.06 
13845.20 
13845.34 
13845.48 
13845.61 
13845.74 
13845.86 
13845.99 
13846.13 
13846.27 
13846.41 
13846.54 
13846.68 
13846.81 
13846.93 
13847.07 
13847.20 
13847.33 
13847.47 
13847.60 
13847.74 
13847.86 
13847.99 
13848.12 
13848.26 
13848.40 
13848.54 
13848.66 
13848.80 
13848.93 
13849.07 
13849.21 
13849.35 
13849.49 
13849.62 
13849.76 
13849.89 
13850.03 
13850.17 
13850.29 
13850.44 
13850.57 
13850.70 
13850.82 
13850.95 
13851.09 
13851.23 
13851.37 
13851.49 
13851.62 
13851.75 
13851.87 
13852.01 
13852.15 
13852.28 
13852.42 
13852.55 
13852.68 
13852.80 
13852.94 
13853.08 
13853.21 
13853.33 
13853.46 
13853.58 
13853.72 
13853.85 
13853.97 
13854.10 
13854.23 
13854.36 
13854.49 
13854.63 
13854.76 
13854.89 
13855.01 
13855.14 
13855.28 
13855.42 
13855.56 
13855.70 
13855.83 
13855.97 
13856.10 
13856.24 
13856.39 
13856.52 
13856.65 
13856.77 
13856.91 
13857.03 
13857.17 
13857.30 
13857.43 
13857.56 
13857.70 
13857.84 
13857.98 
13858.12 
13858.25 
13858.37 
13858.50 
13858.64 
13858.78 
13858.92 
13859.05 
13859.17 
13859.30 
13859.44 
13859.58 
13859.72 
13859.85 
13859.99 
13860.13 
13860.26 
13860.38 
13860.52 
13860.65 
13860.78 
13860.90 
13861.03 
13861.16 
13861.29 
13861.43 
13861.56 
13861.68 
13861.82 
13861.94 
13862.08 
13862.22 
13862.34 
13862.46 
13862.59 
13862.73 
13862.87 
13863.00 
13863.13 
13863.26 
13863.40 
13863.53 
13863.65 
13863.78 
13863.91 
13864.04 
13864.18 
13864.31 
13864.43 
13864.57 
13864.71 
13864.84 
13864.97 
13865.11 
13865.25 
13865.38 
13865.49 
13865.60 
13865.71 
13865.82 
13865.94 
13866.07 
13866.20 
13866.34 
13866.47 
13866.60 
13866.73 
13866.85 
13866.98 
13867.11 
13867.24 
13867.37 
13867.50 
13867.63 
13867.76 
13867.89 
13868.01 
13868.14 
13868.26 
13868.39 
13868.52 
13868.65 
13868.78 
13868.90 
13869.03 
13869.18 
13869.31 
13869.44 
13869.57 
13869.70 
13869.82 
13869.96 
13870.09 
13870.22 
13870.35 
13870.48 
13870.61 
13870.73 
13870.86 
13870.99 
13871.11 
13871.24 
13871.38 
13871.50 
13871.63 
13871.74 
13871.87 
13872.00 
13872.12 
13872.25 
13872.38 
13872.51 
13872.63 
13872.76 
13872.89 
13873.02 
13873.14 
13873.27 
13873.40 
13873.53 
13873.66 
13873.78 
13873.91 
13874.04 
13874.17 
13874.30 
13874.42 
13874.55 
13874.68 
13874.81 
13874.94 
13875.06 
13875.18 
13875.31 
13875.44 
13875.56 
13875.69 
13875.82 
13875.95 
13876.08 
13876.21 
13876.33 
13876.46 
13876.59 
13876.72 
13876.85 
13876.98 
13877.10 
13877.23 
13877.36 
13877.48 
13877.62 
13877.75 
13877.88 
13878.01 
13878.13 
13878.26 
13878.38 
13878.50 
13878.63 
13878.76 
13878.89 
13879.02 
13879.15 
13879.27 
13879.40 
13879.52 
13879.65 
13879.78 
13879.90 
13880.03 
13880.16 
13880.29 
13880.42 
13880.54 
13880.67 
13880.80 
13880.93 
13881.05 
13881.18 
13881.31 
13881.45 
13881.58 
13881.71 
13881.84 
13881.97 
13882.10 
13882.22 
13882.35 
13882.48 
13882.60 
13882.73 
13882.86 
13882.99 
13883.12 
13883.24 
13883.37 
13883.49 
13883.62 
13883.75 
13883.88 
13884.00 
13884.13 
13884.26 
13884.38 
13884.51 
13884.64 
13884.77 
13884.89 
13885.02 
13885.15 
13885.27 
13885.40 
13885.52 
13885.65 
13885.78 
13885.91 
13886.03 
13886.16 
13886.29 
13886.43 
13886.56 
13886.69 
13886.82 
13886.94 
13887.06 
13887.17 
13887.29 
13887.41 
13887.54 
13887.68 
13887.80 
13887.93 
13888.06 
13888.19 
13888.31 
13888.44 
13888.57 
13888.70 
13888.83 
13888.95 
13889.08 
13889.21 
13889.36 
13889.49 
13889.61 
13889.74 
13889.87 
13890.00 
13890.13 
13890.25 
13890.38 
13890.51 
13890.64 
13890.77 
13890.91 
13891.03 
13891.16 
13891.29 
13891.42 
13891.55 
13891.68 
13891.80 
13891.93 
13892.06 
13892.19 
13892.32 
13892.44 
13892.56 
13892.69 
13892.81 
13892.94 
13893.07 
13893.20 
13893.32 
13893.45 
13893.58 
13893.71 
13893.84 
13893.96 
13894.09 
13894.22 
13894.34 
13894.47 
13894.59 
13894.72 
13894.84 
13894.97 
13895.09 
13895.22 
13895.34 
13895.47 
13895.60 
13895.73 
13895.85 
13895.98 
13896.11 
13896.25 
13896.38 
13896.52 
13896.65 
13896.77 
13896.90 
13897.03 
13897.18 
13897.31 
13897.44 
13897.57 
13897.69 
13897.82 
13897.95 
13898.07 
13898.20 
13898.33 
13898.46 
13898.58 
13898.71 
13898.84 
13898.97 
13899.10 
13899.22 
13899.35 
13899.48 
13899.61 
13899.73 
13899.86 
13899.99 
13900.12 
13900.25 
13900.38 
13900.51 
13900.64 
13900.76 
13900.89 
13901.02 
13901.15 
13901.27 
13901.40 
13901.53 
13901.65 
13901.78 
13901.91 
13902.04 
13902.17 
13902.30 
13902.42 
13902.55 
13902.67 
13902.81 
13902.93 
13903.05 
13903.18 
13903.31 
13903.44 
13903.57 
13903.69 
13903.82 
13903.95 
13904.08 
13904.21 
13904.34 
13904.47 
13904.59 
13904.72 
13904.85 
13904.97 
13905.10 
13905.23 
13905.36 
13905.49 
13905.61 
13905.74 
13905.87 
13906.00 
13906.13 
13906.26 
13906.38 
13906.51 
13906.64 
13906.77 
13906.90 
13907.02 
13907.15 
13907.28 
13907.41 
13907.53 
13907.66 
13907.79 
13907.92 
13908.04 
13908.17 
13908.30 
13908.43 
13908.55 
13908.68 
13908.81 
13908.94 
13909.08 
13909.21 
13909.34 
13909.47 
13909.59 
13909.72 
13909.85 
13909.98 
13910.11 
13910.24 
13910.37 
13910.50 
13910.62 
13910.75 
13910.88 
13911.01 
13911.13 
13911.26 
13911.39 
13911.52 
13911.65 
13911.78 
13911.90 
13912.03 
13912.16 
13912.29 
13912.41 
13912.54 
13912.67 
13912.80 
13912.93 
13913.06 
13913.19 
13913.31 
13913.44 
13913.57 
13913.70 
13913.82 
13913.95 
13914.08 
13914.21 
13914.33 
13914.46 
13914.59 
13914.72 
13914.85 
13914.97 
13915.10 
13915.23 
13915.35 
13915.48 
13915.61 
13915.74 
13915.87 
13916.00 
13916.13 
13916.25 
13916.39 
13916.51 
13916.64 
13916.79 
13916.92 
13917.05 
13917.17 
13917.30 
13917.43 
13917.56 
13917.69 
13917.82 
13917.94 
13918.07 
13918.19 
13918.31 
13918.43 
13918.56 
13918.69 
13918.81 
13918.94 
13919.07 
13919.20 
13919.33 
13919.45 
13919.58 
13919.70 
13919.83 
13919.96 
13920.09 
13920.22 
13920.35 
13920.49 
13920.62 
13920.75 
13920.88 
13921.00 
13921.13 
13921.26 
13921.38 
13921.52 
13921.65 
13921.77 
13921.90 
13922.03 
13922.16 
13922.29 
13922.42 
13922.54 
13922.68 
13922.81 
13922.94 
13923.07 
13923.19 
13923.32 
13923.45 
13923.58 
13923.71 
13923.83 
13923.96 
13924.11 
13924.23 
13924.36 
13924.49 
13924.61 
13924.73 
13924.86 
13924.98 
13925.10 
13925.23 
13925.35 
13925.48 
13925.61 
13925.73 
13925.86 
13925.99 
13926.11 
13926.24 
13926.37 
13926.50 
13926.62 
13926.75 
13926.88 
13927.01 
13927.14 
13927.26 
13927.39 
13927.52 
13927.65 
13927.78 
13927.90 
13928.03 
13928.16 
13928.29 
13928.41 
13928.54 
13928.67 
13928.79 
13928.92 
13929.05 
13929.17 
13929.30 
13929.43 
13929.56 
13929.71 
13929.83 
13929.96 
13930.09 
13930.22 
13930.35 
13930.47 
13930.60 
13930.73 
13930.86 
13930.99 
13931.11 
13931.24 
13931.37 
13931.50 
13931.63 
13931.76 
13931.89 
13932.01 
13932.14 
13932.27 
13932.39 
13932.52 
13932.65 
13932.78 
13932.91 
13933.03 
13933.16 
13933.29 
13933.41 
13933.53 
13933.66 
13933.79 
13933.92 
13934.04 
13934.17 
13934.30 
13934.43 
13934.55 
13934.70 
13934.83 
13934.95 
13935.08 
13935.21 
13935.34 
13935.47 
13935.60 
13935.72 
13935.85 
13935.98 
13936.11 
13936.24 
13936.36 
13936.49 
13936.62 
13936.75 
13936.88 
13937.00 
13937.13 
13937.25 
13937.39 
13937.51 
13937.63 
13937.75 
13937.88 
13938.01 
13938.14 
13938.26 
13938.39 
13938.52 
13938.65 
13938.78 
13938.91 
13939.04 
13939.16 
13939.29 
13939.42 
13939.55 
13939.68 
13939.82 
13939.95 
13940.08 
13940.22 
13940.35 
13940.48 
13940.61 
13940.74 
13940.86 
13940.99 
13941.12 
13941.25 
13941.38 
13941.50 
13941.63 
13941.75 
13941.88 
13942.01 
13942.14 
13942.26 
13942.39 
13942.52 
13942.65 
13942.78 
13942.91 
13943.04 
13943.16 
13943.31 
13943.43 
13943.56 
13943.69 
13943.82 
13943.94 
13944.07 
13944.20 
13944.33 
13944.46 
13944.59 
13944.72 
13944.85 
13944.97 
13945.10 
13945.22 
13945.35 
13945.48 
13945.61 
13945.74 
13945.87 
13946.00 
13946.12 
13946.25 
13946.38 
13946.51 
13946.63 
13946.76 
13946.89 
13947.02 
13947.14 
13947.27 
13947.40 
13947.53 
13947.66 
13947.78 
13947.91 
13948.04 
13948.17 
13948.29 
13948.42 
13948.55 
13948.68 
13948.81 
13948.93 
13949.05 
13949.17 
13949.30 
13949.42 
13949.55 
13949.67 
13949.79 
13949.92 
13950.05 
13950.18 
13950.30 
13950.43 
13950.56 
13950.69 
13950.82 
13950.94 
13951.07 
13951.20 
13951.33 
13951.46 
13951.60 
13951.73 
13951.86 
13951.98 
13952.11 
13952.24 
13952.37 
13952.50 
13952.62 
13952.75 
13952.87 
13953.00 
13953.13 
13953.26 
13953.39 
13953.52 
13953.64 
13953.77 
13953.90 
13954.03 
13954.15 
13954.28 
13954.41 
13954.54 
13954.67 
13954.80 
13954.92 
13955.05 
13955.17 
13955.30 
13955.43 
13955.56 
13955.69 
13955.82 
13955.95 
13956.07 
13956.20 
13956.33 
13956.46 
13956.59 
13956.72 
13956.85 
13956.98 
13957.11 
13957.23 
13957.36 
13957.49 
13957.62 
13957.75 
13957.87 
13958.00 
13958.13 
13958.26 
13958.39 
13958.51 
13958.64 
13958.77 
13958.90 
13959.02 
13959.15 
13959.28 
13959.41 
13959.54 
13959.67 
13959.79 
13959.92 
13960.05 
13960.18 
13960.30 
13960.43 
13960.56 
13960.69 
13960.82 
13960.94 
13961.07 
13961.20 
13961.33 
13961.46 
13961.58 
13961.71 
13961.84 
13961.97 
13962.09 
13962.22 
13962.35 
13962.47 
13962.60 
13962.73 
13962.86 
13962.99 
13963.11 
13963.24 
13963.37 
13963.50 
13963.63 
13963.76 
13963.89 
13964.01 
13964.14 
13964.27 
13964.38 
13964.50 
13964.62 
13964.75 
13964.88 
13965.01 
13965.13 
13965.26 
13965.39 
13965.52 
13965.65 
13965.78 
13965.90 
13966.03 
13966.16 
13966.29 
13966.41 
13966.54 
13966.67 
13966.80 
13966.93 
13967.06 
13967.18 
13967.31 
13967.44 
13967.57 
13967.69 
13967.83 
13967.96 
13968.09 
13968.22 
13968.34 
13968.47 
13968.59 
13968.72 
13968.85 
13968.98 
13969.10 
13969.23 
13969.36 
13969.49 
13969.63 
13969.76 
13969.89 
13970.01 
13970.14 
13970.27 
13970.40 
13970.53 
13970.65 
13970.78 
13970.90 
13971.03 
13971.15 
13971.29 
13971.42 
13971.54 
13971.67 
13971.80 
13971.93 
13972.06 
13972.19 
13972.32 
13972.44 
13972.57 
13972.70 
13972.83 
13972.95 
13973.08 
13973.21 
13973.34 
13973.46 
13973.59 
13973.71 
13973.84 
13973.96 
13974.09 
13974.22 
13974.35 
13974.49 
13974.62 
13974.75 
13974.87 
13975.00 
13975.13 
13975.26 
13975.39 
13975.53 
13975.66 
13975.78 
13975.91 
13976.04 
13976.17 
13976.30 
13976.43 
13976.55 
13976.68 
13976.81 
13976.94 
13977.07 
13977.19 
13977.32 
13977.45 
13977.58 
13977.71 
13977.84 
13977.97 
13978.09 
13978.22 
13978.35 
13978.48 
13978.61 
13978.74 
13978.86 
13978.99 
13979.12 
13979.24 
13979.37 
13979.50 
13979.63 
13979.76 
13979.88 
13980.00 
13980.12 
13980.24 
13980.37 
13980.50 
13980.62 
13980.75 
13980.88 
13981.01 
13981.13 
13981.26 
13981.38 
13981.51 
13981.64 
13981.77 
13981.90 
13982.03 
13982.16 
13982.29 
13982.42 
13982.54 
13982.67 
13982.80 
13982.92 
13983.05 
13983.18 
13983.30 
13983.43 
13983.56 
13983.68 
13983.81 
13983.94 
13984.07 
13984.20 
13984.33 
13984.46 
13984.58 
13984.71 
13984.84 
13984.96 
13985.09 
13985.21 
13985.34 
13985.47 
13985.62 
13985.74 
13985.87 
13986.00 
13986.13 
13986.27 
13986.41 
13986.53 
13986.66 
13986.79 
13986.91 
13987.04 
13987.17 
13987.30 
13987.42 
13987.55 
13987.68 
13987.81 
13987.94 
13988.07 
13988.19 
13988.32 
13988.45 
13988.58 
13988.70 
13988.83 
13988.96 
13989.09 
13989.21 
13989.34 
13989.47 
13989.59 
13989.72 
13989.85 
13989.98 
13990.13 
13990.26 
13990.38 
13990.52 
13990.65 
13990.78 
13990.91 
13991.03 
13991.16 
13991.29 
13991.42 
13991.55 
13991.67 
13991.80 
13991.93 
13992.06 
13992.19 
13992.32 
13992.44 
13992.57 
13992.70 
13992.83 
13992.96 
13993.08 
13993.21 
13993.34 
13993.47 
13993.60 
13993.73 
13993.86 
13993.99 
13994.11 
13994.25 
13994.38 
13994.51 
13994.64 
13994.77 
13994.89 
13995.02 
13995.14 
13995.26 
13995.38 
13995.49 
13995.62 
13995.75 
13995.88 
13996.01 
13996.14 
13996.27 
13996.40 
13996.53 
13996.65 
13996.78 
13996.91 
13997.04 
13997.17 
13997.29 
13997.42 
13997.55 
13997.68 
13997.80 
13997.93 
13998.06 
13998.19 
13998.32 
13998.44 
13998.57 
13998.70 
13998.83 
13998.95 
13999.08 
13999.21 
13999.34 
13999.47 
13999.60 
13999.73 
13999.85 
13999.98 
14000.12 
14000.25 
14000.38 
14000.50 
14000.63 
14000.76 
14000.88 
14001.01 
14001.14 
14001.26 
14001.39 
14001.52 
14001.65 
14001.78 
14001.90 
14002.03 
14002.16 
14002.29 
14002.41 
14002.54 
14002.67 
14002.80 
14002.94 
14003.07 
14003.20 
14003.33 
14003.45 
14003.58 
14003.71 
14003.84 
14003.96 
14004.09 
14004.22 
14004.34 
14004.47 
14004.60 
14004.73 
14004.86 
14004.99 
14005.11 
14005.24 
14005.37 
14005.50 
14005.63 
14005.75 
14005.88 
14006.01 
14006.14 
14006.27 
14006.39 
14006.52 
14006.65 
14006.78 
14006.91 
14007.03 
14007.16 
14007.29 
14007.42 
14007.55 
14007.67 
14007.80 
14007.93 
14008.06 
14008.19 
14008.31 
14008.44 
14008.57 
14008.70 
14008.83 
14008.97 
14009.10 
14009.23 
14009.35 
14009.48 
14009.61 
14009.74 
14009.87 
14010.00 
14010.12 
14010.25 
14010.38 
14010.51 
14010.64 
14010.76 
14010.88 
14011.01 
14011.13 
14011.26 
14011.39 
14011.51 
14011.64 
14011.77 
14011.90 
14012.03 
14012.15 
14012.28 
14012.41 
14012.54 
14012.66 
14012.79 
14012.92 
14013.05 
14013.17 
14013.30 
14013.43 
14013.56 
14013.69 
14013.81 
14013.94 
14014.08 
14014.21 
14014.33 
14014.46 
14014.59 
14014.72 
14014.85 
14014.97 
14015.10 
14015.22 
14015.35 
14015.48 
14015.61 
14015.74 
14015.86 
14015.99 
14016.12 
14016.25 
14016.38 
14016.51 
14016.63 
14016.76 
14016.89 
14017.02 
14017.15 
14017.28 
14017.40 
14017.53 
14017.66 
14017.79 
14017.91 
14018.04 
14018.17 
14018.30 
14018.43 
14018.55 
14018.68 
14018.81 
14018.94 
14019.06 
14019.19 
14019.32 
14019.44 
14019.57 
14019.70 
14019.82 
14019.95 
14020.08 
14020.21 
14020.34 
14020.46 
14020.59 
14020.72 
14020.85 
14020.98 
14021.10 
14021.23 
14021.36 
14021.49 
14021.62 
14021.74 
14021.87 
14022.00 
14022.12 
14022.25 
14022.38 
14022.51 
14022.64 
14022.76 
14022.89 
14023.02 
14023.15 
14023.27 
14023.40 
14023.53 
14023.66 
14023.79 
14023.92 
14024.04 
14024.17 
14024.30 
14024.43 
14024.56 
14024.69 
14024.81 
14024.94 
14025.07 
14025.20 
14025.33 
14025.45 
14025.58 
14025.72 
14025.84 
14025.97 
14026.10 
14026.23 
14026.36 
14026.48 
14026.61 
14026.74 
14026.87 
14026.99 
14027.12 
14027.25 
14027.37 
14027.50 
14027.63 
14027.76 
14027.88 
14028.01 
14028.13 
14028.26 
14028.38 
14028.51 
14028.64 
14028.77 
14028.90 
14029.02 
14029.15 
14029.28 
14029.41 
14029.54 
14029.66 
14029.79 
14029.92 
14030.05 
14030.18 
14030.30 
14030.43 
14030.56 
14030.69 
14030.81 
14030.94 
14031.07 
14031.20 
14031.33 
14031.46 
14031.59 
14031.71 
14031.84 
14031.97 
14032.10 
14032.22 
14032.35 
14032.48 
14032.61 
14032.73 
14032.86 
14032.99 
14033.12 
14033.24 
14033.37 
14033.50 
14033.63 
14033.76 
14033.89 
14034.02 
14034.14 
14034.27 
14034.40 
14034.53 
14034.66 
14034.79 
14034.91 
14035.04 
14035.17 
14035.30 
14035.42 
14035.55 
14035.68 
14035.81 
14035.94 
14036.07 
14036.20 
14036.32 
14036.45 
14036.58 
14036.70 
14036.83 
14036.96 
14037.09 
14037.22 
14037.34 
14037.47 
14037.60 
14037.73 
14037.86 
14037.99 
14038.11 
14038.26 
14038.39 
14038.51 
14038.64 
14038.77 
14038.90 
14039.02 
14039.15 
14039.28 
14039.41 
14039.54 
14039.67 
14039.79 
14039.93 
14040.06 
14040.18 
14040.31 
14040.44 
14040.57 
14040.70 
14040.83 
14040.95 
14041.08 
14041.21 
14041.34 
14041.47 
14041.59 
14041.73 
14041.86 
14041.99 
14042.11 
14042.24 
14042.37 
14042.50 
14042.62 
14042.75 
14042.88 
14043.00 
14043.13 
14043.26 
14043.39 
14043.52 
14043.64 
14043.77 
14043.90 
14044.03 
14044.16 
14044.29 
14044.41 
14044.54 
14044.67 
14044.80 
14044.94 
14045.07 
14045.20 
14045.32 
14045.45 
14045.58 
14045.71 
14045.83 
14045.96 
14046.09 
14046.22 
14046.34 
14046.47 
14046.60 
14046.73 
14046.86 
14046.99 
14047.11 
14047.24 
14047.37 
14047.49 
14047.62 
14047.74 
14047.87 
14048.00 
14048.13 
14048.25 
14048.39 
14048.51 
14048.64 
14048.77 
14048.90 
14049.02 
14049.15 
14049.28 
14049.41 
14049.53 
14049.66 
14049.78 
14049.91 
14050.04 
14050.17 
14050.30 
14050.43 
14050.55 
14050.68 
14050.81 
14050.94 
14051.07 
14051.20 
14051.32 
14051.45 
14051.58 
14051.71 
14051.83 
14051.96 
14052.09 
14052.22 
14052.35 
14052.48 
14052.60 
14052.73 
14052.86 
14052.98 
14053.11 
14053.24 
14053.37 
14053.50 
14053.63 
14053.75 
14053.88 
14054.01 
14054.14 
14054.27 
14054.39 
14054.52 
14054.65 
14054.78 
14054.90 
14055.03 
14055.16 
14055.29 
14055.42 
14055.55 
14055.68 
14055.81 
14055.93 
14056.06 
14056.19 
14056.32 
14056.45 
14056.57 
14056.71 
14056.83 
14056.96 
14057.09 
14057.21 
14057.34 
14057.46 
14057.59 
14057.71 
14057.84 
14057.97 
14058.09 
14058.22 
14058.35 
14058.48 
14058.61 
14058.74 
14058.86 
14058.99 
14059.12 
14059.25 
14059.38 
14059.51 
14059.63 
14059.76 
14059.89 
14060.02 
14060.14 
14060.27 
14060.40 
14060.53 
14060.66 
14060.78 
14060.91 
14061.04 
14061.17 
14061.30 
14061.42 
14061.55 
14061.68 
14061.81 
14061.94 
14062.06 
14062.19 
14062.32 
14062.45 
14062.58 
14062.71 
14062.83 
14062.96 
14063.09 
14063.22 
14063.34 
14063.47 
14063.60 
14063.73 
14063.86 
14063.99 
14064.12 
14064.25 
14064.38 
14064.51 
14064.63 
14064.76 
14064.89 
14065.02 
14065.15 
14065.27 
14065.40 
14065.53 
14065.66 
14065.79 
14065.91 
14066.04 
14066.17 
14066.30 
14066.42 
14066.54 
14066.67 
14066.80 
14066.93 
14067.06 
14067.18 
14067.31 
14067.44 
14067.57 
14067.70 
14067.82 
14067.95 
14068.08 
14068.21 
14068.34 
14068.47 
14068.59 
14068.72 
14068.85 
14068.97 
14069.10 
14069.25 
14069.39 
14069.52 
14069.65 
14069.78 
14069.90 
14070.03 
14070.16 
14070.29 
14070.42 
14070.54 
14070.67 
14070.80 
14070.93 
14071.06 
14071.18 
14071.31 
14071.44 
14071.57 
14071.70 
14071.83 
14071.96 
14072.09 
14072.21 
14072.34 
14072.47 
14072.59 
14072.70 
14072.83 
14072.98 
14073.10 
14073.23 
14073.36 
14073.48 
14073.61 
14073.74 
14073.87 
14074.00 
14074.13 
14074.26 
14074.38 
14074.51 
14074.64 
14074.77 
14074.90 
14075.02 
14075.15 
14075.28 
14075.40 
14075.54 
14075.67 
14075.80 
14075.93 
14076.05 
14076.19 
14076.31 
14076.44 
14076.57 
14076.70 
14076.83 
14076.96 
14077.08 
14077.21 
14077.34 
14077.47 
14077.60 
14077.73 
14077.86 
14077.98 
14078.11 
14078.24 
14078.38 
14078.51 
14078.64 
14078.77 
14078.89 
14079.02 
14079.15 
14079.28 
14079.41 
14079.54 
14079.66 
14079.79 
14079.92 
14080.05 
14080.17 
14080.30 
14080.43 
14080.55 
14080.68 
14080.81 
14080.94 
14081.07 
14081.19 
14081.32 
14081.44 
14081.57 
14081.70 
14081.82 
14081.95 
14082.08 
14082.20 
14082.33 
14082.46 
14082.58 
14082.71 
14082.84 
14082.97 
14083.10 
14083.23 
14083.35 
14083.48 
14083.61 
14083.74 
14083.87 
14084.00 
14084.12 
14084.25 
14084.38 
14084.51 
14084.63 
14084.76 
14084.89 
14085.02 
14085.14 
14085.27 
14085.40 
14085.53 
14085.65 
14085.78 
14085.90 
14086.03 
14086.16 
14086.29 
14086.41 
14086.54 
14086.68 
14086.81 
14086.94 
14087.07 
14087.20 
14087.33 
14087.46 
14087.58 
14087.71 
14087.84 
14087.97 
14088.10 
14088.23 
14088.34 
14088.46 
14088.59 
14088.72 
14088.85 
14088.97 
14089.10 
14089.23 
14089.36 
14089.49 
14089.62 
14089.74 
14089.87 
14090.00 
14090.13 
14090.26 
14090.39 
14090.51 
14090.64 
14090.77 
14090.90 
14091.02 
14091.15 
14091.28 
14091.41 
14091.54 
14091.67 
14091.79 
14091.92 
14092.05 
14092.18 
14092.30 
14092.43 
14092.56 
14092.69 
14092.82 
14092.94 
14093.07 
14093.20 
14093.33 
14093.45 
14093.58 
14093.71 
14093.84 
14093.97 
14094.09 
14094.22 
14094.35 
14094.47 
14094.60 
14094.73 
14094.86 
14094.99 
14095.11 
14095.24 
14095.37 
14095.50 
14095.63 
14095.76 
14095.89 
14096.01 
14096.14 
14096.27 
14096.40 
14096.53 
14096.65 
14096.79 
14096.91 
14097.06 
14097.19 
14097.32 
14097.45 
14097.58 
14097.70 
14097.83 
14097.96 
14098.09 
14098.22 
14098.35 
14098.47 
14098.60 
14098.73 
14098.86 
14098.98 
14099.11 
14099.24 
14099.37 
14099.49 
14099.62 
14099.75 
14099.88 
14100.02 
14100.14 
14100.27 
14100.40 
14100.53 
14100.66 
14100.78 
14100.91 
14101.04 
14101.17 
14101.31 
14101.44 
14101.56 
14101.69 
14101.82 
14101.95 
14102.07 
14102.20 
14102.33 
14102.46 
14102.58 
14102.71 
14102.83 
14102.96 
14103.09 
14103.21 
14103.35 
14103.47 
14103.59 
14103.72 
14103.85 
14103.98 
14104.11 
14104.26 
14104.38 
14104.52 
14104.65 
14104.78 
14104.91 
14105.03 
14105.15 
14105.28 
14105.41 
14105.53 
14105.68 
14105.81 
14105.94 
14106.06 
14106.19 
14106.32 
14106.45 
14106.57 
14106.70 
14106.83 
14106.97 
14107.10 
14107.23 
14107.36 
14107.49 
14107.61 
14107.74 
14107.87 
14108.00 
14108.13 
14108.26 
14108.38 
14108.51 
14108.64 
14108.77 
14108.89 
14109.02 
14109.15 
14109.27 
14109.40 
14109.53 
14109.66 
14109.78 
14109.91 
14110.04 
14110.17 
14110.30 
14110.43 
14110.55 
14110.68 
14110.81 
14110.94 
14111.07 
14111.20 
14111.33 
14111.46 
14111.58 
14111.71 
14111.85 
14111.98 
14112.11 
14112.23 
14112.36 
14112.49 
14112.62 
14112.75 
14112.88 
14113.01 
14113.13 
14113.26 
14113.38 
14113.51 
14113.64 
14113.77 
14113.90 
14114.02 
14114.15 
14114.28 
14114.41 
14114.54 
14114.67 
14114.80 
14114.92 
14115.05 
14115.18 
14115.30 
14115.43 
14115.56 
14115.69 
14115.82 
14115.95 
14116.08 
14116.20 
14116.33 
14116.46 
14116.59 
14116.72 
14116.85 
14116.98 
14117.11 
14117.24 
14117.37 
14117.50 
14117.64 
14117.77 
14117.90 
14118.03 
14118.16 
14118.29 
14118.41 
14118.54 
14118.67 
14118.80 
14118.93 
14119.05 
14119.17 
14119.30 
14119.41 
14119.54 
14119.66 
14119.79 
14119.92 
14120.05 
14120.18 
14120.30 
14120.43 
14120.56 
14120.69 
14120.81 
14120.94 
14121.07 
14121.20 
14121.33 
14121.46 
14121.58 
14121.71 
14121.84 
14121.97 
14122.09 
14122.22 
14122.35 
14122.47 
14122.60 
14122.73 
14122.86 
14122.98 
14123.11 
14123.24 
14123.37 
14123.50 
14123.63 
14123.75 
14123.88 
14124.01 
14124.14 
14124.27 
14124.40 
14124.52 
14124.65 
14124.78 
14124.91 
14125.03 
14125.16 
14125.29 
14125.42 
14125.55 
14125.67 
14125.80 
14125.93 
14126.06 
14126.19 
14126.31 
14126.44 
14126.56 
14126.70 
14126.82 
14126.95 
14127.08 
14127.20 
14127.33 
14127.46 
14127.59 
14127.71 
14127.86 
14127.99 
14128.12 
14128.25 
14128.38 
14128.51 
14128.64 
14128.76 
14128.89 
14129.02 
14129.14 
14129.27 
14129.40 
14129.52 
14129.65 
14129.78 
14129.91 
14130.04 
14130.17 
14130.30 
14130.43 
14130.55 
14130.68 
14130.81 
14130.94 
14131.07 
14131.19 
14131.32 
14131.45 
14131.58 
14131.70 
14131.82 
14131.94 
14132.06 
14132.20 
14132.32 
14132.45 
14132.57 
14132.68 
14132.82 
14132.93 
14133.04 
14133.15 
14133.27 
14133.39 
14133.51 
14133.63 
14133.75 
14133.87 
14133.98 
14134.10 
14134.22 
14134.34 
14134.45 
14134.57 
14134.69 
14134.81 
14134.93 
14135.06 
14135.21 
14135.37 
14135.50 
14135.63 
14135.76 
14135.89 
14136.02 
14136.16 
14136.28 
14136.40 
14136.52 
14136.63 
14136.75 
14136.87 
14136.99 
14137.11 
14137.22 
14137.34 
14137.46 
14137.58 
14137.70 
14137.82 
14137.94 
14138.05 
14138.17 
14138.29 
14138.41 
14138.53 
14138.65 
14138.77 
14138.89 
14139.01 
14139.12 
14139.24 
14139.36 
14139.48 
14139.60 
14139.72 
14139.84 
14139.96 
14140.07 
14140.19 
14140.31 
14140.43 
14140.55 
14140.67 
14140.79 
14140.91 
14141.03 
14141.16 
14141.30 
14141.43 
14141.56 
14141.69 
14141.81 
14141.94 
14142.09 
14142.23 
14142.37 
14142.51 
14142.64 
14142.76 
14142.89 
14143.02 
14143.14 
14143.27 
14143.40 
14143.53 
14143.65 
14143.78 
14143.93 
14144.06 
14144.20 
14144.34 
14144.47 
14144.60 
14144.74 
14144.87 
14144.99 
14145.13 
14145.27 
14145.40 
14145.52 
14145.66 
14145.78 
14145.91 
14146.03 
14146.17 
14146.30 
14146.44 
14146.58 
14146.73 
14146.87 
14147.01 
14147.14 
14147.28 
14147.42 
14147.54 
14147.67 
14147.79 
14147.93 
14148.07 
14148.20 
14148.34 
14148.48 
14148.62 
14148.74 
14148.87 
14148.99 
14149.13 
14149.26 
14149.40 
14149.54 
14149.68 
14149.82 
14149.96 
14150.09 
14150.21 
14150.36 
14150.49 
14150.64 
14150.78 
14150.92 
14151.05 
14151.17 
14151.31 
14151.45 
14151.57 
14151.71 
14151.85 
14151.99 
14152.12 
14152.26 
14152.39 
14152.51 
14152.65 
14152.77 
14152.91 
14153.05 
14153.17 
14153.30 
14153.42 
14153.56 
14153.68 
14153.82 
14153.96 
14154.09 
14154.21 
14154.36 
14154.50 
14154.64 
14154.78 
14154.90 
14155.03 
14155.18 
14155.30 
14155.43 
14155.58 
14155.70 
14155.83 
14155.96 
14156.07 
14156.19 
14156.31 
14156.46 
14156.58 
14156.71 
14156.84 
14156.96 
14157.10 
14157.22 
14157.34 
14157.48 
14157.61 
14157.73 
14157.87 
14158.01 
14158.13 
14158.27 
14158.41 
14158.54 
14158.66 
14158.80 
14158.93 
14159.07 
14159.21 
14159.34 
14159.46 
14159.59 
14159.72 
14159.86 
14160.00 
14160.14 
14160.26 
14160.39 
14160.52 
14160.65 
14160.79 
14160.92 
14161.04 
14161.17 
14161.30 
14161.43 
14161.56 
14161.70 
14161.84 
14161.97 
14162.09 
14162.22 
14162.34 
14162.47 
14162.58 
14162.70 
14162.85 
14162.98 
14163.12 
14163.26 
14163.38 
14163.50 
14163.62 
14163.76 
14163.89 
14164.02 
14164.14 
14164.28 
14164.42 
14164.55 
14164.68 
14164.81 
14164.95 
14165.08 
14165.20 
14165.33 
14165.48 
14165.62 
14165.76 
14165.90 
14166.02 
14166.14 
14166.28 
14166.40 
14166.54 
14166.66 
14166.79 
14166.91 
14167.05 
14167.19 
14167.33 
14167.46 
14167.59 
14167.72 
14167.85 
14167.99 
14168.12 
14168.27 
14168.39 
14168.52 
14168.65 
14168.79 
14168.93 
14169.07 
14169.21 
14169.35 
14169.49 
14169.62 
14169.75 
14169.87 
14170.01 
14170.13 
14170.26 
14170.39 
14170.53 
14170.66 
14170.79 
14170.92 
14171.05 
14171.19 
14171.33 
14171.46 
14171.59 
14171.72 
14171.84 
14171.98 
14172.10 
14172.23 
14172.35 
14172.49 
14172.62 
14172.74 
14172.89 
14173.03 
14173.16 
14173.28 
14173.41 
14173.55 
14173.67 
14173.80 
14173.93 
14174.05 
14174.18 
14174.31 
14174.43 
14174.57 
14174.71 
14174.84 
14174.96 
14175.10 
14175.22 
14175.35 
14175.47 
14175.61 
14175.73 
14175.86 
14175.99 
14176.12 
14176.24 
14176.38 
14176.50 
14176.64 
14176.77 
14176.90 
14177.03 
14177.15 
14177.29 
14177.41 
14177.55 
14177.69 
14177.83 
14177.96 
14178.08 
14178.22 
14178.34 
14178.47 
14178.59 
14178.73 
14178.85 
14179.00 
14179.13 
14179.25 
14179.38 
14179.51 
14179.64 
14179.77 
14179.91 
14180.04 
14180.17 
14180.31 
14180.44 
14180.56 
14180.70 
14180.82 
14180.96 
14181.10 
14181.22 
14181.35 
14181.48 
14181.62 
14181.75 
14181.89 
14182.02 
14182.16 
14182.29 
14182.42 
14182.55 
14182.67 
14182.81 
14182.95 
14183.08 
14183.22 
14183.35 
14183.47 
14183.61 
14183.75 
14183.88 
14184.00 
14184.13 
14184.28 
14184.42 
14184.55 
14184.67 
14184.81 
14184.95 
14185.09 
14185.22 
14185.35 
14185.48 
14185.60 
14185.74 
14185.88 
14186.01 
14186.13 
14186.27 
14186.41 
14186.55 
14186.69 
14186.84 
14186.98 
14187.11 
14187.23 
14187.37 
14187.51 
14187.65 
14187.78 
14187.91 
14188.04 
14188.16 
14188.30 
14188.42 
14188.55 
14188.68 
14188.80 
14188.93 
14189.07 
14189.19 
14189.32 
14189.44 
14189.57 
14189.71 
14189.83 
14189.96 
14190.10 
14190.24 
14190.38 
14190.52 
14190.66 
14190.79 
14190.91 
14191.06 
14191.19 
14191.32 
14191.44 
14191.58 
14191.72 
14191.86 
14191.99 
14192.11 
14192.24 
14192.38 
14192.50 
14192.64 
14192.78 
14192.90 
14193.03 
14193.15 
14193.29 
14193.41 
14193.55 
14193.67 
14193.82 
14193.95 
14194.07 
14194.20 
14194.33 
14194.45 
14194.58 
14194.72 
14194.86 
14194.98 
14195.12 
14195.25 
14195.38 
14195.50 
14195.64 
14195.76 
14195.90 
14196.02 
14196.15 
14196.27 
14196.41 
14196.55 
14196.68 
14196.80 
14196.94 
14197.06 
14197.19 
14197.32 
14197.44 
14197.58 
14197.71 
14197.85 
14197.98 
14198.10 
14198.23 
14198.36 
14198.48 
14198.62 
14198.74 
14198.88 
14199.02 
14199.16 
14199.29 
14199.41 
14199.55 
14199.69 
14199.82 
14199.94 
14200.07 
14200.19 
14200.33 
14200.45 
14200.58 
14200.72 
14200.86 
14201.00 
14201.14 
14201.28 
14201.42 
14201.54 
14201.67 
14201.80 
14201.92 
14202.06 
14202.18 
14202.31 
14202.44 
14202.57 
14202.69 
14202.82 
14202.96 
14203.10 
14203.24 
14203.38 
14203.52 
14203.66 
14203.78 
14203.91 
14204.03 
14204.17 
14204.29 
14204.42 
14204.55 
14204.68 
14204.81 
14204.93 
14205.06 
14205.19 
14205.33 
14205.47 
14205.59 
14205.73 
14205.86 
14205.99 
14206.12 
14206.24 
14206.38 
14206.50 
14206.63 
14206.77 
14206.90 
14207.03 
14207.17 
14207.30 
14207.43 
14207.55 
14207.69 
14207.81 
14207.94 
14208.07 
14208.19 
14208.31 
14208.44 
14208.56 
14208.70 
14208.84 
14208.98 
14209.11 
14209.23 
14209.37 
14209.49 
14209.64 
14209.78 
14209.91 
14210.03 
14210.17 
14210.31 
14210.45 
14210.58 
14210.71 
14210.84 
14210.96 
14211.10 
14211.22 
14211.35 
14211.49 
14211.63 
14211.77 
14211.91 
14212.03 
14212.17 
14212.29 
14212.42 
14212.54 
14212.68 
14212.81 
14212.95 
14213.08 
14213.21 
14213.33 
14213.47 
14213.59 
14213.73 
14213.86 
14213.99 
14214.12 
14214.24 
14214.38 
14214.50 
14214.63 
14214.76 
14214.89 
14215.03 
14215.15 
14215.29 
14215.41 
14215.55 
14215.69 
14215.81 
14215.94 
14216.06 
14216.19 
14216.33 
14216.45 
14216.58 
14216.73 
14216.86 
14216.98 
14217.11 
14217.24 
14217.37 
14217.50 
14217.62 
14217.75 
14217.89 
14218.02 
14218.16 
14218.29 
14218.42 
14218.55 
14218.68 
14218.81 
14218.95 
14219.08 
14219.20 
14219.34 
14219.46 
14219.60 
14219.73 
14219.88 
14220.02 
14220.15 
14220.28 
14220.42 
14220.55 
14220.67 
14220.81 
14220.95 
14221.09 
14221.22 
14221.37 
14221.51 
14221.65 
14221.78 
14221.91 
14222.04 
14222.16 
14222.30 
14222.44 
14222.57 
14222.69 
14222.84 
14222.98 
14223.11 
14223.23 
14223.37 
14223.52 
14223.66 
14223.79 
14223.93 
14224.05 
14224.18 
14224.31 
14224.44 
14224.56 
14224.70 
14224.85 
14224.98 
14225.11 
14225.24 
14225.36 
14225.50 
14225.62 
14225.75 
14225.87 
14226.01 
14226.13 
14226.28 
14226.40 
14226.53 
14226.66 
14226.79 
14226.91 
14227.05 
14227.17 
14227.31 
14227.45 
14227.58 
14227.72 
14227.84 
14227.98 
14228.10 
14228.24 
14228.38 
14228.50 
14228.63 
14228.75 
14228.89 
14229.01 
14229.14 
14229.27 
14229.41 
14229.54 
14229.67 
14229.80 
14229.93 
14230.07 
14230.20 
14230.32 
14230.46 
14230.58 
14230.71 
14230.84 
14230.98 
14231.11 
14231.24 
14231.37 
14231.49 
14231.62 
14231.75 
14231.88 
14232.00 
14232.14 
14232.26 
14232.39 
14232.52 
14232.66 
14232.79 
14232.92 
14233.06 
14233.19 
14233.32 
14233.44 
14233.58 
14233.70 
14233.83 
14233.95 
14234.09 
14234.21 
14234.34 
14234.47 
14234.60 
14234.74 
14234.89 
14235.03 
14235.17 
14235.31 
14235.45 
14235.58 
14235.70 
14235.84 
14235.98 
14236.10 
14236.23 
14236.37 
14236.51 
14236.65 
14236.78 
14236.90 
14237.03 
14237.16 
14237.29 
14237.42 
14237.55 
14237.69 
14237.83 
14237.97 
14238.11 
14238.23 
14238.36 
14238.50 
14238.65 
14238.79 
14238.93 
14239.07 
14239.19 
14239.32 
14239.45 
14239.58 
14239.70 
14239.83 
14239.97 
14240.12 
14240.25 
14240.39 
14240.51 
14240.65 
14240.78 
14240.92 
14241.05 
14241.18 
14241.30 
14241.45 
14241.58 
14241.69 
14241.80 
14241.91 
14242.02 
14242.15 
14242.28 
14242.40 
14242.53 
14242.66 
14242.79 
14242.92 
14243.05 
14243.18 
14243.31 
14243.44 
14243.56 
14243.69 
14243.82 
14243.95 
14244.08 
14244.21 
14244.33 
14244.46 
14244.59 
14244.72 
14244.85 
14244.98 
14245.10 
14245.23 
14245.36 
14245.49 
14245.62 
14245.74 
14245.87 
14246.00 
14246.13 
14246.26 
14246.39 
14246.51 
14246.64 
14246.77 
14246.90 
14247.03 
14247.16 
14247.29 
14247.42 
14247.54 
14247.66 
14247.79 
14247.91 
14248.04 
14248.16 
14248.29 
14248.41 
14248.54 
14248.67 
14248.80 
14248.93 
14249.06 
14249.18 
14249.31 
14249.43 
14249.56 
14249.69 
14249.82 
14249.94 
14250.07 
14250.22 
14250.34 
14250.47 
14250.60 
14250.73 
14250.85 
14250.98 
14251.11 
14251.23 
14251.36 
14251.49 
14251.62 
14251.74 
14251.87 
14252.02 
14252.15 
14252.28 
14252.40 
14252.53 
14252.65 
14252.78 
14252.91 
14253.03 
14253.16 
14253.28 
14253.41 
14253.54 
14253.67 
14253.80 
14253.93 
14254.05 
14254.18 
14254.31 
14254.44 
14254.57 
14254.70 
14254.83 
14254.96 
14255.09 
14255.21 
14255.34 
14255.47 
14255.62 
14255.75 
14255.89 
14256.02 
14256.14 
14256.27 
14256.39 
14256.52 
14256.64 
14256.77 
14256.90 
14257.02 
14257.15 
14257.28 
14257.40 
14257.53 
14257.66 
14257.78 
14257.91 
14258.04 
14258.17 
14258.30 
14258.43 
14258.55 
14258.68 
14258.81 
14258.93 
14259.06 
14259.19 
14259.32 
14259.45 
14259.58 
14259.71 
14259.84 
14259.96 
14260.09 
14260.22 
14260.35 
14260.47 
14260.60 
14260.72 
14260.85 
14260.98 
14261.11 
14261.23 
14261.37 
14261.51 
14261.64 
14261.76 
14261.89 
14262.02 
14262.15 
14262.27 
14262.40 
14262.53 
14262.66 
14262.79 
14262.91 
14263.04 
14263.17 
14263.29 
14263.43 
14263.56 
14263.68 
14263.80 
14263.92 
14264.05 
14264.17 
14264.30 
14264.43 
14264.55 
14264.68 
14264.81 
14264.94 
14265.06 
14265.19 
14265.32 
14265.45 
14265.57 
14265.71 
14265.83 
14265.96 
14266.09 
14266.21 
14266.34 
14266.46 
14266.59 
14266.72 
14266.85 
14266.99 
14267.12 
14267.25 
14267.37 
14267.50 
14267.63 
14267.76 
14267.88 
14268.01 
14268.14 
14268.27 
14268.39 
14268.52 
14268.65 
14268.78 
14268.91 
14269.03 
14269.16 
14269.29 
14269.42 
14269.55 
14269.68 
14269.80 
14269.93 
14270.06 
14270.19 
14270.31 
14270.44 
14270.57 
14270.70 
14270.83 
14270.96 
14271.08 
14271.21 
14271.34 
14271.46 
14271.59 
14271.72 
14271.84 
14271.97 
14272.10 
14272.22 
14272.35 
14272.48 
14272.61 
14272.73 
14272.87 
14272.99 
14273.12 
14273.25 
14273.37 
14273.50 
14273.63 
14273.75 
14273.88 
14274.01 
14274.14 
14274.27 
14274.39 
14274.52 
14274.65 
14274.78 
14274.91 
14275.04 
14275.16 
14275.28 
14275.41 
14275.54 
14275.67 
14275.80 
14275.93 
14276.05 
14276.18 
14276.31 
14276.44 
14276.57 
14276.70 
14276.83 
14276.95 
14277.08 
14277.21 
14277.34 
14277.47 
14277.60 
14277.73 
14277.86 
14278.00 
14278.13 
14278.25 
14278.38 
14278.51 
14278.64 
14278.77 
14278.89 
14279.02 
14279.15 
14279.28 
14279.39 
14279.51 
14279.64 
14279.75 
14279.87 
14279.99 
14280.12 
14280.25 
14280.37 
14280.50 
14280.62 
14280.77 
14280.90 
14281.02 
14281.15 
14281.28 
14281.41 
14281.54 
14281.67 
14281.79 
14281.92 
14282.05 
14282.18 
14282.30 
14282.43 
14282.56 
14282.68 
14282.81 
14282.94 
14283.07 
14283.20 
14283.33 
14283.45 
14283.58 
14283.71 
14283.84 
14283.96 
14284.09 
14284.22 
14284.34 
14284.47 
14284.60 
14284.73 
14284.86 
14285.01 
14285.13 
14285.26 
14285.39 
14285.51 
14285.64 
14285.77 
14285.90 
14286.02 
14286.15 
14286.28 
14286.40 
14286.53 
14286.65 
14286.78 
14286.91 
14287.03 
14287.16 
14287.29 
14287.42 
14287.55 
14287.67 
14287.80 
14287.93 
14288.06 
14288.19 
14288.31 
14288.44 
14288.57 
14288.69 
14288.81 
14288.94 
14289.07 
14289.20 
14289.33 
14289.45 
14289.58 
14289.71 
14289.84 
14289.96 
14290.09 
14290.22 
14290.35 
14290.48 
14290.60 
14290.72 
14290.85 
14290.98 
14291.10 
14291.23 
14291.36 
14291.48 
14291.60 
14291.73 
14291.86 
14291.98 
14292.11 
14292.25 
14292.38 
14292.51 
14292.64 
14292.76 
14292.89 
14293.02 
14293.15 
14293.27 
14293.40 
14293.53 
14293.66 
14293.78 
14293.91 
14294.04 
14294.17 
14294.30 
14294.42 
14294.55 
14294.68 
14294.81 
14294.94 
14295.06 
14295.17 
14295.30 
14295.42 
14295.55 
14295.68 
14295.81 
14295.93 
14296.06 
14296.19 
14296.32 
14296.45 
14296.58 
14296.71 
14296.83 
14296.96 
14297.09 
14297.22 
14297.34 
14297.47 
14297.60 
14297.73 
14297.86 
14297.99 
14298.11 
14298.24 
14298.37 
14298.49 
14298.62 
14298.75 
14298.87 
14299.00 
14299.13 
14299.26 
14299.39 
14299.51 
14299.64 
14299.77 
14299.90 
14300.03 
14300.16 
14300.29 
14300.42 
14300.54 
14300.67 
14300.80 
14300.93 
14301.07 
14301.20 
14301.33 
14301.45 
14301.58 
14301.71 
14301.84 
14301.97 
14302.10 
14302.22 
14302.35 
14302.48 
14302.61 
14302.73 
14302.86 
14302.98 
14303.11 
14303.24 
14303.36 
14303.49 
14303.61 
14303.74 
14303.87 
14304.00 
14304.13 
14304.25 
14304.38 
14304.51 
14304.64 
14304.76 
14304.89 
14305.02 
14305.15 
14305.27 
14305.40 
14305.52 
14305.65 
14305.78 
14305.91 
14306.03 
14306.17 
14306.30 
14306.43 
14306.56 
14306.69 
14306.82 
14306.94 
14307.07 
14307.22 
14307.34 
14307.47 
14307.60 
14307.73 
14307.85 
14307.98 
14308.11 
14308.26 
14308.38 
14308.51 
14308.64 
14308.77 
14308.90 
14309.03 
14309.16 
14309.29 
14309.41 
14309.54 
14309.67 
14309.79 
14309.92 
14310.05 
14310.18 
14310.30 
14310.44 
14310.55 
14310.67 
14310.80 
14310.93 
14311.05 
14311.18 
14311.31 
14311.44 
14311.57 
14311.70 
14311.82 
14311.95 
14312.08 
14312.21 
14312.33 
14312.47 
14312.59 
14312.72 
14312.85 
14312.97 
14313.10 
14313.23 
14313.36 
14313.48 
14313.61 
14313.74 
14313.87 
14314.00 
14314.13 
14314.25 
14314.38 
14314.51 
14314.63 
14314.76 
14314.89 
14315.02 
14315.14 
14315.27 
14315.39 
14315.54 
14315.67 
14315.79 
14315.92 
14316.05 
14316.17 
14316.30 
14316.43 
14316.54 
14316.67 
14316.80 
14316.92 
14317.04 
14317.17 
14317.30 
14317.42 
14317.54 
14317.67 
14317.80 
14317.93 
14318.06 
14318.18 
14318.31 
14318.44 
14318.57 
14318.69 
14318.82 
14318.95 
14319.08 
14319.21 
14319.35 
14319.49 
14319.61 
14319.74 
14319.86 
14320.00 
14320.12 
14320.25 
14320.37 
14320.50 
14320.63 
14320.76 
14320.89 
14321.02 
14321.15 
14321.28 
14321.40 
14321.53 
14321.66 
14321.79 
14321.91 
14322.04 
14322.16 
14322.29 
14322.42 
14322.55 
14322.68 
14322.80 
14322.93 
14323.06 
14323.19 
14323.32 
14323.45 
14323.58 
14323.71 
14323.83 
14323.96 
14324.09 
14324.22 
14324.34 
14324.47 
14324.60 
14324.73 
14324.85 
14324.98 
14325.11 
14325.24 
14325.37 
14325.50 
14325.63 
14325.75 
14325.88 
14326.00 
14326.11 
14326.24 
14326.37 
14326.50 
14326.62 
14326.75 
14326.88 
14327.01 
14327.14 
14327.26 
14327.39 
14327.52 
14327.65 
14327.78 
14327.91 
14328.04 
14328.17 
14328.30 
14328.43 
14328.55 
14328.68 
14328.81 
14328.93 
14329.06 
14329.19 
14329.32 
14329.45 
14329.58 
14329.71 
14329.84 
14329.96 
14330.09 
14330.22 
14330.34 
14330.47 
14330.60 
14330.75 
14330.88 
14331.01 
14331.13 
14331.26 
14331.39 
14331.52 
14331.65 
14331.77 
14331.90 
14332.03 
14332.16 
14332.29 
14332.41 
14332.54 
14332.67 
14332.80 
14332.93 
14333.06 
14333.18 
14333.31 
14333.44 
14333.57 
14333.70 
14333.82 
14333.95 
14334.08 
14334.21 
14334.33 
14334.46 
14334.59 
14334.72 
14334.85 
14334.97 
14335.10 
14335.23 
14335.35 
14335.48 
14335.61 
14335.74 
14335.87 
14336.00 
14336.13 
14336.26 
14336.38 
14336.51 
14336.66 
14336.79 
14336.91 
14337.04 
14337.17 
14337.30 
14337.42 
14337.55 
14337.68 
14337.83 
14337.95 
14338.08 
14338.21 
14338.34 
14338.46 
14338.59 
14338.72 
14338.85 
14338.98 
14339.10 
14339.23 
14339.36 
14339.49 
14339.61 
14339.74 
14339.87 
14340.00 
14340.12 
14340.25 
14340.38 
14340.51 
14340.64 
14340.76 
14340.89 
14341.02 
14341.15 
14341.27 
14341.39 
14341.50 
14341.63 
14341.75 
14341.87 
14342.00 
14342.13 
14342.26 
14342.39 
14342.51 
14342.64 
14342.77 
14342.90 
14343.02 
14343.15 
14343.28 
14343.41 
14343.53 
14343.66 
14343.79 
14343.92 
14344.05 
14344.18 
14344.30 
14344.43 
14344.56 
14344.69 
14344.82 
14344.94 
14345.07 
14345.20 
14345.33 
14345.46 
14345.58 
14345.71 
14345.84 
14345.97 
14346.10 
14346.22 
14346.35 
14346.48 
14346.60 
14346.72 
14346.85 
14346.97 
14347.10 
14347.23 
14347.36 
14347.49 
14347.62 
14347.74 
14347.87 
14348.00 
14348.13 
14348.26 
14348.38 
14348.51 
14348.64 
14348.77 
14348.90 
14349.02 
14349.15 
14349.28 
14349.41 
14349.54 
14349.66 
14349.79 
14349.92 
14350.05 
14350.18 
14350.31 
14350.43 
14350.56 
14350.69 
14350.81 
14350.94 
14351.07 
14351.20 
14351.33 
14351.46 
14351.59 
14351.71 
14351.84 
14351.97 
14352.10 
14352.22 
14352.35 
14352.48 
14352.61 
14352.74 
14352.86 
14352.99 
14353.12 
14353.25 
14353.37 
14353.50 
14353.63 
14353.76 
14353.88 
14354.01 
14354.14 
14354.27 
14354.40 
14354.53 
14354.66 
14354.79 
14354.91 
14355.04 
14355.17 
14355.31 
14355.43 
14355.56 
14355.69 
14355.82 
14355.94 
14356.07 
14356.20 
14356.33 
14356.46 
14356.59 
14356.71 
14356.83 
14356.95 
14357.07 
14357.20 
14357.33 
14357.46 
14357.58 
14357.71 
14357.84 
14357.97 
14358.10 
14358.22 
14358.35 
14358.48 
14358.61 
14358.74 
14358.87 
14358.99 
14359.12 
14359.25 
14359.37 
14359.50 
14359.63 
14359.76 
14359.89 
14360.01 
14360.14 
14360.27 
14360.40 
14360.53 
14360.65 
14360.79 
14360.91 
14361.04 
14361.19 
14361.32 
14361.44 
14361.57 
14361.69 
14361.82 
14361.95 
14362.08 
14362.20 
14362.33 
14362.47 
14362.59 
14362.72 
14362.84 
14362.97 
14363.10 
14363.23 
14363.35 
14363.48 
14363.61 
14363.74 
14363.87 
14364.00 
14364.13 
14364.26 
14364.38 
14364.51 
14364.64 
14364.77 
14364.90 
14365.02 
14365.15 
14365.29 
14365.42 
14365.55 
14365.68 
14365.81 
14365.94 
14366.06 
14366.19 
14366.32 
14366.44 
14366.57 
14366.70 
14366.83 
14366.96 
14367.10 
14367.23 
14367.36 
14367.49 
14367.61 
14367.74 
14367.87 
14368.00 
14368.13 
14368.26 
14368.38 
14368.51 
14368.64 
14368.77 
14368.90 
14369.02 
14369.15 
14369.28 
14369.41 
14369.53 
14369.66 
14369.79 
14369.92 
14370.05 
14370.17 
14370.30 
14370.43 
14370.56 
14370.68 
14370.81 
14370.94 
14371.07 
14371.21 
14371.34 
14371.46 
14371.60 
14371.72 
14371.85 
14371.98 
14372.11 
14372.25 
14372.38 
14372.49 
14372.62 
14372.73 
14372.86 
14372.99 
14373.12 
14373.25 
14373.37 
14373.50 
14373.63 
14373.76 
14373.89 
14374.01 
14374.14 
14374.27 
14374.40 
14374.53 
14374.65 
14374.78 
14374.91 
14375.04 
14375.17 
14375.29 
14375.42 
14375.55 
14375.68 
14375.81 
14375.93 
14376.07 
14376.19 
14376.32 
14376.45 
14376.56 
14376.69 
14376.82 
14376.94 
14377.07 
14377.20 
14377.32 
14377.45 
14377.58 
14377.71 
14377.84 
14377.97 
14378.10 
14378.22 
14378.35 
14378.48 
14378.61 
14378.74 
14378.87 
14379.00 
14379.13 
14379.25 
14379.38 
14379.51 
14379.64 
14379.77 
14379.90 
14380.03 
14380.16 
14380.28 
14380.41 
14380.54 
14380.67 
14380.80 
14380.93 
14381.05 
14381.18 
14381.31 
14381.44 
14381.57 
14381.70 
14381.82 
14381.95 
14382.08 
14382.22 
14382.35 
14382.48 
14382.61 
14382.73 
14382.86 
14382.99 
14383.12 
14383.26 
14383.39 
14383.51 
14383.64 
14383.77 
14383.90 
14384.03 
14384.15 
14384.28 
14384.43 
14384.55 
14384.67 
14384.80 
14384.93 
14385.05 
14385.18 
14385.31 
14385.44 
14385.56 
14385.69 
14385.82 
14385.95 
14386.07 
14386.20 
14386.33 
14386.46 
14386.59 
14386.72 
14386.84 
14386.97 
14387.10 
14387.23 
14387.36 
14387.49 
14387.62 
14387.74 
14387.88 
14388.00 
14388.12 
14388.25 
14388.38 
14388.50 
14388.63 
14388.76 
14388.88 
14389.01 
14389.14 
14389.26 
14389.39 
14389.52 
14389.65 
14389.77 
14389.90 
14390.03 
14390.16 
14390.29 
14390.41 
14390.54 
14390.67 
14390.80 
14390.93 
14391.06 
14391.18 
14391.31 
14391.44 
14391.57 
14391.70 
14391.82 
14391.95 
14392.08 
14392.21 
14392.34 
14392.47 
14392.59 
14392.72 
14392.85 
14392.98 
14393.11 
14393.23 
14393.36 
14393.49 
14393.62 
14393.74 
14393.87 
14394.00 
14394.13 
14394.26 
14394.39 
14394.51 
14394.64 
14394.77 
14394.90 
14395.02 
14395.15 
14395.28 
14395.41 
14395.54 
14395.67 
14395.79 
14395.92 
14396.05 
14396.18 
14396.30 
14396.43 
14396.56 
14396.69 
14396.82 
14396.94 
14397.07 
14397.20 
14397.33 
14397.46 
14397.58 
14397.71 
14397.84 
14397.97 
14398.10 
14398.22 
14398.35 
14398.48 
14398.61 
14398.74 
14398.87 
14399.00 
14399.13 
14399.26 
14399.39 
14399.52 
14399.64 
14399.77 
14399.90 
14400.03 
14400.16 
14400.29 
14400.41 
14400.54 
14400.67 
14400.80 
14400.93 
14401.06 
14401.20 
14401.32 
14401.45 
14401.57 
14401.70 
14401.83 
14401.96 
14402.09 
14402.22 
14402.35 
14402.47 
14402.60 
14402.73 
14402.86 
14402.99 
14403.12 
14403.24 
14403.36 
14403.49 
14403.61 
14403.74 
14403.87 
14404.00 
14404.13 
14404.25 
14404.38 
14404.51 
14404.64 
14404.77 
14404.89 
14405.02 
14405.15 
14405.28 
14405.40 
14405.53 
14405.65 
14405.77 
14405.90 
14406.03 
14406.15 
14406.28 
14406.41 
14406.54 
14406.66 
14406.79 
14406.92 
14407.05 
14407.17 
14407.30 
14407.42 
14407.55 
14407.68 
14407.81 
14407.94 
14408.06 
14408.19 
14408.32 
14408.44 
14408.57 
14408.70 
14408.83 
14408.95 
14409.08 
14409.21 
14409.34 
14409.46 
14409.59 
14409.72 
14409.85 
14409.99 
14410.12 
14410.25 
14410.38 
14410.51 
14410.63 
14410.76 
14410.89 
14411.02 
14411.16 
14411.29 
14411.42 
14411.54 
14411.67 
14411.80 
14411.95 
14412.08 
14412.21 
14412.34 
14412.46 
14412.59 
14412.72 
14412.85 
14412.98 
14413.11 
14413.23 
14413.36 
14413.49 
14413.61 
14413.74 
14413.87 
14414.00 
14414.14 
14414.27 
14414.39 
14414.52 
14414.65 
14414.78 
14414.90 
14415.03 
14415.16 
14415.29 
14415.42 
14415.55 
14415.68 
14415.81 
14415.93 
14416.06 
14416.19 
14416.33 
14416.46 
14416.59 
14416.72 
14416.85 
14416.98 
14417.10 
14417.23 
14417.36 
14417.49 
14417.63 
14417.75 
14417.88 
14418.01 
14418.14 
14418.27 
14418.40 
14418.52 
14418.65 
14418.78 
14418.90 
14419.03 
14419.14 
14419.26 
14419.39 
14419.52 
14419.64 
14419.77 
14419.90 
14420.03 
14420.15 
14420.28 
14420.41 
14420.54 
14420.67 
14420.80 
14420.92 
14421.05 
14421.18 
14421.31 
14421.44 
14421.56 
14421.70 
14421.83 
14421.96 
14422.09 
14422.22 
14422.35 
14422.47 
14422.60 
14422.73 
14422.86 
14422.99 
14423.11 
14423.24 
14423.37 
14423.50 
14423.63 
14423.76 
14423.89 
14424.02 
14424.14 
14424.27 
14424.40 
14424.53 
14424.65 
14424.77 
14424.89 
14425.02 
14425.15 
14425.28 
14425.40 
14425.53 
14425.66 
14425.79 
14425.92 
14426.05 
14426.18 
14426.30 
14426.43 
14426.56 
14426.69 
14426.82 
14426.94 
14427.07 
14427.20 
14427.33 
14427.45 
14427.58 
14427.71 
14427.83 
14427.96 
14428.09 
14428.21 
14428.35 
14428.48 
14428.60 
14428.73 
14428.86 
14428.99 
14429.12 
14429.25 
14429.38 
14429.51 
14429.63 
14429.76 
14429.89 
14430.02 
14430.14 
14430.27 
14430.40 
14430.53 
14430.66 
14430.79 
14430.91 
14431.04 
14431.17 
14431.30 
14431.42 
14431.55 
14431.68 
14431.81 
14431.95 
14432.08 
14432.21 
14432.34 
14432.47 
14432.59 
14432.71 
14432.83 
14432.95 
14433.07 
14433.20 
14433.31 
14433.44 
14433.56 
14433.69 
14433.82 
14433.94 
14434.07 
14434.20 
14434.33 
14434.45 
14434.57 
14434.70 
14434.83 
14434.95 
14435.08 
14435.21 
14435.34 
14435.46 
14435.60 
14435.72 
14435.85 
14435.98 
14436.11 
14436.23 
14436.36 
14436.49 
14436.62 
14436.75 
14436.87 
14437.01 
14437.14 
14437.27 
14437.40 
14437.52 
14437.64 
14437.77 
14437.89 
14438.02 
14438.14 
14438.27 
14438.40 
14438.52 
14438.65 
14438.78 
14438.91 
14439.03 
14439.16 
14439.29 
14439.42 
14439.56 
14439.69 
14439.81 
14439.94 
14440.07 
14440.20 
14440.33 
14440.46 
14440.59 
14440.72 
14440.84 
14440.97 
14441.10 
14441.23 
14441.36 
14441.49 
14441.62 
14441.74 
14441.87 
14442.00 
14442.13 
14442.26 
14442.39 
14442.52 
14442.64 
14442.77 
14442.90 
14443.02 
14443.15 
14443.28 
14443.41 
14443.54 
14443.66 
14443.79 
14443.92 
14444.05 
14444.17 
14444.30 
14444.43 
14444.56 
14444.69 
14444.81 
14444.94 
14445.07 
14445.19 
14445.32 
14445.45 
14445.58 
14445.71 
14445.84 
14445.97 
14446.10 
14446.22 
14446.35 
14446.48 
14446.61 
14446.74 
14446.86 
14446.99 
14447.12 
14447.25 
14447.37 
14447.50 
14447.63 
14447.76 
14447.89 
14448.01 
14448.14 
14448.27 
14448.39 
14448.52 
14448.65 
14448.78 
14448.91 
14449.03 
14449.16 
14449.29 
14449.42 
14449.55 
14449.67 
14449.80 
14449.92 
14450.05 
14450.17 
14450.30 
14450.43 
14450.56 
14450.69 
14450.82 
14450.94 
14451.07 
14451.20 
14451.33 
14451.46 
14451.59 
14451.71 
14451.84 
14451.97 
14452.10 
14452.22 
14452.35 
14452.48 
14452.61 
14452.74 
14452.86 
14452.99 
14453.12 
14453.25 
14453.38 
14453.50 
14453.63 
14453.76 
14453.89 
14454.01 
14454.14 
14454.27 
14454.40 
14454.52 
14454.65 
14454.77 
14454.90 
14455.02 
14455.15 
14455.28 
14455.41 
14455.54 
14455.66 
14455.79 
14455.92 
14456.05 
14456.18 
14456.30 
14456.43 
14456.56 
14456.69 
14456.82 
14456.95 
14457.07 
14457.20 
14457.33 
14457.45 
14457.59 
14457.71 
14457.84 
14457.97 
14458.10 
14458.22 
14458.35 
14458.48 
14458.61 
14458.74 
14458.86 
14458.99 
14459.12 
14459.25 
14459.37 
14459.52 
14459.65 
14459.78 
14459.90 
14460.03 
14460.16 
14460.29 
14460.41 
14460.54 
14460.67 
14460.80 
14460.93 
14461.05 
14461.19 
14461.31 
14461.44 
14461.57 
14461.70 
14461.82 
14461.95 
14462.08 
14462.21 
14462.34 
14462.46 
14462.59 
14462.72 
14462.85 
14462.97 
14463.10 
14463.23 
14463.35 
14463.48 
14463.61 
14463.74 
14463.87 
14463.99 
14464.12 
14464.25 
14464.38 
14464.51 
14464.64 
14464.76 
14464.89 
14465.02 
14465.14 
14465.27 
14465.41 
14465.53 
14465.66 
14465.79 
14465.91 
14466.04 
14466.17 
14466.30 
14466.43 
14466.56 
14466.69 
14466.81 
14466.93 
14467.06 
14467.19 
14467.32 
14467.45 
14467.58 
14467.70 
14467.82 
14467.97 
14468.09 
14468.22 
14468.35 
14468.48 
14468.61 
14468.74 
14468.86 
14468.99 
14469.12 
14469.25 
14469.37 
14469.50 
14469.63 
14469.75 
14469.88 
14470.00 
14470.13 
14470.26 
14470.39 
14470.52 
14470.65 
14470.78 
14470.91 
14471.04 
14471.16 
14471.29 
14471.42 
14471.55 
14471.68 
14471.81 
14471.93 
14472.06 
14472.19 
14472.32 
14472.45 
14472.58 
14472.70 
14472.83 
14472.96 
14473.09 
14473.21 
14473.34 
14473.47 
14473.60 
14473.73 
14473.86 
14473.99 
14474.11 
14474.24 
14474.37 
14474.49 
14474.62 
14474.75 
14474.88 
14475.01 
14475.14 
14475.27 
14475.39 
14475.52 
14475.65 
14475.78 
14475.91 
14476.03 
14476.18 
14476.30 
14476.43 
14476.56 
14476.69 
14476.82 
14476.94 
14477.07 
14477.20 
14477.33 
14477.46 
14477.59 
14477.71 
14477.84 
14477.97 
14478.10 
14478.22 
14478.35 
14478.48 
14478.61 
14478.74 
14478.86 
14478.99 
14479.12 
14479.25 
14479.38 
14479.51 
14479.63 
14479.77 
14479.90 
14480.03 
14480.16 
14480.28 
14480.41 
14480.54 
14480.66 
14480.79 
14480.90 
14481.03 
14481.16 
14481.28 
14481.41 
14481.54 
14481.67 
14481.79 
14481.92 
14482.04 
14482.17 
14482.30 
14482.43 
14482.56 
14482.71 
14482.83 
14482.96 
14483.09 
14483.21 
14483.34 
14483.47 
14483.60 
14483.73 
14483.86 
14483.98 
14484.12 
14484.25 
14484.38 
14484.51 
14484.64 
14484.76 
14484.89 
14485.01 
14485.14 
14485.27 
14485.40 
14485.53 
14485.66 
14485.78 
14485.91 
14486.04 
14486.17 
14486.30 
14486.43 
14486.55 
14486.68 
14486.81 
14486.94 
14487.07 
14487.20 
14487.33 
14487.45 
14487.58 
14487.71 
14487.84 
14487.97 
14488.10 
14488.22 
14488.35 
14488.48 
14488.61 
14488.74 
14488.86 
14488.99 
14489.12 
14489.25 
14489.37 
14489.50 
14489.63 
14489.76 
14489.89 
14490.01 
14490.14 
14490.27 
14490.40 
14490.53 
14490.66 
14490.78 
14490.91 
14491.04 
14491.17 
14491.30 
14491.42 
14491.55 
14491.68 
14491.81 
14491.93 
14492.06 
14492.19 
14492.32 
14492.45 
14492.57 
14492.70 
14492.82 
14492.95 
14493.07 
14493.20 
14493.33 
14493.45 
14493.59 
14493.72 
14493.85 
14493.98 
14494.11 
14494.23 
14494.36 
14494.48 
14494.61 
14494.74 
14494.87 
14494.99 
14495.12 
14495.25 
14495.38 
14495.51 
14495.63 
14495.76 
14495.89 
14496.02 
14496.14 
14496.26 
14496.38 
14496.50 
14496.62 
14496.75 
14496.88 
14497.01 
14497.13 
14497.27 
14497.39 
14497.52 
14497.65 
14497.77 
14497.90 
14498.03 
14498.15 
14498.28 
14498.41 
14498.54 
14498.67 
14498.79 
14498.92 
14499.05 
14499.18 
14499.31 
14499.44 
14499.57 
14499.70 
14499.82 
14499.95 
14500.08 
14500.21 
14500.34 
14500.46 
14500.60 
14500.72 
14500.85 
14500.98 
14501.12 
14501.25 
14501.38 
14501.50 
14501.63 
14501.76 
14501.88 
14502.01 
14502.14 
14502.26 
14502.41 
14502.54 
14502.66 
14502.79 
14502.92 
14503.05 
14503.18 
14503.31 
14503.43 
14503.56 
14503.69 
14503.82 
14503.94 
14504.08 
14504.21 
14504.34 
14504.47 
14504.60 
14504.74 
14504.86 
14504.99 
14505.12 
14505.24 
14505.37 
14505.50 
14505.63 
14505.76 
14505.89 
14506.02 
14506.14 
14506.27 
14506.40 
14506.53 
14506.66 
14506.78 
14506.91 
14507.04 
14507.17 
14507.30 
14507.42 
14507.55 
14507.68 
14507.81 
14507.94 
14508.07 
14508.19 
14508.32 
14508.45 
14508.58 
14508.70 
14508.83 
14508.96 
14509.09 
14509.21 
14509.34 
14509.47 
14509.60 
14509.74 
14509.87 
14510.00 
14510.13 
14510.25 
14510.38 
14510.51 
14510.63 
14510.76 
14510.89 
14511.02 
14511.15 
14511.28 
14511.41 
14511.53 
14511.66 
14511.77 
14511.90 
14512.02 
14512.15 
14512.28 
14512.41 
14512.54 
14512.67 
14512.80 
14512.93 
14513.06 
14513.19 
14513.32 
14513.44 
14513.57 
14513.71 
14513.83 
14513.96 
14514.09 
14514.22 
14514.35 
14514.48 
14514.61 
14514.74 
14514.86 
14514.99 
14515.12 
14515.24 
14515.37 
14515.50 
14515.65 
14515.78 
14515.91 
14516.03 
14516.16 
14516.29 
14516.42 
14516.54 
14516.67 
14516.80 
14516.93 
14517.06 
14517.18 
14517.31 
14517.44 
14517.56 
14517.69 
14517.82 
14517.94 
14518.07 
14518.20 
14518.32 
14518.44 
14518.57 
14518.70 
14518.83 
14518.96 
14519.09 
14519.21 
14519.34 
14519.47 
14519.60 
14519.73 
14519.86 
14519.98 
14520.11 
14520.24 
14520.37 
14520.50 
14520.62 
14520.75 
14520.88 
14521.01 
14521.14 
14521.26 
14521.39 
14521.52 
14521.64 
14521.77 
14521.90 
14522.02 
14522.15 
14522.28 
14522.40 
14522.53 
14522.65 
14522.78 
14522.91 
14523.04 
14523.16 
14523.29 
14523.42 
14523.55 
14523.67 
14523.80 
14523.93 
14524.06 
14524.19 
14524.32 
14524.45 
14524.59 
14524.72 
14524.84 
14524.97 
14525.10 
14525.23 
14525.35 
14525.48 
14525.61 
14525.73 
14525.88 
14526.01 
14526.14 
14526.26 
14526.39 
14526.52 
14526.65 
14526.77 
14526.90 
14527.03 
14527.16 
14527.28 
14527.40 
14527.53 
14527.66 
14527.79 
14527.92 
14528.06 
14528.19 
14528.32 
14528.45 
14528.58 
14528.71 
14528.83 
14528.96 
14529.09 
14529.21 
14529.34 
14529.47 
14529.60 
14529.73 
14529.85 
14529.98 
14530.11 
14530.24 
14530.37 
14530.50 
14530.62 
14530.75 
14530.88 
14531.01 
14531.14 
14531.26 
14531.39 
14531.52 
14531.64 
14531.77 
14531.90 
14532.02 
14532.15 
14532.28 
14532.41 
14532.55 
14532.68 
14532.81 
14532.94 
14533.07 
14533.20 
14533.33 
14533.45 
14533.58 
14533.71 
14533.84 
14533.97 
14534.10 
14534.23 
14534.35 
14534.48 
14534.61 
14534.74 
14534.87 
14534.99 
14535.12 
14535.25 
14535.38 
14535.51 
14535.63 
14535.76 
14535.89 
14536.01 
14536.14 
14536.27 
14536.40 
14536.53 
14536.66 
14536.79 
14536.91 
14537.06 
14537.18 
14537.31 
14537.44 
14537.57 
14537.69 
14537.82 
14537.95 
14538.08 
14538.21 
14538.34 
14538.47 
14538.59 
14538.72 
14538.85 
14538.98 
14539.10 
14539.23 
14539.36 
14539.49 
14539.62 
14539.74 
14539.87 
14540.00 
14540.13 
14540.26 
14540.39 
14540.51 
14540.64 
14540.77 
14540.90 
14541.03 
14541.16 
14541.29 
14541.42 
14541.55 
14541.67 
14541.80 
14541.93 
14542.06 
14542.18 
14542.31 
14542.44 
14542.56 
14542.68 
14542.81 
14542.95 
14543.08 
14543.21 
14543.34 
14543.47 
14543.60 
14543.73 
14543.85 
14543.98 
14544.11 
14544.24 
14544.37 
14544.50 
14544.63 
14544.76 
14544.90 
14545.03 
14545.16 
14545.29 
14545.42 
14545.55 
14545.68 
14545.81 
14545.93 
14546.06 
14546.19 
14546.32 
14546.47 
14546.59 
14546.72 
14546.85 
14546.98 
14547.10 
14547.23 
14547.36 
14547.49 
14547.61 
14547.74 
14547.87 
14547.99 
14548.12 
14548.25 
14548.38 
14548.51 
14548.64 
14548.77 
14548.90 
14549.02 
14549.15 
14549.28 
14549.41 
14549.54 
14549.67 
14549.80 
14549.92 
14550.05 
14550.18 
14550.30 
14550.43 
14550.56 
14550.69 
14550.81 
14550.94 
14551.07 
14551.20 
14551.33 
14551.46 
14551.59 
14551.71 
14551.84 
14551.97 
14552.10 
14552.22 
14552.35 
14552.49 
14552.62 
14552.75 
14552.88 
14553.01 
14553.14 
14553.26 
14553.39 
14553.52 
14553.65 
14553.78 
14553.90 
14554.03 
14554.16 
14554.29 
14554.41 
14554.54 
14554.67 
14554.80 
14554.93 
14555.05 
14555.18 
14555.31 
14555.43 
14555.56 
14555.69 
14555.82 
14555.95 
14556.08 
14556.20 
14556.33 
14556.46 
14556.59 
14556.72 
14556.85 
14556.97 
14557.12 
14557.25 
14557.38 
14557.51 
14557.64 
14557.77 
14557.90 
14558.03 
14558.15 
14558.27 
14558.41 
14558.53 
14558.66 
14558.79 
14558.91 
14559.04 
14559.17 
14559.30 
14559.42 
14559.55 
14559.68 
14559.80 
14559.93 
14560.06 
14560.18 
14560.31 
14560.43 
14560.56 
14560.69 
14560.82 
14560.94 
14561.07 
14561.20 
14561.33 
14561.45 
14561.58 
14561.71 
14561.84 
14561.97 
14562.09 
14562.22 
14562.35 
14562.48 
14562.61 
14562.74 
14562.86 
14562.99 
14563.11 
14563.24 
14563.37 
14563.50 
14563.63 
14563.76 
14563.88 
14564.01 
14564.14 
14564.27 
14564.39 
14564.52 
14564.64 
14564.77 
14564.90 
14565.03 
14565.16 
14565.29 
14565.41 
14565.56 
14565.69 
14565.82 
14565.95 
14566.08 
14566.21 
14566.34 
14566.46 
14566.59 
14566.72 
14566.84 
14566.97 
14567.10 
14567.23 
14567.36 
14567.49 
14567.61 
14567.74 
14567.87 
14568.00 
14568.13 
14568.26 
14568.38 
14568.51 
14568.64 
14568.77 
14568.90 
14569.02 
14569.15 
14569.28 
14569.41 
14569.54 
14569.67 
14569.79 
14569.92 
14570.05 
14570.18 
14570.30 
14570.43 
14570.56 
14570.69 
14570.81 
14570.94 
14571.07 
14571.20 
14571.33 
14571.46 
14571.58 
14571.71 
14571.84 
14571.97 
14572.09 
14572.22 
14572.35 
14572.48 
14572.61 
14572.74 
14572.86 
14572.99 
14573.12 
14573.25 
14573.37 
14573.49 
14573.62 
14573.75 
14573.87 
14574.00 
14574.13 
14574.26 
14574.38 
14574.51 
14574.64 
14574.77 
14574.90 
14575.02 
14575.15 
14575.28 
14575.40 
14575.53 
14575.66 
14575.79 
14575.92 
14576.05 
14576.18 
14576.31 
14576.43 
14576.58 
14576.70 
14576.83 
14576.96 
14577.08 
14577.21 
14577.33 
14577.46 
14577.59 
14577.72 
14577.85 
14577.98 
14578.11 
14578.23 
14578.36 
14578.49 
14578.62 
14578.74 
14578.89 
14579.02 
14579.15 
14579.28 
14579.41 
14579.53 
14579.66 
14579.79 
14579.92 
14580.05 
14580.18 
14580.30 
14580.43 
14580.56 
14580.69 
14580.81 
14580.94 
14581.07 
14581.20 
14581.33 
14581.46 
14581.58 
14581.71 
14581.84 
14581.97 
14582.10 
14582.22 
14582.35 
14582.48 
14582.61 
14582.74 
14582.86 
14582.99 
14583.12 
14583.25 
14583.38 
14583.51 
14583.63 
14583.76 
14583.89 
14584.01 
14584.14 
14584.27 
14584.40 
14584.53 
14584.66 
14584.79 
14584.91 
14585.04 
14585.17 
14585.30 
14585.42 
14585.55 
14585.68 
14585.81 
14585.93 
14586.06 
14586.19 
14586.32 
14586.45 
14586.58 
14586.70 
14586.83 
14586.96 
14587.09 
14587.22 
14587.34 
14587.47 
14587.60 
14587.73 
14587.86 
14587.99 
14588.11 
14588.24 
14588.37 
14588.50 
14588.62 
14588.75 
14588.88 
14589.00 
14589.12 
14589.23 
14589.36 
14589.49 
14589.62 
14589.75 
14589.87 
14590.00 
14590.13 
14590.25 
14590.38 
14590.51 
14590.64 
14590.77 
14590.89 
14591.02 
14591.15 
14591.27 
14591.40 
14591.53 
14591.66 
14591.79 
14591.91 
14592.04 
14592.17 
14592.30 
14592.43 
14592.56 
14592.68 
14592.81 
14592.94 
14593.06 
14593.20 
14593.32 
14593.45 
14593.58 
14593.71 
14593.83 
14593.96 
14594.09 
14594.22 
14594.34 
14594.47 
14594.60 
14594.73 
14594.86 
14594.99 
14595.11 
14595.24 
14595.37 
14595.50 
14595.62 
14595.77 
14595.90 
14596.03 
14596.15 
14596.28 
14596.41 
14596.54 
14596.66 
14596.79 
14596.92 
14597.05 
14597.18 
14597.31 
14597.43 
14597.56 
14597.69 
14597.82 
14597.95 
14598.08 
14598.20 
14598.33 
14598.46 
14598.59 
14598.71 
14598.84 
14598.97 
14599.09 
14599.22 
14599.35 
14599.48 
14599.61 
14599.74 
14599.86 
14599.99 
14600.12 
14600.27 
14600.40 
14600.52 
14600.65 
14600.78 
14600.91 
14601.04 
14601.17 
14601.30 
14601.42 
14601.55 
14601.68 
14601.81 
14601.94 
14602.06 
14602.19 
14602.32 
14602.45 
14602.58 
14602.71 
14602.83 
14602.96 
14603.08 
14603.21 
14603.34 
14603.47 
14603.60 
14603.72 
14603.85 
14603.98 
14604.11 
14604.23 
14604.36 
14604.49 
14604.61 
14604.74 
14604.87 
14604.99 
14605.11 
14605.24 
14605.37 
14605.50 
14605.62 
14605.74 
14605.87 
14606.00 
14606.13 
14606.25 
14606.38 
14606.51 
14606.63 
14606.76 
14606.89 
14607.02 
14607.15 
14607.28 
14607.40 
14607.53 
14607.66 
14607.79 
14607.92 
14608.04 
14608.17 
14608.30 
14608.42 
14608.55 
14608.70 
14608.83 
14608.95 
14609.08 
14609.21 
14609.34 
14609.47 
14609.60 
14609.73 
14609.85 
14609.98 
14610.11 
14610.24 
14610.37 
14610.49 
14610.62 
14610.74 
14610.87 
14611.00 
14611.13 
14611.26 
14611.39 
14611.51 
14611.64 
14611.77 
14611.90 
14612.03 
14612.15 
14612.28 
14612.41 
14612.54 
14612.67 
14612.80 
14612.92 
14613.05 
14613.18 
14613.31 
14613.44 
14613.57 
14613.70 
14613.82 
14613.95 
14614.08 
14614.20 
14614.33 
14614.46 
14614.59 
14614.72 
14614.85 
14614.97 
14615.10 
14615.23 
14615.36 
14615.49 
14615.61 
14615.74 
14615.87 
14616.00 
14616.13 
14616.26 
14616.39 
14616.51 
14616.64 
14616.77 
14616.90 
14617.02 
14617.15 
14617.28 
14617.41 
14617.53 
14617.66 
14617.79 
14617.92 
14618.05 
14618.18 
14618.30 
14618.43 
14618.56 
14618.68 
14618.81 
14618.94 
14619.06 
14619.20 
14619.32 
14619.45 
14619.58 
14619.71 
14619.83 
14619.95 
14620.07 
14620.19 
14620.32 
14620.45 
14620.58 
14620.71 
14620.83 
14620.96 
14621.09 
14621.22 
14621.34 
14621.47 
14621.60 
14621.73 
14621.86 
14621.99 
14622.11 
14622.24 
14622.37 
14622.50 
14622.62 
14622.75 
14622.88 
14623.00 
14623.13 
14623.26 
14623.38 
14623.52 
14623.64 
14623.77 
14623.90 
14624.03 
14624.15 
14624.28 
14624.41 
14624.54 
14624.67 
14624.79 
14624.92 
14625.05 
14625.18 
14625.30 
14625.43 
14625.56 
14625.69 
14625.82 
14625.95 
14626.08 
14626.21 
14626.33 
14626.46 
14626.59 
14626.72 
14626.85 
14626.98 
14627.11 
14627.23 
14627.36 
14627.49 
14627.62 
14627.74 
14627.87 
14628.00 
14628.13 
14628.26 
14628.39 
14628.51 
14628.64 
14628.77 
14628.90 
14629.02 
14629.15 
14629.28 
14629.41 
14629.54 
14629.66 
14629.79 
14629.92 
14630.05 
14630.18 
14630.30 
14630.43 
14630.56 
14630.69 
14630.81 
14630.94 
14631.07 
14631.20 
14631.33 
14631.45 
14631.58 
14631.71 
14631.84 
14631.97 
14632.10 
14632.23 
14632.35 
14632.48 
14632.61 
14632.73 
14632.86 
14632.99 
14633.12 
14633.25 
14633.38 
14633.52 
14633.65 
14633.78 
14633.92 
14634.05 
14634.18 
14634.30 
14634.43 
14634.56 
14634.69 
14634.82 
14634.94 
14635.07 
14635.20 
14635.33 
14635.44 
14635.58 
14635.70 
14635.83 
14635.96 
14636.09 
14636.22 
14636.35 
14636.47 
14636.60 
14636.73 
14636.86 
14636.99 
14637.12 
14637.25 
14637.38 
14637.51 
14637.63 
14637.76 
14637.89 
14638.02 
14638.14 
14638.27 
14638.40 
14638.53 
14638.67 
14638.80 
14638.93 
14639.06 
14639.19 
14639.31 
14639.44 
14639.57 
14639.70 
14639.83 
14639.97 
14640.11 
14640.23 
14640.36 
14640.49 
14640.62 
14640.74 
14640.88 
14641.01 
14641.13 
14641.26 
14641.38 
14641.51 
14641.64 
14641.77 
14641.90 
14642.03 
14642.15 
14642.28 
14642.41 
14642.53 
14642.66 
14642.79 
14642.92 
14643.05 
14643.19 
14643.32 
14643.47 
14643.60 
14643.72 
14643.85 
14643.98 
14644.11 
14644.23 
14644.36 
14644.49 
14644.62 
14644.75 
14644.88 
14645.00 
14645.13 
14645.26 
14645.38 
14645.51 
14645.64 
14645.76 
14645.89 
14646.02 
14646.14 
14646.27 
14646.40 
14646.53 
14646.66 
14646.78 
14646.91 
14647.04 
14647.17 
14647.30 
14647.42 
14647.55 
14647.68 
14647.81 
14647.93 
14648.06 
14648.19 
14648.32 
14648.45 
14648.57 
14648.70 
14648.82 
14648.95 
14649.07 
14649.20 
14649.33 
14649.46 
14649.59 
14649.71 
14649.84 
14649.97 
14650.10 
14650.22 
14650.35 
14650.48 
14650.61 
14650.74 
14650.85 
14650.97 
14651.09 
14651.21 
14651.34 
14651.47 
14651.60 
14651.74 
14651.87 
14652.00 
14652.13 
14652.25 
14652.38 
14652.51 
14652.64 
14652.77 
14652.90 
14653.02 
14653.15 
14653.27 
14653.40 
14653.53 
14653.66 
14653.79 
14653.91 
14654.04 
14654.17 
14654.30 
14654.43 
14654.56 
14654.69 
14654.81 
14654.94 
14655.07 
14655.20 
14655.33 
14655.47 
14655.60 
14655.73 
14655.86 
14655.98 
14656.11 
14656.24 
14656.36 
14656.49 
14656.62 
14656.75 
14656.88 
14657.01 
14657.13 
14657.26 
14657.39 
14657.52 
14657.65 
14657.77 
14657.90 
14658.03 
14658.16 
14658.29 
14658.42 
14658.54 
14658.69 
14658.82 
14658.94 
14659.07 
14659.20 
14659.33 
14659.45 
14659.58 
14659.71 
14659.84 
14659.96 
14660.09 
14660.21 
14660.34 
14660.47 
14660.60 
14660.73 
14660.86 
14660.98 
14661.11 
14661.24 
14661.37 
14661.50 
14661.63 
14661.76 
14661.88 
14662.01 
14662.14 
14662.27 
14662.40 
14662.52 
14662.65 
14662.78 
14662.91 
14663.03 
14663.16 
14663.29 
14663.42 
14663.54 
14663.67 
14663.80 
14663.93 
14664.06 
14664.19 
14664.32 
14664.44 
14664.57 
14664.70 
14664.83 
14664.96 
14665.09 
14665.21 
14665.34 
14665.49 
14665.62 
14665.74 
14665.87 
14666.00 
14666.13 
14666.25 
14666.38 
14666.50 
14666.63 
14666.75 
14666.88 
14667.01 
14667.14 
14667.27 
14667.39 
14667.52 
14667.65 
14667.77 
14667.91 
14668.03 
14668.16 
14668.29 
14668.41 
14668.54 
14668.67 
14668.80 
14668.93 
14669.06 
14669.19 
14669.31 
14669.44 
14669.57 
14669.70 
14669.83 
14669.96 
14670.09 
14670.22 
14670.35 
14670.48 
14670.61 
14670.74 
14670.86 
14670.99 
14671.12 
14671.25 
14671.36 
14671.49 
14671.62 
14671.75 
14671.88 
14672.01 
14672.14 
14672.27 
14672.40 
14672.53 
14672.66 
14672.79 
14672.91 
14673.04 
14673.17 
14673.30 
14673.42 
14673.55 
14673.68 
14673.81 
14673.93 
14674.06 
14674.19 
14674.32 
14674.45 
14674.58 
14674.71 
14674.83 
14674.96 
14675.09 
14675.21 
14675.36 
14675.49 
14675.61 
14675.74 
14675.87 
14676.00 
14676.12 
14676.25 
14676.38 
14676.51 
14676.63 
14676.76 
14676.88 
14677.01 
14677.14 
14677.27 
14677.40 
14677.53 
14677.66 
14677.78 
14677.91 
14678.04 
14678.18 
14678.31 
14678.46 
14678.59 
14678.72 
14678.84 
14678.97 
14679.10 
14679.23 
14679.35 
14679.48 
14679.61 
14679.74 
14679.87 
14679.99 
14680.12 
14680.25 
14680.38 
14680.51 
14680.64 
14680.76 
14680.89 
14681.02 
14681.15 
14681.28 
14681.40 
14681.53 
14681.65 
14681.78 
14681.90 
14682.03 
14682.16 
14682.29 
14682.42 
14682.54 
14682.67 
14682.80 
14682.93 
14683.06 
14683.18 
14683.31 
14683.43 
14683.56 
14683.69 
14683.82 
14683.95 
14684.08 
14684.21 
14684.33 
14684.46 
14684.59 
14684.72 
14684.85 
14684.97 
14685.10 
14685.22 
14685.35 
14685.48 
14685.60 
14685.73 
14685.86 
14685.99 
14686.11 
14686.24 
14686.36 
14686.49 
14686.62 
14686.75 
14686.88 
14687.01 
14687.14 
14687.26 
14687.39 
14687.52 
14687.65 
14687.78 
14687.91 
14688.03 
14688.16 
14688.29 
14688.41 
14688.54 
14688.67 
14688.80 
14688.93 
14689.05 
14689.18 
14689.30 
14689.43 
14689.56 
14689.69 
14689.82 
14689.95 
14690.08 
14690.20 
14690.33 
14690.46 
14690.59 
14690.72 
14690.84 
14690.97 
14691.10 
14691.22 
14691.35 
14691.48 
14691.61 
14691.74 
14691.87 
14692.00 
14692.13 
14692.25 
14692.39 
14692.52 
14692.65 
14692.77 
14692.90 
14693.03 
14693.16 
14693.29 
14693.42 
14693.55 
14693.67 
14693.80 
14693.93 
14694.06 
14694.19 
14694.32 
14694.45 
14694.57 
14694.70 
14694.83 
14694.95 
14695.08 
14695.21 
14695.34 
14695.47 
14695.60 
14695.72 
14695.85 
14695.98 
14696.11 
14696.24 
14696.36 
14696.49 
14696.62 
14696.75 
14696.88 
14697.01 
14697.13 
14697.27 
14697.39 
14697.51 
14697.64 
14697.77 
14697.90 
14698.03 
14698.16 
14698.29 
14698.41 
14698.54 
14698.67 
14698.80 
14698.93 
14699.06 
14699.18 
14699.31 
14699.45 
14699.58 
14699.71 
14699.84 
14699.98 
14700.11 
14700.24 
14700.37 
14700.50 
14700.62 
14700.75 
14700.88 
14701.01 
14701.14 
14701.26 
14701.39 
14701.52 
14701.64 
14701.77 
14701.90 
14702.03 
14702.16 
14702.29 
14702.41 
14702.54 
14702.67 
14702.80 
14702.93 
14703.06 
14703.18 
14703.31 
14703.44 
14703.57 
14703.69 
14703.82 
14703.95 
14704.08 
14704.21 
14704.34 
14704.46 
14704.59 
14704.72 
14704.85 
14704.97 
14705.10 
14705.23 
14705.36 
14705.49 
14705.61 
14705.74 
14705.87 
14706.00 
14706.13 
14706.26 
14706.38 
14706.51 
14706.64 
14706.77 
14706.90 
14707.02 
14707.15 
14707.28 
14707.40 
14707.53 
14707.66 
14707.79 
14707.92 
14708.05 
14708.18 
14708.30 
14708.43 
14708.56 
14708.69 
14708.81 
14708.94 
14709.06 
14709.18 
14709.31 
14709.44 
14709.57 
14709.70 
14709.82 
14709.95 
14710.08 
14710.21 
14710.34 
14710.46 
14710.59 
14710.72 
14710.85 
14710.97 
14711.10 
14711.23 
14711.35 
14711.48 
14711.61 
14711.74 
14711.87 
14712.00 
14712.13 
14712.25 
14712.39 
14712.51 
14712.64 
14712.77 
14712.89 
14713.01 
14713.14 
14713.26 
14713.39 
14713.52 
14713.65 
14713.77 
14713.90 
14714.03 
14714.16 
14714.29 
14714.42 
14714.54 
14714.67 
14714.80 
14714.95 
14715.07 
14715.20 
14715.33 
14715.46 
14715.58 
14715.71 
14715.84 
14715.97 
14716.09 
14716.22 
14716.35 
14716.48 
14716.61 
14716.73 
14716.86 
14716.99 
14717.12 
14717.24 
14717.37 
14717.49 
14717.62 
14717.77 
14717.90 
14718.03 
14718.15 
14718.28 
14718.41 
14718.56 
14718.69 
14718.81 
14718.94 
14719.07 
14719.20 
14719.33 
14719.45 
14719.58 
14719.71 
14719.84 
14719.97 
14720.10 
14720.22 
14720.35 
14720.48 
14720.61 
14720.73 
14720.86 
14720.99 
14721.12 
14721.25 
14721.37 
14721.50 
14721.63 
14721.75 
14721.88 
14722.00 
14722.13 
14722.26 
14722.38 
14722.51 
14722.64 
14722.77 
14722.90 
14723.02 
14723.15 
14723.28 
14723.41 
14723.53 
14723.66 
14723.81 
14723.93 
14724.06 
14724.19 
14724.32 
14724.44 
14724.57 
14724.70 
14724.83 
14724.95 
14725.08 
14725.21 
14725.33 
14725.46 
14725.59 
14725.72 
14725.85 
14725.98 
14726.11 
14726.23 
14726.36 
14726.49 
14726.63 
14726.75 
14726.88 
14727.01 
14727.13 
14727.26 
14727.39 
14727.51 
14727.64 
14727.76 
14727.89 
14728.01 
14728.14 
14728.26 
14728.38 
14728.51 
14728.64 
14728.76 
14728.89 
14729.02 
14729.14 
14729.27 
14729.40 
14729.53 
14729.66 
14729.79 
14729.92 
14730.04 
14730.17 
14730.30 
14730.43 
14730.58 
14730.70 
14730.83 
14730.96 
14731.08 
14731.21 
14731.34 
14731.47 
14731.60 
14731.73 
14731.85 
14731.98 
14732.11 
14732.23 
14732.36 
14732.49 
14732.62 
14732.74 
14732.88 
14733.01 
14733.13 
14733.26 
14733.39 
14733.52 
14733.64 
14733.77 
14733.90 
14734.03 
14734.16 
14734.28 
14734.40 
14734.53 
14734.65 
14734.78 
14734.91 
14735.04 
14735.16 
14735.29 
14735.42 
14735.55 
14735.68 
14735.80 
14735.93 
14736.06 
14736.19 
14736.31 
14736.44 
14736.57 
14736.70 
14736.83 
14736.95 
14737.08 
14737.21 
14737.33 
14737.46 
14737.59 
14737.72 
14737.85 
14737.98 
14738.11 
14738.24 
14738.37 
14738.50 
14738.62 
14738.75 
14738.88 
14739.01 
14739.13 
14739.26 
14739.39 
14739.51 
14739.64 
14739.77 
14739.90 
14740.02 
14740.15 
14740.28 
14740.41 
14740.54 
14740.67 
14740.80 
14740.92 
14741.05 
14741.17 
14741.30 
14741.43 
14741.55 
14741.68 
14741.81 
14741.94 
14742.07 
14742.19 
14742.32 
14742.45 
14742.58 
14742.70 
14742.83 
14742.96 
14743.09 
14743.21 
14743.34 
14743.47 
14743.59 
14743.72 
14743.84 
14743.99 
14744.11 
14744.24 
14744.37 
14744.50 
14744.62 
14744.75 
14744.88 
14745.01 
14745.13 
14745.26 
14745.39 
14745.52 
14745.65 
14745.78 
14745.90 
14746.03 
14746.16 
14746.29 
14746.41 
14746.54 
14746.67 
14746.80 
14746.93 
14747.06 
14747.18 
14747.31 
14747.44 
14747.57 
14747.70 
14747.82 
14747.95 
14748.08 
14748.21 
14748.34 
14748.47 
14748.59 
14748.72 
14748.85 
14748.98 
14749.11 
14749.24 
14749.38 
14749.51 
14749.63 
14749.76 
14749.89 
14750.02 
14750.14 
14750.27 
14750.40 
14750.53 
14750.65 
14750.78 
14750.91 
14751.04 
14751.17 
14751.30 
14751.42 
14751.55 
14751.69 
14751.82 
14751.94 
14752.07 
14752.20 
14752.33 
14752.46 
14752.58 
14752.71 
14752.84 
14752.97 
14753.10 
14753.23 
14753.35 
14753.48 
14753.61 
14753.74 
14753.87 
14754.00 
14754.12 
14754.25 
14754.38 
14754.51 
14754.64 
14754.76 
14754.89 
14755.02 
14755.15 
14755.28 
14755.40 
14755.53 
14755.66 
14755.79 
14755.91 
14756.04 
14756.17 
14756.29 
14756.42 
14756.55 
14756.68 
14756.81 
14756.94 
14757.07 
14757.20 
14757.32 
14757.45 
14757.58 
14757.73 
14757.85 
14757.98 
14758.11 
14758.24 
14758.37 
14758.50 
14758.62 
14758.75 
14758.88 
14759.02 
14759.15 
14759.28 
14759.40 
14759.53 
14759.67 
14759.79 
14759.92 
14760.05 
14760.18 
14760.31 
14760.43 
14760.56 
14760.69 
14760.81 
14760.94 
14761.07 
14761.20 
14761.33 
14761.45 
14761.57 
14761.70 
14761.82 
14761.95 
14762.08 
14762.21 
14762.34 
14762.47 
14762.59 
14762.72 
14762.85 
14762.98 
14763.11 
14763.23 
14763.36 
14763.49 
14763.62 
14763.74 
14763.87 
14764.00 
14764.13 
14764.26 
14764.38 
14764.51 
14764.64 
14764.77 
14764.91 
14765.04 
14765.16 
14765.29 
14765.42 
14765.54 
14765.67 
14765.80 
14765.93 
14766.06 
14766.19 
14766.32 
14766.44 
14766.57 
14766.70 
14766.83 
14766.96 
14767.08 
14767.21 
14767.34 
14767.47 
14767.59 
14767.72 
14767.85 
14767.98 
14768.11 
14768.24 
14768.37 
14768.49 
14768.62 
14768.74 
14768.87 
14769.00 
14769.13 
14769.26 
14769.39 
14769.52 
14769.64 
14769.77 
14769.90 
14770.02 
14770.15 
14770.28 
14770.40 
14770.53 
14770.66 
14770.78 
14770.91 
14771.04 
14771.17 
14771.30 
14771.42 
14771.55 
14771.68 
14771.81 
14771.95 
14772.08 
14772.21 
14772.34 
14772.47 
14772.59 
14772.72 
14772.85 
14772.98 
14773.11 
14773.23 
14773.37 
14773.49 
14773.62 
14773.75 
14773.88 
14774.01 
14774.14 
14774.27 
14774.39 
14774.54 
14774.66 
14774.78 
14774.91 
14775.04 
14775.17 
14775.30 
14775.44 
14775.57 
14775.69 
14775.82 
14775.95 
14776.08 
14776.21 
14776.33 
14776.46 
14776.59 
14776.72 
14776.84 
14776.97 
14777.10 
14777.23 
14777.35 
14777.48 
14777.61 
14777.73 
14777.86 
14777.99 
14778.11 
14778.24 
14778.37 
14778.50 
14778.62 
14778.75 
14778.88 
14779.00 
14779.13 
14779.26 
14779.38 
14779.51 
14779.63 
14779.76 
14779.89 
14780.01 
14780.14 
14780.27 
14780.40 
14780.53 
14780.66 
14780.79 
14780.91 
14781.04 
14781.17 
14781.30 
14781.42 
14781.55 
14781.68 
14781.81 
14781.93 
14782.06 
14782.19 
14782.32 
14782.45 
14782.58 
14782.71 
14782.84 
14782.97 
14783.10 
14783.23 
14783.35 
14783.48 
14783.61 
14783.73 
14783.86 
14783.99 
14784.12 
14784.25 
14784.38 
14784.51 
14784.64 
14784.76 
14784.89 
14785.02 
14785.14 
14785.28 
14785.40 
14785.53 
14785.66 
14785.80 
14785.93 
14786.06 
14786.20 
14786.33 
14786.46 
14786.59 
14786.71 
14786.84 
14786.97 
14787.10 
14787.22 
14787.35 
14787.48 
14787.60 
14787.73 
14787.86 
14787.99 
14788.12 
14788.25 
14788.38 
14788.51 
14788.63 
14788.76 
14788.89 
14789.02 
14789.14 
14789.28 
14789.41 
14789.53 
14789.66 
14789.79 
14789.91 
14790.04 
14790.17 
14790.28 
14790.43 
14790.56 
14790.69 
14790.81 
14790.94 
14791.06 
14791.19 
14791.32 
14791.45 
14791.57 
14791.70 
14791.83 
14791.95 
14792.08 
14792.21 
14792.34 
14792.46 
14792.59 
14792.72 
14792.84 
14792.97 
14793.10 
14793.23 
14793.36 
14793.48 
14793.61 
14793.74 
14793.87 
14794.00 
14794.13 
14794.25 
14794.39 
14794.51 
14794.64 
14794.77 
14794.90 
14795.02 
14795.15 
14795.28 
14795.41 
14795.54 
14795.66 
14795.79 
14795.92 
14796.05 
14796.18 
14796.32 
14796.45 
14796.58 
14796.71 
14796.83 
14796.96 
14797.09 
14797.21 
14797.34 
14797.49 
14797.62 
14797.74 
14797.87 
14798.00 
14798.13 
14798.25 
14798.38 
14798.51 
14798.64 
14798.77 
14798.90 
14799.02 
14799.15 
14799.28 
14799.41 
14799.53 
14799.66 
14799.78 
14799.91 
14800.06 
14800.18 
14800.31 
14800.44 
14800.57 
14800.70 
14800.83 
14800.95 
14801.08 
14801.21 
14801.34 
14801.46 
14801.59 
14801.72 
14801.85 
14801.97 
14802.10 
14802.23 
14802.36 
14802.49 
14802.64 
14802.77 
14802.90 
14803.02 
14803.15 
14803.28 
14803.41 
14803.53 
14803.66 
14803.79 
14803.92 
14804.05 
14804.18 
14804.30 
14804.43 
14804.56 
14804.69 
14804.82 
14804.94 
14805.07 
14805.19 
14805.32 
14805.44 
14805.57 
14805.70 
14805.82 
14805.95 
14806.09 
14806.22 
14806.35 
14806.47 
14806.59 
14806.72 
14806.85 
14806.98 
14807.10 
14807.23 
14807.36 
14807.48 
14807.63 
14807.76 
14807.89 
14808.02 
14808.15 
14808.28 
14808.41 
14808.54 
14808.66 
14808.79 
14808.92 
14809.05 
14809.18 
14809.31 
14809.43 
14809.56 
14809.69 
14809.81 
14809.94 
14810.07 
14810.21 
14810.34 
14810.46 
14810.59 
14810.72 
14810.85 
14810.98 
14811.10 
14811.23 
14811.36 
14811.48 
14811.61 
14811.73 
14811.86 
14811.99 
14812.12 
14812.25 
14812.38 
14812.53 
14812.66 
14812.79 
14812.91 
14813.04 
14813.17 
14813.30 
14813.42 
14813.55 
14813.68 
14813.81 
14813.93 
14814.06 
14814.19 
14814.32 
14814.45 
14814.57 
14814.70 
14814.83 
14814.96 
14815.09 
14815.21 
14815.34 
14815.47 
14815.60 
14815.73 
14815.85 
14815.98 
14816.11 
14816.24 
14816.37 
14816.50 
14816.62 
14816.75 
14816.87 
14817.00 
14817.13 
14817.26 
14817.39 
14817.52 
14817.65 
14817.78 
14817.90 
14818.03 
14818.16 
14818.29 
14818.41 
14818.54 
14818.66 
14818.78 
14818.90 
14819.03 
14819.16 
14819.28 
14819.40 
14819.53 
14819.65 
14819.76 
14819.87 
14819.98 
14820.10 
14820.24 
14820.38 
14820.49 
14820.59 
14820.74 
14820.86 
14820.98 
14821.10 
14821.22 
14821.34 
14821.46 
14821.59 
14821.70 
14821.82 
14821.94 
14822.06 
14822.18 
14822.30 
14822.42 
14822.54 
14822.66 
14822.79 
14822.90 
14823.02 
14823.14 
14823.26 
14823.39 
14823.51 
14823.63 
14823.75 
14823.87 
14823.99 
14824.11 
14824.23 
14824.35 
14824.47 
14824.59 
14824.71 
14824.83 
14824.95 
14825.07 
14825.19 
14825.31 
14825.43 
14825.55 
14825.67 
14825.79 
14825.91 
14826.03 
14826.15 
14826.27 
14826.39 
14826.50 
14826.62 
14826.74 
14826.86 
14826.98 
14827.10 
14827.22 
14827.34 
14827.46 
14827.58 
14827.70 
14827.82 
14827.94 
14828.06 
14828.18 
14828.30 
14828.42 
14828.54 
14828.66 
14828.78 
14828.91 
14829.03 
14829.15 
14829.27 
14829.39 
14829.52 
14829.64 
14829.77 
14829.89 
14830.01 
14830.13 
14830.25 
14830.38 
14830.50 
14830.61 
14830.73 
14830.86 
14830.98 
14831.10 
14831.22 
14831.34 
14831.47 
14831.59 
14831.71 
14831.84 
14831.96 
14832.09 
14832.21 
14832.34 
14832.46 
14832.59 
14832.71 
14832.84 
14832.96 
14833.09 
14833.22 
14833.35 
14833.47 
14833.60 
14833.71 
14833.85 
14833.97 
14834.10 
14834.22 
14834.35 
14834.47 
14834.60 
14834.73 
14834.85 
14834.98 
14835.10 
14835.23 
14835.36 
14835.48 
14835.60 
14835.73 
14835.85 
14835.98 
14836.10 
14836.23 
14836.35 
14836.47 
14836.60 
14836.72 
14836.85 
14836.97 
14837.10 
14837.22 
14837.35 
14837.47 
14837.60 
14837.73 
14837.85 
14837.98 
14838.10 
14838.23 
14838.35 
14838.48 
14838.60 
14838.72 
14838.85 
14838.97 
14839.10 
14839.22 
14839.35 
14839.47 
14839.60 
14839.74 
14839.86 
14839.98 
14840.11 
14840.24 
14840.36 
14840.49 
14840.62 
14840.74 
14840.87 
14840.99 
14841.12 
14841.24 
14841.37 
14841.49 
14841.62 
14841.74 
14841.87 
14842.00 
14842.12 
14842.24 
14842.37 
14842.49 
14842.62 
14842.74 
14842.86 
14842.99 
14843.12 
14843.24 
14843.37 
14843.49 
14843.62 
14843.74 
14843.87 
14844.00 
14844.12 
14844.25 
14844.37 
14844.50 
14844.63 
14844.76 
14844.88 
14845.00 
14845.12 
14845.25 
14845.37 
14845.50 
14845.62 
14845.76 
14845.88 
14846.01 
14846.13 
14846.25 
14846.37 
14846.50 
14846.63 
14846.75 
14846.87 
14847.00 
14847.13 
14847.25 
14847.37 
14847.50 
14847.63 
14847.75 
14847.88 
14848.00 
14848.13 
14848.25 
14848.37 
14848.50 
14848.63 
14848.75 
14848.88 
14849.01 
14849.13 
14849.26 
14849.38 
14849.51 
14849.63 
14849.76 
14849.88 
14850.00 
14850.12 
14850.25 
14850.37 
14850.50 
14850.62 
14850.75 
14850.87 
14851.00 
14851.12 
14851.25 
14851.37 
14851.50 
14851.62 
14851.75 
14851.87 
14852.00 
14852.12 
14852.25 
14852.37 
14852.50 
14852.63 
14852.75 
14852.88 
14853.01 
14853.14 
14853.26 
14853.39 
14853.52 
14853.64 
14853.76 
14853.89 
14854.01 
14854.14 
14854.26 
14854.39 
14854.52 
14854.64 
14854.77 
14854.89 
14855.02 
14855.14 
14855.26 
14855.39 
14855.52 
14855.64 
14855.76 
14855.89 
14856.01 
14856.14 
14856.26 
14856.39 
14856.51 
14856.64 
14856.77 
14856.89 
14857.01 
14857.14 
14857.26 
14857.38 
14857.51 
14857.64 
14857.76 
14857.89 
14858.01 
14858.14 
14858.26 
14858.39 
14858.51 
14858.64 
14858.76 
14858.89 
14859.01 
14859.14 
14859.26 
14859.39 
14859.52 
14859.65 
14859.77 
14859.89 
14860.02 
14860.14 
14860.29 
14860.42 
14860.54 
14860.68 
14860.81 
14860.94 
14861.06 
14861.18 
14861.30 
14861.42 
14861.55 
14861.67 
14861.80 
14861.93 
14862.05 
14862.17 
14862.30 
14862.43 
14862.55 
14862.67 
14862.80 
14862.93 
14863.07 
14863.20 
14863.32 
14863.45 
14863.57 
14863.70 
14863.82 
14863.95 
14864.07 
14864.20 
14864.32 
14864.45 
14864.58 
14864.70 
14864.83 
14864.96 
14865.08 
14865.21 
14865.34 
14865.46 
14865.59 
14865.72 
14865.84 
14865.97 
14866.09 
14866.22 
14866.34 
14866.47 
14866.60 
14866.72 
14866.85 
14866.97 
14867.10 
14867.23 
14867.35 
14867.48 
14867.60 
14867.72 
14867.85 
14867.97 
14868.10 
14868.22 
14868.35 
14868.47 
14868.61 
14868.74 
14868.86 
14868.99 
14869.11 
14869.24 
14869.37 
14869.50 
14869.62 
14869.74 
14869.87 
14869.99 
14870.12 
14870.26 
14870.39 
14870.52 
14870.64 
14870.77 
14870.89 
14871.02 
14871.14 
14871.26 
14871.39 
14871.51 
14871.64 
14871.76 
14871.88 
14872.00 
14872.15 
14872.26 
14872.38 
14872.51 
14872.64 
14872.77 
14872.89 
14873.02 
14873.15 
14873.28 
14873.41 
14873.54 
14873.66 
14873.79 
14873.92 
14874.05 
14874.18 
14874.31 
14874.43 
14874.56 
14874.69 
14874.81 
14874.94 
14875.07 
14875.20 
14875.32 
14875.45 
14875.58 
14875.70 
14875.83 
14875.96 
14876.08 
14876.21 
14876.34 
14876.47 
14876.59 
14876.72 
14876.85 
14876.98 
14877.10 
14877.23 
14877.36 
14877.49 
14877.62 
14877.74 
14877.87 
14878.01 
14878.14 
14878.27 
14878.40 
14878.53 
14878.66 
14878.79 
14878.91 
14879.04 
14879.17 
14879.30 
14879.42 
14879.55 
14879.68 
14879.81 
14879.94 
14880.06 
14880.19 
14880.32 
14880.45 
14880.57 
14880.71 
14880.83 
14880.96 
14881.08 
14881.21 
14881.33 
14881.45 
14881.58 
14881.69 
14881.81 
14881.94 
14882.06 
14882.19 
14882.32 
14882.45 
14882.57 
14882.70 
14882.83 
14882.96 
14883.09 
14883.22 
14883.34 
14883.47 
14883.60 
14883.73 
14883.86 
14883.98 
14884.11 
14884.24 
14884.37 
14884.49 
14884.62 
14884.75 
14884.89 
14885.02 
14885.15 
14885.28 
14885.40 
14885.53 
14885.66 
14885.79 
14885.91 
14886.03 
14886.15 
14886.28 
14886.41 
14886.54 
14886.67 
14886.80 
14886.92 
14887.05 
14887.18 
14887.31 
14887.45 
14887.58 
14887.71 
14887.83 
14887.97 
14888.10 
14888.22 
14888.35 
14888.48 
14888.61 
14888.73 
14888.86 
14888.99 
14889.12 
14889.25 
14889.38 
14889.51 
14889.64 
14889.77 
14889.90 
14890.05 
14890.18 
14890.31 
14890.43 
14890.56 
14890.69 
14890.82 
14890.94 
14891.07 
14891.19 
14891.32 
14891.45 
14891.57 
14891.71 
14891.86 
14891.99 
14892.12 
14892.24 
14892.37 
14892.50 
14892.63 
14892.76 
14892.89 
14893.02 
14893.15 
14893.27 
14893.40 
14893.53 
14893.66 
14893.78 
14893.91 
14894.04 
14894.17 
14894.30 
14894.43 
14894.55 
14894.68 
14894.81 
14894.94 
14895.07 
14895.20 
14895.33 
14895.45 
14895.58 
14895.70 
14895.83 
14895.96 
14896.09 
14896.22 
14896.35 
14896.48 
14896.60 
14896.73 
14896.86 
14896.98 
14897.11 
14897.24 
14897.36 
14897.48 
14897.62 
14897.74 
14897.87 
14898.00 
14898.12 
14898.25 
14898.38 
14898.51 
14898.63 
14898.76 
14898.89 
14899.02 
14899.15 
14899.28 
14899.40 
14899.53 
14899.66 
14899.78 
14899.91 
14900.03 
14900.16 
14900.29 
14900.41 
14900.54 
14900.67 
14900.80 
14900.93 
14901.06 
14901.19 
14901.33 
14901.45 
14901.58 
14901.71 
14901.84 
14901.97 
14902.10 
14902.24 
14902.36 
14902.49 
14902.62 
14902.75 
14902.87 
14903.00 
14903.13 
14903.26 
14903.39 
14903.52 
14903.65 
14903.78 
14903.91 
14904.04 
14904.17 
14904.30 
14904.43 
14904.56 
14904.69 
14904.82 
14904.94 
14905.07 
14905.20 
14905.33 
14905.46 
14905.59 
14905.71 
14905.84 
14905.97 
14906.10 
14906.22 
14906.35 
14906.48 
14906.61 
14906.74 
14906.87 
14906.99 
14907.12 
14907.25 
14907.38 
14907.51 
14907.63 
14907.76 
14907.89 
14908.02 
14908.15 
14908.27 
14908.40 
14908.52 
14908.65 
14908.78 
14908.91 
14909.04 
14909.17 
14909.30 
14909.43 
14909.56 
14909.69 
14909.82 
14909.95 
14910.08 
14910.21 
14910.34 
14910.47 
14910.61 
14910.73 
14910.87 
14910.99 
14911.12 
14911.25 
14911.38 
14911.50 
14911.63 
14911.76 
14911.89 
14912.03 
14912.15 
14912.28 
14912.41 
14912.54 
14912.66 
14912.79 
14912.91 
14913.02 
14913.15 
14913.28 
14913.41 
14913.54 
14913.66 
14913.79 
14913.92 
14914.05 
14914.18 
14914.30 
14914.43 
14914.56 
14914.69 
14914.81 
14914.94 
14915.06 
14915.19 
14915.32 
14915.44 
14915.57 
14915.70 
14915.82 
14915.95 
14916.08 
14916.21 
14916.34 
14916.46 
14916.59 
14916.72 
14916.85 
14916.98 
14917.11 
14917.24 
14917.37 
14917.50 
14917.63 
14917.76 
14917.88 
14918.01 
14918.14 
14918.27 
14918.40 
14918.52 
14918.65 
14918.78 
14918.91 
14919.03 
14919.16 
14919.29 
14919.42 
14919.55 
14919.68 
14919.81 
14919.93 
14920.06 
14920.19 
14920.32 
14920.44 
14920.57 
14920.70 
14920.83 
14920.95 
14921.08 
14921.21 
14921.33 
14921.46 
14921.59 
14921.72 
14921.85 
14921.98 
14922.11 
14922.24 
14922.36 
14922.49 
14922.62 
14922.74 
14922.87 
14923.00 
14923.13 
14923.26 
14923.39 
14923.51 
14923.64 
14923.77 
14923.89 
14924.02 
14924.15 
14924.28 
14924.41 
14924.54 
14924.67 
14924.80 
14924.92 
14925.05 
14925.17 
14925.30 
14925.43 
14925.56 
14925.69 
14925.82 
14925.94 
14926.07 
14926.20 
14926.33 
14926.46 
14926.59 
14926.71 
14926.84 
14926.97 
14927.10 
14927.23 
14927.35 
14927.48 
14927.61 
14927.73 
14927.86 
14927.99 
14928.11 
14928.23 
14928.36 
14928.48 
14928.61 
14928.74 
14928.87 
14929.01 
14929.13 
14929.27 
14929.39 
14929.52 
14929.65 
14929.78 
14929.90 
14930.03 
14930.16 
14930.29 
14930.42 
14930.54 
14930.67 
14930.80 
14930.93 
14931.06 
14931.18 
14931.31 
14931.44 
14931.57 
14931.70 
14931.82 
14931.95 
14932.08 
14932.21 
14932.34 
14932.48 
14932.60 
14932.71 
14932.82 
14932.93 
14933.04 
14933.15 
14933.28 
14933.39 
14933.50 
14933.62 
14933.74 
14933.86 
14933.99 
14934.11 
14934.23 
14934.36 
14934.48 
14934.60 
14934.72 
14934.85 
14934.97 
14935.09 
14935.21 
14935.34 
14935.46 
14935.58 
14935.70 
14935.81 
14935.93 
14936.06 
14936.18 
14936.30 
14936.42 
14936.54 
14936.67 
14936.79 
14936.91 
14937.04 
14937.17 
14937.30 
14937.44 
14937.58 
14937.70 
14937.82 
14937.94 
14938.07 
14938.20 
14938.32 
14938.45 
14938.58 
14938.70 
14938.83 
14938.97 
14939.09 
14939.22 
14939.34 
14939.47 
14939.60 
14939.72 
14939.85 
14939.98 
14940.11 
14940.23 
14940.36 
14940.49 
14940.62 
14940.76 
14940.89 
14941.02 
14941.14 
14941.27 
14941.40 
14941.53 
14941.65 
14941.78 
14941.90 
14942.03 
14942.16 
14942.29 
14942.41 
14942.54 
14942.67 
14942.79 
14942.92 
14943.04 
14943.17 
14943.29 
14943.42 
14943.55 
14943.67 
14943.81 
14943.93 
14944.06 
14944.18 
14944.31 
14944.44 
14944.57 
14944.70 
14944.82 
14944.96 
14945.09 
14945.21 
14945.34 
14945.47 
14945.60 
14945.73 
14945.85 
14945.98 
14946.11 
14946.23 
14946.36 
14946.49 
14946.61 
14946.74 
14946.86 
14946.99 
14947.12 
14947.24 
14947.37 
14947.49 
14947.62 
14947.74 
14947.87 
14948.00 
14948.12 
14948.25 
14948.38 
14948.51 
14948.64 
14948.77 
14948.90 
14949.02 
14949.15 
14949.28 
14949.41 
14949.53 
14949.67 
14949.79 
14949.92 
14950.05 
14950.18 
14950.30 
14950.43 
14950.55 
14950.68 
14950.81 
14950.94 
14951.07 
14951.20 
14951.34 
14951.47 
14951.59 
14951.72 
14951.84 
14951.97 
14952.10 
14952.22 
14952.35 
14952.48 
14952.61 
14952.74 
14952.86 
14952.99 
14953.12 
14953.25 
14953.38 
14953.50 
14953.64 
14953.77 
14953.90 
14954.05 
14954.20 
14954.33 
14954.45 
14954.58 
14954.71 
14954.86 
14954.99 
14955.11 
14955.24 
14955.37 
14955.50 
14955.63 
14955.76 
14955.88 
14956.01 
14956.14 
14956.27 
14956.40 
14956.52 
14956.65 
14956.78 
14956.91 
14957.04 
14957.16 
14957.29 
14957.42 
14957.54 
14957.67 
14957.80 
14957.92 
14958.05 
14958.18 
14958.31 
14958.44 
14958.57 
14958.70 
14958.83 
14958.96 
14959.09 
14959.21 
14959.33 
14959.45 
14959.59 
14959.71 
14959.84 
14959.96 
14960.09 
14960.22 
14960.35 
14960.47 
14960.60 
14960.73 
14960.86 
14960.99 
14961.11 
14961.24 
14961.37 
14961.50 
14961.63 
14961.76 
14961.88 
14962.01 
14962.14 
14962.28 
14962.41 
14962.53 
14962.66 
14962.78 
14962.91 
14963.04 
14963.17 
14963.29 
14963.43 
14963.56 
14963.69 
14963.82 
14963.95 
14964.08 
14964.20 
14964.33 
14964.46 
14964.59 
14964.71 
14964.84 
14964.97 
14965.10 
14965.22 
14965.35 
14965.48 
14965.61 
14965.74 
14965.86 
14965.99 
14966.12 
14966.24 
14966.37 
14966.50 
14966.64 
14966.76 
14966.89 
14967.02 
14967.15 
14967.27 
14967.40 
14967.53 
14967.66 
14967.79 
14967.91 
14968.04 
14968.17 
14968.30 
14968.43 
14968.55 
14968.68 
14968.81 
14968.94 
14969.06 
14969.19 
14969.32 
14969.44 
14969.57 
14969.70 
14969.83 
14969.96 
14970.08 
14970.21 
14970.34 
14970.47 
14970.59 
14970.72 
14970.85 
14970.97 
14971.10 
14971.22 
14971.35 
14971.48 
14971.61 
14971.74 
14971.87 
14971.99 
14972.12 
14972.25 
14972.38 
14972.50 
14972.63 
14972.76 
14972.89 
14973.02 
14973.14 
14973.27 
14973.40 
14973.53 
14973.66 
14973.79 
14973.92 
14974.04 
14974.17 
14974.30 
14974.43 
14974.56 
14974.68 
14974.80 
14974.92 
14975.04 
14975.17 
14975.29 
14975.42 
14975.55 
14975.68 
14975.81 
14975.94 
14976.06 
14976.19 
14976.32 
14976.44 
14976.57 
14976.70 
14976.83 
14976.95 
14977.08 
14977.21 
14977.34 
14977.47 
14977.60 
14977.72 
14977.85 
14977.98 
14978.11 
14978.24 
14978.37 
14978.50 
14978.62 
14978.75 
14978.88 
14979.01 
14979.14 
14979.26 
14979.39 
14979.52 
14979.65 
14979.78 
14979.91 
14980.03 
14980.16 
14980.29 
14980.42 
14980.58 
14980.70 
14980.83 
14980.97 
14981.09 
14981.22 
14981.35 
14981.48 
14981.62 
14981.75 
14981.88 
14982.01 
14982.14 
14982.27 
14982.39 
14982.52 
14982.65 
14982.78 
14982.91 
14983.03 
14983.16 
14983.29 
14983.42 
14983.54 
14983.67 
14983.82 
14983.94 
14984.07 
14984.19 
14984.32 
14984.45 
14984.58 
14984.71 
14984.83 
14984.96 
14985.09 
14985.22 
14985.34 
14985.47 
14985.60 
14985.72 
14985.85 
14985.98 
14986.11 
14986.24 
14986.36 
14986.49 
14986.62 
14986.77 
14986.90 
14987.03 
14987.16 
14987.29 
14987.42 
14987.55 
14987.68 
14987.80 
14987.93 
14988.06 
14988.20 
14988.33 
14988.46 
14988.59 
14988.72 
14988.84 
14988.97 
14989.10 
14989.23 
14989.35 
14989.49 
14989.61 
14989.74 
14989.87 
14990.00 
14990.13 
14990.26 
14990.38 
14990.50 
14990.62 
14990.75 
14990.88 
14991.01 
14991.14 
14991.27 
14991.39 
14991.52 
14991.64 
14991.77 
14991.89 
14992.02 
14992.15 
14992.28 
14992.40 
14992.53 
14992.65 
14992.78 
14992.91 
14993.04 
14993.17 
14993.29 
14993.42 
14993.55 
14993.68 
14993.81 
14993.94 
14994.06 
14994.19 
14994.32 
14994.45 
14994.57 
14994.71 
14994.83 
14994.96 
14995.09 
14995.21 
14995.34 
14995.47 
14995.60 
14995.73 
14995.86 
14995.99 
14996.11 
14996.25 
14996.38 
14996.51 
14996.63 
14996.76 
14996.89 
14997.02 
14997.14 
14997.27 
14997.40 
14997.53 
14997.66 
14997.79 
14997.92 
14998.04 
14998.17 
14998.30 
14998.43 
14998.55 
14998.68 
14998.81 
14998.94 
14999.07 
14999.19 
14999.32 
14999.44 
14999.57 
14999.70 
14999.82 
14999.95 
15000.08 
15000.21 
15000.34 
15000.47 
15000.59 
15000.72 
15000.85 
15000.98 
15001.11 
15001.23 
15001.36 
15001.49 
15001.62 
15001.74 
15001.87 
15002.00 
15002.13 
15002.26 
15002.39 
15002.51 
15002.64 
15002.77 
15002.90 
15003.02 
15003.15 
15003.28 
15003.41 
15003.54 
15003.67 
15003.79 
15003.92 
15004.05 
15004.18 
15004.30 
15004.43 
15004.56 
15004.71 
15004.84 
15004.96 
15005.09 
15005.21 
15005.34 
15005.47 
15005.60 
15005.72 
15005.84 
15005.96 
15006.10 
15006.23 
15006.36 
15006.49 
15006.62 
15006.75 
15006.88 
15007.00 
15007.13 
15007.26 
15007.38 
15007.51 
15007.64 
15007.76 
15007.89 
15008.01 
15008.14 
15008.27 
15008.39 
15008.52 
15008.65 
15008.78 
15008.91 
15009.04 
15009.17 
15009.30 
15009.42 
15009.55 
15009.68 
15009.81 
15009.94 
15010.07 
15010.19 
15010.32 
15010.45 
15010.58 
15010.70 
15010.83 
15010.95 
15011.10 
15011.23 
15011.35 
15011.48 
15011.61 
15011.74 
15011.88 
15012.01 
15012.14 
15012.27 
15012.39 
15012.52 
15012.65 
15012.78 
15012.91 
15013.03 
15013.16 
15013.29 
15013.42 
15013.54 
15013.67 
15013.80 
15013.93 
15014.06 
15014.19 
15014.31 
15014.44 
15014.57 
15014.70 
15014.83 
15014.96 
15015.08 
15015.21 
15015.34 
15015.46 
15015.59 
15015.73 
15015.86 
15015.99 
15016.11 
15016.24 
15016.37 
15016.50 
15016.62 
15016.75 
15016.88 
15017.01 
15017.14 
15017.26 
15017.40 
15017.53 
15017.66 
15017.79 
15017.91 
15018.04 
15018.17 
15018.30 
15018.42 
15018.55 
15018.68 
15018.81 
15018.94 
15019.06 
15019.19 
15019.31 
15019.45 
15019.58 
15019.70 
15019.83 
15019.96 
15020.09 
15020.22 
15020.35 
15020.48 
15020.61 
15020.75 
15020.88 
15021.01 
15021.14 
15021.26 
15021.38 
15021.51 
15021.63 
15021.76 
15021.89 
15022.01 
15022.14 
15022.27 
15022.40 
15022.53 
15022.65 
15022.78 
15022.91 
15023.03 
15023.15 
15023.28 
15023.41 
15023.53 
15023.66 
15023.79 
15023.92 
15024.05 
15024.18 
15024.30 
15024.43 
15024.56 
15024.69 
15024.81 
15024.94 
15025.07 
15025.20 
15025.33 
15025.45 
15025.58 
15025.71 
15025.84 
15025.97 
15026.10 
15026.22 
15026.36 
15026.49 
15026.62 
15026.75 
15026.88 
15027.01 
15027.13 
15027.26 
15027.39 
15027.51 
15027.64 
15027.77 
15027.89 
15028.02 
15028.15 
15028.28 
15028.40 
15028.53 
15028.65 
15028.79 
15028.91 
15029.04 
15029.17 
15029.30 
15029.42 
15029.55 
15029.68 
15029.81 
15029.94 
15030.06 
15030.19 
15030.32 
15030.45 
15030.57 
15030.70 
15030.83 
15030.96 
15031.09 
15031.21 
15031.34 
15031.47 
15031.60 
15031.73 
15031.86 
15031.98 
15032.11 
15032.24 
15032.38 
15032.51 
15032.64 
15032.77 
15032.90 
15033.02 
15033.15 
15033.28 
15033.40 
15033.53 
15033.66 
15033.79 
15033.92 
15034.04 
15034.17 
15034.30 
15034.43 
15034.55 
15034.68 
15034.81 
15034.93 
15035.06 
15035.19 
15035.32 
15035.44 
15035.57 
15035.70 
15035.82 
15035.95 
15036.08 
15036.21 
15036.33 
15036.46 
15036.59 
15036.71 
15036.83 
15036.95 
15037.07 
15037.20 
15037.33 
15037.45 
15037.58 
15037.71 
15037.84 
15037.97 
15038.09 
15038.22 
15038.35 
15038.48 
15038.60 
15038.73 
15038.86 
15038.99 
15039.11 
15039.24 
15039.37 
15039.50 
15039.63 
15039.75 
15039.88 
15040.00 
15040.13 
15040.25 
15040.38 
15040.51 
15040.64 
15040.79 
15040.91 
15041.03 
15041.16 
15041.29 
15041.42 
15041.54 
15041.67 
15041.80 
15041.92 
15042.05 
15042.18 
15042.30 
15042.43 
15042.56 
15042.69 
15042.81 
15042.94 
15043.07 
15043.20 
15043.34 
15043.47 
15043.59 
15043.72 
15043.85 
15043.98 
15044.11 
15044.24 
15044.36 
15044.49 
15044.62 
15044.74 
15044.87 
15045.00 
15045.13 
15045.25 
15045.38 
15045.51 
15045.64 
15045.77 
15045.90 
15046.03 
15046.16 
15046.29 
15046.42 
15046.54 
15046.67 
15046.80 
15046.93 
15047.06 
15047.18 
15047.31 
15047.44 
15047.57 
15047.70 
15047.83 
15047.95 
15048.08 
15048.21 
15048.34 
15048.46 
15048.59 
15048.72 
15048.85 
15048.97 
15049.10 
15049.22 
15049.35 
15049.48 
15049.61 
15049.74 
15049.87 
15050.00 
15050.13 
15050.26 
15050.39 
15050.51 
15050.64 
15050.77 
15050.90 
15051.03 
15051.16 
15051.29 
15051.42 
15051.55 
15051.68 
15051.81 
15051.94 
15052.06 
15052.20 
15052.31 
15052.43 
15052.55 
15052.68 
15052.81 
15052.94 
15053.07 
15053.19 
15053.32 
15053.45 
15053.58 
15053.71 
15053.83 
15053.96 
15054.09 
15054.22 
15054.34 
15054.47 
15054.60 
15054.73 
15054.85 
15054.98 
15055.10 
15055.23 
15055.36 
15055.48 
15055.61 
15055.74 
15055.87 
15056.00 
15056.12 
15056.25 
15056.37 
15056.50 
15056.62 
15056.75 
15056.88 
15057.01 
15057.15 
15057.28 
15057.41 
15057.54 
15057.67 
15057.80 
15057.92 
15058.05 
15058.18 
15058.30 
15058.43 
15058.56 
15058.69 
15058.82 
15058.94 
15059.07 
15059.20 
15059.33 
15059.46 
15059.58 
15059.71 
15059.84 
15059.97 
15060.10 
15060.22 
15060.35 
15060.48 
15060.61 
15060.74 
15060.86 
15060.99 
15061.12 
15061.25 
15061.38 
15061.50 
15061.63 
15061.76 
15061.89 
15062.01 
15062.14 
15062.27 
15062.40 
15062.54 
15062.67 
15062.80 
15062.92 
15063.05 
15063.18 
15063.30 
15063.43 
15063.56 
15063.68 
15063.81 
15063.94 
15064.07 
15064.22 
15064.35 
15064.47 
15064.60 
15064.73 
15064.86 
15064.98 
15065.11 
15065.24 
15065.37 
15065.50 
15065.65 
15065.77 
15065.90 
15066.03 
15066.16 
15066.28 
15066.41 
15066.54 
15066.67 
15066.80 
15066.93 
15067.05 
15067.18 
15067.31 
15067.44 
15067.57 
15067.69 
15067.81 
15067.93 
15068.06 
15068.18 
15068.31 
15068.44 
15068.57 
15068.70 
15068.83 
15068.95 
15069.08 
15069.21 
15069.34 
15069.47 
15069.60 
15069.72 
15069.85 
15069.98 
15070.11 
15070.24 
15070.37 
15070.49 
15070.62 
15070.75 
15070.88 
15071.01 
15071.13 
15071.26 
15071.39 
15071.51 
15071.64 
15071.77 
15071.90 
15072.03 
15072.16 
15072.28 
15072.41 
15072.54 
15072.67 
15072.80 
15072.94 
15073.07 
15073.20 
15073.34 
15073.47 
15073.60 
15073.72 
15073.85 
15073.97 
15074.10 
15074.23 
15074.36 
15074.49 
15074.62 
15074.75 
15074.88 
15075.00 
15075.13 
15075.25 
15075.38 
15075.51 
15075.63 
15075.76 
15075.89 
15076.01 
15076.14 
15076.27 
15076.40 
15076.52 
15076.65 
15076.78 
15076.91 
15077.04 
15077.16 
15077.29 
15077.43 
15077.56 
15077.69 
15077.82 
15077.95 
15078.08 
15078.20 
15078.33 
15078.46 
15078.59 
15078.71 
15078.84 
15078.97 
15079.10 
15079.23 
15079.36 
15079.49 
15079.61 
15079.74 
15079.87 
15080.00 
15080.13 
15080.25 
15080.38 
15080.51 
15080.64 
15080.77 
15080.90 
15081.02 
15081.16 
15081.29 
15081.42 
15081.55 
15081.68 
15081.81 
15081.94 
15082.06 
15082.19 
15082.32 
15082.45 
15082.57 
15082.70 
15082.83 
15082.95 
15083.08 
15083.21 
15083.33 
15083.46 
15083.60 
15083.72 
15083.86 
15083.99 
15084.12 
15084.24 
15084.37 
15084.50 
15084.63 
15084.76 
15084.88 
15085.01 
15085.14 
15085.26 
15085.39 
15085.52 
15085.65 
15085.78 
15085.91 
15086.03 
15086.16 
15086.28 
15086.41 
15086.54 
15086.67 
15086.79 
15086.92 
15087.05 
15087.18 
15087.31 
15087.43 
15087.56 
15087.69 
15087.82 
15087.94 
15088.07 
15088.20 
15088.33 
15088.46 
15088.59 
15088.71 
15088.84 
15088.97 
15089.10 
15089.22 
15089.35 
15089.48 
15089.61 
15089.73 
15089.86 
15089.99 
15090.12 
15090.25 
15090.37 
15090.50 
15090.63 
15090.76 
15090.89 
15091.02 
15091.15 
15091.28 
15091.41 
15091.53 
15091.66 
15091.79 
15091.92 
15092.04 
15092.17 
15092.30 
15092.43 
15092.55 
15092.68 
15092.81 
15092.94 
15093.07 
15093.20 
15093.32 
15093.45 
15093.58 
15093.71 
15093.84 
15093.97 
15094.09 
15094.22 
15094.35 
15094.48 
15094.61 
15094.74 
15094.86 
15094.99 
15095.12 
15095.24 
15095.37 
15095.50 
15095.63 
15095.76 
15095.88 
15096.01 
15096.13 
15096.25 
15096.39 
15096.53 
15096.66 
15096.78 
15096.90 
15097.03 
15097.14 
15097.25 
15097.36 
15097.50 
15097.61 
15097.72 
15097.83 
15097.94 
15098.06 
15098.18 
15098.30 
15098.43 
15098.55 
15098.67 
15098.79 
15098.91 
15099.03 
15099.15 
15099.27 
15099.39 
15099.51 
15099.63 
15099.76 
15099.88 
15099.99 
15100.12 
15100.24 
15100.35 
15100.47 
15100.59 
15100.71 
15100.83 
15100.95 
15101.07 
15101.19 
15101.31 
15101.43 
15101.55 
15101.67 
15101.78 
15101.90 
15102.02 
15102.14 
15102.26 
15102.38 
15102.50 
15102.62 
15102.74 
15102.86 
15102.98 
15103.10 
15103.21 
15103.33 
15103.45 
15103.57 
15103.69 
15103.81 
15103.93 
15104.05 
15104.17 
15104.29 
15104.41 
15104.53 
15104.65 
15104.77 
15104.89 
15105.01 
15105.13 
15105.25 
15105.36 
15105.48 
15105.60 
15105.72 
15105.84 
15105.96 
15106.07 
15106.20 
15106.32 
15106.44 
15106.56 
15106.68 
15106.81 
15106.93 
15107.05 
15107.16 
15107.28 
15107.41 
15107.53 
15107.65 
15107.77 
15107.89 
15108.02 
15108.14 
15108.26 
15108.38 
15108.50 
15108.63 
15108.75 
15108.88 
15109.00 
15109.12 
15109.25 
15109.37 
15109.49 
15109.62 
15109.74 
15109.87 
15109.99 
15110.12 
15110.26 
15110.38 
15110.51 
15110.64 
15110.76 
15110.88 
15111.01 
15111.13 
15111.26 
15111.38 
15111.51 
15111.63 
15111.77 
15111.90 
15112.03 
15112.15 
15112.26 
15112.38 
15112.51 
15112.65 
15112.76 
15112.88 
15113.00 
15113.12 
15113.24 
15113.36 
15113.50 
15113.63 
15113.76 
15113.90 
15114.02 
15114.14 
15114.27 
15114.40 
15114.54 
15114.65 
15114.78 
15114.91 
15115.05 
15115.18 
15115.30 
15115.43 
15115.56 
15115.69 
15115.83 
15115.95 
15116.08 
15116.21 
15116.34 
15116.46 
15116.58 
15116.70 
15116.82 
15116.96 
15117.08 
15117.20 
15117.33 
15117.45 
15117.57 
15117.69 
15117.82 
15117.93 
15118.05 
15118.19 
15118.33 
15118.44 
15118.56 
15118.68 
15118.81 
15118.93 
15119.06 
15119.18 
15119.32 
15119.43 
15119.56 
15119.69 
15119.81 
15119.93 
15120.06 
15120.18 
15120.32 
15120.45 
15120.60 
15120.73 
15120.85 
15120.96 
15121.09 
15121.23 
15121.35 
15121.48 
15121.60 
15121.72 
15121.85 
15121.98 
15122.12 
15122.24 
15122.36 
15122.49 
15122.62 
15122.75 
15122.88 
15123.00 
15123.12 
15123.24 
15123.37 
15123.51 
15123.63 
15123.74 
15123.86 
15123.99 
15124.12 
15124.25 
15124.38 
15124.52 
15124.64 
15124.76 
15124.88 
15125.01 
15125.15 
15125.27 
15125.39 
15125.51 
15125.64 
15125.77 
15125.91 
15126.04 
15126.18 
15126.31 
15126.43 
15126.57 
15126.71 
15126.83 
15126.95 
15127.07 
15127.20 
15127.32 
15127.46 
15127.59 
15127.71 
15127.83 
15127.95 
15128.09 
15128.21 
15128.33 
15128.45 
15128.58 
15128.71 
15128.83 
15128.96 
15129.08 
15129.20 
15129.33 
15129.46 
15129.59 
15129.71 
15129.84 
15129.95 
15130.07 
15130.19 
15130.32 
15130.45 
15130.59 
15130.73 
15130.87 
15131.00 
15131.12 
15131.24 
15131.37 
15131.49 
15131.61 
15131.73 
15131.85 
15131.97 
15132.09 
15132.21 
15132.33 
15132.46 
15132.58 
15132.70 
15132.83 
15132.96 
15133.08 
15133.21 
15133.34 
15133.48 
15133.60 
15133.74 
15133.86 
15133.98 
15134.12 
15134.24 
15134.35 
15134.48 
15134.60 
15134.73 
15134.87 
15134.99 
15135.11 
15135.23 
15135.36 
15135.48 
15135.61 
15135.72 
15135.84 
15135.96 
15136.08 
15136.20 
15136.32 
15136.45 
15136.59 
15136.72 
15136.85 
15136.97 
15137.09 
15137.22 
15137.34 
15137.47 
15137.59 
15137.71 
15137.83 
15137.96 
15138.08 
15138.20 
15138.32 
15138.44 
15138.56 
15138.69 
15138.82 
15138.94 
15139.06 
15139.18 
15139.31 
15139.43 
15139.55 
15139.67 
15139.80 
15139.93 
15140.06 
15140.18 
15140.30 
15140.44 
15140.56 
15140.68 
15140.81 
15140.95 
15141.07 
15141.19 
15141.32 
15141.45 
15141.56 
15141.69 
15141.82 
15141.94 
15142.07 
15142.19 
15142.32 
15142.45 
15142.57 
15142.70 
15142.83 
15142.95 
15143.07 
15143.19 
15143.33 
15143.45 
15143.57 
15143.69 
15143.81 
15143.95 
15144.07 
15144.20 
15144.32 
15144.44 
15144.57 
15144.70 
15144.84 
15144.96 
15145.08 
15145.20 
15145.33 
15145.46 
15145.57 
15145.69 
15145.82 
15145.96 
15146.10 
15146.22 
15146.34 
15146.46 
15146.59 
15146.71 
15146.83 
15146.96 
15147.10 
15147.22 
15147.35 
15147.47 
15147.59 
15147.71 
15147.84 
15147.98 
15148.11 
15148.25 
15148.37 
15148.50 
15148.63 
15148.78 
15148.89 
15149.00 
15149.13 
15149.26 
15149.39 
15149.51 
15149.64 
15149.75 
15149.87 
15150.01 
15150.13 
15150.26 
15150.39 
15150.52 
15150.65 
15150.78 
15150.91 
15151.03 
15151.17 
15151.28 
15151.40 
15151.54 
15151.66 
15151.77 
15151.90 
15152.02 
15152.16 
15152.30 
15152.42 
15152.54 
15152.66 
15152.78 
15152.92 
15153.04 
15153.16 
15153.28 
15153.41 
15153.54 
15153.66 
15153.80 
15153.92 
15154.05 
15154.18 
15154.30 
15154.42 
15154.55 
15154.67 
15154.78 
15154.91 
15155.02 
15155.16 
15155.28 
15155.39 
15155.53 
15155.65 
15155.77 
15155.92 
15156.04 
15156.16 
15156.28 
15156.42 
15156.54 
15156.67 
15156.79 
15156.91 
15157.03 
15157.17 
15157.29 
15157.41 
15157.53 
15157.65 
15157.79 
15157.94 
15158.07 
15158.19 
15158.32 
15158.46 
15158.58 
15158.71 
15158.83 
15158.97 
15159.10 
15159.23 
15159.35 
15159.47 
15159.61 
15159.73 
15159.86 
15160.00 
15160.12 
15160.24 
15160.38 
15160.50 
15160.64 
15160.78 
15160.90 
15161.03 
15161.15 
15161.27 
15161.39 
15161.53 
15161.65 
15161.77 
15161.91 
15162.03 
15162.16 
15162.30 
15162.44 
15162.56 
15162.68 
15162.80 
15162.93 
15163.07 
15163.19 
15163.31 
15163.44 
15163.56 
15163.69 
15163.80 
15163.92 
15164.05 
15164.18 
15164.29 
15164.41 
15164.53 
15164.66 
15164.80 
15164.92 
15165.05 
15165.16 
15165.28 
15165.40 
15165.53 
15165.67 
15165.79 
15165.91 
15166.03 
15166.17 
15166.31 
15166.44 
15166.57 
15166.70 
15166.81 
15166.94 
15167.06 
15167.18 
15167.30 
15167.42 
15167.55 
15167.67 
15167.79 
15167.91 
15168.03 
15168.16 
15168.29 
15168.42 
15168.54 
15168.66 
15168.78 
15168.92 
15169.05 
15169.18 
15169.29 
15169.41 
15169.53 
15169.66 
15169.78 
15169.90 
15170.02 
15170.14 
15170.28 
15170.41 
15170.55 
15170.67 
15170.79 
15170.91 
15171.04 
15171.18 
15171.30 
15171.42 
15171.54 
15171.67 
15171.81 
15171.93 
15172.05 
15172.17 
15172.30 
15172.43 
15172.56 
15172.68 
15172.81 
15172.92 
15173.05 
15173.17 
15173.29 
15173.41 
15173.53 
15173.66 
15173.80 
15173.92 
15174.04 
15174.16 
15174.29 
15174.43 
15174.54 
15174.68 
15174.80 
15174.93 
15175.05 
15175.18 
15175.30 
15175.42 
15175.54 
15175.67 
15175.81 
15175.94 
15176.06 
15176.17 
15176.29 
15176.41 
15176.53 
15176.65 
15176.77 
15176.90 
15177.04 
15177.16 
15177.28 
15177.42 
15177.53 
15177.65 
15177.79 
15177.91 
15178.04 
15178.15 
15178.28 
15178.41 
15178.54 
15178.67 
15178.79 
15178.94 
15179.06 
15179.19 
15179.31 
15179.43 
15179.55 
15179.69 
15179.81 
15179.93 
15180.05 
15180.18 
15180.30 
15180.43 
15180.55 
15180.67 
15180.80 
15180.92 
15181.04 
15181.17 
15181.31 
15181.44 
15181.57 
15181.69 
15181.81 
15181.93 
15182.06 
15182.18 
15182.30 
15182.42 
15182.54 
15182.67 
15182.80 
15182.92 
15183.04 
15183.17 
15183.31 
15183.45 
15183.57 
15183.70 
15183.83 
15183.95 
15184.08 
15184.21 
15184.34 
15184.46 
15184.58 
15184.70 
15184.83 
15184.95 
15185.07 
15185.20 
15185.32 
15185.44 
15185.57 
15185.70 
15185.82 
15185.94 
15186.06 
15186.20 
15186.32 
15186.45 
15186.57 
15186.69 
15186.81 
15186.93 
15187.05 
15187.17 
15187.29 
15187.43 
15187.56 
15187.70 
15187.82 
15187.94 
15188.06 
15188.20 
15188.33 
15188.47 
15188.60 
15188.71 
15188.83 
15188.96 
15189.09 
15189.22 
15189.34 
15189.46 
15189.60 
15189.72 
15189.84 
15189.98 
15190.10 
15190.23 
15190.35 
15190.47 
15190.58 
15190.71 
15190.84 
15190.98 
15191.12 
15191.24 
15191.36 
15191.49 
15191.61 
15191.75 
15191.89 
15192.01 
15192.13 
15192.25 
15192.37 
15192.51 
15192.63 
15192.76 
15192.89 
15193.01 
15193.14 
15193.27 
15193.42 
15193.56 
15193.68 
15193.81 
15193.94 
15194.06 
15194.19 
15194.31 
15194.43 
15194.55 
15194.68 
15194.82 
15194.95 
15195.09 
15195.21 
15195.33 
15195.45 
15195.58 
15195.70 
15195.83 
15195.95 
15196.08 
15196.21 
15196.33 
15196.45 
15196.57 
15196.70 
15196.83 
15196.97 
15197.11 
15197.23 
15197.35 
15197.47 
15197.61 
15197.72 
15197.84 
15197.96 
15198.08 
15198.21 
15198.34 
15198.46 
15198.58 
15198.71 
15198.82 
15198.94 
15199.08 
15199.20 
15199.33 
15199.46 
15199.58 
15199.71 
15199.83 
15199.95 
15200.08 
15200.21 
15200.34 
15200.48 
15200.60 
15200.72 
15200.86 
15201.00 
15201.13 
15201.25 
15201.36 
15201.49 
15201.61 
15201.73 
15201.87 
15201.99 
15202.12 
15202.24 
15202.36 
15202.48 
15202.62 
15202.75 
15202.87 
15202.99 
15203.12 
15203.25 
15203.37 
15203.49 
15203.61 
15203.74 
15203.86 
15204.00 
15204.12 
15204.25 
15204.37 
15204.49 
15204.62 
15204.74 
15204.85 
15204.98 
15205.11 
15205.23 
15205.36 
15205.48 
15205.60 
15205.73 
15205.86 
15206.00 
15206.12 
15206.25 
15206.37 
15206.50 
15206.63 
15206.76 
15206.90 
15207.02 
15207.15 
15207.27 
15207.39 
15207.52 
15207.64 
15207.77 
15207.89 
15208.03 
15208.16 
15208.28 
15208.40 
15208.53 
15208.66 
15208.80 
15208.91 
15209.04 
15209.16 
15209.28 
15209.40 
15209.52 
15209.65 
15209.78 
15209.90 
15210.01 
15210.13 
15210.25 
15210.36 
15210.48 
15210.61 
15210.74 
15210.86 
15210.98 
15211.10 
15211.22 
15211.35 
15211.49 
15211.61 
15211.74 
15211.86 
15211.98 
15212.12 
15212.24 
15212.36 
15212.49 
15212.61 
15212.74 
15212.87 
15212.99 
15213.12 
15213.24 
15213.38 
15213.51 
15213.65 
15213.77 
15213.89 
15214.01 
15214.12 
15214.24 
15214.37 
15214.49 
15214.62 
15214.74 
15214.86 
15214.98 
15215.11 
15215.23 
15215.34 
15215.47 
15215.59 
15215.72 
15215.84 
15215.96 
15216.08 
15216.21 
15216.34 
15216.46 
15216.58 
15216.71 
15216.83 
15216.95 
15217.07 
15217.20 
15217.32 
15217.45 
15217.59 
15217.74 
15217.86 
15217.98 
15218.10 
15218.23 
15218.37 
15218.50 
15218.63 
15218.75 
15218.86 
15218.99 
15219.12 
15219.24 
15219.36 
15219.48 
15219.61 
15219.73 
15219.87 
15219.99 
15220.12 
15220.24 
15220.36 
15220.50 
15220.64 
15220.76 
15220.87 
15221.00 
15221.12 
15221.24 
15221.37 
15221.49 
15221.60 
15221.72 
15221.84 
15221.98 
15222.12 
15222.24 
15222.38 
15222.50 
15222.62 
15222.75 
15222.87 
15223.00 
15223.14 
15223.27 
15223.42 
15223.54 
15223.66 
15223.78 
15223.92 
15224.04 
15224.16 
15224.28 
15224.40 
15224.54 
15224.67 
15224.80 
15224.91 
15225.03 
15225.16 
15225.29 
15225.43 
15225.56 
15225.68 
15225.80 
15225.92 
15226.03 
15226.16 
15226.28 
15226.40 
15226.52 
15226.66 
15226.79 
15226.92 
15227.03 
15227.15 
15227.27 
15227.39 
15227.53 
15227.65 
15227.77 
15227.90 
15228.03 
15228.16 
15228.28 
15228.41 
15228.53 
15228.66 
15228.80 
15228.92 
15229.04 
15229.16 
15229.29 
15229.40 
15229.53 
15229.65 
15229.77 
15229.90 
15230.04 
15230.16 
15230.28 
15230.40 
15230.53 
15230.67 
15230.81 
15230.92 
15231.03 
15231.16 
15231.28 
15231.41 
15231.54 
15231.66 
15231.78 
15231.91 
15232.04 
15232.16 
15232.28 
15232.40 
15232.54 
15232.66 
15232.79 
15232.91 
15233.03 
15233.15 
15233.29 
15233.43 
15233.55 
15233.67 
15233.79 
15233.93 
15234.05 
15234.17 
15234.29 
15234.41 
15234.55 
15234.67 
15234.79 
15234.91 
15235.04 
15235.19 
15235.33 
15235.45 
15235.57 
15235.68 
15235.81 
15235.94 
15236.08 
15236.20 
15236.33 
15236.46 
15236.59 
15236.72 
15236.85 
15236.97 
15237.10 
15237.21 
15237.33 
15237.46 
15237.60 
15237.73 
15237.87 
15237.99 
15238.11 
15238.24 
15238.38 
15238.51 
15238.64 
15238.76 
15238.88 
15239.00 
15239.11 
15239.23 
15239.36 
15239.49 
15239.61 
15239.73 
15239.86 
15239.99 
15240.13 
15240.27 
15240.40 
15240.54 
15240.66 
15240.78 
15240.91 
15241.04 
15241.16 
15241.29 
15241.41 
15241.54 
15241.68 
15241.80 
15241.92 
15242.06 
15242.17 
15242.30 
15242.42 
15242.55 
15242.67 
15242.80 
15242.93 
15243.06 
15243.20 
15243.33 
15243.45 
15243.57 
15243.69 
15243.80 
15243.94 
15244.07 
15244.19 
15244.31 
15244.44 
15244.57 
15244.72 
15244.85 
15244.99 
15245.11 
15245.23 
15245.35 
15245.49 
15245.61 
15245.73 
15245.85 
15245.97 
15246.10 
15246.22 
15246.34 
15246.46 
15246.58 
15246.72 
15246.86 
15246.99 
15247.11 
15247.24 
15247.37 
15247.49 
15247.62 
15247.75 
15247.87 
15247.99 
15248.11 
15248.26 
15248.39 
15248.52 
15248.64 
15248.76 
15248.88 
15249.01 
15249.13 
15249.26 
15249.38 
15249.50 
15249.63 
15249.77 
15249.89 
15250.01 
15250.14 
15250.26 
15250.39 
15250.51 
15250.65 
15250.78 
15250.91 
15251.04 
15251.17 
15251.30 
15251.42 
15251.54 
15251.67 
15251.81 
15251.94 
15252.05 
15252.17 
15252.31 
15252.43 
15252.56 
15252.68 
15252.80 
15252.93 
15253.06 
15253.18 
15253.32 
15253.44 
15253.56 
15253.68 
15253.80 
15253.94 
15254.06 
15254.20 
15254.32 
15254.44 
15254.56 
15254.69 
15254.81 
15254.95 
15255.08 
15255.21 
15255.34 
15255.47 
15255.61 
15255.73 
15255.85 
15255.97 
15256.10 
15256.24 
15256.38 
15256.52 
15256.64 
15256.76 
15256.88 
15257.02 
15257.14 
15257.27 
15257.39 
15257.52 
15257.65 
15257.77 
15257.90 
15258.01 
15258.13 
15258.25 
15258.39 
15258.52 
15258.65 
15258.77 
15258.89 
15259.01 
15259.14 
15259.28 
15259.40 
15259.52 
15259.66 
15259.80 
15259.93 
15260.05 
15260.18 
15260.30 
15260.42 
15260.55 
15260.67 
15260.79 
15260.92 
15261.04 
15261.16 
15261.29 
15261.40 
15261.52 
15261.65 
15261.78 
15261.89 
15262.01 
15262.14 
15262.25 
15262.38 
15262.49 
15262.62 
15262.75 
15262.87 
15262.99 
15263.11 
15263.23 
15263.35 
15263.48 
15263.60 
15263.72 
15263.84 
15263.95 
15264.07 
15264.19 
15264.31 
15264.42 
15264.54 
15264.68 
15264.80 
15264.93 
15265.05 
15265.18 
15265.30 
15265.42 
15265.55 
15265.69 
15265.83 
15265.95 
15266.07 
15266.19 
15266.33 
15266.46 
15266.58 
15266.70 
15266.83 
15266.96 
15267.09 
15267.21 
15267.34 
15267.46 
15267.58 
15267.72 
15267.84 
15267.97 
15268.09 
15268.22 
15268.35 
15268.47 
15268.59 
15268.71 
15268.83 
15268.95 
15269.07 
15269.19 
15269.31 
15269.43 
15269.55 
15269.67 
15269.79 
15269.93 
15270.04 
15270.16 
15270.28 
15270.39 
15270.50 
15270.62 
15270.75 
15270.88 
15271.01 
15271.14 
15271.26 
15271.39 
15271.52 
15271.65 
15271.78 
15271.91 
15272.03 
15272.16 
15272.29 
15272.41 
15272.54 
15272.67 
15272.80 
15272.93 
15273.05 
15273.18 
15273.31 
15273.42 
15273.56 
15273.68 
15273.80 
15273.93 
15274.05 
15274.18 
15274.30 
15274.43 
15274.56 
15274.69 
15274.81 
15274.94 
15275.07 
15275.20 
15275.33 
15275.45 
15275.58 
15275.70 
15275.83 
15275.97 
15276.10 
15276.22 
15276.35 
15276.48 
15276.62 
15276.74 
15276.87 
15276.99 
15277.12 
15277.25 
15277.38 
15277.51 
15277.63 
15277.76 
15277.89 
15278.02 
15278.14 
15278.27 
15278.40 
15278.54 
15278.67 
15278.80 
15278.93 
15279.06 
15279.19 
15279.31 
15279.44 
15279.57 
15279.70 
15279.82 
15279.97 
15280.10 
15280.22 
15280.35 
15280.48 
15280.61 
15280.74 
15280.86 
15281.00 
15281.13 
15281.25 
15281.38 
15281.51 
15281.64 
15281.77 
15281.90 
15282.03 
15282.16 
15282.28 
15282.41 
15282.54 
15282.66 
15282.79 
15282.92 
15283.05 
15283.18 
15283.31 
15283.43 
15283.56 
15283.69 
15283.84 
15283.96 
15284.09 
15284.22 
15284.35 
15284.47 
15284.60 
15284.73 
15284.86 
15284.98 
15285.11 
15285.24 
15285.36 
15285.49 
15285.62 
15285.74 
15285.87 
15286.00 
15286.13 
15286.26 
15286.38 
15286.51 
15286.66 
15286.79 
15286.91 
15287.04 
15287.17 
15287.29 
15287.42 
15287.55 
15287.68 
15287.81 
15287.94 
15288.06 
15288.19 
15288.32 
15288.45 
15288.58 
15288.71 
15288.85 
15288.97 
15289.10 
15289.22 
15289.33 
15289.47 
15289.58 
15289.70 
15289.82 
15289.94 
15290.07 
15290.21 
15290.33 
15290.46 
15290.59 
15290.71 
15290.84 
15290.97 
15291.10 
15291.22 
15291.35 
15291.47 
15291.60 
15291.73 
15291.86 
15291.99 
15292.11 
15292.24 
15292.37 
15292.50 
15292.62 
15292.75 
15292.88 
15293.01 
15293.13 
15293.26 
15293.39 
15293.52 
15293.64 
15293.77 
15293.90 
15294.03 
15294.16 
15294.29 
15294.42 
15294.54 
15294.69 
15294.81 
15294.94 
15295.07 
15295.20 
15295.32 
15295.45 
15295.58 
15295.71 
15295.84 
15295.97 
15296.09 
15296.22 
15296.35 
15296.48 
15296.61 
15296.73 
15296.86 
15296.99 
15297.12 
15297.25 
15297.38 
15297.50 
15297.63 
15297.76 
15297.89 
15298.01 
15298.14 
15298.27 
15298.40 
15298.52 
15298.65 
15298.78 
15298.91 
15299.03 
15299.16 
15299.29 
15299.42 
15299.56 
15299.69 
15299.82 
15299.95 
15300.07 
15300.20 
15300.33 
15300.46 
15300.59 
15300.71 
15300.84 
15300.97 
15301.10 
15301.22 
15301.35 
15301.48 
15301.61 
15301.74 
15301.87 
15302.00 
15302.13 
15302.26 
15302.38 
15302.51 
15302.64 
15302.77 
15302.90 
15303.02 
15303.15 
15303.28 
15303.43 
15303.55 
15303.68 
15303.81 
15303.94 
15304.06 
15304.19 
15304.32 
15304.45 
15304.57 
15304.70 
15304.83 
15304.95 
15305.07 
15305.19 
15305.32 
15305.44 
15305.57 
15305.70 
15305.82 
15305.95 
15306.08 
15306.21 
15306.34 
15306.46 
15306.59 
15306.72 
15306.85 
15306.97 
15307.10 
15307.23 
15307.36 
15307.49 
15307.61 
15307.74 
15307.86 
15307.99 
15308.12 
15308.25 
15308.38 
15308.51 
15308.64 
15308.76 
15308.89 
15309.02 
15309.15 
15309.30 
15309.42 
15309.55 
15309.68 
15309.81 
15309.94 
15310.07 
15310.20 
15310.32 
15310.45 
15310.58 
15310.71 
15310.84 
15310.97 
15311.10 
15311.23 
15311.35 
15311.48 
15311.61 
15311.73 
15311.86 
15311.99 
15312.12 
15312.25 
15312.37 
15312.50 
15312.62 
15312.75 
15312.88 
15313.01 
15313.14 
15313.26 
15313.39 
15313.52 
15313.64 
15313.77 
15313.90 
15314.03 
15314.15 
15314.28 
15314.41 
15314.54 
15314.66 
15314.80 
15314.92 
15315.05 
15315.18 
15315.30 
15315.43 
15315.55 
15315.68 
15315.81 
15315.93 
15316.07 
15316.19 
15316.32 
15316.44 
15316.57 
15316.70 
15316.83 
15316.96 
15317.08 
15317.21 
15317.34 
15317.47 
15317.60 
15317.72 
15317.85 
15317.98 
15318.10 
15318.23 
15318.36 
15318.49 
15318.61 
15318.74 
15318.87 
15319.00 
15319.12 
15319.25 
15319.38 
15319.52 
15319.64 
15319.77 
15319.90 
15320.03 
15320.15 
15320.28 
15320.41 
15320.53 
15320.66 
15320.78 
15320.90 
15321.03 
15321.16 
15321.29 
15321.42 
15321.54 
15321.67 
15321.80 
15321.93 
15322.05 
15322.18 
15322.31 
15322.44 
15322.57 
15322.69 
15322.82 
15322.95 
15323.08 
15323.21 
15323.34 
15323.46 
15323.59 
15323.72 
15323.85 
15323.98 
15324.11 
15324.23 
15324.36 
15324.49 
15324.62 
15324.76 
15324.89 
15325.02 
15325.14 
15325.27 
15325.40 
15325.53 
15325.65 
15325.78 
15325.91 
15326.03 
15326.16 
15326.29 
15326.41 
15326.54 
15326.67 
15326.80 
15326.92 
15327.05 
15327.18 
15327.31 
15327.43 
15327.56 
15327.69 
15327.82 
15327.94 
15328.07 
15328.20 
15328.32 
15328.45 
15328.57 
15328.70 
15328.83 
15328.96 
15329.09 
15329.21 
15329.34 
15329.47 
15329.60 
15329.73 
15329.86 
15329.98 
15330.11 
15330.24 
15330.37 
15330.50 
15330.63 
15330.75 
15330.88 
15331.01 
15331.14 
15331.27 
15331.40 
15331.55 
15331.67 
15331.81 
15331.93 
15332.06 
15332.19 
15332.32 
15332.45 
15332.57 
15332.70 
15332.83 
15332.95 
15333.08 
15333.21 
15333.34 
15333.46 
15333.58 
15333.71 
15333.84 
15333.97 
15334.10 
15334.22 
15334.35 
15334.48 
15334.61 
15334.74 
15334.86 
15334.99 
15335.12 
15335.25 
15335.38 
15335.51 
15335.63 
15335.76 
15335.89 
15336.01 
15336.14 
15336.26 
15336.39 
15336.51 
15336.64 
15336.76 
15336.89 
15337.02 
15337.15 
15337.28 
15337.40 
15337.53 
15337.66 
15337.79 
15337.92 
15338.04 
15338.17 
15338.30 
15338.43 
15338.56 
15338.69 
15338.81 
15338.94 
15339.07 
15339.20 
15339.33 
15339.46 
15339.59 
15339.71 
15339.84 
15339.97 
15340.10 
15340.22 
15340.35 
15340.48 
15340.61 
15340.74 
15340.87 
15340.99 
15341.12 
15341.25 
15341.38 
15341.50 
15341.63 
15341.75 
15341.88 
15342.01 
15342.14 
15342.27 
15342.39 
15342.54 
15342.66 
15342.79 
15342.92 
15343.05 
15343.18 
15343.30 
15343.43 
15343.56 
15343.69 
15343.82 
15343.95 
15344.08 
15344.21 
15344.34 
15344.46 
15344.59 
15344.72 
15344.85 
15344.98 
15345.10 
15345.23 
15345.36 
15345.49 
15345.61 
15345.73 
15345.86 
15345.99 
15346.12 
15346.25 
15346.38 
15346.51 
15346.63 
15346.76 
15346.89 
15347.02 
15347.15 
15347.27 
15347.40 
15347.53 
15347.66 
15347.79 
15347.92 
15348.05 
15348.17 
15348.30 
15348.43 
15348.57 
15348.70 
15348.82 
15348.95 
15349.08 
15349.21 
15349.33 
15349.46 
15349.59 
15349.72 
15349.85 
15349.98 
15350.11 
15350.23 
15350.36 
15350.48 
15350.61 
15350.74 
15350.87 
15351.00 
15351.13 
15351.26 
15351.38 
15351.51 
15351.64 
15351.76 
15351.88 
15352.01 
15352.14 
15352.28 
15352.41 
15352.54 
15352.66 
15352.79 
15352.92 
15353.05 
15353.18 
15353.31 
15353.45 
15353.58 
15353.71 
15353.84 
15353.98 
15354.11 
15354.23 
15354.36 
15354.49 
15354.61 
15354.74 
15354.87 
15355.00 
15355.13 
15355.26 
15355.39 
15355.51 
15355.64 
15355.77 
15355.90 
15356.03 
15356.15 
15356.28 
15356.41 
15356.54 
15356.66 
15356.79 
15356.91 
15357.04 
15357.17 
15357.30 
15357.44 
15357.57 
15357.70 
15357.82 
15357.95 
15358.07 
15358.20 
15358.33 
15358.46 
15358.59 
15358.71 
15358.84 
15358.97 
15359.10 
15359.24 
15359.37 
15359.50 
15359.62 
15359.74 
15359.87 
15360.00 
15360.13 
15360.26 
15360.38 
15360.51 
15360.64 
15360.77 
15360.90 
15361.02 
15361.15 
15361.28 
15361.41 
15361.54 
15361.67 
15361.80 
15361.92 
15362.05 
15362.17 
15362.30 
15362.42 
15362.55 
15362.68 
15362.81 
15362.94 
15363.07 
15363.20 
15363.33 
15363.46 
15363.58 
15363.71 
15363.84 
15363.97 
15364.10 
15364.22 
15364.35 
15364.48 
15364.61 
15364.74 
15364.86 
15364.99 
15365.12 
15365.24 
15365.37 
15365.50 
15365.63 
15365.76 
15365.88 
15366.01 
15366.14 
15366.26 
15366.38 
15366.51 
15366.63 
15366.76 
15366.89 
15367.02 
15367.16 
15367.29 
15367.42 
15367.55 
15367.67 
15367.80 
15367.92 
15368.05 
15368.18 
15368.30 
15368.43 
15368.56 
15368.67 
15368.80 
15368.92 
15369.05 
15369.18 
15369.31 
15369.43 
15369.56 
15369.69 
15369.82 
15369.95 
15370.07 
15370.20 
15370.34 
15370.47 
15370.60 
15370.72 
15370.85 
15370.98 
15371.10 
15371.23 
15371.36 
15371.49 
15371.61 
15371.74 
15371.87 
15372.00 
15372.13 
15372.25 
15372.38 
15372.51 
15372.64 
15372.76 
15372.89 
15373.02 
15373.15 
15373.27 
15373.40 
15373.52 
15373.65 
15373.78 
15373.91 
15374.03 
15374.16 
15374.29 
15374.41 
15374.54 
15374.67 
15374.80 
15374.93 
15375.05 
15375.18 
15375.32 
15375.45 
15375.58 
15375.71 
15375.84 
15375.96 
15376.09 
15376.22 
15376.35 
15376.47 
15376.60 
15376.73 
15376.85 
15376.98 
15377.10 
15377.23 
15377.36 
15377.49 
15377.61 
15377.74 
15377.87 
15378.00 
15378.13 
15378.25 
15378.38 
15378.53 
15378.65 
15378.78 
15378.91 
15379.04 
15379.17 
15379.30 
15379.42 
15379.55 
15379.68 
15379.81 
15379.93 
15380.06 
15380.19 
15380.32 
15380.44 
15380.57 
15380.70 
15380.83 
15380.95 
15381.08 
15381.21 
15381.34 
15381.47 
15381.60 
15381.72 
15381.85 
15381.98 
15382.11 
15382.23 
15382.36 
15382.48 
15382.62 
15382.73 
15382.86 
15382.99 
15383.13 
15383.25 
15383.38 
15383.51 
15383.63 
15383.76 
15383.88 
15384.01 
15384.14 
15384.27 
15384.39 
15384.52 
15384.65 
15384.78 
15384.91 
15385.03 
15385.16 
15385.29 
15385.42 
15385.55 
15385.68 
15385.81 
15385.93 
15386.06 
15386.19 
15386.32 
15386.45 
15386.58 
15386.70 
15386.83 
15386.96 
15387.09 
15387.22 
15387.34 
15387.47 
15387.60 
15387.73 
15387.86 
15387.99 
15388.11 
15388.24 
15388.37 
15388.50 
15388.64 
15388.77 
15388.90 
15389.02 
15389.15 
15389.28 
15389.41 
15389.54 
15389.66 
15389.79 
15389.92 
15390.04 
15390.17 
15390.30 
15390.43 
15390.56 
15390.69 
15390.81 
15390.94 
15391.07 
15391.20 
15391.33 
15391.46 
15391.59 
15391.71 
15391.84 
15391.97 
15392.10 
15392.22 
15392.35 
15392.47 
15392.60 
15392.73 
15392.86 
15392.99 
15393.12 
15393.24 
15393.37 
15393.50 
15393.63 
15393.76 
15393.88 
15394.01 
15394.14 
15394.27 
15394.40 
15394.53 
15394.65 
15394.78 
15394.91 
15395.04 
15395.17 
15395.30 
15395.42 
15395.55 
15395.68 
15395.81 
15395.93 
15396.06 
15396.19 
15396.32 
15396.44 
15396.57 
15396.70 
15396.83 
15396.96 
15397.08 
15397.21 
15397.34 
15397.47 
15397.60 
15397.72 
15397.84 
15397.97 
15398.09 
15398.21 
15398.34 
15398.46 
15398.59 
15398.72 
15398.84 
15398.98 
15399.10 
15399.23 
15399.36 
15399.49 
15399.62 
15399.74 
15399.87 
15400.00 
15400.13 
15400.26 
15400.39 
15400.51 
15400.64 
15400.77 
15400.90 
15401.02 
15401.15 
15401.28 
15401.41 
15401.53 
15401.66 
15401.80 
15401.93 
15402.06 
15402.19 
15402.31 
15402.44 
15402.59 
15402.72 
15402.84 
15402.97 
15403.10 
15403.23 
15403.35 
15403.48 
15403.61 
15403.74 
15403.88 
15404.01 
15404.14 
15404.27 
15404.39 
15404.52 
15404.65 
15404.78 
15404.91 
15405.04 
15405.16 
15405.29 
15405.42 
15405.55 
15405.68 
15405.81 
15405.93 
15406.06 
15406.19 
15406.32 
15406.45 
15406.58 
15406.70 
15406.83 
15406.96 
15407.08 
15407.21 
15407.34 
15407.46 
15407.59 
15407.72 
15407.84 
15407.97 
15408.11 
15408.23 
15408.36 
15408.48 
15408.61 
15408.74 
15408.87 
15409.00 
15409.13 
15409.26 
15409.39 
15409.52 
15409.64 
15409.77 
15409.90 
15410.03 
15410.16 
15410.28 
15410.41 
15410.54 
15410.67 
15410.80 
15410.93 
15411.06 
15411.18 
15411.31 
15411.44 
15411.57 
15411.70 
15411.83 
15411.95 
15412.08 
15412.21 
15412.34 
15412.47 
15412.59 
15412.72 
15412.85 
15412.98 
15413.11 
15413.23 
15413.36 
15413.49 
15413.60 
15413.74 
15413.86 
15413.99 
15414.12 
15414.25 
15414.38 
15414.51 
15414.64 
15414.76 
15414.89 
15415.02 
15415.14 
15415.27 
15415.40 
15415.53 
15415.66 
15415.78 
15415.91 
15416.04 
15416.17 
15416.30 
15416.43 
15416.56 
15416.69 
15416.81 
15416.94 
15417.06 
15417.19 
15417.32 
15417.45 
15417.58 
15417.71 
15417.84 
15417.97 
15418.09 
15418.21 
15418.34 
15418.47 
15418.61 
15418.73 
15418.86 
15418.99 
15419.12 
15419.25 
15419.38 
15419.51 
15419.65 
15419.78 
15419.90 
15420.03 
15420.16 
15420.29 
15420.42 
15420.54 
15420.67 
15420.80 
15420.93 
15421.06 
15421.18 
15421.31 
15421.44 
15421.57 
15421.70 
15421.82 
15421.95 
15422.08 
15422.21 
15422.34 
15422.46 
15422.59 
15422.71 
15422.84 
15422.97 
15423.10 
15423.22 
15423.35 
15423.47 
15423.60 
15423.73 
15423.86 
15423.98 
15424.11 
15424.24 
15424.37 
15424.49 
15424.62 
15424.75 
15424.87 
15425.00 
15425.13 
15425.25 
15425.38 
15425.51 
15425.64 
15425.77 
15425.90 
15426.03 
15426.16 
15426.29 
15426.41 
15426.57 
15426.70 
15426.83 
15426.95 
15427.08 
15427.21 
15427.33 
15427.46 
15427.59 
15427.72 
15427.85 
15427.98 
15428.11 
15428.24 
15428.37 
15428.50 
15428.62 
15428.75 
15428.87 
15428.99 
15429.13 
15429.25 
15429.38 
15429.51 
15429.63 
15429.76 
15429.89 
15430.02 
15430.14 
15430.27 
15430.40 
15430.53 
15430.66 
15430.79 
15430.91 
15431.04 
15431.17 
15431.30 
15431.42 
15431.55 
15431.68 
15431.81 
15431.94 
15432.06 
15432.19 
15432.33 
15432.46 
15432.58 
15432.71 
15432.84 
15432.96 
15433.11 
15433.23 
15433.36 
15433.49 
15433.62 
15433.74 
15433.87 
15434.00 
15434.13 
15434.26 
15434.39 
15434.52 
15434.65 
15434.77 
15434.90 
15435.03 
15435.15 
15435.28 
15435.41 
15435.54 
15435.67 
15435.79 
15435.92 
15436.05 
15436.18 
15436.30 
15436.45 
15436.58 
15436.71 
15436.83 
15436.96 
15437.09 
15437.21 
15437.34 
15437.47 
15437.60 
15437.73 
15437.85 
15437.98 
15438.11 
15438.24 
15438.37 
15438.50 
15438.62 
15438.75 
15438.88 
15439.01 
15439.14 
15439.26 
15439.39 
15439.52 
15439.65 
15439.78 
15439.91 
15440.03 
15440.16 
15440.29 
15440.41 
15440.54 
15440.67 
15440.80 
15440.93 
15441.05 
15441.18 
15441.31 
15441.44 
15441.57 
15441.70 
15441.82 
15441.95 
15442.08 
15442.21 
15442.33 
15442.46 
15442.59 
15442.72 
15442.85 
15442.98 
15443.11 
15443.23 
15443.36 
15443.49 
15443.61 
15443.74 
15443.89 
15444.01 
15444.14 
15444.27 
15444.40 
15444.52 
15444.64 
15444.75 
15444.88 
15445.01 
15445.14 
15445.26 
15445.39 
15445.52 
15445.65 
15445.78 
15445.91 
15446.03 
15446.16 
15446.29 
15446.42 
15446.54 
15446.69 
15446.81 
15446.94 
15447.07 
15447.20 
15447.33 
15447.45 
15447.58 
15447.71 
15447.84 
15447.97 
15448.09 
15448.22 
15448.36 
15448.49 
15448.62 
15448.74 
15448.88 
15449.01 
15449.13 
15449.26 
15449.39 
15449.52 
15449.64 
15449.77 
15449.89 
15450.01 
15450.14 
15450.27 
15450.40 
15450.53 
15450.65 
15450.78 
15450.92 
15451.05 
15451.18 
15451.31 
15451.43 
15451.56 
15451.69 
15451.82 
15451.95 
15452.07 
15452.20 
15452.33 
15452.46 
15452.59 
15452.72 
15452.85 
15452.98 
15453.11 
15453.24 
15453.37 
15453.50 
15453.63 
15453.75 
15453.88 
15454.01 
15454.14 
15454.27 
15454.40 
15454.53 
15454.65 
15454.78 
15454.91 
15455.03 
15455.16 
15455.29 
15455.42 
15455.54 
15455.67 
15455.80 
15455.93 
15456.06 
15456.19 
15456.31 
15456.44 
15456.57 
15456.70 
15456.83 
15456.95 
15457.08 
15457.21 
15457.34 
15457.47 
15457.60 
15457.72 
15457.85 
15457.98 
15458.11 
15458.24 
15458.37 
15458.50 
15458.62 
15458.75 
15458.88 
15459.01 
15459.13 
15459.26 
15459.39 
15459.52 
15459.65 
15459.77 
15459.89 
15460.02 
15460.14 
15460.27 
15460.40 
15460.53 
15460.66 
15460.78 
15460.91 
15461.04 
15461.17 
15461.29 
15461.42 
15461.55 
15461.68 
15461.80 
15461.93 
15462.05 
15462.18 
15462.31 
15462.44 
15462.57 
15462.70 
15462.83 
15462.95 
15463.08 
15463.21 
15463.33 
15463.46 
15463.58 
15463.71 
15463.84 
15463.97 
15464.09 
15464.21 
15464.34 
15464.47 
15464.60 
15464.73 
15464.86 
15464.98 
15465.11 
15465.23 
15465.36 
15465.49 
15465.62 
15465.74 
15465.87 
15466.00 
15466.13 
15466.26 
15466.38 
15466.51 
15466.64 
15466.77 
15466.90 
15467.02 
15467.15 
15467.28 
15467.41 
15467.53 
15467.67 
15467.79 
15467.92 
15468.05 
15468.18 
15468.30 
15468.43 
15468.56 
15468.69 
15468.82 
15468.94 
15469.07 
15469.20 
15469.33 
15469.46 
15469.59 
15469.71 
15469.84 
15469.97 
15470.10 
15470.23 
15470.35 
15470.48 
15470.61 
15470.74 
15470.86 
15470.99 
15471.12 
15471.25 
15471.38 
15471.50 
15471.63 
15471.76 
15471.89 
15472.02 
15472.15 
15472.27 
15472.40 
15472.53 
15472.66 
15472.78 
15472.91 
15473.04 
15473.17 
15473.29 
15473.42 
15473.55 
15473.68 
15473.80 
15473.93 
15474.06 
15474.19 
15474.32 
15474.45 
15474.58 
15474.71 
15474.83 
15474.96 
15475.09 
15475.21 
15475.33 
15475.44 
15475.56 
15475.68 
15475.81 
15475.93 
15476.06 
15476.19 
15476.32 
15476.45 
15476.58 
15476.71 
15476.83 
15476.97 
15477.10 
15477.22 
15477.35 
15477.48 
15477.61 
15477.74 
15477.87 
15477.99 
15478.12 
15478.25 
15478.38 
15478.51 
15478.64 
15478.77 
15478.90 
15479.02 
15479.15 
15479.28 
15479.41 
15479.54 
15479.67 
15479.79 
15479.92 
15480.05 
15480.17 
15480.30 
15480.43 
15480.55 
15480.68 
15480.81 
15480.94 
15481.07 
15481.19 
15481.32 
15481.45 
15481.58 
15481.71 
15481.83 
15481.96 
15482.09 
15482.22 
15482.34 
15482.47 
15482.60 
15482.73 
15482.85 
15482.98 
15483.10 
15483.23 
15483.36 
15483.49 
15483.61 
15483.74 
15483.87 
15484.00 
15484.13 
15484.26 
15484.39 
15484.51 
15484.64 
15484.77 
15484.90 
15485.02 
15485.15 
15485.27 
15485.40 
15485.53 
15485.66 
15485.78 
15485.91 
15486.04 
15486.17 
15486.30 
15486.43 
15486.56 
15486.69 
15486.81 
15486.95 
15487.07 
15487.20 
15487.33 
15487.45 
15487.58 
15487.70 
15487.83 
15487.96 
15488.09 
15488.22 
15488.35 
15488.48 
15488.61 
15488.73 
15488.86 
15488.99 
15489.12 
15489.25 
15489.37 
15489.50 
15489.64 
15489.77 
15489.90 
15490.03 
15490.15 
15490.28 
15490.41 
15490.54 
15490.66 
15490.79 
15490.91 
15491.02 
15491.14 
15491.27 
15491.40 
15491.52 
15491.65 
15491.77 
15491.90 
15492.03 
15492.16 
15492.28 
15492.41 
15492.54 
15492.67 
15492.80 
15492.93 
15493.06 
15493.18 
15493.32 
15493.45 
15493.57 
15493.70 
15493.82 
15493.95 
15494.08 
15494.21 
15494.34 
15494.46 
15494.59 
15494.72 
15494.84 
15494.96 
15495.11 
15495.23 
15495.36 
15495.49 
15495.62 
15495.74 
15495.87 
15496.00 
15496.13 
15496.26 
15496.39 
15496.51 
15496.64 
15496.77 
15496.90 
15497.02 
15497.15 
15497.28 
15497.40 
15497.53 
15497.66 
15497.79 
15497.92 
15498.04 
15498.17 
15498.30 
15498.43 
15498.55 
15498.68 
15498.81 
15498.94 
15499.07 
15499.20 
15499.32 
15499.45 
15499.58 
15499.71 
15499.84 
15499.97 
15500.10 
15500.22 
15500.35 
15500.48 
15500.61 
15500.73 
15500.86 
15500.99 
15501.12 
15501.25 
15501.38 
15501.50 
15501.63 
15501.76 
15501.89 
15502.01 
15502.14 
15502.28 
15502.41 
15502.54 
15502.67 
15502.80 
15502.92 
15503.05 
15503.18 
15503.31 
15503.44 
15503.56 
15503.69 
15503.82 
15503.94 
15504.07 
15504.20 
15504.33 
15504.46 
15504.59 
15504.71 
15504.84 
15504.96 
15505.10 
15505.23 
15505.35 
15505.48 
15505.61 
15505.74 
15505.87 
15505.99 
15506.12 
15506.25 
15506.38 
15506.49 
15506.62 
15506.75 
15506.87 
15507.00 
15507.12 
15507.25 
15507.38 
15507.51 
15507.63 
15507.76 
15507.89 
15508.02 
15508.14 
15508.27 
15508.40 
15508.53 
15508.66 
15508.79 
15508.92 
15509.04 
15509.17 
15509.30 
15509.42 
15509.55 
15509.68 
15509.81 
15509.94 
15510.07 
15510.19 
15510.32 
15510.45 
15510.57 
15510.70 
15510.83 
15510.96 
15511.09 
15511.22 
15511.34 
15511.47 
15511.60 
15511.73 
15511.86 
15512.00 
15512.13 
15512.26 
15512.38 
15512.51 
15512.66 
15512.78 
15512.91 
15513.04 
15513.16 
15513.28 
15513.41 
15513.54 
15513.67 
15513.81 
15513.93 
15514.06 
15514.19 
15514.32 
15514.45 
15514.58 
15514.71 
15514.83 
15514.96 
15515.09 
15515.21 
15515.34 
15515.47 
15515.60 
15515.73 
15515.86 
15516.00 
15516.13 
15516.25 
15516.38 
15516.51 
15516.64 
15516.76 
15516.89 
15517.02 
15517.14 
15517.27 
15517.40 
15517.53 
15517.65 
15517.78 
15517.91 
15518.04 
15518.17 
15518.30 
15518.43 
15518.56 
15518.69 
15518.82 
15518.94 
15519.07 
15519.20 
15519.33 
15519.46 
15519.58 
15519.71 
15519.84 
15519.97 
15520.10 
15520.22 
15520.35 
15520.48 
15520.60 
15520.73 
15520.86 
15520.99 
15521.12 
15521.25 
15521.37 
15521.50 
15521.63 
15521.74 
15521.87 
15522.00 
15522.13 
15522.25 
15522.38 
15522.51 
15522.64 
15522.77 
15522.90 
15523.02 
15523.15 
15523.28 
15523.41 
15523.53 
15523.66 
15523.79 
15523.91 
15524.04 
15524.17 
15524.30 
15524.44 
15524.57 
15524.70 
15524.83 
15524.95 
15525.08 
15525.21 
15525.33 
15525.46 
15525.59 
15525.72 
15525.85 
15525.98 
15526.11 
15526.24 
15526.37 
15526.50 
15526.62 
15526.75 
15526.88 
15527.01 
15527.14 
15527.26 
15527.39 
15527.52 
15527.65 
15527.78 
15527.90 
15528.03 
15528.16 
15528.29 
15528.42 
15528.56 
15528.69 
15528.82 
15528.95 
15529.07 
15529.20 
15529.33 
15529.46 
15529.58 
15529.71 
15529.84 
15529.97 
15530.10 
15530.22 
15530.35 
15530.48 
15530.61 
15530.75 
15530.88 
15531.01 
15531.14 
15531.26 
15531.39 
15531.52 
15531.65 
15531.78 
15531.91 
15532.03 
15532.16 
15532.29 
15532.42 
15532.54 
15532.67 
15532.80 
15532.93 
15533.06 
15533.18 
15533.31 
15533.44 
15533.57 
15533.70 
15533.82 
15533.95 
15534.08 
15534.21 
15534.34 
15534.46 
15534.59 
15534.72 
15534.85 
15534.97 
15535.10 
15535.23 
15535.35 
15535.48 
15535.61 
15535.74 
15535.87 
15536.00 
15536.12 
15536.25 
15536.38 
15536.53 
15536.65 
15536.78 
15536.91 
15537.04 
15537.17 
15537.29 
15537.41 
15537.53 
15537.66 
15537.79 
15537.92 
15538.05 
15538.18 
15538.31 
15538.43 
15538.56 
15538.69 
15538.82 
15538.94 
15539.07 
15539.20 
15539.33 
15539.45 
15539.59 
15539.71 
15539.84 
15539.97 
15540.09 
15540.22 
15540.35 
15540.48 
15540.60 
15540.73 
15540.86 
15541.01 
15541.13 
15541.26 
15541.39 
15541.52 
15541.65 
15541.78 
15541.91 
15542.03 
15542.16 
15542.29 
15542.42 
15542.54 
15542.67 
15542.79 
15542.92 
15543.05 
15543.18 
15543.30 
15543.42 
15543.55 
15543.68 
15543.81 
15543.93 
15544.06 
15544.19 
15544.32 
15544.44 
15544.57 
15544.70 
15544.83 
15544.96 
15545.08 
15545.21 
15545.34 
15545.46 
15545.60 
15545.72 
15545.85 
15545.98 
15546.10 
15546.23 
15546.36 
15546.49 
15546.62 
15546.74 
15546.88 
15547.01 
15547.13 
15547.26 
15547.39 
15547.52 
15547.65 
15547.78 
15547.91 
15548.03 
15548.16 
15548.29 
15548.41 
15548.54 
15548.67 
15548.80 
15548.93 
15549.06 
15549.18 
15549.31 
15549.44 
15549.57 
15549.70 
15549.82 
15549.95 
15550.08 
15550.21 
15550.34 
15550.46 
15550.59 
15550.72 
15550.85 
15550.98 
15551.10 
15551.23 
15551.35 
15551.48 
15551.61 
15551.74 
15551.87 
15552.00 
15552.13 
15552.26 
15552.38 
15552.51 
15552.64 
15552.76 
15552.88 
15553.01 
15553.14 
15553.27 
15553.39 
15553.52 
15553.64 
15553.77 
15553.90 
15554.02 
15554.15 
15554.28 
15554.41 
15554.54 
15554.66 
15554.79 
15554.92 
15555.05 
15555.18 
15555.31 
15555.43 
15555.56 
15555.69 
15555.82 
15555.94 
15556.07 
15556.20 
15556.33 
15556.46 
15556.59 
15556.72 
15556.84 
15556.97 
15557.10 
15557.23 
15557.36 
15557.48 
15557.61 
15557.74 
15557.87 
15557.99 
15558.11 
15558.23 
15558.35 
15558.48 
15558.61 
15558.73 
15558.87 
15558.99 
15559.12 
15559.25 
15559.38 
15559.50 
15559.63 
15559.76 
15559.89 
15560.01 
15560.14 
15560.27 
15560.40 
15560.53 
15560.65 
15560.78 
15560.90 
15561.03 
15561.16 
15561.29 
15561.42 
15561.55 
15561.68 
15561.81 
15561.93 
15562.06 
15562.19 
15562.32 
15562.44 
15562.57 
15562.70 
15562.83 
15562.96 
15563.08 
15563.21 
15563.34 
15563.47 
15563.59 
15563.72 
15563.84 
15563.97 
15564.10 
15564.22 
15564.35 
15564.48 
15564.61 
15564.74 
15564.87 
15564.99 
15565.12 
15565.25 
15565.37 
15565.50 
15565.63 
15565.75 
15565.88 
15566.01 
15566.14 
15566.26 
15566.39 
15566.52 
15566.67 
15566.80 
15566.93 
15567.05 
15567.18 
15567.31 
15567.44 
15567.57 
15567.69 
15567.82 
15567.95 
15568.08 
15568.20 
15568.33 
15568.45 
15568.57 
15568.70 
15568.83 
15568.95 
15569.08 
15569.21 
15569.35 
15569.48 
15569.61 
15569.74 
15569.87 
15570.00 
15570.13 
15570.25 
15570.38 
15570.51 
15570.64 
15570.77 
15570.90 
15571.02 
15571.15 
15571.28 
15571.41 
15571.54 
15571.66 
15571.79 
15571.92 
15572.05 
15572.18 
15572.30 
15572.43 
15572.56 
15572.69 
15572.82 
15572.95 
15573.08 
15573.21 
15573.33 
15573.46 
15573.59 
15573.72 
15573.85 
15573.98 
15574.11 
15574.24 
15574.37 
15574.49 
15574.62 
15574.75 
15574.88 
15575.01 
15575.13 
15575.26 
15575.39 
15575.52 
15575.65 
15575.78 
15575.92 
15576.04 
15576.17 
15576.30 
15576.43 
15576.55 
15576.68 
15576.81 
15576.96 
15577.09 
15577.21 
15577.34 
15577.47 
15577.60 
15577.73 
15577.86 
15577.98 
15578.12 
15578.25 
15578.38 
15578.51 
15578.64 
15578.77 
15578.90 
15579.02 
15579.15 
15579.28 
15579.41 
15579.54 
15579.66 
15579.79 
15579.92 
15580.05 
15580.18 
15580.30 
15580.43 
15580.56 
15580.69 
15580.81 
15580.94 
15581.07 
15581.20 
15581.33 
15581.45 
15581.58 
15581.71 
15581.84 
15581.97 
15582.10 
15582.22 
15582.35 
15582.48 
15582.61 
15582.73 
15582.86 
15582.99 
15583.12 
15583.24 
15583.37 
15583.50 
15583.61 
15583.73 
15583.85 
15583.97 
15584.10 
15584.22 
15584.35 
15584.48 
15584.61 
15584.74 
15584.87 
15584.99 
15585.12 
15585.24 
15585.37 
15585.50 
15585.63 
15585.76 
15585.89 
15586.01 
15586.14 
15586.27 
15586.40 
15586.53 
15586.66 
15586.78 
15586.91 
15587.04 
15587.17 
15587.30 
15587.42 
15587.55 
15587.68 
15587.81 
15587.94 
15588.06 
15588.18 
15588.32 
15588.45 
15588.57 
15588.70 
15588.83 
15588.95 
15589.08 
15589.21 
15589.34 
15589.46 
15589.59 
15589.72 
15589.87 
15590.00 
15590.13 
15590.25 
15590.38 
15590.49 
15590.59 
15590.72 
15590.84 
15590.96 
15591.08 
15591.21 
15591.34 
15591.46 
15591.58 
15591.71 
15591.84 
15591.97 
15592.10 
15592.22 
15592.35 
15592.48 
15592.61 
15592.72 
15592.84 
15592.96 
15593.08 
15593.21 
15593.33 
15593.46 
15593.59 
15593.72 
15593.85 
15593.98 
15594.10 
15594.23 
15594.35 
15594.48 
15594.61 
15594.73 
15594.86 
15595.01 
15595.13 
15595.26 
15595.39 
15595.52 
15595.64 
15595.76 
15595.89 
15596.02 
15596.15 
15596.28 
15596.41 
15596.54 
15596.66 
15596.79 
15596.92 
15597.05 
15597.18 
15597.30 
15597.42 
15597.55 
15597.67 
15597.80 
15597.93 
15598.06 
15598.19 
15598.31 
15598.44 
15598.57 
15598.70 
15598.83 
15598.95 
15599.08 
15599.20 
15599.32 
15599.44 
15599.57 
15599.70 
15599.82 
15599.95 
15600.08 
15600.21 
15600.33 
15600.46 
15600.58 
15600.70 
15600.83 
15600.96 
15601.10 
15601.23 
15601.35 
15601.48 
15601.61 
15601.73 
15601.86 
15601.98 
15602.11 
15602.24 
15602.37 
15602.49 
15602.62 
15602.74 
15602.87 
15603.00 
15603.13 
15603.25 
15603.38 
15603.51 
15603.64 
15603.76 
15603.89 
15604.02 
15604.15 
15604.27 
15604.40 
15604.53 
15604.65 
15604.78 
15604.91 
15605.04 
15605.18 
15605.31 
15605.43 
15605.56 
15605.69 
15605.82 
15605.95 
15606.07 
15606.20 
15606.32 
15606.45 
15606.58 
15606.70 
15606.83 
15606.96 
15607.09 
15607.21 
15607.34 
15607.47 
15607.60 
15607.73 
15607.85 
15607.98 
15608.10 
15608.23 
15608.36 
15608.48 
15608.61 
15608.73 
15608.86 
15608.99 
15609.12 
15609.25 
15609.38 
15609.51 
15609.63 
15609.76 
15609.88 
15610.01 
15610.14 
15610.26 
15610.39 
15610.52 
15610.65 
15610.77 
15610.90 
15611.03 
15611.16 
15611.29 
15611.41 
15611.54 
15611.68 
15611.81 
15611.93 
15612.06 
15612.19 
15612.32 
15612.45 
15612.58 
15612.70 
15612.83 
15612.95 
15613.07 
15613.20 
15613.33 
15613.46 
15613.59 
15613.71 
15613.84 
15613.97 
15614.11 
15614.23 
15614.36 
15614.49 
15614.62 
15614.74 
15614.86 
15614.99 
15615.11 
15615.24 
15615.37 
15615.50 
15615.63 
15615.75 
15615.88 
15616.01 
15616.14 
15616.27 
15616.40 
15616.52 
15616.65 
15616.78 
15616.91 
15617.04 
15617.17 
15617.30 
15617.42 
15617.55 
15617.68 
15617.81 
15617.94 
15618.07 
15618.19 
15618.32 
15618.44 
15618.57 
15618.70 
15618.83 
15618.96 
15619.09 
15619.22 
15619.34 
15619.47 
15619.60 
15619.73 
15619.85 
15619.99 
15620.11 
15620.25 
15620.38 
15620.50 
15620.63 
15620.76 
15620.89 
15621.02 
15621.14 
15621.27 
15621.40 
15621.52 
15621.65 
15621.78 
15621.91 
15622.03 
15622.16 
15622.29 
15622.41 
15622.54 
15622.67 
15622.79 
15622.92 
15623.05 
15623.18 
15623.31 
15623.43 
15623.56 
15623.69 
15623.82 
15623.95 
15624.08 
15624.20 
15624.33 
15624.46 
15624.58 
15624.71 
15624.84 
15624.97 
15625.10 
15625.22 
15625.35 
15625.48 
15625.61 
15625.74 
15625.87 
15626.00 
15626.13 
15626.25 
15626.38 
15626.51 
15626.64 
15626.76 
15626.89 
15627.02 
15627.15 
15627.27 
15627.40 
15627.53 
15627.66 
15627.79 
15627.92 
15628.04 
15628.17 
15628.30 
15628.43 
15628.55 
15628.68 
15628.81 
15628.93 
15629.06 
15629.19 
15629.32 
15629.45 
15629.58 
15629.71 
15629.83 
15629.96 
15630.09 
15630.20 
15630.32 
15630.43 
15630.56 
15630.69 
15630.81 
15630.94 
15631.07 
15631.21 
15631.34 
15631.47 
15631.60 
15631.73 
15631.85 
15631.98 
15632.11 
15632.24 
15632.36 
15632.49 
15632.62 
15632.74 
15632.86 
15632.99 
15633.12 
15633.25 
15633.37 
15633.50 
15633.63 
15633.76 
15633.89 
15634.01 
15634.14 
15634.27 
15634.40 
15634.53 
15634.66 
15634.79 
15634.91 
15635.04 
15635.17 
15635.30 
15635.42 
15635.57 
15635.69 
15635.82 
15635.95 
15636.08 
15636.21 
15636.33 
15636.46 
15636.59 
15636.72 
15636.84 
15636.97 
15637.09 
15637.22 
15637.35 
15637.48 
15637.61 
15637.74 
15637.87 
15638.00 
15638.13 
15638.25 
15638.38 
15638.51 
15638.66 
15638.79 
15638.91 
15639.04 
15639.17 
15639.30 
15639.42 
15639.55 
15639.68 
15639.80 
15639.93 
15640.06 
15640.19 
15640.31 
15640.44 
15640.57 
15640.70 
15640.83 
15640.95 
15641.08 
15641.21 
15641.34 
15641.47 
15641.59 
15641.72 
15641.85 
15641.98 
15642.10 
15642.23 
15642.36 
15642.48 
15642.61 
15642.74 
15642.87 
15643.00 
15643.13 
15643.26 
15643.38 
15643.51 
15643.64 
15643.77 
15643.89 
15644.02 
15644.15 
15644.28 
15644.40 
15644.53 
15644.66 
15644.78 
15644.91 
15645.04 
15645.16 
15645.29 
15645.42 
15645.55 
15645.66 
15645.77 
15645.89 
15646.01 
15646.14 
15646.27 
15646.40 
15646.53 
15646.66 
15646.79 
15646.91 
15647.04 
15647.17 
15647.31 
15647.43 
15647.56 
15647.69 
15647.82 
15647.95 
15648.07 
15648.20 
15648.32 
15648.45 
15648.57 
15648.70 
15648.83 
15648.96 
15649.09 
15649.21 
15649.34 
15649.47 
15649.60 
15649.73 
15649.86 
15649.99 
15650.11 
15650.24 
15650.37 
15650.49 
15650.62 
15650.75 
15650.87 
15651.00 
15651.13 
15651.26 
15651.38 
15651.50 
15651.63 
15651.76 
15651.89 
15652.01 
15652.14 
15652.27 
15652.40 
15652.53 
15652.65 
15652.78 
15652.91 
15653.04 
15653.16 
15653.29 
15653.41 
15653.54 
15653.67 
15653.79 
15653.92 
15654.05 
15654.18 
15654.30 
15654.43 
15654.56 
15654.69 
15654.82 
15654.94 
15655.07 
15655.20 
15655.33 
15655.45 
15655.58 
15655.71 
15655.84 
15655.97 
15656.09 
15656.22 
15656.35 
15656.47 
15656.60 
15656.74 
15656.87 
15657.00 
15657.13 
15657.26 
15657.38 
15657.51 
15657.64 
15657.77 
15657.90 
15658.03 
15658.16 
15658.29 
15658.41 
15658.54 
15658.67 
15658.79 
15658.92 
15659.05 
15659.18 
15659.31 
15659.44 
15659.57 
15659.70 
15659.82 
15659.97 
15660.10 
15660.23 
15660.36 
15660.49 
15660.62 
15660.74 
15660.87 
15661.00 
15661.13 
15661.26 
15661.38 
15661.50 
15661.63 
15661.76 
15661.89 
15662.01 
15662.14 
15662.26 
15662.39 
15662.51 
15662.64 
15662.77 
15662.90 
15663.02 
15663.15 
15663.28 
15663.41 
15663.53 
15663.66 
15663.79 
15663.91 
15664.04 
15664.17 
15664.30 
15664.43 
15664.55 
15664.68 
15664.81 
15664.94 
15665.07 
15665.20 
15665.32 
15665.45 
15665.57 
15665.70 
15665.82 
15665.95 
15666.08 
15666.21 
15666.33 
15666.46 
15666.59 
15666.71 
15666.84 
15666.97 
15667.09 
15667.22 
15667.35 
15667.48 
15667.61 
15667.74 
15667.87 
15668.00 
15668.12 
15668.25 
15668.38 
15668.51 
15668.63 
15668.76 
15668.89 
15669.02 
15669.15 
15669.27 
15669.40 
15669.53 
15669.66 
15669.79 
15669.91 
15670.04 
15670.17 
15670.30 
15670.43 
15670.55 
15670.68 
15670.81 
15670.95 
15671.07 
15671.20 
15671.33 
15671.45 
15671.58 
15671.71 
15671.84 
15671.96 
15672.09 
15672.23 
15672.36 
15672.49 
15672.62 
15672.75 
15672.87 
15673.00 
15673.13 
15673.26 
15673.38 
15673.51 
15673.64 
15673.77 
15673.90 
15674.03 
15674.16 
15674.29 
15674.41 
15674.54 
15674.67 
15674.79 
15674.92 
15675.05 
15675.18 
15675.30 
15675.43 
15675.56 
15675.69 
15675.81 
15675.94 
15676.07 
15676.19 
15676.32 
15676.44 
15676.56 
15676.70 
15676.82 
15676.94 
15677.07 
15677.21 
15677.34 
15677.46 
15677.61 
15677.74 
15677.87 
15678.00 
15678.12 
15678.25 
15678.38 
15678.50 
15678.63 
15678.76 
15678.89 
15679.02 
15679.15 
15679.28 
15679.42 
15679.55 
15679.68 
15679.80 
15679.92 
15680.05 
15680.18 
15680.30 
15680.43 
15680.56 
15680.69 
15680.81 
15680.94 
15681.07 
15681.19 
15681.32 
15681.45 
15681.57 
15681.70 
15681.83 
15681.96 
15682.08 
15682.21 
15682.33 
15682.46 
15682.59 
15682.72 
15682.85 
15682.98 
15683.10 
15683.23 
15683.36 
15683.49 
15683.61 
15683.74 
15683.87 
15684.00 
15684.13 
15684.25 
15684.38 
15684.51 
15684.64 
15684.77 
15684.90 
15685.02 
15685.15 
15685.28 
15685.40 
15685.53 
15685.66 
15685.79 
15685.91 
15686.05 
15686.18 
15686.31 
15686.44 
15686.57 
15686.70 
15686.83 
15686.96 
15687.08 
15687.21 
15687.34 
15687.47 
15687.60 
15687.73 
15687.86 
15687.99 
15688.11 
15688.24 
15688.37 
15688.49 
15688.62 
15688.77 
15688.90 
15689.02 
15689.15 
15689.28 
15689.41 
15689.53 
15689.66 
15689.79 
15689.92 
15690.05 
15690.18 
15690.30 
15690.43 
15690.56 
15690.69 
15690.82 
15690.94 
15691.07 
15691.20 
15691.33 
15691.46 
15691.58 
15691.71 
15691.84 
15691.97 
15692.09 
15692.22 
15692.34 
15692.47 
15692.59 
15692.72 
15692.85 
15692.98 
15693.11 
15693.23 
15693.36 
15693.49 
15693.61 
15693.74 
15693.87 
15694.00 
15694.13 
15694.26 
15694.39 
15694.51 
15694.64 
15694.77 
15694.90 
15695.02 
15695.15 
15695.28 
15695.42 
15695.55 
15695.67 
15695.80 
15695.93 
15696.06 
15696.18 
15696.31 
15696.43 
15696.56 
15696.69 
15696.82 
15696.94 
15697.07 
15697.20 
15697.33 
15697.46 
15697.59 
15697.71 
15697.84 
15697.97 
15698.10 
15698.22 
15698.35 
15698.48 
15698.61 
15698.74 
15698.86 
15698.99 
15699.12 
15699.25 
15699.38 
15699.50 
15699.63 
15699.76 
15699.91 
15700.03 
15700.16 
15700.29 
15700.42 
15700.54 
15700.67 
15700.80 
15700.92 
15701.05 
15701.18 
15701.30 
15701.43 
15701.56 
15701.69 
15701.82 
15701.95 
15702.08 
15702.21 
15702.34 
15702.46 
15702.59 
15702.72 
15702.85 
15702.98 
15703.10 
15703.23 
15703.36 
15703.48 
15703.61 
15703.74 
15703.87 
15704.00 
15704.12 
15704.25 
15704.38 
15704.50 
15704.63 
15704.76 
15704.88 
15705.01 
15705.13 
15705.26 
15705.39 
15705.52 
15705.64 
15705.77 
15705.90 
15706.03 
15706.16 
15706.28 
15706.41 
15706.53 
15706.66 
15706.79 
15706.93 
15707.05 
15707.18 
15707.31 
15707.44 
15707.56 
15707.68 
15707.79 
15707.91 
15708.03 
15708.16 
15708.29 
15708.41 
15708.54 
15708.67 
15708.80 
15708.93 
15709.06 
15709.18 
15709.31 
15709.44 
15709.57 
15709.70 
15709.82 
15709.95 
15710.08 
15710.21 
15710.34 
15710.46 
15710.59 
15710.72 
15710.85 
15710.97 
15711.10 
15711.22 
15711.35 
15711.48 
15711.61 
15711.74 
15711.87 
15712.00 
15712.15 
15712.27 
15712.40 
15712.53 
15712.65 
15712.78 
15712.91 
15713.04 
15713.17 
15713.30 
15713.42 
15713.55 
15713.68 
15713.81 
15713.94 
15714.06 
15714.19 
15714.32 
15714.45 
15714.58 
15714.70 
15714.83 
15714.96 
15715.09 
15715.21 
15715.34 
15715.47 
15715.59 
15715.72 
15715.85 
15715.98 
15716.10 
15716.23 
15716.36 
15716.49 
15716.62 
15716.75 
15716.90 
15717.02 
15717.15 
15717.28 
15717.41 
15717.53 
15717.67 
15717.79 
15717.92 
15718.05 
15718.18 
15718.30 
15718.43 
15718.56 
15718.69 
15718.82 
15718.94 
15719.07 
15719.20 
15719.33 
15719.45 
15719.58 
15719.71 
15719.84 
15719.97 
15720.10 
15720.24 
15720.35 
15720.47 
15720.59 
15720.71 
15720.84 
15720.96 
15721.09 
15721.22 
15721.33 
15721.44 
15721.55 
15721.68 
15721.80 
15721.92 
15722.04 
15722.16 
15722.28 
15722.40 
15722.52 
15722.64 
15722.77 
15722.89 
15723.01 
15723.13 
15723.25 
15723.37 
15723.49 
15723.61 
15723.73 
15723.85 
15723.97 
15724.24 
15724.40 
15724.53 
15724.66 
15724.78 
15724.91 
15725.04 
15725.17 
15725.30 
15725.42 
15725.54 
15725.66 
15725.78 
15725.90 
15726.02 
15726.14 
15726.26 
15726.38 
15726.50 
15726.62 
15726.73 
15726.86 
15726.98 
15727.10 
15727.22 
15727.33 
15727.46 
15727.58 
15727.70 
15727.82 
15727.94 
15728.06 
15728.18 
15728.30 
15728.42 
15728.54 
15728.66 
15728.78 
15728.90 
15729.02 
15729.15 
15729.28 
15729.42 
15729.55 
15729.67 
15729.79 
15729.91 
15730.03 
15730.15 
15730.27 
15730.39 
15730.51 
15730.63 
15730.75 
15730.87 
15730.99 
15731.11 
15731.23 
15731.42 
15731.74 
15731.86 
15732.00 
15732.12 
15732.23 
15732.34 
15732.51 
15732.63 
15732.75 
15732.87 
15733.03 
15733.19 
15733.65 
15733.76 
15733.88 
15733.99 
15734.12 
15734.24 
15734.42 
15734.56 
15734.89 
15735.00 
15735.13 
15735.25 
15735.42 
15735.65 
15735.81 
15735.92 
15736.10 
15736.23 
15736.34 
15736.47 
15736.59 
15736.76 
15736.90 
15737.04 
15737.18 
15737.31 
15737.44 
15737.57 
15737.70 
15737.86 
15737.99 
15738.12 
15738.25 
15738.38 
15738.51 
15738.62 
15738.76 
15738.89 
15739.02 
15739.14 
15739.26 
15739.39 
15739.52 
15739.64 
15739.77 
15739.93 
15740.06 
15740.18 
15740.31 
15740.45 
15740.58 
15740.72 
15740.84 
15740.99 
15741.12 
15741.24 
15741.36 
15741.47 
15741.60 
15741.71 
15741.84 
15741.97 
15742.09 
15742.22 
15742.36 
15742.49 
15742.60 
15742.73 
15742.85 
15742.97 
15743.09 
15743.24 
15743.37 
15743.50 
15743.63 
15743.75 
15743.87 
15743.99 
15744.11 
15744.23 
15744.36 
15744.49 
15744.61 
15744.74 
15744.88 
15745.00 
15745.12 
15745.26 
15745.38 
15745.51 
15745.63 
15745.75 
15745.87 
15746.00 
15746.11 
15746.22 
15746.34 
15746.49 
15746.61 
15746.72 
15746.83 
15746.97 
15747.09 
15747.22 
15747.34 
15747.46 
15747.59 
15747.76 
15747.91 
15748.04 
15748.18 
15748.30 
15748.42 
15748.57 
15748.70 
15748.83 
15748.98 
15749.11 
15749.23 
15749.36 
15749.50 
15749.63 
15749.76 
15749.89 
15750.03 
15750.16 
15750.28 
15750.41 
15750.53 
15750.65 
15750.79 
15750.92 
15751.06 
15751.18 
15751.32 
15751.43 
15751.56 
15751.68 
15751.80 
15751.93 
15752.10 
15752.22 
15752.34 
15752.48 
15752.61 
15752.73 
15752.84 
15752.97 
15753.09 
15753.21 
15753.35 
15753.47 
15753.60 
15753.73 
15753.85 
15753.99 
15754.13 
15754.26 
15754.38 
15754.50 
15754.63 
15754.79 
15754.92 
15755.05 
15755.20 
15755.33 
15755.45 
15755.57 
15755.71 
15755.83 
15755.97 
15756.10 
15756.24 
15756.36 
15756.48 
15756.59 
15756.72 
15756.85 
15756.97 
15757.10 
15757.23 
15757.38 
15757.54 
15757.68 
15757.80 
15757.94 
15758.06 
15758.17 
15758.29 
15758.45 
15758.57 
15758.70 
15758.83 
15758.96 
15759.09 
15759.21 
15759.32 
15759.44 
15759.56 
15759.71 
15759.83 
15759.97 
15760.13 
15760.28 
15760.40 
15760.52 
15760.63 
15760.74 
15760.88 
15761.04 
15761.19 
15761.32 
15761.44 
15761.57 
15761.70 
15761.83 
15761.96 
15762.09 
15762.21 
15762.34 
15762.48 
15762.59 
15762.72 
15762.84 
15763.02 
15763.18 
15763.33 
15763.47 
15763.61 
15763.73 
15763.86 
15763.98 
15764.12 
15764.24 
15764.36 
15764.47 
15764.61 
15764.75 
15764.89 
15765.01 
15765.14 
15765.27 
15765.40 
15765.51 
15765.65 
15765.78 
15765.90 
15766.03 
15766.15 
15766.27 
15766.42 
15766.56 
15766.69 
15766.80 
15766.92 
15767.05 
15767.16 
15767.31 
15767.43 
15767.58 
15767.69 
15767.81 
15767.94 
15768.08 
15768.20 
15768.34 
15768.47 
15768.62 
15768.76 
15768.91 
15769.04 
15769.17 
15769.29 
15769.40 
15769.52 
15769.64 
15769.77 
15769.89 
15770.01 
15770.14 
15770.26 
15770.39 
15770.52 
15770.65 
15770.80 
15770.93 
15771.05 
15771.16 
15771.27 
15771.39 
15771.50 
15771.61 
15771.74 
15771.85 
15771.97 
15772.10 
15772.22 
15772.33 
15772.45 
15772.58 
15772.72 
15772.84 
15772.97 
15773.08 
15773.21 
15773.35 
15773.47 
15773.61 
15773.73 
15773.84 
15773.96 
15774.10 
15774.24 
15774.36 
15774.49 
15774.60 
15774.74 
15774.88 
15775.00 
15775.12 
15775.25 
15775.39 
15775.50 
15775.63 
15775.77 
15775.91 
15776.04 
15776.17 
15776.29 
15776.42 
15776.54 
15776.67 
15776.80 
15776.93 
15777.07 
15777.20 
15777.41 
15777.59 
15777.70 
15777.84 
15777.96 
15778.08 
15778.20 
15778.32 
15778.45 
15778.58 
15778.70 
15778.84 
15778.97 
15779.10 
15779.22 
15779.34 
15779.45 
15779.57 
15779.70 
15779.81 
15779.93 
15780.06 
15780.18 
15780.30 
15780.43 
15780.55 
15780.69 
15780.81 
15780.95 
15781.08 
15781.22 
15781.36 
15781.47 
15781.60 
15781.74 
15781.86 
15782.00 
15782.13 
15782.24 
15782.36 
15782.48 
15782.59 
15782.73 
15782.85 
15782.97 
15783.12 
15783.25 
15783.38 
15783.51 
15783.63 
15783.76 
15783.89 
15784.01 
15784.14 
15784.32 
15784.44 
15784.56 
15784.67 
15784.78 
15784.90 
15785.04 
15785.19 
15785.32 
15785.45 
15785.57 
15785.69 
15785.82 
15785.93 
15786.06 
15786.18 
15786.29 
15786.42 
15786.56 
15786.67 
15786.82 
15786.94 
15787.06 
15787.18 
15787.30 
15787.43 
15787.57 
15787.69 
15787.83 
15787.97 
15788.09 
15788.24 
15788.37 
15788.48 
15788.60 
15788.72 
15788.85 
15788.97 
15789.10 
15789.22 
15789.37 
15789.51 
15789.64 
15789.77 
15789.94 
15790.06 
15790.19 
15790.30 
15790.42 
15790.55 
15790.69 
15790.81 
15790.93 
15791.05 
15791.29 
15791.42 
15791.56 
15791.67 
15791.81 
15791.93 
15792.05 
15792.19 
15792.31 
15792.42 
15792.54 
15792.66 
15792.81 
15792.96 
15793.09 
15793.23 
15793.37 
15793.50 
15793.66 
15793.80 
15793.94 
15794.07 
15794.21 
15794.35 
15794.49 
15794.60 
15794.71 
15794.83 
15794.96 
15795.09 
15795.22 
15795.33 
15795.46 
15795.58 
15795.70 
15795.83 
15795.95 
15796.10 
15796.23 
15796.35 
15796.48 
15796.62 
15796.75 
15796.87 
15796.99 
15797.13 
15797.26 
15797.39 
15797.53 
15797.66 
15797.80 
15797.92 
15798.05 
15798.17 
15798.30 
15798.48 
15798.61 
15798.75 
15798.86 
15798.98 
15799.13 
15799.25 
15799.37 
15799.52 
15799.68 
15799.79 
15799.93 
15800.05 
15800.20 
15800.33 
15800.45 
15800.58 
15800.71 
15800.84 
15800.97 
15801.11 
15801.24 
15801.37 
15801.51 
15801.63 
15801.76 
15801.88 
15802.03 
15802.14 
15802.28 
15802.40 
15802.52 
15802.65 
15802.77 
15802.91 
15803.02 
15803.16 
15803.29 
15803.43 
15803.56 
15803.69 
15803.83 
15803.96 
15804.09 
15804.20 
15804.32 
15804.44 
15804.55 
15804.67 
15804.80 
15804.94 
15805.06 
15805.20 
15805.34 
15805.48 
15805.60 
15805.74 
15805.86 
15805.99 
15806.13 
15806.25 
15806.36 
15806.51 
15806.65 
15806.77 
15806.88 
15807.00 
15807.11 
15807.24 
15807.37 
15807.49 
15807.62 
15807.77 
15807.91 
15808.04 
15808.15 
15808.28 
15808.43 
15808.55 
15808.66 
15808.79 
15808.93 
15809.06 
15809.18 
15809.29 
15809.43 
15809.55 
15809.68 
15809.80 
15809.94 
15810.08 
15810.21 
15810.36 
15810.47 
15810.60 
15810.74 
15810.87 
15811.02 
15811.20 
15811.41 
15811.54 
15811.69 
15811.83 
15811.97 
15812.12 
15812.26 
15812.38 
15812.50 
15812.64 
15812.78 
15813.02 
15813.15 
15813.29 
15813.41 
15813.56 
15813.71 
15813.85 
15813.99 
15814.12 
15814.27 
15814.40 
15814.53 
15814.66 
15814.79 
15814.91 
15815.04 
15815.17 
15815.30 
15815.43 
15815.54 
15815.67 
15815.79 
15815.93 
15816.07 
15816.19 
15816.33 
15816.46 
15816.58 
15816.71 
15816.84 
15816.96 
15817.08 
15817.20 
15817.33 
15817.46 
15817.57 
15817.70 
15817.82 
15817.95 
15818.09 
15818.22 
15818.35 
15818.47 
15818.64 
15818.77 
15818.89 
15819.03 
15819.16 
15819.27 
15819.38 
15819.54 
15819.67 
15819.80 
15819.95 
15820.05 
15820.18 
15820.31 
15820.45 
15820.60 
15820.74 
15820.88 
15821.03 
15821.18 
15821.30 
15821.43 
15821.55 
15821.70 
15821.82 
15821.95 
15822.09 
15822.21 
15822.32 
15822.44 
15822.55 
15822.66 
15822.77 
15822.90 
15823.04 
15823.16 
15823.28 
15823.41 
15823.55 
15823.69 
15823.81 
15823.94 
15824.06 
15824.21 
15824.35 
15824.50 
15824.62 
15824.74 
15824.88 
15825.01 
15825.14 
15825.27 
15825.41 
15825.53 
15825.68 
15825.79 
15825.95 
15826.08 
15826.22 
15826.36 
15826.50 
15826.64 
15826.75 
15826.87 
15827.00 
15827.12 
15827.25 
15827.38 
15827.50 
15827.61 
15827.74 
15827.86 
15827.99 
15828.12 
15828.24 
15828.37 
15828.50 
15828.62 
15828.74 
15828.87 
15829.01 
15829.14 
15829.26 
15829.39 
15829.55 
15829.69 
15829.82 
15829.96 
15830.08 
15830.21 
15830.35 
15830.48 
15830.60 
15830.72 
15830.86 
15830.99 
15831.11 
15831.24 
15831.38 
15831.50 
15831.62 
15831.76 
15831.88 
15832.00 
15832.12 
15832.24 
15832.38 
15832.52 
15832.65 
15832.77 
15832.88 
15833.01 
15833.13 
15833.25 
15833.38 
15833.51 
15833.64 
15833.81 
15833.94 
15834.07 
15834.19 
15834.31 
15834.44 
15834.58 
15834.71 
15834.85 
15834.99 
15835.14 
15835.28 
15835.41 
15835.55 
15835.68 
15835.82 
15835.94 
15836.08 
15836.21 
15836.32 
15836.44 
15836.58 
15836.72 
15836.86 
15837.01 
15837.12 
15837.26 
15837.38 
15837.52 
15837.63 
15837.77 
15837.88 
15838.00 
15838.14 
15838.28 
15838.42 
15838.53 
15838.66 
15838.79 
15838.92 
15839.05 
15839.17 
15839.30 
15839.44 
15839.57 
15839.70 
15839.82 
15839.95 
15840.09 
15840.21 
15840.35 
15840.51 
15840.65 
15840.77 
15840.90 
15841.03 
15841.17 
15841.32 
15841.47 
15841.63 
15841.86 
15842.04 
15842.19 
15842.31 
15842.43 
15842.55 
15842.68 
15842.81 
15842.93 
15843.04 
15843.18 
15843.31 
15843.45 
15843.56 
15843.68 
15843.79 
15843.93 
15844.06 
15844.19 
15844.31 
15844.43 
15844.57 
15844.69 
15844.84 
15844.97 
15845.09 
15845.22 
15845.36 
15845.49 
15845.62 
15845.75 
15845.87 
15846.00 
15846.12 
15846.26 
15846.38 
15846.50 
15846.63 
15846.76 
15846.90 
15847.03 
15847.18 
15847.31 
15847.44 
15847.57 
15847.69 
15847.82 
15847.94 
15848.07 
15848.19 
15848.32 
15848.45 
15848.57 
15848.70 
15848.82 
15848.95 
15849.07 
15849.20 
15849.36 
15849.49 
15849.63 
15849.77 
15849.92 
15850.05 
15850.19 
15850.32 
15850.46 
15850.60 
15850.73 
15850.86 
15851.00 
15851.19 
15851.32 
15851.45 
15851.59 
15851.78 
15851.91 
15852.04 
15852.17 
15852.31 
15852.45 
15852.59 
15852.71 
15852.85 
15852.98 
15853.11 
15853.24 
15853.42 
15853.56 
15853.69 
15853.80 
15853.93 
15854.06 
15854.18 
15854.32 
15854.45 
15854.58 
15854.71 
15854.83 
15854.97 
15855.09 
15855.22 
15855.40 
15855.55 
15855.71 
15855.83 
15855.94 
15856.05 
15856.15 
15856.26 
15856.37 
15856.48 
15856.59 
15856.70 
15856.81 
15856.92 
15857.03 
15857.14 
15857.25 
15857.36 
15857.47 
15857.58 
15857.69 
15857.80 
15857.91 
15858.02 
15858.13 
15858.24 
15858.36 
15858.47 
15858.58 
15858.69 
15858.79 
15858.90 
15859.01 
15859.12 
15859.23 
15859.34 
15859.45 
15859.57 
15859.67 
15859.78 
15859.89 
15860.00 
15860.11 
15860.24 
15860.35 
15860.46 
15860.57 
15860.68 
15860.79 
15860.90 
15861.01 
15861.14 
15861.26 
15861.38 
15861.50 
15861.63 
15861.74 
15861.87 
15861.99 
15862.12 
15862.24 
15862.35 
15862.48 
15862.61 
15862.73 
15862.86 
15862.97 
15863.08 
15863.21 
15863.33 
15863.46 
15863.58 
15863.71 
15863.84 
15863.97 
15864.09 
15864.22 
15864.35 
15864.48 
15864.60 
15864.73 
15864.86 
15864.98 
15865.10 
15865.23 
15865.35 
15865.48 
15865.61 
15865.73 
15865.85 
15865.98 
15866.10 
15866.22 
15866.34 
15866.46 
15866.59 
15866.71 
15866.83 
15866.95 
15867.07 
15867.20 
15867.32 
15867.44 
15867.57 
15867.69 
15867.82 
15867.95 
15868.07 
15868.19 
15868.32 
15868.44 
15868.56 
15868.69 
15868.81 
15868.94 
15869.06 
15869.19 
15869.31 
15869.44 
15869.57 
15869.69 
15869.81 
15869.93 
15870.06 
15870.19 
15870.31 
15870.43 
15870.56 
15870.69 
15870.81 
15870.94 
15871.07 
15871.19 
15871.32 
15871.45 
15871.58 
15871.70 
15871.82 
15871.95 
15872.07 
15872.20 
15872.33 
15872.46 
15872.59 
15872.71 
15872.84 
15872.97 
15873.09 
15873.21 
15873.35 
15873.47 
15873.59 
15873.71 
15873.84 
15873.97 
15874.09 
15874.22 
15874.35 
15874.47 
15874.59 
15874.72 
15874.84 
15874.97 
15875.10 
15875.23 
15875.35 
15875.48 
15875.61 
15875.74 
15875.86 
15875.99 
15876.12 
15876.25 
15876.38 
15876.51 
15876.64 
15876.76 
15876.89 
15877.02 
15877.14 
15877.26 
15877.41 
15877.54 
15877.66 
15877.79 
15877.91 
15878.04 
15878.17 
15878.30 
15878.43 
15878.55 
15878.68 
15878.81 
15878.94 
15879.07 
15879.19 
15879.32 
15879.45 
15879.59 
15879.72 
15879.85 
15879.98 
15880.12 
15880.25 
15880.38 
15880.51 
15880.63 
15880.76 
15880.88 
15881.01 
15881.14 
15881.26 
15881.39 
15881.52 
15881.66 
15881.79 
15881.92 
15882.05 
15882.17 
15882.30 
15882.43 
15882.55 
15882.68 
15882.81 
15882.94 
15883.07 
15883.20 
15883.33 
15883.45 
15883.58 
15883.71 
15883.84 
15883.97 
15884.10 
15884.22 
15884.35 
15884.48 
15884.61 
15884.75 
15884.88 
15885.01 
15885.13 
15885.26 
15885.39 
15885.51 
15885.64 
15885.77 
15885.90 
15886.02 
15886.14 
15886.27 
15886.40 
15886.52 
15886.65 
15886.78 
15886.91 
15887.04 
15887.18 
15887.31 
15887.44 
15887.57 
15887.70 
15887.82 
15887.95 
15888.08 
15888.21 
15888.34 
15888.46 
15888.59 
15888.72 
15888.84 
15888.96 
15889.09 
15889.21 
15889.34 
15889.46 
15889.59 
15889.71 
15889.84 
15889.96 
15890.09 
15890.22 
15890.35 
15890.47 
15890.60 
15890.73 
15890.85 
15890.98 
15891.11 
15891.26 
15891.39 
15891.51 
15891.64 
15891.77 
15891.90 
15892.03 
15892.15 
15892.27 
15892.40 
15892.52 
15892.65 
15892.77 
15892.90 
15893.02 
15893.15 
15893.28 
15893.42 
15893.54 
15893.67 
15893.80 
15893.93 
15894.06 
15894.19 
15894.32 
15894.45 
15894.57 
15894.70 
15894.83 
15894.96 
15895.09 
15895.21 
15895.34 
15895.46 
15895.59 
15895.72 
15895.85 
15895.98 
15896.10 
15896.23 
15896.36 
15896.49 
15896.62 
15896.74 
15896.87 
15897.00 
15897.13 
15897.26 
15897.39 
15897.51 
15897.64 
15897.77 
15897.90 
15898.03 
15898.15 
15898.28 
15898.41 
15898.54 
15898.66 
15898.79 
15898.92 
15899.04 
15899.17 
15899.30 
15899.43 
15899.55 
15899.68 
15899.81 
15899.94 
15900.06 
15900.19 
15900.32 
15900.44 
15900.56 
15900.69 
15900.81 
15900.94 
15901.07 
15901.20 
15901.33 
15901.46 
15901.58 
15901.71 
15901.86 
15901.99 
15902.11 
15902.24 
15902.38 
15902.51 
15902.63 
15902.76 
15902.89 
15903.02 
15903.14 
15903.27 
15903.40 
15903.53 
15903.65 
15903.78 
15903.91 
15904.04 
15904.16 
15904.28 
15904.41 
15904.53 
15904.66 
15904.78 
15904.91 
15905.04 
15905.16 
15905.29 
15905.42 
15905.55 
15905.67 
15905.80 
15905.93 
15906.06 
15906.18 
15906.32 
15906.44 
15906.57 
15906.70 
15906.83 
15906.96 
15907.09 
15907.21 
15907.34 
15907.48 
15907.61 
15907.74 
15907.87 
15907.99 
15908.12 
15908.25 
15908.38 
15908.51 
15908.63 
15908.76 
15908.89 
15909.02 
15909.15 
15909.27 
15909.40 
15909.53 
15909.66 
15909.79 
15909.92 
15910.04 
15910.17 
15910.29 
15910.42 
15910.55 
15910.68 
15910.81 
15910.94 
15911.07 
15911.20 
15911.32 
15911.45 
15911.58 
15911.71 
15911.84 
15911.97 
15912.11 
15912.24 
15912.37 
15912.49 
15912.62 
15912.75 
15912.88 
15913.01 
15913.13 
15913.26 
15913.39 
15913.52 
15913.65 
15913.78 
15913.91 
15914.03 
15914.16 
15914.29 
15914.41 
15914.55 
15914.68 
15914.81 
15914.94 
15915.06 
15915.19 
15915.32 
15915.45 
15915.58 
15915.71 
15915.84 
15915.96 
15916.09 
15916.22 
15916.35 
15916.48 
15916.61 
15916.74 
15916.86 
15916.99 
15917.12 
15917.25 
15917.38 
15917.50 
15917.63 
15917.76 
15917.89 
15918.01 
15918.14 
15918.26 
15918.38 
15918.51 
15918.63 
15918.76 
15918.88 
15919.01 
15919.13 
15919.26 
15919.38 
15919.51 
15919.64 
15919.77 
15919.90 
15920.02 
15920.15 
15920.27 
15920.40 
15920.53 
15920.66 
15920.78 
15920.91 
15921.04 
15921.17 
15921.29 
15921.42 
15921.55 
15921.68 
15921.81 
15921.94 
15922.06 
15922.19 
15922.32 
15922.45 
15922.57 
15922.70 
15922.83 
15922.95 
15923.08 
15923.21 
15923.34 
15923.47 
15923.60 
15923.73 
15923.85 
15923.98 
15924.11 
15924.24 
15924.38 
15924.50 
15924.63 
15924.76 
15924.88 
15925.01 
15925.13 
15925.26 
15925.38 
15925.51 
15925.64 
15925.77 
15925.90 
15926.03 
15926.15 
15926.28 
15926.40 
15926.53 
15926.66 
15926.79 
15926.92 
15927.04 
15927.17 
15927.30 
15927.42 
15927.55 
15927.68 
15927.81 
15927.94 
15928.06 
15928.19 
15928.32 
15928.45 
15928.58 
15928.71 
15928.84 
15928.97 
15929.10 
15929.23 
15929.35 
15929.49 
15929.61 
15929.74 
15929.86 
15930.00 
15930.12 
15930.25 
15930.38 
15930.51 
15930.63 
15930.76 
15930.89 
15931.02 
15931.15 
15931.28 
15931.41 
15931.54 
15931.66 
15931.80 
15931.93 
15932.06 
15932.19 
15932.31 
15932.44 
15932.57 
15932.70 
15932.82 
15932.95 
15933.08 
15933.21 
15933.33 
15933.46 
15933.58 
15933.71 
15933.83 
15933.96 
15934.09 
15934.23 
15934.36 
15934.49 
15934.62 
15934.75 
15934.87 
15935.00 
15935.12 
15935.25 
15935.36 
15935.49 
15935.61 
15935.74 
15935.87 
15936.00 
15936.13 
15936.25 
15936.38 
15936.51 
15936.63 
15936.76 
15936.89 
15937.02 
15937.14 
15937.27 
15937.39 
15937.52 
15937.65 
15937.77 
15937.90 
15938.03 
15938.15 
15938.28 
15938.41 
15938.54 
15938.66 
15938.80 
15938.92 
15939.05 
15939.18 
15939.30 
15939.43 
15939.56 
15939.69 
15939.82 
15939.95 
15940.08 
15940.20 
15940.33 
15940.46 
15940.58 
15940.71 
15940.83 
15940.96 
15941.09 
15941.21 
15941.34 
15941.47 
15941.60 
15941.73 
15941.86 
15941.99 
15942.11 
15942.24 
15942.37 
15942.50 
15942.62 
15942.75 
15942.88 
15943.00 
15943.13 
15943.26 
15943.38 
15943.51 
15943.64 
15943.77 
15943.90 
15944.03 
15944.15 
15944.28 
15944.41 
15944.53 
15944.66 
15944.78 
15944.91 
15945.04 
15945.16 
15945.29 
15945.42 
15945.55 
15945.67 
15945.80 
15945.93 
15946.06 
15946.19 
15946.31 
15946.44 
15946.57 
15946.70 
15946.83 
15946.96 
15947.09 
15947.21 
15947.34 
15947.47 
15947.60 
15947.73 
15947.86 
15947.98 
15948.12 
15948.25 
15948.38 
15948.50 
15948.63 
15948.76 
15948.88 
15949.01 
15949.14 
15949.27 
15949.39 
15949.52 
15949.65 
15949.77 
15949.90 
15950.03 
15950.15 
15950.28 
15950.41 
15950.54 
15950.67 
15950.79 
15950.91 
15951.03 
15951.15 
15951.28 
15951.40 
15951.53 
15951.66 
15951.79 
15951.91 
15952.04 
15952.17 
15952.29 
15952.42 
15952.54 
15952.67 
15952.80 
15952.93 
15953.07 
15953.20 
15953.33 
15953.45 
15953.58 
15953.71 
15953.84 
15953.96 
15954.09 
15954.22 
15954.35 
15954.47 
15954.60 
15954.73 
15954.86 
15954.98 
15955.11 
15955.24 
15955.36 
15955.49 
15955.62 
15955.74 
15955.87 
15956.00 
15956.13 
15956.25 
15956.38 
15956.51 
15956.64 
15956.77 
15956.90 
15957.02 
15957.15 
15957.28 
15957.41 
15957.54 
15957.66 
15957.79 
15957.92 
15958.05 
15958.17 
15958.30 
15958.43 
15958.56 
15958.69 
15958.82 
15958.94 
15959.07 
15959.20 
15959.33 
15959.47 
15959.59 
15959.72 
15959.84 
15959.97 
15960.10 
15960.22 
15960.35 
15960.48 
15960.61 
15960.73 
15960.87 
15960.99 
15961.12 
15961.25 
15961.39 
15961.52 
15961.64 
15961.77 
15961.90 
15962.03 
15962.16 
15962.28 
15962.41 
15962.54 
15962.67 
15962.79 
15962.92 
15963.05 
15963.18 
15963.30 
15963.43 
15963.56 
15963.69 
15963.82 
15963.95 
15964.07 
15964.20 
15964.33 
15964.46 
15964.58 
15964.71 
15964.83 
15964.96 
15965.08 
15965.21 
15965.34 
15965.46 
15965.59 
15965.72 
15965.86 
15965.99 
15966.12 
15966.25 
15966.37 
15966.50 
15966.62 
15966.75 
15966.88 
15967.01 
15967.13 
15967.26 
15967.39 
15967.52 
15967.65 
15967.77 
15967.90 
15968.02 
15968.15 
15968.28 
15968.40 
15968.55 
15968.67 
15968.80 
15968.93 
15969.06 
15969.18 
15969.31 
15969.44 
15969.57 
15969.70 
15969.82 
15969.95 
15970.08 
15970.21 
15970.33 
15970.46 
15970.59 
15970.72 
15970.84 
15970.97 
15971.10 
15971.23 
15971.36 
15971.49 
15971.61 
15971.75 
15971.87 
15972.00 
15972.13 
15972.26 
15972.39 
15972.51 
15972.64 
15972.77 
15972.90 
15973.02 
15973.15 
15973.28 
15973.41 
15973.54 
15973.66 
15973.79 
15973.92 
15974.05 
15974.18 
15974.30 
15974.43 
15974.56 
15974.69 
15974.81 
15974.94 
15975.07 
15975.20 
15975.33 
15975.46 
15975.58 
15975.71 
15975.84 
15975.97 
15976.10 
15976.22 
15976.35 
15976.48 
15976.61 
15976.74 
15976.87 
15976.99 
15977.12 
15977.25 
15977.38 
15977.50 
15977.63 
15977.76 
15977.89 
15978.02 
15978.14 
15978.28 
15978.41 
15978.54 
15978.66 
15978.79 
15978.92 
15979.05 
15979.18 
15979.31 
15979.43 
15979.56 
15979.69 
15979.83 
15979.96 
15980.09 
15980.22 
15980.34 
15980.47 
15980.60 
15980.73 
15980.85 
15980.98 
15981.11 
15981.24 
15981.37 
15981.50 
15981.62 
15981.74 
15981.86 
15982.00 
15982.13 
15982.25 
15982.38 
15982.51 
15982.64 
15982.77 
15982.90 
15983.03 
15983.15 
15983.28 
15983.41 
15983.54 
15983.66 
15983.79 
15983.92 
15984.05 
15984.18 
15984.31 
15984.43 
15984.56 
15984.69 
15984.81 
15984.94 
15985.07 
15985.20 
15985.33 
15985.45 
15985.58 
15985.71 
15985.84 
15985.97 
15986.10 
15986.23 
15986.35 
15986.48 
15986.61 
15986.74 
15986.87 
15986.99 
15987.12 
15987.25 
15987.38 
15987.50 
15987.63 
15987.76 
15987.89 
15988.01 
15988.14 
15988.27 
15988.40 
15988.53 
15988.66 
15988.79 
15988.91 
15989.04 
15989.17 
15989.30 
15989.42 
15989.56 
15989.69 
15989.82 
15989.95 
15990.08 
15990.21 
15990.34 
15990.46 
15990.59 
15990.72 
15990.85 
15990.98 
15991.11 
15991.23 
15991.36 
15991.49 
15991.61 
15991.74 
15991.87 
15992.00 
15992.13 
15992.26 
15992.38 
15992.51 
15992.64 
15992.77 
15992.91 
15993.04 
15993.16 
15993.29 
15993.42 
15993.55 
15993.67 
15993.80 
15993.93 
15994.06 
15994.18 
15994.31 
15994.43 
15994.56 
15994.69 
15994.81 
15994.94 
15995.07 
15995.19 
15995.32 
15995.45 
15995.58 
15995.70 
15995.83 
15995.96 
15996.09 
15996.22 
15996.34 
15996.47 
15996.60 
15996.72 
15996.85 
15996.98 
15997.10 
15997.22 
15997.33 
15997.45 
15997.58 
15997.71 
15997.83 
15997.96 
15998.09 
15998.22 
15998.35 
15998.48 
15998.61 
15998.74 
15998.87 
15998.99 
15999.12 
15999.25 
15999.38 
15999.51 
15999.65 
15999.77 
15999.90 
16000.03 
16000.16 
16000.29 
16000.42 
16000.54 
16000.67 
16000.80 
16000.93 
16001.06 
16001.18 
16001.31 
16001.44 
16001.57 
16001.70 
16001.82 
16001.95 
16002.08 
16002.21 
16002.33 
16002.46 
16002.59 
16002.72 
16002.85 
16002.98 
16003.10 
16003.23 
16003.36 
16003.47 
16003.60 
16003.73 
16003.86 
16003.99 
16004.11 
16004.24 
16004.37 
16004.49 
16004.62 
16004.75 
16004.88 
16005.01 
16005.14 
16005.26 
16005.39 
16005.52 
16005.64 
16005.77 
16005.90 
16006.03 
16006.15 
16006.28 
16006.40 
16006.54 
16006.67 
16006.80 
16006.92 
16007.05 
16007.17 
16007.30 
16007.42 
16007.55 
16007.68 
16007.81 
16007.94 
16008.06 
16008.19 
16008.32 
16008.45 
16008.58 
16008.71 
16008.83 
16008.96 
16009.09 
16009.22 
16009.34 
16009.47 
16009.60 
16009.73 
16009.86 
16009.98 
16010.11 
16010.24 
16010.37 
16010.50 
16010.62 
16010.75 
16010.88 
16011.01 
16011.13 
16011.26 
16011.38 
16011.52 
16011.65 
16011.77 
16011.90 
16012.03 
16012.16 
16012.28 
16012.41 
16012.53 
16012.66 
16012.78 
16012.90 
16013.03 
16013.16 
16013.29 
16013.42 
16013.54 
16013.67 
16013.81 
16013.93 
16014.06 
16014.18 
16014.31 
16014.44 
16014.57 
16014.69 
16014.82 
16014.94 
16015.07 
16015.20 
16015.33 
16015.45 
16015.58 
16015.71 
16015.84 
16015.97 
16016.10 
16016.22 
16016.35 
16016.48 
16016.61 
16016.74 
16016.86 
16016.99 
16017.14 
16017.26 
16017.41 
16017.53 
16017.66 
16017.79 
16017.92 
16018.04 
16018.17 
16018.29 
16018.41 
16018.55 
16018.68 
16018.81 
16018.94 
16019.07 
16019.21 
16019.34 
16019.47 
16019.60 
16019.72 
16019.85 
16019.98 
16020.11 
16020.23 
16020.36 
16020.49 
16020.62 
16020.76 
16020.88 
16021.01 
16021.13 
16021.26 
16021.39 
16021.52 
16021.65 
16021.78 
16021.91 
16022.03 
16022.16 
16022.29 
16022.41 
16022.54 
16022.66 
16022.79 
16022.92 
16023.05 
16023.18 
16023.31 
16023.44 
16023.57 
16023.70 
16023.82 
16023.95 
16024.08 
16024.21 
16024.34 
16024.47 
16024.60 
16024.72 
16024.85 
16024.98 
16025.10 
16025.23 
16025.36 
16025.49 
16025.61 
16025.74 
16025.87 
16026.00 
16026.13 
16026.25 
16026.38 
16026.51 
16026.64 
16026.77 
16026.90 
16027.02 
16027.15 
16027.28 
16027.41 
16027.53 
16027.66 
16027.79 
16027.91 
16028.04 
16028.17 
16028.28 
16028.40 
16028.51 
16028.64 
16028.76 
16028.89 
16029.02 
16029.15 
16029.28 
16029.41 
16029.54 
16029.66 
16029.79 
16029.92 
16030.05 
16030.18 
16030.30 
16030.43 
16030.56 
16030.69 
16030.82 
16030.94 
16031.09 
16031.22 
16031.34 
16031.47 
16031.60 
16031.73 
16031.85 
16031.98 
16032.11 
16032.24 
16032.37 
16032.50 
16032.62 
16032.75 
16032.88 
16033.01 
16033.14 
16033.26 
16033.39 
16033.52 
16033.64 
16033.77 
16033.90 
16034.03 
16034.15 
16034.28 
16034.41 
16034.54 
16034.67 
16034.80 
16034.93 
16035.05 
16035.18 
16035.31 
16035.44 
16035.56 
16035.69 
16035.81 
16035.94 
16036.07 
16036.20 
16036.33 
16036.46 
16036.60 
16036.72 
16036.85 
16036.99 
16037.12 
16037.25 
16037.37 
16037.50 
16037.63 
16037.76 
16037.89 
16038.01 
16038.14 
16038.27 
16038.40 
16038.53 
16038.66 
16038.78 
16038.91 
16039.04 
16039.17 
16039.30 
16039.42 
16039.55 
16039.68 
16039.81 
16039.93 
16040.06 
16040.19 
16040.32 
16040.45 
16040.58 
16040.71 
16040.83 
16040.96 
16041.09 
16041.21 
16041.34 
16041.47 
16041.60 
16041.73 
16041.85 
16041.98 
16042.11 
16042.24 
16042.36 
16042.49 
16042.62 
16042.75 
16042.88 
16043.01 
16043.13 
16043.26 
16043.39 
16043.52 
16043.65 
16043.77 
16043.90 
16044.02 
16044.15 
16044.28 
16044.41 
16044.54 
16044.67 
16044.79 
16044.92 
16045.05 
16045.17 
16045.30 
16045.42 
16045.55 
16045.68 
16045.81 
16045.93 
16046.06 
16046.19 
16046.31 
16046.44 
16046.57 
16046.70 
16046.82 
16046.95 
16047.08 
16047.21 
16047.33 
16047.46 
16047.59 
16047.72 
16047.85 
16047.98 
16048.11 
16048.23 
16048.36 
16048.48 
16048.61 
16048.74 
16048.86 
16048.99 
16049.12 
16049.24 
16049.37 
16049.50 
16049.63 
16049.76 
16049.88 
16050.01 
16050.14 
16050.27 
16050.40 
16050.53 
16050.65 
16050.78 
16050.91 
16051.04 
16051.17 
16051.30 
16051.42 
16051.55 
16051.68 
16051.81 
16051.94 
16052.06 
16052.19 
16052.32 
16052.45 
16052.57 
16052.71 
16052.84 
16052.97 
16053.10 
16053.23 
16053.36 
16053.49 
16053.62 
16053.74 
16053.87 
16054.00 
16054.13 
16054.26 
16054.38 
16054.51 
16054.64 
16054.77 
16054.90 
16055.02 
16055.15 
16055.28 
16055.40 
16055.53 
16055.66 
16055.79 
16055.92 
16056.05 
16056.18 
16056.31 
16056.43 
16056.56 
16056.69 
16056.82 
16056.95 
16057.07 
16057.20 
16057.33 
16057.46 
16057.58 
16057.71 
16057.84 
16057.97 
16058.10 
16058.22 
16058.35 
16058.48 
16058.61 
16058.74 
16058.86 
16058.99 
16059.12 
16059.25 
16059.38 
16059.51 
16059.63 
16059.76 
16059.89 
16060.02 
16060.14 
16060.27 
16060.40 
16060.53 
16060.65 
16060.78 
16060.91 
16061.04 
16061.18 
16061.31 
16061.44 
16061.57 
16061.69 
16061.82 
16061.95 
16062.08 
16062.21 
16062.34 
16062.46 
16062.59 
16062.71 
16062.84 
16062.97 
16063.09 
16063.22 
16063.35 
16063.48 
16063.61 
16063.74 
16063.87 
16063.99 
16064.12 
16064.25 
16064.38 
16064.50 
16064.62 
16064.75 
16064.88 
16065.01 
16065.13 
16065.26 
16065.39 
16065.51 
16065.64 
16065.77 
16065.90 
16066.03 
16066.16 
16066.28 
16066.40 
16066.53 
16066.65 
16066.77 
16066.90 
16067.03 
16067.15 
16067.28 
16067.41 
16067.54 
16067.67 
16067.79 
16067.92 
16068.05 
16068.18 
16068.31 
16068.43 
16068.56 
16068.69 
16068.82 
16068.95 
16069.09 
16069.21 
16069.34 
16069.47 
16069.60 
16069.73 
16069.86 
16069.98 
16070.11 
16070.24 
16070.37 
16070.50 
16070.62 
16070.75 
16070.88 
16071.01 
16071.13 
16071.26 
16071.39 
16071.52 
16071.64 
16071.77 
16071.90 
16072.02 
16072.15 
16072.28 
16072.41 
16072.54 
16072.67 
16072.80 
16072.92 
16073.05 
16073.18 
16073.31 
16073.44 
16073.58 
16073.71 
16073.84 
16073.97 
16074.10 
16074.23 
16074.36 
16074.50 
16074.63 
16074.75 
16074.87 
16074.98 
16075.10 
16075.23 
16075.35 
16075.48 
16075.61 
16075.74 
16075.87 
16076.01 
16076.14 
16076.27 
16076.40 
16076.52 
16076.65 
16076.78 
16076.91 
16077.04 
16077.16 
16077.29 
16077.42 
16077.55 
16077.68 
16077.81 
16077.94 
16078.06 
16078.19 
16078.32 
16078.45 
16078.57 
16078.70 
16078.83 
16078.96 
16079.09 
16079.22 
16079.34 
16079.47 
16079.60 
16079.73 
16079.86 
16079.99 
16080.11 
16080.24 
16080.37 
16080.49 
16080.62 
16080.75 
16080.88 
16081.01 
16081.13 
16081.27 
16081.40 
16081.53 
16081.66 
16081.79 
16081.93 
16082.06 
16082.19 
16082.31 
16082.44 
16082.57 
16082.70 
16082.83 
16082.95 
16083.08 
16083.21 
16083.34 
16083.47 
16083.59 
16083.72 
16083.85 
16083.98 
16084.11 
16084.24 
16084.37 
16084.50 
16084.62 
16084.75 
16084.88 
16085.01 
16085.13 
16085.26 
16085.39 
16085.52 
16085.65 
16085.78 
16085.90 
16086.03 
16086.16 
16086.29 
16086.42 
16086.54 
16086.67 
16086.80 
16086.93 
16087.06 
16087.18 
16087.31 
16087.45 
16087.58 
16087.70 
16087.83 
16087.96 
16088.09 
16088.22 
16088.35 
16088.48 
16088.61 
16088.74 
16088.86 
16088.99 
16089.12 
16089.25 
16089.38 
16089.51 
16089.63 
16089.76 
16089.89 
16090.01 
16090.14 
16090.27 
16090.39 
16090.51 
16090.64 
16090.77 
16090.89 
16091.02 
16091.15 
16091.28 
16091.41 
16091.54 
16091.66 
16091.79 
16091.92 
16092.05 
16092.18 
16092.30 
16092.43 
16092.56 
16092.69 
16092.81 
16092.94 
16093.07 
16093.20 
16093.33 
16093.46 
16093.58 
16093.71 
16093.84 
16093.97 
16094.10 
16094.22 
16094.35 
16094.48 
16094.61 
16094.74 
16094.86 
16094.99 
16095.12 
16095.24 
16095.37 
16095.51 
16095.64 
16095.77 
16095.90 
16096.03 
16096.16 
16096.30 
16096.43 
16096.55 
16096.68 
16096.80 
16096.93 
16097.05 
16097.18 
16097.31 
16097.44 
16097.57 
16097.70 
16097.82 
16097.95 
16098.08 
16098.21 
16098.33 
16098.46 
16098.59 
16098.72 
16098.85 
16098.98 
16099.11 
16099.23 
16099.36 
16099.49 
16099.62 
16099.74 
16099.87 
16100.00 
16100.13 
16100.26 
16100.38 
16100.51 
16100.64 
16100.77 
16100.90 
16101.03 
16101.15 
16101.28 
16101.41 
16101.53 
16101.67 
16101.79 
16101.92 
16102.05 
16102.17 
16102.30 
16102.43 
16102.55 
16102.68 
16102.81 
16102.94 
16103.07 
16103.20 
16103.32 
16103.44 
16103.57 
16103.70 
16103.84 
16103.97 
16104.10 
16104.23 
16104.35 
16104.48 
16104.61 
16104.74 
16104.87 
16105.00 
16105.13 
16105.26 
16105.39 
16105.51 
16105.66 
16105.78 
16105.91 
16106.03 
16106.15 
16106.28 
16106.40 
16106.53 
16106.65 
16106.78 
16106.90 
16107.03 
16107.16 
16107.29 
16107.42 
16107.55 
16107.67 
16107.80 
16107.93 
16108.06 
16108.19 
16108.32 
16108.45 
16108.57 
16108.70 
16108.83 
16108.96 
16109.09 
16109.21 
16109.34 
16109.47 
16109.59 
16109.74 
16109.87 
16109.99 
16110.12 
16110.24 
16110.37 
16110.50 
16110.62 
16110.75 
16110.88 
16111.01 
16111.14 
16111.26 
16111.39 
16111.52 
16111.65 
16111.77 
16111.90 
16112.04 
16112.17 
16112.30 
16112.42 
16112.55 
16112.68 
16112.80 
16112.94 
16113.07 
16113.20 
16113.33 
16113.45 
16113.58 
16113.71 
16113.84 
16113.97 
16114.10 
16114.22 
16114.35 
16114.48 
16114.61 
16114.74 
16114.87 
16114.99 
16115.12 
16115.25 
16115.38 
16115.50 
16115.63 
16115.76 
16115.89 
16116.01 
16116.14 
16116.27 
16116.40 
16116.53 
16116.65 
16116.78 
16116.90 
16117.03 
16117.17 
16117.31 
16117.44 
16117.56 
16117.69 
16117.81 
16117.94 
16118.07 
16118.20 
16118.33 
16118.46 
16118.58 
16118.71 
16118.84 
16118.97 
16119.10 
16119.23 
16119.35 
16119.48 
16119.61 
16119.74 
16119.87 
16119.99 
16120.12 
16120.25 
16120.38 
16120.51 
16120.64 
16120.77 
16120.90 
16121.02 
16121.15 
16121.28 
16121.40 
16121.53 
16121.66 
16121.79 
16121.91 
16122.04 
16122.17 
16122.30 
16122.43 
16122.56 
16122.69 
16122.81 
16122.94 
16123.07 
16123.20 
16123.33 
16123.46 
16123.59 
16123.71 
16123.83 
16123.95 
16124.08 
16124.21 
16124.34 
16124.46 
16124.59 
16124.72 
16124.85 
16124.98 
16125.11 
16125.23 
16125.36 
16125.49 
16125.62 
16125.75 
16125.87 
16126.00 
16126.13 
16126.25 
16126.38 
16126.51 
16126.64 
16126.76 
16126.89 
16127.02 
16127.14 
16127.27 
16127.40 
16127.53 
16127.66 
16127.79 
16127.92 
16128.05 
16128.18 
16128.30 
16128.43 
16128.56 
16128.69 
16128.82 
16128.95 
16129.07 
16129.20 
16129.33 
16129.45 
16129.58 
16129.71 
16129.84 
16129.97 
16130.10 
16130.22 
16130.35 
16130.48 
16130.61 
16130.73 
16130.87 
16130.99 
16131.12 
16131.25 
16131.38 
16131.50 
16131.63 
16131.76 
16131.90 
16132.03 
16132.16 
16132.29 
16132.41 
16132.54 
16132.69 
16132.81 
16132.94 
16133.07 
16133.20 
16133.33 
16133.45 
16133.58 
16133.71 
16133.86 
16133.98 
16134.11 
16134.24 
16134.37 
16134.49 
16134.62 
16134.75 
16134.87 
16135.00 
16135.13 
16135.26 
16135.39 
16135.51 
16135.64 
16135.77 
16135.90 
16136.03 
16136.15 
16136.28 
16136.41 
16136.54 
16136.66 
16136.78 
16136.90 
16137.03 
16137.15 
16137.28 
16137.41 
16137.55 
16137.68 
16137.81 
16137.94 
16138.06 
16138.19 
16138.32 
16138.45 
16138.57 
16138.70 
16138.83 
16138.96 
16139.09 
16139.21 
16139.34 
16139.47 
16139.60 
16139.73 
16139.85 
16139.98 
16140.11 
16140.24 
16140.37 
16140.50 
16140.62 
16140.75 
16140.88 
16141.01 
16141.14 
16141.26 
16141.39 
16141.52 
16141.65 
16141.76 
16141.89 
16142.02 
16142.15 
16142.28 
16142.40 
16142.54 
16142.67 
16142.79 
16142.92 
16143.05 
16143.18 
16143.31 
16143.44 
16143.56 
16143.69 
16143.82 
16143.94 
16144.07 
16144.20 
16144.33 
16144.46 
16144.59 
16144.72 
16144.85 
16144.98 
16145.10 
16145.23 
16145.36 
16145.49 
16145.61 
16145.74 
16145.87 
16146.00 
16146.12 
16146.25 
16146.38 
16146.51 
16146.65 
16146.78 
16146.91 
16147.04 
16147.17 
16147.30 
16147.42 
16147.55 
16147.68 
16147.81 
16147.93 
16148.06 
16148.19 
16148.32 
16148.45 
16148.59 
16148.72 
16148.85 
16148.97 
16149.10 
16149.23 
16149.36 
16149.49 
16149.62 
16149.74 
16149.87 
16150.00 
16150.13 
16150.26 
16150.38 
16150.51 
16150.64 
16150.77 
16150.90 
16151.02 
16151.15 
16151.28 
16151.41 
16151.54 
16151.66 
16151.79 
16151.93 
16152.06 
16152.19 
16152.31 
16152.43 
16152.56 
16152.69 
16152.82 
16152.94 
16153.07 
16153.20 
16153.33 
16153.46 
16153.58 
16153.71 
16153.84 
16153.97 
16154.11 
16154.25 
16154.38 
16154.51 
16154.64 
16154.77 
16154.91 
16155.04 
16155.17 
16155.29 
16155.42 
16155.55 
16155.68 
16155.80 
16155.93 
16156.05 
16156.19 
16156.31 
16156.44 
16156.57 
16156.70 
16156.82 
16156.95 
16157.08 
16157.20 
16157.33 
16157.45 
16157.58 
16157.71 
16157.84 
16157.97 
16158.10 
16158.23 
16158.36 
16158.49 
16158.62 
16158.75 
16158.87 
16159.00 
16159.13 
16159.26 
16159.39 
16159.51 
16159.64 
16159.77 
16159.90 
16160.05 
16160.18 
16160.30 
16160.43 
16160.56 
16160.69 
16160.82 
16160.94 
16161.07 
16161.20 
16161.33 
16161.45 
16161.58 
16161.71 
16161.83 
16161.96 
16162.09 
16162.22 
16162.35 
16162.47 
16162.60 
16162.73 
16162.86 
16162.98 
16163.11 
16163.24 
16163.37 
16163.50 
16163.63 
16163.76 
16163.89 
16164.01 
16164.14 
16164.27 
16164.39 
16164.52 
16164.65 
16164.78 
16164.91 
16165.04 
16165.16 
16165.29 
16165.42 
16165.55 
16165.67 
16165.80 
16165.93 
16166.06 
16166.19 
16166.31 
16166.44 
16166.57 
16166.69 
16166.82 
16166.96 
16167.08 
16167.21 
16167.34 
16167.47 
16167.60 
16167.71 
16167.83 
16167.95 
16168.08 
16168.21 
16168.34 
16168.47 
16168.59 
16168.71 
16168.83 
16168.95 
16169.08 
16169.21 
16169.34 
16169.46 
16169.61 
16169.74 
16169.87 
16170.00 
16170.12 
16170.25 
16170.38 
16170.51 
16170.63 
16170.76 
16170.90 
16171.02 
16171.15 
16171.28 
16171.41 
16171.54 
16171.66 
16171.79 
16171.91 
16172.04 
16172.17 
16172.30 
16172.43 
16172.55 
16172.68 
16172.81 
16172.94 
16173.07 
16173.20 
16173.33 
16173.46 
16173.58 
16173.71 
16173.84 
16173.97 
16174.10 
16174.22 
16174.35 
16174.48 
16174.61 
16174.74 
16174.86 
16174.99 
16175.12 
16175.25 
16175.37 
16175.50 
16175.63 
16175.76 
16175.89 
16176.01 
16176.14 
16176.27 
16176.40 
16176.53 
16176.65 
16176.78 
16176.91 
16177.04 
16177.17 
16177.30 
16177.42 
16177.55 
16177.68 
16177.81 
16177.94 
16178.06 
16178.19 
16178.32 
16178.44 
16178.57 
16178.70 
16178.83 
16178.95 
16179.08 
16179.21 
16179.34 
16179.47 
16179.60 
16179.73 
16179.86 
16179.99 
16180.11 
16180.24 
16180.37 
16180.50 
16180.62 
16180.75 
16180.88 
16181.01 
16181.14 
16181.26 
16181.39 
16181.52 
16181.65 
16181.78 
16181.91 
16182.03 
16182.16 
16182.30 
16182.43 
16182.56 
16182.68 
16182.81 
16182.94 
16183.06 
16183.19 
16183.31 
16183.42 
16183.55 
16183.68 
16183.80 
16183.93 
16184.06 
16184.20 
16184.33 
16184.46 
16184.59 
16184.71 
16184.84 
16184.97 
16185.10 
16185.23 
16185.35 
16185.48 
16185.61 
16185.74 
16185.87 
16186.00 
16186.13 
16186.26 
16186.38 
16186.51 
16186.64 
16186.77 
16186.90 
16187.02 
16187.15 
16187.28 
16187.41 
16187.53 
16187.66 
16187.79 
16187.92 
16188.05 
16188.18 
16188.31 
16188.43 
16188.56 
16188.69 
16188.82 
16188.94 
16189.07 
16189.20 
16189.33 
16189.46 
16189.58 
16189.71 
16189.83 
16189.96 
16190.09 
16190.22 
16190.35 
16190.48 
16190.61 
16190.73 
16190.86 
16190.99 
16191.12 
16191.25 
16191.38 
16191.51 
16191.63 
16191.76 
16191.89 
16192.02 
16192.14 
16192.27 
16192.40 
16192.53 
16192.65 
16192.79 
16192.91 
16193.05 
16193.18 
16193.31 
16193.44 
16193.57 
16193.70 
16193.82 
16193.95 
16194.08 
16194.21 
16194.34 
16194.46 
16194.59 
16194.72 
16194.85 
16194.98 
16195.10 
16195.23 
16195.36 
16195.49 
16195.61 
16195.74 
16195.87 
16196.01 
16196.14 
16196.27 
16196.40 
16196.52 
16196.65 
16196.78 
16196.91 
16197.04 
16197.17 
16197.30 
16197.42 
16197.55 
16197.68 
16197.81 
16197.94 
16198.06 
16198.19 
16198.32 
16198.45 
16198.57 
16198.69 
16198.81 
16198.94 
16199.06 
16199.19 
16199.32 
16199.45 
16199.58 
16199.71 
16199.84 
16199.97 
16200.10 
16200.22 
16200.37 
16200.49 
16200.63 
16200.76 
16200.89 
16201.02 
16201.15 
16201.27 
16201.40 
16201.53 
16201.66 
16201.79 
16201.92 
16202.07 
16202.20 
16202.33 
16202.45 
16202.58 
16202.71 
16202.84 
16202.97 
16203.10 
16203.23 
16203.36 
16203.49 
16203.61 
16203.74 
16203.87 
16204.00 
16204.13 
16204.26 
16204.39 
16204.52 
16204.65 
16204.78 
16204.90 
16205.03 
16205.15 
16205.28 
16205.41 
16205.54 
16205.66 
16205.79 
16205.92 
16206.05 
16206.18 
16206.30 
16206.43 
16206.56 
16206.69 
16206.82 
16206.95 
16207.07 
16207.20 
16207.34 
16207.47 
16207.59 
16207.72 
16207.85 
16207.98 
16208.11 
16208.24 
16208.38 
16208.51 
16208.65 
16208.78 
16208.91 
16209.04 
16209.17 
16209.30 
16209.42 
16209.55 
16209.68 
16209.81 
16209.93 
16210.06 
16210.19 
16210.32 
16210.45 
16210.58 
16210.70 
16210.83 
16210.96 
16211.09 
16211.21 
16211.34 
16211.47 
16211.60 
16211.73 
16211.86 
16211.99 
16212.11 
16212.24 
16212.37 
16212.51 
16212.64 
16212.76 
16212.89 
16213.02 
16213.15 
16213.28 
16213.41 
16213.53 
16213.66 
16213.79 
16213.92 
16214.04 
16214.16 
16214.28 
16214.41 
16214.53 
16214.66 
16214.79 
16214.91 
16215.05 
16215.18 
16215.31 
16215.44 
16215.59 
16215.72 
16215.85 
16215.98 
16216.11 
16216.23 
16216.36 
16216.49 
16216.62 
16216.75 
16216.87 
16217.00 
16217.13 
16217.26 
16217.39 
16217.52 
16217.64 
16217.77 
16217.90 
16218.03 
16218.15 
16218.28 
16218.41 
16218.54 
16218.67 
16218.80 
16218.92 
16219.05 
16219.18 
16219.31 
16219.43 
16219.56 
16219.69 
16219.82 
16219.94 
16220.07 
16220.20 
16220.33 
16220.47 
16220.60 
16220.73 
16220.86 
16220.99 
16221.11 
16221.24 
16221.37 
16221.50 
16221.62 
16221.75 
16221.88 
16222.01 
16222.14 
16222.27 
16222.40 
16222.53 
16222.65 
16222.79 
16222.91 
16223.04 
16223.17 
16223.29 
16223.42 
16223.55 
16223.68 
16223.81 
16223.94 
16224.06 
16224.19 
16224.32 
16224.45 
16224.58 
16224.70 
16224.83 
16224.96 
16225.09 
16225.21 
16225.34 
16225.47 
16225.60 
16225.73 
16225.86 
16225.98 
16226.11 
16226.24 
16226.37 
16226.50 
16226.63 
16226.76 
16226.89 
16227.02 
16227.15 
16227.27 
16227.40 
16227.53 
16227.66 
16227.79 
16227.92 
16228.05 
16228.18 
16228.30 
16228.43 
16228.55 
16228.69 
16228.81 
16228.94 
16229.07 
16229.20 
16229.34 
16229.49 
16229.61 
16229.73 
16229.87 
16230.00 
16230.12 
16230.25 
16230.38 
16230.51 
16230.64 
16230.77 
16230.90 
16231.02 
16231.15 
16231.28 
16231.41 
16231.54 
16231.66 
16231.79 
16231.92 
16232.04 
16232.16 
16232.29 
16232.42 
16232.55 
16232.68 
16232.81 
16232.94 
16233.07 
16233.20 
16233.32 
16233.45 
16233.58 
16233.71 
16233.84 
16233.97 
16234.09 
16234.22 
16234.35 
16234.48 
16234.61 
16234.73 
16234.86 
16235.01 
16235.14 
16235.26 
16235.39 
16235.52 
16235.64 
16235.77 
16235.90 
16236.03 
16236.15 
16236.28 
16236.41 
16236.54 
16236.67 
16236.80 
16236.93 
16237.05 
16237.18 
16237.31 
16237.44 
16237.57 
16237.69 
16237.82 
16237.95 
16238.08 
16238.21 
16238.34 
16238.46 
16238.59 
16238.72 
16238.85 
16238.98 
16239.11 
16239.23 
16239.36 
16239.49 
16239.62 
16239.74 
16239.87 
16240.00 
16240.13 
16240.25 
16240.38 
16240.51 
16240.64 
16240.77 
16240.91 
16241.04 
16241.17 
16241.30 
16241.42 
16241.55 
16241.68 
16241.81 
16241.94 
16242.07 
16242.22 
16242.35 
16242.48 
16242.60 
16242.73 
16242.86 
16242.99 
16243.12 
16243.24 
16243.37 
16243.50 
16243.63 
16243.76 
16243.88 
16244.01 
16244.14 
16244.27 
16244.40 
16244.52 
16244.65 
16244.80 
16244.93 
16245.05 
16245.17 
16245.29 
16245.42 
16245.55 
16245.68 
16245.81 
16245.94 
16246.06 
16246.19 
16246.32 
16246.45 
16246.58 
16246.70 
16246.83 
16246.96 
16247.08 
16247.21 
16247.34 
16247.47 
16247.60 
16247.72 
16247.85 
16247.98 
16248.11 
16248.24 
16248.37 
16248.49 
16248.62 
16248.75 
16248.88 
16249.01 
16249.13 
16249.26 
16249.39 
16249.52 
16249.65 
16249.77 
16249.90 
16250.03 
16250.16 
16250.29 
16250.42 
16250.55 
16250.67 
16250.80 
16250.93 
16251.06 
16251.18 
16251.31 
16251.44 
16251.57 
16251.70 
16251.82 
16251.95 
16252.08 
16252.21 
16252.34 
16252.47 
16252.59 
16252.72 
16252.85 
16252.98 
16253.10 
16253.23 
16253.36 
16253.49 
16253.62 
16253.74 
16253.87 
16254.00 
16254.13 
16254.25 
16254.38 
16254.51 
16254.64 
16254.77 
16254.90 
16255.02 
16255.15 
16255.28 
16255.41 
16255.54 
16255.66 
16255.79 
16255.92 
16256.05 
16256.17 
16256.30 
16256.43 
16256.55 
16256.68 
16256.81 
16256.94 
16257.07 
16257.19 
16257.32 
16257.45 
16257.58 
16257.71 
16257.83 
16257.96 
16258.08 
16258.21 
16258.33 
16258.46 
16258.59 
16258.72 
16258.85 
16258.98 
16259.11 
16259.24 
16259.37 
16259.50 
16259.63 
16259.76 
16259.89 
16260.01 
16260.14 
16260.27 
16260.40 
16260.53 
16260.65 
16260.77 
16260.90 
16261.03 
16261.16 
16261.29 
16261.43 
16261.56 
16261.69 
16261.81 
16261.93 
16262.07 
16262.20 
16262.32 
16262.45 
16262.58 
16262.71 
16262.83 
16262.96 
16263.09 
16263.22 
16263.34 
16263.47 
16263.59 
16263.72 
16263.85 
16263.98 
16264.11 
16264.23 
16264.36 
16264.49 
16264.62 
16264.75 
16264.88 
16265.00 
16265.13 
16265.26 
16265.38 
16265.51 
16265.66 
16265.79 
16265.92 
16266.04 
16266.17 
16266.30 
16266.42 
16266.55 
16266.68 
16266.81 
16266.94 
16267.07 
16267.20 
16267.33 
16267.46 
16267.58 
16267.71 
16267.84 
16267.97 
16268.10 
16268.22 
16268.35 
16268.48 
16268.61 
16268.74 
16268.87 
16269.00 
16269.13 
16269.25 
16269.38 
16269.52 
16269.64 
16269.79 
16269.92 
16270.05 
16270.18 
16270.30 
16270.43 
16270.56 
16270.69 
16270.81 
16270.94 
16271.07 
16271.20 
16271.33 
16271.46 
16271.59 
16271.71 
16271.84 
16271.97 
16272.11 
16272.24 
16272.37 
16272.49 
16272.62 
16272.75 
16272.88 
16273.01 
16273.14 
16273.26 
16273.38 
16273.51 
16273.64 
16273.77 
16273.90 
16274.03 
16274.16 
16274.29 
16274.42 
16274.54 
16274.67 
16274.80 
16274.93 
16275.06 
16275.18 
16275.31 
16275.44 
16275.57 
16275.70 
16275.82 
16275.95 
16276.07 
16276.19 
16276.32 
16276.45 
16276.58 
16276.71 
16276.83 
16276.95 
16277.09 
16277.21 
16277.34 
16277.47 
16277.60 
16277.73 
16277.85 
16277.98 
16278.11 
16278.23 
16278.36 
16278.49 
16278.62 
16278.75 
16278.87 
16279.00 
16279.13 
16279.26 
16279.39 
16279.51 
16279.64 
16279.77 
16279.90 
16280.02 
16280.14 
16280.27 
16280.40 
16280.53 
16280.66 
16280.78 
16280.91 
16281.04 
16281.17 
16281.30 
16281.42 
16281.55 
16281.68 
16281.81 
16281.93 
16282.06 
16282.19 
16282.32 
16282.45 
16282.58 
16282.70 
16282.83 
16282.96 
16283.09 
16283.21 
16283.34 
16283.47 
16283.60 
16283.73 
16283.86 
16283.98 
16284.11 
16284.24 
16284.37 
16284.50 
16284.62 
16284.75 
16284.88 
16285.01 
16285.13 
16285.26 
16285.39 
16285.52 
16285.65 
16285.78 
16285.91 
16286.03 
16286.16 
16286.29 
16286.41 
16286.54 
16286.67 
16286.80 
16286.93 
16287.05 
16287.18 
16287.31 
16287.44 
16287.57 
16287.70 
16287.82 
16287.95 
16288.08 
16288.21 
16288.34 
16288.47 
16288.60 
16288.73 
16288.86 
16288.98 
16289.11 
16289.25 
16289.37 
16289.50 
16289.63 
16289.75 
16289.88 
16290.01 
16290.14 
16290.27 
16290.39 
16290.52 
16290.65 
16290.77 
16290.90 
16291.03 
16291.16 
16291.28 
16291.40 
16291.53 
16291.65 
16291.78 
16291.90 
16292.03 
16292.15 
16292.28 
16292.41 
16292.54 
16292.67 
16292.79 
16292.92 
16293.05 
16293.18 
16293.31 
16293.44 
16293.56 
16293.69 
16293.82 
16293.95 
16294.07 
16294.20 
16294.33 
16294.46 
16294.59 
16294.71 
16294.84 
16294.97 
16295.10 
16295.22 
16295.35 
16295.48 
16295.61 
16295.74 
16295.87 
16295.99 
16296.12 
16296.24 
16296.37 
16296.49 
16296.62 
16296.75 
16296.88 
16297.01 
16297.14 
16297.27 
16297.39 
16297.52 
16297.65 
16297.78 
16297.90 
16298.03 
16298.16 
16298.28 
16298.41 
16298.54 
16298.67 
16298.80 
16298.93 
16299.06 
16299.19 
16299.31 
16299.44 
16299.57 
16299.70 
16299.82 
16299.95 
16300.08 
16300.21 
16300.34 
16300.46 
16300.60 
16300.73 
16300.86 
16300.99 
16301.11 
16301.24 
16301.37 
16301.50 
16301.63 
16301.76 
16301.88 
16302.01 
16302.16 
16302.29 
16302.42 
16302.54 
16302.67 
16302.80 
16302.93 
16303.05 
16303.18 
16303.31 
16303.44 
16303.57 
16303.70 
16303.82 
16303.95 
16304.08 
16304.21 
16304.34 
16304.47 
16304.59 
16304.72 
16304.85 
16304.98 
16305.10 
16305.23 
16305.36 
16305.49 
16305.62 
16305.74 
16305.87 
16306.00 
16306.13 
16306.25 
16306.38 
16306.51 
16306.64 
16306.77 
16306.90 
16307.01 
16307.13 
16307.26 
16307.38 
16307.51 
16307.64 
16307.77 
16307.90 
16308.03 
16308.15 
16308.27 
16308.40 
16308.53 
16308.66 
16308.78 
16308.91 
16309.04 
16309.17 
16309.30 
16309.42 
16309.55 
16309.68 
16309.81 
16309.94 
16310.06 
16310.19 
16310.32 
16310.45 
16310.58 
16310.70 
16310.83 
16310.96 
16311.09 
16311.21 
16311.34 
16311.47 
16311.60 
16311.72 
16311.85 
16311.98 
16312.11 
16312.24 
16312.37 
16312.49 
16312.62 
16312.76 
16312.89 
16313.01 
16313.14 
16313.26 
16313.39 
16313.52 
16313.65 
16313.78 
16313.90 
16314.03 
16314.16 
16314.29 
16314.41 
16314.54 
16314.67 
16314.80 
16314.93 
16315.05 
16315.19 
16315.32 
16315.45 
16315.58 
16315.71 
16315.83 
16315.96 
16316.09 
16316.22 
16316.35 
16316.48 
16316.61 
16316.74 
16316.87 
16317.00 
16317.12 
16317.25 
16317.38 
16317.51 
16317.63 
16317.76 
16317.89 
16318.02 
16318.16 
16318.29 
16318.41 
16318.54 
16318.67 
16318.80 
16318.93 
16319.06 
16319.19 
16319.31 
16319.44 
16319.57 
16319.70 
16319.83 
16319.95 
16320.08 
16320.21 
16320.34 
16320.47 
16320.59 
16320.72 
16320.85 
16320.98 
16321.11 
16321.23 
16321.36 
16321.49 
16321.62 
16321.74 
16321.87 
16322.00 
16322.13 
16322.25 
16322.37 
16322.48 
16322.60 
16322.73 
16322.87 
16322.99 
16323.12 
16323.25 
16323.38 
16323.51 
16323.64 
16323.76 
16323.89 
16324.02 
16324.14 
16324.27 
16324.40 
16324.53 
16324.66 
16324.79 
16324.91 
16325.04 
16325.17 
16325.29 
16325.42 
16325.55 
16325.68 
16325.81 
16325.94 
16326.07 
16326.19 
16326.32 
16326.45 
16326.57 
16326.71 
16326.83 
16326.96 
16327.09 
16327.22 
16327.34 
16327.47 
16327.60 
16327.73 
16327.86 
16327.98 
16328.11 
16328.24 
16328.37 
16328.50 
16328.63 
16328.75 
16328.88 
16329.01 
16329.14 
16329.26 
16329.40 
16329.53 
16329.66 
16329.79 
16329.91 
16330.04 
16330.17 
16330.30 
16330.43 
16330.56 
16330.69 
16330.81 
16330.94 
16331.07 
16331.20 
16331.33 
16331.46 
16331.58 
16331.71 
16331.84 
16331.97 
16332.10 
16332.22 
16332.35 
16332.48 
16332.61 
16332.74 
16332.86 
16332.99 
16333.13 
16333.26 
16333.39 
16333.51 
16333.64 
16333.77 
16333.90 
16334.03 
16334.16 
16334.28 
16334.41 
16334.54 
16334.67 
16334.80 
16334.93 
16335.05 
16335.18 
16335.31 
16335.43 
16335.56 
16335.69 
16335.82 
16335.95 
16336.07 
16336.20 
16336.33 
16336.46 
16336.59 
16336.72 
16336.84 
16336.97 
16337.10 
16337.23 
16337.36 
16337.50 
16337.63 
16337.75 
16337.87 
16338.00 
16338.13 
16338.26 
16338.39 
16338.52 
16338.65 
16338.77 
16338.90 
16339.03 
16339.16 
16339.29 
16339.41 
16339.54 
16339.67 
16339.80 
16339.93 
16340.06 
16340.19 
16340.31 
16340.44 
16340.57 
16340.70 
16340.83 
16340.95 
16341.08 
16341.21 
16341.34 
16341.47 
16341.60 
16341.73 
16341.86 
16341.98 
16342.11 
16342.24 
16342.37 
16342.50 
16342.62 
16342.75 
16342.88 
16343.01 
16343.13 
16343.26 
16343.39 
16343.52 
16343.65 
16343.78 
16343.91 
16344.03 
16344.16 
16344.29 
16344.42 
16344.54 
16344.67 
16344.80 
16344.93 
16345.05 
16345.18 
16345.31 
16345.44 
16345.57 
16345.70 
16345.82 
16345.95 
16346.08 
16346.21 
16346.34 
16346.46 
16346.59 
16346.72 
16346.85 
16346.98 
16347.11 
16347.23 
16347.36 
16347.49 
16347.62 
16347.74 
16347.87 
16348.00 
16348.13 
16348.26 
16348.40 
16348.53 
16348.65 
16348.78 
16348.91 
16349.03 
16349.16 
16349.29 
16349.42 
16349.54 
16349.67 
16349.80 
16349.93 
16350.06 
16350.19 
16350.33 
16350.46 
16350.59 
16350.72 
16350.84 
16350.97 
16351.10 
16351.23 
16351.36 
16351.48 
16351.61 
16351.74 
16351.87 
16351.99 
16352.12 
16352.25 
16352.38 
16352.51 
16352.64 
16352.77 
16352.90 
16353.02 
16353.15 
16353.27 
16353.40 
16353.53 
16353.66 
16353.79 
16353.91 
16354.04 
16354.17 
16354.30 
16354.43 
16354.55 
16354.68 
16354.81 
16354.94 
16355.07 
16355.20 
16355.32 
16355.47 
16355.60 
16355.72 
16355.85 
16355.98 
16356.12 
16356.25 
16356.38 
16356.50 
16356.63 
16356.76 
16356.89 
16357.02 
16357.15 
16357.27 
16357.40 
16357.53 
16357.66 
16357.79 
16357.91 
16358.04 
16358.17 
16358.31 
16358.44 
16358.58 
16358.71 
16358.84 
16358.97 
16359.09 
16359.22 
16359.34 
16359.47 
16359.60 
16359.73 
16359.85 
16359.99 
16360.11 
16360.24 
16360.37 
16360.50 
16360.63 
16360.75 
16360.88 
16361.01 
16361.14 
16361.28 
16361.41 
16361.53 
16361.66 
16361.79 
16361.92 
16362.04 
16362.17 
16362.29 
16362.42 
16362.55 
16362.68 
16362.81 
16362.94 
16363.07 
16363.20 
16363.33 
16363.45 
16363.58 
16363.71 
16363.84 
16363.97 
16364.10 
16364.22 
16364.35 
16364.48 
16364.61 
16364.74 
16364.86 
16364.99 
16365.12 
16365.25 
16365.37 
16365.50 
16365.63 
16365.76 
16365.89 
16366.02 
16366.14 
16366.27 
16366.40 
16366.52 
16366.65 
16366.78 
16366.91 
16367.03 
16367.16 
16367.29 
16367.44 
16367.57 
16367.69 
16367.82 
16367.95 
16368.08 
16368.21 
16368.33 
16368.46 
16368.58 
16368.71 
16368.83 
16368.96 
16369.09 
16369.21 
16369.34 
16369.47 
16369.60 
16369.73 
16369.86 
16369.99 
16370.11 
16370.24 
16370.37 
16370.50 
16370.62 
16370.75 
16370.88 
16371.01 
16371.14 
16371.26 
16371.39 
16371.52 
16371.65 
16371.78 
16371.91 
16372.03 
16372.16 
16372.29 
16372.42 
16372.54 
16372.67 
16372.80 
16372.93 
16373.06 
16373.18 
16373.31 
16373.44 
16373.57 
16373.70 
16373.82 
16373.95 
16374.08 
16374.21 
16374.34 
16374.46 
16374.60 
16374.73 
16374.86 
16374.99 
16375.12 
16375.25 
16375.38 
16375.51 
16375.63 
16375.76 
16375.89 
16376.02 
16376.14 
16376.27 
16376.40 
16376.53 
16376.66 
16376.78 
16376.91 
16377.04 
16377.17 
16377.30 
16377.42 
16377.55 
16377.68 
16377.81 
16377.94 
16378.06 
16378.19 
16378.32 
16378.45 
16378.57 
16378.70 
16378.83 
16378.96 
16379.09 
16379.21 
16379.34 
16379.47 
16379.60 
16379.73 
16379.86 
16380.00 
16380.12 
16380.25 
16380.38 
16380.51 
16380.64 
16380.77 
16380.90 
16381.02 
16381.15 
16381.28 
16381.41 
16381.54 
16381.67 
16381.79 
16381.92 
16382.05 
16382.17 
16382.30 
16382.43 
16382.56 
16382.69 
16382.82 
16382.94 
16383.07 
16383.20 
16383.32 
16383.45 
16383.58 
16383.70 
16383.83 
16383.96 
16384.09 
16384.21 
16384.33 
16384.45 
16384.58 
16384.71 
16384.84 
16384.97 
16385.10 
16385.22 
16385.35 
16385.48 
16385.61 
16385.74 
16385.87 
16386.00 
16386.13 
16386.25 
16386.38 
16386.51 
16386.64 
16386.78 
16386.91 
16387.03 
16387.16 
16387.29 
16387.42 
16387.55 
16387.67 
16387.80 
16387.93 
16388.06 
16388.18 
16388.31 
16388.43 
16388.56 
16388.69 
16388.81 
16388.94 
16389.07 
16389.20 
16389.32 
16389.45 
16389.58 
16389.71 
16389.83 
16389.96 
16390.09 
16390.22 
16390.35 
16390.48 
16390.60 
16390.73 
16390.86 
16390.99 
16391.12 
16391.24 
16391.37 
16391.50 
16391.62 
16391.75 
16391.88 
16392.01 
16392.14 
16392.27 
16392.40 
16392.52 
16392.67 
16392.80 
16392.93 
16393.06 
16393.19 
16393.31 
16393.44 
16393.57 
16393.69 
16393.82 
16393.95 
16394.08 
16394.21 
16394.35 
16394.48 
16394.61 
16394.73 
16394.86 
16394.99 
16395.11 
16395.24 
16395.38 
16395.52 
16395.64 
16395.77 
16395.90 
16396.03 
16396.15 
16396.28 
16396.41 
16396.54 
16396.67 
16396.80 
16396.92 
16397.05 
16397.18 
16397.31 
16397.43 
16397.56 
16397.69 
16397.82 
16397.95 
16398.08 
16398.20 
16398.35 
16398.48 
16398.60 
16398.73 
16398.86 
16398.99 
16399.11 
16399.24 
16399.37 
16399.51 
16399.63 
16399.75 
16399.88 
16400.00 
16400.13 
16400.26 
16400.39 
16400.51 
16400.64 
16400.77 
16400.90 
16401.03 
16401.15 
16401.28 
16401.40 
16401.53 
16401.66 
16401.79 
16401.91 
16402.04 
16402.17 
16402.29 
16402.42 
16402.55 
16402.67 
16402.80 
16402.93 
16403.06 
16403.19 
16403.31 
16403.44 
16403.57 
16403.70 
16403.84 
16403.97 
16404.10 
16404.22 
16404.35 
16404.48 
16404.61 
16404.73 
16404.86 
16404.99 
16405.12 
16405.24 
16405.37 
16405.50 
16405.63 
16405.76 
16405.89 
16406.01 
16406.14 
16406.27 
16406.40 
16406.53 
16406.67 
16406.80 
16406.93 
16407.06 
16407.19 
16407.32 
16407.45 
16407.58 
16407.70 
16407.83 
16407.96 
16408.09 
16408.22 
16408.35 
16408.47 
16408.61 
16408.73 
16408.86 
16408.99 
16409.12 
16409.24 
16409.36 
16409.49 
16409.62 
16409.75 
16409.88 
16410.01 
16410.14 
16410.27 
16410.39 
16410.52 
16410.65 
16410.78 
16410.91 
16411.04 
16411.16 
16411.29 
16411.41 
16411.54 
16411.67 
16411.80 
16411.93 
16412.06 
16412.19 
16412.31 
16412.43 
16412.55 
16412.68 
16412.81 
16412.95 
16413.08 
16413.20 
16413.32 
16413.45 
16413.57 
16413.70 
16413.81 
16413.92 
16414.03 
16414.17 
16414.28 
16414.39 
16414.52 
16414.65 
16414.83 
16414.96 
16415.10 
16415.24 
16415.40 
16415.54 
16415.66 
16415.81 
16415.94 
16416.08 
16416.22 
16416.37 
16416.59 
16416.78 
16416.99 
16417.21 
16417.33 
16417.46 
16417.63 
16417.81 
16417.97 
16418.15 
16418.37 
16418.58 
16418.81 
16419.24 
16419.77 
16420.06 
16420.49 
16420.76 
16420.98 
16421.16 
16421.37 
16421.66 
16421.96 
16422.26 
16422.95 
16423.21 
16423.52 
16423.70 
16423.99 
                                                  