# up 
30677.21 
30677.33 
30677.45 
30677.58 
30677.70 
30677.82 
30677.93 
30678.06 
30678.18 
30678.31 
30678.43 
30678.56 
30678.69 
30678.83 
30678.96 
30679.08 
30679.21 
30679.34 
30679.47 
30679.60 
30679.73 
30679.86 
30679.99 
30680.11 
30680.24 
30680.37 
30680.50 
30680.63 
30680.75 
30680.88 
30681.01 
30681.13 
30681.26 
30681.39 
30681.52 
30681.65 
30681.77 
30681.90 
30682.03 
30682.16 
30682.29 
30682.42 
30682.54 
30682.67 
30682.80 
30682.93 
30683.06 
30683.18 
30683.31 
30683.44 
30683.57 
30683.70 
30683.82 
30683.95 
30684.08 
30684.20 
30684.33 
30684.45 
30684.58 
30684.70 
30684.83 
30684.96 
30685.09 
30685.22 
30685.35 
30685.47 
30685.60 
30685.73 
30685.85 
30685.98 
30686.11 
30686.24 
30686.37 
30686.49 
30686.62 
30686.75 
30686.88 
30687.00 
30687.13 
30687.27 
30687.40 
30687.52 
30687.65 
30687.78 
30687.91 
30688.03 
30688.16 
30688.29 
30688.42 
30688.54 
30688.66 
30688.78 
30688.90 
30689.01 
30689.13 
30689.26 
30689.38 
30689.51 
30689.64 
30689.76 
30689.89 
30690.02 
30690.14 
30690.27 
30690.40 
30690.53 
30690.65 
30690.78 
30690.93 
30691.05 
30691.18 
30691.31 
30691.45 
30691.58 
30691.71 
30691.84 
30691.97 
30692.11 
30692.24 
30692.37 
30692.49 
30692.62 
30692.75 
30692.88 
30693.00 
30693.13 
30693.26 
30693.39 
30693.52 
30693.64 
30693.77 
30693.90 
30694.03 
30694.16 
30694.28 
30694.41 
30694.54 
30694.66 
30694.79 
30694.92 
30695.05 
30695.18 
30695.31 
30695.43 
30695.56 
30695.68 
30695.81 
30695.94 
30696.06 
30696.19 
30696.32 
30696.44 
30696.57 
30696.69 
30696.82 
30696.95 
30697.07 
30697.20 
30697.33 
30697.45 
30697.58 
30697.71 
30697.84 
30697.97 
30698.10 
30698.23 
30698.35 
30698.48 
30698.61 
30698.74 
30698.86 
30698.99 
30699.12 
30699.25 
30699.38 
30699.50 
30699.63 
30699.76 
30699.89 
30700.01 
30700.14 
30700.26 
30700.39 
30700.51 
30700.64 
30700.77 
30700.89 
30701.02 
30701.15 
30701.28 
30701.40 
30701.53 
30701.66 
30701.79 
30701.92 
30702.05 
30702.17 
30702.30 
30702.42 
30702.55 
30702.68 
30702.81 
30702.93 
30703.06 
30703.19 
30703.31 
30703.44 
30703.57 
30703.70 
30703.83 
30703.95 
30704.08 
30704.21 
30704.35 
30704.47 
30704.60 
30704.73 
30704.85 
30704.98 
30705.11 
30705.24 
30705.36 
30705.49 
30705.62 
30705.75 
30705.87 
30706.00 
30706.13 
30706.25 
30706.40 
30706.53 
30706.66 
30706.79 
30706.92 
30707.04 
30707.17 
30707.29 
30707.42 
30707.55 
30707.67 
30707.80 
30707.93 
30708.05 
30708.18 
30708.32 
30708.45 
30708.57 
30708.70 
30708.83 
30708.96 
30709.08 
30709.21 
30709.34 
30709.47 
30709.60 
30709.73 
30709.85 
30709.98 
30710.11 
30710.24 
30710.36 
30710.49 
30710.62 
30710.75 
30710.88 
30711.00 
30711.13 
30711.26 
30711.39 
30711.51 
30711.64 
30711.77 
30711.90 
30712.03 
30712.16 
30712.28 
30712.41 
30712.54 
30712.67 
30712.79 
30712.92 
30713.05 
30713.18 
30713.31 
30713.44 
30713.56 
30713.69 
30713.81 
30713.94 
30714.07 
30714.20 
30714.32 
30714.45 
30714.58 
30714.71 
30714.84 
30714.96 
30715.09 
30715.22 
30715.35 
30715.47 
30715.60 
30715.73 
30715.86 
30715.98 
30716.11 
30716.24 
30716.37 
30716.50 
30716.63 
30716.75 
30716.88 
30717.01 
30717.14 
30717.26 
30717.39 
30717.52 
30717.65 
30717.78 
30717.91 
30718.04 
30718.16 
30718.28 
30718.39 
30718.51 
30718.62 
30718.75 
30718.87 
30719.00 
30719.13 
30719.26 
30719.39 
30719.51 
30719.64 
30719.77 
30719.89 
30720.02 
30720.15 
30720.27 
30720.40 
30720.53 
30720.66 
30720.78 
30720.91 
30721.04 
30721.17 
30721.30 
30721.43 
30721.55 
30721.68 
30721.81 
30721.94 
30722.07 
30722.19 
30722.32 
30722.45 
30722.57 
30722.70 
30722.83 
30722.96 
30723.08 
30723.21 
30723.34 
30723.47 
30723.59 
30723.71 
30723.85 
30723.98 
30724.11 
30724.23 
30724.36 
30724.49 
30724.62 
30724.75 
30724.87 
30725.00 
30725.13 
30725.26 
30725.39 
30725.52 
30725.64 
30725.79 
30725.92 
30726.05 
30726.18 
30726.30 
30726.43 
30726.55 
30726.68 
30726.81 
30726.94 
30727.07 
30727.20 
30727.32 
30727.45 
30727.58 
30727.71 
30727.84 
30727.96 
30728.09 
30728.22 
30728.35 
30728.48 
30728.60 
30728.73 
30728.86 
30729.00 
30729.12 
30729.26 
30729.38 
30729.50 
30729.62 
30729.75 
30729.87 
30729.99 
30730.12 
30730.24 
30730.37 
30730.51 
30730.64 
30730.76 
30730.88 
30731.01 
30731.14 
30731.26 
30731.39 
30731.52 
30731.65 
30731.78 
30731.90 
30732.03 
30732.16 
30732.29 
30732.41 
30732.54 
30732.67 
30732.79 
30732.93 
30733.05 
30733.18 
30733.31 
30733.44 
30733.57 
30733.70 
30733.82 
30733.95 
30734.08 
30734.21 
30734.34 
30734.47 
30734.60 
30734.72 
30734.85 
30734.98 
30735.11 
30735.23 
30735.36 
30735.49 
30735.62 
30735.75 
30735.87 
30736.00 
30736.13 
30736.26 
30736.39 
30736.51 
30736.64 
30736.77 
30736.90 
30737.03 
30737.15 
30737.28 
30737.41 
30737.54 
30737.67 
30737.80 
30737.92 
30738.05 
30738.18 
30738.31 
30738.43 
30738.56 
30738.69 
30738.83 
30738.96 
30739.09 
30739.22 
30739.35 
30739.47 
30739.60 
30739.73 
30739.85 
30739.98 
30740.11 
30740.25 
30740.38 
30740.51 
30740.64 
30740.77 
30740.89 
30741.02 
30741.15 
30741.28 
30741.41 
30741.54 
30741.67 
30741.79 
30741.92 
30742.05 
30742.18 
30742.31 
30742.43 
30742.55 
30742.67 
30742.80 
30742.92 
30743.04 
30743.14 
30743.28 
30743.42 
30743.55 
30743.69 
30743.82 
30743.94 
30744.07 
30744.20 
30744.32 
30744.46 
30744.60 
30744.73 
30744.85 
30744.98 
30745.12 
30745.24 
30745.37 
30745.50 
30745.62 
30745.75 
30745.87 
30746.02 
30746.15 
30746.28 
30746.41 
30746.55 
30746.68 
30746.80 
30746.94 
30747.06 
30747.19 
30747.32 
30747.45 
30747.59 
30747.72 
30747.85 
30747.97 
30748.11 
30748.23 
30748.38 
30748.52 
30748.65 
30748.79 
30748.92 
30749.04 
30749.17 
30749.30 
30749.43 
30749.55 
30749.68 
30749.81 
30749.94 
30750.06 
30750.19 
30750.32 
30750.45 
30750.58 
30750.71 
30750.84 
30750.96 
30751.09 
30751.22 
30751.35 
30751.48 
30751.61 
30751.74 
30751.87 
30751.99 
30752.13 
30752.25 
30752.38 
30752.51 
30752.65 
30752.78 
30752.90 
30753.03 
30753.16 
30753.29 
30753.41 
30753.54 
30753.66 
30753.78 
30753.90 
30754.04 
30754.17 
30754.30 
30754.43 
30754.56 
30754.68 
30754.81 
30754.94 
30755.07 
30755.20 
30755.32 
30755.45 
30755.57 
30755.70 
30755.84 
30755.96 
30756.09 
30756.22 
30756.35 
30756.47 
30756.60 
30756.74 
30756.87 
30756.99 
30757.12 
30757.25 
30757.37 
30757.50 
30757.63 
30757.76 
30757.88 
30758.01 
30758.14 
30758.27 
30758.40 
30758.53 
30758.65 
30758.78 
30758.91 
30759.04 
30759.16 
30759.29 
30759.42 
30759.54 
30759.67 
30759.80 
30759.93 
30760.06 
30760.19 
30760.32 
30760.44 
30760.56 
30760.69 
30760.81 
30760.94 
30761.07 
30761.20 
30761.33 
30761.46 
30761.58 
30761.71 
30761.84 
30761.97 
30762.10 
30762.22 
30762.35 
30762.47 
30762.60 
30762.73 
30762.86 
30762.98 
30763.11 
30763.24 
30763.37 
30763.49 
30763.62 
30763.74 
30763.87 
30764.00 
30764.13 
30764.27 
30764.40 
30764.53 
30764.66 
30764.79 
30764.93 
30765.06 
30765.19 
30765.31 
30765.44 
30765.57 
30765.69 
30765.81 
30765.94 
30766.07 
30766.20 
30766.32 
30766.45 
30766.58 
30766.70 
30766.84 
30766.96 
30767.09 
30767.22 
30767.35 
30767.47 
30767.60 
30767.73 
30767.85 
30767.98 
30768.11 
30768.24 
30768.36 
30768.49 
30768.62 
30768.75 
30768.87 
30769.00 
30769.12 
30769.24 
30769.38 
30769.51 
30769.65 
30769.78 
30769.91 
30770.03 
30770.16 
30770.29 
30770.42 
30770.55 
30770.67 
30770.80 
30770.93 
30771.05 
30771.18 
30771.31 
30771.43 
30771.56 
30771.69 
30771.84 
30771.96 
30772.09 
30772.22 
30772.35 
30772.48 
30772.60 
30772.73 
30772.86 
30772.99 
30773.11 
30773.24 
30773.37 
30773.50 
30773.63 
30773.75 
30773.87 
30774.00 
30774.13 
30774.25 
30774.38 
30774.51 
30774.63 
30774.76 
30774.90 
30775.02 
30775.15 
30775.28 
30775.41 
30775.54 
30775.67 
30775.79 
30775.92 
30776.05 
30776.18 
30776.31 
30776.43 
30776.56 
30776.69 
30776.82 
30776.95 
30777.07 
30777.20 
30777.33 
30777.46 
30777.58 
30777.71 
30777.84 
30777.97 
30778.10 
30778.23 
30778.35 
30778.48 
30778.61 
30778.74 
30778.86 
30778.99 
30779.12 
30779.25 
30779.38 
30779.50 
30779.63 
30779.76 
30779.89 
30780.02 
30780.14 
30780.29 
30780.42 
30780.55 
30780.68 
30780.80 
30780.93 
30781.05 
30781.18 
30781.30 
30781.43 
30781.55 
30781.68 
30781.81 
30781.95 
30782.07 
30782.19 
30782.32 
30782.44 
30782.57 
30782.69 
30782.80 
30782.93 
30783.06 
30783.20 
30783.33 
30783.46 
30783.59 
30783.72 
30783.84 
30783.97 
30784.10 
30784.23 
30784.37 
30784.50 
30784.63 
30784.77 
30784.90 
30785.03 
30785.16 
30785.29 
30785.41 
30785.54 
30785.67 
30785.80 
30785.93 
30786.05 
30786.18 
30786.31 
30786.43 
30786.56 
30786.70 
30786.82 
30786.97 
30787.10 
30787.22 
30787.35 
30787.48 
30787.61 
30787.75 
30787.88 
30788.02 
30788.15 
30788.28 
30788.40 
30788.53 
30788.66 
30788.79 
30788.91 
30789.05 
30789.19 
30789.32 
30789.45 
30789.57 
30789.70 
30789.84 
30789.96 
30790.09 
30790.22 
30790.35 
30790.49 
30790.61 
30790.75 
30790.87 
30791.00 
30791.12 
30791.26 
30791.38 
30791.51 
30791.64 
30791.77 
30791.89 
30792.02 
30792.15 
30792.28 
30792.40 
30792.54 
30792.67 
30792.79 
30792.91 
30793.03 
30793.16 
30793.28 
30793.41 
30793.54 
30793.67 
30793.79 
30793.91 
30794.04 
30794.16 
30794.29 
30794.42 
30794.55 
30794.68 
30794.80 
30794.93 
30795.06 
30795.19 
30795.32 
30795.46 
30795.59 
30795.72 
30795.84 
30795.97 
30796.10 
30796.23 
30796.36 
30796.48 
30796.61 
30796.74 
30796.87 
30797.00 
30797.13 
30797.25 
30797.39 
30797.51 
30797.64 
30797.77 
30797.89 
30798.02 
30798.15 
30798.29 
30798.42 
30798.55 
30798.69 
30798.82 
30798.95 
30799.08 
30799.21 
30799.33 
30799.46 
30799.59 
30799.72 
30799.85 
30799.98 
30800.10 
30800.23 
30800.37 
30800.50 
30800.63 
30800.76 
30800.89 
30801.02 
30801.16 
30801.29 
30801.41 
30801.54 
30801.67 
30801.80 
30801.93 
30802.07 
30802.20 
30802.32 
30802.45 
30802.58 
30802.71 
30802.84 
30802.98 
30803.10 
30803.24 
30803.37 
30803.49 
30803.63 
30803.75 
30803.87 
30803.99 
30804.12 
30804.25 
30804.38 
30804.50 
30804.64 
30804.76 
30804.89 
30805.02 
30805.14 
30805.28 
30805.40 
30805.53 
30805.66 
30805.78 
30805.91 
30806.04 
30806.18 
30806.31 
30806.44 
30806.57 
30806.69 
30806.82 
30806.96 
30807.08 
30807.21 
30807.34 
30807.47 
30807.58 
30807.72 
30807.85 
30807.98 
30808.10 
30808.23 
30808.36 
30808.50 
30808.63 
30808.76 
30808.89 
30809.01 
30809.15 
30809.29 
30809.41 
30809.55 
30809.66 
30809.80 
30809.93 
30810.06 
30810.19 
30810.33 
30810.45 
30810.59 
30810.71 
30810.84 
30810.97 
30811.11 
30811.24 
30811.38 
30811.51 
30811.64 
30811.77 
30811.90 
30812.02 
30812.16 
30812.29 
30812.42 
30812.56 
30812.68 
30812.81 
30812.94 
30813.06 
30813.20 
30813.32 
30813.44 
30813.55 
30813.68 
30813.82 
30813.93 
30814.05 
30814.18 
30814.31 
30814.44 
30814.57 
30814.70 
30814.82 
30814.97 
30815.09 
30815.22 
30815.33 
30815.47 
30815.60 
30815.72 
30815.85 
30815.98 
30816.11 
30816.24 
30816.36 
30816.49 
30816.61 
30816.74 
30816.87 
30816.99 
30817.12 
30817.25 
30817.38 
30817.50 
30817.63 
30817.76 
30817.89 
30818.01 
30818.14 
30818.27 
30818.40 
30818.52 
30818.65 
30818.78 
30818.90 
30819.03 
30819.15 
30819.28 
30819.41 
30819.55 
30819.68 
30819.81 
30819.94 
30820.06 
30820.19 
30820.32 
30820.45 
30820.57 
30820.70 
30820.83 
30820.96 
30821.08 
30821.21 
30821.32 
30821.44 
30821.59 
30821.71 
30821.84 
30821.97 
30822.10 
30822.22 
30822.35 
30822.48 
30822.61 
30822.74 
30822.86 
30822.99 
30823.12 
30823.25 
30823.38 
30823.51 
30823.64 
30823.76 
30823.89 
30824.03 
30824.15 
30824.28 
30824.40 
30824.52 
30824.65 
30824.77 
30824.90 
30825.03 
30825.15 
30825.28 
30825.41 
30825.52 
30825.65 
30825.78 
30825.90 
30826.03 
30826.16 
30826.28 
30826.40 
30826.53 
30826.65 
30826.78 
30826.91 
30827.04 
30827.16 
30827.29 
30827.41 
30827.54 
30827.66 
30827.79 
30827.92 
30828.04 
30828.17 
30828.30 
30828.42 
30828.55 
30828.68 
30828.81 
30828.94 
30829.06 
30829.19 
30829.32 
30829.44 
30829.57 
30829.69 
30829.84 
30829.96 
30830.09 
30830.22 
30830.35 
30830.47 
30830.60 
30830.73 
30830.86 
30830.98 
30831.11 
30831.24 
30831.36 
30831.49 
30831.62 
30831.74 
30831.87 
30832.00 
30832.12 
30832.25 
30832.38 
30832.50 
30832.63 
30832.76 
30832.88 
30833.01 
30833.13 
30833.26 
30833.39 
30833.51 
30833.64 
30833.79 
30833.91 
30834.04 
30834.18 
30834.31 
30834.43 
30834.57 
30834.70 
30834.82 
30834.97 
30835.10 
30835.23 
30835.36 
30835.49 
30835.61 
30835.74 
30835.87 
30836.00 
30836.13 
30836.25 
30836.38 
30836.50 
30836.63 
30836.75 
30836.88 
30837.01 
30837.14 
30837.26 
30837.39 
30837.52 
30837.65 
30837.78 
30837.91 
30838.03 
30838.16 
30838.29 
30838.42 
30838.55 
30838.67 
30838.80 
30838.92 
30839.05 
30839.17 
30839.30 
30839.43 
30839.55 
30839.68 
30839.81 
30839.93 
30840.07 
30840.19 
30840.33 
30840.46 
30840.58 
30840.71 
30840.84 
30840.96 
30841.09 
30841.22 
30841.34 
30841.47 
30841.60 
30841.73 
30841.85 
30841.98 
30842.11 
30842.24 
30842.36 
30842.49 
30842.62 
30842.74 
30842.87 
30842.99 
30843.12 
30843.25 
30843.37 
30843.50 
30843.63 
30843.75 
30843.87 
30844.00 
30844.13 
30844.25 
30844.38 
30844.51 
30844.64 
30844.76 
30844.89 
30845.02 
30845.15 
30845.27 
30845.40 
30845.53 
30845.66 
30845.79 
30845.92 
30846.05 
30846.18 
30846.31 
30846.44 
30846.56 
30846.69 
30846.82 
30846.95 
30847.07 
30847.20 
30847.33 
30847.46 
30847.58 
30847.71 
30847.83 
30847.96 
30848.09 
30848.22 
30848.34 
30848.47 
30848.60 
30848.72 
30848.85 
30848.98 
30849.10 
30849.23 
30849.36 
30849.49 
30849.61 
30849.74 
30849.87 
30850.00 
30850.12 
30850.25 
30850.38 
30850.51 
30850.64 
30850.76 
30850.89 
30851.02 
30851.15 
30851.27 
30851.40 
30851.52 
30851.65 
30851.78 
30851.91 
30852.04 
30852.16 
30852.28 
30852.40 
30852.52 
30852.65 
30852.77 
30852.88 
30853.02 
30853.14 
30853.25 
30853.36 
30853.49 
30853.63 
30853.75 
30853.87 
30853.99 
30854.13 
30854.26 
30854.39 
30854.52 
30854.65 
30854.77 
30854.90 
30855.04 
30855.17 
30855.30 
30855.43 
30855.57 
30855.72 
30855.85 
30855.97 
30856.10 
30856.25 
30856.37 
30856.50 
30856.65 
30856.78 
30856.90 
30857.04 
30857.18 
30857.31 
30857.44 
30857.57 
30857.71 
30857.83 
30857.96 
30858.10 
30858.23 
30858.37 
30858.50 
30858.64 
30858.77 
30858.89 
30859.03 
30859.16 
30859.30 
30859.43 
30859.57 
30859.71 
30859.85 
30859.98 
30860.12 
30860.25 
30860.37 
30860.50 
30860.63 
30860.76 
30860.90 
30861.03 
30861.15 
30861.29 
30861.42 
30861.54 
30861.67 
30861.79 
30861.93 
30862.07 
30862.21 
30862.34 
30862.47 
30862.60 
30862.73 
30862.86 
30862.99 
30863.12 
30863.24 
30863.37 
30863.49 
30863.63 
30863.77 
30863.89 
30864.02 
30864.16 
30864.30 
30864.43 
30864.55 
30864.68 
30864.81 
30864.93 
30865.06 
30865.20 
30865.34 
30865.46 
30865.59 
30865.72 
30865.86 
30866.00 
30866.13 
30866.27 
30866.41 
30866.54 
30866.67 
30866.81 
30866.94 
30867.08 
30867.21 
30867.33 
30867.46 
30867.60 
30867.74 
30867.86 
30867.99 
30868.12 
30868.25 
30868.37 
30868.51 
30868.63 
30868.76 
30868.88 
30869.02 
30869.16 
30869.30 
30869.44 
30869.56 
30869.70 
30869.84 
30869.96 
30870.10 
30870.23 
30870.37 
30870.50 
30870.62 
30870.76 
30870.90 
30871.04 
30871.16 
30871.29 
30871.41 
30871.54 
30871.67 
30871.80 
30871.94 
30872.07 
30872.21 
30872.33 
30872.45 
30872.59 
30872.72 
30872.84 
30872.98 
30873.11 
30873.24 
30873.38 
30873.51 
30873.63 
30873.76 
30873.88 
30874.00 
30874.14 
30874.27 
30874.39 
30874.51 
30874.65 
30874.79 
30874.92 
30875.06 
30875.19 
30875.33 
30875.47 
30875.61 
30875.74 
30875.88 
30876.01 
30876.13 
30876.26 
30876.40 
30876.54 
30876.66 
30876.80 
30876.94 
30877.08 
30877.21 
30877.33 
30877.46 
30877.59 
30877.73 
30877.87 
30877.99 
30878.13 
30878.26 
30878.40 
30878.54 
30878.68 
30878.81 
30878.95 
30879.08 
30879.21 
30879.33 
30879.47 
30879.60 
30879.74 
30879.87 
30879.99 
30880.12 
30880.25 
30880.39 
30880.52 
30880.66 
30880.80 
30880.92 
30881.05 
30881.19 
30881.33 
30881.47 
30881.59 
30881.72 
30881.85 
30881.99 
30882.12 
30882.26 
30882.39 
30882.52 
30882.65 
30882.78 
30882.91 
30883.05 
30883.19 
30883.32 
30883.46 
30883.59 
30883.73 
30883.87 
30883.99 
30884.13 
30884.27 
30884.39 
30884.52 
30884.66 
30884.79 
30884.92 
30885.04 
30885.18 
30885.31 
30885.44 
30885.58 
30885.70 
30885.85 
30885.98 
30886.11 
30886.23 
30886.36 
30886.49 
30886.61 
30886.75 
30886.87 
30887.00 
30887.12 
30887.26 
30887.40 
30887.52 
30887.65 
30887.79 
30887.93 
30888.07 
30888.20 
30888.32 
30888.45 
30888.58 
30888.71 
30888.84 
30888.96 
30889.09 
30889.22 
30889.35 
30889.47 
30889.60 
30889.73 
30889.86 
30889.98 
30890.11 
30890.24 
30890.37 
30890.50 
30890.63 
30890.75 
30890.88 
30891.01 
30891.14 
30891.26 
30891.39 
30891.51 
30891.63 
30891.76 
30891.89 
30892.02 
30892.15 
30892.27 
30892.40 
30892.53 
30892.66 
30892.78 
30892.91 
30893.04 
30893.17 
30893.30 
30893.43 
30893.55 
30893.68 
30893.80 
30893.93 
30894.06 
30894.19 
30894.32 
30894.44 
30894.56 
30894.69 
30894.82 
30894.94 
30895.06 
30895.18 
30895.30 
30895.44 
30895.57 
30895.69 
30895.84 
30895.96 
30896.09 
30896.22 
30896.35 
30896.47 
30896.60 
30896.73 
30896.86 
30896.98 
30897.11 
30897.24 
30897.37 
30897.50 
30897.63 
30897.76 
30897.88 
30898.01 
30898.14 
30898.27 
30898.40 
30898.53 
30898.65 
30898.78 
30898.91 
30899.04 
30899.16 
30899.29 
30899.42 
30899.55 
30899.68 
30899.81 
30899.94 
30900.06 
30900.19 
30900.32 
30900.45 
30900.58 
30900.70 
30900.83 
30900.96 
30901.08 
30901.21 
30901.34 
30901.47 
30901.59 
30901.72 
30901.85 
30901.98 
30902.11 
30902.24 
30902.37 
30902.49 
30902.62 
30902.75 
30902.88 
30903.00 
30903.13 
30903.26 
30903.39 
30903.51 
30903.64 
30903.77 
30903.90 
30904.03 
30904.16 
30904.29 
30904.41 
30904.54 
30904.67 
30904.80 
30904.93 
30905.06 
30905.19 
30905.31 
30905.44 
30905.57 
30905.69 
30905.82 
30905.95 
30906.08 
30906.21 
30906.33 
30906.46 
30906.59 
30906.72 
30906.85 
30906.98 
30907.10 
30907.23 
30907.36 
30907.49 
30907.63 
30907.76 
30907.88 
30908.01 
30908.14 
30908.27 
30908.39 
30908.52 
30908.66 
30908.79 
30908.91 
30909.04 
30909.17 
30909.30 
30909.43 
30909.55 
30909.68 
30909.81 
30909.94 
30910.06 
30910.19 
30910.32 
30910.46 
30910.58 
30910.69 
30910.82 
30910.94 
30911.07 
30911.20 
30911.33 
30911.46 
30911.58 
30911.71 
30911.83 
30911.96 
30912.09 
30912.22 
30912.35 
30912.47 
30912.59 
30912.72 
30912.85 
30912.98 
30913.11 
30913.23 
30913.36 
30913.49 
30913.62 
30913.75 
30913.87 
30914.00 
30914.13 
30914.26 
30914.39 
30914.51 
30914.64 
30914.77 
30914.90 
30915.03 
30915.15 
30915.31 
30915.44 
30915.56 
30915.69 
30915.82 
30915.95 
30916.07 
30916.20 
30916.33 
30916.46 
30916.59 
30916.71 
30916.84 
30916.97 
30917.10 
30917.23 
30917.36 
30917.48 
30917.61 
30917.74 
30917.87 
30918.00 
30918.13 
30918.26 
30918.39 
30918.51 
30918.64 
30918.76 
30918.91 
30919.04 
30919.16 
30919.29 
30919.42 
30919.54 
30919.67 
30919.80 
30919.93 
30920.06 
30920.19 
30920.32 
30920.45 
30920.58 
30920.70 
30920.82 
30920.95 
30921.08 
30921.20 
30921.33 
30921.44 
30921.57 
30921.70 
30921.83 
30921.96 
30922.08 
30922.21 
30922.34 
30922.46 
30922.59 
30922.71 
30922.84 
30922.97 
30923.10 
30923.23 
30923.36 
30923.48 
30923.61 
30923.74 
30923.87 
30923.99 
30924.12 
30924.25 
30924.38 
30924.51 
30924.64 
30924.76 
30924.89 
30925.02 
30925.15 
30925.28 
30925.41 
30925.53 
30925.66 
30925.79 
30925.91 
30926.04 
30926.17 
30926.31 
30926.44 
30926.57 
30926.70 
30926.82 
30926.95 
30927.08 
30927.20 
30927.33 
30927.46 
30927.58 
30927.71 
30927.84 
30927.96 
30928.09 
30928.22 
30928.35 
30928.47 
30928.60 
30928.73 
30928.86 
30928.99 
30929.12 
30929.25 
30929.37 
30929.50 
30929.63 
30929.76 
30929.88 
30930.01 
30930.14 
30930.27 
30930.39 
30930.52 
30930.65 
30930.78 
30930.91 
30931.04 
30931.16 
30931.29 
30931.41 
30931.54 
30931.67 
30931.79 
30931.92 
30932.05 
30932.18 
30932.31 
30932.44 
30932.56 
30932.69 
30932.82 
30932.95 
30933.07 
30933.20 
30933.33 
30933.46 
30933.59 
30933.71 
30933.84 
30933.97 
30934.10 
30934.23 
30934.35 
30934.48 
30934.61 
30934.74 
30934.87 
30934.99 
30935.12 
30935.25 
30935.38 
30935.51 
30935.63 
30935.76 
30935.89 
30936.02 
30936.14 
30936.29 
30936.42 
30936.54 
30936.67 
30936.79 
30936.90 
30937.02 
30937.15 
30937.28 
30937.41 
30937.53 
30937.66 
30937.79 
30937.92 
30938.05 
30938.17 
30938.30 
30938.42 
30938.55 
30938.68 
30938.81 
30938.94 
30939.07 
30939.20 
30939.33 
30939.46 
30939.58 
30939.71 
30939.84 
30939.97 
30940.10 
30940.23 
30940.35 
30940.47 
30940.60 
30940.72 
30940.85 
30940.98 
30941.11 
30941.24 
30941.36 
30941.49 
30941.62 
30941.74 
30941.87 
30941.99 
30942.12 
30942.25 
30942.38 
30942.50 
30942.64 
30942.77 
30942.89 
30943.02 
30943.15 
30943.28 
30943.41 
30943.54 
30943.67 
30943.79 
30943.92 
30944.05 
30944.18 
30944.31 
30944.44 
30944.56 
30944.69 
30944.82 
30944.95 
30945.07 
30945.20 
30945.33 
30945.46 
30945.58 
30945.71 
30945.84 
30945.97 
30946.10 
30946.22 
30946.35 
30946.48 
30946.61 
30946.74 
30946.87 
30946.99 
30947.12 
30947.25 
30947.38 
30947.50 
30947.63 
30947.76 
30947.88 
30948.01 
30948.14 
30948.27 
30948.40 
30948.52 
30948.65 
30948.78 
30948.90 
30949.03 
30949.16 
30949.29 
30949.42 
30949.55 
30949.68 
30949.81 
30949.94 
30950.07 
30950.19 
30950.32 
30950.45 
30950.57 
30950.70 
30950.83 
30950.96 
30951.10 
30951.23 
30951.35 
30951.48 
30951.61 
30951.74 
30951.87 
30951.99 
30952.12 
30952.25 
30952.38 
30952.50 
30952.63 
30952.75 
30952.90 
30953.02 
30953.14 
30953.27 
30953.40 
30953.53 
30953.66 
30953.79 
30953.92 
30954.05 
30954.17 
30954.30 
30954.43 
30954.56 
30954.68 
30954.81 
30954.94 
30955.07 
30955.20 
30955.33 
30955.45 
30955.58 
30955.70 
30955.83 
30955.96 
30956.08 
30956.23 
30956.35 
30956.48 
30956.61 
30956.74 
30956.86 
30956.99 
30957.12 
30957.25 
30957.38 
30957.50 
30957.63 
30957.76 
30957.88 
30958.01 
30958.14 
30958.27 
30958.40 
30958.53 
30958.65 
30958.78 
30958.91 
30959.04 
30959.17 
30959.29 
30959.42 
30959.55 
30959.69 
30959.81 
30959.94 
30960.07 
30960.20 
30960.33 
30960.46 
30960.59 
30960.72 
30960.85 
30960.97 
30961.10 
30961.23 
30961.36 
30961.48 
30961.61 
30961.74 
30961.86 
30961.99 
30962.13 
30962.25 
30962.38 
30962.51 
30962.64 
30962.77 
30962.89 
30963.02 
30963.16 
30963.29 
30963.42 
30963.55 
30963.68 
30963.80 
30963.94 
30964.06 
30964.19 
30964.32 
30964.45 
30964.57 
30964.70 
30964.83 
30964.96 
30965.08 
30965.21 
30965.34 
30965.47 
30965.59 
30965.72 
30965.85 
30965.98 
30966.11 
30966.24 
30966.37 
30966.49 
30966.62 
30966.75 
30966.87 
30967.00 
30967.13 
30967.26 
30967.39 
30967.52 
30967.64 
30967.77 
30967.89 
30968.01 
30968.13 
30968.25 
30968.38 
30968.51 
30968.64 
30968.77 
30968.90 
30969.03 
30969.15 
30969.28 
30969.41 
30969.54 
30969.66 
30969.79 
30969.92 
30970.05 
30970.18 
30970.31 
30970.43 
30970.56 
30970.69 
30970.82 
30970.95 
30971.07 
30971.20 
30971.33 
30971.46 
30971.59 
30971.71 
30971.84 
30971.97 
30972.10 
30972.22 
30972.35 
30972.48 
30972.61 
30972.72 
30972.85 
30972.98 
30973.10 
30973.23 
30973.36 
30973.49 
30973.62 
30973.75 
30973.87 
30974.00 
30974.13 
30974.26 
30974.39 
30974.51 
30974.64 
30974.77 
30974.90 
30975.02 
30975.15 
30975.28 
30975.41 
30975.54 
30975.66 
30975.79 
30975.92 
30976.04 
30976.17 
30976.30 
30976.42 
30976.55 
30976.67 
30976.80 
30976.93 
30977.06 
30977.18 
30977.31 
30977.44 
30977.57 
30977.69 
30977.82 
30977.95 
30978.07 
30978.20 
30978.33 
30978.46 
30978.59 
30978.72 
30978.84 
30978.97 
30979.10 
30979.23 
30979.36 
30979.48 
30979.61 
30979.74 
30979.86 
30979.99 
30980.12 
30980.25 
30980.38 
30980.51 
30980.64 
30980.76 
30980.89 
30981.02 
30981.15 
30981.28 
30981.41 
30981.54 
30981.66 
30981.79 
30981.92 
30982.05 
30982.18 
30982.31 
30982.43 
30982.56 
30982.69 
30982.82 
30982.95 
30983.07 
30983.20 
30983.32 
30983.43 
30983.55 
30983.69 
30983.82 
30983.94 
30984.07 
30984.19 
30984.32 
30984.45 
30984.58 
30984.70 
30984.83 
30984.95 
30985.08 
30985.21 
30985.34 
30985.48 
30985.61 
30985.74 
30985.87 
30985.99 
30986.12 
30986.25 
30986.38 
30986.51 
30986.64 
30986.76 
30986.89 
30987.02 
30987.15 
30987.27 
30987.40 
30987.53 
30987.67 
30987.80 
30987.93 
30988.06 
30988.19 
30988.31 
30988.45 
30988.57 
30988.70 
30988.83 
30988.95 
30989.08 
30989.20 
30989.33 
30989.46 
30989.59 
30989.72 
30989.85 
30989.97 
30990.10 
30990.23 
30990.35 
30990.48 
30990.61 
30990.74 
30990.86 
30990.99 
30991.12 
30991.25 
30991.38 
30991.51 
30991.63 
30991.76 
30991.89 
30992.02 
30992.15 
30992.27 
30992.40 
30992.53 
30992.66 
30992.78 
30992.91 
30993.04 
30993.17 
30993.30 
30993.43 
30993.55 
30993.68 
30993.81 
30993.94 
30994.07 
30994.19 
30994.32 
30994.45 
30994.58 
30994.71 
30994.83 
30994.96 
30995.09 
30995.22 
30995.35 
30995.47 
30995.60 
30995.73 
30995.86 
30995.99 
30996.11 
30996.24 
30996.36 
30996.49 
30996.60 
30996.73 
30996.86 
30996.98 
30997.12 
30997.25 
30997.37 
30997.50 
30997.62 
30997.73 
30997.84 
30997.95 
30998.07 
30998.19 
30998.30 
30998.44 
30998.56 
30998.68 
30998.79 
30998.92 
30999.03 
30999.15 
30999.26 
30999.37 
30999.51 
30999.64 
30999.75 
30999.86 
30999.97 
31000.07 
31000.18 
31000.29 
31000.40 
31000.51 
31000.62 
31000.75 
31000.87 
31001.00 
31001.12 
31001.24 
31001.37 
31001.49 
31001.61 
31001.74 
31001.86 
31001.98 
31002.11 
31002.25 
31002.37 
31002.49 
31002.62 
31002.74 
31002.85 
31002.97 
31003.10 
31003.22 
31003.36 
31003.47 
31003.58 
31003.70 
31003.82 
31003.95 
31004.07 
31004.20 
31004.33 
31004.45 
31004.57 
31004.70 
31004.80 
31004.91 
31005.02 
31005.13 
31005.24 
31005.34 
31005.45 
31005.56 
31005.67 
31005.78 
31005.88 
31006.02 
31006.13 
31006.26 
31006.37 
31006.48 
31006.59 
31006.70 
31006.84 
31006.94 
31007.05 
31007.16 
31007.27 
31007.38 
31007.51 
31007.64 
31007.74 
31007.85 
31007.96 
31008.07 
31008.18 
31008.29 
31008.39 
31008.50 
31008.61 
31008.74 
31008.85 
31008.99 
31009.12 
31009.23 
31009.35 
31009.47 
31009.58 
31009.69 
31009.80 
31009.91 
31010.04 
31010.17 
31010.29 
31010.41 
31010.54 
31010.66 
31010.78 
31010.90 
31011.03 
31011.14 
31011.25 
31011.36 
31011.50 
31011.61 
31011.72 
31011.85 
31011.97 
31012.11 
31012.22 
31012.36 
31012.47 
31012.59 
31012.71 
31012.83 
31012.95 
31013.08 
31013.20 
31013.32 
31013.44 
31013.57 
31013.70 
31013.82 
31013.93 
31014.05 
31014.17 
31014.30 
31014.41 
31014.53 
31014.65 
31014.77 
31014.89 
31015.02 
31015.14 
31015.26 
31015.40 
31015.53 
31015.65 
31015.77 
31015.89 
31016.01 
31016.13 
31016.25 
31016.37 
31016.49 
31016.61 
31016.73 
31016.85 
31016.96 
31017.07 
31017.19 
31017.31 
31017.43 
31017.55 
31017.67 
31017.80 
31017.92 
31018.04 
31018.17 
31018.29 
31018.41 
31018.54 
31018.66 
31018.79 
31018.91 
31019.03 
31019.15 
31019.27 
31019.39 
31019.51 
31019.63 
31019.75 
31019.87 
31020.00 
31020.12 
31020.24 
31020.36 
31020.48 
31020.60 
31020.73 
31020.85 
31020.98 
31021.10 
31021.22 
31021.34 
31021.45 
31021.58 
31021.70 
31021.82 
31021.94 
31022.07 
31022.19 
31022.31 
31022.43 
31022.54 
31022.66 
31022.77 
31022.89 
31023.01 
31023.13 
31023.25 
31023.37 
31023.49 
31023.61 
31023.73 
31023.85 
31023.97 
31024.09 
31024.22 
31024.33 
31024.46 
31024.57 
31024.70 
31024.81 
31024.94 
31025.06 
31025.18 
31025.30 
31025.42 
31025.54 
31025.66 
31025.78 
31025.90 
31026.02 
31026.14 
31026.27 
31026.39 
31026.51 
31026.63 
31026.75 
31026.87 
31026.99 
31027.11 
31027.22 
31027.35 
31027.48 
31027.62 
31027.74 
31027.86 
31027.98 
31028.09 
31028.21 
31028.34 
31028.46 
31028.58 
31028.69 
31028.81 
31028.93 
31029.05 
31029.19 
31029.31 
31029.44 
31029.56 
31029.68 
31029.81 
31029.93 
31030.05 
31030.19 
31030.32 
31030.44 
31030.56 
31030.68 
31030.80 
31030.92 
31031.04 
31031.16 
31031.28 
31031.41 
31031.53 
31031.65 
31031.77 
31031.89 
31032.01 
31032.14 
31032.26 
31032.38 
31032.50 
31032.62 
31032.73 
31032.85 
31032.97 
31033.09 
31033.21 
31033.33 
31033.46 
31033.59 
31033.71 
31033.83 
31033.95 
31034.06 
31034.18 
31034.30 
31034.43 
31034.55 
31034.67 
31034.79 
31034.91 
31035.03 
31035.15 
31035.28 
31035.40 
31035.52 
31035.65 
31035.78 
31035.90 
31036.02 
31036.14 
31036.26 
31036.38 
31036.50 
31036.62 
31036.74 
31036.86 
31036.98 
31037.11 
31037.23 
31037.35 
31037.47 
31037.59 
31037.71 
31037.84 
31037.95 
31038.08 
31038.20 
31038.32 
31038.45 
31038.59 
31038.71 
31038.85 
31038.97 
31039.10 
31039.21 
31039.33 
31039.45 
31039.56 
31039.68 
31039.79 
31039.91 
31040.04 
31040.16 
31040.27 
31040.38 
31040.50 
31040.62 
31040.75 
31040.86 
31040.98 
31041.10 
31041.23 
31041.35 
31041.47 
31041.59 
31041.72 
31041.85 
31041.97 
31042.09 
31042.21 
31042.33 
31042.45 
31042.58 
31042.70 
31042.82 
31042.95 
31043.07 
31043.20 
31043.31 
31043.44 
31043.57 
31043.68 
31043.80 
31043.92 
31044.04 
31044.16 
31044.29 
31044.41 
31044.53 
31044.65 
31044.77 
31044.89 
31045.01 
31045.13 
31045.25 
31045.37 
31045.50 
31045.63 
31045.75 
31045.87 
31045.99 
31046.11 
31046.23 
31046.35 
31046.48 
31046.62 
31046.74 
31046.86 
31046.99 
31047.11 
31047.23 
31047.35 
31047.48 
31047.60 
31047.73 
31047.86 
31047.99 
31048.12 
31048.24 
31048.37 
31048.49 
31048.62 
31048.74 
31048.86 
31048.99 
31049.11 
31049.23 
31049.35 
31049.47 
31049.59 
31049.71 
31049.82 
31049.94 
31050.07 
31050.19 
31050.31 
31050.43 
31050.56 
31050.68 
31050.80 
31050.92 
31051.04 
31051.15 
31051.27 
31051.39 
31051.52 
31051.63 
31051.75 
31051.87 
31051.99 
31052.11 
31052.24 
31052.36 
31052.48 
31052.60 
31052.72 
31052.84 
31052.96 
31053.08 
31053.21 
31053.33 
31053.47 
31053.59 
31053.71 
31053.83 
31053.95 
31054.08 
31054.21 
31054.34 
31054.46 
31054.58 
31054.70 
31054.82 
31054.94 
31055.05 
31055.19 
31055.31 
31055.42 
31055.54 
31055.66 
31055.77 
31055.90 
31056.01 
31056.12 
31056.24 
31056.35 
31056.48 
31056.60 
31056.72 
31056.84 
31056.96 
31057.08 
31057.20 
31057.33 
31057.44 
31057.57 
31057.69 
31057.81 
31057.93 
31058.05 
31058.17 
31058.31 
31058.43 
31058.58 
31058.70 
31058.82 
31058.94 
31059.06 
31059.18 
31059.31 
31059.43 
31059.55 
31059.66 
31059.77 
31059.89 
31060.01 
31060.13 
31060.25 
31060.40 
31060.52 
31060.64 
31060.76 
31060.89 
31061.01 
31061.13 
31061.25 
31061.37 
31061.49 
31061.61 
31061.74 
31061.86 
31061.98 
31062.10 
31062.23 
31062.35 
31062.47 
31062.59 
31062.71 
31062.83 
31062.94 
31063.07 
31063.19 
31063.31 
31063.43 
31063.55 
31063.67 
31063.79 
31063.91 
31064.03 
31064.15 
31064.27 
31064.39 
31064.51 
31064.64 
31064.76 
31064.88 
31065.00 
31065.12 
31065.24 
31065.36 
31065.48 
31065.61 
31065.73 
31065.86 
31065.98 
31066.09 
31066.22 
31066.33 
31066.46 
31066.58 
31066.70 
31066.81 
31066.93 
31067.05 
31067.17 
31067.31 
31067.43 
31067.55 
31067.67 
31067.79 
31067.91 
31068.03 
31068.15 
31068.27 
31068.39 
31068.50 
31068.62 
31068.74 
31068.85 
31068.98 
31069.10 
31069.23 
31069.36 
31069.48 
31069.60 
31069.72 
31069.84 
31069.96 
31070.08 
31070.20 
31070.31 
31070.43 
31070.56 
31070.68 
31070.80 
31070.93 
31071.05 
31071.17 
31071.28 
31071.40 
31071.52 
31071.65 
31071.78 
31071.91 
31072.03 
31072.14 
31072.28 
31072.40 
31072.51 
31072.63 
31072.75 
31072.87 
31072.99 
31073.13 
31073.26 
31073.38 
31073.50 
31073.62 
31073.74 
31073.86 
31073.98 
31074.10 
31074.22 
31074.34 
31074.47 
31074.59 
31074.71 
31074.83 
31074.95 
31075.07 
31075.19 
31075.31 
31075.43 
31075.55 
31075.67 
31075.80 
31075.92 
31076.05 
31076.17 
31076.29 
31076.41 
31076.53 
31076.65 
31076.77 
31076.89 
31077.01 
31077.13 
31077.26 
31077.37 
31077.50 
31077.62 
31077.73 
31077.85 
31077.98 
31078.10 
31078.21 
31078.35 
31078.48 
31078.60 
31078.72 
31078.84 
31078.95 
31079.07 
31079.18 
31079.30 
31079.42 
31079.54 
31079.66 
31079.78 
31079.91 
31080.03 
31080.14 
31080.27 
31080.39 
31080.51 
31080.63 
31080.76 
31080.88 
31081.01 
31081.13 
31081.25 
31081.37 
31081.48 
31081.59 
31081.72 
31081.83 
31081.95 
31082.08 
31082.19 
31082.31 
31082.44 
31082.56 
31082.68 
31082.80 
31082.92 
31083.04 
31083.16 
31083.28 
31083.40 
31083.52 
31083.65 
31083.77 
31083.89 
31084.01 
31084.13 
31084.25 
31084.37 
31084.49 
31084.61 
31084.73 
31084.85 
31084.99 
31085.11 
31085.23 
31085.36 
31085.48 
31085.60 
31085.72 
31085.84 
31085.96 
31086.08 
31086.20 
31086.32 
31086.44 
31086.56 
31086.68 
31086.80 
31086.92 
31087.04 
31087.16 
31087.28 
31087.40 
31087.52 
31087.66 
31087.79 
31087.91 
31088.03 
31088.15 
31088.27 
31088.40 
31088.51 
31088.64 
31088.76 
31088.88 
31089.00 
31089.12 
31089.24 
31089.36 
31089.50 
31089.61 
31089.74 
31089.86 
31089.99 
31090.11 
31090.23 
31090.35 
31090.47 
31090.59 
31090.71 
31090.83 
31090.94 
31091.06 
31091.18 
31091.30 
31091.42 
31091.54 
31091.66 
31091.80 
31091.92 
31092.04 
31092.16 
31092.28 
31092.40 
31092.52 
31092.64 
31092.75 
31092.88 
31093.00 
31093.12 
31093.24 
31093.36 
31093.49 
31093.61 
31093.73 
31093.85 
31093.97 
31094.09 
31094.21 
31094.33 
31094.45 
31094.58 
31094.70 
31094.84 
31094.96 
31095.08 
31095.20 
31095.34 
31095.46 
31095.58 
31095.70 
31095.83 
31095.95 
31096.07 
31096.19 
31096.31 
31096.43 
31096.55 
31096.68 
31096.81 
31096.93 
31097.05 
31097.18 
31097.30 
31097.42 
31097.54 
31097.66 
31097.78 
31097.91 
31098.03 
31098.15 
31098.27 
31098.39 
31098.51 
31098.63 
31098.75 
31098.87 
31098.99 
31099.13 
31099.25 
31099.37 
31099.49 
31099.62 
31099.74 
31099.85 
31099.98 
31100.10 
31100.22 
31100.34 
31100.45 
31100.57 
31100.70 
31100.82 
31100.94 
31101.06 
31101.20 
31101.31 
31101.45 
31101.58 
31101.69 
31101.82 
31101.94 
31102.06 
31102.18 
31102.31 
31102.43 
31102.55 
31102.67 
31102.80 
31102.91 
31103.03 
31103.16 
31103.28 
31103.41 
31103.53 
31103.64 
31103.75 
31103.86 
31103.99 
31104.11 
31104.25 
31104.36 
31104.48 
31104.60 
31104.72 
31104.85 
31104.98 
31105.10 
31105.23 
31105.35 
31105.47 
31105.58 
31105.71 
31105.83 
31105.95 
31106.07 
31106.19 
31106.31 
31106.42 
31106.55 
31106.67 
31106.79 
31106.91 
31107.04 
31107.17 
31107.29 
31107.41 
31107.53 
31107.65 
31107.77 
31107.89 
31108.01 
31108.13 
31108.25 
31108.36 
31108.48 
31108.60 
31108.72 
31108.84 
31108.97 
31109.10 
31109.23 
31109.34 
31109.46 
31109.58 
31109.70 
31109.81 
31109.94 
31110.06 
31110.18 
31110.30 
31110.42 
31110.53 
31110.65 
31110.77 
31110.89 
31111.02 
31111.13 
31111.25 
31111.38 
31111.50 
31111.62 
31111.75 
31111.86 
31111.97 
31112.09 
31112.23 
31112.37 
31112.49 
31112.61 
31112.73 
31112.85 
31112.97 
31113.09 
31113.21 
31113.35 
31113.47 
31113.58 
31113.71 
31113.83 
31113.94 
31114.06 
31114.18 
31114.30 
31114.42 
31114.54 
31114.66 
31114.78 
31114.91 
31115.03 
31115.15 
31115.27 
31115.39 
31115.51 
31115.63 
31115.75 
31115.86 
31115.99 
31116.11 
31116.22 
31116.34 
31116.47 
31116.59 
31116.70 
31116.81 
31116.93 
31117.05 
31117.16 
31117.27 
31117.39 
31117.50 
31117.63 
31117.76 
31117.88 
31118.00 
31118.11 
31118.24 
31118.36 
31118.48 
31118.60 
31118.74 
31118.86 
31118.98 
31119.10 
31119.22 
31119.34 
31119.47 
31119.61 
31119.73 
31119.85 
31119.96 
31120.08 
31120.20 
31120.33 
31120.45 
31120.57 
31120.69 
31120.81 
31120.92 
31121.04 
31121.17 
31121.29 
31121.41 
31121.53 
31121.65 
31121.77 
31121.89 
31122.01 
31122.13 
31122.25 
31122.37 
31122.49 
31122.61 
31122.73 
31122.84 
31122.96 
31123.10 
31123.22 
31123.34 
31123.46 
31123.58 
31123.70 
31123.83 
31123.93 
31124.06 
31124.18 
31124.30 
31124.42 
31124.54 
31124.66 
31124.78 
31124.90 
31125.02 
31125.13 
31125.25 
31125.37 
31125.49 
31125.61 
31125.73 
31125.85 
31125.97 
31126.10 
31126.23 
31126.35 
31126.48 
31126.61 
31126.74 
31126.87 
31126.99 
31127.12 
31127.25 
31127.38 
31127.51 
31127.63 
31127.76 
31127.88 
31127.99 
31128.11 
31128.23 
31128.35 
31128.48 
31128.60 
31128.72 
31128.85 
31128.98 
31129.11 
31129.23 
31129.36 
31129.49 
31129.61 
31129.74 
31129.87 
31129.99 
31130.11 
31130.24 
31130.36 
31130.49 
31130.62 
31130.74 
31130.87 
31131.00 
31131.13 
31131.25 
31131.40 
31131.53 
31131.66 
31131.79 
31131.92 
31132.04 
31132.17 
31132.30 
31132.43 
31132.56 
31132.69 
31132.82 
31132.94 
31133.07 
31133.20 
31133.33 
31133.46 
31133.59 
31133.71 
31133.84 
31133.97 
31134.10 
31134.22 
31134.35 
31134.47 
31134.61 
31134.73 
31134.85 
31134.97 
31135.10 
31135.23 
31135.36 
31135.49 
31135.62 
31135.75 
31135.87 
31136.00 
31136.13 
31136.25 
31136.38 
31136.51 
31136.64 
31136.77 
31136.89 
31137.01 
31137.14 
31137.27 
31137.40 
31137.53 
31137.66 
31137.79 
31137.91 
31138.04 
31138.17 
31138.31 
31138.44 
31138.57 
31138.70 
31138.83 
31138.96 
31139.08 
31139.21 
31139.34 
31139.47 
31139.59 
31139.72 
31139.85 
31139.97 
31140.10 
31140.23 
31140.35 
31140.48 
31140.62 
31140.75 
31140.87 
31140.99 
31141.12 
31141.25 
31141.37 
31141.50 
31141.63 
31141.76 
31141.89 
31142.02 
31142.15 
31142.27 
31142.40 
31142.53 
31142.66 
31142.78 
31142.91 
31143.05 
31143.18 
31143.31 
31143.44 
31143.56 
31143.69 
31143.82 
31143.95 
31144.08 
31144.21 
31144.34 
31144.46 
31144.59 
31144.72 
31144.85 
31144.97 
31145.10 
31145.23 
31145.36 
31145.48 
31145.61 
31145.74 
31145.87 
31146.00 
31146.12 
31146.25 
31146.38 
31146.52 
31146.65 
31146.78 
31146.91 
31147.04 
31147.16 
31147.29 
31147.42 
31147.55 
31147.68 
31147.81 
31147.93 
31148.07 
31148.20 
31148.33 
31148.46 
31148.59 
31148.72 
31148.84 
31148.97 
31149.10 
31149.23 
31149.36 
31149.48 
31149.61 
31149.74 
31149.87 
31150.00 
31150.12 
31150.24 
31150.36 
31150.50 
31150.62 
31150.75 
31150.87 
31151.00 
31151.13 
31151.26 
31151.39 
31151.51 
31151.64 
31151.77 
31151.90 
31152.03 
31152.16 
31152.29 
31152.42 
31152.54 
31152.66 
31152.79 
31152.92 
31153.05 
31153.18 
31153.31 
31153.44 
31153.57 
31153.69 
31153.81 
31153.94 
31154.07 
31154.20 
31154.32 
31154.45 
31154.58 
31154.71 
31154.83 
31154.96 
31155.09 
31155.22 
31155.35 
31155.47 
31155.60 
31155.73 
31155.86 
31155.99 
31156.11 
31156.24 
31156.37 
31156.50 
31156.63 
31156.75 
31156.88 
31157.01 
31157.15 
31157.27 
31157.40 
31157.53 
31157.66 
31157.79 
31157.91 
31158.04 
31158.17 
31158.30 
31158.45 
31158.58 
31158.71 
31158.83 
31158.96 
31159.09 
31159.22 
31159.34 
31159.47 
31159.60 
31159.72 
31159.85 
31159.98 
31160.11 
31160.24 
31160.36 
31160.49 
31160.64 
31160.77 
31160.89 
31161.04 
31161.17 
31161.29 
31161.42 
31161.55 
31161.67 
31161.80 
31161.92 
31162.04 
31162.16 
31162.29 
31162.42 
31162.55 
31162.68 
31162.80 
31162.92 
31163.04 
31163.17 
31163.28 
31163.42 
31163.55 
31163.67 
31163.80 
31163.92 
31164.05 
31164.17 
31164.28 
31164.39 
31164.52 
31164.65 
31164.77 
31164.89 
31165.01 
31165.12 
31165.24 
31165.37 
31165.47 
31165.61 
31165.71 
31165.85 
31165.97 
31166.08 
31166.21 
31166.32 
31166.43 
31166.57 
31166.68 
31166.79 
31166.89 
31167.00 
31167.14 
31167.26 
31167.39 
31167.51 
31167.63 
31167.75 
31167.88 
31167.99 
31168.11 
31168.24 
31168.35 
31168.48 
31168.60 
31168.72 
31168.85 
31168.98 
31169.11 
31169.23 
31169.36 
31169.48 
31169.62 
31169.75 
31169.88 
31169.99 
31170.10 
31170.23 
31170.34 
31170.46 
31170.59 
31170.71 
31170.83 
31170.97 
31171.09 
31171.22 
31171.36 
31171.46 
31171.59 
31171.71 
31171.82 
31171.93 
31172.04 
31172.15 
31172.26 
31172.40 
31172.50 
31172.61 
31172.75 
31172.86 
31172.96 
31173.07 
31173.18 
31173.29 
31173.40 
31173.51 
31173.64 
31173.75 
31173.86 
31173.97 
31174.08 
31174.19 
31174.30 
31174.42 
31174.55 
31174.66 
31174.76 
31174.87 
31174.98 
31175.09 
31175.20 
31175.31 
31175.44 
31175.55 
31175.66 
31175.77 
31175.89 
31176.01 
31176.13 
31176.26 
31176.37 
31176.48 
31176.59 
31176.70 
31176.84 
31176.96 
31177.07 
31177.20 
31177.32 
31177.44 
31177.58 
31177.70 
31177.83 
31177.94 
31178.05 
31178.19 
31178.30 
31178.44 
31178.57 
31178.69 
31178.81 
31178.93 
31179.06 
31179.17 
31179.29 
31179.39 
31179.52 
31179.66 
31179.77 
31179.90 
31180.01 
31180.14 
31180.26 
31180.38 
31180.50 
31180.62 
31180.75 
31180.87 
31180.99 
31181.11 
31181.23 
31181.35 
31181.47 
31181.59 
31181.71 
31181.83 
31181.97 
31182.09 
31182.20 
31182.33 
31182.47 
31182.59 
31182.71 
31182.83 
31182.95 
31183.08 
31183.20 
31183.32 
31183.44 
31183.56 
31183.68 
31183.81 
31183.93 
31184.05 
31184.17 
31184.29 
31184.41 
31184.54 
31184.66 
31184.79 
31184.91 
31185.02 
31185.14 
31185.26 
31185.38 
31185.50 
31185.62 
31185.74 
31185.87 
31185.99 
31186.11 
31186.22 
31186.35 
31186.47 
31186.60 
31186.72 
31186.86 
31186.97 
31187.10 
31187.22 
31187.34 
31187.48 
31187.60 
31187.72 
31187.84 
31187.98 
31188.10 
31188.22 
31188.34 
31188.47 
31188.60 
31188.72 
31188.84 
31188.96 
31189.08 
31189.20 
31189.32 
31189.44 
31189.57 
31189.69 
31189.81 
31189.93 
31190.05 
31190.17 
31190.29 
31190.41 
31190.53 
31190.65 
31190.78 
31190.90 
31191.02 
31191.14 
31191.26 
31191.39 
31191.51 
31191.63 
31191.75 
31191.87 
31191.99 
31192.12 
31192.24 
31192.36 
31192.48 
31192.60 
31192.72 
31192.84 
31192.96 
31193.09 
31193.21 
31193.33 
31193.45 
31193.56 
31193.68 
31193.80 
31193.92 
31194.04 
31194.16 
31194.29 
31194.41 
31194.53 
31194.67 
31194.79 
31194.91 
31195.03 
31195.16 
31195.28 
31195.40 
31195.52 
31195.64 
31195.76 
31195.88 
31196.00 
31196.11 
31196.23 
31196.35 
31196.47 
31196.59 
31196.71 
31196.83 
31196.95 
31197.07 
31197.19 
31197.30 
31197.42 
31197.55 
31197.67 
31197.79 
31197.91 
31198.03 
31198.16 
31198.28 
31198.40 
31198.52 
31198.64 
31198.76 
31198.88 
31199.01 
31199.13 
31199.25 
31199.37 
31199.49 
31199.60 
31199.74 
31199.86 
31199.98 
31200.10 
31200.23 
31200.35 
31200.47 
31200.59 
31200.71 
31200.83 
31200.95 
31201.07 
31201.19 
31201.31 
31201.43 
31201.55 
31201.67 
31201.79 
31201.91 
31202.03 
31202.16 
31202.27 
31202.38 
31202.49 
31202.62 
31202.75 
31202.87 
31202.99 
31203.12 
31203.24 
31203.35 
31203.47 
31203.58 
31203.71 
31203.83 
31203.95 
31204.07 
31204.19 
31204.31 
31204.43 
31204.55 
31204.67 
31204.81 
31204.93 
31205.05 
31205.17 
31205.29 
31205.41 
31205.53 
31205.66 
31205.78 
31205.90 
31206.03 
31206.16 
31206.29 
31206.40 
31206.52 
31206.65 
31206.77 
31206.89 
31207.01 
31207.13 
31207.24 
31207.36 
31207.48 
31207.60 
31207.72 
31207.84 
31207.96 
31208.08 
31208.19 
31208.31 
31208.43 
31208.57 
31208.69 
31208.81 
31208.93 
31209.06 
31209.18 
31209.29 
31209.42 
31209.53 
31209.66 
31209.77 
31209.91 
31210.03 
31210.15 
31210.27 
31210.39 
31210.52 
31210.65 
31210.77 
31210.89 
31211.01 
31211.13 
31211.26 
31211.38 
31211.50 
31211.62 
31211.75 
31211.87 
31211.99 
31212.11 
31212.23 
31212.35 
31212.47 
31212.59 
31212.71 
31212.84 
31212.96 
31213.08 
31213.20 
31213.32 
31213.44 
31213.57 
31213.69 
31213.81 
31213.93 
31214.05 
31214.17 
31214.30 
31214.42 
31214.54 
31214.66 
31214.77 
31214.89 
31215.02 
31215.14 
31215.26 
31215.38 
31215.50 
31215.62 
31215.75 
31215.87 
31215.99 
31216.11 
31216.23 
31216.35 
31216.47 
31216.59 
31216.70 
31216.82 
31216.93 
31217.05 
31217.17 
31217.29 
31217.41 
31217.53 
31217.65 
31217.77 
31217.89 
31218.01 
31218.13 
31218.25 
31218.37 
31218.49 
31218.61 
31218.73 
31218.85 
31218.97 
31219.09 
31219.21 
31219.33 
31219.47 
31219.59 
31219.70 
31219.83 
31219.95 
31220.07 
31220.19 
31220.31 
31220.44 
31220.56 
31220.69 
31220.81 
31220.94 
31221.06 
31221.17 
31221.30 
31221.42 
31221.54 
31221.66 
31221.78 
31221.90 
31222.04 
31222.16 
31222.28 
31222.40 
31222.52 
31222.64 
31222.76 
31222.88 
31223.01 
31223.13 
31223.25 
31223.37 
31223.49 
31223.61 
31223.73 
31223.85 
31223.98 
31224.11 
31224.24 
31224.36 
31224.48 
31224.60 
31224.72 
31224.84 
31224.98 
31225.10 
31225.22 
31225.35 
31225.47 
31225.59 
31225.72 
31225.84 
31225.95 
31226.08 
31226.20 
31226.32 
31226.44 
31226.57 
31226.68 
31226.80 
31226.92 
31227.04 
31227.16 
31227.28 
31227.39 
31227.51 
31227.63 
31227.75 
31227.87 
31227.99 
31228.12 
31228.24 
31228.36 
31228.48 
31228.60 
31228.74 
31228.86 
31228.99 
31229.11 
31229.23 
31229.35 
31229.48 
31229.60 
31229.72 
31229.84 
31229.96 
31230.08 
31230.21 
31230.33 
31230.45 
31230.57 
31230.69 
31230.81 
31230.93 
31231.05 
31231.18 
31231.29 
31231.41 
31231.53 
31231.65 
31231.77 
31231.89 
31232.01 
31232.13 
31232.25 
31232.37 
31232.49 
31232.62 
31232.74 
31232.86 
31232.98 
31233.10 
31233.22 
31233.34 
31233.46 
31233.58 
31233.70 
31233.82 
31233.94 
31234.05 
31234.17 
31234.30 
31234.42 
31234.54 
31234.66 
31234.78 
31234.90 
31235.02 
31235.14 
31235.27 
31235.38 
31235.49 
31235.61 
31235.73 
31235.85 
31235.97 
31236.10 
31236.23 
31236.35 
31236.48 
31236.61 
31236.74 
31236.87 
31236.99 
31237.12 
31237.25 
31237.38 
31237.50 
31237.63 
31237.75 
31237.90 
31238.02 
31238.14 
31238.27 
31238.39 
31238.52 
31238.65 
31238.77 
31238.91 
31239.04 
31239.17 
31239.29 
31239.42 
31239.55 
31239.67 
31239.80 
31239.93 
31240.07 
31240.20 
31240.34 
31240.47 
31240.59 
31240.73 
31240.86 
31240.99 
31241.12 
31241.24 
31241.37 
31241.50 
31241.63 
31241.76 
31241.89 
31242.02 
31242.15 
31242.27 
31242.40 
31242.53 
31242.65 
31242.78 
31242.91 
31243.04 
31243.16 
31243.29 
31243.41 
31243.55 
31243.69 
31243.81 
31243.93 
31244.06 
31244.19 
31244.31 
31244.44 
31244.57 
31244.70 
31244.82 
31244.95 
31245.08 
31245.21 
31245.35 
31245.48 
31245.61 
31245.73 
31245.86 
31245.98 
31246.11 
31246.24 
31246.37 
31246.50 
31246.63 
31246.75 
31246.88 
31247.01 
31247.14 
31247.26 
31247.39 
31247.52 
31247.65 
31247.78 
31247.90 
31248.03 
31248.16 
31248.29 
31248.42 
31248.54 
31248.67 
31248.80 
31248.92 
31249.05 
31249.18 
31249.32 
31249.45 
31249.58 
31249.71 
31249.83 
31249.96 
31250.09 
31250.22 
31250.34 
31250.47 
31250.60 
31250.73 
31250.85 
31250.97 
31251.10 
31251.23 
31251.35 
31251.48 
31251.61 
31251.74 
31251.87 
31252.00 
31252.12 
31252.25 
31252.38 
31252.51 
31252.64 
31252.76 
31252.89 
31253.02 
31253.15 
31253.28 
31253.41 
31253.53 
31253.66 
31253.79 
31253.92 
31254.03 
31254.14 
31254.27 
31254.39 
31254.52 
31254.65 
31254.78 
31254.91 
31255.04 
31255.17 
31255.28 
31255.41 
31255.54 
31255.67 
31255.79 
31255.92 
31256.05 
31256.18 
31256.31 
31256.44 
31256.56 
31256.69 
31256.82 
31256.95 
31257.08 
31257.20 
31257.33 
31257.46 
31257.58 
31257.71 
31257.84 
31257.97 
31258.10 
31258.22 
31258.35 
31258.48 
31258.60 
31258.72 
31258.85 
31258.98 
31259.10 
31259.25 
31259.38 
31259.51 
31259.63 
31259.76 
31259.89 
31260.02 
31260.15 
31260.27 
31260.40 
31260.53 
31260.66 
31260.79 
31260.91 
31261.04 
31261.17 
31261.29 
31261.42 
31261.55 
31261.69 
31261.82 
31261.94 
31262.07 
31262.20 
31262.33 
31262.46 
31262.59 
31262.72 
31262.84 
31262.97 
31263.10 
31263.23 
31263.35 
31263.48 
31263.61 
31263.74 
31263.87 
31264.00 
31264.13 
31264.25 
31264.38 
31264.53 
31264.66 
31264.78 
31264.92 
31265.04 
31265.17 
31265.29 
31265.42 
31265.53 
31265.65 
31265.78 
31265.91 
31266.03 
31266.16 
31266.29 
31266.41 
31266.54 
31266.67 
31266.80 
31266.93 
31267.06 
31267.19 
31267.32 
31267.44 
31267.57 
31267.70 
31267.82 
31267.95 
31268.08 
31268.21 
31268.34 
31268.47 
31268.59 
31268.72 
31268.85 
31268.98 
31269.10 
31269.23 
31269.36 
31269.49 
31269.62 
31269.75 
31269.87 
31270.00 
31270.13 
31270.25 
31270.38 
31270.51 
31270.65 
31270.80 
31270.93 
31271.06 
31271.18 
31271.31 
31271.44 
31271.57 
31271.69 
31271.82 
31271.95 
31272.08 
31272.21 
31272.33 
31272.46 
31272.59 
31272.71 
31272.85 
31272.97 
31273.10 
31273.23 
31273.36 
31273.49 
31273.62 
31273.74 
31273.87 
31274.00 
31274.12 
31274.25 
31274.38 
31274.51 
31274.64 
31274.77 
31274.89 
31275.02 
31275.15 
31275.27 
31275.42 
31275.55 
31275.68 
31275.80 
31275.93 
31276.06 
31276.18 
31276.31 
31276.43 
31276.56 
31276.69 
31276.82 
31276.95 
31277.07 
31277.20 
31277.33 
31277.46 
31277.58 
31277.70 
31277.83 
31277.95 
31278.08 
31278.21 
31278.34 
31278.46 
31278.59 
31278.72 
31278.84 
31278.97 
31279.09 
31279.22 
31279.35 
31279.47 
31279.60 
31279.73 
31279.86 
31279.98 
31280.11 
31280.24 
31280.37 
31280.49 
31280.62 
31280.75 
31280.87 
31280.99 
31281.12 
31281.25 
31281.38 
31281.51 
31281.64 
31281.76 
31281.89 
31282.02 
31282.14 
31282.27 
31282.40 
31282.52 
31282.65 
31282.78 
31282.91 
31283.04 
31283.16 
31283.29 
31283.42 
31283.55 
31283.68 
31283.80 
31283.93 
31284.06 
31284.19 
31284.31 
31284.44 
31284.57 
31284.70 
31284.83 
31284.95 
31285.08 
31285.21 
31285.34 
31285.47 
31285.59 
31285.72 
31285.85 
31285.98 
31286.11 
31286.23 
31286.36 
31286.49 
31286.61 
31286.74 
31286.87 
31286.99 
31287.12 
31287.25 
31287.37 
31287.50 
31287.63 
31287.76 
31287.88 
31288.01 
31288.14 
31288.26 
31288.39 
31288.52 
31288.64 
31288.77 
31288.90 
31289.02 
31289.15 
31289.28 
31289.41 
31289.54 
31289.66 
31289.79 
31289.92 
31290.05 
31290.18 
31290.31 
31290.43 
31290.56 
31290.69 
31290.82 
31290.95 
31291.07 
31291.20 
31291.33 
31291.46 
31291.59 
31291.72 
31291.84 
31291.97 
31292.10 
31292.23 
31292.35 
31292.48 
31292.61 
31292.74 
31292.87 
31292.99 
31293.12 
31293.25 
31293.38 
31293.51 
31293.63 
31293.76 
31293.89 
31294.02 
31294.15 
31294.27 
31294.40 
31294.53 
31294.66 
31294.79 
31294.91 
31295.04 
31295.16 
31295.29 
31295.42 
31295.55 
31295.68 
31295.80 
31295.94 
31296.07 
31296.19 
31296.32 
31296.43 
31296.55 
31296.67 
31296.80 
31296.92 
31297.05 
31297.17 
31297.30 
31297.42 
31297.55 
31297.68 
31297.81 
31297.94 
31298.06 
31298.19 
31298.31 
31298.44 
31298.57 
31298.70 
31298.83 
31298.96 
31299.08 
31299.21 
31299.34 
31299.47 
31299.60 
31299.74 
31299.87 
31299.99 
31300.11 
31300.24 
31300.37 
31300.50 
31300.62 
31300.74 
31300.87 
31301.00 
31301.13 
31301.26 
31301.39 
31301.52 
31301.65 
31301.77 
31301.90 
31302.04 
31302.17 
31302.30 
31302.43 
31302.56 
31302.68 
31302.81 
31302.94 
31303.06 
31303.19 
31303.31 
31303.44 
31303.57 
31303.70 
31303.82 
31303.94 
31304.07 
31304.20 
31304.32 
31304.45 
31304.58 
31304.71 
31304.83 
31304.96 
31305.09 
31305.22 
31305.34 
31305.48 
31305.61 
31305.74 
31305.87 
31306.00 
31306.13 
31306.25 
31306.38 
31306.50 
31306.63 
31306.76 
31306.88 
31307.01 
31307.14 
31307.27 
31307.39 
31307.52 
31307.65 
31307.78 
31307.90 
31308.03 
31308.16 
31308.28 
31308.41 
31308.54 
31308.67 
31308.80 
31308.93 
31309.05 
31309.18 
31309.30 
31309.43 
31309.55 
31309.68 
31309.81 
31309.94 
31310.06 
31310.19 
31310.31 
31310.44 
31310.57 
31310.70 
31310.82 
31310.95 
31311.08 
31311.21 
31311.34 
31311.46 
31311.59 
31311.71 
31311.84 
31311.96 
31312.08 
31312.20 
31312.33 
31312.45 
31312.58 
31312.70 
31312.83 
31312.95 
31313.08 
31313.21 
31313.34 
31313.47 
31313.60 
31313.73 
31313.85 
31313.98 
31314.10 
31314.23 
31314.36 
31314.49 
31314.61 
31314.74 
31314.87 
31314.99 
31315.12 
31315.24 
31315.37 
31315.50 
31315.63 
31315.75 
31315.88 
31316.01 
31316.13 
31316.27 
31316.40 
31316.53 
31316.66 
31316.78 
31316.91 
31317.05 
31317.19 
31317.31 
31317.44 
31317.57 
31317.70 
31317.83 
31317.95 
31318.08 
31318.21 
31318.34 
31318.47 
31318.59 
31318.72 
31318.85 
31318.98 
31319.10 
31319.23 
31319.36 
31319.49 
31319.62 
31319.74 
31319.87 
31320.00 
31320.13 
31320.26 
31320.38 
31320.51 
31320.64 
31320.77 
31320.89 
31321.02 
31321.15 
31321.28 
31321.40 
31321.53 
31321.66 
31321.79 
31321.92 
31322.05 
31322.17 
31322.30 
31322.43 
31322.56 
31322.68 
31322.81 
31322.94 
31323.07 
31323.20 
31323.32 
31323.45 
31323.58 
31323.71 
31323.83 
31323.96 
31324.09 
31324.22 
31324.34 
31324.46 
31324.59 
31324.72 
31324.84 
31324.98 
31325.11 
31325.24 
31325.36 
31325.49 
31325.61 
31325.74 
31325.86 
31325.98 
31326.13 
31326.25 
31326.39 
31326.52 
31326.65 
31326.77 
31326.91 
31327.03 
31327.17 
31327.30 
31327.43 
31327.57 
31327.70 
31327.83 
31327.95 
31328.09 
31328.23 
31328.36 
31328.49 
31328.62 
31328.74 
31328.87 
31329.00 
31329.14 
31329.27 
31329.40 
31329.53 
31329.65 
31329.78 
31329.92 
31330.05 
31330.19 
31330.31 
31330.44 
31330.58 
31330.71 
31330.84 
31330.98 
31331.11 
31331.24 
31331.37 
31331.49 
31331.63 
31331.75 
31331.88 
31332.02 
31332.16 
31332.28 
31332.41 
31332.55 
31332.68 
31332.81 
31332.95 
31333.08 
31333.21 
31333.34 
31333.46 
31333.59 
31333.73 
31333.86 
31333.99 
31334.12 
31334.25 
31334.39 
31334.52 
31334.64 
31334.78 
31334.90 
31335.04 
31335.16 
31335.29 
31335.41 
31335.54 
31335.67 
31335.80 
31335.93 
31336.07 
31336.20 
31336.33 
31336.45 
31336.57 
31336.71 
31336.84 
31336.97 
31337.11 
31337.24 
31337.37 
31337.50 
31337.62 
31337.75 
31337.89 
31338.03 
31338.15 
31338.28 
31338.41 
31338.55 
31338.68 
31338.81 
31338.94 
31339.08 
31339.21 
31339.34 
31339.46 
31339.59 
31339.72 
31339.86 
31340.00 
31340.12 
31340.26 
31340.40 
31340.52 
31340.66 
31340.79 
31340.93 
31341.07 
31341.19 
31341.32 
31341.46 
31341.59 
31341.73 
31341.87 
31341.99 
31342.12 
31342.26 
31342.38 
31342.50 
31342.65 
31342.78 
31342.90 
31343.03 
31343.16 
31343.30 
31343.43 
31343.57 
31343.70 
31343.83 
31343.97 
31344.10 
31344.24 
31344.38 
31344.50 
31344.63 
31344.76 
31344.89 
31345.02 
31345.14 
31345.27 
31345.40 
31345.54 
31345.67 
31345.81 
31345.94 
31346.07 
31346.19 
31346.33 
31346.45 
31346.58 
31346.72 
31346.85 
31346.97 
31347.10 
31347.24 
31347.37 
31347.51 
31347.64 
31347.77 
31347.90 
31348.04 
31348.17 
31348.31 
31348.44 
31348.57 
31348.70 
31348.84 
31348.96 
31349.10 
31349.23 
31349.35 
31349.49 
31349.63 
31349.75 
31349.89 
31350.03 
31350.15 
31350.28 
31350.41 
31350.54 
31350.66 
31350.79 
31350.92 
31351.05 
31351.19 
31351.33 
31351.46 
31351.60 
31351.73 
31351.86 
31351.99 
31352.12 
31352.24 
31352.37 
31352.51 
31352.64 
31352.78 
31352.90 
31353.03 
31353.16 
31353.28 
31353.42 
31353.54 
31353.68 
31353.82 
31353.96 
31354.09 
31354.21 
31354.34 
31354.48 
31354.62 
31354.75 
31354.87 
31355.00 
31355.13 
31355.27 
31355.40 
31355.52 
31355.65 
31355.79 
31355.91 
31356.05 
31356.18 
31356.31 
31356.45 
31356.58 
31356.72 
31356.85 
31356.99 
31357.11 
31357.25 
31357.37 
31357.49 
31357.63 
31357.75 
31357.88 
31358.01 
31358.14 
31358.26 
31358.39 
31358.53 
31358.66 
31358.79 
31358.91 
31359.05 
31359.17 
31359.32 
31359.45 
31359.58 
31359.71 
31359.82 
31359.96 
31360.09 
31360.23 
31360.36 
31360.48 
31360.62 
31360.74 
31360.88 
31361.00 
31361.14 
31361.27 
31361.41 
31361.55 
31361.67 
31361.80 
31361.93 
31362.05 
31362.18 
31362.31 
31362.45 
31362.59 
31362.71 
31362.84 
31362.97 
31363.09 
31363.22 
31363.36 
31363.49 
31363.63 
31363.75 
31363.88 
31364.01 
31364.14 
31364.26 
31364.41 
31364.54 
31364.68 
31364.81 
31364.95 
31365.08 
31365.21 
31365.35 
31365.48 
31365.61 
31365.74 
31365.88 
31366.01 
31366.15 
31366.28 
31366.40 
31366.53 
31366.67 
31366.79 
31366.93 
31367.06 
31367.19 
31367.32 
31367.44 
31367.58 
31367.70 
31367.83 
31367.95 
31368.08 
31368.20 
31368.33 
31368.45 
31368.59 
31368.72 
31368.85 
31368.99 
31369.11 
31369.24 
31369.37 
31369.49 
31369.63 
31369.76 
31369.90 
31370.03 
31370.16 
31370.30 
31370.44 
31370.57 
31370.70 
31370.82 
31370.95 
31371.09 
31371.23 
31371.35 
31371.49 
31371.62 
31371.75 
31371.88 
31372.02 
31372.15 
31372.29 
31372.41 
31372.53 
31372.66 
31372.81 
31372.94 
31373.06 
31373.20 
31373.34 
31373.46 
31373.60 
31373.74 
31373.88 
31374.01 
31374.14 
31374.28 
31374.41 
31374.54 
31374.68 
31374.81 
31374.93 
31375.07 
31375.19 
31375.32 
31375.45 
31375.58 
31375.71 
31375.83 
31375.96 
31376.09 
31376.23 
31376.36 
31376.49 
31376.62 
31376.74 
31376.87 
31377.00 
31377.13 
31377.26 
31377.38 
31377.51 
31377.64 
31377.77 
31377.91 
31378.04 
31378.18 
31378.31 
31378.43 
31378.56 
31378.70 
31378.82 
31378.94 
31379.05 
31379.17 
31379.29 
31379.41 
31379.52 
31379.63 
31379.75 
31379.87 
31380.00 
31380.12 
31380.24 
31380.37 
31380.49 
31380.62 
31380.75 
31380.87 
31380.99 
31381.12 
31381.25 
31381.37 
31381.49 
31381.62 
31381.74 
31381.87 
31381.99 
31382.11 
31382.24 
31382.37 
31382.50 
31382.63 
31382.75 
31382.88 
31383.01 
31383.14 
31383.26 
31383.39 
31383.52 
31383.65 
31383.77 
31383.90 
31384.03 
31384.16 
31384.28 
31384.41 
31384.53 
31384.65 
31384.78 
31384.90 
31385.03 
31385.15 
31385.28 
31385.41 
31385.54 
31385.66 
31385.79 
31385.92 
31386.04 
31386.17 
31386.30 
31386.43 
31386.55 
31386.68 
31386.81 
31386.94 
31387.07 
31387.20 
31387.32 
31387.45 
31387.58 
31387.70 
31387.83 
31387.95 
31388.08 
31388.21 
31388.34 
31388.47 
31388.59 
31388.72 
31388.85 
31388.98 
31389.10 
31389.22 
31389.35 
31389.47 
31389.60 
31389.72 
31389.84 
31389.96 
31390.08 
31390.21 
31390.33 
31390.46 
31390.59 
31390.71 
31390.84 
31390.97 
31391.10 
31391.23 
31391.35 
31391.48 
31391.60 
31391.73 
31391.86 
31391.98 
31392.11 
31392.24 
31392.37 
31392.49 
31392.62 
31392.75 
31392.88 
31393.01 
31393.13 
31393.27 
31393.40 
31393.53 
31393.65 
31393.78 
31393.90 
31394.03 
31394.16 
31394.28 
31394.40 
31394.53 
31394.65 
31394.78 
31394.91 
31395.03 
31395.16 
31395.28 
31395.41 
31395.54 
31395.66 
31395.79 
31395.92 
31396.04 
31396.17 
31396.30 
31396.43 
31396.56 
31396.69 
31396.82 
31396.95 
31397.07 
31397.20 
31397.33 
31397.46 
31397.58 
31397.72 
31397.84 
31397.97 
31398.10 
31398.22 
31398.35 
31398.48 
31398.61 
31398.74 
31398.86 
31398.99 
31399.11 
31399.24 
31399.37 
31399.50 
31399.62 
31399.75 
31399.88 
31400.00 
31400.13 
31400.26 
31400.38 
31400.51 
31400.64 
31400.77 
31400.89 
31401.02 
31401.15 
31401.28 
31401.40 
31401.53 
31401.66 
31401.79 
31401.92 
31402.04 
31402.17 
31402.30 
31402.43 
31402.55 
31402.68 
31402.81 
31402.94 
31403.07 
31403.20 
31403.32 
31403.45 
31403.58 
31403.71 
31403.84 
31403.96 
31404.09 
31404.22 
31404.35 
31404.48 
31404.61 
31404.73 
31404.86 
31404.99 
31405.12 
31405.24 
31405.36 
31405.48 
31405.61 
31405.74 
31405.87 
31405.99 
31406.12 
31406.25 
31406.37 
31406.50 
31406.62 
31406.75 
31406.88 
31407.00 
31407.13 
31407.26 
31407.39 
31407.51 
31407.64 
31407.77 
31407.90 
31408.03 
31408.16 
31408.28 
31408.41 
31408.54 
31408.67 
31408.80 
31408.92 
31409.05 
31409.20 
31409.32 
31409.45 
31409.58 
31409.70 
31409.83 
31409.95 
31410.08 
31410.21 
31410.34 
31410.47 
31410.59 
31410.73 
31410.86 
31410.99 
31411.12 
31411.25 
31411.37 
31411.50 
31411.63 
31411.76 
31411.88 
31412.01 
31412.14 
31412.27 
31412.40 
31412.52 
31412.65 
31412.78 
31412.91 
31413.03 
31413.15 
31413.28 
31413.41 
31413.54 
31413.66 
31413.79 
31413.92 
31414.05 
31414.18 
31414.30 
31414.43 
31414.56 
31414.69 
31414.82 
31414.95 
31415.07 
31415.20 
31415.33 
31415.46 
31415.59 
31415.71 
31415.84 
31415.97 
31416.10 
31416.23 
31416.35 
31416.48 
31416.61 
31416.74 
31416.86 
31416.99 
31417.12 
31417.25 
31417.38 
31417.51 
31417.64 
31417.76 
31417.89 
31418.02 
31418.15 
31418.27 
31418.40 
31418.53 
31418.66 
31418.78 
31418.91 
31419.04 
31419.17 
31419.30 
31419.43 
31419.55 
31419.68 
31419.81 
31419.94 
31420.07 
31420.19 
31420.32 
31420.45 
31420.57 
31420.70 
31420.83 
31420.96 
31421.09 
31421.22 
31421.33 
31421.44 
31421.57 
31421.70 
31421.83 
31421.95 
31422.08 
31422.21 
31422.33 
31422.46 
31422.59 
31422.72 
31422.85 
31422.97 
31423.10 
31423.23 
31423.36 
31423.48 
31423.60 
31423.73 
31423.86 
31424.00 
31424.13 
31424.26 
31424.38 
31424.51 
31424.64 
31424.77 
31424.89 
31425.02 
31425.15 
31425.27 
31425.40 
31425.53 
31425.66 
31425.79 
31425.91 
31426.04 
31426.17 
31426.30 
31426.42 
31426.55 
31426.67 
31426.80 
31426.93 
31427.06 
31427.19 
31427.31 
31427.44 
31427.57 
31427.69 
31427.82 
31427.95 
31428.08 
31428.21 
31428.34 
31428.47 
31428.59 
31428.72 
31428.85 
31428.98 
31429.11 
31429.24 
31429.36 
31429.49 
31429.62 
31429.74 
31429.87 
31430.00 
31430.12 
31430.25 
31430.38 
31430.50 
31430.63 
31430.76 
31430.89 
31431.02 
31431.15 
31431.28 
31431.41 
31431.54 
31431.67 
31431.79 
31431.92 
31432.05 
31432.18 
31432.31 
31432.43 
31432.56 
31432.69 
31432.82 
31432.95 
31433.07 
31433.20 
31433.33 
31433.45 
31433.58 
31433.71 
31433.84 
31433.97 
31434.10 
31434.23 
31434.35 
31434.48 
31434.61 
31434.74 
31434.87 
31434.99 
31435.12 
31435.25 
31435.38 
31435.51 
31435.63 
31435.76 
31435.89 
31436.02 
31436.15 
31436.27 
31436.40 
31436.53 
31436.65 
31436.77 
31436.89 
31437.02 
31437.15 
31437.28 
31437.41 
31437.54 
31437.67 
31437.79 
31437.92 
31438.05 
31438.18 
31438.31 
31438.44 
31438.56 
31438.69 
31438.82 
31438.94 
31439.07 
31439.20 
31439.33 
31439.46 
31439.59 
31439.71 
31439.84 
31439.97 
31440.10 
31440.23 
31440.35 
31440.48 
31440.61 
31440.74 
31440.86 
31440.99 
31441.13 
31441.25 
31441.38 
31441.51 
31441.63 
31441.76 
31441.89 
31442.02 
31442.15 
31442.27 
31442.40 
31442.53 
31442.66 
31442.79 
31442.91 
31443.04 
31443.17 
31443.29 
31443.42 
31443.55 
31443.68 
31443.80 
31443.93 
31444.06 
31444.19 
31444.32 
31444.45 
31444.57 
31444.70 
31444.83 
31444.95 
31445.08 
31445.23 
31445.36 
31445.48 
31445.61 
31445.73 
31445.86 
31445.99 
31446.11 
31446.24 
31446.37 
31446.50 
31446.63 
31446.75 
31446.88 
31447.01 
31447.14 
31447.27 
31447.39 
31447.52 
31447.65 
31447.77 
31447.90 
31448.03 
31448.16 
31448.28 
31448.41 
31448.54 
31448.67 
31448.80 
31448.92 
31449.05 
31449.18 
31449.31 
31449.44 
31449.56 
31449.69 
31449.82 
31449.95 
31450.07 
31450.21 
31450.34 
31450.46 
31450.59 
31450.71 
31450.85 
31450.98 
31451.10 
31451.23 
31451.35 
31451.50 
31451.63 
31451.76 
31451.88 
31452.01 
31452.14 
31452.26 
31452.39 
31452.52 
31452.64 
31452.77 
31452.90 
31453.03 
31453.15 
31453.28 
31453.41 
31453.54 
31453.66 
31453.79 
31453.92 
31454.05 
31454.18 
31454.30 
31454.43 
31454.56 
31454.68 
31454.81 
31454.94 
31455.07 
31455.19 
31455.32 
31455.45 
31455.58 
31455.71 
31455.84 
31455.97 
31456.10 
31456.23 
31456.35 
31456.48 
31456.61 
31456.74 
31456.87 
31456.99 
31457.12 
31457.26 
31457.38 
31457.51 
31457.64 
31457.78 
31457.91 
31458.04 
31458.16 
31458.29 
31458.42 
31458.54 
31458.67 
31458.80 
31458.92 
31459.05 
31459.18 
31459.30 
31459.43 
31459.56 
31459.68 
31459.81 
31459.94 
31460.07 
31460.20 
31460.32 
31460.45 
31460.58 
31460.71 
31460.84 
31460.96 
31461.11 
31461.24 
31461.37 
31461.49 
31461.62 
31461.75 
31461.87 
31462.00 
31462.13 
31462.26 
31462.39 
31462.51 
31462.64 
31462.77 
31462.90 
31463.03 
31463.15 
31463.28 
31463.41 
31463.54 
31463.66 
31463.79 
31463.92 
31464.05 
31464.18 
31464.30 
31464.43 
31464.56 
31464.69 
31464.82 
31464.94 
31465.07 
31465.20 
31465.32 
31465.45 
31465.58 
31465.71 
31465.84 
31465.97 
31466.10 
31466.23 
31466.35 
31466.48 
31466.61 
31466.74 
31466.86 
31466.99 
31467.12 
31467.25 
31467.38 
31467.50 
31467.63 
31467.75 
31467.88 
31468.01 
31468.14 
31468.27 
31468.40 
31468.53 
31468.65 
31468.78 
31468.90 
31469.03 
31469.16 
31469.29 
31469.41 
31469.54 
31469.67 
31469.79 
31469.92 
31470.05 
31470.17 
31470.30 
31470.42 
31470.55 
31470.68 
31470.80 
31470.93 
31471.06 
31471.19 
31471.31 
31471.44 
31471.58 
31471.72 
31471.84 
31471.97 
31472.10 
31472.23 
31472.35 
31472.48 
31472.61 
31472.74 
31472.86 
31472.99 
31473.12 
31473.24 
31473.37 
31473.50 
31473.63 
31473.76 
31473.88 
31474.01 
31474.14 
31474.27 
31474.40 
31474.52 
31474.65 
31474.77 
31474.90 
31475.03 
31475.15 
31475.28 
31475.41 
31475.54 
31475.66 
31475.79 
31475.92 
31476.04 
31476.17 
31476.30 
31476.43 
31476.55 
31476.68 
31476.81 
31476.94 
31477.07 
31477.20 
31477.32 
31477.45 
31477.58 
31477.71 
31477.84 
31477.97 
31478.11 
31478.24 
31478.37 
31478.49 
31478.62 
31478.75 
31478.87 
31479.00 
31479.12 
31479.25 
31479.38 
31479.50 
31479.63 
31479.76 
31479.88 
31480.01 
31480.14 
31480.27 
31480.40 
31480.52 
31480.65 
31480.78 
31480.92 
31481.05 
31481.18 
31481.31 
31481.43 
31481.56 
31481.69 
31481.82 
31481.95 
31482.08 
31482.21 
31482.33 
31482.46 
31482.59 
31482.72 
31482.84 
31482.97 
31483.10 
31483.23 
31483.35 
31483.46 
31483.58 
31483.71 
31483.84 
31483.97 
31484.10 
31484.24 
31484.37 
31484.50 
31484.62 
31484.75 
31484.87 
31485.00 
31485.14 
31485.26 
31485.39 
31485.54 
31485.66 
31485.79 
31485.92 
31486.05 
31486.18 
31486.30 
31486.43 
31486.56 
31486.69 
31486.82 
31486.94 
31487.09 
31487.22 
31487.35 
31487.48 
31487.60 
31487.73 
31487.86 
31487.98 
31488.11 
31488.24 
31488.37 
31488.50 
31488.63 
31488.75 
31488.88 
31489.01 
31489.14 
31489.26 
31489.39 
31489.52 
31489.65 
31489.77 
31489.90 
31490.03 
31490.16 
31490.28 
31490.41 
31490.54 
31490.67 
31490.79 
31490.92 
31491.05 
31491.18 
31491.31 
31491.44 
31491.56 
31491.69 
31491.82 
31491.95 
31492.08 
31492.21 
31492.34 
31492.46 
31492.59 
31492.72 
31492.85 
31492.98 
31493.11 
31493.23 
31493.36 
31493.49 
31493.62 
31493.75 
31493.87 
31494.00 
31494.14 
31494.27 
31494.39 
31494.52 
31494.65 
31494.78 
31494.91 
31495.03 
31495.16 
31495.28 
31495.41 
31495.54 
31495.66 
31495.79 
31495.92 
31496.05 
31496.18 
31496.30 
31496.43 
31496.55 
31496.68 
31496.80 
31496.93 
31497.06 
31497.19 
31497.31 
31497.44 
31497.57 
31497.70 
31497.82 
31497.95 
31498.08 
31498.21 
31498.34 
31498.47 
31498.59 
31498.72 
31498.84 
31498.96 
31499.08 
31499.20 
31499.33 
31499.46 
31499.59 
31499.71 
31499.84 
31499.97 
31500.10 
31500.23 
31500.35 
31500.48 
31500.61 
31500.74 
31500.87 
31500.99 
31501.12 
31501.25 
31501.38 
31501.51 
31501.64 
31501.76 
31501.89 
31502.02 
31502.15 
31502.27 
31502.40 
31502.53 
31502.66 
31502.79 
31502.91 
31503.04 
31503.17 
31503.30 
31503.43 
31503.55 
31503.69 
31503.82 
31503.95 
31504.08 
31504.20 
31504.33 
31504.46 
31504.59 
31504.71 
31504.84 
31504.97 
31505.10 
31505.22 
31505.37 
31505.51 
31505.64 
31505.76 
31505.89 
31506.02 
31506.15 
31506.27 
31506.40 
31506.53 
31506.66 
31506.78 
31506.91 
31507.04 
31507.18 
31507.31 
31507.44 
31507.56 
31507.69 
31507.82 
31507.95 
31508.08 
31508.20 
31508.33 
31508.46 
31508.59 
31508.72 
31508.85 
31508.97 
31509.10 
31509.23 
31509.37 
31509.50 
31509.65 
31509.77 
31509.90 
31510.03 
31510.15 
31510.28 
31510.41 
31510.54 
31510.67 
31510.80 
31510.93 
31511.05 
31511.18 
31511.31 
31511.44 
31511.57 
31511.69 
31511.82 
31511.95 
31512.07 
31512.20 
31512.33 
31512.46 
31512.59 
31512.72 
31512.85 
31512.97 
31513.10 
31513.23 
31513.36 
31513.49 
31513.61 
31513.74 
31513.87 
31514.00 
31514.13 
31514.26 
31514.38 
31514.50 
31514.63 
31514.75 
31514.88 
31515.00 
31515.13 
31515.26 
31515.39 
31515.52 
31515.65 
31515.77 
31515.90 
31516.03 
31516.15 
31516.28 
31516.41 
31516.54 
31516.67 
31516.80 
31516.93 
31517.05 
31517.18 
31517.31 
31517.44 
31517.57 
31517.69 
31517.82 
31517.94 
31518.07 
31518.20 
31518.33 
31518.46 
31518.58 
31518.71 
31518.84 
31518.97 
31519.10 
31519.23 
31519.36 
31519.48 
31519.61 
31519.74 
31519.86 
31519.99 
31520.11 
31520.24 
31520.37 
31520.50 
31520.63 
31520.75 
31520.88 
31521.01 
31521.14 
31521.27 
31521.40 
31521.52 
31521.65 
31521.78 
31521.90 
31522.03 
31522.16 
31522.29 
31522.42 
31522.55 
31522.67 
31522.80 
31522.93 
31523.06 
31523.19 
31523.31 
31523.44 
31523.57 
31523.70 
31523.82 
31523.95 
31524.08 
31524.21 
31524.34 
31524.47 
31524.59 
31524.72 
31524.85 
31524.98 
31525.10 
31525.23 
31525.36 
31525.49 
31525.61 
31525.74 
31525.86 
31525.99 
31526.11 
31526.24 
31526.37 
31526.50 
31526.63 
31526.75 
31526.88 
31527.01 
31527.14 
31527.27 
31527.39 
31527.52 
31527.65 
31527.78 
31527.91 
31528.04 
31528.16 
31528.29 
31528.42 
31528.55 
31528.67 
31528.80 
31528.93 
31529.06 
31529.18 
31529.31 
31529.44 
31529.57 
31529.70 
31529.82 
31529.95 
31530.07 
31530.19 
31530.33 
31530.46 
31530.58 
31530.71 
31530.83 
31530.98 
31531.10 
31531.24 
31531.36 
31531.49 
31531.62 
31531.74 
31531.88 
31532.01 
31532.13 
31532.26 
31532.39 
31532.52 
31532.64 
31532.77 
31532.90 
31533.03 
31533.15 
31533.28 
31533.41 
31533.54 
31533.66 
31533.79 
31533.92 
31534.04 
31534.17 
31534.30 
31534.43 
31534.56 
31534.68 
31534.81 
31534.94 
31535.07 
31535.19 
31535.32 
31535.45 
31535.57 
31535.70 
31535.82 
31535.95 
31536.08 
31536.21 
31536.34 
31536.47 
31536.59 
31536.72 
31536.85 
31536.97 
31537.10 
31537.23 
31537.36 
31537.48 
31537.61 
31537.74 
31537.87 
31537.99 
31538.12 
31538.25 
31538.38 
31538.51 
31538.64 
31538.76 
31538.89 
31539.02 
31539.15 
31539.27 
31539.40 
31539.53 
31539.66 
31539.79 
31539.92 
31540.05 
31540.17 
31540.30 
31540.43 
31540.56 
31540.68 
31540.81 
31540.94 
31541.07 
31541.20 
31541.32 
31541.45 
31541.58 
31541.72 
31541.85 
31541.98 
31542.11 
31542.24 
31542.36 
31542.49 
31542.62 
31542.75 
31542.87 
31543.00 
31543.13 
31543.25 
31543.38 
31543.51 
31543.64 
31543.76 
31543.89 
31544.01 
31544.14 
31544.27 
31544.40 
31544.52 
31544.65 
31544.78 
31544.91 
31545.03 
31545.16 
31545.28 
31545.41 
31545.53 
31545.65 
31545.76 
31545.89 
31546.01 
31546.14 
31546.27 
31546.39 
31546.52 
31546.65 
31546.78 
31546.91 
31547.04 
31547.16 
31547.29 
31547.42 
31547.55 
31547.69 
31547.82 
31547.95 
31548.07 
31548.20 
31548.33 
31548.46 
31548.59 
31548.71 
31548.85 
31548.98 
31549.10 
31549.23 
31549.36 
31549.49 
31549.62 
31549.75 
31549.87 
31550.00 
31550.13 
31550.25 
31550.38 
31550.51 
31550.64 
31550.76 
31550.89 
31551.02 
31551.15 
31551.27 
31551.40 
31551.53 
31551.65 
31551.78 
31551.91 
31552.04 
31552.17 
31552.29 
31552.42 
31552.55 
31552.67 
31552.82 
31552.95 
31553.07 
31553.20 
31553.33 
31553.46 
31553.59 
31553.72 
31553.84 
31553.97 
31554.10 
31554.23 
31554.35 
31554.48 
31554.61 
31554.74 
31554.86 
31554.99 
31555.12 
31555.25 
31555.38 
31555.51 
31555.63 
31555.76 
31555.89 
31556.02 
31556.14 
31556.27 
31556.40 
31556.53 
31556.65 
31556.78 
31556.91 
31557.04 
31557.17 
31557.30 
31557.42 
31557.55 
31557.68 
31557.80 
31557.93 
31558.06 
31558.19 
31558.32 
31558.45 
31558.57 
31558.70 
31558.82 
31558.93 
31559.05 
31559.17 
31559.30 
31559.42 
31559.54 
31559.67 
31559.78 
31559.89 
31560.02 
31560.15 
31560.29 
31560.42 
31560.56 
31560.70 
31560.82 
31560.96 
31561.10 
31561.24 
31561.37 
31561.49 
31561.63 
31561.77 
31561.91 
31562.04 
31562.19 
31562.33 
31562.46 
31562.59 
31562.73 
31562.86 
31562.98 
31563.11 
31563.24 
31563.36 
31563.50 
31563.62 
31563.75 
31563.89 
31564.03 
31564.15 
31564.28 
31564.40 
31564.54 
31564.68 
31564.80 
31564.92 
31565.05 
31565.19 
31565.32 
31565.45 
31565.58 
31565.71 
31565.83 
31565.97 
31566.10 
31566.24 
31566.38 
31566.52 
31566.65 
31566.78 
31566.92 
31567.05 
31567.17 
31567.31 
31567.45 
31567.58 
31567.70 
31567.83 
31567.97 
31568.10 
31568.24 
31568.38 
31568.52 
31568.66 
31568.79 
31568.92 
31569.06 
31569.20 
31569.32 
31569.45 
31569.59 
31569.72 
31569.85 
31569.97 
31570.11 
31570.23 
31570.37 
31570.50 
31570.63 
31570.76 
31570.89 
31571.02 
31571.16 
31571.29 
31571.42 
31571.56 
31571.69 
31571.81 
31571.95 
31572.07 
31572.20 
31572.34 
31572.48 
31572.60 
31572.74 
31572.87 
31572.99 
31573.13 
31573.27 
31573.41 
31573.54 
31573.67 
31573.80 
31573.92 
31574.05 
31574.19 
31574.31 
31574.46 
31574.60 
31574.73 
31574.87 
31575.00 
31575.12 
31575.26 
31575.40 
31575.54 
31575.68 
31575.80 
31575.93 
31576.05 
31576.18 
31576.32 
31576.46 
31576.59 
31576.71 
31576.84 
31576.97 
31577.09 
31577.22 
31577.37 
31577.51 
31577.64 
31577.76 
31577.90 
31578.04 
31578.17 
31578.31 
31578.44 
31578.56 
31578.69 
31578.84 
31578.97 
31579.09 
31579.23 
31579.36 
31579.50 
31579.64 
31579.77 
31579.91 
31580.04 
31580.16 
31580.30 
31580.44 
31580.57 
31580.71 
31580.84 
31580.97 
31581.10 
31581.22 
31581.35 
31581.50 
31581.63 
31581.77 
31581.90 
31582.03 
31582.15 
31582.28 
31582.41 
31582.55 
31582.68 
31582.81 
31582.93 
31583.06 
31583.19 
31583.32 
31583.45 
31583.58 
31583.70 
31583.83 
31583.97 
31584.10 
31584.24 
31584.38 
31584.51 
31584.63 
31584.76 
31584.89 
31585.02 
31585.14 
31585.28 
31585.42 
31585.55 
31585.69 
31585.81 
31585.93 
31586.05 
31586.18 
31586.32 
31586.46 
31586.58 
31586.72 
31586.85 
31586.99 
31587.12 
31587.25 
31587.39 
31587.53 
31587.66 
31587.78 
31587.91 
31588.03 
31588.16 
31588.30 
31588.44 
31588.58 
31588.72 
31588.85 
31588.98 
31589.12 
31589.25 
31589.39 
31589.53 
31589.66 
31589.79 
31589.91 
31590.04 
31590.16 
31590.30 
31590.42 
31590.56 
31590.70 
31590.84 
31590.97 
31591.09 
31591.22 
31591.37 
31591.51 
31591.63 
31591.75 
31591.89 
31592.02 
31592.16 
31592.28 
31592.42 
31592.56 
31592.68 
31592.81 
31592.95 
31593.08 
31593.22 
31593.35 
31593.48 
31593.61 
31593.74 
31593.86 
31593.99 
31594.12 
31594.25 
31594.39 
31594.52 
31594.66 
31594.79 
31594.91 
31595.05 
31595.19 
31595.33 
31595.47 
31595.61 
31595.74 
31595.86 
31595.99 
31596.12 
31596.25 
31596.37 
31596.51 
31596.63 
31596.76 
31596.89 
31597.02 
31597.14 
31597.28 
31597.40 
31597.54 
31597.67 
31597.82 
31597.94 
31598.07 
31598.19 
31598.33 
31598.46 
31598.60 
31598.73 
31598.85 
31598.99 
31599.11 
31599.24 
31599.36 
31599.50 
31599.64 
31599.77 
31599.89 
31600.02 
31600.16 
31600.30 
31600.43 
31600.57 
31600.70 
31600.84 
31600.97 
31601.11 
31601.24 
31601.36 
31601.50 
31601.63 
31601.77 
31601.90 
31602.02 
31602.16 
31602.28 
31602.42 
31602.55 
31602.68 
31602.81 
31602.95 
31603.09 
31603.23 
31603.35 
31603.48 
31603.61 
31603.73 
31603.85 
31603.98 
31604.11 
31604.24 
31604.38 
31604.52 
31604.65 
31604.77 
31604.91 
31605.04 
31605.16 
31605.29 
31605.42 
31605.54 
31605.67 
31605.80 
31605.93 
31606.05 
31606.18 
31606.31 
31606.44 
31606.57 
31606.69 
31606.83 
31606.96 
31607.09 
31607.21 
31607.34 
31607.47 
31607.60 
31607.73 
31607.85 
31607.98 
31608.11 
31608.24 
31608.37 
31608.49 
31608.62 
31608.75 
31608.88 
31609.00 
31609.13 
31609.26 
31609.39 
31609.52 
31609.65 
31609.77 
31609.90 
31610.04 
31610.17 
31610.30 
31610.42 
31610.55 
31610.68 
31610.81 
31610.93 
31611.06 
31611.19 
31611.31 
31611.44 
31611.57 
31611.70 
31611.83 
31611.95 
31612.08 
31612.21 
31612.34 
31612.45 
31612.58 
31612.70 
31612.83 
31612.95 
31613.07 
31613.19 
31613.30 
31613.41 
31613.54 
31613.67 
31613.79 
31613.92 
31614.05 
31614.18 
31614.30 
31614.43 
31614.56 
31614.69 
31614.82 
31614.94 
31615.07 
31615.19 
31615.32 
31615.46 
31615.59 
31615.71 
31615.84 
31615.97 
31616.10 
31616.23 
31616.35 
31616.48 
31616.61 
31616.75 
31616.88 
31617.00 
31617.13 
31617.26 
31617.39 
31617.52 
31617.64 
31617.77 
31617.90 
31618.03 
31618.15 
31618.28 
31618.41 
31618.53 
31618.66 
31618.78 
31618.91 
31619.04 
31619.16 
31619.29 
31619.44 
31619.57 
31619.69 
31619.82 
31619.94 
31620.07 
31620.19 
31620.32 
31620.46 
31620.59 
31620.72 
31620.85 
31620.98 
31621.10 
31621.23 
31621.36 
31621.49 
31621.61 
31621.74 
31621.87 
31622.00 
31622.13 
31622.25 
31622.38 
31622.51 
31622.63 
31622.76 
31622.91 
31623.04 
31623.16 
31623.29 
31623.42 
31623.57 
31623.70 
31623.84 
31623.97 
31624.10 
31624.22 
31624.35 
31624.48 
31624.61 
31624.73 
31624.85 
31624.98 
31625.12 
31625.25 
31625.37 
31625.50 
31625.63 
31625.75 
31625.87 
31626.00 
31626.13 
31626.25 
31626.38 
31626.51 
31626.63 
31626.76 
31626.89 
31627.02 
31627.15 
31627.28 
31627.41 
31627.54 
31627.66 
31627.79 
31627.91 
31628.04 
31628.16 
31628.29 
31628.42 
31628.54 
31628.66 
31628.78 
31628.90 
31629.02 
31629.14 
31629.27 
31629.39 
31629.52 
31629.65 
31629.78 
31629.91 
31630.03 
31630.16 
31630.29 
31630.42 
31630.55 
31630.67 
31630.80 
31630.93 
31631.06 
31631.19 
31631.32 
31631.44 
31631.57 
31631.70 
31631.84 
31631.97 
31632.10 
31632.23 
31632.35 
31632.48 
31632.61 
31632.74 
31632.87 
31632.99 
31633.12 
31633.25 
31633.38 
31633.50 
31633.63 
31633.76 
31633.88 
31634.01 
31634.14 
31634.27 
31634.42 
31634.55 
31634.67 
31634.80 
31634.93 
31635.06 
31635.18 
31635.31 
31635.44 
31635.57 
31635.69 
31635.81 
31635.94 
31636.07 
31636.19 
31636.32 
31636.45 
31636.57 
31636.70 
31636.83 
31636.95 
31637.08 
31637.21 
31637.34 
31637.47 
31637.60 
31637.72 
31637.85 
31637.98 
31638.10 
31638.23 
31638.35 
31638.48 
31638.61 
31638.74 
31638.87 
31638.99 
31639.12 
31639.25 
31639.37 
31639.50 
31639.62 
31639.75 
31639.87 
31639.99 
31640.12 
31640.25 
31640.38 
31640.51 
31640.64 
31640.76 
31640.89 
31641.02 
31641.15 
31641.28 
31641.40 
31641.53 
31641.66 
31641.79 
31641.92 
31642.04 
31642.17 
31642.30 
31642.43 
31642.56 
31642.68 
31642.81 
31642.94 
31643.07 
31643.20 
31643.33 
31643.45 
31643.58 
31643.70 
31643.83 
31643.96 
31644.08 
31644.21 
31644.34 
31644.47 
31644.59 
31644.72 
31644.85 
31644.98 
31645.11 
31645.23 
31645.38 
31645.51 
31645.63 
31645.76 
31645.89 
31646.02 
31646.14 
31646.27 
31646.40 
31646.53 
31646.65 
31646.78 
31646.91 
31647.04 
31647.16 
31647.29 
31647.42 
31647.55 
31647.68 
31647.80 
31647.93 
31648.06 
31648.19 
31648.32 
31648.44 
31648.59 
31648.72 
31648.84 
31648.97 
31649.09 
31649.22 
31649.34 
31649.47 
31649.60 
31649.73 
31649.86 
31649.98 
31650.11 
31650.23 
31650.36 
31650.49 
31650.62 
31650.75 
31650.88 
31651.01 
31651.14 
31651.26 
31651.39 
31651.52 
31651.65 
31651.78 
31651.90 
31652.03 
31652.15 
31652.28 
31652.41 
31652.54 
31652.66 
31652.79 
31652.92 
31653.05 
31653.18 
31653.31 
31653.43 
31653.56 
31653.69 
31653.82 
31653.95 
31654.09 
31654.22 
31654.35 
31654.48 
31654.60 
31654.73 
31654.86 
31654.99 
31655.11 
31655.24 
31655.36 
31655.48 
31655.60 
31655.73 
31655.86 
31655.98 
31656.11 
31656.24 
31656.37 
31656.50 
31656.63 
31656.75 
31656.88 
31657.01 
31657.14 
31657.27 
31657.40 
31657.52 
31657.65 
31657.78 
31657.90 
31658.03 
31658.16 
31658.28 
31658.41 
31658.54 
31658.67 
31658.80 
31658.93 
31659.06 
31659.18 
31659.31 
31659.44 
31659.57 
31659.69 
31659.81 
31659.94 
31660.06 
31660.19 
31660.32 
31660.45 
31660.58 
31660.71 
31660.83 
31660.96 
31661.09 
31661.21 
31661.36 
31661.49 
31661.62 
31661.74 
31661.88 
31662.01 
31662.14 
31662.27 
31662.40 
31662.53 
31662.66 
31662.79 
31662.91 
31663.04 
31663.17 
31663.29 
31663.42 
31663.55 
31663.67 
31663.80 
31663.93 
31664.06 
31664.19 
31664.32 
31664.44 
31664.57 
31664.70 
31664.83 
31664.95 
31665.08 
31665.21 
31665.33 
31665.46 
31665.59 
31665.71 
31665.84 
31665.96 
31666.08 
31666.21 
31666.33 
31666.46 
31666.58 
31666.71 
31666.84 
31666.97 
31667.09 
31667.22 
31667.35 
31667.47 
31667.60 
31667.73 
31667.86 
31667.98 
31668.11 
31668.24 
31668.36 
31668.49 
31668.61 
31668.76 
31668.89 
31669.02 
31669.15 
31669.28 
31669.40 
31669.53 
31669.66 
31669.79 
31669.91 
31670.04 
31670.17 
31670.30 
31670.43 
31670.55 
31670.68 
31670.81 
31670.93 
31671.05 
31671.18 
31671.29 
31671.42 
31671.55 
31671.68 
31671.80 
31671.93 
31672.06 
31672.19 
31672.32 
31672.45 
31672.58 
31672.70 
31672.83 
31672.96 
31673.09 
31673.22 
31673.35 
31673.47 
31673.60 
31673.73 
31673.86 
31673.99 
31674.11 
31674.24 
31674.37 
31674.50 
31674.63 
31674.75 
31674.88 
31675.01 
31675.14 
31675.27 
31675.39 
31675.52 
31675.65 
31675.77 
31675.92 
31676.04 
31676.17 
31676.30 
31676.43 
31676.56 
31676.68 
31676.81 
31676.94 
31677.07 
31677.20 
31677.33 
31677.46 
31677.58 
31677.71 
31677.84 
31677.97 
31678.09 
31678.22 
31678.35 
31678.48 
31678.60 
31678.73 
31678.86 
31678.99 
31679.11 
31679.24 
31679.37 
31679.50 
31679.63 
31679.76 
31679.88 
31680.01 
31680.13 
31680.26 
31680.39 
31680.52 
31680.65 
31680.77 
31680.90 
31681.03 
31681.16 
31681.28 
31681.41 
31681.54 
31681.67 
31681.79 
31681.92 
31682.05 
31682.18 
31682.30 
31682.43 
31682.56 
31682.69 
31682.82 
31682.94 
31683.07 
31683.20 
31683.33 
31683.46 
31683.59 
31683.72 
31683.84 
31683.97 
31684.10 
31684.23 
31684.35 
31684.48 
31684.60 
31684.73 
31684.86 
31684.99 
31685.11 
31685.24 
31685.37 
31685.50 
31685.62 
31685.75 
31685.87 
31686.00 
31686.13 
31686.26 
31686.38 
31686.50 
31686.62 
31686.74 
31686.87 
31687.00 
31687.13 
31687.26 
31687.39 
31687.52 
31687.64 
31687.77 
31687.90 
31688.03 
31688.16 
31688.29 
31688.41 
31688.54 
31688.67 
31688.79 
31688.92 
31689.04 
31689.17 
31689.29 
31689.42 
31689.56 
31689.69 
31689.82 
31689.95 
31690.08 
31690.20 
31690.33 
31690.46 
31690.59 
31690.72 
31690.84 
31690.97 
31691.10 
31691.23 
31691.35 
31691.48 
31691.61 
31691.74 
31691.87 
31692.00 
31692.13 
31692.26 
31692.39 
31692.51 
31692.64 
31692.76 
31692.89 
31693.02 
31693.15 
31693.27 
31693.40 
31693.53 
31693.66 
31693.79 
31693.92 
31694.04 
31694.17 
31694.30 
31694.42 
31694.55 
31694.67 
31694.80 
31694.93 
31695.06 
31695.19 
31695.31 
31695.44 
31695.57 
31695.70 
31695.82 
31695.95 
31696.07 
31696.21 
31696.34 
31696.46 
31696.59 
31696.72 
31696.85 
31696.98 
31697.11 
31697.23 
31697.36 
31697.49 
31697.62 
31697.75 
31697.87 
31698.00 
31698.12 
31698.24 
31698.37 
31698.50 
31698.63 
31698.75 
31698.88 
31699.01 
31699.14 
31699.27 
31699.39 
31699.52 
31699.65 
31699.78 
31699.91 
31700.03 
31700.16 
31700.29 
31700.42 
31700.55 
31700.67 
31700.80 
31700.93 
31701.06 
31701.21 
31701.34 
31701.46 
31701.59 
31701.71 
31701.84 
31701.97 
31702.09 
31702.21 
31702.34 
31702.46 
31702.60 
31702.72 
31702.85 
31702.98 
31703.10 
31703.23 
31703.36 
31703.49 
31703.62 
31703.75 
31703.87 
31704.00 
31704.13 
31704.26 
31704.39 
31704.51 
31704.64 
31704.77 
31704.90 
31705.03 
31705.15 
31705.28 
31705.41 
31705.54 
31705.67 
31705.79 
31705.92 
31706.05 
31706.18 
31706.30 
31706.43 
31706.56 
31706.69 
31706.82 
31706.95 
31707.07 
31707.20 
31707.33 
31707.46 
31707.59 
31707.72 
31707.84 
31707.97 
31708.10 
31708.22 
31708.35 
31708.48 
31708.61 
31708.74 
31708.87 
31708.99 
31709.12 
31709.25 
31709.38 
31709.51 
31709.63 
31709.76 
31709.89 
31710.02 
31710.16 
31710.28 
31710.41 
31710.54 
31710.67 
31710.80 
31710.93 
31711.06 
31711.18 
31711.31 
31711.44 
31711.57 
31711.70 
31711.83 
31711.95 
31712.08 
31712.22 
31712.35 
31712.48 
31712.60 
31712.73 
31712.86 
31712.99 
31713.12 
31713.24 
31713.37 
31713.50 
31713.63 
31713.75 
31713.88 
31714.01 
31714.14 
31714.27 
31714.40 
31714.52 
31714.64 
31714.77 
31714.90 
31715.03 
31715.15 
31715.28 
31715.41 
31715.54 
31715.67 
31715.80 
31715.93 
31716.06 
31716.19 
31716.32 
31716.44 
31716.57 
31716.70 
31716.82 
31716.95 
31717.07 
31717.20 
31717.33 
31717.46 
31717.58 
31717.71 
31717.83 
31717.95 
31718.07 
31718.20 
31718.33 
31718.46 
31718.59 
31718.72 
31718.85 
31718.98 
31719.11 
31719.23 
31719.36 
31719.49 
31719.62 
31719.75 
31719.87 
31720.00 
31720.13 
31720.26 
31720.38 
31720.51 
31720.64 
31720.77 
31720.90 
31721.03 
31721.15 
31721.28 
31721.41 
31721.54 
31721.67 
31721.79 
31721.92 
31722.05 
31722.18 
31722.31 
31722.43 
31722.56 
31722.69 
31722.82 
31722.95 
31723.09 
31723.21 
31723.36 
31723.48 
31723.61 
31723.74 
31723.87 
31724.00 
31724.13 
31724.26 
31724.38 
31724.51 
31724.64 
31724.77 
31724.89 
31725.02 
31725.14 
31725.27 
31725.40 
31725.53 
31725.66 
31725.78 
31725.91 
31726.03 
31726.16 
31726.28 
31726.41 
31726.54 
31726.67 
31726.80 
31726.92 
31727.05 
31727.17 
31727.30 
31727.43 
31727.55 
31727.68 
31727.81 
31727.94 
31728.06 
31728.20 
31728.33 
31728.46 
31728.58 
31728.71 
31728.84 
31728.97 
31729.10 
31729.23 
31729.36 
31729.48 
31729.61 
31729.74 
31729.87 
31730.01 
31730.15 
31730.28 
31730.40 
31730.53 
31730.65 
31730.78 
31730.91 
31731.04 
31731.16 
31731.29 
31731.41 
31731.54 
31731.67 
31731.79 
31731.92 
31732.05 
31732.18 
31732.30 
31732.44 
31732.56 
31732.69 
31732.82 
31732.96 
31733.08 
31733.20 
31733.32 
31733.45 
31733.57 
31733.70 
31733.83 
31733.95 
31734.08 
31734.22 
31734.35 
31734.47 
31734.59 
31734.71 
31734.84 
31734.96 
31735.09 
31735.21 
31735.34 
31735.47 
31735.59 
31735.73 
31735.85 
31735.98 
31736.10 
31736.23 
31736.37 
31736.50 
31736.62 
31736.75 
31736.88 
31737.01 
31737.14 
31737.27 
31737.39 
31737.52 
31737.65 
31737.77 
31737.90 
31738.03 
31738.16 
31738.28 
31738.41 
31738.54 
31738.67 
31738.80 
31738.93 
31739.05 
31739.18 
31739.30 
31739.43 
31739.55 
31739.68 
31739.81 
31739.94 
31740.07 
31740.19 
31740.32 
31740.44 
31740.57 
31740.70 
31740.83 
31740.95 
31741.08 
31741.21 
31741.34 
31741.47 
31741.60 
31741.72 
31741.85 
31741.97 
31742.10 
31742.23 
31742.36 
31742.49 
31742.62 
31742.74 
31742.87 
31743.00 
31743.12 
31743.25 
31743.37 
31743.50 
31743.63 
31743.76 
31743.88 
31744.01 
31744.14 
31744.26 
31744.39 
31744.52 
31744.65 
31744.77 
31744.90 
31745.03 
31745.15 
31745.28 
31745.41 
31745.54 
31745.66 
31745.79 
31745.92 
31746.05 
31746.17 
31746.30 
31746.43 
31746.56 
31746.68 
31746.81 
31746.94 
31747.07 
31747.20 
31747.33 
31747.45 
31747.58 
31747.73 
31747.86 
31747.99 
31748.11 
31748.24 
31748.37 
31748.49 
31748.61 
31748.74 
31748.87 
31749.00 
31749.12 
31749.25 
31749.37 
31749.50 
31749.63 
31749.76 
31749.88 
31750.01 
31750.14 
31750.27 
31750.39 
31750.52 
31750.64 
31750.77 
31750.90 
31751.03 
31751.15 
31751.27 
31751.39 
31751.52 
31751.65 
31751.77 
31751.90 
31752.03 
31752.16 
31752.29 
31752.42 
31752.55 
31752.67 
31752.80 
31752.92 
31753.05 
31753.18 
31753.31 
31753.44 
31753.56 
31753.69 
31753.82 
31753.95 
31754.07 
31754.20 
31754.33 
31754.46 
31754.59 
31754.72 
31754.85 
31754.97 
31755.10 
31755.23 
31755.36 
31755.48 
31755.61 
31755.74 
31755.86 
31755.99 
31756.12 
31756.24 
31756.37 
31756.50 
31756.62 
31756.75 
31756.88 
31757.00 
31757.13 
31757.26 
31757.38 
31757.53 
31757.66 
31757.79 
31757.92 
31758.05 
31758.17 
31758.30 
31758.43 
31758.58 
31758.71 
31758.85 
31758.98 
31759.11 
31759.24 
31759.36 
31759.49 
31759.61 
31759.74 
31759.87 
31760.00 
31760.12 
31760.25 
31760.38 
31760.52 
31760.65 
31760.78 
31760.90 
31761.03 
31761.16 
31761.29 
31761.41 
31761.54 
31761.66 
31761.79 
31761.92 
31762.05 
31762.18 
31762.31 
31762.43 
31762.56 
31762.69 
31762.82 
31762.94 
31763.07 
31763.20 
31763.34 
31763.47 
31763.60 
31763.74 
31763.87 
31763.99 
31764.12 
31764.23 
31764.36 
31764.49 
31764.62 
31764.74 
31764.87 
31765.00 
31765.13 
31765.26 
31765.39 
31765.52 
31765.64 
31765.79 
31765.91 
31766.04 
31766.16 
31766.29 
31766.41 
31766.54 
31766.67 
31766.79 
31766.92 
31767.05 
31767.17 
31767.30 
31767.43 
31767.55 
31767.68 
31767.81 
31767.94 
31768.07 
31768.19 
31768.32 
31768.44 
31768.57 
31768.70 
31768.83 
31768.95 
31769.08 
31769.21 
31769.33 
31769.46 
31769.59 
31769.71 
31769.84 
31769.97 
31770.10 
31770.23 
31770.35 
31770.48 
31770.61 
31770.74 
31770.86 
31770.99 
31771.13 
31771.25 
31771.38 
31771.51 
31771.63 
31771.76 
31771.89 
31772.02 
31772.15 
31772.27 
31772.40 
31772.53 
31772.66 
31772.79 
31772.91 
31773.04 
31773.17 
31773.30 
31773.42 
31773.55 
31773.68 
31773.81 
31773.94 
31774.07 
31774.19 
31774.32 
31774.45 
31774.57 
31774.70 
31774.83 
31774.95 
31775.08 
31775.20 
31775.33 
31775.46 
31775.59 
31775.71 
31775.84 
31775.97 
31776.09 
31776.22 
31776.35 
31776.48 
31776.60 
31776.73 
31776.86 
31776.99 
31777.12 
31777.25 
31777.39 
31777.52 
31777.66 
31777.79 
31777.92 
31778.04 
31778.17 
31778.30 
31778.42 
31778.55 
31778.68 
31778.81 
31778.94 
31779.07 
31779.20 
31779.32 
31779.45 
31779.57 
31779.69 
31779.82 
31779.94 
31780.06 
31780.19 
31780.32 
31780.45 
31780.58 
31780.71 
31780.83 
31780.96 
31781.09 
31781.22 
31781.35 
31781.47 
31781.60 
31781.73 
31781.86 
31781.99 
31782.11 
31782.24 
31782.37 
31782.50 
31782.63 
31782.75 
31782.88 
31783.00 
31783.13 
31783.26 
31783.38 
31783.51 
31783.64 
31783.77 
31783.89 
31784.02 
31784.15 
31784.27 
31784.40 
31784.53 
31784.66 
31784.79 
31784.91 
31785.04 
31785.17 
31785.30 
31785.42 
31785.55 
31785.68 
31785.81 
31785.94 
31786.07 
31786.19 
31786.32 
31786.45 
31786.57 
31786.70 
31786.82 
31786.95 
31787.07 
31787.20 
31787.33 
31787.46 
31787.58 
31787.71 
31787.84 
31787.97 
31788.10 
31788.23 
31788.35 
31788.48 
31788.60 
31788.73 
31788.86 
31788.98 
31789.11 
31789.25 
31789.38 
31789.50 
31789.63 
31789.76 
31789.89 
31790.02 
31790.14 
31790.27 
31790.40 
31790.52 
31790.65 
31790.78 
31790.91 
31791.04 
31791.17 
31791.29 
31791.42 
31791.55 
31791.67 
31791.80 
31791.93 
31792.06 
31792.19 
31792.32 
31792.44 
31792.57 
31792.70 
31792.83 
31792.96 
31793.08 
31793.21 
31793.34 
31793.47 
31793.60 
31793.73 
31793.85 
31793.98 
31794.11 
31794.24 
31794.37 
31794.50 
31794.62 
31794.75 
31794.87 
31795.00 
31795.14 
31795.26 
31795.39 
31795.50 
31795.62 
31795.75 
31795.89 
31796.02 
31796.15 
31796.27 
31796.39 
31796.53 
31796.66 
31796.78 
31796.91 
31797.04 
31797.17 
31797.29 
31797.42 
31797.55 
31797.67 
31797.80 
31797.93 
31798.06 
31798.19 
31798.32 
31798.45 
31798.58 
31798.70 
31798.83 
31798.96 
31799.08 
31799.21 
31799.34 
31799.47 
31799.59 
31799.72 
31799.85 
31799.97 
31800.10 
31800.23 
31800.35 
31800.48 
31800.61 
31800.74 
31800.87 
31800.99 
31801.12 
31801.26 
31801.39 
31801.52 
31801.65 
31801.78 
31801.91 
31802.04 
31802.16 
31802.29 
31802.42 
31802.54 
31802.67 
31802.80 
31802.93 
31803.06 
31803.19 
31803.32 
31803.44 
31803.57 
31803.70 
31803.83 
31803.95 
31804.08 
31804.21 
31804.34 
31804.47 
31804.60 
31804.72 
31804.85 
31804.98 
31805.11 
31805.24 
31805.36 
31805.49 
31805.62 
31805.74 
31805.87 
31806.00 
31806.13 
31806.25 
31806.38 
31806.51 
31806.64 
31806.78 
31806.91 
31807.03 
31807.16 
31807.30 
31807.43 
31807.55 
31807.68 
31807.81 
31807.94 
31808.06 
31808.19 
31808.32 
31808.45 
31808.59 
31808.72 
31808.84 
31808.97 
31809.10 
31809.23 
31809.36 
31809.48 
31809.61 
31809.74 
31809.87 
31809.99 
31810.13 
31810.25 
31810.38 
31810.51 
31810.63 
31810.75 
31810.87 
31810.99 
31811.12 
31811.25 
31811.38 
31811.51 
31811.64 
31811.76 
31811.89 
31812.01 
31812.14 
31812.27 
31812.40 
31812.52 
31812.65 
31812.78 
31812.91 
31813.04 
31813.16 
31813.29 
31813.42 
31813.55 
31813.68 
31813.80 
31813.93 
31814.06 
31814.18 
31814.32 
31814.45 
31814.57 
31814.70 
31814.83 
31814.96 
31815.08 
31815.21 
31815.34 
31815.48 
31815.61 
31815.74 
31815.87 
31815.99 
31816.12 
31816.25 
31816.38 
31816.51 
31816.63 
31816.76 
31816.89 
31817.02 
31817.14 
31817.28 
31817.40 
31817.52 
31817.65 
31817.78 
31817.91 
31818.03 
31818.16 
31818.29 
31818.41 
31818.54 
31818.68 
31818.81 
31818.94 
31819.07 
31819.20 
31819.32 
31819.46 
31819.58 
31819.71 
31819.84 
31819.97 
31820.09 
31820.22 
31820.34 
31820.47 
31820.60 
31820.72 
31820.85 
31820.98 
31821.11 
31821.24 
31821.36 
31821.49 
31821.62 
31821.75 
31821.87 
31822.00 
31822.13 
31822.26 
31822.39 
31822.51 
31822.64 
31822.77 
31822.90 
31823.03 
31823.15 
31823.28 
31823.41 
31823.53 
31823.66 
31823.79 
31823.92 
31824.05 
31824.18 
31824.31 
31824.43 
31824.56 
31824.69 
31824.81 
31824.94 
31825.07 
31825.20 
31825.33 
31825.45 
31825.58 
31825.71 
31825.83 
31825.96 
31826.09 
31826.21 
31826.34 
31826.46 
31826.59 
31826.72 
31826.85 
31826.97 
31827.09 
31827.22 
31827.35 
31827.47 
31827.60 
31827.73 
31827.86 
31827.99 
31828.11 
31828.24 
31828.37 
31828.50 
31828.63 
31828.75 
31828.88 
31829.01 
31829.15 
31829.28 
31829.41 
31829.53 
31829.66 
31829.79 
31829.91 
31830.04 
31830.17 
31830.30 
31830.42 
31830.55 
31830.68 
31830.82 
31830.95 
31831.07 
31831.20 
31831.33 
31831.46 
31831.59 
31831.71 
31831.84 
31831.97 
31832.10 
31832.22 
31832.35 
31832.47 
31832.60 
31832.73 
31832.86 
31832.99 
31833.12 
31833.25 
31833.38 
31833.51 
31833.63 
31833.76 
31833.88 
31834.01 
31834.14 
31834.27 
31834.40 
31834.53 
31834.65 
31834.78 
31834.91 
31835.04 
31835.17 
31835.30 
31835.43 
31835.55 
31835.68 
31835.81 
31835.94 
31836.08 
31836.21 
31836.34 
31836.47 
31836.59 
31836.72 
31836.85 
31836.98 
31837.10 
31837.23 
31837.36 
31837.49 
31837.62 
31837.74 
31837.87 
31838.00 
31838.13 
31838.26 
31838.38 
31838.51 
31838.64 
31838.76 
31838.89 
31839.02 
31839.15 
31839.27 
31839.38 
31839.50 
31839.63 
31839.75 
31839.87 
31840.00 
31840.12 
31840.25 
31840.38 
31840.50 
31840.62 
31840.74 
31840.87 
31840.98 
31841.09 
31841.19 
31841.33 
31841.44 
31841.55 
31841.66 
31841.77 
31841.90 
31842.01 
31842.11 
31842.25 
31842.36 
31842.48 
31842.59 
31842.70 
31842.81 
31842.95 
31843.06 
31843.16 
31843.27 
31843.40 
31843.51 
31843.62 
31843.73 
31843.84 
31843.95 
31844.06 
31844.17 
31844.27 
31844.38 
31844.49 
31844.60 
31844.71 
31844.82 
31844.93 
31845.04 
31845.17 
31845.28 
31845.39 
31845.50 
31845.64 
31845.76 
31845.87 
31845.98 
31846.09 
31846.20 
31846.31 
31846.44 
31846.55 
31846.66 
31846.77 
31846.88 
31846.99 
31847.13 
31847.23 
31847.37 
31847.49 
31847.62 
31847.74 
31847.86 
31847.98 
31848.11 
31848.23 
31848.36 
31848.48 
31848.60 
31848.72 
31848.85 
31848.97 
31849.09 
31849.22 
31849.34 
31849.46 
31849.58 
31849.71 
31849.82 
31849.95 
31850.07 
31850.19 
31850.31 
31850.44 
31850.56 
31850.69 
31850.81 
31850.93 
31851.06 
31851.18 
31851.30 
31851.42 
31851.55 
31851.67 
31851.79 
31851.92 
31852.04 
31852.17 
31852.30 
31852.42 
31852.55 
31852.67 
31852.80 
31852.92 
31853.05 
31853.17 
31853.29 
31853.42 
31853.55 
31853.67 
31853.79 
31853.92 
31854.04 
31854.18 
31854.30 
31854.43 
31854.55 
31854.68 
31854.80 
31854.94 
31855.06 
31855.19 
31855.31 
31855.43 
31855.56 
31855.68 
31855.80 
31855.93 
31856.05 
31856.18 
31856.30 
31856.42 
31856.55 
31856.68 
31856.80 
31856.93 
31857.05 
31857.17 
31857.28 
31857.41 
31857.53 
31857.65 
31857.78 
31857.90 
31858.02 
31858.15 
31858.27 
31858.39 
31858.52 
31858.66 
31858.78 
31858.91 
31859.03 
31859.15 
31859.28 
31859.41 
31859.53 
31859.65 
31859.78 
31859.91 
31860.03 
31860.16 
31860.28 
31860.40 
31860.53 
31860.65 
31860.78 
31860.90 
31861.02 
31861.16 
31861.29 
31861.41 
31861.54 
31861.67 
31861.79 
31861.92 
31862.04 
31862.16 
31862.30 
31862.42 
31862.54 
31862.67 
31862.81 
31862.93 
31863.06 
31863.18 
31863.30 
31863.42 
31863.54 
31863.67 
31863.79 
31863.92 
31864.04 
31864.17 
31864.29 
31864.42 
31864.54 
31864.67 
31864.78 
31864.91 
31865.03 
31865.16 
31865.28 
31865.41 
31865.53 
31865.66 
31865.78 
31865.90 
31866.02 
31866.14 
31866.27 
31866.40 
31866.52 
31866.65 
31866.77 
31866.90 
31867.02 
31867.15 
31867.27 
31867.39 
31867.52 
31867.64 
31867.77 
31867.89 
31868.02 
31868.14 
31868.27 
31868.39 
31868.52 
31868.64 
31868.77 
31868.89 
31869.02 
31869.15 
31869.27 
31869.39 
31869.52 
31869.64 
31869.76 
31869.88 
31870.01 
31870.13 
31870.26 
31870.39 
31870.51 
31870.64 
31870.76 
31870.89 
31871.01 
31871.13 
31871.25 
31871.38 
31871.50 
31871.64 
31871.77 
31871.89 
31872.02 
31872.14 
31872.26 
31872.38 
31872.51 
31872.63 
31872.76 
31872.89 
31873.01 
31873.14 
31873.26 
31873.38 
31873.50 
31873.63 
31873.75 
31873.88 
31874.00 
31874.13 
31874.25 
31874.37 
31874.50 
31874.62 
31874.74 
31874.87 
31874.99 
31875.12 
31875.24 
31875.37 
31875.49 
31875.62 
31875.74 
31875.86 
31875.99 
31876.12 
31876.24 
31876.37 
31876.49 
31876.61 
31876.74 
31876.86 
31876.98 
31877.11 
31877.23 
31877.35 
31877.47 
31877.60 
31877.72 
31877.85 
31877.97 
31878.10 
31878.22 
31878.35 
31878.47 
31878.59 
31878.72 
31878.84 
31878.96 
31879.09 
31879.21 
31879.33 
31879.46 
31879.58 
31879.72 
31879.85 
31879.97 
31880.10 
31880.22 
31880.35 
31880.47 
31880.60 
31880.72 
31880.85 
31880.97 
31881.09 
31881.22 
31881.34 
31881.47 
31881.59 
31881.71 
31881.84 
31881.96 
31882.09 
31882.21 
31882.34 
31882.46 
31882.59 
31882.71 
31882.83 
31882.95 
31883.08 
31883.20 
31883.33 
31883.45 
31883.58 
31883.70 
31883.82 
31883.95 
31884.07 
31884.19 
31884.32 
31884.45 
31884.57 
31884.70 
31884.82 
31884.94 
31885.07 
31885.19 
31885.32 
31885.44 
31885.57 
31885.69 
31885.82 
31885.94 
31886.08 
31886.20 
31886.33 
31886.45 
31886.57 
31886.70 
31886.82 
31886.94 
31887.07 
31887.19 
31887.31 
31887.44 
31887.56 
31887.69 
31887.81 
31887.93 
31888.06 
31888.18 
31888.30 
31888.43 
31888.55 
31888.68 
31888.80 
31888.93 
31889.05 
31889.17 
31889.30 
31889.42 
31889.55 
31889.68 
31889.80 
31889.92 
31890.05 
31890.17 
31890.29 
31890.42 
31890.54 
31890.67 
31890.79 
31890.91 
31891.03 
31891.16 
31891.28 
31891.41 
31891.53 
31891.65 
31891.78 
31891.90 
31892.03 
31892.17 
31892.29 
31892.42 
31892.54 
31892.67 
31892.79 
31892.92 
31893.04 
31893.17 
31893.29 
31893.41 
31893.54 
31893.66 
31893.79 
31893.91 
31894.04 
31894.16 
31894.29 
31894.41 
31894.54 
31894.67 
31894.79 
31894.92 
31895.04 
31895.17 
31895.29 
31895.42 
31895.54 
31895.67 
31895.79 
31895.92 
31896.04 
31896.16 
31896.29 
31896.41 
31896.54 
31896.67 
31896.79 
31896.92 
31897.04 
31897.17 
31897.29 
31897.42 
31897.54 
31897.67 
31897.79 
31897.91 
31898.06 
31898.18 
31898.31 
31898.43 
31898.56 
31898.68 
31898.81 
31898.93 
31899.05 
31899.18 
31899.30 
31899.43 
31899.55 
31899.67 
31899.80 
31899.92 
31900.05 
31900.17 
31900.30 
31900.43 
31900.55 
31900.68 
31900.80 
31900.92 
31901.05 
31901.17 
31901.29 
31901.42 
31901.55 
31901.67 
31901.80 
31901.92 
31902.05 
31902.17 
31902.30 
31902.42 
31902.55 
31902.67 
31902.80 
31902.92 
31903.04 
31903.16 
31903.29 
31903.41 
31903.54 
31903.67 
31903.79 
31903.94 
31904.06 
31904.17 
31904.29 
31904.42 
31904.55 
31904.67 
31904.80 
31904.93 
31905.05 
31905.17 
31905.31 
31905.44 
31905.56 
31905.69 
31905.81 
31905.93 
31906.05 
31906.18 
31906.30 
31906.43 
31906.55 
31906.68 
31906.80 
31906.93 
31907.05 
31907.17 
31907.29 
31907.41 
31907.54 
31907.66 
31907.78 
31907.91 
31908.04 
31908.16 
31908.28 
31908.41 
31908.53 
31908.65 
31908.77 
31908.90 
31909.02 
31909.15 
31909.27 
31909.39 
31909.52 
31909.65 
31909.77 
31909.89 
31910.01 
31910.14 
31910.26 
31910.39 
31910.51 
31910.64 
31910.76 
31910.88 
31911.01 
31911.13 
31911.26 
31911.38 
31911.51 
31911.64 
31911.76 
31911.89 
31912.02 
31912.14 
31912.26 
31912.38 
31912.51 
31912.63 
31912.76 
31912.89 
31913.02 
31913.13 
31913.25 
31913.38 
31913.50 
31913.63 
31913.75 
31913.87 
31914.00 
31914.12 
31914.25 
31914.37 
31914.49 
31914.62 
31914.74 
31914.86 
31914.99 
31915.11 
31915.24 
31915.37 
31915.49 
31915.61 
31915.74 
31915.86 
31915.99 
31916.11 
31916.24 
31916.36 
31916.48 
31916.61 
31916.73 
31916.86 
31916.98 
31917.11 
31917.23 
31917.36 
31917.48 
31917.61 
31917.73 
31917.86 
31917.98 
31918.11 
31918.24 
31918.36 
31918.49 
31918.61 
31918.74 
31918.86 
31918.98 
31919.11 
31919.25 
31919.37 
31919.50 
31919.62 
31919.75 
31919.88 
31920.00 
31920.13 
31920.25 
31920.38 
31920.50 
31920.63 
31920.75 
31920.88 
31921.00 
31921.12 
31921.25 
31921.37 
31921.49 
31921.62 
31921.74 
31921.86 
31921.99 
31922.11 
31922.24 
31922.36 
31922.48 
31922.61 
31922.73 
31922.86 
31922.98 
31923.10 
31923.23 
31923.35 
31923.47 
31923.60 
31923.72 
31923.85 
31923.97 
31924.09 
31924.22 
31924.34 
31924.46 
31924.59 
31924.71 
31924.83 
31924.95 
31925.08 
31925.20 
31925.34 
31925.46 
31925.59 
31925.71 
31925.84 
31925.96 
31926.09 
31926.21 
31926.34 
31926.46 
31926.58 
31926.71 
31926.83 
31926.96 
31927.09 
31927.21 
31927.33 
31927.46 
31927.58 
31927.71 
31927.83 
31927.95 
31928.08 
31928.21 
31928.33 
31928.45 
31928.58 
31928.70 
31928.82 
31928.95 
31929.07 
31929.20 
31929.32 
31929.45 
31929.57 
31929.70 
31929.82 
31929.95 
31930.07 
31930.20 
31930.32 
31930.45 
31930.57 
31930.69 
31930.82 
31930.94 
31931.07 
31931.19 
31931.32 
31931.44 
31931.57 
31931.69 
31931.82 
31931.94 
31932.07 
31932.20 
31932.32 
31932.45 
31932.57 
31932.69 
31932.82 
31932.94 
31933.07 
31933.19 
31933.32 
31933.44 
31933.57 
31933.69 
31933.82 
31933.95 
31934.07 
31934.20 
31934.32 
31934.45 
31934.57 
31934.70 
31934.82 
31934.95 
31935.07 
31935.20 
31935.32 
31935.45 
31935.57 
31935.69 
31935.81 
31935.93 
31936.05 
31936.17 
31936.30 
31936.42 
31936.55 
31936.67 
31936.80 
31936.92 
31937.05 
31937.17 
31937.29 
31937.42 
31937.54 
31937.66 
31937.80 
31937.93 
31938.05 
31938.18 
31938.30 
31938.42 
31938.55 
31938.67 
31938.80 
31938.92 
31939.04 
31939.17 
31939.29 
31939.41 
31939.54 
31939.66 
31939.79 
31939.91 
31940.04 
31940.16 
31940.28 
31940.43 
31940.55 
31940.68 
31940.81 
31940.93 
31941.06 
31941.19 
31941.32 
31941.45 
31941.57 
31941.70 
31941.83 
31941.96 
31942.09 
31942.22 
31942.35 
31942.48 
31942.60 
31942.73 
31942.86 
31942.99 
31943.12 
31943.25 
31943.37 
31943.50 
31943.63 
31943.76 
31943.88 
31944.01 
31944.14 
31944.27 
31944.40 
31944.52 
31944.65 
31944.80 
31944.93 
31945.06 
31945.18 
31945.31 
31945.44 
31945.56 
31945.69 
31945.81 
31945.94 
31946.06 
31946.19 
31946.31 
31946.44 
31946.57 
31946.69 
31946.80 
31946.93 
31947.05 
31947.18 
31947.30 
31947.44 
31947.56 
31947.69 
31947.82 
31947.95 
31948.08 
31948.20 
31948.33 
31948.46 
31948.59 
31948.71 
31948.84 
31948.96 
31949.09 
31949.22 
31949.35 
31949.47 
31949.60 
31949.73 
31949.86 
31949.99 
31950.11 
31950.24 
31950.37 
31950.50 
31950.63 
31950.75 
31950.88 
31951.01 
31951.14 
31951.26 
31951.39 
31951.52 
31951.65 
31951.78 
31951.91 
31952.03 
31952.17 
31952.30 
31952.43 
31952.56 
31952.68 
31952.81 
31952.94 
31953.07 
31953.19 
31953.33 
31953.45 
31953.58 
31953.71 
31953.84 
31953.96 
31954.09 
31954.22 
31954.35 
31954.48 
31954.61 
31954.74 
31954.86 
31954.99 
31955.12 
31955.25 
31955.38 
31955.51 
31955.63 
31955.76 
31955.88 
31956.01 
31956.14 
31956.26 
31956.39 
31956.51 
31956.64 
31956.77 
31956.90 
31957.03 
31957.15 
31957.28 
31957.41 
31957.54 
31957.66 
31957.79 
31957.92 
31958.05 
31958.18 
31958.31 
31958.43 
31958.56 
31958.69 
31958.81 
31958.94 
31959.07 
31959.20 
31959.32 
31959.45 
31959.58 
31959.71 
31959.84 
31959.96 
31960.09 
31960.22 
31960.35 
31960.48 
31960.60 
31960.73 
31960.86 
31960.99 
31961.12 
31961.24 
31961.37 
31961.50 
31961.63 
31961.76 
31961.89 
31962.02 
31962.14 
31962.27 
31962.38 
31962.50 
31962.63 
31962.75 
31962.88 
31963.01 
31963.14 
31963.27 
31963.40 
31963.52 
31963.65 
31963.78 
31963.91 
31964.03 
31964.16 
31964.29 
31964.42 
31964.54 
31964.67 
31964.80 
31964.93 
31965.06 
31965.18 
31965.31 
31965.44 
31965.57 
31965.70 
31965.82 
31965.95 
31966.08 
31966.20 
31966.33 
31966.46 
31966.59 
31966.71 
31966.84 
31966.97 
31967.10 
31967.23 
31967.36 
31967.49 
31967.61 
31967.74 
31967.87 
31968.00 
31968.13 
31968.27 
31968.40 
31968.52 
31968.65 
31968.77 
31968.90 
31969.03 
31969.15 
31969.28 
31969.41 
31969.54 
31969.66 
31969.79 
31969.92 
31970.04 
31970.17 
31970.30 
31970.43 
31970.55 
31970.68 
31970.81 
31970.94 
31971.07 
31971.20 
31971.33 
31971.45 
31971.58 
31971.71 
31971.83 
31971.96 
31972.09 
31972.21 
31972.34 
31972.47 
31972.59 
31972.72 
31972.85 
31972.97 
31973.10 
31973.23 
31973.36 
31973.48 
31973.61 
31973.74 
31973.87 
31974.00 
31974.12 
31974.25 
31974.38 
31974.51 
31974.64 
31974.76 
31974.89 
31975.02 
31975.14 
31975.27 
31975.40 
31975.52 
31975.65 
31975.77 
31975.90 
31976.03 
31976.15 
31976.28 
31976.41 
31976.54 
31976.67 
31976.80 
31976.93 
31977.06 
31977.18 
31977.31 
31977.44 
31977.57 
31977.69 
31977.79 
31977.90 
31978.03 
31978.16 
31978.28 
31978.41 
31978.54 
31978.67 
31978.80 
31978.93 
31979.06 
31979.18 
31979.31 
31979.44 
31979.56 
31979.69 
31979.82 
31979.95 
31980.08 
31980.21 
31980.33 
31980.46 
31980.59 
31980.72 
31980.84 
31980.97 
31981.10 
31981.23 
31981.36 
31981.48 
31981.61 
31981.74 
31981.87 
31982.00 
31982.13 
31982.26 
31982.39 
31982.51 
31982.64 
31982.77 
31982.89 
31983.02 
31983.15 
31983.28 
31983.41 
31983.53 
31983.66 
31983.79 
31983.92 
31984.05 
31984.18 
31984.30 
31984.43 
31984.56 
31984.69 
31984.82 
31984.95 
31985.07 
31985.20 
31985.33 
31985.46 
31985.59 
31985.71 
31985.84 
31985.97 
31986.10 
31986.23 
31986.35 
31986.48 
31986.61 
31986.74 
31986.87 
31986.99 
31987.12 
31987.25 
31987.38 
31987.51 
31987.64 
31987.76 
31987.89 
31988.02 
31988.15 
31988.27 
31988.40 
31988.53 
31988.66 
31988.79 
31988.93 
31989.05 
31989.18 
31989.31 
31989.44 
31989.56 
31989.69 
31989.82 
31989.95 
31990.07 
31990.20 
31990.33 
31990.46 
31990.59 
31990.71 
31990.84 
31990.97 
31991.10 
31991.23 
31991.36 
31991.48 
31991.61 
31991.74 
31991.86 
31991.99 
31992.12 
31992.25 
31992.38 
31992.51 
31992.64 
31992.77 
31992.90 
31993.03 
31993.15 
31993.27 
31993.39 
31993.51 
31993.63 
31993.76 
31993.89 
31994.03 
31994.16 
31994.28 
31994.41 
31994.54 
31994.67 
31994.80 
31994.93 
31995.06 
31995.18 
31995.31 
31995.44 
31995.57 
31995.70 
31995.82 
31995.95 
31996.08 
31996.20 
31996.33 
31996.46 
31996.59 
31996.72 
31996.84 
31996.97 
31997.10 
31997.23 
31997.36 
31997.48 
31997.61 
31997.74 
31997.86 
31997.99 
31998.12 
31998.25 
31998.38 
31998.50 
31998.63 
31998.76 
31998.89 
31999.02 
31999.15 
31999.27 
31999.40 
31999.53 
31999.66 
31999.79 
31999.92 
32000.05 
32000.17 
32000.30 
32000.43 
32000.56 
32000.68 
32000.81 
32000.94 
32001.07 
32001.22 
32001.34 
32001.47 
32001.60 
32001.73 
32001.86 
32001.99 
32002.11 
32002.24 
32002.37 
32002.50 
32002.63 
32002.75 
32002.88 
32003.03 
32003.15 
32003.28 
32003.41 
32003.54 
32003.67 
32003.79 
32003.92 
32004.05 
32004.20 
32004.32 
32004.45 
32004.58 
32004.70 
32004.83 
32004.96 
32005.09 
32005.22 
32005.34 
32005.47 
32005.60 
32005.73 
32005.85 
32005.98 
32006.10 
32006.23 
32006.36 
32006.49 
32006.62 
32006.74 
32006.87 
32007.00 
32007.14 
32007.27 
32007.39 
32007.53 
32007.66 
32007.78 
32007.91 
32008.03 
32008.16 
32008.29 
32008.42 
32008.55 
32008.67 
32008.81 
32008.94 
32009.06 
32009.19 
32009.31 
32009.44 
32009.57 
32009.70 
32009.82 
32009.95 
32010.07 
32010.20 
32010.33 
32010.45 
32010.58 
32010.70 
32010.83 
32010.96 
32011.09 
32011.22 
32011.35 
32011.47 
32011.60 
32011.73 
32011.86 
32011.99 
32012.12 
32012.24 
32012.37 
32012.50 
32012.63 
32012.75 
32012.88 
32013.01 
32013.14 
32013.27 
32013.39 
32013.52 
32013.65 
32013.78 
32013.91 
32014.03 
32014.17 
32014.30 
32014.43 
32014.56 
32014.68 
32014.81 
32014.94 
32015.07 
32015.20 
32015.32 
32015.45 
32015.58 
32015.71 
32015.85 
32016.00 
32016.12 
32016.25 
32016.38 
32016.51 
32016.63 
32016.77 
32016.90 
32017.03 
32017.15 
32017.28 
32017.41 
32017.53 
32017.66 
32017.79 
32017.94 
32018.06 
32018.19 
32018.32 
32018.45 
32018.58 
32018.70 
32018.83 
32018.96 
32019.09 
32019.21 
32019.34 
32019.47 
32019.60 
32019.73 
32019.85 
32019.98 
32020.11 
32020.24 
32020.37 
32020.49 
32020.62 
32020.75 
32020.88 
32021.00 
32021.14 
32021.26 
32021.39 
32021.52 
32021.65 
32021.77 
32021.90 
32022.03 
32022.16 
32022.28 
32022.41 
32022.54 
32022.67 
32022.80 
32022.92 
32023.05 
32023.18 
32023.31 
32023.44 
32023.56 
32023.69 
32023.82 
32023.95 
32024.08 
32024.20 
32024.32 
32024.44 
32024.57 
32024.69 
32024.82 
32024.95 
32025.07 
32025.20 
32025.33 
32025.45 
32025.58 
32025.71 
32025.83 
32025.96 
32026.08 
32026.21 
32026.34 
32026.46 
32026.59 
32026.72 
32026.84 
32026.97 
32027.10 
32027.23 
32027.36 
32027.48 
32027.61 
32027.74 
32027.86 
32027.99 
32028.11 
32028.24 
32028.37 
32028.50 
32028.63 
32028.75 
32028.88 
32029.01 
32029.14 
32029.27 
32029.40 
32029.52 
32029.65 
32029.77 
32029.90 
32030.05 
32030.18 
32030.31 
32030.43 
32030.56 
32030.69 
32030.82 
32030.95 
32031.07 
32031.20 
32031.33 
32031.46 
32031.58 
32031.71 
32031.84 
32031.96 
32032.09 
32032.22 
32032.34 
32032.47 
32032.60 
32032.73 
32032.86 
32032.98 
32033.11 
32033.23 
32033.36 
32033.49 
32033.62 
32033.74 
32033.87 
32034.00 
32034.13 
32034.27 
32034.40 
32034.53 
32034.66 
32034.78 
32034.91 
32035.04 
32035.17 
32035.30 
32035.43 
32035.55 
32035.68 
32035.81 
32035.93 
32036.06 
32036.18 
32036.31 
32036.44 
32036.57 
32036.70 
32036.82 
32036.95 
32037.08 
32037.21 
32037.34 
32037.46 
32037.59 
32037.72 
32037.84 
32037.97 
32038.10 
32038.23 
32038.35 
32038.48 
32038.60 
32038.73 
32038.86 
32038.99 
32039.12 
32039.25 
32039.38 
32039.51 
32039.63 
32039.75 
32039.87 
32039.99 
32040.12 
32040.25 
32040.38 
32040.51 
32040.63 
32040.76 
32040.89 
32041.01 
32041.14 
32041.27 
32041.39 
32041.52 
32041.65 
32041.78 
32041.90 
32042.03 
32042.16 
32042.29 
32042.41 
32042.56 
32042.69 
32042.82 
32042.95 
32043.07 
32043.20 
32043.33 
32043.45 
32043.58 
32043.71 
32043.84 
32043.96 
32044.09 
32044.22 
32044.35 
32044.48 
32044.60 
32044.73 
32044.86 
32044.99 
32045.12 
32045.24 
32045.37 
32045.50 
32045.63 
32045.75 
32045.88 
32046.01 
32046.14 
32046.27 
32046.40 
32046.52 
32046.65 
32046.78 
32046.91 
32047.04 
32047.16 
32047.29 
32047.42 
32047.55 
32047.67 
32047.80 
32047.93 
32048.06 
32048.19 
32048.32 
32048.44 
32048.57 
32048.69 
32048.82 
32048.95 
32049.07 
32049.20 
32049.33 
32049.46 
32049.58 
32049.71 
32049.84 
32049.97 
32050.10 
32050.23 
32050.37 
32050.49 
32050.62 
32050.75 
32050.87 
32051.00 
32051.13 
32051.26 
32051.39 
32051.52 
32051.64 
32051.77 
32051.90 
32052.03 
32052.15 
32052.28 
32052.41 
32052.54 
32052.67 
32052.79 
32052.92 
32053.05 
32053.18 
32053.31 
32053.43 
32053.56 
32053.69 
32053.81 
32053.94 
32054.06 
32054.19 
32054.32 
32054.45 
32054.58 
32054.70 
32054.83 
32054.96 
32055.09 
32055.21 
32055.34 
32055.45 
32055.57 
32055.70 
32055.83 
32055.95 
32056.08 
32056.21 
32056.34 
32056.47 
32056.59 
32056.72 
32056.85 
32056.98 
32057.11 
32057.24 
32057.36 
32057.49 
32057.62 
32057.75 
32057.87 
32058.00 
32058.12 
32058.25 
32058.38 
32058.51 
32058.64 
32058.76 
32058.89 
32059.02 
32059.15 
32059.28 
32059.40 
32059.53 
32059.66 
32059.78 
32059.91 
32060.03 
32060.16 
32060.29 
32060.42 
32060.54 
32060.67 
32060.80 
32060.93 
32061.05 
32061.18 
32061.32 
32061.44 
32061.57 
32061.71 
32061.84 
32061.97 
32062.10 
32062.22 
32062.35 
32062.48 
32062.60 
32062.73 
32062.86 
32062.98 
32063.11 
32063.24 
32063.37 
32063.49 
32063.62 
32063.75 
32063.87 
32064.00 
32064.13 
32064.25 
32064.38 
32064.51 
32064.64 
32064.77 
32064.91 
32065.04 
32065.16 
32065.29 
32065.42 
32065.54 
32065.67 
32065.80 
32065.93 
32066.05 
32066.18 
32066.31 
32066.43 
32066.56 
32066.69 
32066.81 
32066.94 
32067.07 
32067.20 
32067.32 
32067.45 
32067.57 
32067.70 
32067.83 
32067.95 
32068.08 
32068.21 
32068.33 
32068.46 
32068.59 
32068.71 
32068.84 
32068.97 
32069.10 
32069.23 
32069.36 
32069.49 
32069.61 
32069.74 
32069.87 
32069.99 
32070.12 
32070.25 
32070.38 
32070.50 
32070.63 
32070.75 
32070.88 
32071.00 
32071.13 
32071.26 
32071.39 
32071.52 
32071.65 
32071.77 
32071.90 
32072.03 
32072.15 
32072.28 
32072.41 
32072.54 
32072.66 
32072.79 
32072.91 
32073.04 
32073.17 
32073.30 
32073.42 
32073.55 
32073.67 
32073.80 
32073.93 
32074.05 
32074.18 
32074.31 
32074.44 
32074.57 
32074.69 
32074.82 
32074.95 
32075.09 
32075.22 
32075.35 
32075.47 
32075.60 
32075.73 
32075.85 
32075.97 
32076.10 
32076.23 
32076.35 
32076.48 
32076.61 
32076.74 
32076.86 
32076.99 
32077.12 
32077.25 
32077.38 
32077.50 
32077.64 
32077.76 
32077.89 
32078.02 
32078.14 
32078.27 
32078.40 
32078.53 
32078.65 
32078.78 
32078.91 
32079.04 
32079.16 
32079.29 
32079.42 
32079.55 
32079.69 
32079.82 
32079.94 
32080.07 
32080.19 
32080.32 
32080.45 
32080.57 
32080.72 
32080.84 
32080.97 
32081.09 
32081.22 
32081.35 
32081.47 
32081.60 
32081.73 
32081.85 
32081.98 
32082.10 
32082.23 
32082.36 
32082.48 
32082.61 
32082.73 
32082.86 
32082.96 
32083.09 
32083.22 
32083.34 
32083.46 
32083.59 
32083.71 
32083.84 
32083.96 
32084.09 
32084.21 
32084.33 
32084.46 
32084.58 
32084.71 
32084.84 
32084.96 
32085.09 
32085.22 
32085.35 
32085.47 
32085.60 
32085.72 
32085.85 
32085.98 
32086.10 
32086.22 
32086.34 
32086.47 
32086.59 
32086.72 
32086.85 
32086.97 
32087.10 
32087.23 
32087.36 
32087.48 
32087.61 
32087.74 
32087.87 
32088.00 
32088.12 
32088.25 
32088.38 
32088.51 
32088.63 
32088.76 
32088.89 
32089.02 
32089.15 
32089.28 
32089.40 
32089.53 
32089.66 
32089.79 
32089.92 
32090.05 
32090.18 
32090.30 
32090.44 
32090.56 
32090.71 
32090.83 
32090.96 
32091.09 
32091.21 
32091.34 
32091.47 
32091.60 
32091.72 
32091.85 
32091.98 
32092.11 
32092.24 
32092.36 
32092.49 
32092.62 
32092.75 
32092.87 
32093.00 
32093.12 
32093.25 
32093.38 
32093.51 
32093.64 
32093.76 
32093.89 
32094.02 
32094.14 
32094.27 
32094.40 
32094.53 
32094.66 
32094.78 
32094.91 
32095.04 
32095.17 
32095.30 
32095.43 
32095.55 
32095.68 
32095.81 
32095.94 
32096.07 
32096.19 
32096.32 
32096.45 
32096.58 
32096.71 
32096.83 
32096.95 
32097.07 
32097.20 
32097.33 
32097.46 
32097.59 
32097.71 
32097.84 
32097.98 
32098.11 
32098.24 
32098.37 
32098.49 
32098.62 
32098.75 
32098.88 
32099.01 
32099.14 
32099.26 
32099.39 
32099.52 
32099.65 
32099.78 
32099.91 
32100.03 
32100.16 
32100.29 
32100.42 
32100.55 
32100.67 
32100.80 
32100.93 
32101.06 
32101.19 
32101.31 
32101.44 
32101.56 
32101.68 
32101.81 
32101.95 
32102.07 
32102.20 
32102.32 
32102.45 
32102.58 
32102.71 
32102.83 
32102.96 
32103.08 
32103.21 
32103.34 
32103.47 
32103.60 
32103.72 
32103.85 
32103.97 
32104.10 
32104.23 
32104.35 
32104.48 
32104.61 
32104.73 
32104.86 
32104.99 
32105.11 
32105.24 
32105.37 
32105.50 
32105.63 
32105.75 
32105.88 
32106.00 
32106.13 
32106.25 
32106.38 
32106.51 
32106.64 
32106.77 
32106.90 
32107.03 
32107.15 
32107.28 
32107.41 
32107.53 
32107.66 
32107.81 
32107.94 
32108.06 
32108.19 
32108.32 
32108.45 
32108.57 
32108.70 
32108.83 
32108.95 
32109.08 
32109.21 
32109.34 
32109.47 
32109.59 
32109.72 
32109.85 
32109.98 
32110.11 
32110.24 
32110.37 
32110.49 
32110.62 
32110.75 
32110.88 
32111.00 
32111.13 
32111.26 
32111.39 
32111.51 
32111.64 
32111.76 
32111.89 
32112.01 
32112.13 
32112.26 
32112.40 
32112.53 
32112.66 
32112.79 
32112.91 
32113.04 
32113.17 
32113.29 
32113.42 
32113.55 
32113.68 
32113.81 
32113.93 
32114.06 
32114.18 
32114.30 
32114.43 
32114.56 
32114.70 
32114.83 
32114.95 
32115.08 
32115.20 
32115.33 
32115.46 
32115.58 
32115.71 
32115.84 
32115.98 
32116.11 
32116.24 
32116.36 
32116.49 
32116.62 
32116.75 
32116.88 
32117.00 
32117.12 
32117.24 
32117.37 
32117.50 
32117.63 
32117.76 
32117.89 
32118.01 
32118.14 
32118.26 
32118.38 
32118.51 
32118.64 
32118.76 
32118.89 
32119.02 
32119.14 
32119.27 
32119.40 
32119.53 
32119.66 
32119.79 
32119.92 
32120.05 
32120.18 
32120.30 
32120.44 
32120.56 
32120.69 
32120.82 
32120.94 
32121.07 
32121.20 
32121.33 
32121.46 
32121.58 
32121.71 
32121.84 
32121.97 
32122.10 
32122.23 
32122.35 
32122.48 
32122.61 
32122.74 
32122.87 
32123.00 
32123.12 
32123.25 
32123.40 
32123.52 
32123.65 
32123.78 
32123.90 
32124.03 
32124.16 
32124.29 
32124.42 
32124.54 
32124.67 
32124.80 
32124.92 
32125.05 
32125.18 
32125.31 
32125.44 
32125.56 
32125.69 
32125.81 
32125.94 
32126.06 
32126.19 
32126.32 
32126.44 
32126.59 
32126.72 
32126.85 
32126.97 
32127.10 
32127.23 
32127.36 
32127.48 
32127.61 
32127.73 
32127.87 
32128.00 
32128.13 
32128.26 
32128.39 
32128.51 
32128.64 
32128.77 
32128.90 
32129.03 
32129.15 
32129.28 
32129.41 
32129.54 
32129.67 
32129.79 
32129.92 
32130.05 
32130.18 
32130.31 
32130.43 
32130.56 
32130.69 
32130.82 
32130.94 
32131.07 
32131.20 
32131.32 
32131.45 
32131.58 
32131.71 
32131.84 
32131.96 
32132.09 
32132.22 
32132.35 
32132.47 
32132.58 
32132.70 
32132.83 
32132.95 
32133.08 
32133.21 
32133.34 
32133.47 
32133.60 
32133.73 
32133.86 
32133.99 
32134.11 
32134.24 
32134.37 
32134.50 
32134.63 
32134.75 
32134.88 
32135.01 
32135.14 
32135.27 
32135.39 
32135.52 
32135.65 
32135.77 
32135.90 
32136.03 
32136.16 
32136.28 
32136.41 
32136.54 
32136.67 
32136.80 
32136.93 
32137.05 
32137.18 
32137.33 
32137.45 
32137.58 
32137.71 
32137.84 
32137.96 
32138.09 
32138.22 
32138.35 
32138.47 
32138.60 
32138.73 
32138.85 
32138.98 
32139.10 
32139.23 
32139.35 
32139.48 
32139.61 
32139.74 
32139.87 
32139.99 
32140.12 
32140.25 
32140.38 
32140.51 
32140.64 
32140.77 
32140.91 
32141.04 
32141.17 
32141.29 
32141.42 
32141.55 
32141.67 
32141.80 
32141.93 
32142.06 
32142.19 
32142.31 
32142.44 
32142.57 
32142.70 
32142.82 
32142.94 
32143.07 
32143.20 
32143.33 
32143.46 
32143.59 
32143.71 
32143.84 
32143.97 
32144.10 
32144.22 
32144.35 
32144.48 
32144.61 
32144.74 
32144.87 
32144.99 
32145.12 
32145.24 
32145.36 
32145.48 
32145.60 
32145.73 
32145.85 
32145.98 
32146.10 
32146.23 
32146.34 
32146.45 
32146.56 
32146.69 
32146.80 
32146.91 
32147.02 
32147.16 
32147.27 
32147.37 
32147.48 
32147.62 
32147.73 
32147.84 
32147.94 
32148.08 
32148.19 
32148.30 
32148.41 
32148.52 
32148.63 
32148.74 
32148.84 
32148.95 
32149.06 
32149.17 
32149.28 
32149.39 
32149.53 
32149.63 
32149.74 
32149.85 
32149.96 
32150.07 
32150.18 
32150.29 
32150.39 
32150.53 
32150.64 
32150.75 
32150.86 
32150.97 
32151.08 
32151.21 
32151.32 
32151.43 
32151.54 
32151.67 
32151.78 
32151.89 
32152.00 
32152.13 
32152.24 
32152.35 
32152.46 
32152.57 
32152.68 
32152.81 
32152.92 
32153.04 
32153.15 
32153.28 
32153.40 
32153.53 
32153.65 
32153.77 
32153.89 
32154.02 
32154.14 
32154.26 
32154.38 
32154.51 
32154.63 
32154.76 
32154.88 
32155.00 
32155.12 
32155.23 
32155.35 
32155.48 
32155.60 
32155.73 
32155.85 
32155.98 
32156.09 
32156.21 
32156.33 
32156.45 
32156.57 
32156.67 
32156.80 
32156.91 
32157.02 
32157.15 
32157.27 
32157.40 
32157.53 
32157.65 
32157.79 
32157.90 
32158.01 
32158.14 
32158.26 
32158.39 
32158.51 
32158.63 
32158.75 
32158.86 
32158.99 
32159.09 
32159.22 
32159.33 
32159.46 
32159.58 
32159.71 
32159.83 
32159.96 
32160.09 
32160.22 
32160.35 
32160.47 
32160.59 
32160.71 
32160.82 
32160.95 
32161.08 
32161.19 
32161.31 
32161.43 
32161.55 
32161.67 
32161.79 
32161.91 
32162.03 
32162.16 
32162.28 
32162.41 
32162.54 
32162.66 
32162.78 
32162.89 
32163.01 
32163.13 
32163.25 
32163.36 
32163.48 
32163.59 
32163.71 
32163.83 
32163.95 
32164.06 
32164.18 
32164.30 
32164.42 
32164.53 
32164.66 
32164.77 
32164.89 
32165.01 
32165.14 
32165.25 
32165.36 
32165.49 
32165.61 
32165.73 
32165.86 
32165.99 
32166.11 
32166.23 
32166.34 
32166.46 
32166.57 
32166.69 
32166.82 
32166.93 
32167.04 
32167.17 
32167.29 
32167.41 
32167.52 
32167.64 
32167.76 
32167.88 
32167.99 
32168.11 
32168.23 
32168.35 
32168.47 
32168.59 
32168.70 
32168.83 
32168.96 
32169.07 
32169.19 
32169.30 
32169.42 
32169.54 
32169.66 
32169.78 
32169.89 
32170.00 
32170.13 
32170.25 
32170.36 
32170.49 
32170.60 
32170.72 
32170.84 
32170.96 
32171.07 
32171.19 
32171.30 
32171.41 
32171.52 
32171.65 
32171.78 
32171.91 
32172.03 
32172.15 
32172.27 
32172.38 
32172.50 
32172.61 
32172.74 
32172.85 
32172.96 
32173.08 
32173.20 
32173.32 
32173.44 
32173.56 
32173.68 
32173.79 
32173.92 
32174.04 
32174.16 
32174.29 
32174.42 
32174.55 
32174.68 
32174.80 
32174.93 
32175.05 
32175.17 
32175.27 
32175.38 
32175.50 
32175.61 
32175.73 
32175.86 
32175.98 
32176.10 
32176.22 
32176.33 
32176.45 
32176.57 
32176.68 
32176.79 
32176.92 
32177.03 
32177.15 
32177.26 
32177.38 
32177.51 
32177.62 
32177.75 
32177.86 
32177.99 
32178.12 
32178.24 
32178.35 
32178.48 
32178.59 
32178.71 
32178.83 
32178.95 
32179.07 
32179.18 
32179.31 
32179.42 
32179.55 
32179.67 
32179.79 
32179.90 
32180.02 
32180.14 
32180.26 
32180.38 
32180.49 
32180.61 
32180.72 
32180.83 
32180.95 
32181.08 
32181.20 
32181.31 
32181.43 
32181.55 
32181.66 
32181.78 
32181.89 
32182.01 
32182.12 
32182.24 
32182.36 
32182.48 
32182.59 
32182.72 
32182.84 
32182.95 
32183.07 
32183.19 
32183.31 
32183.42 
32183.54 
32183.66 
32183.77 
32183.88 
32183.99 
32184.11 
32184.23 
32184.35 
32184.47 
32184.59 
32184.71 
32184.82 
32184.93 
32185.05 
32185.16 
32185.28 
32185.40 
32185.52 
32185.63 
32185.74 
32185.87 
32185.99 
32186.10 
32186.23 
32186.35 
32186.47 
32186.60 
32186.72 
32186.84 
32186.96 
32187.08 
32187.21 
32187.33 
32187.45 
32187.57 
32187.68 
32187.80 
32187.94 
32188.06 
32188.18 
32188.30 
32188.42 
32188.55 
32188.67 
32188.80 
32188.91 
32189.03 
32189.15 
32189.27 
32189.39 
32189.52 
32189.64 
32189.76 
32189.88 
32190.00 
32190.11 
32190.23 
32190.35 
32190.46 
32190.58 
32190.71 
32190.82 
32190.93 
32191.05 
32191.17 
32191.28 
32191.40 
32191.52 
32191.64 
32191.76 
32191.89 
32192.00 
32192.12 
32192.24 
32192.36 
32192.49 
32192.61 
32192.73 
32192.85 
32192.97 
32193.08 
32193.20 
32193.33 
32193.45 
32193.57 
32193.69 
32193.80 
32193.92 
32194.03 
32194.16 
32194.30 
32194.42 
32194.54 
32194.66 
32194.79 
32194.92 
32195.04 
32195.16 
32195.30 
32195.42 
32195.54 
32195.68 
32195.79 
32195.91 
32196.03 
32196.15 
32196.29 
32196.40 
32196.51 
32196.64 
32196.77 
32196.89 
32197.01 
32197.14 
32197.27 
32197.39 
32197.51 
32197.64 
32197.76 
32197.88 
32198.01 
32198.13 
32198.26 
32198.38 
32198.50 
32198.61 
32198.74 
32198.86 
32198.99 
32199.11 
32199.23 
32199.37 
32199.49 
32199.61 
32199.72 
32199.83 
32199.95 
32200.07 
32200.18 
32200.31 
32200.43 
32200.56 
32200.68 
32200.79 
32200.91 
32201.03 
32201.15 
32201.26 
32201.38 
32201.50 
32201.64 
32201.76 
32201.89 
32202.01 
32202.13 
32202.25 
32202.37 
32202.48 
32202.60 
32202.73 
32202.85 
32202.97 
32203.10 
32203.22 
32203.34 
32203.46 
32203.59 
32203.72 
32203.84 
32203.95 
32204.06 
32204.18 
32204.29 
32204.41 
32204.54 
32204.66 
32204.79 
32204.91 
32205.02 
32205.15 
32205.27 
32205.40 
32205.52 
32205.65 
32205.78 
32205.90 
32206.03 
32206.16 
32206.29 
32206.41 
32206.53 
32206.65 
32206.78 
32206.90 
32207.04 
32207.16 
32207.28 
32207.40 
32207.51 
32207.64 
32207.75 
32207.88 
32207.99 
32208.10 
32208.22 
32208.35 
32208.47 
32208.59 
32208.72 
32208.84 
32208.96 
32209.07 
32209.19 
32209.31 
32209.43 
32209.55 
32209.68 
32209.79 
32209.91 
32210.02 
32210.14 
32210.26 
32210.38 
32210.49 
32210.61 
32210.73 
32210.84 
32210.96 
32211.06 
32211.18 
32211.32 
32211.44 
32211.57 
32211.70 
32211.82 
32211.94 
32212.06 
32212.18 
32212.30 
32212.42 
32212.54 
32212.68 
32212.81 
32212.93 
32213.06 
32213.18 
32213.31 
32213.42 
32213.55 
32213.68 
32213.80 
32213.91 
32214.03 
32214.15 
32214.27 
32214.38 
32214.50 
32214.62 
32214.73 
32214.86 
32214.98 
32215.10 
32215.24 
32215.36 
32215.48 
32215.60 
32215.72 
32215.85 
32215.97 
32216.09 
32216.21 
32216.32 
32216.44 
32216.58 
32216.71 
32216.84 
32216.97 
32217.08 
32217.20 
32217.32 
32217.43 
32217.55 
32217.66 
32217.78 
32217.89 
32218.00 
32218.12 
32218.24 
32218.36 
32218.49 
32218.61 
32218.73 
32218.86 
32218.98 
32219.09 
32219.22 
32219.34 
32219.46 
32219.57 
32219.69 
32219.82 
32219.94 
32220.06 
32220.17 
32220.30 
32220.42 
32220.54 
32220.65 
32220.77 
32220.89 
32221.02 
32221.14 
32221.26 
32221.38 
32221.50 
32221.61 
32221.73 
32221.85 
32221.97 
32222.09 
32222.21 
32222.33 
32222.44 
32222.56 
32222.69 
32222.81 
32222.93 
32223.04 
32223.16 
32223.28 
32223.40 
32223.52 
32223.64 
32223.76 
32223.88 
32224.01 
32224.14 
32224.27 
32224.39 
32224.51 
32224.63 
32224.76 
32224.88 
32224.99 
32225.10 
32225.22 
32225.33 
32225.46 
32225.58 
32225.69 
32225.81 
32225.95 
32226.08 
32226.22 
32226.34 
32226.47 
32226.59 
32226.71 
32226.82 
32226.94 
32227.06 
32227.18 
32227.30 
32227.41 
32227.52 
32227.64 
32227.76 
32227.87 
32227.99 
32228.11 
32228.24 
32228.36 
32228.47 
32228.60 
32228.72 
32228.85 
32228.98 
32229.10 
32229.22 
32229.34 
32229.46 
32229.59 
32229.71 
32229.83 
32229.95 
32230.07 
32230.20 
32230.32 
32230.44 
32230.56 
32230.68 
32230.79 
32230.91 
32231.03 
32231.14 
32231.26 
32231.37 
32231.49 
32231.60 
32231.73 
32231.86 
32231.98 
32232.10 
32232.22 
32232.33 
32232.43 
32232.55 
32232.66 
32232.79 
32232.91 
32233.02 
32233.14 
32233.26 
32233.38 
32233.50 
32233.63 
32233.76 
32233.88 
32234.00 
32234.13 
32234.26 
32234.38 
32234.50 
32234.62 
32234.73 
32234.86 
32234.97 
32235.10 
32235.22 
32235.34 
32235.46 
32235.60 
32235.73 
32235.86 
32235.99 
32236.12 
32236.24 
32236.35 
32236.47 
32236.58 
32236.71 
32236.83 
32236.95 
32237.07 
32237.19 
32237.31 
32237.43 
32237.55 
32237.67 
32237.79 
32237.91 
32238.03 
32238.14 
32238.26 
32238.38 
32238.49 
32238.61 
32238.73 
32238.85 
32238.97 
32239.09 
32239.22 
32239.35 
32239.46 
32239.58 
32239.69 
32239.82 
32239.94 
32240.06 
32240.17 
32240.28 
32240.39 
32240.50 
32240.63 
32240.75 
32240.86 
32240.99 
32241.11 
32241.23 
32241.35 
32241.47 
32241.59 
32241.70 
32241.81 
32241.92 
32242.05 
32242.19 
32242.31 
32242.43 
32242.55 
32242.66 
32242.79 
32242.91 
32243.04 
32243.16 
32243.28 
32243.40 
32243.52 
32243.64 
32243.76 
32243.89 
32244.02 
32244.14 
32244.26 
32244.38 
32244.50 
32244.62 
32244.74 
32244.86 
32244.98 
32245.10 
32245.21 
32245.33 
32245.45 
32245.57 
32245.70 
32245.84 
32245.96 
32246.08 
32246.21 
32246.32 
32246.44 
32246.56 
32246.70 
32246.82 
32246.94 
32247.06 
32247.18 
32247.29 
32247.41 
32247.54 
32247.67 
32247.80 
32247.93 
32248.05 
32248.18 
32248.31 
32248.44 
32248.55 
32248.67 
32248.79 
32248.91 
32249.03 
32249.16 
32249.27 
32249.39 
32249.50 
32249.61 
32249.73 
32249.85 
32249.97 
32250.09 
32250.21 
32250.32 
32250.44 
32250.56 
32250.69 
32250.80 
32250.91 
32251.03 
32251.15 
32251.28 
32251.39 
32251.50 
32251.63 
32251.74 
32251.86 
32251.99 
32252.12 
32252.25 
32252.36 
32252.47 
32252.59 
32252.71 
32252.84 
32252.97 
32253.08 
32253.20 
32253.33 
32253.46 
32253.57 
32253.69 
32253.81 
32253.93 
32254.05 
32254.17 
32254.28 
32254.41 
32254.53 
32254.65 
32254.77 
32254.88 
32255.01 
32255.14 
32255.28 
32255.40 
32255.51 
32255.63 
32255.75 
32255.87 
32255.98 
32256.10 
32256.22 
32256.35 
32256.47 
32256.60 
32256.72 
32256.84 
32256.97 
32257.09 
32257.21 
32257.32 
32257.44 
32257.56 
32257.68 
32257.79 
32257.92 
32258.05 
32258.17 
32258.30 
32258.41 
32258.53 
32258.65 
32258.76 
32258.87 
32258.98 
32259.10 
32259.21 
32259.33 
32259.45 
32259.56 
32259.67 
32259.80 
32259.92 
32260.03 
32260.16 
32260.27 
32260.39 
32260.52 
32260.64 
32260.76 
32260.87 
32260.98 
32261.11 
32261.23 
32261.35 
32261.47 
32261.59 
32261.71 
32261.85 
32261.97 
32262.08 
32262.21 
32262.33 
32262.44 
32262.56 
32262.68 
32262.80 
32262.92 
32263.04 
32263.15 
32263.26 
32263.38 
32263.51 
32263.63 
32263.75 
32263.87 
32264.00 
32264.12 
32264.24 
32264.37 
32264.49 
32264.62 
32264.73 
32264.86 
32264.99 
32265.10 
32265.22 
32265.34 
32265.45 
32265.56 
32265.68 
32265.80 
32265.93 
32266.04 
32266.15 
32266.27 
32266.39 
32266.52 
32266.65 
32266.78 
32266.90 
32267.02 
32267.13 
32267.24 
32267.36 
32267.49 
32267.61 
32267.72 
32267.84 
32267.95 
32268.08 
32268.20 
32268.33 
32268.45 
32268.57 
32268.69 
32268.82 
32268.94 
32269.06 
32269.18 
32269.29 
32269.41 
32269.53 
32269.65 
32269.77 
32269.88 
32270.00 
32270.13 
32270.25 
32270.38 
32270.49 
32270.62 
32270.73 
32270.85 
32270.98 
32271.10 
32271.23 
32271.36 
32271.49 
32271.61 
32271.74 
32271.87 
32272.00 
32272.13 
32272.25 
32272.38 
32272.51 
32272.63 
32272.76 
32272.88 
32273.01 
32273.14 
32273.27 
32273.39 
32273.52 
32273.65 
32273.78 
32273.91 
32274.03 
32274.16 
32274.28 
32274.41 
32274.54 
32274.67 
32274.80 
32274.93 
32275.06 
32275.19 
32275.33 
32275.46 
32275.59 
32275.73 
32275.85 
32275.98 
32276.11 
32276.24 
32276.37 
32276.49 
32276.62 
32276.75 
32276.88 
32277.01 
32277.14 
32277.27 
32277.39 
32277.52 
32277.65 
32277.78 
32277.90 
32278.04 
32278.16 
32278.29 
32278.42 
32278.55 
32278.69 
32278.82 
32278.94 
32279.07 
32279.20 
32279.33 
32279.45 
32279.58 
32279.71 
32279.84 
32279.96 
32280.09 
32280.21 
32280.34 
32280.46 
32280.59 
32280.72 
32280.85 
32280.97 
32281.10 
32281.22 
32281.36 
32281.48 
32281.61 
32281.74 
32281.87 
32282.00 
32282.14 
32282.27 
32282.40 
32282.52 
32282.65 
32282.78 
32282.91 
32283.03 
32283.15 
32283.28 
32283.41 
32283.54 
32283.67 
32283.79 
32283.92 
32284.05 
32284.18 
32284.31 
32284.43 
32284.56 
32284.69 
32284.82 
32284.95 
32285.07 
32285.20 
32285.34 
32285.47 
32285.60 
32285.72 
32285.85 
32285.98 
32286.11 
32286.24 
32286.36 
32286.49 
32286.62 
32286.74 
32286.87 
32286.99 
32287.12 
32287.25 
32287.38 
32287.51 
32287.63 
32287.76 
32287.89 
32288.01 
32288.14 
32288.27 
32288.39 
32288.52 
32288.65 
32288.78 
32288.91 
32289.03 
32289.16 
32289.29 
32289.42 
32289.55 
32289.69 
32289.82 
32289.95 
32290.07 
32290.20 
32290.32 
32290.45 
32290.58 
32290.70 
32290.83 
32290.96 
32291.08 
32291.21 
32291.34 
32291.47 
32291.60 
32291.72 
32291.85 
32291.98 
32292.11 
32292.23 
32292.36 
32292.49 
32292.62 
32292.75 
32292.88 
32293.00 
32293.13 
32293.26 
32293.39 
32293.51 
32293.64 
32293.77 
32293.90 
32294.03 
32294.16 
32294.28 
32294.41 
32294.54 
32294.67 
32294.80 
32294.93 
32295.05 
32295.18 
32295.31 
32295.43 
32295.56 
32295.69 
32295.82 
32295.95 
32296.08 
32296.21 
32296.34 
32296.46 
32296.59 
32296.71 
32296.83 
32296.96 
32297.08 
32297.21 
32297.34 
32297.47 
32297.60 
32297.73 
32297.85 
32297.98 
32298.10 
32298.23 
32298.35 
32298.48 
32298.61 
32298.74 
32298.87 
32298.99 
32299.12 
32299.25 
32299.37 
32299.50 
32299.63 
32299.76 
32299.88 
32300.01 
32300.14 
32300.27 
32300.39 
32300.52 
32300.65 
32300.78 
32300.91 
32301.04 
32301.17 
32301.30 
32301.42 
32301.55 
32301.68 
32301.80 
32301.93 
32302.06 
32302.19 
32302.32 
32302.45 
32302.58 
32302.71 
32302.83 
32302.96 
32303.09 
32303.22 
32303.35 
32303.47 
32303.60 
32303.73 
32303.86 
32303.99 
32304.13 
32304.26 
32304.38 
32304.51 
32304.65 
32304.77 
32304.90 
32305.02 
32305.15 
32305.27 
32305.40 
32305.53 
32305.66 
32305.78 
32305.91 
32306.04 
32306.17 
32306.29 
32306.42 
32306.55 
32306.68 
32306.80 
32306.93 
32307.06 
32307.18 
32307.30 
32307.43 
32307.56 
32307.69 
32307.82 
32307.94 
32308.07 
32308.20 
32308.33 
32308.46 
32308.59 
32308.72 
32308.86 
32308.99 
32309.12 
32309.24 
32309.37 
32309.50 
32309.62 
32309.75 
32309.88 
32310.01 
32310.13 
32310.25 
32310.38 
32310.51 
32310.64 
32310.76 
32310.89 
32311.02 
32311.15 
32311.28 
32311.40 
32311.53 
32311.66 
32311.79 
32311.92 
32312.04 
32312.17 
32312.30 
32312.42 
32312.55 
32312.67 
32312.80 
32312.93 
32313.06 
32313.18 
32313.31 
32313.44 
32313.56 
32313.69 
32313.82 
32313.95 
32314.07 
32314.21 
32314.34 
32314.46 
32314.59 
32314.71 
32314.84 
32314.97 
32315.09 
32315.22 
32315.35 
32315.47 
32315.60 
32315.73 
32315.85 
32315.98 
32316.11 
32316.24 
32316.36 
32316.49 
32316.62 
32316.75 
32316.88 
32317.00 
32317.13 
32317.26 
32317.39 
32317.52 
32317.64 
32317.77 
32317.90 
32318.02 
32318.15 
32318.28 
32318.40 
32318.53 
32318.66 
32318.78 
32318.91 
32319.04 
32319.16 
32319.29 
32319.42 
32319.54 
32319.67 
32319.80 
32319.93 
32320.06 
32320.18 
32320.31 
32320.44 
32320.57 
32320.69 
32320.82 
32320.95 
32321.08 
32321.21 
32321.33 
32321.46 
32321.59 
32321.72 
32321.84 
32321.97 
32322.10 
32322.22 
32322.34 
32322.47 
32322.60 
32322.72 
32322.85 
32322.98 
32323.11 
32323.23 
32323.35 
32323.47 
32323.60 
32323.73 
32323.85 
32323.98 
32324.11 
32324.24 
32324.36 
32324.49 
32324.62 
32324.75 
32324.87 
32325.00 
32325.13 
32325.25 
32325.38 
32325.51 
32325.63 
32325.76 
32325.88 
32326.01 
32326.14 
32326.27 
32326.39 
32326.54 
32326.67 
32326.80 
32326.93 
32327.05 
32327.18 
32327.31 
32327.44 
32327.57 
32327.69 
32327.82 
32327.95 
32328.08 
32328.21 
32328.33 
32328.46 
32328.59 
32328.72 
32328.84 
32328.97 
32329.10 
32329.23 
32329.36 
32329.48 
32329.61 
32329.75 
32329.87 
32330.00 
32330.13 
32330.26 
32330.38 
32330.51 
32330.63 
32330.76 
32330.89 
32331.02 
32331.14 
32331.27 
32331.39 
32331.52 
32331.65 
32331.77 
32331.90 
32332.03 
32332.16 
32332.29 
32332.42 
32332.54 
32332.67 
32332.80 
32332.93 
32333.06 
32333.18 
32333.31 
32333.44 
32333.56 
32333.69 
32333.82 
32333.95 
32334.08 
32334.20 
32334.33 
32334.46 
32334.59 
32334.72 
32334.85 
32334.98 
32335.10 
32335.24 
32335.36 
32335.49 
32335.62 
32335.75 
32335.87 
32336.00 
32336.13 
32336.25 
32336.38 
32336.51 
32336.64 
32336.76 
32336.89 
32337.01 
32337.14 
32337.27 
32337.41 
32337.53 
32337.66 
32337.79 
32337.92 
32338.05 
32338.18 
32338.31 
32338.43 
32338.56 
32338.69 
32338.80 
32338.91 
32339.03 
32339.15 
32339.28 
32339.41 
32339.54 
32339.67 
32339.79 
32339.92 
32340.05 
32340.18 
32340.30 
32340.43 
32340.56 
32340.69 
32340.82 
32340.95 
32341.07 
32341.20 
32341.33 
32341.46 
32341.58 
32341.72 
32341.84 
32341.97 
32342.10 
32342.23 
32342.35 
32342.48 
32342.61 
32342.74 
32342.87 
32342.99 
32343.14 
32343.27 
32343.39 
32343.52 
32343.66 
32343.79 
32343.92 
32344.05 
32344.17 
32344.30 
32344.42 
32344.55 
32344.68 
32344.80 
32344.93 
32345.06 
32345.18 
32345.31 
32345.44 
32345.57 
32345.70 
32345.83 
32345.95 
32346.08 
32346.20 
32346.33 
32346.46 
32346.59 
32346.72 
32346.84 
32346.97 
32347.10 
32347.23 
32347.36 
32347.48 
32347.61 
32347.74 
32347.87 
32348.00 
32348.12 
32348.25 
32348.37 
32348.52 
32348.65 
32348.78 
32348.91 
32349.04 
32349.17 
32349.29 
32349.42 
32349.55 
32349.67 
32349.80 
32349.93 
32350.06 
32350.19 
32350.32 
32350.44 
32350.57 
32350.70 
32350.83 
32350.96 
32351.08 
32351.21 
32351.34 
32351.46 
32351.59 
32351.72 
32351.85 
32351.98 
32352.11 
32352.24 
32352.37 
32352.49 
32352.62 
32352.75 
32352.87 
32353.00 
32353.13 
32353.26 
32353.39 
32353.52 
32353.65 
32353.77 
32353.90 
32354.03 
32354.16 
32354.27 
32354.40 
32354.51 
32354.64 
32354.77 
32354.89 
32355.02 
32355.14 
32355.28 
32355.41 
32355.54 
32355.66 
32355.79 
32355.92 
32356.04 
32356.17 
32356.30 
32356.43 
32356.56 
32356.69 
32356.83 
32356.95 
32357.07 
32357.20 
32357.33 
32357.46 
32357.58 
32357.71 
32357.84 
32357.97 
32358.09 
32358.22 
32358.34 
32358.47 
32358.60 
32358.73 
32358.86 
32358.99 
32359.12 
32359.25 
32359.38 
32359.50 
32359.63 
32359.75 
32359.88 
32360.00 
32360.13 
32360.26 
32360.39 
32360.51 
32360.64 
32360.77 
32360.90 
32361.02 
32361.15 
32361.28 
32361.41 
32361.54 
32361.66 
32361.79 
32361.92 
32362.05 
32362.17 
32362.30 
32362.43 
32362.56 
32362.68 
32362.81 
32362.94 
32363.07 
32363.20 
32363.32 
32363.45 
32363.58 
32363.71 
32363.83 
32363.96 
32364.09 
32364.22 
32364.35 
32364.47 
32364.60 
32364.73 
32364.86 
32364.98 
32365.11 
32365.24 
32365.37 
32365.50 
32365.63 
32365.75 
32365.88 
32366.01 
32366.15 
32366.28 
32366.41 
32366.54 
32366.67 
32366.79 
32366.92 
32367.05 
32367.18 
32367.30 
32367.43 
32367.55 
32367.68 
32367.81 
32367.94 
32368.07 
32368.19 
32368.32 
32368.45 
32368.57 
32368.70 
32368.84 
32368.97 
32369.10 
32369.23 
32369.36 
32369.48 
32369.61 
32369.74 
32369.86 
32369.97 
32370.10 
32370.22 
32370.35 
32370.48 
32370.60 
32370.73 
32370.86 
32370.99 
32371.11 
32371.24 
32371.37 
32371.49 
32371.62 
32371.75 
32371.88 
32372.01 
32372.15 
32372.27 
32372.40 
32372.53 
32372.66 
32372.78 
32372.91 
32373.04 
32373.16 
32373.29 
32373.42 
32373.55 
32373.68 
32373.80 
32373.93 
32374.06 
32374.19 
32374.32 
32374.45 
32374.58 
32374.70 
32374.83 
32374.96 
32375.09 
32375.22 
32375.35 
32375.47 
32375.60 
32375.73 
32375.86 
32375.98 
32376.11 
32376.24 
32376.37 
32376.49 
32376.62 
32376.75 
32376.88 
32377.01 
32377.14 
32377.26 
32377.39 
32377.52 
32377.65 
32377.78 
32377.91 
32378.04 
32378.16 
32378.29 
32378.42 
32378.55 
32378.67 
32378.80 
32378.93 
32379.06 
32379.20 
32379.33 
32379.45 
32379.58 
32379.71 
32379.83 
32379.96 
32380.09 
32380.22 
32380.35 
32380.48 
32380.60 
32380.73 
32380.86 
32380.99 
32381.12 
32381.25 
32381.37 
32381.50 
32381.63 
32381.75 
32381.88 
32382.03 
32382.16 
32382.28 
32382.41 
32382.54 
32382.67 
32382.79 
32382.92 
32383.05 
32383.18 
32383.32 
32383.45 
32383.58 
32383.70 
32383.83 
32383.96 
32384.09 
32384.22 
32384.35 
32384.48 
32384.61 
32384.73 
32384.86 
32384.99 
32385.11 
32385.24 
32385.36 
32385.47 
32385.59 
32385.72 
32385.84 
32385.97 
32386.10 
32386.23 
32386.35 
32386.48 
32386.61 
32386.75 
32386.88 
32387.01 
32387.14 
32387.26 
32387.39 
32387.52 
32387.65 
32387.77 
32387.90 
32388.03 
32388.16 
32388.28 
32388.40 
32388.53 
32388.66 
32388.79 
32388.91 
32389.04 
32389.17 
32389.30 
32389.43 
32389.55 
32389.68 
32389.80 
32389.92 
32390.05 
32390.18 
32390.31 
32390.43 
32390.56 
32390.69 
32390.81 
32390.94 
32391.08 
32391.21 
32391.34 
32391.46 
32391.59 
32391.72 
32391.85 
32391.98 
32392.11 
32392.24 
32392.37 
32392.50 
32392.63 
32392.75 
32392.88 
32393.01 
32393.14 
32393.27 
32393.39 
32393.52 
32393.67 
32393.79 
32393.92 
32394.06 
32394.19 
32394.32 
32394.45 
32394.58 
32394.70 
32394.83 
32394.96 
32395.09 
32395.22 
32395.36 
32395.48 
32395.61 
32395.73 
32395.86 
32395.98 
32396.12 
32396.24 
32396.37 
32396.50 
32396.62 
32396.75 
32396.88 
32397.00 
32397.13 
32397.26 
32397.39 
32397.52 
32397.64 
32397.77 
32397.90 
32398.03 
32398.15 
32398.28 
32398.41 
32398.54 
32398.67 
32398.80 
32398.92 
32399.05 
32399.18 
32399.31 
32399.44 
32399.57 
32399.69 
32399.82 
32399.97 
32400.10 
32400.22 
32400.35 
32400.48 
32400.60 
32400.72 
32400.86 
32400.98 
32401.10 
32401.23 
32401.36 
32401.49 
32401.62 
32401.75 
32401.89 
32402.01 
32402.14 
32402.27 
32402.39 
32402.52 
32402.65 
32402.78 
32402.91 
32403.04 
32403.17 
32403.29 
32403.42 
32403.55 
32403.68 
32403.80 
32403.93 
32404.06 
32404.19 
32404.31 
32404.44 
32404.57 
32404.70 
32404.83 
32404.95 
32405.08 
32405.20 
32405.33 
32405.46 
32405.58 
32405.71 
32405.84 
32405.96 
32406.09 
32406.21 
32406.34 
32406.46 
32406.59 
32406.72 
32406.84 
32406.97 
32407.10 
32407.23 
32407.36 
32407.48 
32407.61 
32407.75 
32407.87 
32408.00 
32408.13 
32408.26 
32408.39 
32408.51 
32408.64 
32408.77 
32408.89 
32409.02 
32409.15 
32409.28 
32409.40 
32409.53 
32409.66 
32409.79 
32409.92 
32410.04 
32410.17 
32410.30 
32410.42 
32410.55 
32410.68 
32410.81 
32410.94 
32411.07 
32411.20 
32411.32 
32411.45 
32411.58 
32411.70 
32411.83 
32411.96 
32412.09 
32412.22 
32412.35 
32412.47 
32412.60 
32412.73 
32412.86 
32412.99 
32413.11 
32413.24 
32413.36 
32413.49 
32413.62 
32413.75 
32413.89 
32414.02 
32414.15 
32414.27 
32414.40 
32414.53 
32414.66 
32414.78 
32414.91 
32415.04 
32415.17 
32415.30 
32415.43 
32415.55 
32415.68 
32415.81 
32415.93 
32416.08 
32416.19 
32416.32 
32416.44 
32416.57 
32416.70 
32416.82 
32416.95 
32417.08 
32417.21 
32417.34 
32417.47 
32417.60 
32417.72 
32417.85 
32417.98 
32418.11 
32418.24 
32418.37 
32418.50 
32418.62 
32418.75 
32418.88 
32419.01 
32419.13 
32419.26 
32419.39 
32419.52 
32419.64 
32419.77 
32419.90 
32420.02 
32420.15 
32420.28 
32420.41 
32420.54 
32420.67 
32420.81 
32420.94 
32421.07 
32421.20 
32421.33 
32421.45 
32421.58 
32421.70 
32421.83 
32421.96 
32422.08 
32422.21 
32422.34 
32422.47 
32422.60 
32422.72 
32422.85 
32422.98 
32423.11 
32423.23 
32423.38 
32423.51 
32423.63 
32423.78 
32423.91 
32424.04 
32424.16 
32424.29 
32424.41 
32424.54 
32424.67 
32424.80 
32424.92 
32425.05 
32425.18 
32425.31 
32425.44 
32425.57 
32425.71 
32425.84 
32425.96 
32426.09 
32426.22 
32426.35 
32426.47 
32426.60 
32426.73 
32426.86 
32426.99 
32427.12 
32427.25 
32427.37 
32427.50 
32427.63 
32427.75 
32427.88 
32428.01 
32428.13 
32428.26 
32428.38 
32428.51 
32428.64 
32428.77 
32428.90 
32429.03 
32429.15 
32429.28 
32429.41 
32429.54 
32429.67 
32429.80 
32429.92 
32430.05 
32430.18 
32430.31 
32430.44 
32430.56 
32430.69 
32430.82 
32430.95 
32431.09 
32431.22 
32431.35 
32431.48 
32431.60 
32431.74 
32431.86 
32432.00 
32432.12 
32432.25 
32432.38 
32432.51 
32432.64 
32432.76 
32432.89 
32433.02 
32433.15 
32433.28 
32433.40 
32433.53 
32433.65 
32433.78 
32433.90 
32434.03 
32434.16 
32434.28 
32434.41 
32434.54 
32434.66 
32434.79 
32434.93 
32435.05 
32435.18 
32435.31 
32435.43 
32435.56 
32435.69 
32435.82 
32435.94 
32436.07 
32436.20 
32436.32 
32436.45 
32436.57 
32436.70 
32436.83 
32436.95 
32437.08 
32437.21 
32437.34 
32437.47 
32437.60 
32437.73 
32437.85 
32437.98 
32438.11 
32438.24 
32438.37 
32438.49 
32438.61 
32438.74 
32438.87 
32438.99 
32439.12 
32439.25 
32439.38 
32439.51 
32439.64 
32439.76 
32439.89 
32440.01 
32440.14 
32440.27 
32440.39 
32440.52 
32440.65 
32440.78 
32440.91 
32441.04 
32441.16 
32441.29 
32441.42 
32441.55 
32441.67 
32441.80 
32441.91 
32442.03 
32442.15 
32442.28 
32442.41 
32442.54 
32442.67 
32442.80 
32442.93 
32443.05 
32443.18 
32443.31 
32443.44 
32443.57 
32443.70 
32443.83 
32443.95 
32444.08 
32444.21 
32444.34 
32444.46 
32444.59 
32444.72 
32444.85 
32444.98 
32445.11 
32445.24 
32445.36 
32445.49 
32445.61 
32445.74 
32445.87 
32446.00 
32446.12 
32446.25 
32446.38 
32446.53 
32446.65 
32446.78 
32446.91 
32447.03 
32447.16 
32447.28 
32447.40 
32447.53 
32447.66 
32447.79 
32447.92 
32448.03 
32448.16 
32448.29 
32448.43 
32448.56 
32448.69 
32448.82 
32448.95 
32449.07 
32449.20 
32449.33 
32449.46 
32449.58 
32449.72 
32449.84 
32449.97 
32450.10 
32450.22 
32450.35 
32450.47 
32450.60 
32450.73 
32450.87 
32451.00 
32451.13 
32451.26 
32451.39 
32451.51 
32451.66 
32451.79 
32451.91 
32452.04 
32452.17 
32452.30 
32452.43 
32452.56 
32452.69 
32452.81 
32452.94 
32453.07 
32453.20 
32453.32 
32453.45 
32453.58 
32453.71 
32453.84 
32453.96 
32454.09 
32454.22 
32454.35 
32454.48 
32454.60 
32454.73 
32454.86 
32454.99 
32455.12 
32455.24 
32455.37 
32455.50 
32455.63 
32455.75 
32455.88 
32456.01 
32456.14 
32456.26 
32456.39 
32456.52 
32456.65 
32456.77 
32456.90 
32457.04 
32457.16 
32457.29 
32457.41 
32457.54 
32457.67 
32457.80 
32457.92 
32458.05 
32458.18 
32458.31 
32458.43 
32458.56 
32458.69 
32458.82 
32458.95 
32459.09 
32459.21 
32459.34 
32459.47 
32459.59 
32459.72 
32459.85 
32459.98 
32460.11 
32460.24 
32460.37 
32460.50 
32460.62 
32460.75 
32460.88 
32461.00 
32461.13 
32461.26 
32461.38 
32461.51 
32461.64 
32461.77 
32461.90 
32462.03 
32462.15 
32462.28 
32462.41 
32462.53 
32462.64 
32462.77 
32462.88 
32463.01 
32463.14 
32463.28 
32463.41 
32463.54 
32463.66 
32463.79 
32463.92 
32464.05 
32464.18 
32464.30 
32464.43 
32464.56 
32464.68 
32464.81 
32464.94 
32465.06 
32465.19 
32465.32 
32465.45 
32465.57 
32465.70 
32465.83 
32465.95 
32466.08 
32466.20 
32466.33 
32466.46 
32466.61 
32466.74 
32466.86 
32466.99 
32467.12 
32467.24 
32467.37 
32467.50 
32467.63 
32467.76 
32467.89 
32468.02 
32468.15 
32468.27 
32468.40 
32468.53 
32468.66 
32468.78 
32468.92 
32469.05 
32469.18 
32469.31 
32469.43 
32469.56 
32469.69 
32469.82 
32469.95 
32470.08 
32470.20 
32470.33 
32470.46 
32470.59 
32470.71 
32470.84 
32470.96 
32471.09 
32471.22 
32471.35 
32471.47 
32471.60 
32471.73 
32471.86 
32471.99 
32472.11 
32472.24 
32472.37 
32472.50 
32472.62 
32472.75 
32472.88 
32473.01 
32473.13 
32473.26 
32473.39 
32473.52 
32473.65 
32473.77 
32473.90 
32474.03 
32474.16 
32474.29 
32474.42 
32474.55 
32474.67 
32474.80 
32474.93 
32475.07 
32475.20 
32475.32 
32475.45 
32475.57 
32475.70 
32475.82 
32475.95 
32476.07 
32476.20 
32476.33 
32476.46 
32476.59 
32476.72 
32476.84 
32476.97 
32477.10 
32477.23 
32477.35 
32477.48 
32477.61 
32477.74 
32477.87 
32478.00 
32478.12 
32478.24 
32478.36 
32478.49 
32478.62 
32478.74 
32478.87 
32478.99 
32479.12 
32479.25 
32479.37 
32479.50 
32479.63 
32479.76 
32479.89 
32480.01 
32480.14 
32480.27 
32480.39 
32480.52 
32480.65 
32480.78 
32480.90 
32481.03 
32481.16 
32481.29 
32481.42 
32481.55 
32481.67 
32481.80 
32481.93 
32482.06 
32482.18 
32482.31 
32482.44 
32482.57 
32482.70 
32482.82 
32482.95 
32483.08 
32483.21 
32483.33 
32483.46 
32483.59 
32483.72 
32483.84 
32483.97 
32484.10 
32484.23 
32484.35 
32484.48 
32484.61 
32484.74 
32484.86 
32484.99 
32485.12 
32485.25 
32485.38 
32485.50 
32485.63 
32485.76 
32485.89 
32486.01 
32486.14 
32486.27 
32486.40 
32486.52 
32486.65 
32486.78 
32486.91 
32487.04 
32487.16 
32487.29 
32487.42 
32487.55 
32487.67 
32487.80 
32487.93 
32488.06 
32488.19 
32488.32 
32488.44 
32488.57 
32488.70 
32488.83 
32488.96 
32489.08 
32489.21 
32489.34 
32489.47 
32489.60 
32489.73 
32489.85 
32489.97 
32490.10 
32490.23 
32490.35 
32490.48 
32490.61 
32490.74 
32490.87 
32490.99 
32491.12 
32491.25 
32491.40 
32491.53 
32491.66 
32491.79 
32491.92 
32492.05 
32492.17 
32492.30 
32492.42 
32492.55 
32492.68 
32492.81 
32492.94 
32493.06 
32493.19 
32493.32 
32493.44 
32493.57 
32493.70 
32493.81 
32493.93 
32494.07 
32494.19 
32494.32 
32494.45 
32494.58 
32494.70 
32494.83 
32494.96 
32495.08 
32495.21 
32495.34 
32495.47 
32495.60 
32495.73 
32495.85 
32495.98 
32496.11 
32496.24 
32496.36 
32496.49 
32496.62 
32496.75 
32496.88 
32497.00 
32497.13 
32497.26 
32497.39 
32497.53 
32497.66 
32497.79 
32497.91 
32498.04 
32498.17 
32498.30 
32498.40 
32498.53 
32498.65 
32498.77 
32498.89 
32499.01 
32499.13 
32499.25 
32499.37 
32499.50 
32499.63 
32499.76 
32499.89 
32500.02 
32500.14 
32500.27 
32500.40 
32500.53 
32500.66 
32500.79 
32500.91 
32501.04 
32501.17 
32501.29 
32501.42 
32501.55 
32501.67 
32501.80 
32501.93 
32502.06 
32502.19 
32502.32 
32502.44 
32502.57 
32502.70 
32502.83 
32502.96 
32503.09 
32503.21 
32503.34 
32503.47 
32503.59 
32503.72 
32503.85 
32503.98 
32504.11 
32504.24 
32504.36 
32504.49 
32504.62 
32504.75 
32504.88 
32505.01 
32505.13 
32505.26 
32505.39 
32505.52 
32505.65 
32505.77 
32505.90 
32506.03 
32506.16 
32506.28 
32506.39 
32506.53 
32506.66 
32506.80 
32506.92 
32507.05 
32507.15 
32507.28 
32507.38 
32507.50 
32507.62 
32507.73 
32507.85 
32507.97 
32508.09 
32508.20 
32508.32 
32508.44 
32508.56 
32508.68 
32508.79 
32508.91 
32509.03 
32509.14 
32509.26 
32509.38 
32509.49 
32509.61 
32509.73 
32509.85 
32509.96 
32510.08 
32510.20 
32510.31 
32510.43 
32510.57 
32510.69 
32510.81 
32510.93 
32511.06 
32511.18 
32511.32 
32511.46 
32511.59 
32511.72 
32511.86 
32511.99 
32512.13 
32512.27 
32512.39 
32512.53 
32512.66 
32512.79 
32512.92 
32513.05 
32513.19 
32513.34 
32513.48 
32513.61 
32513.74 
32513.87 
32513.99 
32514.12 
32514.26 
32514.40 
32514.52 
32514.65 
32514.78 
32514.92 
32515.05 
32515.18 
32515.32 
32515.45 
32515.57 
32515.71 
32515.83 
32515.97 
32516.10 
32516.24 
32516.37 
32516.50 
32516.65 
32516.78 
32516.92 
32517.05 
32517.16 
32517.28 
32517.41 
32517.54 
32517.67 
32517.80 
32517.93 
32518.05 
32518.19 
32518.32 
32518.45 
32518.59 
32518.71 
32518.84 
32518.97 
32519.10 
32519.24 
32519.37 
32519.51 
32519.64 
32519.78 
32519.92 
32520.04 
32520.17 
32520.31 
32520.45 
32520.59 
32520.71 
32520.85 
32520.99 
32521.13 
32521.26 
32521.38 
32521.51 
32521.64 
32521.78 
32521.91 
32522.04 
32522.16 
32522.29 
32522.43 
32522.57 
32522.70 
32522.84 
32522.97 
32523.11 
32523.24 
32523.38 
32523.51 
32523.65 
32523.79 
32523.93 
32524.06 
32524.20 
32524.33 
32524.47 
32524.60 
32524.73 
32524.87 
32525.00 
32525.14 
32525.27 
32525.41 
32525.54 
32525.67 
32525.80 
32525.93 
32526.07 
32526.20 
32526.33 
32526.45 
32526.58 
32526.71 
32526.86 
32527.00 
32527.13 
32527.25 
32527.40 
32527.53 
32527.66 
32527.78 
32527.91 
32528.04 
32528.17 
32528.29 
32528.42 
32528.57 
32528.70 
32528.82 
32528.95 
32529.07 
32529.21 
32529.34 
32529.46 
32529.59 
32529.71 
32529.85 
32529.98 
32530.10 
32530.23 
32530.37 
32530.51 
32530.63 
32530.76 
32530.88 
32531.02 
32531.16 
32531.29 
32531.43 
32531.56 
32531.69 
32531.82 
32531.96 
32532.09 
32532.21 
32532.35 
32532.47 
32532.61 
32532.74 
32532.88 
32533.01 
32533.14 
32533.29 
32533.43 
32533.56 
32533.70 
32533.83 
32533.96 
32534.09 
32534.21 
32534.34 
32534.48 
32534.62 
32534.76 
32534.89 
32535.03 
32535.16 
32535.29 
32535.43 
32535.56 
32535.68 
32535.80 
32535.93 
32536.07 
32536.20 
32536.33 
32536.47 
32536.60 
32536.73 
32536.87 
32536.99 
32537.13 
32537.26 
32537.39 
32537.53 
32537.65 
32537.79 
32537.93 
32538.06 
32538.18 
32538.32 
32538.44 
32538.58 
32538.71 
32538.84 
32538.97 
32539.09 
32539.22 
32539.36 
32539.50 
32539.62 
32539.75 
32539.89 
32540.02 
32540.15 
32540.27 
32540.41 
32540.55 
32540.68 
32540.80 
32540.94 
32541.07 
32541.19 
32541.33 
32541.46 
32541.59 
32541.72 
32541.84 
32541.98 
32542.11 
32542.23 
32542.37 
32542.51 
32542.63 
32542.76 
32542.89 
32543.02 
32543.16 
32543.29 
32543.42 
32543.56 
32543.69 
32543.83 
32543.96 
32544.10 
32544.24 
32544.36 
32544.51 
32544.65 
32544.77 
32544.91 
32545.05 
32545.18 
32545.30 
32545.45 
32545.59 
32545.72 
32545.85 
32545.98 
32546.12 
32546.25 
32546.37 
32546.51 
32546.63 
32546.78 
32546.91 
32547.03 
32547.16 
32547.30 
32547.43 
32547.57 
32547.71 
32547.85 
32547.98 
32548.12 
32548.25 
32548.37 
32548.49 
32548.61 
32548.74 
32548.88 
32549.00 
32549.13 
32549.26 
32549.40 
32549.53 
32549.67 
32549.80 
32549.93 
32550.07 
32550.21 
32550.34 
32550.47 
32550.59 
32550.72 
32550.85 
32550.98 
32551.12 
32551.26 
32551.38 
32551.51 
32551.64 
32551.76 
32551.90 
32552.04 
32552.17 
32552.29 
32552.43 
32552.57 
32552.70 
32552.82 
32552.96 
32553.08 
32553.22 
32553.35 
32553.48 
32553.61 
32553.73 
32553.86 
32553.99 
32554.12 
32554.24 
32554.38 
32554.50 
32554.64 
32554.76 
32554.89 
32555.03 
32555.16 
32555.30 
32555.43 
32555.56 
32555.68 
32555.81 
32555.95 
32556.07 
32556.20 
32556.33 
32556.45 
32556.59 
32556.72 
32556.84 
32556.97 
32557.11 
32557.24 
32557.36 
32557.50 
32557.63 
32557.75 
32557.88 
32558.00 
32558.14 
32558.27 
32558.39 
32558.53 
32558.65 
32558.77 
32558.91 
32559.03 
32559.16 
32559.28 
32559.42 
32559.56 
32559.69 
32559.81 
32559.95 
32560.07 
32560.21 
32560.36 
32560.49 
32560.63 
32560.76 
32560.89 
32561.03 
32561.16 
32561.29 
32561.43 
32561.56 
32561.70 
32561.83 
32561.98 
32562.10 
32562.23 
32562.36 
32562.50 
32562.64 
32562.76 
32562.89 
32563.03 
32563.16 
32563.30 
32563.44 
32563.57 
32563.71 
32563.83 
32563.96 
32564.09 
32564.23 
32564.36 
32564.49 
32564.63 
32564.76 
32564.89 
32565.03 
32565.16 
32565.30 
32565.43 
32565.56 
32565.69 
32565.81 
32565.95 
32566.07 
32566.20 
32566.34 
32566.47 
32566.60 
32566.73 
32566.87 
32567.00 
32567.13 
32567.25 
32567.39 
32567.51 
32567.65 
32567.79 
32567.91 
32568.04 
32568.18 
32568.31 
32568.45 
32568.59 
32568.73 
32568.85 
32568.99 
32569.11 
32569.24 
32569.36 
32569.50 
32569.64 
32569.77 
32569.89 
32570.03 
32570.17 
32570.30 
32570.44 
32570.57 
32570.70 
32570.84 
32570.96 
32571.10 
32571.23 
32571.37 
32571.51 
32571.64 
32571.76 
32571.90 
32572.04 
32572.18 
32572.32 
32572.44 
32572.58 
32572.71 
32572.83 
32572.97 
32573.11 
32573.25 
32573.37 
32573.49 
32573.62 
32573.74 
32573.87 
32574.00 
32574.13 
32574.26 
32574.38 
32574.51 
32574.64 
32574.77 
32574.89 
32575.02 
32575.15 
32575.27 
32575.40 
32575.55 
32575.67 
32575.80 
32575.93 
32576.06 
32576.19 
32576.31 
32576.44 
32576.56 
32576.69 
32576.82 
32576.95 
32577.07 
32577.20 
32577.33 
32577.46 
32577.58 
32577.71 
32577.85 
32577.98 
32578.11 
32578.24 
32578.37 
32578.51 
32578.64 
32578.77 
32578.90 
32579.03 
32579.15 
32579.28 
32579.41 
32579.54 
32579.67 
32579.81 
32579.94 
32580.07 
32580.19 
32580.32 
32580.44 
32580.58 
32580.70 
32580.85 
32580.98 
32581.11 
32581.23 
32581.36 
32581.49 
32581.62 
32581.74 
32581.87 
32582.00 
32582.13 
32582.26 
32582.39 
32582.51 
32582.64 
32582.77 
32582.90 
32583.03 
32583.15 
32583.28 
32583.41 
32583.54 
32583.67 
32583.79 
32583.92 
32584.05 
32584.18 
32584.31 
32584.44 
32584.56 
32584.69 
32584.82 
32584.95 
32585.08 
32585.20 
32585.33 
32585.46 
32585.59 
32585.73 
32585.86 
32585.99 
32586.11 
32586.24 
32586.37 
32586.50 
32586.63 
32586.75 
32586.88 
32587.01 
32587.14 
32587.27 
32587.39 
32587.52 
32587.65 
32587.78 
32587.91 
32588.03 
32588.16 
32588.29 
32588.42 
32588.55 
32588.67 
32588.80 
32588.93 
32589.06 
32589.19 
32589.32 
32589.44 
32589.57 
32589.70 
32589.83 
32589.95 
32590.08 
32590.21 
32590.34 
32590.47 
32590.60 
32590.72 
32590.85 
32590.98 
32591.11 
32591.24 
32591.36 
32591.49 
32591.62 
32591.75 
32591.87 
32592.01 
32592.14 
32592.27 
32592.40 
32592.52 
32592.65 
32592.78 
32592.92 
32593.05 
32593.18 
32593.33 
32593.46 
32593.59 
32593.71 
32593.84 
32593.97 
32594.09 
32594.22 
32594.35 
32594.48 
32594.61 
32594.74 
32594.86 
32594.99 
32595.12 
32595.25 
32595.37 
32595.50 
32595.63 
32595.76 
32595.88 
32596.00 
32596.11 
32596.23 
32596.35 
32596.48 
32596.61 
32596.74 
32596.86 
32596.99 
32597.12 
32597.25 
32597.37 
32597.50 
32597.63 
32597.76 
32597.89 
32598.02 
32598.14 
32598.27 
32598.40 
32598.52 
32598.64 
32598.77 
32598.90 
32599.02 
32599.15 
32599.28 
32599.41 
32599.53 
32599.66 
32599.79 
32599.92 
32600.05 
32600.17 
32600.30 
32600.43 
32600.56 
32600.68 
32600.81 
32600.94 
32601.07 
32601.20 
32601.32 
32601.45 
32601.58 
32601.71 
32601.83 
32601.96 
32602.08 
32602.21 
32602.34 
32602.46 
32602.59 
32602.72 
32602.85 
32602.97 
32603.10 
32603.23 
32603.36 
32603.49 
32603.61 
32603.74 
32603.87 
32603.99 
32604.12 
32604.25 
32604.38 
32604.51 
32604.64 
32604.76 
32604.89 
32605.01 
32605.14 
32605.27 
32605.40 
32605.52 
32605.65 
32605.78 
32605.90 
32606.03 
32606.16 
32606.28 
32606.41 
32606.54 
32606.67 
32606.80 
32606.93 
32607.05 
32607.18 
32607.31 
32607.44 
32607.57 
32607.70 
32607.82 
32607.95 
32608.08 
32608.21 
32608.34 
32608.47 
32608.59 
32608.72 
32608.85 
32608.98 
32609.11 
32609.24 
32609.36 
32609.49 
32609.62 
32609.76 
32609.89 
32610.02 
32610.14 
32610.27 
32610.40 
32610.53 
32610.66 
32610.78 
32610.91 
32611.04 
32611.17 
32611.30 
32611.43 
32611.56 
32611.70 
32611.83 
32611.95 
32612.08 
32612.21 
32612.34 
32612.47 
32612.60 
32612.72 
32612.85 
32612.98 
32613.11 
32613.24 
32613.36 
32613.49 
32613.62 
32613.75 
32613.87 
32614.00 
32614.13 
32614.26 
32614.39 
32614.51 
32614.64 
32614.77 
32614.91 
32615.04 
32615.16 
32615.29 
32615.42 
32615.55 
32615.67 
32615.80 
32615.93 
32616.06 
32616.19 
32616.31 
32616.44 
32616.57 
32616.70 
32616.82 
32616.95 
32617.07 
32617.20 
32617.33 
32617.46 
32617.58 
32617.71 
32617.84 
32617.97 
32618.10 
32618.23 
32618.35 
32618.48 
32618.61 
32618.74 
32618.87 
32618.99 
32619.12 
32619.25 
32619.38 
32619.51 
32619.63 
32619.76 
32619.89 
32620.02 
32620.15 
32620.28 
32620.40 
32620.53 
32620.66 
32620.79 
32620.91 
32621.04 
32621.17 
32621.30 
32621.43 
32621.55 
32621.68 
32621.81 
32621.94 
32622.06 
32622.19 
32622.32 
32622.45 
32622.58 
32622.71 
32622.83 
32622.96 
32623.09 
32623.22 
32623.35 
32623.47 
32623.60 
32623.73 
32623.86 
32623.99 
32624.12 
32624.24 
32624.37 
32624.50 
32624.63 
32624.75 
32624.88 
32625.01 
32625.13 
32625.26 
32625.39 
32625.52 
32625.64 
32625.77 
32625.89 
32626.03 
32626.16 
32626.30 
32626.43 
32626.55 
32626.68 
32626.81 
32626.94 
32627.06 
32627.17 
32627.29 
32627.42 
32627.55 
32627.68 
32627.80 
32627.93 
32628.06 
32628.19 
32628.32 
32628.45 
32628.57 
32628.70 
32628.82 
32628.96 
32629.09 
32629.22 
32629.34 
32629.47 
32629.60 
32629.73 
32629.85 
32629.98 
32630.11 
32630.24 
32630.37 
32630.49 
32630.62 
32630.75 
32630.87 
32630.99 
32631.12 
32631.26 
32631.39 
32631.52 
32631.64 
32631.77 
32631.90 
32632.02 
32632.15 
32632.28 
32632.41 
32632.54 
32632.67 
32632.80 
32632.92 
32633.05 
32633.18 
32633.31 
32633.43 
32633.55 
32633.68 
32633.81 
32633.94 
32634.07 
32634.19 
32634.32 
32634.45 
32634.58 
32634.71 
32634.84 
32634.96 
32635.09 
32635.21 
32635.33 
32635.46 
32635.61 
32635.74 
32635.87 
32636.00 
32636.13 
32636.25 
32636.38 
32636.51 
32636.64 
32636.77 
32636.89 
32637.02 
32637.15 
32637.28 
32637.41 
32637.54 
32637.67 
32637.79 
32637.92 
32638.05 
32638.18 
32638.31 
32638.44 
32638.56 
32638.69 
32638.82 
32638.95 
32639.07 
32639.20 
32639.33 
32639.46 
32639.59 
32639.71 
32639.84 
32639.97 
32640.10 
32640.22 
32640.35 
32640.48 
32640.61 
32640.74 
32640.87 
32640.99 
32641.12 
32641.25 
32641.38 
32641.50 
32641.63 
32641.76 
32641.89 
32642.02 
32642.15 
32642.28 
32642.41 
32642.53 
32642.66 
32642.78 
32642.90 
32643.03 
32643.15 
32643.28 
32643.41 
32643.54 
32643.67 
32643.79 
32643.92 
32644.04 
32644.16 
32644.29 
32644.42 
32644.55 
32644.67 
32644.80 
32644.93 
32645.06 
32645.19 
32645.31 
32645.44 
32645.57 
32645.69 
32645.82 
32645.95 
32646.08 
32646.20 
32646.33 
32646.46 
32646.58 
32646.71 
32646.84 
32646.96 
32647.09 
32647.21 
32647.34 
32647.47 
32647.60 
32647.73 
32647.86 
32647.99 
32648.11 
32648.24 
32648.37 
32648.50 
32648.63 
32648.75 
32648.88 
32649.01 
32649.14 
32649.27 
32649.40 
32649.52 
32649.65 
32649.78 
32649.91 
32650.03 
32650.16 
32650.29 
32650.42 
32650.55 
32650.67 
32650.80 
32650.93 
32651.06 
32651.19 
32651.31 
32651.44 
32651.57 
32651.70 
32651.83 
32651.95 
32652.08 
32652.21 
32652.34 
32652.46 
32652.59 
32652.72 
32652.85 
32652.98 
32653.11 
32653.23 
32653.36 
32653.49 
32653.62 
32653.75 
32653.87 
32654.00 
32654.13 
32654.26 
32654.38 
32654.51 
32654.64 
32654.77 
32654.90 
32655.03 
32655.15 
32655.28 
32655.40 
32655.53 
32655.65 
32655.77 
32655.90 
32656.03 
32656.16 
32656.29 
32656.41 
32656.54 
32656.67 
32656.80 
32656.93 
32657.05 
32657.18 
32657.31 
32657.43 
32657.56 
32657.69 
32657.81 
32657.94 
32658.05 
32658.18 
32658.30 
32658.44 
32658.57 
32658.70 
32658.82 
32658.94 
32659.08 
32659.21 
32659.34 
32659.47 
32659.60 
32659.72 
32659.84 
32659.97 
32660.10 
32660.23 
32660.35 
32660.48 
32660.61 
32660.74 
32660.87 
32660.99 
32661.12 
32661.25 
32661.37 
32661.50 
32661.63 
32661.76 
32661.88 
32662.01 
32662.14 
32662.27 
32662.40 
32662.53 
32662.67 
32662.80 
32662.92 
32663.05 
32663.17 
32663.30 
32663.43 
32663.56 
32663.69 
32663.82 
32663.95 
32664.07 
32664.21 
32664.34 
32664.46 
32664.59 
32664.72 
32664.85 
32664.97 
32665.10 
32665.23 
32665.36 
32665.49 
32665.61 
32665.74 
32665.87 
32666.00 
32666.13 
32666.26 
32666.39 
32666.51 
32666.64 
32666.77 
32666.90 
32667.03 
32667.15 
32667.28 
32667.41 
32667.54 
32667.67 
32667.79 
32667.92 
32668.05 
32668.18 
32668.30 
32668.43 
32668.56 
32668.69 
32668.81 
32668.94 
32669.07 
32669.20 
32669.33 
32669.46 
32669.59 
32669.71 
32669.84 
32669.97 
32670.10 
32670.22 
32670.35 
32670.48 
32670.61 
32670.74 
32670.87 
32670.99 
32671.12 
32671.25 
32671.38 
32671.51 
32671.64 
32671.76 
32671.89 
32672.02 
32672.14 
32672.27 
32672.40 
32672.53 
32672.66 
32672.79 
32672.91 
32673.04 
32673.17 
32673.29 
32673.42 
32673.55 
32673.67 
32673.78 
32673.89 
32674.02 
32674.15 
32674.29 
32674.42 
32674.55 
32674.67 
32674.80 
32674.93 
32675.06 
32675.18 
32675.31 
32675.44 
32675.57 
32675.71 
32675.84 
32675.97 
32676.10 
32676.23 
32676.35 
32676.48 
32676.61 
32676.74 
32676.86 
32676.99 
32677.11 
32677.24 
32677.37 
32677.50 
32677.63 
32677.76 
32677.88 
32678.01 
32678.14 
32678.27 
32678.40 
32678.53 
32678.66 
32678.79 
32678.92 
32679.04 
32679.17 
32679.30 
32679.43 
32679.55 
32679.68 
32679.81 
32679.94 
32680.07 
32680.19 
32680.32 
32680.45 
32680.58 
32680.71 
32680.84 
32680.96 
32681.09 
32681.22 
32681.35 
32681.47 
32681.60 
32681.73 
32681.86 
32681.99 
32682.11 
32682.24 
32682.37 
32682.50 
32682.62 
32682.75 
32682.88 
32683.00 
32683.13 
32683.25 
32683.38 
32683.51 
32683.64 
32683.76 
32683.90 
32684.02 
32684.15 
32684.28 
32684.41 
32684.54 
32684.69 
32684.82 
32684.94 
32685.07 
32685.20 
32685.33 
32685.45 
32685.58 
32685.71 
32685.84 
32685.96 
32686.08 
32686.21 
32686.34 
32686.47 
32686.59 
32686.72 
32686.85 
32686.98 
32687.11 
32687.24 
32687.36 
32687.49 
32687.62 
32687.75 
32687.87 
32688.00 
32688.13 
32688.26 
32688.38 
32688.51 
32688.64 
32688.77 
32688.90 
32689.02 
32689.14 
32689.26 
32689.39 
32689.52 
32689.65 
32689.77 
32689.90 
32690.03 
32690.15 
32690.28 
32690.41 
32690.54 
32690.67 
32690.80 
32690.93 
32691.05 
32691.18 
32691.31 
32691.43 
32691.55 
32691.68 
32691.80 
32691.94 
32692.07 
32692.19 
32692.32 
32692.45 
32692.57 
32692.70 
32692.83 
32692.96 
32693.08 
32693.21 
32693.34 
32693.49 
32693.62 
32693.75 
32693.87 
32694.00 
32694.13 
32694.26 
32694.39 
32694.51 
32694.64 
32694.77 
32694.90 
32695.02 
32695.14 
32695.26 
32695.38 
32695.51 
32695.64 
32695.76 
32695.89 
32696.02 
32696.15 
32696.27 
32696.40 
32696.53 
32696.66 
32696.78 
32696.91 
32697.05 
32697.18 
32697.31 
32697.44 
32697.57 
32697.69 
32697.82 
32697.95 
32698.08 
32698.20 
32698.33 
32698.46 
32698.59 
32698.72 
32698.84 
32698.99 
32699.12 
32699.25 
32699.37 
32699.50 
32699.63 
32699.76 
32699.88 
32700.03 
32700.16 
32700.28 
32700.41 
32700.54 
32700.67 
32700.79 
32700.92 
32701.05 
32701.18 
32701.30 
32701.43 
32701.56 
32701.69 
32701.82 
32701.95 
32702.07 
32702.20 
32702.33 
32702.46 
32702.59 
32702.72 
32702.84 
32702.97 
32703.10 
32703.23 
32703.36 
32703.48 
32703.61 
32703.74 
32703.87 
32703.99 
32704.14 
32704.27 
32704.40 
32704.52 
32704.64 
32704.76 
32704.88 
32705.01 
32705.14 
32705.26 
32705.39 
32705.52 
32705.64 
32705.77 
32705.90 
32706.02 
32706.15 
32706.27 
32706.40 
32706.53 
32706.66 
32706.79 
32706.91 
32707.04 
32707.17 
32707.29 
32707.42 
32707.55 
32707.68 
32707.80 
32707.93 
32708.06 
32708.19 
32708.31 
32708.44 
32708.56 
32708.69 
32708.83 
32708.96 
32709.08 
32709.21 
32709.34 
32709.47 
32709.60 
32709.73 
32709.85 
32709.98 
32710.11 
32710.24 
32710.37 
32710.49 
32710.62 
32710.75 
32710.87 
32711.00 
32711.13 
32711.26 
32711.39 
32711.51 
32711.64 
32711.77 
32711.90 
32712.03 
32712.16 
32712.28 
32712.41 
32712.53 
32712.66 
32712.79 
32712.91 
32713.04 
32713.17 
32713.30 
32713.43 
32713.55 
32713.68 
32713.81 
32713.94 
32714.07 
32714.19 
32714.32 
32714.45 
32714.58 
32714.71 
32714.84 
32714.96 
32715.09 
32715.22 
32715.35 
32715.47 
32715.60 
32715.73 
32715.86 
32715.98 
32716.11 
32716.26 
32716.39 
32716.53 
32716.65 
32716.78 
32716.91 
32717.04 
32717.17 
32717.30 
32717.42 
32717.55 
32717.68 
32717.81 
32717.93 
32718.06 
32718.19 
32718.31 
32718.44 
32718.57 
32718.69 
32718.82 
32718.95 
32719.07 
32719.20 
32719.33 
32719.46 
32719.59 
32719.73 
32719.86 
32719.98 
32720.10 
32720.21 
32720.32 
32720.45 
32720.58 
32720.71 
32720.84 
32720.97 
32721.09 
32721.22 
32721.35 
32721.47 
32721.62 
32721.75 
32721.87 
32722.00 
32722.13 
32722.25 
32722.38 
32722.51 
32722.63 
32722.76 
32722.89 
32723.02 
32723.15 
32723.27 
32723.40 
32723.53 
32723.65 
32723.78 
32723.91 
32724.04 
32724.16 
32724.29 
32724.42 
32724.55 
32724.67 
32724.80 
32724.93 
32725.06 
32725.17 
32725.30 
32725.43 
32725.55 
32725.68 
32725.81 
32725.94 
32726.06 
32726.19 
32726.32 
32726.44 
32726.57 
32726.70 
32726.83 
32726.96 
32727.08 
32727.21 
32727.34 
32727.47 
32727.60 
32727.72 
32727.85 
32727.98 
32728.11 
32728.24 
32728.37 
32728.49 
32728.62 
32728.75 
32728.88 
32729.00 
32729.13 
32729.26 
32729.39 
32729.52 
32729.65 
32729.78 
32729.91 
32730.03 
32730.16 
32730.29 
32730.41 
32730.54 
32730.67 
32730.80 
32730.92 
32731.05 
32731.18 
32731.31 
32731.44 
32731.56 
32731.69 
32731.82 
32731.95 
32732.07 
32732.20 
32732.33 
32732.46 
32732.58 
32732.71 
32732.84 
32732.97 
32733.10 
32733.23 
32733.36 
32733.48 
32733.61 
32733.74 
32733.86 
32733.99 
32734.12 
32734.25 
32734.38 
32734.51 
32734.64 
32734.77 
32734.90 
32735.03 
32735.15 
32735.28 
32735.41 
32735.54 
32735.66 
32735.78 
32735.90 
32736.03 
32736.16 
32736.28 
32736.41 
32736.54 
32736.67 
32736.80 
32736.93 
32737.05 
32737.18 
32737.30 
32737.43 
32737.56 
32737.69 
32737.82 
32737.95 
32738.08 
32738.20 
32738.33 
32738.46 
32738.58 
32738.71 
32738.84 
32738.96 
32739.09 
32739.22 
32739.35 
32739.47 
32739.60 
32739.73 
32739.86 
32739.98 
32740.11 
32740.23 
32740.38 
32740.51 
32740.64 
32740.77 
32740.89 
32741.02 
32741.15 
32741.28 
32741.40 
32741.53 
32741.66 
32741.79 
32741.92 
32742.05 
32742.17 
32742.30 
32742.43 
32742.56 
32742.68 
32742.81 
32742.94 
32743.07 
32743.20 
32743.32 
32743.45 
32743.58 
32743.71 
32743.83 
32743.96 
32744.09 
32744.22 
32744.35 
32744.48 
32744.61 
32744.74 
32744.86 
32744.99 
32745.12 
32745.25 
32745.37 
32745.50 
32745.62 
32745.75 
32745.88 
32746.00 
32746.13 
32746.25 
32746.38 
32746.50 
32746.63 
32746.76 
32746.89 
32747.02 
32747.15 
32747.28 
32747.40 
32747.53 
32747.65 
32747.78 
32747.91 
32748.04 
32748.17 
32748.30 
32748.43 
32748.56 
32748.68 
32748.81 
32748.94 
32749.07 
32749.19 
32749.32 
32749.45 
32749.58 
32749.71 
32749.84 
32749.96 
32750.09 
32750.22 
32750.34 
32750.49 
32750.62 
32750.75 
32750.87 
32751.00 
32751.13 
32751.25 
32751.37 
32751.48 
32751.60 
32751.73 
32751.85 
32751.98 
32752.11 
32752.24 
32752.37 
32752.50 
32752.63 
32752.75 
32752.88 
32753.01 
32753.14 
32753.26 
32753.39 
32753.52 
32753.65 
32753.77 
32753.90 
32754.03 
32754.16 
32754.29 
32754.41 
32754.54 
32754.67 
32754.80 
32754.93 
32755.05 
32755.18 
32755.30 
32755.43 
32755.56 
32755.69 
32755.83 
32755.96 
32756.09 
32756.21 
32756.34 
32756.47 
32756.60 
32756.72 
32756.85 
32756.98 
32757.11 
32757.24 
32757.36 
32757.49 
32757.62 
32757.74 
32757.87 
32758.00 
32758.13 
32758.26 
32758.39 
32758.51 
32758.64 
32758.77 
32758.89 
32759.02 
32759.15 
32759.28 
32759.41 
32759.53 
32759.66 
32759.79 
32759.91 
32760.04 
32760.17 
32760.30 
32760.43 
32760.56 
32760.68 
32760.81 
32760.95 
32761.08 
32761.20 
32761.33 
32761.46 
32761.59 
32761.72 
32761.84 
32761.97 
32762.10 
32762.23 
32762.35 
32762.48 
32762.61 
32762.74 
32762.87 
32762.99 
32763.12 
32763.25 
32763.38 
32763.51 
32763.64 
32763.76 
32763.89 
32764.02 
32764.15 
32764.27 
32764.40 
32764.53 
32764.66 
32764.78 
32764.91 
32765.04 
32765.17 
32765.30 
32765.42 
32765.55 
32765.68 
32765.80 
32765.93 
32766.06 
32766.19 
32766.32 
32766.44 
32766.57 
32766.69 
32766.83 
32766.96 
32767.09 
32767.22 
32767.35 
32767.47 
32767.60 
32767.73 
32767.87 
32768.00 
32768.12 
32768.25 
32768.38 
32768.51 
32768.64 
32768.77 
32768.89 
32769.02 
32769.15 
32769.28 
32769.40 
32769.53 
32769.66 
32769.79 
32769.91 
32770.04 
32770.16 
32770.29 
32770.42 
32770.54 
32770.67 
32770.80 
32770.92 
32771.05 
32771.18 
32771.30 
32771.43 
32771.55 
32771.68 
32771.81 
32771.94 
32772.06 
32772.19 
32772.32 
32772.45 
32772.58 
32772.71 
32772.83 
32772.96 
32773.09 
32773.22 
32773.34 
32773.47 
32773.60 
32773.73 
32773.86 
32773.99 
32774.11 
32774.24 
32774.37 
32774.50 
32774.63 
32774.75 
32774.88 
32775.01 
32775.14 
32775.27 
32775.39 
32775.52 
32775.65 
32775.78 
32775.90 
32776.03 
32776.16 
32776.28 
32776.41 
32776.54 
32776.67 
32776.80 
32776.93 
32777.06 
32777.19 
32777.31 
32777.44 
32777.57 
32777.70 
32777.83 
32777.95 
32778.08 
32778.21 
32778.33 
32778.46 
32778.59 
32778.72 
32778.85 
32778.97 
32779.10 
32779.23 
32779.36 
32779.49 
32779.61 
32779.73 
32779.86 
32779.99 
32780.11 
32780.24 
32780.37 
32780.49 
32780.62 
32780.75 
32780.88 
32781.01 
32781.13 
32781.26 
32781.39 
32781.52 
32781.65 
32781.77 
32781.90 
32782.02 
32782.15 
32782.28 
32782.39 
32782.50 
32782.63 
32782.75 
32782.88 
32783.00 
32783.13 
32783.26 
32783.39 
32783.52 
32783.65 
32783.78 
32783.91 
32784.03 
32784.18 
32784.31 
32784.44 
32784.57 
32784.70 
32784.83 
32784.96 
32785.08 
32785.20 
32785.33 
32785.46 
32785.58 
32785.71 
32785.84 
32785.96 
32786.09 
32786.22 
32786.35 
32786.48 
32786.61 
32786.74 
32786.87 
32786.99 
32787.12 
32787.25 
32787.38 
32787.50 
32787.64 
32787.77 
32787.90 
32788.03 
32788.16 
32788.28 
32788.41 
32788.54 
32788.67 
32788.79 
32788.93 
32789.05 
32789.18 
32789.31 
32789.44 
32789.56 
32789.69 
32789.82 
32789.95 
32790.10 
32790.23 
32790.35 
32790.48 
32790.61 
32790.74 
32790.88 
32791.01 
32791.14 
32791.26 
32791.40 
32791.53 
32791.65 
32791.78 
32791.91 
32792.03 
32792.16 
32792.29 
32792.42 
32792.54 
32792.67 
32792.80 
32792.93 
32793.06 
32793.18 
32793.31 
32793.44 
32793.56 
32793.69 
32793.82 
32793.97 
32794.10 
32794.21 
32794.33 
32794.45 
32794.58 
32794.71 
32794.83 
32794.96 
32795.09 
32795.22 
32795.35 
32795.47 
32795.60 
32795.73 
32795.86 
32795.98 
32796.11 
32796.24 
32796.36 
32796.49 
32796.63 
32796.75 
32796.88 
32797.01 
32797.14 
32797.26 
32797.39 
32797.52 
32797.64 
32797.76 
32797.87 
32797.98 
32798.11 
32798.24 
32798.36 
32798.49 
32798.62 
32798.75 
32798.88 
32799.01 
32799.14 
32799.27 
32799.39 
32799.52 
32799.65 
32799.77 
32799.90 
32800.03 
32800.15 
32800.28 
32800.41 
32800.53 
32800.66 
32800.79 
32800.91 
32801.04 
32801.17 
32801.30 
32801.42 
32801.55 
32801.68 
32801.81 
32801.94 
32802.06 
32802.19 
32802.32 
32802.45 
32802.58 
32802.70 
32802.83 
32802.96 
32803.09 
32803.21 
32803.34 
32803.47 
32803.60 
32803.73 
32803.85 
32803.98 
32804.11 
32804.24 
32804.37 
32804.49 
32804.62 
32804.75 
32804.88 
32805.01 
32805.14 
32805.26 
32805.39 
32805.52 
32805.64 
32805.77 
32805.90 
32806.03 
32806.16 
32806.29 
32806.42 
32806.54 
32806.67 
32806.80 
32806.93 
32807.05 
32807.18 
32807.30 
32807.43 
32807.56 
32807.69 
32807.82 
32807.95 
32808.07 
32808.20 
32808.33 
32808.46 
32808.59 
32808.72 
32808.85 
32808.97 
32809.10 
32809.23 
32809.36 
32809.48 
32809.62 
32809.75 
32809.87 
32810.00 
32810.13 
32810.26 
32810.39 
32810.51 
32810.64 
32810.77 
32810.91 
32811.04 
32811.17 
32811.29 
32811.42 
32811.55 
32811.68 
32811.81 
32811.93 
32812.06 
32812.18 
32812.30 
32812.43 
32812.56 
32812.69 
32812.82 
32812.94 
32813.07 
32813.20 
32813.32 
32813.46 
32813.57 
32813.70 
32813.83 
32813.95 
32814.08 
32814.21 
32814.34 
32814.47 
32814.59 
32814.72 
32814.85 
32814.97 
32815.10 
32815.23 
32815.35 
32815.48 
32815.61 
32815.73 
32815.86 
32815.99 
32816.11 
32816.24 
32816.37 
32816.50 
32816.63 
32816.75 
32816.88 
32817.01 
32817.14 
32817.27 
32817.40 
32817.52 
32817.65 
32817.78 
32817.91 
32818.03 
32818.16 
32818.28 
32818.41 
32818.53 
32818.66 
32818.79 
32818.92 
32819.04 
32819.17 
32819.30 
32819.43 
32819.55 
32819.68 
32819.81 
32819.94 
32820.06 
32820.19 
32820.32 
32820.45 
32820.58 
32820.70 
32820.83 
32820.96 
32821.09 
32821.22 
32821.35 
32821.47 
32821.59 
32821.73 
32821.85 
32821.98 
32822.11 
32822.24 
32822.37 
32822.49 
32822.62 
32822.75 
32822.88 
32823.02 
32823.15 
32823.28 
32823.41 
32823.53 
32823.66 
32823.79 
32823.92 
32824.05 
32824.17 
32824.30 
32824.43 
32824.56 
32824.68 
32824.81 
32824.94 
32825.07 
32825.19 
32825.32 
32825.45 
32825.58 
32825.71 
32825.83 
32825.96 
32826.09 
32826.21 
32826.34 
32826.47 
32826.59 
32826.72 
32826.85 
32826.98 
32827.10 
32827.23 
32827.36 
32827.48 
32827.61 
32827.74 
32827.87 
32828.00 
32828.13 
32828.25 
32828.38 
32828.51 
32828.64 
32828.77 
32828.89 
32829.02 
32829.14 
32829.27 
32829.41 
32829.54 
32829.67 
32829.79 
32829.92 
32830.06 
32830.18 
32830.31 
32830.44 
32830.57 
32830.69 
32830.82 
32830.94 
32831.07 
32831.20 
32831.33 
32831.46 
32831.59 
32831.71 
32831.84 
32831.97 
32832.10 
32832.23 
32832.35 
32832.50 
32832.63 
32832.75 
32832.88 
32833.01 
32833.14 
32833.26 
32833.39 
32833.54 
32833.66 
32833.79 
32833.92 
32834.05 
32834.18 
32834.31 
32834.43 
32834.56 
32834.69 
32834.82 
32834.94 
32835.07 
32835.20 
32835.32 
32835.45 
32835.58 
32835.71 
32835.83 
32835.96 
32836.10 
32836.24 
32836.37 
32836.49 
32836.62 
32836.75 
32836.88 
32837.00 
32837.13 
32837.26 
32837.39 
32837.52 
32837.65 
32837.77 
32837.90 
32838.03 
32838.16 
32838.28 
32838.41 
32838.54 
32838.67 
32838.80 
32838.93 
32839.05 
32839.18 
32839.31 
32839.44 
32839.56 
32839.69 
32839.82 
32839.95 
32840.08 
32840.20 
32840.33 
32840.46 
32840.59 
32840.71 
32840.84 
32840.97 
32841.10 
32841.22 
32841.35 
32841.47 
32841.60 
32841.73 
32841.86 
32841.99 
32842.11 
32842.24 
32842.36 
32842.49 
32842.62 
32842.75 
32842.88 
32843.00 
32843.13 
32843.25 
32843.38 
32843.51 
32843.63 
32843.76 
32843.89 
32844.02 
32844.14 
32844.27 
32844.40 
32844.53 
32844.65 
32844.78 
32844.90 
32845.03 
32845.16 
32845.28 
32845.41 
32845.54 
32845.66 
32845.79 
32845.92 
32846.05 
32846.18 
32846.30 
32846.43 
32846.56 
32846.69 
32846.82 
32846.95 
32847.09 
32847.22 
32847.36 
32847.48 
32847.61 
32847.74 
32847.87 
32848.00 
32848.12 
32848.25 
32848.37 
32848.50 
32848.63 
32848.75 
32848.88 
32849.01 
32849.14 
32849.27 
32849.39 
32849.52 
32849.65 
32849.78 
32849.91 
32850.03 
32850.16 
32850.28 
32850.41 
32850.54 
32850.67 
32850.80 
32850.93 
32851.07 
32851.20 
32851.33 
32851.46 
32851.59 
32851.71 
32851.84 
32851.97 
32852.10 
32852.22 
32852.35 
32852.48 
32852.61 
32852.74 
32852.87 
32852.99 
32853.12 
32853.25 
32853.38 
32853.51 
32853.63 
32853.76 
32853.89 
32854.02 
32854.15 
32854.27 
32854.40 
32854.53 
32854.65 
32854.78 
32854.91 
32855.04 
32855.17 
32855.29 
32855.42 
32855.54 
32855.67 
32855.79 
32855.93 
32856.06 
32856.19 
32856.31 
32856.44 
32856.57 
32856.69 
32856.82 
32856.95 
32857.07 
32857.20 
32857.32 
32857.44 
32857.56 
32857.70 
32857.82 
32857.94 
32858.07 
32858.20 
32858.33 
32858.45 
32858.58 
32858.71 
32858.86 
32858.98 
32859.13 
32859.27 
32859.41 
32859.55 
32859.69 
32859.83 
32859.96 
32860.10 
32860.24 
32860.38 
32860.50 
32860.63 
32860.76 
32860.89 
32861.01 
32861.15 
32861.27 
32861.40 
32861.53 
32861.66 
32861.78 
32861.91 
32862.06 
32862.19 
32862.33 
32862.46 
32862.58 
32862.73 
32862.86 
32862.98 
32863.12 
32863.24 
32863.37 
32863.49 
32863.63 
32863.75 
32863.88 
32864.01 
32864.13 
32864.27 
32864.41 
32864.55 
32864.68 
32864.82 
32864.97 
32865.10 
32865.22 
32865.35 
32865.47 
32865.61 
32865.74 
32865.88 
32866.00 
32866.14 
32866.28 
32866.41 
32866.53 
32866.67 
32866.79 
32866.92 
32867.04 
32867.18 
32867.31 
32867.45 
32867.58 
32867.72 
32867.85 
32867.97 
32868.11 
32868.23 
32868.36 
32868.48 
32868.62 
32868.74 
32868.88 
32869.02 
32869.15 
32869.27 
32869.40 
32869.52 
32869.66 
32869.79 
32869.93 
32870.06 
32870.20 
32870.33 
32870.46 
32870.58 
32870.72 
32870.86 
32871.00 
32871.13 
32871.25 
32871.39 
32871.53 
32871.67 
32871.80 
32871.95 
32872.09 
32872.22 
32872.34 
32872.48 
32872.60 
32872.75 
32872.87 
32873.00 
32873.13 
32873.27 
32873.41 
32873.55 
32873.68 
32873.80 
32873.93 
32874.06 
32874.20 
32874.34 
32874.47 
32874.61 
32874.75 
32874.89 
32875.02 
32875.16 
32875.29 
32875.43 
32875.58 
32875.71 
32875.83 
32875.96 
32876.09 
32876.23 
32876.38 
32876.52 
32876.66 
32876.79 
32876.91 
32877.05 
32877.18 
32877.31 
32877.45 
32877.59 
32877.72 
32877.86 
32878.00 
32878.14 
32878.27 
32878.39 
32878.52 
32878.64 
32878.78 
32878.90 
32879.03 
32879.17 
32879.30 
32879.43 
32879.57 
32879.71 
32879.83 
32879.96 
32880.09 
32880.22 
32880.36 
32880.49 
32880.61 
32880.75 
32880.87 
32881.00 
32881.14 
32881.27 
32881.40 
32881.52 
32881.66 
32881.80 
32881.93 
32882.06 
32882.19 
32882.31 
32882.44 
32882.56 
32882.70 
32882.82 
32882.96 
32883.10 
32883.24 
32883.37 
32883.51 
32883.65 
32883.78 
32883.91 
32884.05 
32884.19 
32884.31 
32884.44 
32884.57 
32884.70 
32884.84 
32884.97 
32885.11 
32885.24 
32885.36 
32885.50 
32885.64 
32885.77 
32885.89 
32886.03 
32886.16 
32886.30 
32886.44 
32886.57 
32886.70 
32886.83 
32886.95 
32887.09 
32887.23 
32887.35 
32887.48 
32887.62 
32887.75 
32887.89 
32888.02 
32888.17 
32888.31 
32888.44 
32888.58 
32888.71 
32888.84 
32888.96 
32889.10 
32889.23 
32889.35 
32889.48 
32889.60 
32889.74 
32889.88 
32890.02 
32890.16 
32890.30 
32890.43 
32890.55 
32890.68 
32890.81 
32890.95 
32891.08 
32891.23 
32891.37 
32891.50 
32891.64 
32891.77 
32891.91 
32892.04 
32892.17 
32892.29 
32892.43 
32892.55 
32892.68 
32892.82 
32892.95 
32893.09 
32893.23 
32893.37 
32893.50 
32893.64 
32893.78 
32893.92 
32894.04 
32894.17 
32894.30 
32894.43 
32894.56 
32894.68 
32894.81 
32894.94 
32895.06 
32895.19 
32895.32 
32895.45 
32895.58 
32895.71 
32895.83 
32895.96 
32896.08 
32896.21 
32896.34 
32896.47 
32896.60 
32896.72 
32896.85 
32896.98 
32897.11 
32897.23 
32897.36 
32897.49 
32897.62 
32897.75 
32897.87 
32898.00 
32898.13 
32898.26 
32898.40 
32898.53 
32898.66 
32898.78 
32898.91 
32899.04 
32899.17 
32899.27 
32899.39 
32899.52 
32899.64 
32899.76 
32899.87 
32899.98 
32900.10 
32900.22 
32900.34 
32900.45 
32900.56 
32900.67 
32900.79 
32900.90 
32901.02 
32901.12 
32901.23 
32901.35 
32901.47 
32901.60 
32901.72 
32901.85 
32901.97 
32902.10 
32902.23 
32902.35 
32902.47 
32902.59 
32902.72 
32902.84 
32902.97 
32903.10 
32903.23 
32903.36 
32903.49 
32903.61 
32903.74 
32903.87 
32903.99 
32904.12 
32904.25 
32904.38 
32904.51 
32904.63 
32904.76 
32904.89 
32905.02 
32905.14 
32905.27 
32905.40 
32905.52 
32905.64 
32905.77 
32905.90 
32906.03 
32906.16 
32906.28 
32906.41 
32906.54 
32906.67 
32906.80 
32906.93 
32907.06 
32907.19 
32907.31 
32907.44 
32907.57 
32907.69 
32907.82 
32907.95 
32908.08 
32908.20 
32908.33 
32908.46 
32908.59 
32908.72 
32908.85 
32908.98 
32909.10 
32909.23 
32909.36 
32909.48 
32909.61 
32909.73 
32909.86 
32909.99 
32910.12 
32910.24 
32910.37 
32910.49 
32910.62 
32910.74 
32910.86 
32910.99 
32911.12 
32911.25 
32911.38 
32911.51 
32911.63 
32911.76 
32911.89 
32912.01 
32912.14 
32912.26 
32912.39 
32912.51 
32912.64 
32912.76 
32912.89 
32913.01 
32913.14 
32913.27 
32913.40 
32913.53 
32913.66 
32913.79 
32913.92 
32914.05 
32914.17 
32914.30 
32914.43 
32914.56 
32914.71 
32914.84 
32914.96 
32915.09 
32915.22 
32915.34 
32915.47 
32915.59 
32915.70 
32915.84 
32915.96 
32916.08 
32916.21 
32916.34 
32916.46 
32916.59 
32916.72 
32916.85 
32916.97 
32917.10 
32917.23 
32917.36 
32917.47 
32917.61 
32917.74 
32917.86 
32917.99 
32918.12 
32918.25 
32918.38 
32918.51 
32918.63 
32918.76 
32918.89 
32919.02 
32919.17 
32919.29 
32919.42 
32919.55 
32919.68 
32919.80 
32919.93 
32920.06 
32920.19 
32920.31 
32920.44 
32920.57 
32920.70 
32920.82 
32920.95 
32921.08 
32921.20 
32921.33 
32921.45 
32921.58 
32921.71 
32921.84 
32921.96 
32922.09 
32922.22 
32922.35 
32922.47 
32922.60 
32922.73 
32922.86 
32922.99 
32923.11 
32923.24 
32923.37 
32923.50 
32923.63 
32923.76 
32923.88 
32924.01 
32924.13 
32924.26 
32924.39 
32924.51 
32924.64 
32924.77 
32924.90 
32925.04 
32925.17 
32925.30 
32925.43 
32925.56 
32925.69 
32925.82 
32925.95 
32926.07 
32926.21 
32926.33 
32926.45 
32926.58 
32926.71 
32926.84 
32926.96 
32927.09 
32927.21 
32927.34 
32927.47 
32927.60 
32927.72 
32927.85 
32927.97 
32928.10 
32928.23 
32928.35 
32928.48 
32928.61 
32928.74 
32928.88 
32929.01 
32929.14 
32929.27 
32929.39 
32929.52 
32929.65 
32929.78 
32929.90 
32930.03 
32930.16 
32930.29 
32930.42 
32930.55 
32930.67 
32930.80 
32930.93 
32931.06 
32931.18 
32931.31 
32931.43 
32931.55 
32931.68 
32931.81 
32931.93 
32932.06 
32932.19 
32932.32 
32932.45 
32932.57 
32932.70 
32932.84 
32932.96 
32933.09 
32933.21 
32933.34 
32933.47 
32933.60 
32933.72 
32933.84 
32933.96 
32934.08 
32934.20 
32934.33 
32934.46 
32934.59 
32934.71 
32934.84 
32934.96 
32935.08 
32935.22 
32935.34 
32935.47 
32935.60 
32935.73 
32935.86 
32935.99 
32936.11 
32936.24 
32936.38 
32936.51 
32936.63 
32936.76 
32936.89 
32937.02 
32937.15 
32937.28 
32937.40 
32937.53 
32937.66 
32937.79 
32937.91 
32938.04 
32938.17 
32938.30 
32938.43 
32938.55 
32938.68 
32938.81 
32938.94 
32939.06 
32939.19 
32939.32 
32939.44 
32939.57 
32939.70 
32939.82 
32939.95 
32940.08 
32940.20 
32940.33 
32940.46 
32940.59 
32940.71 
32940.84 
32940.99 
32941.11 
32941.24 
32941.38 
32941.51 
32941.64 
32941.77 
32941.89 
32942.01 
32942.14 
32942.27 
32942.39 
32942.52 
32942.65 
32942.78 
32942.91 
32943.03 
32943.16 
32943.29 
32943.42 
32943.55 
32943.68 
32943.81 
32943.95 
32944.08 
32944.21 
32944.33 
32944.46 
32944.59 
32944.71 
32944.84 
32944.97 
32945.10 
32945.23 
32945.36 
32945.50 
32945.63 
32945.75 
32945.87 
32946.00 
32946.14 
32946.27 
32946.39 
32946.52 
32946.65 
32946.78 
32946.91 
32947.04 
32947.16 
32947.29 
32947.42 
32947.54 
32947.67 
32947.79 
32947.92 
32948.05 
32948.18 
32948.31 
32948.43 
32948.56 
32948.69 
32948.82 
32948.95 
32949.07 
32949.20 
32949.33 
32949.46 
32949.59 
32949.72 
32949.84 
32949.97 
32950.10 
32950.23 
32950.35 
32950.48 
32950.61 
32950.74 
32950.87 
32950.99 
32951.12 
32951.25 
32951.38 
32951.51 
32951.63 
32951.76 
32951.89 
32952.02 
32952.15 
32952.27 
32952.40 
32952.53 
32952.66 
32952.80 
32952.93 
32953.06 
32953.18 
32953.31 
32953.44 
32953.56 
32953.69 
32953.81 
32953.94 
32954.07 
32954.20 
32954.33 
32954.46 
32954.59 
32954.72 
32954.85 
32954.97 
32955.10 
32955.23 
32955.36 
32955.49 
32955.63 
32955.76 
32955.89 
32956.01 
32956.14 
32956.27 
32956.40 
32956.52 
32956.65 
32956.78 
32956.91 
32957.04 
32957.16 
32957.29 
32957.41 
32957.54 
32957.65 
32957.78 
32957.90 
32958.03 
32958.16 
32958.28 
32958.41 
32958.54 
32958.67 
32958.80 
32958.92 
32959.05 
32959.18 
32959.31 
32959.44 
32959.56 
32959.69 
32959.82 
32959.94 
32960.07 
32960.20 
32960.33 
32960.46 
32960.59 
32960.72 
32960.85 
32960.98 
32961.10 
32961.23 
32961.36 
32961.48 
32961.61 
32961.74 
32961.87 
32962.00 
32962.12 
32962.25 
32962.38 
32962.51 
32962.64 
32962.76 
32962.91 
32963.04 
32963.17 
32963.30 
32963.42 
32963.55 
32963.68 
32963.81 
32963.94 
32964.07 
32964.19 
32964.32 
32964.45 
32964.57 
32964.70 
32964.82 
32964.95 
32965.07 
32965.20 
32965.33 
32965.46 
32965.58 
32965.71 
32965.84 
32965.97 
32966.10 
32966.23 
32966.35 
32966.48 
32966.61 
32966.74 
32966.87 
32966.99 
32967.12 
32967.25 
32967.38 
32967.50 
32967.63 
32967.76 
32967.88 
32968.01 
32968.14 
32968.27 
32968.40 
32968.53 
32968.65 
32968.78 
32968.92 
32969.05 
32969.18 
32969.31 
32969.44 
32969.57 
32969.69 
32969.82 
32969.95 
32970.08 
32970.21 
32970.34 
32970.46 
32970.59 
32970.72 
32970.85 
32970.97 
32971.10 
32971.23 
32971.36 
32971.48 
32971.61 
32971.74 
32971.86 
32971.99 
32972.12 
32972.24 
32972.37 
32972.50 
32972.63 
32972.75 
32972.86 
32972.98 
32973.10 
32973.23 
32973.36 
32973.49 
32973.61 
32973.74 
32973.87 
32974.00 
32974.13 
32974.25 
32974.38 
32974.51 
32974.63 
32974.75 
32974.88 
32975.01 
32975.14 
32975.27 
32975.39 
32975.52 
32975.65 
32975.77 
32975.90 
32976.03 
32976.16 
32976.29 
32976.42 
32976.55 
32976.67 
32976.80 
32976.93 
32977.06 
32977.18 
32977.31 
32977.44 
32977.57 
32977.70 
32977.83 
32977.95 
32978.08 
32978.21 
32978.34 
32978.46 
32978.59 
32978.72 
32978.85 
32978.98 
32979.11 
32979.23 
32979.36 
32979.49 
32979.62 
32979.74 
32979.87 
32980.00 
32980.13 
32980.25 
32980.38 
32980.51 
32980.63 
32980.76 
32980.89 
32981.02 
32981.15 
32981.28 
32981.40 
32981.53 
32981.66 
32981.79 
32981.92 
32982.04 
32982.17 
32982.29 
32982.42 
32982.55 
32982.68 
32982.81 
32982.94 
32983.07 
32983.20 
32983.33 
32983.45 
32983.58 
32983.71 
32983.84 
32983.96 
32984.09 
32984.22 
32984.35 
32984.47 
32984.60 
32984.73 
32984.86 
32984.99 
32985.12 
32985.25 
32985.38 
32985.50 
32985.63 
32985.75 
32985.87 
32986.00 
32986.13 
32986.26 
32986.38 
32986.51 
32986.64 
32986.77 
32986.89 
32987.02 
32987.16 
32987.29 
32987.42 
32987.55 
32987.68 
32987.80 
32987.93 
32988.06 
32988.19 
32988.31 
32988.42 
32988.55 
32988.67 
32988.80 
32988.93 
32989.06 
32989.19 
32989.31 
32989.44 
32989.57 
32989.70 
32989.82 
32989.95 
32990.08 
32990.21 
32990.34 
32990.47 
32990.59 
32990.72 
32990.85 
32990.98 
32991.11 
32991.24 
32991.37 
32991.50 
32991.64 
32991.77 
32991.89 
32992.02 
32992.15 
32992.29 
32992.41 
32992.54 
32992.66 
32992.79 
32992.91 
32993.04 
32993.16 
32993.28 
32993.41 
32993.54 
32993.66 
32993.79 
32993.92 
32994.05 
32994.17 
32994.30 
32994.43 
32994.56 
32994.68 
32994.81 
32994.94 
32995.07 
32995.19 
32995.32 
32995.45 
32995.57 
32995.70 
32995.83 
32995.95 
32996.08 
32996.20 
32996.33 
32996.46 
32996.59 
32996.72 
32996.85 
32996.97 
32997.10 
32997.23 
32997.36 
32997.48 
32997.61 
32997.74 
32997.87 
32997.99 
32998.12 
32998.25 
32998.38 
32998.51 
32998.64 
32998.76 
32998.89 
32999.02 
32999.15 
32999.27 
32999.40 
32999.53 
32999.66 
32999.79 
32999.91 
33000.04 
33000.17 
33000.29 
33000.42 
33000.55 
33000.68 
33000.81 
33000.94 
33001.07 
33001.20 
33001.33 
33001.45 
33001.58 
33001.71 
33001.84 
33001.97 
33002.10 
33002.22 
33002.35 
33002.48 
33002.61 
33002.74 
33002.86 
33002.99 
33003.12 
33003.25 
33003.38 
33003.50 
33003.63 
33003.75 
33003.88 
33004.00 
33004.13 
33004.26 
33004.39 
33004.51 
33004.64 
33004.77 
33004.90 
33005.02 
33005.15 
33005.27 
33005.41 
33005.53 
33005.66 
33005.78 
33005.91 
33006.04 
33006.17 
33006.30 
33006.43 
33006.56 
33006.68 
33006.81 
33006.94 
33007.07 
33007.20 
33007.32 
33007.45 
33007.57 
33007.70 
33007.83 
33007.95 
33008.08 
33008.21 
33008.34 
33008.47 
33008.59 
33008.72 
33008.85 
33008.98 
33009.11 
33009.24 
33009.36 
33009.49 
33009.62 
33009.75 
33009.87 
33010.00 
33010.13 
33010.25 
33010.38 
33010.51 
33010.64 
33010.77 
33010.90 
33011.03 
33011.15 
33011.28 
33011.41 
33011.54 
33011.67 
33011.80 
33011.92 
33012.06 
33012.18 
33012.31 
33012.44 
33012.56 
33012.69 
33012.82 
33012.94 
33013.07 
33013.20 
33013.33 
33013.46 
33013.58 
33013.71 
33013.84 
33013.97 
33014.10 
33014.22 
33014.35 
33014.48 
33014.61 
33014.73 
33014.86 
33014.98 
33015.11 
33015.24 
33015.37 
33015.50 
33015.63 
33015.75 
33015.87 
33016.00 
33016.13 
33016.26 
33016.39 
33016.52 
33016.64 
33016.77 
33016.90 
33017.03 
33017.16 
33017.29 
33017.42 
33017.55 
33017.68 
33017.81 
33017.93 
33018.06 
33018.19 
33018.32 
33018.45 
33018.57 
33018.70 
33018.83 
33018.95 
33019.08 
33019.21 
33019.32 
33019.46 
33019.58 
33019.70 
33019.82 
33019.95 
33020.08 
33020.21 
33020.33 
33020.46 
33020.59 
33020.72 
33020.86 
33020.98 
33021.11 
33021.23 
33021.36 
33021.49 
33021.64 
33021.78 
33021.91 
33022.03 
33022.16 
33022.29 
33022.44 
33022.56 
33022.69 
33022.82 
33022.94 
33023.07 
33023.20 
33023.33 
33023.46 
33023.59 
33023.71 
33023.84 
33023.97 
33024.10 
33024.23 
33024.35 
33024.48 
33024.61 
33024.74 
33024.86 
33024.99 
33025.12 
33025.25 
33025.38 
33025.51 
33025.63 
33025.76 
33025.89 
33026.02 
33026.14 
33026.28 
33026.41 
33026.54 
33026.67 
33026.80 
33026.93 
33027.05 
33027.18 
33027.31 
33027.44 
33027.57 
33027.69 
33027.82 
33027.95 
33028.07 
33028.20 
33028.33 
33028.46 
33028.58 
33028.71 
33028.84 
33028.96 
33029.09 
33029.22 
33029.35 
33029.47 
33029.60 
33029.73 
33029.86 
33029.98 
33030.11 
33030.23 
33030.36 
33030.49 
33030.62 
33030.75 
33030.87 
33031.00 
33031.13 
33031.26 
33031.38 
33031.51 
33031.64 
33031.76 
33031.89 
33032.02 
33032.15 
33032.27 
33032.40 
33032.53 
33032.66 
33032.78 
33032.91 
33033.04 
33033.17 
33033.30 
33033.43 
33033.55 
33033.68 
33033.81 
33033.94 
33034.07 
33034.19 
33034.32 
33034.45 
33034.58 
33034.69 
33034.82 
33034.94 
33035.07 
33035.19 
33035.32 
33035.45 
33035.57 
33035.70 
33035.82 
33035.95 
33036.08 
33036.21 
33036.34 
33036.46 
33036.59 
33036.72 
33036.85 
33036.98 
33037.10 
33037.23 
33037.36 
33037.49 
33037.62 
33037.73 
33037.85 
33037.97 
33038.10 
33038.23 
33038.35 
33038.48 
33038.61 
33038.74 
33038.87 
33038.99 
33039.12 
33039.25 
33039.38 
33039.51 
33039.63 
33039.76 
33039.89 
33040.02 
33040.15 
33040.27 
33040.40 
33040.53 
33040.66 
33040.78 
33040.91 
33041.04 
33041.16 
33041.29 
33041.41 
33041.54 
33041.67 
33041.80 
33041.92 
33042.05 
33042.18 
33042.31 
33042.43 
33042.56 
33042.68 
33042.81 
33042.94 
33043.06 
33043.19 
33043.32 
33043.45 
33043.58 
33043.71 
33043.83 
33043.96 
33044.09 
33044.24 
33044.36 
33044.49 
33044.62 
33044.75 
33044.87 
33045.00 
33045.13 
33045.26 
33045.38 
33045.51 
33045.64 
33045.76 
33045.88 
33046.01 
33046.14 
33046.27 
33046.40 
33046.53 
33046.65 
33046.78 
33046.90 
33047.03 
33047.15 
33047.28 
33047.41 
33047.54 
33047.67 
33047.80 
33047.92 
33048.05 
33048.18 
33048.31 
33048.43 
33048.56 
33048.69 
33048.82 
33048.94 
33049.07 
33049.20 
33049.32 
33049.45 
33049.58 
33049.71 
33049.84 
33049.97 
33050.09 
33050.21 
33050.33 
33050.45 
33050.58 
33050.71 
33050.84 
33050.96 
33051.09 
33051.22 
33051.35 
33051.47 
33051.60 
33051.73 
33051.86 
33051.99 
33052.12 
33052.24 
33052.37 
33052.50 
33052.63 
33052.75 
33052.88 
33053.01 
33053.14 
33053.26 
33053.39 
33053.52 
33053.65 
33053.77 
33053.90 
33054.03 
33054.16 
33054.28 
33054.41 
33054.54 
33054.67 
33054.80 
33054.93 
33055.06 
33055.18 
33055.31 
33055.44 
33055.57 
33055.70 
33055.82 
33055.95 
33056.08 
33056.20 
33056.33 
33056.46 
33056.59 
33056.72 
33056.85 
33056.98 
33057.11 
33057.24 
33057.36 
33057.49 
33057.62 
33057.75 
33057.87 
33058.00 
33058.13 
33058.25 
33058.38 
33058.51 
33058.64 
33058.77 
33058.90 
33059.03 
33059.15 
33059.28 
33059.41 
33059.54 
33059.67 
33059.79 
33059.92 
33060.05 
33060.18 
33060.31 
33060.43 
33060.56 
33060.69 
33060.81 
33060.94 
33061.07 
33061.20 
33061.32 
33061.45 
33061.58 
33061.71 
33061.84 
33061.97 
33062.11 
33062.23 
33062.36 
33062.49 
33062.61 
33062.74 
33062.87 
33062.99 
33063.12 
33063.25 
33063.38 
33063.51 
33063.64 
33063.76 
33063.89 
33064.02 
33064.15 
33064.27 
33064.40 
33064.53 
33064.66 
33064.79 
33064.91 
33065.06 
33065.18 
33065.31 
33065.44 
33065.57 
33065.69 
33065.82 
33065.94 
33066.07 
33066.19 
33066.32 
33066.46 
33066.59 
33066.72 
33066.85 
33066.97 
33067.10 
33067.23 
33067.36 
33067.49 
33067.61 
33067.74 
33067.87 
33067.99 
33068.12 
33068.25 
33068.37 
33068.50 
33068.63 
33068.75 
33068.88 
33069.01 
33069.14 
33069.27 
33069.39 
33069.52 
33069.65 
33069.78 
33069.91 
33070.04 
33070.16 
33070.29 
33070.42 
33070.55 
33070.67 
33070.80 
33070.92 
33071.05 
33071.17 
33071.30 
33071.43 
33071.55 
33071.68 
33071.81 
33071.93 
33072.06 
33072.19 
33072.32 
33072.45 
33072.58 
33072.71 
33072.83 
33072.96 
33073.09 
33073.22 
33073.35 
33073.48 
33073.60 
33073.73 
33073.86 
33073.98 
33074.11 
33074.24 
33074.37 
33074.50 
33074.63 
33074.75 
33074.88 
33075.01 
33075.14 
33075.27 
33075.40 
33075.52 
33075.65 
33075.77 
33075.90 
33076.03 
33076.16 
33076.29 
33076.41 
33076.54 
33076.67 
33076.80 
33076.92 
33077.05 
33077.18 
33077.31 
33077.44 
33077.57 
33077.70 
33077.83 
33077.95 
33078.08 
33078.21 
33078.34 
33078.47 
33078.60 
33078.73 
33078.86 
33078.98 
33079.12 
33079.25 
33079.37 
33079.50 
33079.63 
33079.76 
33079.88 
33080.01 
33080.14 
33080.27 
33080.40 
33080.53 
33080.65 
33080.78 
33080.91 
33081.03 
33081.15 
33081.27 
33081.40 
33081.53 
33081.66 
33081.79 
33081.92 
33082.05 
33082.17 
33082.30 
33082.43 
33082.56 
33082.69 
33082.81 
33082.93 
33083.06 
33083.19 
33083.32 
33083.44 
33083.57 
33083.69 
33083.82 
33083.95 
33084.08 
33084.20 
33084.33 
33084.46 
33084.59 
33084.72 
33084.85 
33084.98 
33085.11 
33085.24 
33085.36 
33085.49 
33085.62 
33085.74 
33085.87 
33085.99 
33086.12 
33086.25 
33086.38 
33086.51 
33086.64 
33086.77 
33086.89 
33087.02 
33087.15 
33087.28 
33087.41 
33087.54 
33087.67 
33087.80 
33087.92 
33088.05 
33088.18 
33088.31 
33088.44 
33088.56 
33088.69 
33088.82 
33088.95 
33089.08 
33089.20 
33089.33 
33089.46 
33089.59 
33089.71 
33089.84 
33089.97 
33090.10 
33090.23 
33090.35 
33090.48 
33090.62 
33090.75 
33090.88 
33091.01 
33091.14 
33091.27 
33091.39 
33091.52 
33091.65 
33091.78 
33091.90 
33092.03 
33092.16 
33092.31 
33092.44 
33092.56 
33092.69 
33092.82 
33092.95 
33093.07 
33093.20 
33093.33 
33093.46 
33093.59 
33093.71 
33093.84 
33093.97 
33094.10 
33094.23 
33094.35 
33094.48 
33094.61 
33094.74 
33094.87 
33094.99 
33095.12 
33095.25 
33095.38 
33095.51 
33095.65 
33095.78 
33095.90 
33096.03 
33096.16 
33096.28 
33096.41 
33096.53 
33096.66 
33096.78 
33096.91 
33097.04 
33097.17 
33097.30 
33097.43 
33097.55 
33097.68 
33097.81 
33097.94 
33098.06 
33098.19 
33098.32 
33098.45 
33098.58 
33098.71 
33098.83 
33098.96 
33099.09 
33099.23 
33099.35 
33099.48 
33099.61 
33099.73 
33099.86 
33099.99 
33100.11 
33100.24 
33100.37 
33100.49 
33100.62 
33100.75 
33100.87 
33100.98 
33101.11 
33101.24 
33101.37 
33101.51 
33101.64 
33101.77 
33101.90 
33102.03 
33102.16 
33102.28 
33102.41 
33102.54 
33102.69 
33102.82 
33102.95 
33103.07 
33103.20 
33103.33 
33103.47 
33103.59 
33103.72 
33103.85 
33103.98 
33104.11 
33104.24 
33104.37 
33104.50 
33104.63 
33104.75 
33104.88 
33105.01 
33105.14 
33105.27 
33105.39 
33105.52 
33105.66 
33105.79 
33105.91 
33106.04 
33106.17 
33106.30 
33106.43 
33106.56 
33106.68 
33106.81 
33106.94 
33107.07 
33107.20 
33107.33 
33107.45 
33107.58 
33107.71 
33107.84 
33107.97 
33108.10 
33108.22 
33108.35 
33108.48 
33108.60 
33108.75 
33108.88 
33109.00 
33109.13 
33109.26 
33109.39 
33109.53 
33109.65 
33109.78 
33109.91 
33110.04 
33110.16 
33110.29 
33110.41 
33110.54 
33110.67 
33110.80 
33110.93 
33111.06 
33111.19 
33111.31 
33111.44 
33111.57 
33111.70 
33111.83 
33111.95 
33112.08 
33112.20 
33112.31 
33112.44 
33112.56 
33112.69 
33112.82 
33112.94 
33113.07 
33113.19 
33113.32 
33113.45 
33113.57 
33113.70 
33113.83 
33113.95 
33114.08 
33114.21 
33114.33 
33114.46 
33114.58 
33114.71 
33114.84 
33114.96 
33115.11 
33115.24 
33115.37 
33115.50 
33115.63 
33115.75 
33115.88 
33116.00 
33116.13 
33116.26 
33116.38 
33116.51 
33116.64 
33116.77 
33116.90 
33117.03 
33117.15 
33117.28 
33117.41 
33117.55 
33117.68 
33117.82 
33117.95 
33118.08 
33118.21 
33118.34 
33118.48 
33118.61 
33118.74 
33118.87 
33118.99 
33119.12 
33119.24 
33119.37 
33119.50 
33119.63 
33119.76 
33119.88 
33120.01 
33120.14 
33120.27 
33120.40 
33120.53 
33120.66 
33120.79 
33120.91 
33121.04 
33121.17 
33121.30 
33121.42 
33121.55 
33121.68 
33121.80 
33121.94 
33122.06 
33122.19 
33122.32 
33122.44 
33122.57 
33122.70 
33122.83 
33122.96 
33123.08 
33123.21 
33123.34 
33123.47 
33123.60 
33123.73 
33123.86 
33123.98 
33124.11 
33124.24 
33124.37 
33124.50 
33124.62 
33124.75 
33124.88 
33125.00 
33125.13 
33125.26 
33125.39 
33125.51 
33125.64 
33125.77 
33125.89 
33126.02 
33126.15 
33126.27 
33126.40 
33126.53 
33126.66 
33126.78 
33126.91 
33127.03 
33127.16 
33127.29 
33127.42 
33127.54 
33127.66 
33127.78 
33127.91 
33128.04 
33128.16 
33128.29 
33128.42 
33128.54 
33128.67 
33128.80 
33128.92 
33129.05 
33129.18 
33129.31 
33129.44 
33129.56 
33129.69 
33129.82 
33129.95 
33130.08 
33130.21 
33130.34 
33130.46 
33130.59 
33130.72 
33130.85 
33130.97 
33131.10 
33131.22 
33131.35 
33131.47 
33131.60 
33131.73 
33131.86 
33131.98 
33132.11 
33132.24 
33132.37 
33132.50 
33132.63 
33132.75 
33132.88 
33133.01 
33133.14 
33133.26 
33133.39 
33133.54 
33133.66 
33133.79 
33133.92 
33134.04 
33134.17 
33134.30 
33134.44 
33134.57 
33134.70 
33134.82 
33134.95 
33135.08 
33135.21 
33135.34 
33135.47 
33135.60 
33135.73 
33135.85 
33135.98 
33136.11 
33136.23 
33136.36 
33136.49 
33136.62 
33136.75 
33136.87 
33137.00 
33137.13 
33137.26 
33137.39 
33137.51 
33137.64 
33137.77 
33137.90 
33138.03 
33138.16 
33138.28 
33138.41 
33138.54 
33138.67 
33138.80 
33138.92 
33139.04 
33139.17 
33139.30 
33139.43 
33139.56 
33139.68 
33139.81 
33139.94 
33140.06 
33140.20 
33140.33 
33140.46 
33140.59 
33140.72 
33140.85 
33140.97 
33141.10 
33141.22 
33141.35 
33141.48 
33141.60 
33141.73 
33141.86 
33141.99 
33142.11 
33142.24 
33142.37 
33142.50 
33142.62 
33142.75 
33142.88 
33143.00 
33143.12 
33143.25 
33143.38 
33143.51 
33143.63 
33143.76 
33143.89 
33144.03 
33144.15 
33144.28 
33144.41 
33144.54 
33144.67 
33144.79 
33144.92 
33145.05 
33145.18 
33145.30 
33145.43 
33145.55 
33145.68 
33145.81 
33145.94 
33146.07 
33146.19 
33146.32 
33146.45 
33146.58 
33146.70 
33146.83 
33146.96 
33147.09 
33147.22 
33147.34 
33147.47 
33147.60 
33147.73 
33147.86 
33147.99 
33148.11 
33148.24 
33148.37 
33148.49 
33148.62 
33148.75 
33148.87 
33149.00 
33149.13 
33149.26 
33149.39 
33149.51 
33149.64 
33149.77 
33149.90 
33150.03 
33150.16 
33150.28 
33150.41 
33150.56 
33150.68 
33150.80 
33150.93 
33151.06 
33151.18 
33151.31 
33151.44 
33151.57 
33151.69 
33151.82 
33151.95 
33152.08 
33152.20 
33152.33 
33152.45 
33152.58 
33152.70 
33152.83 
33152.96 
33153.09 
33153.21 
33153.34 
33153.47 
33153.60 
33153.73 
33153.86 
33153.99 
33154.11 
33154.24 
33154.37 
33154.50 
33154.63 
33154.75 
33154.88 
33155.01 
33155.14 
33155.27 
33155.40 
33155.52 
33155.65 
33155.77 
33155.90 
33156.03 
33156.16 
33156.29 
33156.42 
33156.54 
33156.67 
33156.80 
33156.93 
33157.06 
33157.19 
33157.32 
33157.44 
33157.57 
33157.70 
33157.82 
33157.95 
33158.08 
33158.21 
33158.34 
33158.46 
33158.59 
33158.70 
33158.83 
33158.94 
33159.08 
33159.20 
33159.33 
33159.46 
33159.58 
33159.72 
33159.84 
33159.97 
33160.10 
33160.23 
33160.35 
33160.48 
33160.61 
33160.74 
33160.87 
33160.99 
33161.11 
33161.23 
33161.36 
33161.49 
33161.62 
33161.75 
33161.87 
33162.00 
33162.13 
33162.26 
33162.39 
33162.51 
33162.64 
33162.77 
33162.90 
33163.03 
33163.15 
33163.28 
33163.41 
33163.54 
33163.67 
33163.79 
33163.92 
33164.05 
33164.17 
33164.30 
33164.42 
33164.55 
33164.67 
33164.80 
33164.93 
33165.06 
33165.19 
33165.31 
33165.44 
33165.57 
33165.70 
33165.84 
33165.96 
33166.09 
33166.21 
33166.34 
33166.48 
33166.61 
33166.74 
33166.87 
33166.99 
33167.12 
33167.25 
33167.37 
33167.50 
33167.63 
33167.76 
33167.89 
33168.02 
33168.15 
33168.27 
33168.40 
33168.53 
33168.66 
33168.78 
33168.91 
33169.03 
33169.18 
33169.31 
33169.44 
33169.57 
33169.70 
33169.83 
33169.95 
33170.07 
33170.20 
33170.33 
33170.46 
33170.59 
33170.72 
33170.85 
33170.97 
33171.10 
33171.22 
33171.34 
33171.46 
33171.58 
33171.71 
33171.83 
33171.96 
33172.08 
33172.22 
33172.33 
33172.43 
33172.57 
33172.68 
33172.79 
33172.90 
33173.01 
33173.12 
33173.22 
33173.33 
33173.44 
33173.55 
33173.66 
33173.77 
33173.87 
33173.98 
33174.09 
33174.20 
33174.34 
33174.45 
33174.58 
33174.69 
33174.80 
33174.91 
33175.04 
33175.15 
33175.26 
33175.37 
33175.48 
33175.58 
33175.69 
33175.80 
33175.91 
33176.02 
33176.15 
33176.26 
33176.37 
33176.47 
33176.58 
33176.69 
33176.82 
33176.93 
33177.04 
33177.15 
33177.26 
33177.37 
33177.48 
33177.59 
33177.72 
33177.83 
33177.94 
33178.08 
33178.18 
33178.29 
33178.42 
33178.53 
33178.67 
33178.79 
33178.92 
33179.04 
33179.16 
33179.28 
33179.40 
33179.55 
33179.66 
33179.78 
33179.90 
33180.03 
33180.16 
33180.28 
33180.40 
33180.53 
33180.65 
33180.78 
33180.90 
33181.02 
33181.15 
33181.27 
33181.40 
33181.52 
33181.65 
33181.77 
33181.91 
33182.03 
33182.16 
33182.27 
33182.40 
33182.52 
33182.65 
33182.77 
33182.90 
33183.02 
33183.15 
33183.27 
33183.40 
33183.52 
33183.65 
33183.79 
33183.91 
33184.04 
33184.16 
33184.29 
33184.42 
33184.54 
33184.67 
33184.79 
33184.91 
33185.04 
33185.18 
33185.30 
33185.43 
33185.55 
33185.68 
33185.80 
33185.92 
33186.05 
33186.17 
33186.30 
33186.42 
33186.54 
33186.66 
33186.79 
33186.91 
33187.04 
33187.16 
33187.28 
33187.40 
33187.53 
33187.65 
33187.78 
33187.90 
33188.02 
33188.14 
33188.27 
33188.40 
33188.52 
33188.65 
33188.77 
33188.90 
33189.02 
33189.15 
33189.27 
33189.40 
33189.54 
33189.65 
33189.77 
33189.89 
33190.02 
33190.14 
33190.27 
33190.39 
33190.52 
33190.65 
33190.77 
33190.90 
33191.02 
33191.15 
33191.27 
33191.41 
33191.54 
33191.66 
33191.78 
33191.91 
33192.05 
33192.17 
33192.29 
33192.41 
33192.53 
33192.66 
33192.78 
33192.90 
33193.03 
33193.16 
33193.28 
33193.41 
33193.53 
33193.66 
33193.78 
33193.91 
33194.03 
33194.15 
33194.27 
33194.40 
33194.52 
33194.65 
33194.77 
33194.90 
33195.02 
33195.15 
33195.27 
33195.39 
33195.52 
33195.64 
33195.77 
33195.91 
33196.03 
33196.16 
33196.29 
33196.41 
33196.53 
33196.66 
33196.78 
33196.91 
33197.03 
33197.15 
33197.28 
33197.40 
33197.53 
33197.65 
33197.78 
33197.91 
33198.03 
33198.16 
33198.28 
33198.41 
33198.53 
33198.66 
33198.78 
33198.90 
33199.03 
33199.15 
33199.27 
33199.40 
33199.52 
33199.65 
33199.77 
33199.89 
33200.02 
33200.14 
33200.27 
33200.39 
33200.52 
33200.64 
33200.77 
33200.89 
33201.01 
33201.14 
33201.26 
33201.39 
33201.51 
33201.64 
33201.77 
33201.89 
33202.01 
33202.14 
33202.26 
33202.39 
33202.51 
33202.64 
33202.76 
33202.90 
33203.03 
33203.15 
33203.27 
33203.40 
33203.53 
33203.66 
33203.78 
33203.91 
33204.03 
33204.16 
33204.28 
33204.41 
33204.53 
33204.66 
33204.78 
33204.91 
33205.03 
33205.15 
33205.28 
33205.40 
33205.53 
33205.65 
33205.78 
33205.90 
33206.03 
33206.16 
33206.28 
33206.41 
33206.53 
33206.66 
33206.78 
33206.91 
33207.03 
33207.16 
33207.28 
33207.41 
33207.53 
33207.65 
33207.78 
33207.90 
33208.03 
33208.16 
33208.29 
33208.41 
33208.54 
33208.66 
33208.79 
33208.91 
33209.04 
33209.17 
33209.29 
33209.42 
33209.54 
33209.66 
33209.79 
33209.91 
33210.04 
33210.16 
33210.28 
33210.40 
33210.53 
33210.65 
33210.78 
33210.90 
33211.03 
33211.15 
33211.28 
33211.40 
33211.53 
33211.65 
33211.77 
33211.90 
33212.02 
33212.15 
33212.28 
33212.40 
33212.53 
33212.65 
33212.77 
33212.90 
33213.02 
33213.14 
33213.26 
33213.41 
33213.53 
33213.65 
33213.78 
33213.90 
33214.03 
33214.15 
33214.28 
33214.40 
33214.53 
33214.65 
33214.78 
33214.91 
33215.03 
33215.16 
33215.28 
33215.41 
33215.54 
33215.66 
33215.78 
33215.91 
33216.03 
33216.16 
33216.29 
33216.41 
33216.53 
33216.66 
33216.78 
33216.91 
33217.04 
33217.17 
33217.29 
33217.41 
33217.55 
33217.67 
33217.80 
33217.92 
33218.05 
33218.17 
33218.29 
33218.41 
33218.54 
33218.66 
33218.79 
33218.91 
33219.04 
33219.16 
33219.28 
33219.41 
33219.54 
33219.66 
33219.79 
33219.91 
33220.04 
33220.16 
33220.28 
33220.41 
33220.53 
33220.66 
33220.78 
33220.90 
33221.03 
33221.16 
33221.28 
33221.40 
33221.53 
33221.66 
33221.78 
33221.90 
33222.03 
33222.15 
33222.28 
33222.40 
33222.53 
33222.66 
33222.78 
33222.91 
33223.03 
33223.16 
33223.28 
33223.41 
33223.53 
33223.65 
33223.78 
33223.90 
33224.03 
33224.15 
33224.28 
33224.40 
33224.53 
33224.65 
33224.77 
33224.90 
33225.02 
33225.15 
33225.27 
33225.39 
33225.52 
33225.64 
33225.77 
33225.89 
33226.01 
33226.14 
33226.26 
33226.38 
33226.51 
33226.63 
33226.76 
33226.88 
33227.00 
33227.13 
33227.25 
33227.38 
33227.50 
33227.62 
33227.75 
33227.88 
33228.01 
33228.13 
33228.26 
33228.38 
33228.50 
33228.63 
33228.75 
33228.88 
33229.00 
33229.12 
33229.25 
33229.37 
33229.50 
33229.62 
33229.75 
33229.87 
33230.00 
33230.11 
33230.24 
33230.36 
33230.49 
33230.61 
33230.74 
33230.86 
33230.98 
33231.11 
33231.23 
33231.36 
33231.48 
33231.60 
33231.73 
33231.85 
33231.98 
33232.10 
33232.23 
33232.35 
33232.48 
33232.60 
33232.72 
33232.86 
33232.98 
33233.11 
33233.23 
33233.36 
33233.48 
33233.60 
33233.73 
33233.85 
33233.98 
33234.10 
33234.22 
33234.35 
33234.47 
33234.59 
33234.72 
33234.84 
33234.97 
33235.09 
33235.22 
33235.35 
33235.47 
33235.60 
33235.72 
33235.85 
33235.97 
33236.10 
33236.22 
33236.34 
33236.47 
33236.60 
33236.72 
33236.85 
33236.97 
33237.10 
33237.22 
33237.34 
33237.47 
33237.60 
33237.72 
33237.86 
33237.99 
33238.11 
33238.23 
33238.36 
33238.50 
33238.63 
33238.75 
33238.87 
33239.00 
33239.12 
33239.25 
33239.38 
33239.50 
33239.63 
33239.75 
33239.88 
33240.00 
33240.13 
33240.25 
33240.37 
33240.50 
33240.62 
33240.75 
33240.87 
33241.00 
33241.12 
33241.24 
33241.37 
33241.49 
33241.61 
33241.74 
33241.86 
33241.99 
33242.11 
33242.24 
33242.36 
33242.49 
33242.61 
33242.74 
33242.87 
33243.00 
33243.13 
33243.25 
33243.39 
33243.51 
33243.63 
33243.76 
33243.89 
33244.01 
33244.14 
33244.26 
33244.38 
33244.51 
33244.63 
33244.75 
33244.87 
33244.99 
33245.12 
33245.25 
33245.38 
33245.50 
33245.63 
33245.76 
33245.88 
33246.01 
33246.13 
33246.26 
33246.38 
33246.50 
33246.63 
33246.75 
33246.88 
33247.00 
33247.13 
33247.25 
33247.38 
33247.50 
33247.63 
33247.75 
33247.88 
33248.00 
33248.13 
33248.25 
33248.38 
33248.50 
33248.62 
33248.75 
33248.87 
33249.00 
33249.13 
33249.26 
33249.38 
33249.50 
33249.63 
33249.75 
33249.88 
33250.00 
33250.13 
33250.25 
33250.37 
33250.50 
33250.62 
33250.76 
33250.88 
33251.01 
33251.13 
33251.25 
33251.38 
33251.50 
33251.63 
33251.75 
33251.88 
33252.00 
33252.13 
33252.25 
33252.38 
33252.50 
33252.63 
33252.75 
33252.88 
33253.00 
33253.12 
33253.25 
33253.37 
33253.49 
33253.62 
33253.74 
33253.87 
33253.99 
33254.12 
33254.24 
33254.37 
33254.49 
33254.62 
33254.74 
33254.87 
33254.99 
33255.12 
33255.23 
33255.36 
33255.49 
33255.61 
33255.74 
33255.87 
33255.99 
33256.12 
33256.24 
33256.37 
33256.51 
33256.63 
33256.75 
33256.88 
33257.01 
33257.13 
33257.25 
33257.38 
33257.50 
33257.63 
33257.75 
33257.88 
33258.00 
33258.13 
33258.25 
33258.38 
33258.50 
33258.63 
33258.75 
33258.88 
33259.00 
33259.13 
33259.26 
33259.38 
33259.50 
33259.63 
33259.75 
33259.88 
33260.00 
33260.13 
33260.25 
33260.37 
33260.50 
33260.62 
33260.75 
33260.87 
33260.99 
33261.13 
33261.26 
33261.38 
33261.51 
33261.64 
33261.77 
33261.89 
33262.02 
33262.14 
33262.27 
33262.40 
33262.52 
33262.65 
33262.77 
33262.89 
33263.02 
33263.14 
33263.27 
33263.39 
33263.52 
33263.65 
33263.77 
33263.90 
33264.02 
33264.15 
33264.27 
33264.40 
33264.52 
33264.65 
33264.77 
33264.90 
33265.02 
33265.15 
33265.27 
33265.40 
33265.52 
33265.64 
33265.77 
33265.89 
33266.02 
33266.14 
33266.27 
33266.40 
33266.52 
33266.65 
33266.77 
33266.91 
33267.03 
33267.16 
33267.28 
33267.40 
33267.52 
33267.65 
33267.77 
33267.90 
33268.02 
33268.14 
33268.27 
33268.39 
33268.52 
33268.64 
33268.77 
33268.90 
33269.02 
33269.14 
33269.26 
33269.39 
33269.51 
33269.63 
33269.76 
33269.90 
33270.02 
33270.15 
33270.27 
33270.40 
33270.53 
33270.65 
33270.78 
33270.90 
33271.03 
33271.15 
33271.28 
33271.40 
33271.53 
33271.65 
33271.78 
33271.90 
33272.03 
33272.15 
33272.28 
33272.40 
33272.52 
33272.65 
33272.77 
33272.90 
33273.02 
33273.16 
33273.28 
33273.41 
33273.54 
33273.66 
33273.79 
33273.91 
33274.03 
33274.16 
33274.28 
33274.41 
33274.54 
33274.66 
33274.79 
33274.91 
33275.03 
33275.16 
33275.28 
33275.41 
33275.53 
33275.66 
33275.78 
33275.90 
33276.03 
33276.15 
33276.27 
33276.40 
33276.53 
33276.65 
33276.77 
33276.90 
33277.02 
33277.15 
33277.28 
33277.40 
33277.53 
33277.65 
33277.77 
33277.90 
33278.02 
33278.14 
33278.27 
33278.39 
33278.53 
33278.66 
33278.78 
33278.91 
33279.04 
33279.18 
33279.30 
33279.43 
33279.55 
33279.68 
33279.80 
33279.93 
33280.05 
33280.17 
33280.30 
33280.42 
33280.55 
33280.67 
33280.80 
33280.92 
33281.05 
33281.17 
33281.30 
33281.42 
33281.55 
33281.67 
33281.80 
33281.92 
33282.05 
33282.17 
33282.30 
33282.42 
33282.55 
33282.67 
33282.80 
33282.93 
33283.05 
33283.18 
33283.30 
33283.43 
33283.55 
33283.68 
33283.80 
33283.93 
33284.06 
33284.18 
33284.31 
33284.43 
33284.56 
33284.69 
33284.83 
33284.95 
33285.08 
33285.20 
33285.33 
33285.45 
33285.57 
33285.70 
33285.82 
33285.95 
33286.07 
33286.20 
33286.33 
33286.45 
33286.57 
33286.70 
33286.82 
33286.94 
33287.07 
33287.19 
33287.33 
33287.46 
33287.58 
33287.70 
33287.83 
33287.95 
33288.08 
33288.20 
33288.33 
33288.45 
33288.58 
33288.70 
33288.82 
33288.95 
33289.07 
33289.20 
33289.32 
33289.44 
33289.57 
33289.69 
33289.81 
33289.94 
33290.06 
33290.18 
33290.31 
33290.43 
33290.55 
33290.68 
33290.80 
33290.93 
33291.05 
33291.18 
33291.30 
33291.43 
33291.56 
33291.68 
33291.81 
33291.93 
33292.06 
33292.18 
33292.31 
33292.43 
33292.56 
33292.68 
33292.81 
33292.93 
33293.06 
33293.18 
33293.30 
33293.43 
33293.55 
33293.68 
33293.80 
33293.93 
33294.05 
33294.17 
33294.30 
33294.42 
33294.54 
33294.68 
33294.80 
33294.92 
33295.04 
33295.17 
33295.30 
33295.42 
33295.54 
33295.67 
33295.80 
33295.93 
33296.05 
33296.17 
33296.30 
33296.42 
33296.55 
33296.68 
33296.80 
33296.93 
33297.05 
33297.18 
33297.31 
33297.43 
33297.55 
33297.68 
33297.80 
33297.93 
33298.05 
33298.18 
33298.30 
33298.42 
33298.55 
33298.67 
33298.80 
33298.92 
33299.04 
33299.17 
33299.29 
33299.41 
33299.54 
33299.66 
33299.78 
33299.91 
33300.03 
33300.16 
33300.28 
33300.41 
33300.53 
33300.66 
33300.78 
33300.90 
33301.03 
33301.16 
33301.28 
33301.40 
33301.53 
33301.65 
33301.78 
33301.90 
33302.03 
33302.15 
33302.27 
33302.40 
33302.54 
33302.66 
33302.79 
33302.91 
33303.04 
33303.16 
33303.28 
33303.41 
33303.53 
33303.66 
33303.78 
33303.91 
33304.03 
33304.16 
33304.28 
33304.40 
33304.53 
33304.65 
33304.78 
33304.90 
33305.02 
33305.15 
33305.27 
33305.40 
33305.52 
33305.65 
33305.77 
33305.90 
33306.02 
33306.15 
33306.27 
33306.40 
33306.52 
33306.65 
33306.77 
33306.90 
33307.02 
33307.14 
33307.27 
33307.39 
33307.52 
33307.65 
33307.77 
33307.89 
33308.02 
33308.14 
33308.27 
33308.39 
33308.52 
33308.64 
33308.77 
33308.89 
33309.02 
33309.14 
33309.27 
33309.39 
33309.51 
33309.64 
33309.76 
33309.89 
33310.01 
33310.13 
33310.26 
33310.38 
33310.50 
33310.63 
33310.75 
33310.88 
33311.00 
33311.12 
33311.23 
33311.36 
33311.48 
33311.61 
33311.73 
33311.86 
33311.98 
33312.11 
33312.23 
33312.36 
33312.48 
33312.61 
33312.73 
33312.86 
33312.99 
33313.11 
33313.23 
33313.36 
33313.48 
33313.61 
33313.73 
33313.86 
33313.98 
33314.11 
33314.23 
33314.36 
33314.48 
33314.61 
33314.73 
33314.86 
33314.98 
33315.11 
33315.23 
33315.36 
33315.49 
33315.61 
33315.74 
33315.86 
33315.99 
33316.11 
33316.24 
33316.37 
33316.49 
33316.62 
33316.75 
33316.88 
33317.01 
33317.13 
33317.26 
33317.38 
33317.50 
33317.64 
33317.77 
33317.89 
33318.02 
33318.14 
33318.26 
33318.39 
33318.51 
33318.64 
33318.76 
33318.88 
33319.01 
33319.13 
33319.25 
33319.38 
33319.51 
33319.63 
33319.76 
33319.89 
33320.01 
33320.15 
33320.27 
33320.40 
33320.52 
33320.65 
33320.77 
33320.90 
33321.02 
33321.15 
33321.27 
33321.40 
33321.53 
33321.65 
33321.78 
33321.90 
33322.03 
33322.15 
33322.28 
33322.40 
33322.53 
33322.66 
33322.78 
33322.91 
33323.03 
33323.16 
33323.28 
33323.41 
33323.53 
33323.66 
33323.78 
33323.91 
33324.03 
33324.16 
33324.29 
33324.41 
33324.54 
33324.66 
33324.79 
33324.92 
33325.04 
33325.16 
33325.29 
33325.42 
33325.54 
33325.67 
33325.79 
33325.92 
33326.04 
33326.17 
33326.29 
33326.42 
33326.54 
33326.66 
33326.79 
33326.91 
33327.04 
33327.16 
33327.29 
33327.41 
33327.54 
33327.66 
33327.79 
33327.91 
33328.03 
33328.16 
33328.29 
33328.41 
33328.54 
33328.66 
33328.78 
33328.91 
33329.04 
33329.16 
33329.28 
33329.41 
33329.53 
33329.65 
33329.78 
33329.90 
33330.03 
33330.15 
33330.28 
33330.40 
33330.53 
33330.65 
33330.78 
33330.90 
33331.03 
33331.15 
33331.28 
33331.40 
33331.53 
33331.65 
33331.78 
33331.90 
33332.03 
33332.15 
33332.28 
33332.41 
33332.54 
33332.66 
33332.79 
33332.91 
33333.04 
33333.16 
33333.29 
33333.41 
33333.54 
33333.66 
33333.79 
33333.91 
33334.04 
33334.16 
33334.29 
33334.41 
33334.53 
33334.68 
33334.80 
33334.93 
33335.05 
33335.18 
33335.30 
33335.43 
33335.55 
33335.68 
33335.80 
33335.93 
33336.06 
33336.18 
33336.30 
33336.43 
33336.55 
33336.68 
33336.80 
33336.93 
33337.05 
33337.17 
33337.30 
33337.42 
33337.55 
33337.69 
33337.82 
33337.94 
33338.06 
33338.19 
33338.32 
33338.44 
33338.56 
33338.68 
33338.81 
33338.94 
33339.06 
33339.19 
33339.31 
33339.43 
33339.56 
33339.68 
33339.81 
33339.93 
33340.05 
33340.18 
33340.30 
33340.43 
33340.55 
33340.68 
33340.80 
33340.93 
33341.05 
33341.17 
33341.30 
33341.42 
33341.54 
33341.66 
33341.79 
33341.91 
33342.04 
33342.16 
33342.29 
33342.41 
33342.54 
33342.66 
33342.78 
33342.91 
33343.03 
33343.16 
33343.28 
33343.41 
33343.53 
33343.65 
33343.78 
33343.90 
33344.03 
33344.17 
33344.30 
33344.43 
33344.56 
33344.69 
33344.81 
33344.93 
33345.06 
33345.18 
33345.31 
33345.43 
33345.55 
33345.68 
33345.80 
33345.93 
33346.05 
33346.18 
33346.30 
33346.43 
33346.55 
33346.68 
33346.80 
33346.93 
33347.05 
33347.18 
33347.30 
33347.42 
33347.55 
33347.67 
33347.79 
33347.92 
33348.05 
33348.17 
33348.29 
33348.42 
33348.53 
33348.67 
33348.80 
33348.92 
33349.04 
33349.16 
33349.29 
33349.41 
33349.54 
33349.66 
33349.80 
33349.93 
33350.05 
33350.18 
33350.30 
33350.43 
33350.55 
33350.68 
33350.80 
33350.93 
33351.05 
33351.18 
33351.30 
33351.43 
33351.56 
33351.68 
33351.81 
33351.93 
33352.06 
33352.19 
33352.31 
33352.43 
33352.56 
33352.69 
33352.81 
33352.93 
33353.06 
33353.18 
33353.31 
33353.44 
33353.56 
33353.69 
33353.81 
33353.94 
33354.06 
33354.18 
33354.31 
33354.43 
33354.56 
33354.69 
33354.81 
33354.94 
33355.06 
33355.18 
33355.31 
33355.44 
33355.56 
33355.69 
33355.81 
33355.94 
33356.06 
33356.18 
33356.31 
33356.43 
33356.56 
33356.69 
33356.81 
33356.94 
33357.06 
33357.19 
33357.31 
33357.44 
33357.57 
33357.69 
33357.82 
33357.94 
33358.06 
33358.19 
33358.32 
33358.44 
33358.56 
33358.69 
33358.81 
33358.93 
33359.05 
33359.17 
33359.29 
33359.42 
33359.54 
33359.67 
33359.79 
33359.92 
33360.05 
33360.17 
33360.30 
33360.42 
33360.55 
33360.68 
33360.80 
33360.93 
33361.05 
33361.18 
33361.31 
33361.43 
33361.56 
33361.68 
33361.81 
33361.93 
33362.06 
33362.19 
33362.31 
33362.44 
33362.56 
33362.69 
33362.81 
33362.93 
33363.06 
33363.18 
33363.30 
33363.43 
33363.55 
33363.68 
33363.80 
33363.93 
33364.05 
33364.17 
33364.30 
33364.42 
33364.55 
33364.67 
33364.80 
33364.92 
33365.05 
33365.17 
33365.30 
33365.42 
33365.54 
33365.67 
33365.79 
33365.92 
33366.04 
33366.17 
33366.29 
33366.41 
33366.54 
33366.66 
33366.79 
33366.91 
33367.04 
33367.16 
33367.28 
33367.41 
33367.54 
33367.68 
33367.80 
33367.93 
33368.06 
33368.19 
33368.31 
33368.44 
33368.57 
33368.69 
33368.82 
33368.94 
33369.07 
33369.19 
33369.32 
33369.45 
33369.57 
33369.70 
33369.82 
33369.96 
33370.09 
33370.21 
33370.33 
33370.46 
33370.58 
33370.71 
33370.83 
33370.96 
33371.08 
33371.21 
33371.33 
33371.46 
33371.58 
33371.70 
33371.83 
33371.95 
33372.08 
33372.20 
33372.33 
33372.45 
33372.58 
33372.71 
33372.83 
33372.96 
33373.08 
33373.21 
33373.33 
33373.46 
33373.58 
33373.70 
33373.83 
33373.95 
33374.08 
33374.20 
33374.33 
33374.45 
33374.57 
33374.70 
33374.82 
33374.95 
33375.07 
33375.20 
33375.33 
33375.45 
33375.58 
33375.70 
33375.82 
33375.95 
33376.07 
33376.20 
33376.32 
33376.45 
33376.57 
33376.70 
33376.82 
33376.95 
33377.07 
33377.20 
33377.32 
33377.45 
33377.57 
33377.70 
33377.82 
33377.94 
33378.07 
33378.20 
33378.32 
33378.45 
33378.57 
33378.70 
33378.82 
33378.95 
33379.07 
33379.19 
33379.33 
33379.46 
33379.58 
33379.70 
33379.83 
33379.95 
33380.07 
33380.21 
33380.34 
33380.46 
33380.59 
33380.71 
33380.84 
33380.97 
33381.10 
33381.22 
33381.35 
33381.47 
33381.61 
33381.74 
33381.86 
33381.99 
33382.11 
33382.24 
33382.37 
33382.49 
33382.62 
33382.74 
33382.86 
33382.99 
33383.11 
33383.23 
33383.36 
33383.48 
33383.60 
33383.73 
33383.85 
33383.98 
33384.10 
33384.23 
33384.35 
33384.48 
33384.60 
33384.73 
33384.86 
33384.98 
33385.11 
33385.24 
33385.38 
33385.50 
33385.63 
33385.75 
33385.88 
33386.01 
33386.14 
33386.26 
33386.39 
33386.51 
33386.63 
33386.76 
33386.88 
33387.01 
33387.13 
33387.26 
33387.39 
33387.51 
33387.64 
33387.76 
33387.89 
33388.01 
33388.13 
33388.26 
33388.39 
33388.51 
33388.64 
33388.77 
33388.89 
33389.02 
33389.14 
33389.27 
33389.39 
33389.53 
33389.66 
33389.78 
33389.90 
33390.03 
33390.15 
33390.27 
33390.40 
33390.51 
33390.64 
33390.77 
33390.89 
33391.02 
33391.14 
33391.27 
33391.39 
33391.52 
33391.64 
33391.77 
33391.89 
33392.02 
33392.15 
33392.27 
33392.39 
33392.51 
33392.63 
33392.76 
33392.88 
33393.01 
33393.14 
33393.26 
33393.39 
33393.51 
33393.64 
33393.76 
33393.89 
33394.01 
33394.14 
33394.26 
33394.39 
33394.51 
33394.64 
33394.77 
33394.89 
33395.01 
33395.14 
33395.26 
33395.39 
33395.51 
33395.63 
33395.76 
33395.88 
33396.01 
33396.14 
33396.26 
33396.38 
33396.51 
33396.64 
33396.76 
33396.89 
33397.01 
33397.14 
33397.26 
33397.39 
33397.51 
33397.64 
33397.76 
33397.89 
33398.01 
33398.14 
33398.26 
33398.38 
33398.50 
33398.62 
33398.75 
33398.87 
33399.00 
33399.13 
33399.25 
33399.37 
33399.50 
33399.64 
33399.77 
33399.89 
33400.02 
33400.14 
33400.27 
33400.40 
33400.52 
33400.65 
33400.77 
33400.90 
33401.02 
33401.14 
33401.26 
33401.39 
33401.51 
33401.64 
33401.77 
33401.89 
33402.02 
33402.14 
33402.27 
33402.39 
33402.51 
33402.64 
33402.77 
33402.89 
33403.02 
33403.14 
33403.26 
33403.39 
33403.51 
33403.64 
33403.77 
33403.90 
33404.02 
33404.15 
33404.27 
33404.40 
33404.52 
33404.64 
33404.77 
33404.89 
33405.02 
33405.14 
33405.27 
33405.39 
33405.52 
33405.64 
33405.76 
33405.89 
33406.01 
33406.14 
33406.26 
33406.38 
33406.51 
33406.63 
33406.76 
33406.88 
33407.01 
33407.13 
33407.26 
33407.38 
33407.51 
33407.63 
33407.75 
33407.88 
33408.00 
33408.11 
33408.24 
33408.37 
33408.49 
33408.62 
33408.74 
33408.87 
33408.99 
33409.12 
33409.25 
33409.37 
33409.50 
33409.62 
33409.75 
33409.87 
33410.00 
33410.12 
33410.25 
33410.37 
33410.50 
33410.62 
33410.75 
33410.87 
33411.00 
33411.12 
33411.25 
33411.37 
33411.50 
33411.62 
33411.75 
33411.87 
33412.00 
33412.12 
33412.24 
33412.37 
33412.49 
33412.62 
33412.75 
33412.87 
33413.00 
33413.12 
33413.25 
33413.37 
33413.50 
33413.63 
33413.75 
33413.88 
33414.00 
33414.13 
33414.25 
33414.38 
33414.50 
33414.63 
33414.76 
33414.88 
33415.01 
33415.13 
33415.26 
33415.38 
33415.50 
33415.63 
33415.75 
33415.88 
33416.00 
33416.13 
33416.25 
33416.38 
33416.50 
33416.63 
33416.75 
33416.88 
33417.00 
33417.13 
33417.25 
33417.37 
33417.50 
33417.62 
33417.75 
33417.87 
33418.00 
33418.12 
33418.25 
33418.37 
33418.50 
33418.62 
33418.75 
33418.87 
33419.00 
33419.12 
33419.25 
33419.37 
33419.49 
33419.62 
33419.74 
33419.86 
33419.99 
33420.11 
33420.24 
33420.36 
33420.49 
33420.61 
33420.74 
33420.86 
33420.99 
33421.11 
33421.24 
33421.36 
33421.49 
33421.62 
33421.74 
33421.87 
33422.01 
33422.14 
33422.26 
33422.38 
33422.51 
33422.63 
33422.76 
33422.88 
33423.01 
33423.14 
33423.26 
33423.39 
33423.51 
33423.64 
33423.76 
33423.88 
33424.01 
33424.13 
33424.26 
33424.38 
33424.51 
33424.63 
33424.76 
33424.88 
33425.01 
33425.13 
33425.26 
33425.38 
33425.50 
33425.63 
33425.75 
33425.88 
33426.01 
33426.13 
33426.25 
33426.38 
33426.50 
33426.62 
33426.75 
33426.87 
33427.00 
33427.12 
33427.25 
33427.37 
33427.50 
33427.62 
33427.75 
33427.87 
33428.01 
33428.13 
33428.26 
33428.38 
33428.50 
33428.63 
33428.75 
33428.88 
33429.00 
33429.13 
33429.25 
33429.37 
33429.50 
33429.62 
33429.74 
33429.87 
33429.99 
33430.12 
33430.24 
33430.37 
33430.49 
33430.62 
33430.74 
33430.87 
33430.99 
33431.12 
33431.24 
33431.37 
33431.49 
33431.62 
33431.75 
33431.89 
33432.01 
33432.13 
33432.26 
33432.38 
33432.51 
33432.63 
33432.76 
33432.88 
33433.01 
33433.13 
33433.26 
33433.38 
33433.51 
33433.63 
33433.76 
33433.88 
33434.02 
33434.15 
33434.27 
33434.40 
33434.52 
33434.65 
33434.77 
33434.90 
33435.02 
33435.14 
33435.27 
33435.39 
33435.52 
33435.64 
33435.77 
33435.89 
33436.01 
33436.14 
33436.26 
33436.38 
33436.51 
33436.63 
33436.76 
33436.89 
33437.01 
33437.13 
33437.26 
33437.38 
33437.53 
33437.65 
33437.77 
33437.90 
33438.02 
33438.16 
33438.28 
33438.40 
33438.53 
33438.65 
33438.78 
33438.90 
33439.02 
33439.15 
33439.27 
33439.39 
33439.52 
33439.64 
33439.77 
33439.89 
33440.02 
33440.14 
33440.27 
33440.39 
33440.52 
33440.64 
33440.77 
33440.89 
33441.02 
33441.14 
33441.26 
33441.39 
33441.52 
33441.64 
33441.76 
33441.89 
33442.01 
33442.13 
33442.26 
33442.38 
33442.50 
33442.63 
33442.76 
33442.89 
33443.01 
33443.13 
33443.26 
33443.38 
33443.51 
33443.63 
33443.76 
33443.88 
33444.01 
33444.13 
33444.26 
33444.38 
33444.50 
33444.63 
33444.75 
33444.88 
33445.00 
33445.12 
33445.25 
33445.38 
33445.50 
33445.62 
33445.75 
33445.87 
33446.00 
33446.12 
33446.24 
33446.37 
33446.49 
33446.63 
33446.75 
33446.88 
33447.00 
33447.13 
33447.25 
33447.37 
33447.50 
33447.62 
33447.75 
33447.87 
33448.00 
33448.12 
33448.25 
33448.37 
33448.49 
33448.62 
33448.74 
33448.88 
33449.01 
33449.14 
33449.26 
33449.38 
33449.51 
33449.63 
33449.76 
33449.88 
33450.01 
33450.14 
33450.26 
33450.38 
33450.51 
33450.65 
33450.77 
33450.90 
33451.02 
33451.15 
33451.28 
33451.40 
33451.52 
33451.65 
33451.77 
33451.89 
33452.02 
33452.14 
33452.27 
33452.39 
33452.52 
33452.64 
33452.77 
33452.89 
33453.02 
33453.14 
33453.26 
33453.39 
33453.52 
33453.64 
33453.77 
33453.90 
33454.02 
33454.15 
33454.27 
33454.40 
33454.52 
33454.65 
33454.78 
33454.90 
33455.03 
33455.16 
33455.28 
33455.41 
33455.53 
33455.66 
33455.78 
33455.90 
33456.03 
33456.16 
33456.28 
33456.41 
33456.53 
33456.65 
33456.78 
33456.90 
33457.03 
33457.16 
33457.28 
33457.41 
33457.53 
33457.66 
33457.78 
33457.91 
33458.04 
33458.16 
33458.29 
33458.41 
33458.54 
33458.66 
33458.79 
33458.91 
33459.04 
33459.17 
33459.29 
33459.42 
33459.54 
33459.67 
33459.79 
33459.92 
33460.05 
33460.17 
33460.30 
33460.42 
33460.55 
33460.67 
33460.80 
33460.93 
33461.05 
33461.18 
33461.30 
33461.43 
33461.55 
33461.68 
33461.80 
33461.93 
33462.05 
33462.17 
33462.30 
33462.43 
33462.55 
33462.68 
33462.80 
33462.93 
33463.06 
33463.18 
33463.31 
33463.45 
33463.57 
33463.69 
33463.82 
33463.94 
33464.07 
33464.19 
33464.32 
33464.44 
33464.58 
33464.71 
33464.83 
33464.96 
33465.08 
33465.21 
33465.33 
33465.46 
33465.59 
33465.72 
33465.84 
33465.97 
33466.09 
33466.22 
33466.34 
33466.47 
33466.59 
33466.70 
33466.83 
33466.95 
33467.08 
33467.20 
33467.33 
33467.45 
33467.58 
33467.70 
33467.83 
33467.95 
33468.08 
33468.20 
33468.33 
33468.45 
33468.57 
33468.70 
33468.82 
33468.95 
33469.07 
33469.20 
33469.32 
33469.45 
33469.57 
33469.70 
33469.82 
33469.95 
33470.07 
33470.20 
33470.32 
33470.44 
33470.57 
33470.69 
33470.82 
33470.94 
33471.07 
33471.19 
33471.32 
33471.44 
33471.57 
33471.69 
33471.82 
33471.95 
33472.07 
33472.20 
33472.32 
33472.45 
33472.57 
33472.70 
33472.82 
33472.95 
33473.07 
33473.20 
33473.33 
33473.45 
33473.58 
33473.71 
33473.83 
33473.96 
33474.08 
33474.21 
33474.34 
33474.46 
33474.59 
33474.71 
33474.84 
33474.96 
33475.08 
33475.21 
33475.33 
33475.46 
33475.58 
33475.70 
33475.82 
33475.95 
33476.07 
33476.20 
33476.32 
33476.44 
33476.57 
33476.69 
33476.81 
33476.94 
33477.06 
33477.18 
33477.31 
33477.43 
33477.56 
33477.68 
33477.81 
33477.94 
33478.06 
33478.19 
33478.31 
33478.44 
33478.56 
33478.69 
33478.81 
33478.93 
33479.06 
33479.18 
33479.30 
33479.43 
33479.55 
33479.67 
33479.80 
33479.92 
33480.04 
33480.17 
33480.30 
33480.42 
33480.55 
33480.67 
33480.79 
33480.92 
33481.04 
33481.17 
33481.29 
33481.42 
33481.55 
33481.67 
33481.79 
33481.92 
33482.05 
33482.17 
33482.30 
33482.43 
33482.55 
33482.68 
33482.81 
33482.93 
33483.06 
33483.18 
33483.31 
33483.43 
33483.56 
33483.69 
33483.81 
33483.94 
33484.06 
33484.19 
33484.31 
33484.44 
33484.57 
33484.69 
33484.82 
33484.94 
33485.06 
33485.18 
33485.31 
33485.43 
33485.55 
33485.68 
33485.80 
33485.93 
33486.05 
33486.18 
33486.30 
33486.42 
33486.55 
33486.67 
33486.80 
33486.92 
33487.05 
33487.17 
33487.30 
33487.42 
33487.55 
33487.67 
33487.80 
33487.92 
33488.05 
33488.17 
33488.30 
33488.42 
33488.54 
33488.66 
33488.78 
33488.91 
33489.03 
33489.16 
33489.28 
33489.41 
33489.54 
33489.66 
33489.79 
33489.91 
33490.04 
33490.16 
33490.28 
33490.41 
33490.53 
33490.66 
33490.78 
33490.91 
33491.03 
33491.15 
33491.29 
33491.42 
33491.54 
33491.67 
33491.79 
33491.92 
33492.05 
33492.17 
33492.30 
33492.42 
33492.55 
33492.67 
33492.80 
33492.93 
33493.05 
33493.18 
33493.30 
33493.43 
33493.56 
33493.68 
33493.81 
33493.94 
33494.06 
33494.19 
33494.31 
33494.44 
33494.56 
33494.69 
33494.81 
33494.93 
33495.05 
33495.18 
33495.30 
33495.43 
33495.55 
33495.68 
33495.80 
33495.93 
33496.05 
33496.18 
33496.31 
33496.43 
33496.56 
33496.69 
33496.81 
33496.94 
33497.07 
33497.19 
33497.32 
33497.44 
33497.57 
33497.69 
33497.81 
33497.94 
33498.06 
33498.19 
33498.32 
33498.45 
33498.57 
33498.69 
33498.82 
33498.94 
33499.07 
33499.19 
33499.33 
33499.46 
33499.58 
33499.70 
33499.83 
33499.95 
33500.08 
33500.20 
33500.33 
33500.45 
33500.58 
33500.70 
33500.83 
33500.95 
33501.08 
33501.20 
33501.33 
33501.45 
33501.58 
33501.71 
33501.83 
33501.96 
33502.08 
33502.21 
33502.33 
33502.46 
33502.59 
33502.71 
33502.84 
33502.96 
33503.09 
33503.21 
33503.34 
33503.47 
33503.59 
33503.72 
33503.84 
33503.97 
33504.09 
33504.22 
33504.34 
33504.47 
33504.59 
33504.72 
33504.85 
33504.97 
33505.09 
33505.22 
33505.34 
33505.47 
33505.59 
33505.72 
33505.86 
33505.98 
33506.12 
33506.25 
33506.37 
33506.50 
33506.62 
33506.75 
33506.87 
33507.00 
33507.12 
33507.25 
33507.37 
33507.49 
33507.62 
33507.74 
33507.86 
33507.99 
33508.11 
33508.24 
33508.37 
33508.49 
33508.62 
33508.74 
33508.87 
33508.99 
33509.12 
33509.25 
33509.37 
33509.50 
33509.62 
33509.75 
33509.87 
33510.00 
33510.12 
33510.25 
33510.37 
33510.50 
33510.62 
33510.75 
33510.87 
33511.00 
33511.13 
33511.25 
33511.38 
33511.50 
33511.63 
33511.75 
33511.88 
33512.01 
33512.13 
33512.26 
33512.38 
33512.51 
33512.63 
33512.76 
33512.89 
33513.01 
33513.14 
33513.26 
33513.39 
33513.52 
33513.64 
33513.77 
33513.90 
33514.02 
33514.15 
33514.28 
33514.40 
33514.53 
33514.65 
33514.78 
33514.90 
33515.03 
33515.15 
33515.28 
33515.40 
33515.53 
33515.65 
33515.77 
33515.91 
33516.04 
33516.17 
33516.29 
33516.42 
33516.54 
33516.67 
33516.79 
33516.91 
33517.04 
33517.17 
33517.30 
33517.43 
33517.55 
33517.67 
33517.79 
33517.92 
33518.04 
33518.17 
33518.29 
33518.41 
33518.54 
33518.66 
33518.78 
33518.91 
33519.03 
33519.16 
33519.28 
33519.40 
33519.53 
33519.65 
33519.78 
33519.90 
33520.03 
33520.15 
33520.28 
33520.40 
33520.53 
33520.65 
33520.77 
33520.90 
33521.02 
33521.14 
33521.27 
33521.39 
33521.52 
33521.64 
33521.76 
33521.89 
33522.01 
33522.14 
33522.26 
33522.38 
33522.51 
33522.63 
33522.76 
33522.88 
33523.01 
33523.13 
33523.25 
33523.38 
33523.51 
33523.63 
33523.76 
33523.88 
33524.00 
33524.13 
33524.25 
33524.38 
33524.50 
33524.63 
33524.75 
33524.87 
33525.00 
33525.13 
33525.25 
33525.37 
33525.50 
33525.62 
33525.74 
33525.87 
33525.98 
33526.11 
33526.23 
33526.36 
33526.48 
33526.61 
33526.73 
33526.85 
33526.98 
33527.11 
33527.23 
33527.36 
33527.48 
33527.61 
33527.73 
33527.85 
33527.98 
33528.10 
33528.23 
33528.35 
33528.48 
33528.60 
33528.73 
33528.85 
33528.98 
33529.11 
33529.23 
33529.35 
33529.47 
33529.60 
33529.73 
33529.86 
33529.98 
33530.11 
33530.23 
33530.36 
33530.49 
33530.61 
33530.74 
33530.86 
33530.99 
33531.11 
33531.23 
33531.36 
33531.49 
33531.61 
33531.74 
33531.86 
33531.99 
33532.11 
33532.23 
33532.36 
33532.48 
33532.61 
33532.73 
33532.86 
33532.98 
33533.11 
33533.23 
33533.36 
33533.48 
33533.60 
33533.73 
33533.86 
33533.98 
33534.11 
33534.23 
33534.38 
33534.50 
33534.63 
33534.75 
33534.88 
33535.00 
33535.12 
33535.25 
33535.37 
33535.50 
33535.62 
33535.74 
33535.87 
33535.99 
33536.12 
33536.25 
33536.37 
33536.49 
33536.61 
33536.74 
33536.86 
33536.98 
33537.11 
33537.23 
33537.37 
33537.50 
33537.62 
33537.75 
33537.87 
33538.00 
33538.12 
33538.24 
33538.37 
33538.50 
33538.63 
33538.76 
33538.88 
33539.00 
33539.13 
33539.25 
33539.37 
33539.50 
33539.62 
33539.74 
33539.87 
33540.00 
33540.12 
33540.25 
33540.37 
33540.50 
33540.62 
33540.75 
33540.87 
33541.00 
33541.13 
33541.25 
33541.38 
33541.50 
33541.63 
33541.75 
33541.88 
33542.01 
33542.12 
33542.24 
33542.37 
33542.49 
33542.62 
33542.74 
33542.87 
33542.99 
33543.12 
33543.25 
33543.37 
33543.50 
33543.63 
33543.75 
33543.88 
33544.00 
33544.13 
33544.25 
33544.38 
33544.50 
33544.62 
33544.75 
33544.88 
33545.00 
33545.12 
33545.25 
33545.37 
33545.50 
33545.63 
33545.76 
33545.88 
33546.00 
33546.13 
33546.25 
33546.38 
33546.51 
33546.63 
33546.76 
33546.88 
33547.00 
33547.13 
33547.25 
33547.37 
33547.50 
33547.62 
33547.75 
33547.88 
33548.00 
33548.13 
33548.25 
33548.38 
33548.50 
33548.63 
33548.75 
33548.88 
33549.00 
33549.13 
33549.26 
33549.38 
33549.51 
33549.64 
33549.76 
33549.89 
33550.01 
33550.14 
33550.26 
33550.39 
33550.51 
33550.64 
33550.76 
33550.89 
33551.01 
33551.14 
33551.26 
33551.39 
33551.51 
33551.64 
33551.77 
33551.90 
33552.02 
33552.15 
33552.27 
33552.39 
33552.52 
33552.64 
33552.76 
33552.89 
33553.01 
33553.14 
33553.26 
33553.38 
33553.51 
33553.63 
33553.76 
33553.90 
33554.02 
33554.14 
33554.27 
33554.39 
33554.52 
33554.64 
33554.77 
33554.89 
33555.02 
33555.14 
33555.26 
33555.39 
33555.51 
33555.64 
33555.76 
33555.89 
33556.01 
33556.13 
33556.26 
33556.38 
33556.51 
33556.63 
33556.76 
33556.89 
33557.01 
33557.12 
33557.23 
33557.37 
33557.49 
33557.62 
33557.74 
33557.87 
33557.99 
33558.12 
33558.24 
33558.37 
33558.49 
33558.62 
33558.75 
33558.89 
33559.01 
33559.14 
33559.26 
33559.38 
33559.51 
33559.63 
33559.76 
33559.88 
33560.00 
33560.13 
33560.25 
33560.37 
33560.50 
33560.62 
33560.75 
33560.87 
33561.00 
33561.12 
33561.25 
33561.37 
33561.50 
33561.62 
33561.75 
33561.87 
33562.00 
33562.13 
33562.25 
33562.37 
33562.50 
33562.63 
33562.75 
33562.87 
33563.00 
33563.12 
33563.25 
33563.37 
33563.50 
33563.62 
33563.75 
33563.87 
33564.00 
33564.12 
33564.25 
33564.37 
33564.50 
33564.62 
33564.75 
33564.87 
33565.00 
33565.12 
33565.25 
33565.37 
33565.50 
33565.62 
33565.75 
33565.87 
33566.00 
33566.12 
33566.25 
33566.37 
33566.50 
33566.62 
33566.75 
33566.87 
33567.00 
33567.13 
33567.26 
33567.38 
33567.51 
33567.63 
33567.75 
33567.87 
33568.00 
33568.12 
33568.25 
33568.37 
33568.50 
33568.62 
33568.75 
33568.87 
33569.00 
33569.12 
33569.25 
33569.38 
33569.50 
33569.63 
33569.75 
33569.88 
33570.00 
33570.13 
33570.26 
33570.38 
33570.51 
33570.63 
33570.76 
33570.89 
33571.02 
33571.14 
33571.27 
33571.39 
33571.52 
33571.65 
33571.77 
33571.90 
33572.03 
33572.15 
33572.28 
33572.41 
33572.53 
33572.66 
33572.78 
33572.91 
33573.03 
33573.16 
33573.29 
33573.41 
33573.54 
33573.66 
33573.79 
33573.91 
33574.04 
33574.17 
33574.29 
33574.42 
33574.55 
33574.67 
33574.80 
33574.92 
33575.05 
33575.17 
33575.30 
33575.42 
33575.56 
33575.69 
33575.81 
33575.93 
33576.06 
33576.18 
33576.30 
33576.43 
33576.56 
33576.68 
33576.80 
33576.93 
33577.05 
33577.18 
33577.30 
33577.43 
33577.55 
33577.68 
33577.80 
33577.92 
33578.06 
33578.18 
33578.30 
33578.43 
33578.56 
33578.68 
33578.81 
33578.93 
33579.06 
33579.18 
33579.31 
33579.43 
33579.56 
33579.68 
33579.81 
33579.93 
33580.06 
33580.18 
33580.31 
33580.43 
33580.56 
33580.69 
33580.81 
33580.94 
33581.06 
33581.19 
33581.31 
33581.44 
33581.56 
33581.69 
33581.81 
33581.94 
33582.06 
33582.19 
33582.31 
33582.43 
33582.56 
33582.69 
33582.81 
33582.93 
33583.06 
33583.18 
33583.30 
33583.43 
33583.56 
33583.69 
33583.81 
33583.94 
33584.06 
33584.19 
33584.31 
33584.44 
33584.56 
33584.69 
33584.81 
33584.94 
33585.06 
33585.19 
33585.31 
33585.44 
33585.57 
33585.69 
33585.82 
33585.94 
33586.06 
33586.19 
33586.32 
33586.44 
33586.57 
33586.69 
33586.81 
33586.93 
33587.05 
33587.18 
33587.30 
33587.43 
33587.55 
33587.67 
33587.80 
33587.92 
33588.05 
33588.17 
33588.30 
33588.42 
33588.54 
33588.67 
33588.80 
33588.92 
33589.05 
33589.17 
33589.30 
33589.42 
33589.55 
33589.67 
33589.79 
33589.92 
33590.05 
33590.19 
33590.31 
33590.43 
33590.56 
33590.69 
33590.81 
33590.93 
33591.06 
33591.18 
33591.30 
33591.43 
33591.55 
33591.68 
33591.80 
33591.92 
33592.05 
33592.17 
33592.30 
33592.42 
33592.55 
33592.67 
33592.80 
33592.92 
33593.05 
33593.17 
33593.30 
33593.42 
33593.55 
33593.67 
33593.80 
33593.92 
33594.05 
33594.17 
33594.30 
33594.42 
33594.55 
33594.67 
33594.80 
33594.92 
33595.05 
33595.17 
33595.30 
33595.43 
33595.55 
33595.68 
33595.80 
33595.93 
33596.05 
33596.18 
33596.30 
33596.43 
33596.56 
33596.68 
33596.80 
33596.93 
33597.05 
33597.18 
33597.30 
33597.43 
33597.55 
33597.68 
33597.81 
33597.93 
33598.06 
33598.18 
33598.31 
33598.43 
33598.56 
33598.69 
33598.81 
33598.93 
33599.06 
33599.18 
33599.31 
33599.43 
33599.56 
33599.68 
33599.81 
33599.93 
33600.06 
33600.18 
33600.31 
33600.43 
33600.56 
33600.69 
33600.81 
33600.94 
33601.06 
33601.20 
33601.33 
33601.45 
33601.57 
33601.70 
33601.82 
33601.95 
33602.07 
33602.20 
33602.32 
33602.44 
33602.57 
33602.69 
33602.82 
33602.94 
33603.07 
33603.19 
33603.31 
33603.44 
33603.56 
33603.69 
33603.81 
33603.94 
33604.06 
33604.18 
33604.31 
33604.43 
33604.56 
33604.68 
33604.80 
33604.93 
33605.05 
33605.18 
33605.30 
33605.43 
33605.55 
33605.68 
33605.80 
33605.92 
33606.05 
33606.19 
33606.31 
33606.44 
33606.56 
33606.69 
33606.81 
33606.94 
33607.06 
33607.20 
33607.32 
33607.44 
33607.57 
33607.69 
33607.82 
33607.94 
33608.06 
33608.19 
33608.31 
33608.44 
33608.56 
33608.69 
33608.81 
33608.94 
33609.06 
33609.18 
33609.31 
33609.43 
33609.55 
33609.70 
33609.82 
33609.95 
33610.07 
33610.20 
33610.33 
33610.45 
33610.57 
33610.70 
33610.82 
33610.95 
33611.07 
33611.20 
33611.32 
33611.45 
33611.57 
33611.70 
33611.82 
33611.94 
33612.07 
33612.19 
33612.32 
33612.44 
33612.57 
33612.69 
33612.82 
33612.95 
33613.07 
33613.20 
33613.32 
33613.45 
33613.57 
33613.70 
33613.82 
33613.95 
33614.07 
33614.20 
33614.32 
33614.45 
33614.57 
33614.69 
33614.82 
33614.94 
33615.08 
33615.20 
33615.33 
33615.45 
33615.58 
33615.70 
33615.83 
33615.95 
33616.08 
33616.20 
33616.32 
33616.44 
33616.57 
33616.69 
33616.82 
33616.94 
33617.07 
33617.19 
33617.31 
33617.44 
33617.56 
33617.69 
33617.81 
33617.93 
33618.06 
33618.18 
33618.30 
33618.43 
33618.55 
33618.68 
33618.80 
33618.93 
33619.05 
33619.18 
33619.30 
33619.42 
33619.55 
33619.67 
33619.79 
33619.92 
33620.05 
33620.17 
33620.30 
33620.42 
33620.55 
33620.67 
33620.81 
33620.94 
33621.06 
33621.18 
33621.31 
33621.43 
33621.56 
33621.68 
33621.81 
33621.93 
33622.06 
33622.18 
33622.31 
33622.43 
33622.56 
33622.68 
33622.81 
33622.93 
33623.06 
33623.18 
33623.31 
33623.43 
33623.56 
33623.68 
33623.82 
33623.94 
33624.07 
33624.19 
33624.32 
33624.44 
33624.56 
33624.69 
33624.81 
33624.94 
33625.06 
33625.19 
33625.31 
33625.44 
33625.56 
33625.68 
33625.81 
33625.93 
33626.06 
33626.18 
33626.30 
33626.43 
33626.55 
33626.67 
33626.80 
33626.93 
33627.05 
33627.18 
33627.30 
33627.43 
33627.55 
33627.68 
33627.80 
33627.92 
33628.05 
33628.17 
33628.29 
33628.42 
33628.55 
33628.67 
33628.80 
33628.92 
33629.05 
33629.17 
33629.30 
33629.42 
33629.55 
33629.67 
33629.79 
33629.92 
33630.04 
33630.16 
33630.29 
33630.41 
33630.54 
33630.66 
33630.78 
33630.91 
33631.03 
33631.16 
33631.28 
33631.41 
33631.54 
33631.66 
33631.79 
33631.91 
33632.03 
33632.16 
33632.28 
33632.41 
33632.53 
33632.65 
33632.78 
33632.90 
33633.03 
33633.15 
33633.28 
33633.40 
33633.53 
33633.65 
33633.77 
33633.90 
33634.02 
33634.15 
33634.27 
33634.40 
33634.52 
33634.65 
33634.77 
33634.89 
33635.01 
33635.14 
33635.26 
33635.39 
33635.51 
33635.64 
33635.76 
33635.88 
33636.01 
33636.13 
33636.26 
33636.38 
33636.50 
33636.63 
33636.75 
33636.88 
33637.00 
33637.13 
33637.25 
33637.38 
33637.50 
33637.63 
33637.75 
33637.88 
33638.01 
33638.14 
33638.26 
33638.39 
33638.51 
33638.64 
33638.76 
33638.89 
33639.01 
33639.14 
33639.26 
33639.38 
33639.51 
33639.63 
33639.76 
33639.88 
33640.01 
33640.13 
33640.26 
33640.38 
33640.50 
33640.62 
33640.75 
33640.88 
33641.00 
33641.13 
33641.25 
33641.38 
33641.50 
33641.63 
33641.75 
33641.88 
33642.00 
33642.13 
33642.25 
33642.38 
33642.50 
33642.62 
33642.75 
33642.87 
33643.00 
33643.12 
33643.25 
33643.37 
33643.49 
33643.62 
33643.74 
33643.87 
33644.00 
33644.12 
33644.25 
33644.37 
33644.49 
33644.62 
33644.74 
33644.87 
33644.99 
33645.12 
33645.25 
33645.37 
33645.50 
33645.62 
33645.74 
33645.87 
33646.00 
33646.12 
33646.25 
33646.36 
33646.49 
33646.61 
33646.74 
33646.86 
33646.99 
33647.11 
33647.24 
33647.37 
33647.49 
33647.61 
33647.74 
33647.87 
33647.99 
33648.11 
33648.24 
33648.37 
33648.49 
33648.62 
33648.75 
33648.87 
33649.00 
33649.12 
33649.25 
33649.38 
33649.50 
33649.63 
33649.75 
33649.88 
33650.01 
33650.13 
33650.26 
33650.38 
33650.51 
33650.63 
33650.76 
33650.88 
33651.01 
33651.14 
33651.26 
33651.39 
33651.51 
33651.64 
33651.77 
33651.91 
33652.04 
33652.16 
33652.29 
33652.41 
33652.53 
33652.66 
33652.78 
33652.91 
33653.03 
33653.16 
33653.28 
33653.41 
33653.53 
33653.65 
33653.78 
33653.90 
33654.03 
33654.15 
33654.28 
33654.40 
33654.53 
33654.65 
33654.78 
33654.90 
33655.02 
33655.15 
33655.27 
33655.39 
33655.52 
33655.64 
33655.77 
33655.89 
33656.01 
33656.14 
33656.26 
33656.38 
33656.51 
33656.63 
33656.76 
33656.88 
33657.01 
33657.13 
33657.26 
33657.38 
33657.51 
33657.63 
33657.76 
33657.88 
33658.01 
33658.13 
33658.26 
33658.38 
33658.51 
33658.63 
33658.76 
33658.89 
33659.02 
33659.15 
33659.27 
33659.40 
33659.52 
33659.65 
33659.78 
33659.91 
33660.03 
33660.16 
33660.28 
33660.40 
33660.53 
33660.65 
33660.78 
33660.90 
33661.03 
33661.15 
33661.27 
33661.38 
33661.51 
33661.64 
33661.76 
33661.89 
33662.01 
33662.14 
33662.26 
33662.38 
33662.51 
33662.63 
33662.76 
33662.88 
33663.00 
33663.13 
33663.26 
33663.38 
33663.50 
33663.63 
33663.75 
33663.88 
33664.00 
33664.13 
33664.25 
33664.38 
33664.50 
33664.63 
33664.75 
33664.87 
33664.99 
33665.12 
33665.25 
33665.37 
33665.50 
33665.62 
33665.74 
33665.87 
33666.00 
33666.12 
33666.24 
33666.37 
33666.49 
33666.62 
33666.74 
33666.87 
33667.00 
33667.12 
33667.25 
33667.37 
33667.50 
33667.63 
33667.75 
33667.88 
33668.00 
33668.13 
33668.26 
33668.38 
33668.51 
33668.63 
33668.76 
33668.89 
33669.01 
33669.14 
33669.26 
33669.39 
33669.52 
33669.64 
33669.78 
33669.90 
33670.03 
33670.15 
33670.28 
33670.40 
33670.53 
33670.65 
33670.77 
33670.90 
33671.03 
33671.15 
33671.27 
33671.40 
33671.52 
33671.65 
33671.77 
33671.89 
33672.02 
33672.15 
33672.27 
33672.40 
33672.52 
33672.65 
33672.77 
33672.89 
33673.02 
33673.14 
33673.26 
33673.39 
33673.51 
33673.64 
33673.76 
33673.89 
33674.01 
33674.14 
33674.26 
33674.39 
33674.51 
33674.64 
33674.76 
33674.88 
33675.01 
33675.13 
33675.26 
33675.38 
33675.51 
33675.63 
33675.76 
33675.88 
33676.01 
33676.12 
33676.24 
33676.37 
33676.49 
33676.62 
33676.74 
33676.87 
33676.99 
33677.11 
33677.24 
33677.36 
33677.49 
33677.62 
33677.74 
33677.87 
33677.99 
33678.12 
33678.25 
33678.37 
33678.49 
33678.62 
33678.74 
33678.87 
33678.99 
33679.12 
33679.25 
33679.39 
33679.51 
33679.64 
33679.77 
33679.89 
33680.02 
33680.14 
33680.26 
33680.39 
33680.51 
33680.64 
33680.76 
33680.89 
33681.01 
33681.14 
33681.26 
33681.38 
33681.51 
33681.63 
33681.76 
33681.88 
33682.00 
33682.13 
33682.25 
33682.38 
33682.50 
33682.63 
33682.75 
33682.88 
33683.00 
33683.13 
33683.26 
33683.38 
33683.51 
33683.63 
33683.76 
33683.89 
33684.01 
33684.14 
33684.26 
33684.39 
33684.51 
33684.64 
33684.76 
33684.88 
33685.01 
33685.13 
33685.26 
33685.38 
33685.51 
33685.63 
33685.76 
33685.88 
33686.00 
33686.13 
33686.25 
33686.38 
33686.50 
33686.63 
33686.75 
33686.88 
33687.00 
33687.14 
33687.26 
33687.39 
33687.51 
33687.64 
33687.76 
33687.89 
33688.01 
33688.13 
33688.26 
33688.38 
33688.51 
33688.63 
33688.75 
33688.88 
33689.00 
33689.13 
33689.25 
33689.38 
33689.50 
33689.63 
33689.75 
33689.88 
33690.00 
33690.13 
33690.25 
33690.38 
33690.50 
33690.62 
33690.75 
33690.88 
33691.00 
33691.13 
33691.25 
33691.37 
33691.50 
33691.63 
33691.75 
33691.88 
33692.00 
33692.13 
33692.25 
33692.38 
33692.51 
33692.65 
33692.77 
33692.90 
33693.02 
33693.15 
33693.27 
33693.40 
33693.52 
33693.65 
33693.77 
33693.89 
33694.02 
33694.14 
33694.27 
33694.40 
33694.52 
33694.65 
33694.77 
33694.90 
33695.02 
33695.15 
33695.27 
33695.40 
33695.52 
33695.65 
33695.77 
33695.91 
33696.04 
33696.16 
33696.29 
33696.41 
33696.54 
33696.66 
33696.79 
33696.91 
33697.04 
33697.16 
33697.29 
33697.42 
33697.54 
33697.67 
33697.79 
33697.92 
33698.04 
33698.17 
33698.29 
33698.42 
33698.54 
33698.67 
33698.81 
33698.93 
33699.06 
33699.18 
33699.31 
33699.43 
33699.55 
33699.68 
33699.80 
33699.93 
33700.05 
33700.18 
33700.30 
33700.42 
33700.55 
33700.67 
33700.79 
33700.92 
33701.04 
33701.17 
33701.29 
33701.42 
33701.54 
33701.66 
33701.79 
33701.91 
33702.04 
33702.16 
33702.29 
33702.41 
33702.54 
33702.66 
33702.79 
33702.91 
33703.03 
33703.15 
33703.28 
33703.40 
33703.53 
33703.65 
33703.78 
33703.90 
33704.03 
33704.17 
33704.30 
33704.43 
33704.55 
33704.68 
33704.80 
33704.93 
33705.06 
33705.19 
33705.31 
33705.44 
33705.56 
33705.69 
33705.81 
33705.93 
33706.06 
33706.18 
33706.30 
33706.43 
33706.55 
33706.68 
33706.80 
33706.93 
33707.05 
33707.17 
33707.30 
33707.42 
33707.55 
33707.67 
33707.80 
33707.92 
33708.04 
33708.16 
33708.28 
33708.41 
33708.53 
33708.66 
33708.78 
33708.91 
33709.03 
33709.16 
33709.28 
33709.41 
33709.53 
33709.65 
33709.78 
33709.90 
33710.03 
33710.15 
33710.28 
33710.40 
33710.53 
33710.65 
33710.78 
33710.90 
33711.03 
33711.15 
33711.28 
33711.40 
33711.53 
33711.65 
33711.78 
33711.90 
33712.03 
33712.15 
33712.28 
33712.41 
33712.53 
33712.66 
33712.78 
33712.91 
33713.04 
33713.16 
33713.29 
33713.41 
33713.53 
33713.66 
33713.78 
33713.92 
33714.04 
33714.16 
33714.29 
33714.41 
33714.53 
33714.66 
33714.78 
33714.90 
33715.03 
33715.15 
33715.28 
33715.40 
33715.52 
33715.65 
33715.77 
33715.90 
33716.03 
33716.15 
33716.28 
33716.40 
33716.52 
33716.65 
33716.77 
33716.90 
33717.02 
33717.15 
33717.27 
33717.40 
33717.53 
33717.65 
33717.78 
33717.90 
33718.03 
33718.15 
33718.28 
33718.41 
33718.53 
33718.66 
33718.78 
33718.91 
33719.03 
33719.15 
33719.28 
33719.40 
33719.53 
33719.65 
33719.78 
33719.90 
33720.02 
33720.15 
33720.27 
33720.40 
33720.52 
33720.65 
33720.77 
33720.90 
33721.02 
33721.15 
33721.27 
33721.39 
33721.52 
33721.65 
33721.77 
33721.90 
33722.03 
33722.15 
33722.28 
33722.40 
33722.53 
33722.65 
33722.78 
33722.90 
33723.03 
33723.15 
33723.28 
33723.40 
33723.53 
33723.66 
33723.79 
33723.91 
33724.04 
33724.16 
33724.29 
33724.41 
33724.53 
33724.66 
33724.78 
33724.91 
33725.03 
33725.16 
33725.28 
33725.40 
33725.53 
33725.66 
33725.78 
33725.90 
33726.03 
33726.15 
33726.28 
33726.40 
33726.53 
33726.65 
33726.78 
33726.90 
33727.03 
33727.15 
33727.28 
33727.40 
33727.53 
33727.65 
33727.77 
33727.90 
33728.02 
33728.15 
33728.27 
33728.40 
33728.52 
33728.65 
33728.77 
33728.90 
33729.02 
33729.14 
33729.27 
33729.39 
33729.52 
33729.64 
33729.77 
33729.89 
33730.02 
33730.14 
33730.26 
33730.39 
33730.51 
33730.64 
33730.76 
33730.89 
33731.01 
33731.13 
33731.26 
33731.38 
33731.51 
33731.63 
33731.76 
33731.88 
33732.01 
33732.13 
33732.26 
33732.38 
33732.51 
33732.63 
33732.76 
33732.89 
33733.01 
33733.14 
33733.26 
33733.39 
33733.51 
33733.64 
33733.76 
33733.88 
33734.01 
33734.13 
33734.26 
33734.38 
33734.51 
33734.63 
33734.76 
33734.88 
33735.02 
33735.14 
33735.27 
33735.39 
33735.52 
33735.65 
33735.77 
33735.90 
33736.02 
33736.14 
33736.27 
33736.39 
33736.52 
33736.64 
33736.77 
33736.89 
33737.02 
33737.14 
33737.27 
33737.39 
33737.52 
33737.64 
33737.77 
33737.89 
33738.02 
33738.14 
33738.27 
33738.39 
33738.52 
33738.65 
33738.77 
33738.90 
33739.03 
33739.15 
33739.28 
33739.40 
33739.53 
33739.65 
33739.78 
33739.90 
33740.02 
33740.15 
33740.27 
33740.40 
33740.53 
33740.65 
33740.77 
33740.90 
33741.02 
33741.15 
33741.27 
33741.40 
33741.52 
33741.65 
33741.77 
33741.90 
33742.02 
33742.14 
33742.27 
33742.39 
33742.52 
33742.65 
33742.77 
33742.89 
33743.02 
33743.14 
33743.26 
33743.39 
33743.51 
33743.64 
33743.76 
33743.89 
33744.01 
33744.13 
33744.26 
33744.38 
33744.51 
33744.63 
33744.76 
33744.89 
33745.01 
33745.13 
33745.26 
33745.38 
33745.51 
33745.64 
33745.76 
33745.89 
33746.01 
33746.14 
33746.26 
33746.38 
33746.51 
33746.63 
33746.76 
33746.88 
33747.01 
33747.13 
33747.26 
33747.38 
33747.51 
33747.63 
33747.76 
33747.89 
33748.01 
33748.14 
33748.26 
33748.39 
33748.51 
33748.64 
33748.77 
33748.89 
33749.01 
33749.14 
33749.26 
33749.39 
33749.51 
33749.64 
33749.76 
33749.89 
33750.00 
33750.14 
33750.26 
33750.39 
33750.51 
33750.64 
33750.76 
33750.88 
33751.01 
33751.13 
33751.26 
33751.39 
33751.51 
33751.64 
33751.76 
33751.89 
33752.01 
33752.13 
33752.28 
33752.40 
33752.53 
33752.65 
33752.78 
33752.90 
33753.02 
33753.15 
33753.27 
33753.40 
33753.52 
33753.65 
33753.77 
33753.89 
33754.02 
33754.14 
33754.26 
33754.39 
33754.51 
33754.64 
33754.76 
33754.88 
33755.01 
33755.13 
33755.25 
33755.38 
33755.50 
33755.63 
33755.76 
33755.88 
33756.01 
33756.14 
33756.26 
33756.39 
33756.51 
33756.64 
33756.77 
33756.89 
33757.01 
33757.14 
33757.26 
33757.41 
33757.53 
33757.66 
33757.78 
33757.92 
33758.04 
33758.17 
33758.29 
33758.42 
33758.54 
33758.66 
33758.79 
33758.91 
33759.04 
33759.17 
33759.29 
33759.41 
33759.56 
33759.69 
33759.81 
33759.94 
33760.06 
33760.19 
33760.31 
33760.43 
33760.56 
33760.68 
33760.80 
33760.93 
33761.06 
33761.18 
33761.30 
33761.43 
33761.55 
33761.68 
33761.80 
33761.93 
33762.05 
33762.17 
33762.30 
33762.42 
33762.54 
33762.67 
33762.79 
33762.92 
33763.04 
33763.17 
33763.31 
33763.44 
33763.57 
33763.69 
33763.82 
33763.95 
33764.07 
33764.20 
33764.32 
33764.45 
33764.57 
33764.70 
33764.82 
33764.95 
33765.08 
33765.20 
33765.32 
33765.44 
33765.57 
33765.69 
33765.81 
33765.94 
33766.06 
33766.19 
33766.31 
33766.44 
33766.57 
33766.69 
33766.82 
33766.94 
33767.07 
33767.21 
33767.34 
33767.46 
33767.59 
33767.71 
33767.84 
33767.97 
33768.09 
33768.22 
33768.35 
33768.47 
33768.60 
33768.73 
33768.85 
33768.98 
33769.11 
33769.23 
33769.36 
33769.49 
33769.61 
33769.74 
33769.86 
33769.99 
33770.11 
33770.24 
33770.37 
33770.49 
33770.61 
33770.74 
33770.86 
33770.99 
33771.11 
33771.24 
33771.37 
33771.49 
33771.61 
33771.74 
33771.86 
33771.99 
33772.11 
33772.24 
33772.36 
33772.48 
33772.61 
33772.73 
33772.86 
33772.98 
33773.11 
33773.23 
33773.36 
33773.48 
33773.60 
33773.73 
33773.86 
33773.98 
33774.10 
33774.23 
33774.35 
33774.48 
33774.60 
33774.73 
33774.85 
33774.97 
33775.10 
33775.22 
33775.34 
33775.47 
33775.59 
33775.72 
33775.85 
33775.97 
33776.10 
33776.22 
33776.35 
33776.47 
33776.60 
33776.72 
33776.84 
33776.97 
33777.09 
33777.21 
33777.34 
33777.46 
33777.58 
33777.70 
33777.83 
33777.95 
33778.07 
33778.20 
33778.32 
33778.45 
33778.57 
33778.70 
33778.82 
33778.94 
33779.07 
33779.19 
33779.32 
33779.44 
33779.57 
33779.69 
33779.82 
33779.94 
33780.07 
33780.19 
33780.32 
33780.44 
33780.57 
33780.69 
33780.82 
33780.94 
33781.06 
33781.19 
33781.31 
33781.44 
33781.56 
33781.69 
33781.81 
33781.94 
33782.06 
33782.18 
33782.30 
33782.43 
33782.55 
33782.68 
33782.80 
33782.93 
33783.06 
33783.18 
33783.30 
33783.43 
33783.56 
33783.68 
33783.81 
33783.93 
33784.05 
33784.18 
33784.30 
33784.43 
33784.56 
33784.68 
33784.80 
33784.93 
33785.05 
33785.18 
33785.30 
33785.42 
33785.55 
33785.67 
33785.80 
33785.92 
33786.05 
33786.16 
33786.28 
33786.41 
33786.53 
33786.65 
33786.78 
33786.90 
33787.03 
33787.15 
33787.29 
33787.41 
33787.54 
33787.66 
33787.79 
33787.91 
33788.04 
33788.16 
33788.29 
33788.41 
33788.54 
33788.66 
33788.79 
33788.91 
33789.04 
33789.16 
33789.29 
33789.41 
33789.53 
33789.66 
33789.78 
33789.91 
33790.03 
33790.16 
33790.28 
33790.41 
33790.53 
33790.65 
33790.78 
33790.90 
33791.03 
33791.15 
33791.28 
33791.40 
33791.53 
33791.65 
33791.77 
33791.90 
33792.02 
33792.15 
33792.27 
33792.40 
33792.52 
33792.65 
33792.77 
33792.89 
33793.02 
33793.14 
33793.26 
33793.39 
33793.51 
33793.63 
33793.76 
33793.88 
33794.00 
33794.13 
33794.26 
33794.38 
33794.51 
33794.63 
33794.77 
33794.90 
33795.02 
33795.14 
33795.27 
33795.39 
33795.52 
33795.64 
33795.77 
33795.89 
33796.02 
33796.14 
33796.27 
33796.39 
33796.50 
33796.64 
33796.76 
33796.88 
33797.01 
33797.13 
33797.26 
33797.38 
33797.51 
33797.63 
33797.76 
33797.88 
33798.00 
33798.13 
33798.25 
33798.37 
33798.50 
33798.62 
33798.74 
33798.87 
33798.99 
33799.12 
33799.24 
33799.37 
33799.51 
33799.64 
33799.76 
33799.88 
33800.01 
33800.13 
33800.26 
33800.38 
33800.50 
33800.63 
33800.75 
33800.88 
33801.00 
33801.13 
33801.25 
33801.37 
33801.50 
33801.62 
33801.75 
33801.87 
33802.00 
33802.12 
33802.25 
33802.37 
33802.49 
33802.62 
33802.74 
33802.87 
33802.99 
33803.12 
33803.25 
33803.37 
33803.50 
33803.64 
33803.76 
33803.89 
33804.01 
33804.13 
33804.26 
33804.38 
33804.51 
33804.63 
33804.75 
33804.88 
33805.00 
33805.13 
33805.25 
33805.37 
33805.50 
33805.62 
33805.75 
33805.87 
33806.00 
33806.12 
33806.25 
33806.37 
33806.49 
33806.62 
33806.74 
33806.87 
33807.00 
33807.12 
33807.25 
33807.37 
33807.50 
33807.62 
33807.75 
33807.88 
33808.00 
33808.13 
33808.25 
33808.37 
33808.50 
33808.62 
33808.75 
33808.87 
33809.00 
33809.12 
33809.25 
33809.37 
33809.49 
33809.62 
33809.74 
33809.87 
33809.99 
33810.11 
33810.24 
33810.36 
33810.49 
33810.61 
33810.74 
33810.86 
33810.99 
33811.11 
33811.24 
33811.37 
33811.49 
33811.62 
33811.75 
33811.88 
33812.00 
33812.13 
33812.25 
33812.37 
33812.50 
33812.62 
33812.75 
33812.87 
33813.00 
33813.12 
33813.25 
33813.37 
33813.49 
33813.62 
33813.74 
33813.87 
33813.99 
33814.12 
33814.24 
33814.37 
33814.49 
33814.62 
33814.74 
33814.86 
33814.99 
33815.12 
33815.24 
33815.37 
33815.49 
33815.62 
33815.74 
33815.87 
33815.99 
33816.12 
33816.24 
33816.37 
33816.49 
33816.62 
33816.74 
33816.87 
33816.99 
33817.12 
33817.24 
33817.37 
33817.49 
33817.62 
33817.74 
33817.87 
33818.01 
33818.14 
33818.26 
33818.38 
33818.50 
33818.63 
33818.75 
33818.88 
33819.00 
33819.13 
33819.25 
33819.38 
33819.50 
33819.63 
33819.75 
33819.88 
33820.00 
33820.13 
33820.25 
33820.38 
33820.50 
33820.63 
33820.75 
33820.88 
33821.01 
33821.13 
33821.26 
33821.38 
33821.51 
33821.63 
33821.76 
33821.90 
33822.02 
33822.15 
33822.27 
33822.40 
33822.52 
33822.65 
33822.77 
33822.90 
33823.02 
33823.15 
33823.27 
33823.40 
33823.53 
33823.65 
33823.78 
33823.91 
33824.03 
33824.16 
33824.28 
33824.41 
33824.54 
33824.66 
33824.78 
33824.91 
33825.03 
33825.15 
33825.28 
33825.41 
33825.53 
33825.65 
33825.78 
33825.90 
33826.03 
33826.15 
33826.27 
33826.40 
33826.52 
33826.65 
33826.77 
33826.90 
33827.02 
33827.15 
33827.27 
33827.40 
33827.52 
33827.65 
33827.76 
33827.88 
33828.01 
33828.14 
33828.28 
33828.41 
33828.53 
33828.66 
33828.78 
33828.91 
33829.03 
33829.16 
33829.28 
33829.40 
33829.53 
33829.67 
33829.79 
33829.92 
33830.04 
33830.16 
33830.29 
33830.41 
33830.54 
33830.66 
33830.78 
33830.91 
33831.03 
33831.16 
33831.28 
33831.41 
33831.53 
33831.66 
33831.79 
33831.91 
33832.04 
33832.16 
33832.29 
33832.41 
33832.54 
33832.66 
33832.78 
33832.91 
33833.04 
33833.16 
33833.29 
33833.41 
33833.54 
33833.66 
33833.79 
33833.91 
33834.04 
33834.17 
33834.30 
33834.42 
33834.54 
33834.67 
33834.80 
33834.93 
33835.05 
33835.18 
33835.30 
33835.43 
33835.55 
33835.68 
33835.80 
33835.93 
33836.05 
33836.18 
33836.30 
33836.42 
33836.55 
33836.68 
33836.80 
33836.93 
33837.05 
33837.18 
33837.30 
33837.43 
33837.55 
33837.68 
33837.81 
33837.93 
33838.05 
33838.17 
33838.30 
33838.42 
33838.55 
33838.67 
33838.80 
33838.93 
33839.05 
33839.18 
33839.30 
33839.42 
33839.55 
33839.67 
33839.80 
33839.92 
33840.05 
33840.16 
33840.29 
33840.41 
33840.53 
33840.66 
33840.78 
33840.91 
33841.03 
33841.16 
33841.28 
33841.41 
33841.53 
33841.66 
33841.78 
33841.91 
33842.03 
33842.16 
33842.29 
33842.41 
33842.53 
33842.66 
33842.78 
33842.91 
33843.04 
33843.18 
33843.30 
33843.42 
33843.55 
33843.67 
33843.79 
33843.92 
33844.05 
33844.17 
33844.30 
33844.42 
33844.54 
33844.67 
33844.79 
33844.92 
33845.05 
33845.17 
33845.30 
33845.42 
33845.55 
33845.67 
33845.79 
33845.92 
33846.05 
33846.17 
33846.30 
33846.42 
33846.54 
33846.67 
33846.80 
33846.92 
33847.04 
33847.17 
33847.29 
33847.42 
33847.54 
33847.67 
33847.79 
33847.92 
33848.04 
33848.16 
33848.29 
33848.41 
33848.54 
33848.66 
33848.79 
33848.91 
33849.04 
33849.16 
33849.29 
33849.41 
33849.54 
33849.66 
33849.79 
33849.91 
33850.04 
33850.17 
33850.29 
33850.42 
33850.55 
33850.67 
33850.80 
33850.92 
33851.05 
33851.18 
33851.30 
33851.43 
33851.55 
33851.68 
33851.81 
33851.93 
33852.06 
33852.18 
33852.33 
33852.45 
33852.57 
33852.70 
33852.82 
33852.95 
33853.07 
33853.20 
33853.32 
33853.45 
33853.57 
33853.69 
33853.82 
33853.94 
33854.07 
33854.19 
33854.32 
33854.44 
33854.57 
33854.69 
33854.82 
33854.95 
33855.07 
33855.20 
33855.32 
33855.45 
33855.57 
33855.70 
33855.82 
33855.95 
33856.07 
33856.20 
33856.32 
33856.45 
33856.57 
33856.70 
33856.82 
33856.95 
33857.07 
33857.20 
33857.32 
33857.45 
33857.57 
33857.70 
33857.83 
33857.95 
33858.08 
33858.20 
33858.33 
33858.46 
33858.58 
33858.70 
33858.83 
33858.95 
33859.07 
33859.20 
33859.32 
33859.45 
33859.57 
33859.69 
33859.82 
33859.94 
33860.07 
33860.19 
33860.32 
33860.44 
33860.56 
33860.69 
33860.81 
33860.94 
33861.06 
33861.19 
33861.31 
33861.44 
33861.56 
33861.69 
33861.81 
33861.94 
33862.06 
33862.19 
33862.31 
33862.44 
33862.56 
33862.69 
33862.81 
33862.93 
33863.06 
33863.18 
33863.30 
33863.43 
33863.55 
33863.68 
33863.80 
33863.92 
33864.05 
33864.17 
33864.30 
33864.42 
33864.55 
33864.67 
33864.79 
33864.92 
33865.05 
33865.17 
33865.29 
33865.42 
33865.54 
33865.67 
33865.79 
33865.92 
33866.04 
33866.16 
33866.29 
33866.41 
33866.54 
33866.66 
33866.78 
33866.91 
33867.03 
33867.16 
33867.28 
33867.41 
33867.53 
33867.65 
33867.78 
33867.90 
33868.02 
33868.15 
33868.27 
33868.40 
33868.52 
33868.64 
33868.77 
33868.91 
33869.03 
33869.15 
33869.27 
33869.40 
33869.52 
33869.65 
33869.77 
33869.90 
33870.02 
33870.14 
33870.27 
33870.40 
33870.52 
33870.64 
33870.77 
33870.89 
33871.02 
33871.15 
33871.27 
33871.40 
33871.52 
33871.65 
33871.77 
33871.90 
33872.03 
33872.15 
33872.28 
33872.40 
33872.53 
33872.65 
33872.78 
33872.90 
33873.03 
33873.15 
33873.28 
33873.40 
33873.52 
33873.65 
33873.77 
33873.90 
33874.02 
33874.15 
33874.28 
33874.40 
33874.53 
33874.65 
33874.78 
33874.90 
33875.03 
33875.15 
33875.28 
33875.41 
33875.53 
33875.66 
33875.78 
33875.91 
33876.03 
33876.16 
33876.28 
33876.41 
33876.53 
33876.66 
33876.78 
33876.91 
33877.04 
33877.16 
33877.29 
33877.42 
33877.54 
33877.67 
33877.79 
33877.92 
33878.05 
33878.17 
33878.30 
33878.42 
33878.55 
33878.67 
33878.80 
33878.92 
33879.05 
33879.17 
33879.30 
33879.42 
33879.55 
33879.67 
33879.81 
33879.94 
33880.06 
33880.18 
33880.31 
33880.43 
33880.56 
33880.68 
33880.81 
33880.94 
33881.06 
33881.19 
33881.31 
33881.43 
33881.56 
33881.68 
33881.81 
33881.93 
33882.06 
33882.18 
33882.31 
33882.43 
33882.56 
33882.68 
33882.80 
33882.93 
33883.05 
33883.18 
33883.30 
33883.42 
33883.55 
33883.67 
33883.79 
33883.92 
33884.04 
33884.17 
33884.29 
33884.42 
33884.54 
33884.66 
33884.78 
33884.91 
33885.03 
33885.16 
33885.30 
33885.42 
33885.54 
33885.66 
33885.79 
33885.91 
33886.04 
33886.16 
33886.29 
33886.41 
33886.54 
33886.66 
33886.79 
33886.91 
33887.04 
33887.17 
33887.29 
33887.42 
33887.54 
33887.66 
33887.79 
33887.91 
33888.04 
33888.16 
33888.30 
33888.42 
33888.55 
33888.67 
33888.80 
33888.93 
33889.05 
33889.17 
33889.30 
33889.42 
33889.55 
33889.67 
33889.80 
33889.92 
33890.04 
33890.16 
33890.28 
33890.41 
33890.54 
33890.66 
33890.79 
33890.91 
33891.04 
33891.17 
33891.29 
33891.42 
33891.54 
33891.66 
33891.79 
33891.91 
33892.04 
33892.16 
33892.29 
33892.41 
33892.54 
33892.66 
33892.78 
33892.91 
33893.03 
33893.16 
33893.28 
33893.41 
33893.53 
33893.66 
33893.78 
33893.90 
33894.03 
33894.16 
33894.28 
33894.41 
33894.53 
33894.65 
33894.78 
33894.90 
33895.03 
33895.16 
33895.28 
33895.41 
33895.53 
33895.66 
33895.78 
33895.91 
33896.03 
33896.16 
33896.28 
33896.41 
33896.54 
33896.66 
33896.79 
33896.91 
33897.04 
33897.17 
33897.29 
33897.42 
33897.54 
33897.66 
33897.79 
33897.91 
33898.04 
33898.16 
33898.29 
33898.41 
33898.53 
33898.65 
33898.78 
33898.90 
33899.03 
33899.15 
33899.28 
33899.40 
33899.53 
33899.66 
33899.78 
33899.91 
33900.03 
33900.16 
33900.29 
33900.41 
33900.53 
33900.66 
33900.78 
33900.91 
33901.04 
33901.16 
33901.29 
33901.41 
33901.54 
33901.66 
33901.80 
33901.92 
33902.05 
33902.17 
33902.30 
33902.42 
33902.55 
33902.67 
33902.80 
33902.92 
33903.05 
33903.17 
33903.28 
33903.40 
33903.53 
33903.66 
33903.78 
33903.91 
33904.03 
33904.16 
33904.29 
33904.41 
33904.53 
33904.66 
33904.78 
33904.91 
33905.03 
33905.15 
33905.28 
33905.40 
33905.53 
33905.65 
33905.78 
33905.90 
33906.03 
33906.15 
33906.27 
33906.40 
33906.53 
33906.65 
33906.78 
33906.91 
33907.03 
33907.16 
33907.28 
33907.41 
33907.53 
33907.67 
33907.80 
33907.92 
33908.05 
33908.17 
33908.30 
33908.42 
33908.54 
33908.67 
33908.79 
33908.91 
33909.04 
33909.17 
33909.29 
33909.42 
33909.54 
33909.67 
33909.79 
33909.92 
33910.04 
33910.17 
33910.29 
33910.42 
33910.54 
33910.67 
33910.79 
33910.90 
33911.03 
33911.16 
33911.28 
33911.41 
33911.53 
33911.66 
33911.78 
33911.91 
33912.03 
33912.16 
33912.29 
33912.41 
33912.53 
33912.66 
33912.78 
33912.91 
33913.03 
33913.16 
33913.28 
33913.41 
33913.53 
33913.66 
33913.78 
33913.91 
33914.03 
33914.16 
33914.29 
33914.41 
33914.54 
33914.67 
33914.79 
33914.92 
33915.05 
33915.17 
33915.30 
33915.41 
33915.55 
33915.67 
33915.79 
33915.92 
33916.05 
33916.17 
33916.30 
33916.42 
33916.55 
33916.67 
33916.80 
33916.93 
33917.05 
33917.18 
33917.30 
33917.43 
33917.55 
33917.68 
33917.81 
33917.93 
33918.06 
33918.18 
33918.31 
33918.43 
33918.56 
33918.68 
33918.81 
33918.94 
33919.06 
33919.19 
33919.31 
33919.44 
33919.57 
33919.69 
33919.82 
33919.94 
33920.07 
33920.20 
33920.32 
33920.45 
33920.57 
33920.70 
33920.82 
33920.95 
33921.08 
33921.20 
33921.31 
33921.43 
33921.56 
33921.68 
33921.81 
33921.93 
33922.06 
33922.18 
33922.31 
33922.44 
33922.56 
33922.69 
33922.82 
33922.95 
33923.08 
33923.20 
33923.35 
33923.47 
33923.60 
33923.72 
33923.85 
33923.97 
33924.10 
33924.22 
33924.35 
33924.48 
33924.61 
33924.73 
33924.85 
33924.98 
33925.10 
33925.23 
33925.35 
33925.48 
33925.60 
33925.73 
33925.85 
33925.98 
33926.10 
33926.22 
33926.35 
33926.47 
33926.60 
33926.72 
33926.84 
33926.97 
33927.10 
33927.22 
33927.35 
33927.47 
33927.60 
33927.72 
33927.85 
33927.97 
33928.09 
33928.22 
33928.34 
33928.46 
33928.59 
33928.71 
33928.84 
33928.96 
33929.09 
33929.21 
33929.33 
33929.46 
33929.58 
33929.70 
33929.83 
33929.95 
33930.07 
33930.20 
33930.32 
33930.45 
33930.57 
33930.70 
33930.82 
33930.95 
33931.07 
33931.19 
33931.32 
33931.44 
33931.57 
33931.69 
33931.82 
33931.94 
33932.07 
33932.19 
33932.31 
33932.44 
33932.56 
33932.69 
33932.81 
33932.94 
33933.06 
33933.19 
33933.31 
33933.44 
33933.56 
33933.69 
33933.81 
33933.93 
33934.06 
33934.18 
33934.31 
33934.43 
33934.56 
33934.68 
33934.81 
33934.93 
33935.06 
33935.18 
33935.31 
33935.43 
33935.56 
33935.68 
33935.80 
33935.93 
33936.05 
33936.18 
33936.30 
33936.42 
33936.57 
33936.69 
33936.81 
33936.94 
33937.06 
33937.19 
33937.31 
33937.44 
33937.56 
33937.69 
33937.81 
33937.93 
33938.06 
33938.20 
33938.33 
33938.46 
33938.58 
33938.71 
33938.83 
33938.96 
33939.09 
33939.21 
33939.34 
33939.46 
33939.59 
33939.71 
33939.84 
33939.97 
33940.09 
33940.22 
33940.34 
33940.47 
33940.59 
33940.71 
33940.84 
33940.96 
33941.09 
33941.21 
33941.34 
33941.46 
33941.59 
33941.71 
33941.83 
33941.96 
33942.08 
33942.20 
33942.33 
33942.45 
33942.57 
33942.70 
33942.82 
33942.94 
33943.07 
33943.19 
33943.32 
33943.44 
33943.56 
33943.69 
33943.81 
33943.94 
33944.06 
33944.19 
33944.31 
33944.44 
33944.56 
33944.69 
33944.81 
33944.93 
33945.06 
33945.18 
33945.30 
33945.43 
33945.55 
33945.67 
33945.80 
33945.93 
33946.05 
33946.17 
33946.30 
33946.42 
33946.55 
33946.67 
33946.80 
33946.92 
33947.05 
33947.17 
33947.29 
33947.42 
33947.54 
33947.66 
33947.79 
33947.91 
33948.04 
33948.18 
33948.30 
33948.43 
33948.55 
33948.68 
33948.80 
33948.92 
33949.05 
33949.17 
33949.30 
33949.42 
33949.54 
33949.67 
33949.80 
33949.93 
33950.06 
33950.18 
33950.31 
33950.43 
33950.55 
33950.68 
33950.80 
33950.93 
33951.05 
33951.17 
33951.30 
33951.42 
33951.55 
33951.67 
33951.80 
33951.92 
33952.05 
33952.17 
33952.30 
33952.42 
33952.55 
33952.67 
33952.80 
33952.92 
33953.05 
33953.17 
33953.29 
33953.42 
33953.54 
33953.67 
33953.79 
33953.92 
33954.04 
33954.17 
33954.29 
33954.41 
33954.54 
33954.66 
33954.78 
33954.90 
33955.03 
33955.15 
33955.28 
33955.41 
33955.53 
33955.66 
33955.78 
33955.92 
33956.04 
33956.16 
33956.29 
33956.41 
33956.53 
33956.66 
33956.78 
33956.90 
33957.03 
33957.15 
33957.28 
33957.40 
33957.52 
33957.65 
33957.77 
33957.90 
33958.02 
33958.14 
33958.27 
33958.39 
33958.52 
33958.64 
33958.76 
33958.89 
33959.01 
33959.14 
33959.26 
33959.39 
33959.51 
33959.64 
33959.76 
33959.89 
33960.01 
33960.14 
33960.26 
33960.39 
33960.51 
33960.64 
33960.76 
33960.89 
33961.01 
33961.14 
33961.26 
33961.39 
33961.51 
33961.64 
33961.76 
33961.89 
33962.01 
33962.14 
33962.26 
33962.38 
33962.51 
33962.63 
33962.75 
33962.87 
33962.99 
33963.12 
33963.24 
33963.37 
33963.49 
33963.61 
33963.74 
33963.86 
33963.99 
33964.11 
33964.26 
33964.38 
33964.50 
33964.63 
33964.75 
33964.87 
33965.00 
33965.12 
33965.25 
33965.37 
33965.50 
33965.62 
33965.74 
33965.87 
33965.99 
33966.12 
33966.24 
33966.37 
33966.50 
33966.62 
33966.75 
33966.87 
33967.00 
33967.13 
33967.25 
33967.38 
33967.50 
33967.63 
33967.76 
33967.88 
33968.01 
33968.13 
33968.26 
33968.38 
33968.51 
33968.63 
33968.76 
33968.89 
33969.01 
33969.14 
33969.26 
33969.39 
33969.51 
33969.64 
33969.77 
33969.90 
33970.02 
33970.15 
33970.27 
33970.40 
33970.52 
33970.65 
33970.77 
33970.89 
33971.02 
33971.14 
33971.26 
33971.39 
33971.51 
33971.64 
33971.76 
33971.89 
33972.01 
33972.14 
33972.26 
33972.38 
33972.51 
33972.63 
33972.76 
33972.88 
33973.02 
33973.14 
33973.27 
33973.39 
33973.52 
33973.64 
33973.77 
33973.89 
33974.02 
33974.14 
33974.27 
33974.39 
33974.52 
33974.64 
33974.76 
33974.89 
33975.01 
33975.13 
33975.26 
33975.38 
33975.50 
33975.63 
33975.75 
33975.88 
33976.00 
33976.13 
33976.26 
33976.40 
33976.52 
33976.65 
33976.77 
33976.89 
33977.02 
33977.14 
33977.27 
33977.39 
33977.52 
33977.64 
33977.77 
33977.89 
33978.02 
33978.14 
33978.26 
33978.39 
33978.51 
33978.64 
33978.76 
33978.89 
33979.01 
33979.14 
33979.26 
33979.39 
33979.51 
33979.64 
33979.76 
33979.89 
33980.01 
33980.14 
33980.26 
33980.39 
33980.52 
33980.65 
33980.77 
33980.90 
33981.02 
33981.15 
33981.27 
33981.39 
33981.52 
33981.64 
33981.76 
33981.89 
33982.01 
33982.14 
33982.26 
33982.39 
33982.51 
33982.64 
33982.76 
33982.89 
33983.01 
33983.14 
33983.26 
33983.38 
33983.50 
33983.63 
33983.76 
33983.89 
33984.01 
33984.13 
33984.26 
33984.38 
33984.51 
33984.63 
33984.76 
33984.88 
33985.01 
33985.13 
33985.26 
33985.38 
33985.50 
33985.63 
33985.77 
33985.89 
33986.01 
33986.14 
33986.27 
33986.39 
33986.51 
33986.64 
33986.76 
33986.89 
33987.01 
33987.13 
33987.26 
33987.38 
33987.50 
33987.62 
33987.75 
33987.87 
33988.00 
33988.12 
33988.25 
33988.37 
33988.50 
33988.62 
33988.74 
33988.87 
33988.99 
33989.12 
33989.24 
33989.37 
33989.49 
33989.62 
33989.74 
33989.87 
33989.99 
33990.11 
33990.24 
33990.37 
33990.49 
33990.62 
33990.74 
33990.87 
33990.99 
33991.12 
33991.24 
33991.37 
33991.49 
33991.61 
33991.74 
33991.86 
33991.99 
33992.11 
33992.24 
33992.36 
33992.49 
33992.61 
33992.74 
33992.86 
33992.98 
33993.11 
33993.23 
33993.36 
33993.48 
33993.61 
33993.73 
33993.84 
33993.97 
33994.09 
33994.21 
33994.34 
33994.46 
33994.59 
33994.71 
33994.84 
33994.96 
33995.09 
33995.21 
33995.33 
33995.46 
33995.58 
33995.71 
33995.83 
33995.95 
33996.08 
33996.20 
33996.33 
33996.45 
33996.57 
33996.70 
33996.82 
33996.94 
33997.07 
33997.19 
33997.32 
33997.44 
33997.57 
33997.69 
33997.82 
33997.94 
33998.06 
33998.19 
33998.31 
33998.44 
33998.56 
33998.69 
33998.81 
33998.94 
33999.06 
33999.18 
33999.31 
33999.44 
33999.56 
33999.69 
33999.81 
33999.94 
34000.06 
34000.18 
34000.31 
34000.43 
34000.56 
34000.68 
34000.81 
34000.94 
34001.06 
34001.18 
34001.31 
34001.43 
34001.56 
34001.68 
34001.81 
34001.93 
34002.06 
34002.18 
34002.31 
34002.43 
34002.56 
34002.68 
34002.80 
34002.93 
34003.06 
34003.18 
34003.30 
34003.43 
34003.55 
34003.67 
34003.80 
34003.92 
34004.05 
34004.17 
34004.28 
34004.40 
34004.52 
34004.65 
34004.77 
34004.89 
34005.02 
34005.14 
34005.26 
34005.39 
34005.51 
34005.64 
34005.78 
34005.91 
34006.03 
34006.16 
34006.28 
34006.41 
34006.53 
34006.65 
34006.78 
34006.90 
34007.03 
34007.15 
34007.28 
34007.40 
34007.52 
34007.65 
34007.77 
34007.90 
34008.04 
34008.17 
34008.29 
34008.42 
34008.56 
34008.68 
34008.80 
34008.92 
34009.05 
34009.17 
34009.30 
34009.42 
34009.55 
34009.67 
34009.79 
34009.92 
34010.04 
34010.19 
34010.31 
34010.44 
34010.56 
34010.69 
34010.81 
34010.94 
34011.06 
34011.18 
34011.31 
34011.43 
34011.58 
34011.70 
34011.83 
34011.95 
34012.08 
34012.20 
34012.33 
34012.45 
34012.57 
34012.70 
34012.82 
34012.95 
34013.08 
34013.21 
34013.33 
34013.46 
34013.58 
34013.70 
34013.82 
34013.94 
34014.07 
34014.20 
34014.32 
34014.45 
34014.57 
34014.69 
34014.82 
34014.95 
34015.07 
34015.20 
34015.32 
34015.45 
34015.57 
34015.69 
34015.82 
34015.95 
34016.07 
34016.19 
34016.32 
34016.44 
34016.57 
34016.69 
34016.81 
34016.94 
34017.07 
34017.19 
34017.32 
34017.44 
34017.57 
34017.69 
34017.81 
34017.94 
34018.06 
34018.19 
34018.31 
34018.44 
34018.56 
34018.68 
34018.81 
34018.93 
34019.05 
34019.18 
34019.32 
34019.44 
34019.57 
34019.69 
34019.82 
34019.94 
34020.06 
34020.19 
34020.31 
34020.44 
34020.56 
34020.69 
34020.82 
34020.94 
34021.07 
34021.20 
34021.32 
34021.45 
34021.57 
34021.69 
34021.82 
34021.95 
34022.07 
34022.20 
34022.33 
34022.45 
34022.57 
34022.70 
34022.83 
34022.95 
34023.08 
34023.21 
34023.33 
34023.46 
34023.58 
34023.71 
34023.83 
34023.96 
34024.08 
34024.21 
34024.34 
34024.46 
34024.59 
34024.71 
34024.84 
34024.97 
34025.10 
34025.23 
34025.35 
34025.48 
34025.60 
34025.73 
34025.86 
34025.98 
34026.11 
34026.23 
34026.36 
34026.48 
34026.60 
34026.73 
34026.85 
34026.98 
34027.11 
34027.23 
34027.35 
34027.48 
34027.60 
34027.73 
34027.85 
34027.98 
34028.10 
34028.23 
34028.35 
34028.48 
34028.60 
34028.73 
34028.85 
34028.97 
34029.10 
34029.23 
34029.35 
34029.48 
34029.60 
34029.73 
34029.85 
34029.97 
34030.10 
34030.22 
34030.35 
34030.47 
34030.60 
34030.73 
34030.86 
34030.98 
34031.11 
34031.23 
34031.36 
34031.48 
34031.61 
34031.73 
34031.86 
34031.98 
34032.11 
34032.23 
34032.36 
34032.49 
34032.61 
34032.74 
34032.86 
34033.00 
34033.13 
34033.25 
34033.38 
34033.50 
34033.63 
34033.76 
34033.88 
34034.02 
34034.14 
34034.27 
34034.39 
34034.52 
34034.64 
34034.76 
34034.89 
34035.01 
34035.14 
34035.26 
34035.38 
34035.50 
34035.63 
34035.77 
34035.89 
34036.01 
34036.14 
34036.26 
34036.38 
34036.50 
34036.63 
34036.75 
34036.88 
34037.00 
34037.13 
34037.25 
34037.37 
34037.50 
34037.62 
34037.75 
34037.87 
34038.00 
34038.12 
34038.24 
34038.37 
34038.49 
34038.62 
34038.74 
34038.87 
34038.99 
34039.12 
34039.24 
34039.37 
34039.51 
34039.64 
34039.76 
34039.89 
34040.01 
34040.14 
34040.26 
34040.39 
34040.51 
34040.64 
34040.77 
34040.89 
34041.02 
34041.14 
34041.26 
34041.39 
34041.51 
34041.64 
34041.76 
34041.89 
34042.01 
34042.13 
34042.26 
34042.38 
34042.50 
34042.63 
34042.75 
34042.88 
34043.00 
34043.13 
34043.25 
34043.37 
34043.50 
34043.62 
34043.75 
34043.87 
34044.00 
34044.12 
34044.24 
34044.37 
34044.49 
34044.61 
34044.74 
34044.86 
34044.99 
34045.11 
34045.24 
34045.37 
34045.49 
34045.62 
34045.74 
34045.87 
34045.99 
34046.12 
34046.24 
34046.36 
34046.49 
34046.61 
34046.73 
34046.86 
34046.98 
34047.11 
34047.24 
34047.37 
34047.50 
34047.62 
34047.75 
34047.87 
34048.00 
34048.12 
34048.25 
34048.37 
34048.50 
34048.62 
34048.75 
34048.88 
34049.00 
34049.13 
34049.25 
34049.37 
34049.50 
34049.62 
34049.75 
34049.87 
34050.00 
34050.12 
34050.25 
34050.37 
34050.49 
34050.62 
34050.74 
34050.87 
34050.99 
34051.12 
34051.25 
34051.37 
34051.50 
34051.63 
34051.75 
34051.88 
34052.01 
34052.13 
34052.26 
34052.38 
34052.51 
34052.64 
34052.76 
34052.89 
34053.01 
34053.14 
34053.26 
34053.40 
34053.53 
34053.65 
34053.78 
34053.90 
34054.03 
34054.15 
34054.28 
34054.40 
34054.53 
34054.66 
34054.78 
34054.91 
34055.03 
34055.16 
34055.29 
34055.41 
34055.54 
34055.66 
34055.79 
34055.91 
34056.04 
34056.16 
34056.28 
34056.41 
34056.53 
34056.66 
34056.78 
34056.91 
34057.03 
34057.16 
34057.29 
34057.41 
34057.53 
34057.66 
34057.78 
34057.91 
34058.03 
34058.16 
34058.29 
34058.41 
34058.54 
34058.67 
34058.79 
34058.92 
34059.04 
34059.17 
34059.29 
34059.42 
34059.54 
34059.67 
34059.79 
34059.91 
34060.04 
34060.17 
34060.29 
34060.42 
34060.54 
34060.67 
34060.79 
34060.92 
34061.05 
34061.17 
34061.30 
34061.42 
34061.55 
34061.70 
34061.82 
34061.96 
34062.09 
34062.21 
34062.33 
34062.46 
34062.58 
34062.71 
34062.83 
34062.96 
34063.08 
34063.21 
34063.33 
34063.45 
34063.58 
34063.70 
34063.83 
34063.95 
34064.08 
34064.20 
34064.32 
34064.45 
34064.57 
34064.70 
34064.82 
34064.95 
34065.07 
34065.20 
34065.32 
34065.45 
34065.57 
34065.69 
34065.82 
34065.94 
34066.07 
34066.19 
34066.32 
34066.44 
34066.58 
34066.70 
34066.83 
34066.96 
34067.08 
34067.21 
34067.33 
34067.46 
34067.58 
34067.71 
34067.85 
34067.98 
34068.10 
34068.23 
34068.35 
34068.47 
34068.60 
34068.72 
34068.85 
34068.97 
34069.10 
34069.22 
34069.34 
34069.47 
34069.59 
34069.72 
34069.84 
34069.97 
34070.09 
34070.22 
34070.35 
34070.47 
34070.60 
34070.72 
34070.85 
34070.97 
34071.10 
34071.22 
34071.34 
34071.47 
34071.59 
34071.71 
34071.84 
34071.96 
34072.09 
34072.21 
34072.34 
34072.46 
34072.58 
34072.71 
34072.83 
34072.96 
34073.08 
34073.20 
34073.32 
34073.44 
34073.57 
34073.69 
34073.82 
34073.94 
34074.07 
34074.19 
34074.32 
34074.45 
34074.56 
34074.69 
34074.81 
34074.94 
34075.07 
34075.19 
34075.32 
34075.44 
34075.57 
34075.69 
34075.82 
34075.95 
34076.07 
34076.20 
34076.32 
34076.45 
34076.57 
34076.70 
34076.82 
34076.95 
34077.07 
34077.20 
34077.32 
34077.45 
34077.57 
34077.70 
34077.83 
34077.95 
34078.09 
34078.22 
34078.34 
34078.46 
34078.59 
34078.71 
34078.84 
34078.96 
34079.08 
34079.21 
34079.33 
34079.46 
34079.58 
34079.71 
34079.83 
34079.97 
34080.10 
34080.22 
34080.34 
34080.47 
34080.59 
34080.72 
34080.84 
34080.97 
34081.10 
34081.22 
34081.35 
34081.47 
34081.60 
34081.73 
34081.85 
34081.97 
34082.10 
34082.22 
34082.35 
34082.47 
34082.60 
34082.73 
34082.85 
34082.98 
34083.11 
34083.23 
34083.35 
34083.48 
34083.60 
34083.73 
34083.85 
34083.97 
34084.10 
34084.23 
34084.35 
34084.48 
34084.60 
34084.72 
34084.85 
34084.97 
34085.09 
34085.22 
34085.34 
34085.47 
34085.59 
34085.71 
34085.84 
34085.96 
34086.09 
34086.21 
34086.34 
34086.46 
34086.58 
34086.71 
34086.83 
34086.96 
34087.08 
34087.20 
34087.33 
34087.45 
34087.58 
34087.70 
34087.83 
34087.96 
34088.08 
34088.21 
34088.33 
34088.46 
34088.58 
34088.71 
34088.83 
34088.96 
34089.08 
34089.21 
34089.34 
34089.46 
34089.59 
34089.70 
34089.83 
34089.95 
34090.08 
34090.20 
34090.32 
34090.45 
34090.57 
34090.69 
34090.82 
34090.94 
34091.08 
34091.21 
34091.33 
34091.46 
34091.58 
34091.70 
34091.82 
34091.95 
34092.07 
34092.20 
34092.32 
34092.45 
34092.57 
34092.70 
34092.82 
34092.95 
34093.07 
34093.19 
34093.32 
34093.44 
34093.57 
34093.69 
34093.82 
34093.95 
34094.07 
34094.20 
34094.32 
34094.45 
34094.57 
34094.70 
34094.82 
34094.95 
34095.07 
34095.20 
34095.32 
34095.45 
34095.57 
34095.69 
34095.81 
34095.94 
34096.06 
34096.18 
34096.30 
34096.43 
34096.55 
34096.68 
34096.81 
34096.93 
34097.06 
34097.18 
34097.31 
34097.43 
34097.56 
34097.68 
34097.81 
34097.93 
34098.06 
34098.18 
34098.31 
34098.44 
34098.56 
34098.69 
34098.81 
34098.94 
34099.06 
34099.19 
34099.31 
34099.44 
34099.57 
34099.69 
34099.81 
34099.94 
34100.06 
34100.19 
34100.31 
34100.44 
34100.57 
34100.70 
34100.82 
34100.95 
34101.07 
34101.19 
34101.32 
34101.44 
34101.58 
34101.71 
34101.83 
34101.95 
34102.08 
34102.20 
34102.32 
34102.45 
34102.57 
34102.70 
34102.82 
34102.95 
34103.07 
34103.19 
34103.31 
34103.44 
34103.57 
34103.69 
34103.82 
34103.94 
34104.07 
34104.19 
34104.32 
34104.45 
34104.57 
34104.70 
34104.82 
34104.95 
34105.08 
34105.20 
34105.33 
34105.45 
34105.58 
34105.70 
34105.83 
34105.95 
34106.08 
34106.21 
34106.33 
34106.45 
34106.58 
34106.70 
34106.83 
34106.95 
34107.08 
34107.21 
34107.33 
34107.45 
34107.58 
34107.71 
34107.83 
34107.96 
34108.08 
34108.21 
34108.34 
34108.46 
34108.59 
34108.71 
34108.83 
34108.96 
34109.09 
34109.21 
34109.33 
34109.46 
34109.58 
34109.70 
34109.83 
34109.95 
34110.08 
34110.22 
34110.34 
34110.47 
34110.59 
34110.72 
34110.84 
34110.97 
34111.09 
34111.22 
34111.35 
34111.47 
34111.60 
34111.72 
34111.85 
34111.97 
34112.10 
34112.22 
34112.35 
34112.47 
34112.60 
34112.72 
34112.85 
34112.98 
34113.10 
34113.23 
34113.35 
34113.48 
34113.60 
34113.72 
34113.85 
34113.97 
34114.09 
34114.22 
34114.35 
34114.47 
34114.59 
34114.72 
34114.84 
34114.97 
34115.09 
34115.21 
34115.34 
34115.46 
34115.59 
34115.71 
34115.84 
34115.96 
34116.09 
34116.21 
34116.34 
34116.46 
34116.59 
34116.71 
34116.84 
34116.96 
34117.09 
34117.21 
34117.33 
34117.46 
34117.58 
34117.71 
34117.83 
34117.96 
34118.08 
34118.21 
34118.33 
34118.45 
34118.58 
34118.70 
34118.83 
34118.96 
34119.08 
34119.21 
34119.34 
34119.46 
34119.59 
34119.71 
34119.84 
34119.96 
34120.09 
34120.22 
34120.34 
34120.47 
34120.60 
34120.72 
34120.85 
34120.97 
34121.10 
34121.22 
34121.35 
34121.47 
34121.60 
34121.73 
34121.85 
34121.98 
34122.11 
34122.23 
34122.36 
34122.49 
34122.61 
34122.74 
34122.86 
34122.99 
34123.12 
34123.24 
34123.37 
34123.50 
34123.62 
34123.75 
34123.87 
34124.00 
34124.12 
34124.25 
34124.38 
34124.50 
34124.63 
34124.75 
34124.88 
34125.00 
34125.13 
34125.25 
34125.38 
34125.50 
34125.63 
34125.76 
34125.89 
34126.01 
34126.14 
34126.26 
34126.39 
34126.52 
34126.64 
34126.77 
34126.89 
34127.02 
34127.15 
34127.27 
34127.40 
34127.52 
34127.65 
34127.77 
34127.90 
34128.02 
34128.15 
34128.27 
34128.40 
34128.53 
34128.66 
34128.78 
34128.90 
34129.03 
34129.16 
34129.28 
34129.41 
34129.54 
34129.66 
34129.79 
34129.91 
34130.04 
34130.16 
34130.29 
34130.43 
34130.55 
34130.67 
34130.80 
34130.93 
34131.05 
34131.17 
34131.30 
34131.42 
34131.55 
34131.67 
34131.80 
34131.93 
34132.05 
34132.18 
34132.30 
34132.43 
34132.55 
34132.68 
34132.80 
34132.93 
34133.06 
34133.18 
34133.31 
34133.43 
34133.56 
34133.68 
34133.81 
34133.94 
34134.06 
34134.19 
34134.31 
34134.44 
34134.56 
34134.69 
34134.81 
34134.94 
34135.06 
34135.19 
34135.31 
34135.44 
34135.56 
34135.69 
34135.81 
34135.94 
34136.06 
34136.18 
34136.30 
34136.43 
34136.55 
34136.68 
34136.80 
34136.93 
34137.06 
34137.18 
34137.31 
34137.43 
34137.56 
34137.68 
34137.81 
34137.94 
34138.06 
34138.19 
34138.31 
34138.44 
34138.57 
34138.69 
34138.82 
34138.94 
34139.07 
34139.20 
34139.32 
34139.45 
34139.57 
34139.69 
34139.82 
34139.95 
34140.07 
34140.20 
34140.33 
34140.45 
34140.57 
34140.69 
34140.82 
34140.94 
34141.07 
34141.19 
34141.32 
34141.44 
34141.57 
34141.69 
34141.82 
34141.94 
34142.07 
34142.19 
34142.32 
34142.45 
34142.57 
34142.70 
34142.82 
34142.96 
34143.08 
34143.21 
34143.33 
34143.46 
34143.58 
34143.70 
34143.83 
34143.95 
34144.08 
34144.21 
34144.33 
34144.46 
34144.58 
34144.71 
34144.83 
34144.96 
34145.09 
34145.21 
34145.34 
34145.46 
34145.59 
34145.71 
34145.84 
34145.97 
34146.09 
34146.22 
34146.34 
34146.47 
34146.60 
34146.72 
34146.85 
34146.97 
34147.10 
34147.23 
34147.35 
34147.48 
34147.61 
34147.73 
34147.86 
34147.98 
34148.11 
34148.23 
34148.36 
34148.49 
34148.61 
34148.73 
34148.86 
34148.98 
34149.11 
34149.23 
34149.36 
34149.49 
34149.61 
34149.72 
34149.84 
34149.97 
34150.10 
34150.22 
34150.35 
34150.47 
34150.59 
34150.72 
34150.84 
34150.97 
34151.10 
34151.22 
34151.35 
34151.47 
34151.60 
34151.72 
34151.85 
34151.97 
34152.10 
34152.22 
34152.35 
34152.48 
34152.60 
34152.73 
34152.85 
34152.97 
34153.10 
34153.22 
34153.35 
34153.47 
34153.60 
34153.73 
34153.85 
34153.98 
34154.10 
34154.23 
34154.35 
34154.48 
34154.61 
34154.73 
34154.86 
34154.98 
34155.11 
34155.23 
34155.36 
34155.49 
34155.61 
34155.74 
34155.86 
34155.99 
34156.11 
34156.24 
34156.37 
34156.49 
34156.62 
34156.74 
34156.87 
34156.99 
34157.12 
34157.25 
34157.37 
34157.50 
34157.62 
34157.75 
34157.87 
34158.00 
34158.12 
34158.24 
34158.37 
34158.49 
34158.62 
34158.74 
34158.87 
34158.99 
34159.12 
34159.24 
34159.36 
34159.48 
34159.61 
34159.73 
34159.86 
34159.98 
34160.10 
34160.23 
34160.35 
34160.48 
34160.60 
34160.72 
34160.85 
34160.97 
34161.10 
34161.22 
34161.35 
34161.47 
34161.60 
34161.72 
34161.86 
34161.99 
34162.11 
34162.24 
34162.36 
34162.50 
34162.63 
34162.75 
34162.88 
34163.00 
34163.13 
34163.25 
34163.37 
34163.50 
34163.62 
34163.75 
34163.87 
34164.00 
34164.13 
34164.25 
34164.38 
34164.51 
34164.63 
34164.75 
34164.88 
34165.00 
34165.13 
34165.25 
34165.40 
34165.52 
34165.65 
34165.77 
34165.90 
34166.02 
34166.15 
34166.27 
34166.40 
34166.53 
34166.65 
34166.77 
34166.90 
34167.02 
34167.15 
34167.27 
34167.40 
34167.52 
34167.64 
34167.77 
34167.89 
34168.02 
34168.15 
34168.27 
34168.40 
34168.52 
34168.65 
34168.77 
34168.90 
34169.02 
34169.15 
34169.27 
34169.40 
34169.52 
34169.64 
34169.77 
34169.89 
34170.01 
34170.13 
34170.25 
34170.38 
34170.50 
34170.62 
34170.74 
34170.87 
34170.99 
34171.12 
34171.24 
34171.36 
34171.49 
34171.61 
34171.74 
34171.86 
34171.98 
34172.11 
34172.23 
34172.35 
34172.48 
34172.60 
34172.73 
34172.85 
34172.98 
34173.10 
34173.23 
34173.35 
34173.47 
34173.60 
34173.73 
34173.85 
34173.98 
34174.10 
34174.23 
34174.35 
34174.48 
34174.60 
34174.73 
34174.85 
34174.98 
34175.10 
34175.23 
34175.35 
34175.48 
34175.60 
34175.73 
34175.85 
34175.98 
34176.10 
34176.23 
34176.35 
34176.47 
34176.60 
34176.72 
34176.85 
34176.97 
34177.10 
34177.22 
34177.35 
34177.47 
34177.60 
34177.73 
34177.85 
34177.97 
34178.10 
34178.22 
34178.35 
34178.48 
34178.60 
34178.73 
34178.86 
34178.98 
34179.11 
34179.23 
34179.36 
34179.48 
34179.61 
34179.75 
34179.87 
34180.00 
34180.12 
34180.25 
34180.37 
34180.50 
34180.62 
34180.76 
34180.88 
34181.00 
34181.13 
34181.25 
34181.38 
34181.50 
34181.63 
34181.76 
34181.88 
34182.01 
34182.14 
34182.26 
34182.39 
34182.51 
34182.64 
34182.76 
34182.91 
34183.03 
34183.16 
34183.28 
34183.40 
34183.53 
34183.65 
34183.78 
34183.90 
34184.03 
34184.15 
34184.28 
34184.40 
34184.53 
34184.65 
34184.77 
34184.90 
34185.02 
34185.15 
34185.27 
34185.40 
34185.52 
34185.65 
34185.77 
34185.90 
34186.03 
34186.15 
34186.28 
34186.40 
34186.53 
34186.65 
34186.77 
34186.90 
34187.02 
34187.15 
34187.27 
34187.40 
34187.52 
34187.65 
34187.77 
34187.90 
34188.03 
34188.15 
34188.28 
34188.41 
34188.53 
34188.65 
34188.78 
34188.91 
34189.03 
34189.16 
34189.28 
