# up 
249009.89 
249010.01 
249010.14 
249010.27 
249010.39 
249010.51 
249010.64 
249010.76 
249010.89 
249011.02 
249011.15 
249011.28 
249011.42 
249011.55 
249011.68 
249011.81 
249011.94 
249012.06 
249012.19 
249012.31 
249012.44 
249012.57 
249012.70 
249012.82 
249012.95 
249013.07 
249013.19 
249013.32 
249013.45 
249013.57 
249013.71 
249013.83 
249013.96 
249014.09 
249014.21 
249014.34 
249014.47 
249014.60 
249014.73 
249014.86 
249014.98 
249015.11 
249015.24 
249015.37 
249015.49 
249015.62 
249015.75 
249015.88 
249016.01 
249016.14 
249016.26 
249016.39 
249016.52 
249016.65 
249016.78 
249016.91 
249017.03 
249017.16 
249017.29 
249017.41 
249017.54 
249017.66 
249017.79 
249017.92 
249018.04 
249018.16 
249018.28 
249018.39 
249018.51 
249018.63 
249018.76 
249018.89 
249019.01 
249019.14 
249019.27 
249019.40 
249019.53 
249019.65 
249019.78 
249019.91 
249020.04 
249020.17 
249020.29 
249020.42 
249020.55 
249020.68 
249020.81 
249020.94 
249021.07 
249021.19 
249021.32 
249021.45 
249021.57 
249021.70 
249021.83 
249021.96 
249022.08 
249022.21 
249022.33 
249022.46 
249022.58 
249022.71 
249022.83 
249022.96 
249023.09 
249023.22 
249023.34 
249023.47 
249023.60 
249023.72 
249023.85 
249023.98 
249024.10 
249024.23 
249024.35 
249024.48 
249024.61 
249024.73 
249024.86 
249024.99 
249025.11 
249025.24 
249025.37 
249025.49 
249025.62 
249025.75 
249025.88 
249026.00 
249026.12 
249026.24 
249026.36 
249026.49 
249026.62 
249026.75 
249026.88 
249027.01 
249027.13 
249027.26 
249027.38 
249027.51 
249027.64 
249027.76 
249027.89 
249028.02 
249028.15 
249028.28 
249028.41 
249028.53 
249028.66 
249028.78 
249028.91 
249029.04 
249029.16 
249029.29 
249029.41 
249029.54 
249029.67 
249029.80 
249029.93 
249030.05 
249030.20 
249030.32 
249030.45 
249030.58 
249030.71 
249030.83 
249030.96 
249031.09 
249031.22 
249031.35 
249031.48 
249031.61 
249031.73 
249031.86 
249031.99 
249032.12 
249032.25 
249032.38 
249032.51 
249032.64 
249032.76 
249032.89 
249033.01 
249033.14 
249033.27 
249033.40 
249033.52 
249033.65 
249033.78 
249033.91 
249034.03 
249034.16 
249034.29 
249034.41 
249034.54 
249034.67 
249034.80 
249034.93 
249035.05 
249035.18 
249035.31 
249035.44 
249035.57 
249035.69 
249035.82 
249035.95 
249036.07 
249036.20 
249036.33 
249036.46 
249036.59 
249036.73 
249036.86 
249036.98 
249037.11 
249037.23 
249037.36 
249037.49 
249037.62 
249037.74 
249037.87 
249037.99 
249038.12 
249038.25 
249038.38 
249038.50 
249038.63 
249038.75 
249038.88 
249039.01 
249039.13 
249039.26 
249039.38 
249039.51 
249039.64 
249039.76 
249039.89 
249040.02 
249040.15 
249040.27 
249040.40 
249040.53 
249040.66 
249040.79 
249040.92 
249041.05 
249041.19 
249041.32 
249041.43 
249041.55 
249041.68 
249041.81 
249041.93 
249042.06 
249042.19 
249042.32 
249042.45 
249042.57 
249042.70 
249042.83 
249042.96 
249043.08 
249043.21 
249043.34 
249043.47 
249043.59 
249043.72 
249043.85 
249043.98 
249044.10 
249044.23 
249044.36 
249044.49 
249044.62 
249044.75 
249044.87 
249045.00 
249045.13 
249045.26 
249045.38 
249045.51 
249045.64 
249045.77 
249045.90 
249046.02 
249046.15 
249046.28 
249046.41 
249046.54 
249046.66 
249046.79 
249046.92 
249047.05 
249047.17 
249047.31 
249047.43 
249047.56 
249047.69 
249047.83 
249047.95 
249048.08 
249048.21 
249048.33 
249048.46 
249048.58 
249048.71 
249048.84 
249048.97 
249049.11 
249049.24 
249049.36 
249049.49 
249049.62 
249049.75 
249049.88 
249050.00 
249050.13 
249050.26 
249050.39 
249050.51 
249050.64 
249050.76 
249050.89 
249051.02 
249051.15 
249051.27 
249051.40 
249051.53 
249051.66 
249051.79 
249051.91 
249052.05 
249052.17 
249052.30 
249052.43 
249052.56 
249052.68 
249052.81 
249052.93 
249053.07 
249053.20 
249053.32 
249053.45 
249053.58 
249053.70 
249053.83 
249053.95 
249054.08 
249054.20 
249054.33 
249054.45 
249054.58 
249054.71 
249054.84 
249054.97 
249055.09 
249055.22 
249055.35 
249055.48 
249055.61 
249055.74 
249055.87 
249055.99 
249056.12 
249056.25 
249056.38 
249056.51 
249056.64 
249056.76 
249056.89 
249057.03 
249057.15 
249057.27 
249057.40 
249057.52 
249057.65 
249057.78 
249057.91 
249058.03 
249058.16 
249058.28 
249058.41 
249058.53 
249058.66 
249058.78 
249058.91 
249059.04 
249059.17 
249059.29 
249059.42 
249059.55 
249059.68 
249059.80 
249059.93 
249060.06 
249060.19 
249060.32 
249060.45 
249060.57 
249060.70 
249060.83 
249060.96 
249061.08 
249061.21 
249061.34 
249061.47 
249061.60 
249061.73 
249061.85 
249061.98 
249062.11 
249062.23 
249062.37 
249062.50 
249062.63 
249062.76 
249062.89 
249063.01 
249063.14 
249063.27 
249063.39 
249063.52 
249063.65 
249063.77 
249063.90 
249064.03 
249064.16 
249064.28 
249064.41 
249064.54 
249064.67 
249064.80 
249064.93 
249065.05 
249065.18 
249065.31 
249065.44 
249065.57 
249065.69 
249065.82 
249065.95 
249066.08 
249066.21 
249066.34 
249066.46 
249066.61 
249066.73 
249066.86 
249066.99 
249067.11 
249067.24 
249067.37 
249067.50 
249067.62 
249067.75 
249067.88 
249068.01 
249068.13 
249068.26 
249068.39 
249068.51 
249068.64 
249068.77 
249068.89 
249069.02 
249069.15 
249069.27 
249069.40 
249069.53 
249069.65 
249069.78 
249069.91 
249070.03 
249070.16 
249070.29 
249070.41 
249070.54 
249070.67 
249070.80 
249070.92 
249071.05 
249071.18 
249071.31 
249071.44 
249071.56 
249071.69 
249071.82 
249071.95 
249072.08 
249072.20 
249072.33 
249072.46 
249072.58 
249072.71 
249072.83 
249072.95 
249073.08 
249073.21 
249073.34 
249073.46 
249073.59 
249073.73 
249073.86 
249073.99 
249074.12 
249074.25 
249074.37 
249074.50 
249074.63 
249074.76 
249074.88 
249075.03 
249075.16 
249075.29 
249075.41 
249075.54 
249075.67 
249075.80 
249075.93 
249076.05 
249076.18 
249076.31 
249076.44 
249076.56 
249076.69 
249076.82 
249076.95 
249077.07 
249077.20 
249077.33 
249077.46 
249077.59 
249077.71 
249077.84 
249077.96 
249078.08 
249078.21 
249078.34 
249078.47 
249078.60 
249078.72 
249078.85 
249078.98 
249079.11 
249079.23 
249079.36 
249079.49 
249079.61 
249079.74 
249079.87 
249080.00 
249080.12 
249080.25 
249080.38 
249080.51 
249080.64 
249080.76 
249080.89 
249081.02 
249081.15 
249081.27 
249081.40 
249081.52 
249081.65 
249081.78 
249081.91 
249082.04 
249082.16 
249082.29 
249082.42 
249082.55 
249082.69 
249082.82 
249082.95 
249083.07 
249083.20 
249083.33 
249083.47 
249083.60 
249083.72 
249083.85 
249083.98 
249084.11 
249084.24 
249084.36 
249084.49 
249084.61 
249084.74 
249084.87 
249085.00 
249085.13 
249085.25 
249085.38 
249085.51 
249085.63 
249085.76 
249085.89 
249086.02 
249086.15 
249086.28 
249086.41 
249086.54 
249086.66 
249086.79 
249086.92 
249087.05 
249087.18 
249087.30 
249087.43 
249087.56 
249087.68 
249087.81 
249087.93 
249088.05 
249088.18 
249088.31 
249088.44 
249088.57 
249088.69 
249088.82 
249088.95 
249089.08 
249089.21 
249089.34 
249089.47 
249089.60 
249089.72 
249089.85 
249089.98 
249090.10 
249090.23 
249090.35 
249090.47 
249090.60 
249090.73 
249090.86 
249090.99 
249091.12 
249091.25 
249091.37 
249091.50 
249091.63 
249091.76 
249091.88 
249092.01 
249092.14 
249092.26 
249092.39 
249092.52 
249092.65 
249092.78 
249092.90 
249093.03 
249093.16 
249093.29 
249093.41 
249093.54 
249093.67 
249093.80 
249093.93 
249094.05 
249094.18 
249094.31 
249094.44 
249094.57 
249094.70 
249094.83 
249094.96 
249095.09 
249095.21 
249095.34 
249095.47 
249095.60 
249095.73 
249095.85 
249095.98 
249096.10 
249096.23 
249096.35 
249096.47 
249096.59 
249096.72 
249096.85 
249096.98 
249097.11 
249097.24 
249097.37 
249097.50 
249097.62 
249097.75 
249097.88 
249098.00 
249098.13 
249098.26 
249098.39 
249098.52 
249098.65 
249098.77 
249098.91 
249099.04 
249099.16 
249099.29 
249099.42 
249099.54 
249099.67 
249099.80 
249099.93 
249100.05 
249100.18 
249100.31 
249100.44 
249100.57 
249100.70 
249100.82 
249100.95 
249101.08 
249101.21 
249101.34 
249101.47 
249101.60 
249101.73 
249101.85 
249101.98 
249102.11 
249102.24 
249102.37 
249102.51 
249102.64 
249102.76 
249102.89 
249103.02 
249103.14 
249103.27 
249103.40 
249103.51 
249103.63 
249103.76 
249103.89 
249104.01 
249104.14 
249104.28 
249104.41 
249104.54 
249104.67 
249104.80 
249104.92 
249105.05 
249105.18 
249105.31 
249105.43 
249105.56 
249105.69 
249105.81 
249105.94 
249106.07 
249106.20 
249106.33 
249106.47 
249106.60 
249106.73 
249106.86 
249106.98 
249107.11 
249107.24 
249107.37 
249107.49 
249107.62 
249107.75 
249107.88 
249108.00 
249108.13 
249108.25 
249108.38 
249108.51 
249108.66 
249108.78 
249108.91 
249109.04 
249109.16 
249109.29 
249109.42 
249109.55 
249109.68 
249109.81 
249109.93 
249110.06 
249110.19 
249110.31 
249110.44 
249110.57 
249110.70 
249110.83 
249110.95 
249111.08 
249111.21 
249111.34 
249111.46 
249111.59 
249111.72 
249111.85 
249111.97 
249112.10 
249112.23 
249112.36 
249112.49 
249112.62 
249112.75 
249112.87 
249113.00 
249113.12 
249113.25 
249113.38 
249113.51 
249113.64 
249113.77 
249113.89 
249114.02 
249114.15 
249114.28 
249114.41 
249114.54 
249114.66 
249114.79 
249114.92 
249115.05 
249115.18 
249115.30 
249115.43 
249115.56 
249115.69 
249115.82 
249115.95 
249116.07 
249116.20 
249116.33 
249116.46 
249116.58 
249116.71 
249116.84 
249116.97 
249117.10 
249117.23 
249117.35 
249117.48 
249117.61 
249117.74 
249117.87 
249117.99 
249118.12 
249118.25 
249118.38 
249118.50 
249118.63 
249118.75 
249118.89 
249119.01 
249119.13 
249119.26 
249119.38 
249119.51 
249119.64 
249119.76 
249119.89 
249120.02 
249120.15 
249120.28 
249120.40 
249120.52 
249120.64 
249120.77 
249120.90 
249121.02 
249121.15 
249121.28 
249121.41 
249121.53 
249121.68 
249121.81 
249121.93 
249122.07 
249122.20 
249122.33 
249122.45 
249122.58 
249122.71 
249122.84 
249122.96 
249123.11 
249123.24 
249123.37 
249123.50 
249123.62 
249123.75 
249123.88 
249124.01 
249124.13 
249124.26 
249124.38 
249124.51 
249124.63 
249124.76 
249124.88 
249125.01 
249125.14 
249125.28 
249125.41 
249125.53 
249125.66 
249125.79 
249125.92 
249126.04 
249126.17 
249126.30 
249126.43 
249126.55 
249126.68 
249126.81 
249126.94 
249127.07 
249127.19 
249127.32 
249127.45 
249127.59 
249127.72 
249127.85 
249127.98 
249128.10 
249128.22 
249128.35 
249128.49 
249128.61 
249128.73 
249128.86 
249128.99 
249129.12 
249129.24 
249129.37 
249129.50 
249129.62 
249129.75 
249129.88 
249130.01 
249130.13 
249130.26 
249130.39 
249130.52 
249130.64 
249130.77 
249130.90 
249131.03 
249131.16 
249131.28 
249131.41 
249131.54 
249131.67 
249131.80 
249131.93 
249132.06 
249132.18 
249132.31 
249132.44 
249132.57 
249132.69 
249132.82 
249132.95 
249133.08 
249133.21 
249133.33 
249133.46 
249133.59 
249133.72 
249133.85 
249133.98 
249134.11 
249134.23 
249134.37 
249134.50 
249134.62 
249134.75 
249134.88 
249135.00 
249135.13 
249135.26 
249135.39 
249135.51 
249135.64 
249135.77 
249135.90 
249136.02 
249136.15 
249136.28 
249136.41 
249136.54 
249136.67 
249136.80 
249136.93 
249137.05 
249137.18 
249137.31 
249137.44 
249137.57 
249137.69 
249137.82 
249137.95 
249138.08 
249138.20 
249138.32 
249138.44 
249138.57 
249138.69 
249138.82 
249138.94 
249139.07 
249139.19 
249139.31 
249139.43 
249139.55 
249139.67 
249139.80 
249139.92 
249140.04 
249140.16 
249140.28 
249140.40 
249140.53 
249140.66 
249140.79 
249140.92 
249141.05 
249141.17 
249141.30 
249141.42 
249141.55 
249141.67 
249141.80 
249141.93 
249142.06 
249142.19 
249142.32 
249142.45 
249142.57 
249142.70 
249142.83 
249142.96 
249143.08 
249143.21 
249143.34 
249143.47 
249143.59 
249143.72 
249143.85 
249143.98 
249144.10 
249144.23 
249144.36 
249144.49 
249144.62 
249144.75 
249144.87 
249145.00 
249145.13 
249145.26 
249145.39 
249145.52 
249145.64 
249145.77 
249145.90 
249146.03 
249146.15 
249146.28 
249146.41 
249146.54 
249146.67 
249146.80 
249146.92 
249147.05 
249147.18 
249147.31 
249147.43 
249147.56 
249147.69 
249147.82 
249147.95 
249148.08 
249148.20 
249148.33 
249148.45 
249148.58 
249148.71 
249148.84 
249148.97 
249149.10 
249149.22 
249149.35 
249149.48 
249149.60 
249149.73 
249149.86 
249149.98 
249150.11 
249150.25 
249150.37 
249150.50 
249150.62 
249150.75 
249150.88 
249151.01 
249151.13 
249151.26 
249151.39 
249151.51 
249151.64 
249151.77 
249151.89 
249152.02 
249152.14 
249152.27 
249152.40 
249152.52 
249152.65 
249152.78 
249152.90 
249153.03 
249153.15 
249153.28 
249153.40 
249153.53 
249153.65 
249153.78 
249153.91 
249154.04 
249154.16 
249154.29 
249154.42 
249154.55 
249154.68 
249154.80 
249154.93 
249155.07 
249155.20 
249155.33 
249155.45 
249155.60 
249155.72 
249155.85 
249155.98 
249156.11 
249156.24 
249156.36 
249156.49 
249156.62 
249156.75 
249156.88 
249157.00 
249157.13 
249157.26 
249157.39 
249157.52 
249157.65 
249157.77 
249157.90 
249158.02 
249158.15 
249158.27 
249158.40 
249158.53 
249158.65 
249158.78 
249158.91 
249159.04 
249159.16 
249159.29 
249159.42 
249159.55 
249159.68 
249159.80 
249159.93 
249160.06 
249160.19 
249160.32 
249160.44 
249160.57 
249160.70 
249160.83 
249160.95 
249161.10 
249161.22 
249161.35 
249161.48 
249161.60 
249161.73 
249161.85 
249161.98 
249162.11 
249162.24 
249162.37 
249162.49 
249162.62 
249162.75 
249162.87 
249163.00 
249163.13 
249163.25 
249163.38 
249163.51 
249163.63 
249163.77 
249163.90 
249164.03 
249164.15 
249164.28 
249164.41 
249164.53 
249164.66 
249164.79 
249164.92 
249165.05 
249165.17 
249165.30 
249165.43 
249165.55 
249165.68 
249165.80 
249165.93 
249166.06 
249166.19 
249166.32 
249166.44 
249166.57 
249166.70 
249166.83 
249166.96 
249167.08 
249167.21 
249167.34 
249167.47 
249167.60 
249167.73 
249167.85 
249167.98 
249168.10 
249168.23 
249168.35 
249168.47 
249168.60 
249168.73 
249168.86 
249168.99 
249169.11 
249169.24 
249169.37 
249169.49 
249169.62 
249169.75 
249169.88 
249170.01 
249170.14 
249170.26 
249170.39 
249170.52 
249170.65 
249170.77 
249170.90 
249171.03 
249171.16 
249171.29 
249171.42 
249171.54 
249171.67 
249171.80 
249171.93 
249172.06 
249172.19 
249172.31 
249172.44 
249172.57 
249172.70 
249172.82 
249172.95 
249173.08 
249173.20 
249173.33 
249173.45 
249173.58 
249173.71 
249173.84 
249173.97 
249174.09 
249174.22 
249174.35 
249174.48 
249174.60 
249174.73 
249174.86 
249174.99 
249175.11 
249175.25 
249175.37 
249175.51 
249175.65 
249175.77 
249175.90 
249176.03 
249176.16 
249176.28 
249176.41 
249176.54 
249176.66 
249176.79 
249176.92 
249177.05 
249177.17 
249177.30 
249177.43 
249177.56 
249177.69 
249177.81 
249177.93 
249178.06 
249178.18 
249178.30 
249178.43 
249178.56 
249178.68 
249178.80 
249178.93 
249179.05 
249179.18 
249179.31 
249179.44 
249179.56 
249179.69 
249179.82 
249179.95 
249180.07 
249180.20 
249180.33 
249180.45 
249180.58 
249180.71 
249180.83 
249180.95 
249181.07 
249181.20 
249181.33 
249181.46 
249181.58 
249181.71 
249181.83 
249181.96 
249182.10 
249182.23 
249182.36 
249182.49 
249182.62 
249182.75 
249182.88 
249183.01 
249183.13 
249183.25 
249183.38 
249183.51 
249183.64 
249183.77 
249183.89 
249184.03 
249184.15 
249184.28 
249184.41 
249184.53 
249184.66 
249184.79 
249184.92 
249185.05 
249185.17 
249185.31 
249185.43 
249185.56 
249185.69 
249185.82 
249185.95 
249186.07 
249186.20 
249186.33 
249186.46 
249186.59 
249186.72 
249186.84 
249186.97 
249187.10 
249187.23 
249187.36 
249187.48 
249187.61 
249187.74 
249187.87 
249188.00 
249188.13 
249188.25 
249188.38 
249188.50 
249188.63 
249188.76 
249188.89 
249189.01 
249189.14 
249189.29 
249189.41 
249189.54 
249189.66 
249189.79 
249189.92 
249190.05 
249190.18 
249190.31 
249190.44 
249190.56 
249190.69 
249190.82 
249190.95 
249191.08 
249191.21 
249191.33 
249191.46 
249191.59 
249191.72 
249191.85 
249191.97 
249192.10 
249192.23 
249192.36 
249192.48 
249192.61 
249192.74 
249192.87 
249193.00 
249193.13 
249193.27 
249193.40 
249193.53 
249193.67 
249193.80 
249193.93 
249194.05 
249194.19 
249194.32 
249194.45 
249194.58 
249194.70 
249194.83 
249194.96 
249195.08 
249195.21 
249195.34 
249195.46 
249195.59 
249195.72 
249195.85 
249195.97 
249196.10 
249196.22 
249196.34 
249196.47 
249196.60 
249196.73 
249196.86 
249196.98 
249197.11 
249197.24 
249197.36 
249197.49 
249197.62 
249197.75 
249197.88 
249198.01 
249198.15 
249198.28 
249198.41 
249198.53 
249198.66 
249198.79 
249198.91 
249199.05 
249199.18 
249199.30 
249199.42 
249199.55 
249199.68 
249199.80 
249199.93 
249200.06 
249200.19 
249200.32 
249200.44 
249200.57 
249200.69 
249200.82 
249200.95 
249201.08 
249201.21 
249201.33 
249201.46 
249201.59 
249201.71 
249201.84 
249201.97 
249202.10 
249202.23 
249202.36 
249202.49 
249202.62 
249202.74 
249202.87 
249203.00 
249203.13 
249203.26 
249203.39 
249203.53 
249203.66 
249203.79 
249203.91 
249204.04 
249204.17 
249204.30 
249204.43 
249204.55 
249204.68 
249204.81 
249204.94 
249205.06 
249205.19 
249205.32 
249205.45 
249205.58 
249205.71 
249205.84 
249205.96 
249206.09 
249206.22 
249206.35 
249206.48 
249206.60 
249206.73 
249206.86 
249206.99 
249207.11 
249207.24 
249207.37 
249207.49 
249207.62 
249207.75 
249207.88 
249208.01 
249208.13 
249208.26 
249208.39 
249208.52 
249208.64 
249208.77 
249208.89 
249209.02 
249209.15 
249209.28 
249209.41 
249209.53 
249209.66 
249209.79 
249209.92 
249210.05 
249210.17 
249210.30 
249210.43 
249210.56 
249210.68 
249210.81 
249210.93 
249211.06 
249211.19 
249211.31 
249211.44 
249211.56 
249211.68 
249211.80 
249211.93 
249212.05 
249212.18 
249212.31 
249212.44 
249212.57 
249212.69 
249212.82 
249212.95 
249213.07 
249213.20 
249213.33 
249213.45 
249213.58 
249213.70 
249213.83 
249213.96 
249214.09 
249214.22 
249214.34 
249214.47 
249214.60 
249214.72 
249214.85 
249214.98 
249215.10 
249215.23 
249215.35 
249215.48 
249215.61 
249215.73 
249215.86 
249215.99 
249216.12 
249216.24 
249216.37 
249216.50 
249216.61 
249216.74 
249216.87 
249217.00 
249217.13 
249217.25 
249217.38 
249217.53 
249217.65 
249217.78 
249217.91 
249218.04 
249218.16 
249218.29 
249218.42 
249218.55 
249218.67 
249218.80 
249218.92 
249219.05 
249219.17 
249219.30 
249219.43 
249219.56 
249219.68 
249219.81 
249219.95 
249220.08 
249220.21 
249220.34 
249220.48 
249220.61 
249220.73 
249220.86 
249220.98 
249221.11 
249221.24 
249221.37 
249221.49 
249221.62 
249221.75 
249221.87 
249222.00 
249222.13 
249222.25 
249222.38 
249222.50 
249222.63 
249222.76 
249222.88 
249223.01 
249223.14 
249223.27 
249223.40 
249223.53 
249223.65 
249223.78 
249223.91 
249224.03 
249224.16 
249224.28 
249224.41 
249224.54 
249224.67 
249224.80 
249224.92 
249225.05 
249225.18 
249225.31 
249225.44 
249225.56 
249225.69 
249225.81 
249225.95 
249226.07 
249226.20 
249226.33 
249226.45 
249226.58 
249226.71 
249226.84 
249226.98 
249227.10 
249227.22 
249227.35 
249227.47 
249227.60 
249227.73 
249227.85 
249227.98 
249228.11 
249228.24 
249228.36 
249228.49 
249228.62 
249228.74 
249228.86 
249228.99 
249229.11 
249229.24 
249229.37 
249229.50 
249229.62 
249229.75 
249229.88 
249230.01 
249230.13 
249230.26 
249230.39 
249230.52 
249230.64 
249230.77 
249230.90 
249231.03 
249231.16 
249231.29 
249231.42 
249231.54 
249231.67 
249231.80 
249231.92 
249232.05 
249232.18 
249232.31 
249232.44 
249232.57 
249232.70 
249232.82 
249232.95 
249233.08 
249233.21 
249233.34 
249233.46 
249233.59 
249233.72 
249233.85 
249233.98 
249234.11 
249234.24 
249234.36 
249234.49 
249234.62 
249234.75 
249234.87 
249235.00 
249235.13 
249235.26 
249235.38 
249235.51 
249235.64 
249235.78 
249235.91 
249236.03 
249236.16 
249236.29 
249236.41 
249236.54 
249236.67 
249236.80 
249236.93 
249237.05 
249237.18 
249237.30 
249237.43 
249237.56 
249237.69 
249237.81 
249237.94 
249238.07 
249238.20 
249238.32 
249238.46 
249238.58 
249238.71 
249238.84 
249238.97 
249239.09 
249239.22 
249239.35 
249239.50 
249239.63 
249239.75 
249239.88 
249240.01 
249240.14 
249240.26 
249240.39 
249240.52 
249240.65 
249240.77 
249240.90 
249241.02 
249241.15 
249241.29 
249241.42 
249241.55 
249241.67 
249241.80 
249241.93 
249242.06 
249242.18 
249242.31 
249242.44 
249242.57 
249242.70 
249242.82 
249242.95 
249243.10 
249243.23 
249243.35 
249243.48 
249243.61 
249243.74 
249243.86 
249244.01 
249244.14 
249244.27 
249244.39 
249244.52 
249244.64 
249244.77 
249244.89 
249245.02 
249245.15 
249245.28 
249245.41 
249245.53 
249245.66 
249245.79 
249245.91 
249246.04 
249246.16 
249246.29 
249246.42 
249246.55 
249246.69 
249246.82 
249246.95 
249247.08 
249247.21 
249247.35 
249247.47 
249247.60 
249247.73 
249247.85 
249247.98 
249248.11 
249248.24 
249248.36 
249248.49 
249248.63 
249248.76 
249248.89 
249249.01 
249249.14 
249249.26 
249249.39 
249249.52 
249249.65 
249249.77 
249249.90 
249250.03 
249250.16 
249250.29 
249250.41 
249250.54 
249250.67 
249250.80 
249250.93 
249251.05 
249251.18 
249251.31 
249251.44 
249251.56 
249251.69 
249251.82 
249251.95 
249252.08 
249252.20 
249252.33 
249252.46 
249252.59 
249252.72 
249252.85 
249252.97 
249253.10 
249253.23 
249253.36 
249253.48 
249253.61 
249253.74 
249253.87 
249254.00 
249254.13 
249254.25 
249254.38 
249254.51 
249254.64 
249254.76 
249254.89 
249255.02 
249255.15 
249255.28 
249255.40 
249255.53 
249255.66 
249255.79 
249255.92 
249256.05 
249256.17 
249256.30 
249256.43 
249256.56 
249256.68 
249256.81 
249256.94 
249257.07 
249257.20 
249257.32 
249257.45 
249257.58 
249257.71 
249257.84 
249257.96 
249258.09 
249258.22 
249258.35 
249258.48 
249258.60 
249258.73 
249258.85 
249258.98 
249259.11 
249259.24 
249259.37 
249259.49 
249259.62 
249259.75 
249259.88 
249260.00 
249260.13 
249260.26 
249260.39 
249260.52 
249260.65 
249260.78 
249260.91 
249261.03 
249261.16 
249261.29 
249261.42 
249261.55 
249261.68 
249261.80 
249261.93 
249262.06 
249262.19 
249262.32 
249262.44 
249262.57 
249262.70 
249262.83 
249262.96 
249263.09 
249263.21 
249263.34 
249263.47 
249263.59 
249263.72 
249263.86 
249263.99 
249264.12 
249264.25 
249264.37 
249264.50 
249264.63 
249264.75 
249264.88 
249265.01 
249265.13 
249265.26 
249265.39 
249265.51 
249265.64 
249265.77 
249265.89 
249266.02 
249266.15 
249266.28 
249266.41 
249266.53 
249266.66 
249266.81 
249266.94 
249267.06 
249267.19 
249267.32 
249267.45 
249267.57 
249267.70 
249267.83 
249267.95 
249268.06 
249268.18 
249268.32 
249268.44 
249268.57 
249268.69 
249268.82 
249268.95 
249269.07 
249269.20 
249269.32 
249269.45 
249269.58 
249269.70 
249269.83 
249269.95 
249270.07 
249270.20 
249270.33 
249270.46 
249270.59 
249270.71 
249270.84 
249270.96 
249271.09 
249271.22 
249271.35 
249271.47 
249271.60 
249271.72 
249271.85 
249271.97 
249272.10 
249272.23 
249272.35 
249272.48 
249272.61 
249272.73 
249272.86 
249272.98 
249273.11 
249273.23 
249273.35 
249273.48 
249273.61 
249273.74 
249273.86 
249273.99 
249274.11 
249274.24 
249274.36 
249274.50 
249274.62 
249274.75 
249274.87 
249275.00 
249275.13 
249275.25 
249275.38 
249275.50 
249275.63 
249275.75 
249275.88 
249276.00 
249276.13 
249276.26 
249276.39 
249276.51 
249276.64 
249276.76 
249276.89 
249277.02 
249277.14 
249277.27 
249277.39 
249277.52 
249277.64 
249277.77 
249277.90 
249278.02 
249278.15 
249278.27 
249278.40 
249278.52 
249278.65 
249278.77 
249278.90 
249279.03 
249279.15 
249279.27 
249279.40 
249279.52 
249279.65 
249279.78 
249279.90 
249280.03 
249280.15 
249280.28 
249280.41 
249280.53 
249280.66 
249280.78 
249280.91 
249281.04 
249281.16 
249281.29 
249281.41 
249281.54 
249281.67 
249281.80 
249281.92 
249282.05 
249282.17 
249282.30 
249282.42 
249282.55 
249282.67 
249282.80 
249282.92 
249283.05 
249283.17 
249283.30 
249283.43 
249283.55 
249283.67 
249283.80 
249283.92 
249284.05 
249284.17 
249284.30 
249284.42 
249284.55 
249284.68 
249284.81 
249284.93 
249285.06 
249285.18 
249285.31 
249285.43 
249285.56 
249285.68 
249285.81 
249285.94 
249286.06 
249286.19 
249286.31 
249286.44 
249286.57 
249286.69 
249286.82 
249286.95 
249287.08 
249287.20 
249287.32 
249287.45 
249287.58 
249287.70 
249287.83 
249287.96 
249288.08 
249288.21 
249288.34 
249288.47 
249288.60 
249288.73 
249288.85 
249288.98 
249289.11 
249289.24 
249289.37 
249289.50 
249289.62 
249289.75 
249289.87 
249290.00 
249290.13 
249290.25 
249290.38 
249290.51 
249290.63 
249290.75 
249290.87 
249291.00 
249291.13 
249291.25 
249291.38 
249291.50 
249291.63 
249291.75 
249291.88 
249292.01 
249292.14 
249292.26 
249292.39 
249292.52 
249292.64 
249292.76 
249292.89 
249293.02 
249293.14 
249293.27 
249293.40 
249293.52 
249293.65 
249293.78 
249293.90 
249294.03 
249294.15 
249294.28 
249294.41 
249294.53 
249294.66 
249294.79 
249294.92 
249295.05 
249295.17 
249295.30 
249295.42 
249295.55 
249295.67 
249295.80 
249295.93 
249296.05 
249296.17 
249296.30 
249296.43 
249296.55 
249296.68 
249296.81 
249296.93 
249297.06 
249297.19 
249297.32 
249297.44 
249297.57 
249297.70 
249297.83 
249297.96 
249298.08 
249298.21 
249298.34 
249298.47 
249298.60 
249298.72 
249298.85 
249298.98 
249299.11 
249299.24 
249299.36 
249299.49 
249299.62 
249299.75 
249299.88 
249300.00 
249300.13 
249300.26 
249300.39 
249300.51 
249300.64 
249300.76 
249300.89 
249301.01 
249301.14 
249301.27 
249301.39 
249301.51 
249301.64 
249301.76 
249301.89 
249302.01 
249302.14 
249302.26 
249302.39 
249302.51 
249302.64 
249302.76 
249302.89 
249303.01 
249303.14 
249303.26 
249303.38 
249303.51 
249303.64 
249303.77 
249303.89 
249304.02 
249304.15 
249304.28 
249304.41 
249304.53 
249304.66 
249304.79 
249304.91 
249305.04 
249305.16 
249305.29 
249305.42 
249305.54 
249305.67 
249305.80 
249305.93 
249306.05 
249306.18 
249306.30 
249306.43 
249306.55 
249306.68 
249306.81 
249306.94 
249307.06 
249307.19 
249307.32 
249307.44 
249307.57 
249307.69 
249307.82 
249307.95 
249308.07 
249308.20 
249308.33 
249308.46 
249308.58 
249308.71 
249308.84 
249308.97 
249309.09 
249309.22 
249309.34 
249309.46 
249309.59 
249309.72 
249309.85 
249309.97 
249310.09 
249310.22 
249310.35 
249310.48 
249310.60 
249310.73 
249310.86 
249310.98 
249311.11 
249311.23 
249311.35 
249311.48 
249311.61 
249311.73 
249311.86 
249311.99 
249312.12 
249312.25 
249312.37 
249312.49 
249312.62 
249312.75 
249312.87 
249313.00 
249313.13 
249313.26 
249313.38 
249313.50 
249313.63 
249313.75 
249313.88 
249314.01 
249314.13 
249314.26 
249314.38 
249314.51 
249314.63 
249314.76 
249314.89 
249315.01 
249315.14 
249315.28 
249315.40 
249315.53 
249315.66 
249315.79 
249315.91 
249316.04 
249316.17 
249316.29 
249316.42 
249316.55 
249316.67 
249316.80 
249316.93 
249317.05 
249317.18 
249317.31 
249317.43 
249317.56 
249317.68 
249317.81 
249317.94 
249318.06 
249318.19 
249318.31 
249318.44 
249318.57 
249318.69 
249318.82 
249318.95 
249319.07 
249319.20 
249319.32 
249319.45 
249319.58 
249319.70 
249319.83 
249319.95 
249320.08 
249320.20 
249320.33 
249320.45 
249320.58 
249320.71 
249320.83 
249320.96 
249321.09 
249321.21 
249321.34 
249321.46 
249321.59 
249321.72 
249321.85 
249321.97 
249322.10 
249322.22 
249322.35 
249322.47 
249322.60 
249322.72 
249322.85 
249322.97 
249323.10 
249323.22 
249323.35 
249323.48 
249323.60 
249323.73 
249323.85 
249323.97 
249324.10 
249324.22 
249324.35 
249324.47 
249324.60 
249324.72 
249324.84 
249324.97 
249325.09 
249325.22 
249325.35 
249325.48 
249325.61 
249325.73 
249325.86 
249325.98 
249326.10 
249326.23 
249326.36 
249326.49 
249326.61 
249326.74 
249326.87 
249327.00 
249327.13 
249327.25 
249327.38 
249327.51 
249327.63 
249327.76 
249327.89 
249328.01 
249328.14 
249328.26 
249328.39 
249328.51 
249328.63 
249328.76 
249328.88 
249329.01 
249329.13 
249329.26 
249329.40 
249329.52 
249329.65 
249329.78 
249329.90 
249330.03 
249330.15 
249330.28 
249330.41 
249330.54 
249330.66 
249330.79 
249330.92 
249331.04 
249331.17 
249331.29 
249331.42 
249331.54 
249331.67 
249331.80 
249331.93 
249332.05 
249332.18 
249332.30 
249332.43 
249332.55 
249332.68 
249332.81 
249332.93 
249333.06 
249333.18 
249333.31 
249333.43 
249333.56 
249333.68 
249333.81 
249333.94 
249334.07 
249334.19 
249334.31 
249334.44 
249334.57 
249334.69 
249334.81 
249334.94 
249335.06 
249335.18 
249335.31 
249335.44 
249335.56 
249335.69 
249335.81 
249335.94 
249336.07 
249336.20 
249336.32 
249336.45 
249336.58 
249336.70 
249336.83 
249336.95 
249337.08 
249337.20 
249337.33 
249337.46 
249337.58 
249337.71 
249337.83 
249337.96 
249338.09 
249338.21 
249338.34 
249338.47 
249338.59 
249338.72 
249338.85 
249338.98 
249339.11 
249339.23 
249339.36 
249339.48 
249339.61 
249339.73 
249339.86 
249339.99 
249340.12 
249340.24 
249340.37 
249340.50 
249340.62 
249340.75 
249340.87 
249340.99 
249341.11 
249341.24 
249341.37 
249341.49 
249341.62 
249341.75 
249341.87 
249342.00 
249342.12 
249342.25 
249342.38 
249342.50 
249342.63 
249342.76 
249342.89 
249343.01 
249343.14 
249343.26 
249343.39 
249343.51 
249343.64 
249343.77 
249343.89 
249344.02 
249344.15 
249344.27 
249344.40 
249344.52 
249344.65 
249344.77 
249344.90 
249345.03 
249345.15 
249345.27 
249345.39 
249345.52 
249345.64 
249345.77 
249345.89 
249346.02 
249346.14 
249346.27 
249346.39 
249346.52 
249346.65 
249346.77 
249346.90 
249347.02 
249347.15 
249347.27 
249347.40 
249347.53 
249347.66 
249347.79 
249347.91 
249348.04 
249348.16 
249348.29 
249348.42 
249348.55 
249348.67 
249348.80 
249348.92 
249349.05 
249349.18 
249349.30 
249349.43 
249349.55 
249349.68 
249349.80 
249349.93 
249350.06 
249350.18 
249350.30 
249350.43 
249350.56 
249350.69 
249350.82 
249350.95 
249351.07 
249351.20 
249351.32 
249351.45 
249351.57 
249351.70 
249351.82 
249351.95 
249352.07 
249352.20 
249352.32 
249352.44 
249352.57 
249352.70 
249352.83 
249352.95 
249353.07 
249353.19 
249353.32 
249353.46 
249353.59 
249353.71 
249353.83 
249353.96 
249354.08 
249354.21 
249354.33 
249354.46 
249354.58 
249354.70 
249354.83 
249354.95 
249355.08 
249355.20 
249355.33 
249355.46 
249355.58 
249355.71 
249355.83 
249355.95 
249356.08 
249356.20 
249356.33 
249356.45 
249356.58 
249356.71 
249356.83 
249356.96 
249357.08 
249357.21 
249357.33 
249357.46 
249357.58 
249357.71 
249357.83 
249357.96 
249358.09 
249358.22 
249358.35 
249358.47 
249358.60 
249358.73 
249358.85 
249358.98 
249359.10 
249359.23 
249359.35 
249359.48 
249359.61 
249359.74 
249359.86 
249359.99 
249360.11 
249360.24 
249360.36 
249360.49 
249360.62 
249360.75 
249360.87 
249361.00 
249361.13 
249361.26 
249361.39 
249361.52 
249361.64 
249361.77 
249361.89 
249362.02 
249362.15 
249362.28 
249362.40 
249362.53 
249362.66 
249362.78 
249362.90 
249363.03 
249363.16 
249363.28 
249363.41 
249363.53 
249363.66 
249363.78 
249363.91 
249364.04 
249364.17 
249364.29 
249364.42 
249364.55 
249364.68 
249364.80 
249364.93 
249365.06 
249365.19 
249365.31 
249365.44 
249365.56 
249365.69 
249365.81 
249365.94 
249366.07 
249366.19 
249366.32 
249366.44 
249366.57 
249366.70 
249366.83 
249366.95 
249367.08 
249367.20 
249367.33 
249367.46 
249367.58 
249367.71 
249367.83 
249367.96 
249368.09 
249368.21 
249368.34 
249368.47 
249368.60 
249368.73 
249368.85 
249368.98 
249369.10 
249369.23 
249369.35 
249369.47 
249369.60 
249369.72 
249369.85 
249369.98 
249370.10 
249370.23 
249370.36 
249370.49 
249370.61 
249370.74 
249370.87 
249370.99 
249371.12 
249371.25 
249371.37 
249371.50 
249371.63 
249371.75 
249371.88 
249372.01 
249372.14 
249372.26 
249372.38 
249372.51 
249372.64 
249372.76 
249372.89 
249373.01 
249373.14 
249373.27 
249373.40 
249373.53 
249373.67 
249373.80 
249373.92 
249374.05 
249374.18 
249374.30 
249374.43 
249374.56 
249374.68 
249374.81 
249374.94 
249375.06 
249375.19 
249375.32 
249375.45 
249375.57 
249375.70 
249375.83 
249375.96 
249376.09 
249376.22 
249376.35 
249376.47 
249376.60 
249376.72 
249376.85 
249376.98 
249377.11 
249377.24 
249377.36 
249377.49 
249377.62 
249377.75 
249377.87 
249378.00 
249378.12 
249378.25 
249378.38 
249378.51 
249378.63 
249378.76 
249378.89 
249379.01 
249379.14 
249379.27 
249379.39 
249379.52 
249379.64 
249379.77 
249379.90 
249380.03 
249380.15 
249380.28 
249380.41 
249380.54 
249380.67 
249380.79 
249380.92 
249381.04 
249381.18 
249381.31 
249381.43 
249381.56 
249381.68 
249381.81 
249381.94 
249382.07 
249382.19 
249382.32 
249382.44 
249382.57 
249382.69 
249382.82 
249382.94 
249383.07 
249383.19 
249383.32 
249383.44 
249383.55 
249383.68 
249383.80 
249383.93 
249384.05 
249384.18 
249384.31 
249384.44 
249384.56 
249384.69 
249384.82 
249384.94 
249385.07 
249385.19 
249385.32 
249385.44 
249385.57 
249385.69 
249385.82 
249385.94 
249386.08 
249386.20 
249386.33 
249386.46 
249386.58 
249386.71 
249386.83 
249386.96 
249387.08 
249387.21 
249387.33 
249387.46 
249387.59 
249387.71 
249387.84 
249387.97 
249388.10 
249388.22 
249388.35 
249388.47 
249388.60 
249388.72 
249388.85 
249388.97 
249389.10 
249389.23 
249389.36 
249389.48 
249389.61 
249389.73 
249389.86 
249389.99 
249390.12 
249390.24 
249390.37 
249390.49 
249390.61 
249390.74 
249390.86 
249390.99 
249391.11 
249391.26 
249391.39 
249391.51 
249391.64 
249391.76 
249391.89 
249392.01 
249392.14 
249392.26 
249392.39 
249392.52 
249392.67 
249392.79 
249392.92 
249393.04 
249393.17 
249393.29 
249393.42 
249393.55 
249393.67 
249393.80 
249393.92 
249394.05 
249394.18 
249394.31 
249394.44 
249394.56 
249394.69 
249394.82 
249394.95 
249395.07 
249395.20 
249395.32 
249395.45 
249395.58 
249395.70 
249395.83 
249395.95 
249396.08 
249396.20 
249396.33 
249396.46 
249396.58 
249396.71 
249396.84 
249396.96 
249397.09 
249397.21 
249397.34 
249397.47 
249397.59 
249397.72 
249397.85 
249397.97 
249398.10 
249398.23 
249398.35 
249398.48 
249398.60 
249398.73 
249398.86 
249398.98 
249399.11 
249399.24 
249399.36 
249399.49 
249399.62 
249399.75 
249399.87 
249400.00 
249400.13 
249400.25 
249400.38 
249400.50 
249400.63 
249400.75 
249400.87 
249401.00 
249401.12 
249401.25 
249401.38 
249401.50 
249401.62 
249401.75 
249401.87 
249402.00 
249402.12 
249402.25 
249402.38 
249402.50 
249402.63 
249402.76 
249402.88 
249403.01 
249403.14 
249403.27 
249403.39 
249403.52 
249403.64 
249403.77 
249403.90 
249404.02 
249404.15 
249404.27 
249404.40 
249404.52 
249404.65 
249404.78 
249404.90 
249405.03 
249405.15 
249405.28 
249405.40 
249405.53 
249405.66 
249405.78 
249405.90 
249406.03 
249406.16 
249406.28 
249406.41 
249406.54 
249406.66 
249406.78 
249406.90 
249407.03 
249407.16 
249407.28 
249407.41 
249407.54 
249407.67 
249407.79 
249407.92 
249408.05 
249408.17 
249408.30 
249408.43 
249408.56 
249408.68 
249408.81 
249408.94 
249409.06 
249409.19 
249409.32 
249409.45 
249409.58 
249409.70 
249409.83 
249409.95 
249410.08 
249410.20 
249410.33 
249410.45 
249410.58 
249410.70 
249410.83 
249410.95 
249411.08 
249411.21 
249411.34 
249411.47 
249411.59 
249411.72 
249411.85 
249411.97 
249412.10 
249412.22 
249412.34 
249412.47 
249412.59 
249412.73 
249412.85 
249412.98 
249413.12 
249413.25 
249413.37 
249413.50 
249413.62 
249413.74 
249413.87 
249413.99 
249414.12 
249414.25 
249414.37 
249414.50 
249414.62 
249414.75 
249414.88 
249415.00 
249415.13 
249415.25 
249415.38 
249415.50 
249415.63 
249415.76 
249415.88 
249416.01 
249416.14 
249416.27 
249416.39 
249416.52 
249416.64 
249416.77 
249416.89 
249417.02 
249417.14 
249417.27 
249417.39 
249417.52 
249417.64 
249417.77 
249417.89 
249418.02 
249418.14 
249418.27 
249418.39 
249418.52 
249418.65 
249418.77 
249418.90 
249419.03 
249419.16 
249419.29 
249419.41 
249419.54 
249419.67 
249419.80 
249419.93 
249420.05 
249420.18 
249420.31 
249420.43 
249420.56 
249420.69 
249420.81 
249420.94 
249421.06 
249421.19 
249421.32 
249421.44 
249421.57 
249421.70 
249421.83 
249421.95 
249422.08 
249422.21 
249422.33 
249422.46 
249422.59 
249422.71 
249422.84 
249422.97 
249423.09 
249423.21 
249423.34 
249423.47 
249423.59 
249423.72 
249423.85 
249423.97 
249424.10 
249424.22 
249424.35 
249424.47 
249424.60 
249424.72 
249424.85 
249424.98 
249425.10 
249425.23 
249425.35 
249425.48 
249425.61 
249425.74 
249425.86 
249425.99 
249426.12 
249426.24 
249426.37 
249426.49 
249426.62 
249426.74 
249426.87 
249426.99 
249427.12 
249427.24 
249427.37 
249427.50 
249427.63 
249427.75 
249427.88 
249428.00 
249428.12 
249428.25 
249428.38 
249428.50 
249428.63 
249428.76 
249428.88 
249429.01 
249429.13 
249429.26 
249429.38 
249429.51 
249429.63 
249429.76 
249429.88 
249430.01 
249430.14 
249430.26 
249430.39 
249430.52 
249430.64 
249430.77 
249430.89 
249431.02 
249431.15 
249431.27 
249431.40 
249431.53 
249431.65 
249431.78 
249431.91 
249432.04 
249432.17 
249432.29 
249432.42 
249432.55 
249432.68 
249432.81 
249432.93 
249433.06 
249433.18 
249433.31 
249433.43 
249433.56 
249433.69 
249433.82 
249433.94 
249434.07 
249434.20 
249434.32 
249434.45 
249434.58 
249434.70 
249434.83 
249434.95 
249435.08 
249435.21 
249435.33 
249435.48 
249435.60 
249435.73 
249435.85 
249435.98 
249436.10 
249436.22 
249436.35 
249436.47 
249436.60 
249436.73 
249436.85 
249436.98 
249437.11 
249437.24 
249437.37 
249437.49 
249437.62 
249437.75 
249437.87 
249438.00 
249438.13 
249438.25 
249438.38 
249438.50 
249438.63 
249438.76 
249438.88 
249439.01 
249439.13 
249439.25 
249439.38 
249439.51 
249439.63 
249439.75 
249439.88 
249440.00 
249440.13 
249440.25 
249440.38 
249440.51 
249440.64 
249440.76 
249440.89 
249441.01 
249441.14 
249441.27 
249441.40 
249441.53 
249441.65 
249441.78 
249441.90 
249442.03 
249442.15 
249442.28 
249442.40 
249442.53 
249442.65 
249442.78 
249442.90 
249443.03 
249443.15 
249443.28 
249443.40 
249443.53 
249443.66 
249443.79 
249443.91 
249444.04 
249444.17 
249444.29 
249444.42 
249444.54 
249444.67 
249444.79 
249444.92 
249445.05 
249445.18 
249445.31 
249445.43 
249445.56 
249445.69 
249445.82 
249445.94 
249446.07 
249446.20 
249446.33 
249446.45 
249446.58 
249446.71 
249446.84 
249446.97 
249447.09 
249447.22 
249447.35 
249447.48 
249447.60 
249447.73 
249447.85 
249447.97 
249448.10 
249448.23 
249448.35 
249448.48 
249448.60 
249448.73 
249448.86 
249448.99 
249449.11 
249449.24 
249449.37 
249449.50 
249449.62 
249449.75 
249449.87 
249450.00 
249450.13 
249450.25 
249450.38 
249450.50 
249450.63 
249450.76 
249450.89 
249451.01 
249451.14 
249451.26 
249451.39 
249451.51 
249451.64 
249451.76 
249451.89 
249452.01 
249452.14 
249452.26 
249452.38 
249452.51 
249452.64 
249452.77 
249452.89 
249453.02 
249453.14 
249453.27 
249453.39 
249453.52 
249453.64 
249453.77 
249453.90 
249454.02 
249454.15 
249454.27 
249454.40 
249454.52 
249454.65 
249454.77 
249454.90 
249455.02 
249455.15 
249455.27 
249455.40 
249455.52 
249455.65 
249455.78 
249455.90 
249456.02 
249456.15 
249456.28 
249456.40 
249456.53 
249456.66 
249456.79 
249456.91 
249457.04 
249457.17 
249457.29 
249457.42 
249457.55 
249457.67 
249457.80 
249457.92 
249458.05 
249458.18 
249458.30 
249458.43 
249458.55 
249458.68 
249458.80 
249458.93 
249459.06 
249459.18 
249459.31 
249459.43 
249459.56 
249459.68 
249459.81 
249459.94 
249460.06 
249460.19 
249460.31 
249460.44 
249460.56 
249460.68 
249460.81 
249460.94 
249461.06 
249461.19 
249461.32 
249461.44 
249461.56 
249461.69 
249461.82 
249461.95 
249462.07 
249462.20 
249462.33 
249462.45 
249462.58 
249462.70 
249462.83 
249462.95 
249463.08 
249463.20 
249463.32 
249463.45 
249463.57 
249463.71 
249463.83 
249463.96 
249464.08 
249464.21 
249464.34 
249464.46 
249464.59 
249464.71 
249464.84 
249464.96 
249465.09 
249465.21 
249465.34 
249465.46 
249465.58 
249465.71 
249465.83 
249465.96 
249466.08 
249466.20 
249466.33 
249466.46 
249466.58 
249466.71 
249466.83 
249466.96 
249467.09 
249467.21 
249467.34 
249467.46 
249467.59 
249467.71 
249467.84 
249467.96 
249468.09 
249468.21 
249468.34 
249468.46 
249468.59 
249468.71 
249468.84 
249468.97 
249469.09 
249469.22 
249469.35 
249469.47 
249469.59 
249469.72 
249469.85 
249469.98 
249470.10 
249470.23 
249470.36 
249470.48 
249470.61 
249470.73 
249470.86 
249470.98 
249471.11 
249471.24 
249471.36 
249471.49 
249471.61 
249471.74 
249471.87 
249471.99 
249472.11 
249472.23 
249472.36 
249472.48 
249472.61 
249472.73 
249472.86 
249472.98 
249473.11 
249473.23 
249473.35 
249473.48 
249473.61 
249473.73 
249473.85 
249473.98 
249474.11 
249474.23 
249474.36 
249474.48 
249474.61 
249474.74 
249474.87 
249474.99 
249475.12 
249475.25 
249475.37 
249475.50 
249475.63 
249475.75 
249475.88 
249476.00 
249476.13 
249476.25 
249476.38 
249476.51 
249476.63 
249476.76 
249476.88 
249477.01 
249477.13 
249477.26 
249477.38 
249477.50 
249477.63 
249477.75 
249477.88 
249478.01 
249478.13 
249478.26 
249478.38 
249478.51 
249478.63 
249478.76 
249478.89 
249479.01 
249479.14 
249479.27 
249479.39 
249479.52 
249479.65 
249479.78 
249479.90 
249480.03 
249480.15 
249480.28 
249480.41 
249480.53 
249480.66 
249480.79 
249480.91 
249481.04 
249481.16 
249481.29 
249481.42 
249481.55 
249481.67 
249481.80 
249481.92 
249482.04 
249482.17 
249482.29 
249482.42 
249482.55 
249482.67 
249482.79 
249482.92 
249483.05 
249483.17 
249483.30 
249483.42 
249483.55 
249483.68 
249483.80 
249483.93 
249484.06 
249484.18 
249484.31 
249484.43 
249484.56 
249484.68 
249484.81 
249484.94 
249485.06 
249485.19 
249485.31 
249485.44 
249485.57 
249485.69 
249485.82 
249485.94 
249486.07 
249486.20 
249486.33 
249486.45 
249486.58 
249486.71 
249486.84 
249486.97 
249487.09 
249487.22 
249487.35 
249487.47 
249487.60 
249487.72 
249487.85 
249487.98 
249488.11 
249488.23 
249488.36 
249488.49 
249488.62 
249488.75 
249488.87 
249489.00 
249489.12 
249489.25 
249489.38 
249489.51 
249489.64 
249489.76 
249489.89 
249490.01 
249490.14 
249490.26 
249490.39 
249490.51 
249490.64 
249490.77 
249490.89 
249491.02 
249491.14 
249491.26 
249491.39 
249491.52 
249491.64 
249491.77 
249491.90 
249492.02 
249492.15 
249492.27 
249492.40 
249492.52 
249492.65 
249492.77 
249492.90 
249493.02 
249493.15 
249493.27 
249493.40 
249493.53 
249493.66 
249493.78 
249493.91 
249494.04 
249494.17 
249494.29 
249494.42 
249494.55 
249494.67 
249494.80 
249494.92 
249495.05 
249495.18 
249495.30 
249495.43 
249495.56 
249495.69 
249495.81 
249495.94 
249496.06 
249496.19 
249496.31 
249496.44 
249496.57 
249496.69 
249496.82 
249496.94 
249497.07 
249497.19 
249497.32 
249497.45 
249497.58 
249497.71 
249497.83 
249497.96 
249498.09 
249498.21 
249498.35 
249498.48 
249498.60 
249498.73 
249498.86 
249498.99 
249499.11 
249499.24 
249499.37 
249499.49 
249499.61 
249499.74 
249499.86 
249499.99 
249500.12 
249500.25 
249500.39 
249500.51 
249500.64 
249500.76 
249500.89 
249501.01 
249501.14 
249501.27 
249501.39 
249501.53 
249501.65 
249501.78 
249501.91 
249502.03 
249502.16 
249502.28 
249502.41 
249502.54 
249502.67 
249502.79 
249502.92 
249503.04 
249503.17 
249503.29 
249503.41 
249503.54 
249503.67 
249503.80 
249503.92 
249504.05 
249504.18 
249504.30 
249504.43 
249504.55 
249504.67 
249504.80 
249504.92 
249505.05 
249505.18 
249505.30 
249505.43 
249505.56 
249505.69 
249505.81 
249505.93 
249506.06 
249506.19 
249506.31 
249506.44 
249506.57 
249506.69 
249506.82 
249506.95 
249507.08 
249507.20 
249507.33 
249507.46 
249507.58 
249507.71 
249507.83 
249507.96 
249508.08 
249508.21 
249508.34 
249508.47 
249508.59 
249508.72 
249508.84 
249508.97 
249509.09 
249509.22 
249509.35 
249509.48 
249509.60 
249509.72 
249509.85 
249509.98 
249510.10 
249510.23 
249510.36 
249510.48 
249510.61 
249510.74 
249510.87 
249511.00 
249511.12 
249511.24 
249511.37 
249511.50 
249511.63 
249511.75 
249511.88 
249512.00 
249512.13 
249512.26 
249512.38 
249512.51 
249512.63 
249512.76 
249512.89 
249513.02 
249513.14 
249513.27 
249513.40 
249513.52 
249513.65 
249513.77 
249513.90 
249514.03 
249514.15 
249514.28 
249514.40 
249514.52 
249514.65 
249514.78 
249514.90 
249515.03 
249515.15 
249515.28 
249515.40 
249515.53 
249515.66 
249515.78 
249515.91 
249516.04 
249516.17 
249516.29 
249516.42 
249516.54 
249516.67 
249516.79 
249516.92 
249517.05 
249517.17 
249517.30 
249517.42 
249517.55 
249517.67 
249517.80 
249517.93 
249518.05 
249518.18 
249518.30 
249518.43 
249518.55 
249518.68 
249518.81 
249518.93 
249519.05 
249519.18 
249519.31 
249519.43 
249519.56 
249519.69 
249519.81 
249519.94 
249520.07 
249520.19 
249520.32 
249520.45 
249520.57 
249520.70 
249520.83 
249520.95 
249521.07 
249521.20 
249521.32 
249521.45 
249521.58 
249521.71 
249521.83 
249521.96 
249522.09 
249522.22 
249522.34 
249522.47 
249522.59 
249522.72 
249522.85 
249522.97 
249523.10 
249523.23 
249523.35 
249523.47 
249523.60 
249523.72 
249523.85 
249523.97 
249524.10 
249524.23 
249524.35 
249524.48 
249524.60 
249524.73 
249524.86 
249524.99 
249525.12 
249525.24 
249525.37 
249525.50 
249525.63 
249525.75 
249525.88 
249526.00 
249526.13 
249526.25 
249526.38 
249526.51 
249526.63 
249526.76 
249526.88 
249527.00 
249527.13 
249527.26 
249527.39 
249527.51 
249527.64 
249527.76 
249527.89 
249528.01 
249528.14 
249528.26 
249528.38 
249528.51 
249528.64 
249528.76 
249528.89 
249529.02 
249529.14 
249529.26 
249529.39 
249529.51 
249529.65 
249529.77 
249529.90 
249530.03 
249530.15 
249530.28 
249530.41 
249530.53 
249530.66 
249530.79 
249530.92 
249531.05 
249531.17 
249531.30 
249531.43 
249531.55 
249531.68 
249531.80 
249531.93 
249532.06 
249532.18 
249532.31 
249532.44 
249532.56 
249532.69 
249532.82 
249532.95 
249533.07 
249533.20 
249533.32 
249533.45 
249533.57 
249533.70 
249533.82 
249533.95 
249534.07 
249534.20 
249534.32 
249534.45 
249534.58 
249534.71 
249534.84 
249534.96 
249535.08 
249535.21 
249535.34 
249535.46 
249535.59 
249535.72 
249535.84 
249535.97 
249536.09 
249536.22 
249536.35 
249536.47 
249536.60 
249536.73 
249536.86 
249536.98 
249537.11 
249537.24 
249537.37 
249537.49 
249537.62 
249537.74 
249537.87 
249537.99 
249538.12 
249538.25 
249538.37 
249538.50 
249538.63 
249538.75 
249538.88 
249539.00 
249539.13 
249539.25 
249539.38 
249539.50 
249539.63 
249539.75 
249539.88 
249540.00 
249540.12 
249540.26 
249540.38 
249540.50 
249540.63 
249540.76 
249540.88 
249541.01 
249541.14 
249541.26 
249541.39 
249541.51 
249541.64 
249541.77 
249541.90 
249542.03 
249542.15 
249542.28 
249542.40 
249542.53 
249542.65 
249542.78 
249542.91 
249543.03 
249543.16 
249543.28 
249543.41 
249543.53 
249543.66 
249543.79 
249543.91 
249544.04 
249544.16 
249544.28 
249544.41 
249544.53 
249544.66 
249544.79 
249544.92 
249545.04 
249545.17 
249545.30 
249545.42 
249545.55 
249545.68 
249545.80 
249545.93 
249546.06 
249546.18 
249546.30 
249546.43 
249546.55 
249546.68 
249546.80 
249546.93 
249547.05 
249547.18 
249547.31 
249547.43 
249547.55 
249547.67 
249547.80 
249547.93 
249548.05 
249548.18 
249548.31 
249548.43 
249548.56 
249548.68 
249548.81 
249548.93 
249549.06 
249549.19 
249549.31 
249549.43 
249549.56 
249549.69 
249549.82 
249549.95 
249550.07 
249550.19 
249550.32 
249550.44 
249550.57 
249550.70 
249550.82 
249550.94 
249551.07 
249551.20 
249551.32 
249551.45 
249551.58 
249551.70 
249551.82 
249551.95 
249552.07 
249552.20 
249552.32 
249552.45 
249552.58 
249552.71 
249552.84 
249552.97 
249553.09 
249553.22 
249553.35 
249553.47 
249553.59 
249553.72 
249553.85 
249553.98 
249554.10 
249554.23 
249554.36 
249554.49 
249554.61 
249554.74 
249554.86 
249554.99 
249555.11 
249555.24 
249555.37 
249555.50 
249555.63 
249555.75 
249555.88 
249556.01 
249556.13 
249556.26 
249556.39 
249556.51 
249556.64 
249556.77 
249556.89 
249557.02 
249557.14 
249557.27 
249557.39 
249557.51 
249557.64 
249557.77 
249557.90 
249558.02 
249558.15 
249558.27 
249558.40 
249558.53 
249558.65 
249558.78 
249558.91 
249559.03 
249559.16 
249559.29 
249559.41 
249559.54 
249559.66 
249559.79 
249559.91 
249560.04 
249560.17 
249560.29 
249560.41 
249560.54 
249560.66 
249560.79 
249560.91 
249561.03 
249561.16 
249561.28 
249561.40 
249561.53 
249561.66 
249561.79 
249561.91 
249562.04 
249562.17 
249562.29 
249562.42 
249562.55 
249562.67 
249562.80 
249562.93 
249563.05 
249563.18 
249563.30 
249563.43 
249563.55 
249563.68 
249563.80 
249563.93 
249564.06 
249564.19 
249564.31 
249564.43 
249564.56 
249564.69 
249564.81 
249564.94 
249565.06 
249565.19 
249565.31 
249565.44 
249565.56 
249565.69 
249565.81 
249565.94 
249566.07 
249566.19 
249566.32 
249566.44 
249566.57 
249566.69 
249566.82 
249566.94 
249567.07 
249567.19 
249567.32 
249567.44 
249567.57 
249567.69 
249567.82 
249567.94 
249568.07 
249568.20 
249568.32 
249568.45 
249568.57 
249568.70 
249568.82 
249568.95 
249569.07 
249569.20 
249569.33 
249569.45 
249569.58 
249569.71 
249569.83 
249569.96 
249570.08 
249570.21 
249570.33 
249570.46 
249570.58 
249570.70 
249570.84 
249570.96 
249571.08 
249571.21 
249571.34 
249571.47 
249571.59 
249571.72 
249571.85 
249571.98 
249572.10 
249572.23 
249572.36 
249572.49 
249572.61 
249572.74 
249572.87 
249573.00 
249573.12 
249573.25 
249573.38 
249573.51 
249573.63 
249573.76 
249573.89 
249574.02 
249574.14 
249574.26 
249574.38 
249574.51 
249574.64 
249574.76 
249574.89 
249575.01 
249575.14 
249575.27 
249575.40 
249575.53 
249575.65 
249575.78 
249575.91 
249576.04 
249576.16 
249576.29 
249576.42 
249576.55 
249576.68 
249576.81 
249576.93 
249577.06 
249577.19 
249577.32 
249577.45 
249577.58 
249577.71 
249577.84 
249577.96 
249578.09 
249578.22 
249578.35 
249578.48 
249578.60 
249578.75 
249578.88 
249579.01 
249579.13 
249579.26 
249579.39 
249579.51 
249579.64 
249579.77 
249579.89 
249580.02 
249580.15 
249580.28 
249580.41 
249580.54 
249580.66 
249580.79 
249580.92 
249581.05 
249581.17 
249581.30 
249581.43 
249581.56 
249581.68 
249581.81 
249581.93 
249582.06 
249582.19 
249582.31 
249582.46 
249582.58 
249582.71 
249582.84 
249582.97 
249583.09 
249583.22 
249583.34 
249583.47 
249583.59 
249583.72 
249583.85 
249583.98 
249584.10 
249584.23 
249584.36 
249584.49 
249584.61 
249584.74 
249584.87 
249585.00 
249585.13 
249585.26 
249585.38 
249585.51 
249585.64 
249585.76 
249585.89 
249586.01 
249586.15 
249586.27 
249586.39 
249586.52 
249586.65 
249586.78 
249586.90 
249587.03 
249587.16 
249587.29 
249587.42 
249587.55 
249587.68 
249587.81 
249587.93 
249588.06 
249588.19 
249588.31 
249588.44 
249588.57 
249588.69 
249588.82 
249588.95 
249589.08 
249589.20 
249589.33 
249589.46 
249589.59 
249589.72 
249589.85 
249589.97 
249590.10 
249590.23 
249590.36 
249590.49 
249590.61 
249590.74 
249590.87 
249591.00 
249591.13 
249591.26 
249591.39 
249591.52 
249591.65 
249591.77 
249591.90 
249592.03 
249592.16 
249592.28 
249592.41 
249592.53 
249592.66 
249592.79 
249592.92 
249593.05 
249593.17 
249593.30 
249593.43 
249593.56 
249593.69 
249593.81 
249593.94 
249594.07 
249594.20 
249594.33 
249594.46 
249594.58 
249594.71 
249594.84 
249594.97 
249595.10 
249595.23 
249595.35 
249595.48 
249595.61 
249595.74 
249595.87 
249596.00 
249596.13 
249596.25 
249596.38 
249596.51 
249596.63 
249596.76 
249596.89 
249597.01 
249597.14 
249597.27 
249597.40 
249597.53 
249597.65 
249597.78 
249597.91 
249598.04 
249598.17 
249598.29 
249598.42 
249598.55 
249598.68 
249598.81 
249598.94 
249599.06 
249599.19 
249599.32 
249599.45 
249599.58 
249599.70 
249599.83 
249599.96 
249600.09 
249600.22 
249600.35 
249600.47 
249600.60 
249600.73 
249600.86 
249600.99 
249601.12 
249601.25 
249601.37 
249601.50 
249601.62 
249601.75 
249601.87 
249602.00 
249602.13 
249602.26 
249602.39 
249602.52 
249602.65 
249602.78 
249602.90 
249603.03 
249603.16 
249603.29 
249603.41 
249603.54 
249603.67 
249603.80 
249603.93 
249604.06 
249604.21 
249604.33 
249604.46 
249604.58 
249604.71 
249604.84 
249604.97 
249605.10 
249605.22 
249605.35 
249605.48 
249605.61 
249605.74 
249605.87 
249605.99 
249606.12 
249606.25 
249606.38 
249606.51 
249606.64 
249606.76 
249606.89 
249607.02 
249607.15 
249607.27 
249607.40 
249607.53 
249607.66 
249607.78 
249607.91 
249608.04 
249608.17 
249608.29 
249608.42 
249608.55 
249608.68 
249608.81 
249608.94 
249609.06 
249609.19 
249609.32 
249609.45 
249609.60 
249609.72 
249609.85 
249609.98 
249610.10 
249610.22 
249610.35 
249610.47 
249610.60 
249610.73 
249610.85 
249610.98 
249611.10 
249611.23 
249611.37 
249611.49 
249611.62 
249611.75 
249611.87 
249612.00 
249612.13 
249612.26 
249612.38 
249612.51 
249612.63 
249612.76 
249612.89 
249613.01 
249613.14 
249613.27 
249613.40 
249613.53 
249613.66 
249613.78 
249613.91 
249614.04 
249614.16 
249614.29 
249614.42 
249614.55 
249614.68 
249614.80 
249614.93 
249615.06 
249615.19 
249615.31 
249615.44 
249615.56 
249615.69 
249615.82 
249615.95 
249616.08 
249616.20 
249616.33 
249616.46 
249616.59 
249616.71 
249616.84 
249616.97 
249617.09 
249617.21 
249617.33 
249617.45 
249617.57 
249617.69 
249617.82 
249617.96 
249618.09 
249618.21 
249618.34 
249618.49 
249618.61 
249618.74 
249618.87 
249618.99 
249619.12 
249619.25 
249619.38 
249619.50 
249619.63 
249619.77 
249619.90 
249620.03 
249620.16 
249620.28 
249620.41 
249620.54 
249620.67 
249620.80 
249620.92 
249621.05 
249621.18 
249621.31 
249621.43 
249621.56 
249621.69 
249621.81 
249621.94 
249622.07 
249622.19 
249622.32 
249622.46 
249622.58 
249622.71 
249622.84 
249622.97 
249623.09 
249623.22 
249623.35 
249623.47 
249623.60 
249623.73 
249623.86 
249623.99 
249624.12 
249624.25 
249624.38 
249624.50 
249624.63 
249624.76 
249624.88 
249625.01 
249625.14 
249625.26 
249625.39 
249625.52 
249625.65 
249625.77 
249625.90 
249626.03 
249626.16 
249626.28 
249626.41 
249626.54 
249626.67 
249626.80 
249626.93 
249627.05 
249627.18 
249627.31 
249627.43 
249627.56 
249627.69 
249627.81 
249627.94 
249628.07 
249628.20 
249628.33 
249628.45 
249628.58 
249628.71 
249628.84 
249628.96 
249629.09 
249629.22 
249629.35 
249629.49 
249629.62 
249629.74 
249629.86 
249629.99 
249630.11 
249630.23 
249630.36 
249630.49 
249630.61 
249630.73 
249630.84 
249630.95 
249631.06 
249631.18 
249631.30 
249631.42 
249631.54 
249631.66 
249631.78 
249631.90 
249632.02 
249632.14 
249632.25 
249632.37 
249632.49 
249632.61 
249632.73 
249632.85 
249632.98 
249633.10 
249633.22 
249633.34 
249633.47 
249633.59 
249633.70 
249633.82 
249633.94 
249634.06 
249634.18 
249634.30 
249634.42 
249634.54 
249634.66 
249634.78 
249634.90 
249635.01 
249635.13 
249635.25 
249635.37 
249635.49 
249635.61 
249635.72 
249635.84 
249635.96 
249636.08 
249636.20 
249636.32 
249636.44 
249636.56 
249636.68 
249636.80 
249636.93 
249637.06 
249637.18 
249637.32 
249637.46 
249637.59 
249637.71 
249637.85 
249637.97 
249638.10 
249638.23 
249638.36 
249638.49 
249638.61 
249638.74 
249638.88 
249639.02 
249639.15 
249639.28 
249639.41 
249639.54 
249639.67 
249639.80 
249639.94 
249640.07 
249640.20 
249640.32 
249640.45 
249640.57 
249640.71 
249640.82 
249640.94 
249641.08 
249641.21 
249641.33 
249641.47 
249641.61 
249641.73 
249641.85 
249641.98 
249642.11 
249642.24 
249642.36 
249642.50 
249642.63 
249642.75 
249642.88 
249643.01 
249643.14 
249643.27 
249643.38 
249643.51 
249643.63 
249643.77 
249643.89 
249644.03 
249644.18 
249644.31 
249644.43 
249644.57 
249644.71 
249644.85 
249644.98 
249645.10 
249645.24 
249645.36 
249645.50 
249645.64 
249645.78 
249645.90 
249646.04 
249646.16 
249646.30 
249646.43 
249646.58 
249646.71 
249646.83 
249646.96 
249647.09 
249647.22 
249647.34 
249647.47 
249647.60 
249647.75 
249647.88 
249648.00 
249648.13 
249648.27 
249648.41 
249648.53 
249648.65 
249648.77 
249648.89 
249649.00 
249649.12 
249649.25 
249649.37 
249649.51 
249649.64 
249649.76 
249649.89 
249650.03 
249650.16 
249650.29 
249650.42 
249650.55 
249650.68 
249650.80 
249650.93 
249651.06 
249651.18 
249651.32 
249651.44 
249651.58 
249651.70 
249651.83 
249651.97 
249652.10 
249652.24 
249652.38 
249652.50 
249652.63 
249652.75 
249652.88 
249653.01 
249653.13 
249653.27 
249653.41 
249653.55 
249653.66 
249653.77 
249653.89 
249654.01 
249654.13 
249654.28 
249654.41 
249654.54 
249654.67 
249654.79 
249654.92 
249655.05 
249655.17 
249655.30 
249655.44 
249655.56 
249655.69 
249655.82 
249655.95 
249656.08 
249656.20 
249656.33 
249656.46 
249656.59 
249656.72 
249656.85 
249656.97 
249657.10 
249657.23 
249657.36 
249657.48 
249657.61 
249657.74 
249657.87 
249658.00 
249658.13 
249658.25 
249658.38 
249658.51 
249658.64 
249658.76 
249658.89 
249659.02 
249659.15 
249659.28 
249659.40 
249659.53 
249659.66 
249659.79 
249659.91 
249660.04 
249660.17 
249660.29 
249660.42 
249660.55 
249660.68 
249660.81 
249660.94 
249661.06 
249661.19 
249661.32 
249661.44 
249661.57 
249661.69 
249661.82 
249661.95 
249662.07 
249662.20 
249662.33 
249662.46 
249662.58 
249662.71 
249662.84 
249662.97 
249663.10 
249663.23 
249663.35 
249663.48 
249663.61 
249663.74 
249663.87 
249663.99 
249664.12 
249664.25 
249664.38 
249664.51 
249664.63 
249664.76 
249664.89 
249665.03 
249665.15 
249665.27 
249665.40 
249665.53 
249665.65 
249665.78 
249665.91 
249666.04 
249666.16 
249666.29 
249666.42 
249666.54 
249666.67 
249666.79 
249666.92 
249667.05 
249667.18 
249667.30 
249667.43 
249667.56 
249667.68 
249667.81 
249667.94 
249668.07 
249668.20 
249668.33 
249668.46 
249668.58 
249668.70 
249668.83 
249668.95 
249669.08 
249669.21 
249669.33 
249669.46 
249669.59 
249669.71 
249669.84 
249669.97 
249670.09 
249670.22 
249670.35 
249670.48 
249670.60 
249670.73 
249670.86 
249670.99 
249671.11 
249671.23 
249671.36 
249671.49 
249671.61 
249671.74 
249671.86 
249671.98 
249672.11 
249672.24 
249672.37 
249672.49 
249672.62 
249672.75 
249672.88 
249673.01 
249673.13 
249673.26 
249673.39 
249673.51 
249673.64 
249673.76 
249673.91 
249674.04 
249674.17 
249674.29 
249674.42 
249674.55 
249674.68 
249674.80 
249674.93 
249675.05 
249675.18 
249675.31 
249675.44 
249675.57 
249675.70 
249675.82 
249675.95 
249676.08 
249676.20 
249676.33 
249676.46 
249676.58 
249676.71 
249676.84 
249676.97 
249677.10 
249677.22 
249677.35 
249677.48 
249677.61 
249677.74 
249677.87 
249677.99 
249678.12 
249678.25 
249678.37 
249678.50 
249678.63 
249678.76 
249678.88 
249679.01 
249679.14 
249679.27 
249679.40 
249679.53 
249679.65 
249679.78 
249679.91 
249680.05 
249680.17 
249680.30 
249680.43 
249680.56 
249680.69 
249680.81 
249680.94 
249681.07 
249681.19 
249681.32 
249681.45 
249681.59 
249681.72 
249681.84 
249681.97 
249682.10 
249682.23 
249682.36 
249682.50 
249682.62 
249682.75 
249682.88 
249683.00 
249683.13 
249683.26 
249683.38 
249683.51 
249683.64 
249683.76 
249683.89 
249684.02 
249684.15 
249684.28 
249684.40 
249684.53 
249684.66 
249684.78 
249684.91 
249685.04 
249685.16 
249685.29 
249685.42 
249685.55 
249685.68 
249685.81 
249685.94 
249686.07 
249686.20 
249686.33 
249686.45 
249686.58 
249686.71 
249686.84 
249686.98 
249687.10 
249687.23 
249687.36 
249687.49 
249687.61 
249687.74 
249687.87 
249688.00 
249688.13 
249688.25 
249688.38 
249688.51 
249688.64 
249688.76 
249688.89 
249689.02 
249689.15 
249689.28 
249689.41 
249689.53 
249689.66 
249689.79 
249689.91 
249690.04 
249690.17 
249690.29 
249690.42 
249690.55 
249690.68 
249690.80 
249690.93 
249691.05 
249691.18 
249691.30 
249691.43 
249691.56 
249691.69 
249691.81 
249691.94 
249692.07 
249692.20 
249692.32 
249692.45 
249692.58 
249692.70 
249692.82 
249692.94 
249693.07 
249693.19 
249693.32 
249693.44 
249693.57 
249693.70 
249693.83 
249693.96 
249694.09 
249694.21 
249694.35 
249694.47 
249694.59 
249694.72 
249694.85 
249694.97 
249695.10 
249695.23 
249695.36 
249695.48 
249695.61 
249695.74 
249695.87 
249696.00 
249696.12 
249696.25 
249696.38 
249696.51 
249696.64 
249696.76 
249696.89 
249697.02 
249697.14 
249697.27 
249697.40 
249697.53 
249697.66 
249697.78 
249697.91 
249698.04 
249698.17 
249698.30 
249698.43 
249698.56 
249698.68 
249698.81 
249698.94 
249699.07 
249699.20 
249699.34 
249699.47 
249699.60 
249699.72 
249699.85 
249699.98 
249700.11 
249700.24 
249700.36 
249700.49 
249700.62 
249700.75 
249700.89 
249701.02 
249701.15 
249701.28 
249701.40 
249701.53 
249701.66 
249701.79 
249701.91 
249702.04 
249702.17 
249702.29 
249702.42 
249702.55 
249702.68 
249702.81 
249702.94 
249703.06 
249703.19 
249703.31 
249703.44 
249703.56 
249703.69 
249703.81 
249703.94 
249704.07 
249704.20 
249704.32 
249704.45 
249704.58 
249704.71 
249704.84 
249704.96 
249705.09 
249705.21 
249705.34 
249705.47 
249705.60 
249705.73 
249705.85 
249705.98 
249706.11 
249706.24 
249706.36 
249706.49 
249706.62 
249706.75 
249706.88 
249707.01 
249707.13 
249707.26 
249707.39 
249707.51 
249707.64 
249707.77 
249707.89 
249708.02 
249708.14 
249708.28 
249708.39 
249708.53 
249708.66 
249708.78 
249708.91 
249709.03 
249709.16 
249709.29 
249709.41 
249709.54 
249709.67 
249709.80 
249709.93 
249710.06 
249710.18 
249710.31 
249710.44 
249710.57 
249710.70 
249710.82 
249710.95 
249711.08 
249711.21 
249711.34 
249711.46 
249711.59 
249711.72 
249711.85 
249711.98 
249712.10 
249712.23 
249712.36 
249712.49 
249712.61 
249712.74 
249712.87 
249713.00 
249713.13 
249713.27 
249713.40 
249713.53 
249713.67 
249713.80 
249713.92 
249714.05 
249714.18 
249714.31 
249714.44 
249714.57 
249714.69 
249714.82 
249714.95 
249715.08 
249715.21 
249715.34 
249715.46 
249715.59 
249715.72 
249715.85 
249715.98 
249716.11 
249716.24 
249716.37 
249716.51 
249716.64 
249716.76 
249716.89 
249717.02 
249717.15 
249717.27 
249717.40 
249717.53 
249717.66 
249717.78 
249717.91 
249718.04 
249718.17 
249718.29 
249718.42 
249718.54 
249718.69 
249718.81 
249718.94 
249719.06 
249719.19 
249719.32 
249719.45 
249719.58 
249719.70 
249719.83 
249719.96 
249720.08 
249720.21 
249720.34 
249720.47 
249720.60 
249720.73 
249720.86 
249720.98 
249721.11 
249721.24 
249721.37 
249721.49 
249721.62 
249721.75 
249721.88 
249722.01 
249722.14 
249722.27 
249722.39 
249722.52 
249722.65 
249722.77 
249722.90 
249723.03 
249723.16 
249723.29 
249723.41 
249723.54 
249723.66 
249723.79 
249723.91 
249724.04 
249724.16 
249724.29 
249724.42 
249724.54 
249724.66 
249724.78 
249724.91 
249725.03 
249725.16 
249725.29 
249725.42 
249725.54 
249725.67 
249725.79 
249725.92 
249726.05 
249726.18 
249726.31 
249726.43 
249726.56 
249726.68 
249726.81 
249726.94 
249727.07 
249727.20 
249727.33 
249727.45 
249727.58 
249727.71 
249727.83 
249727.96 
249728.08 
249728.21 
249728.34 
249728.47 
249728.59 
249728.72 
249728.84 
249728.97 
249729.10 
249729.23 
249729.35 
249729.48 
249729.61 
249729.74 
249729.86 
249729.99 
249730.11 
249730.25 
249730.38 
249730.51 
249730.63 
249730.76 
249730.89 
249731.01 
249731.14 
249731.27 
249731.40 
249731.52 
249731.65 
249731.78 
249731.91 
249732.04 
249732.18 
249732.31 
249732.44 
249732.57 
249732.69 
249732.82 
249732.95 
249733.07 
249733.20 
249733.32 
249733.45 
249733.57 
249733.70 
249733.83 
249733.96 
249734.09 
249734.22 
249734.35 
249734.49 
249734.62 
249734.75 
249734.88 
249735.00 
249735.13 
249735.26 
249735.39 
249735.51 
249735.64 
249735.77 
249735.89 
249736.02 
249736.15 
249736.28 
249736.41 
249736.54 
249736.67 
249736.79 
249736.92 
249737.05 
249737.17 
249737.30 
249737.43 
249737.56 
249737.69 
249737.81 
249737.94 
249738.07 
249738.20 
249738.33 
249738.45 
249738.58 
249738.70 
249738.83 
249738.96 
249739.08 
249739.21 
249739.34 
249739.47 
249739.60 
249739.73 
249739.85 
249739.98 
249740.11 
249740.24 
249740.37 
249740.49 
249740.62 
249740.75 
249740.88 
249741.01 
249741.13 
249741.28 
249741.41 
249741.53 
249741.67 
249741.79 
249741.91 
249742.03 
249742.16 
249742.28 
249742.41 
249742.54 
249742.67 
249742.80 
249742.92 
249743.05 
249743.18 
249743.31 
249743.44 
249743.56 
249743.69 
249743.82 
249743.95 
249744.08 
249744.20 
249744.33 
249744.46 
249744.59 
249744.71 
249744.84 
249744.97 
249745.09 
249745.22 
249745.35 
249745.48 
249745.60 
249745.73 
249745.85 
249745.98 
249746.11 
249746.24 
249746.36 
249746.49 
249746.62 
249746.75 
249746.88 
249747.00 
249747.13 
249747.26 
249747.39 
249747.52 
249747.64 
249747.77 
249747.89 
249748.02 
249748.15 
249748.28 
249748.41 
249748.53 
249748.68 
249748.81 
249748.93 
249749.06 
249749.19 
249749.32 
249749.45 
249749.58 
249749.70 
249749.83 
249749.96 
249750.09 
249750.22 
249750.34 
249750.47 
249750.60 
249750.72 
249750.85 
249750.99 
249751.12 
249751.25 
249751.37 
249751.50 
249751.63 
249751.76 
249751.88 
249752.01 
249752.14 
249752.26 
249752.39 
249752.51 
249752.64 
249752.77 
249752.89 
249753.02 
249753.15 
249753.28 
249753.40 
249753.53 
249753.66 
249753.78 
249753.91 
249754.04 
249754.17 
249754.29 
249754.42 
249754.55 
249754.68 
249754.80 
249754.93 
249755.06 
249755.19 
249755.32 
249755.45 
249755.57 
249755.70 
249755.83 
249755.96 
249756.09 
249756.22 
249756.34 
249756.47 
249756.59 
249756.72 
249756.84 
249756.97 
249757.10 
249757.22 
249757.35 
249757.47 
249757.61 
249757.73 
249757.86 
249757.99 
249758.12 
249758.25 
249758.38 
249758.50 
249758.63 
249758.76 
249758.89 
249759.01 
249759.14 
249759.27 
249759.40 
249759.53 
249759.66 
249759.79 
249759.94 
249760.06 
249760.19 
249760.32 
249760.44 
249760.57 
249760.70 
249760.83 
249760.95 
249761.08 
249761.21 
249761.34 
249761.46 
249761.59 
249761.71 
249761.84 
249761.97 
249762.10 
249762.22 
249762.35 
249762.47 
249762.60 
249762.73 
249762.85 
249762.98 
249763.11 
249763.24 
249763.36 
249763.49 
249763.62 
249763.75 
249763.87 
249764.00 
249764.13 
249764.26 
249764.41 
249764.54 
249764.66 
249764.79 
249764.92 
249765.05 
249765.17 
249765.30 
249765.43 
249765.55 
249765.68 
249765.81 
249765.93 
249766.06 
249766.19 
249766.32 
249766.45 
249766.57 
249766.70 
249766.82 
249766.95 
249767.08 
249767.21 
249767.34 
249767.47 
249767.59 
249767.72 
249767.85 
249767.97 
249768.10 
249768.23 
249768.36 
249768.49 
249768.61 
249768.74 
249768.87 
249769.00 
249769.13 
249769.25 
249769.38 
249769.51 
249769.64 
249769.77 
249769.89 
249770.02 
249770.15 
249770.28 
249770.41 
249770.53 
249770.66 
249770.79 
249770.92 
249771.05 
249771.17 
249771.30 
249771.43 
249771.56 
249771.69 
249771.82 
249771.94 
249772.07 
249772.20 
249772.33 
249772.46 
249772.58 
249772.70 
249772.83 
249772.95 
249773.08 
249773.20 
249773.33 
249773.46 
249773.59 
249773.71 
249773.84 
249773.97 
249774.09 
249774.21 
249774.34 
249774.47 
249774.60 
249774.73 
249774.86 
249774.98 
249775.11 
249775.24 
249775.37 
249775.50 
249775.62 
249775.75 
249775.88 
249776.01 
249776.14 
249776.26 
249776.38 
249776.51 
249776.64 
249776.78 
249776.91 
249777.04 
249777.16 
249777.29 
249777.42 
249777.55 
249777.67 
249777.80 
249777.93 
249778.06 
249778.19 
249778.32 
249778.44 
249778.57 
249778.69 
249778.82 
249778.95 
249779.07 
249779.20 
249779.33 
249779.45 
249779.58 
249779.71 
249779.84 
249779.96 
249780.09 
249780.22 
249780.35 
249780.47 
249780.60 
249780.73 
249780.85 
249780.98 
249781.11 
249781.24 
249781.37 
249781.49 
249781.62 
249781.75 
249781.88 
249782.01 
249782.14 
249782.27 
249782.39 
249782.52 
249782.65 
249782.77 
249782.90 
249783.03 
249783.16 
249783.29 
249783.41 
249783.54 
249783.67 
249783.80 
249783.93 
249784.05 
249784.18 
249784.31 
249784.44 
249784.57 
249784.69 
249784.80 
249784.93 
249785.06 
249785.19 
249785.32 
249785.45 
249785.57 
249785.70 
249785.82 
249785.94 
249786.09 
249786.21 
249786.34 
249786.47 
249786.57 
249786.68 
249786.79 
249786.90 
249787.04 
249787.15 
249787.26 
249787.39 
249787.52 
249787.65 
249787.79 
249787.92 
249788.05 
249788.18 
249788.32 
249788.46 
249788.58 
249788.71 
249788.83 
249788.96 
249789.09 
249789.23 
249789.36 
249789.49 
249789.63 
249789.76 
249789.89 
249790.03 
249790.16 
249790.29 
249790.42 
249790.54 
249790.68 
249790.81 
249790.95 
249791.07 
249791.20 
249791.33 
249791.46 
249791.60 
249791.73 
249791.85 
249791.99 
249792.11 
249792.24 
249792.39 
249792.53 
249792.66 
249792.79 
249792.92 
249793.04 
249793.17 
249793.31 
249793.44 
249793.57 
249793.70 
249793.82 
249793.96 
249794.10 
249794.23 
249794.38 
249794.51 
249794.65 
249794.77 
249794.90 
249795.04 
249795.17 
249795.31 
249795.44 
249795.57 
249795.70 
249795.83 
249795.96 
249796.08 
249796.21 
249796.35 
249796.48 
249796.60 
249796.74 
249796.88 
249797.01 
249797.14 
249797.28 
249797.41 
249797.54 
249797.68 
249797.81 
249797.95 
249798.09 
249798.21 
249798.35 
249798.48 
249798.62 
249798.76 
249798.90 
249799.04 
249799.17 
249799.29 
249799.43 
249799.57 
249799.70 
249799.82 
249799.96 
249800.09 
249800.21 
249800.34 
249800.47 
249800.59 
249800.72 
249800.85 
249800.98 
249801.12 
249801.25 
249801.37 
249801.51 
249801.65 
249801.78 
249801.92 
249802.05 
249802.17 
249802.31 
249802.43 
249802.57 
249802.69 
249802.82 
249802.94 
249803.08 
249803.21 
249803.33 
249803.47 
249803.60 
249803.74 
249803.88 
249804.00 
249804.13 
249804.27 
249804.40 
249804.53 
249804.66 
249804.80 
249804.93 
249805.07 
249805.21 
249805.36 
249805.49 
249805.62 
249805.74 
249805.88 
249806.02 
249806.15 
249806.28 
249806.40 
249806.54 
249806.68 
249806.80 
249806.92 
249807.04 
249807.17 
249807.31 
249807.44 
249807.57 
249807.70 
249807.84 
249807.98 
249808.12 
249808.26 
249808.39 
249808.52 
249808.64 
249808.76 
249808.90 
249809.03 
249809.15 
249809.28 
249809.41 
249809.54 
249809.67 
249809.80 
249809.94 
249810.07 
249810.21 
249810.35 
249810.49 
249810.63 
249810.76 
249810.90 
249811.03 
249811.17 
249811.31 
249811.45 
249811.57 
249811.70 
249811.83 
249811.96 
249812.10 
249812.24 
249812.37 
249812.49 
249812.63 
249812.77 
249812.90 
249813.02 
249813.16 
249813.28 
249813.43 
249813.56 
249813.68 
249813.81 
249813.93 
249814.07 
249814.21 
249814.34 
249814.46 
249814.60 
249814.74 
249814.87 
249815.00 
249815.14 
249815.27 
249815.39 
249815.52 
249815.66 
249815.80 
249815.94 
249816.07 
249816.21 
249816.35 
249816.49 
249816.61 
249816.75 
249816.89 
249817.01 
249817.13 
249817.27 
249817.41 
249817.54 
249817.68 
249817.81 
249817.94 
249818.08 
249818.22 
249818.36 
249818.48 
249818.61 
249818.76 
249818.88 
249819.02 
249819.16 
249819.28 
249819.42 
249819.53 
249819.67 
249819.80 
249819.94 
249820.07 
249820.21 
249820.34 
249820.47 
249820.59 
249820.73 
249820.85 
249820.99 
249821.12 
249821.27 
249821.41 
249821.55 
249821.69 
249821.83 
249821.97 
249822.10 
249822.22 
249822.36 
249822.48 
249822.61 
249822.75 
249822.87 
249823.01 
249823.15 
249823.28 
249823.40 
249823.54 
249823.67 
249823.79 
249823.92 
249824.05 
249824.18 
249824.31 
249824.44 
249824.56 
249824.71 
249824.84 
249824.96 
249825.09 
249825.22 
249825.35 
249825.49 
249825.62 
249825.74 
249825.88 
249826.01 
249826.13 
249826.26 
249826.40 
249826.54 
249826.66 
249826.80 
249826.94 
249827.08 
249827.22 
249827.34 
249827.48 
249827.60 
249827.73 
249827.87 
249828.00 
249828.14 
249828.28 
249828.40 
249828.53 
249828.66 
249828.81 
249828.93 
249829.06 
249829.20 
249829.34 
249829.46 
249829.59 
249829.72 
249829.84 
249829.97 
249830.09 
249830.23 
249830.36 
249830.50 
249830.64 
249830.77 
249830.91 
249831.04 
249831.17 
249831.30 
249831.44 
249831.57 
249831.69 
249831.83 
249831.97 
249832.10 
249832.24 
249832.37 
249832.49 
249832.63 
249832.76 
249832.88 
249833.01 
249833.15 
249833.29 
249833.41 
249833.55 
249833.70 
249833.83 
249833.95 
249834.08 
249834.22 
249834.36 
249834.50 
249834.63 
249834.75 
249834.89 
249835.03 
249835.15 
249835.28 
249835.41 
249835.54 
249835.67 
249835.79 
249835.92 
249836.05 
249836.17 
249836.31 
249836.45 
249836.58 
249836.71 
249836.85 
249836.99 
249837.12 
249837.25 
249837.38 
249837.50 
249837.63 
249837.77 
249837.89 
249838.03 
249838.16 
249838.29 
249838.41 
249838.55 
249838.67 
249838.80 
249838.93 
249839.06 
249839.19 
249839.31 
249839.45 
249839.57 
249839.70 
249839.84 
249839.97 
249840.10 
249840.23 
249840.37 
249840.51 
249840.64 
249840.77 
249840.90 
249841.02 
249841.16 
249841.30 
249841.44 
249841.57 
249841.70 
249841.83 
249841.96 
249842.10 
249842.23 
249842.36 
249842.48 
249842.62 
249842.76 
249842.88 
249843.02 
249843.16 
249843.28 
249843.41 
249843.55 
249843.69 
249843.83 
249843.97 
249844.11 
249844.24 
249844.38 
249844.52 
249844.65 
249844.77 
249844.89 
249845.02 
249845.16 
249845.28 
249845.42 
249845.56 
249845.70 
249845.84 
249845.97 
249846.09 
249846.23 
249846.37 
249846.50 
249846.63 
249846.75 
249846.88 
249847.01 
249847.14 
249847.28 
249847.41 
249847.56 
249847.68 
249847.80 
249847.93 
249848.07 
249848.21 
249848.35 
249848.49 
249848.63 
249848.76 
249848.88 
249849.02 
249849.14 
249849.27 
249849.40 
249849.52 
249849.65 
249849.78 
249849.90 
249850.04 
249850.16 
249850.29 
249850.42 
249850.54 
249850.68 
249850.81 
249850.93 
249851.07 
249851.20 
249851.34 
249851.48 
249851.62 
249851.75 
249851.87 
249852.00 
249852.14 
249852.28 
249852.42 
249852.55 
249852.69 
249852.82 
249852.94 
249853.08 
249853.20 
249853.34 
249853.48 
249853.60 
249853.73 
249853.87 
249854.00 
249854.13 
249854.26 
249854.39 
249854.53 
249854.67 
249854.81 
249854.93 
249855.06 
249855.19 
249855.31 
249855.45 
249855.57 
249855.71 
249855.84 
249855.98 
249856.12 
249856.24 
249856.37 
249856.49 
249856.63 
249856.77 
249856.90 
249857.04 
249857.18 
249857.32 
249857.44 
249857.57 
249857.70 
249857.84 
249857.97 
249858.10 
249858.23 
249858.35 
249858.50 
249858.64 
249858.78 
249858.92 
249859.04 
249859.17 
249859.30 
249859.43 
249859.55 
249859.68 
249859.81 
249859.93 
249860.07 
249860.21 
249860.35 
249860.48 
249860.61 
249860.73 
249860.87 
249860.98 
249861.10 
249861.23 
249861.36 
249861.48 
249861.61 
249861.74 
249861.87 
249861.99 
249862.12 
249862.26 
249862.39 
249862.52 
249862.65 
249862.78 
249862.90 
249863.03 
249863.16 
249863.29 
249863.42 
249863.55 
249863.67 
249863.80 
249863.93 
249864.05 
249864.18 
249864.31 
249864.44 
249864.57 
249864.69 
249864.82 
249864.95 
249865.10 
249865.23 
249865.37 
249865.49 
249865.62 
249865.75 
249865.87 
249866.00 
249866.13 
249866.26 
249866.39 
249866.52 
249866.64 
249866.77 
249866.90 
249867.02 
249867.15 
249867.28 
249867.40 
249867.53 
249867.66 
249867.79 
249867.91 
249868.04 
249868.17 
249868.29 
249868.41 
249868.53 
249868.66 
249868.78 
249868.89 
249869.02 
249869.15 
249869.27 
249869.40 
249869.53 
249869.66 
249869.79 
249869.92 
249870.05 
249870.17 
249870.30 
249870.43 
249870.56 
249870.68 
249870.81 
249870.94 
249871.07 
249871.20 
249871.33 
249871.45 
249871.58 
249871.71 
249871.84 
249871.96 
249872.09 
249872.22 
249872.35 
249872.47 
249872.60 
249872.73 
249872.86 
249872.99 
249873.12 
249873.24 
249873.37 
249873.50 
249873.63 
249873.75 
249873.88 
249874.01 
249874.14 
249874.27 
249874.40 
249874.53 
249874.65 
249874.78 
249874.91 
249875.04 
249875.16 
249875.29 
249875.42 
249875.55 
249875.68 
249875.80 
249875.93 
249876.06 
249876.19 
249876.31 
249876.44 
249876.57 
249876.69 
249876.82 
249876.95 
249877.08 
249877.21 
249877.33 
249877.46 
249877.59 
249877.72 
249877.84 
249877.96 
249878.09 
249878.22 
249878.35 
249878.47 
249878.60 
249878.72 
249878.85 
249878.98 
249879.11 
249879.24 
249879.37 
249879.49 
249879.62 
249879.75 
249879.88 
249880.00 
249880.13 
249880.26 
249880.39 
249880.52 
249880.65 
249880.78 
249880.90 
249881.03 
249881.15 
249881.28 
249881.40 
249881.53 
249881.66 
249881.79 
249881.92 
249882.04 
249882.17 
249882.30 
249882.43 
249882.55 
249882.68 
249882.80 
249882.93 
249883.06 
249883.18 
249883.31 
249883.43 
249883.56 
249883.69 
249883.81 
249883.94 
249884.07 
249884.19 
249884.31 
249884.43 
249884.55 
249884.68 
249884.81 
249884.94 
249885.07 
249885.20 
249885.33 
249885.45 
249885.58 
249885.70 
249885.83 
249885.96 
249886.09 
249886.21 
249886.34 
249886.47 
249886.60 
249886.72 
249886.85 
249886.98 
249887.11 
249887.25 
249887.39 
249887.52 
249887.65 
249887.78 
249887.91 
249888.04 
249888.17 
249888.29 
249888.42 
249888.55 
249888.68 
249888.81 
249888.93 
249889.06 
249889.19 
249889.31 
249889.44 
249889.57 
249889.70 
249889.83 
249889.95 
249890.07 
249890.21 
249890.33 
249890.46 
249890.59 
249890.72 
249890.85 
249890.97 
249891.10 
249891.23 
249891.36 
249891.48 
249891.61 
249891.74 
249891.87 
249892.00 
249892.13 
249892.25 
249892.38 
249892.51 
249892.64 
249892.76 
249892.89 
249893.02 
249893.15 
249893.28 
249893.41 
249893.53 
249893.66 
249893.79 
249893.92 
249894.04 
249894.18 
249894.31 
249894.44 
249894.57 
249894.69 
249894.82 
249894.94 
249895.07 
249895.20 
249895.32 
249895.45 
249895.58 
249895.71 
249895.83 
249895.96 
249896.09 
249896.22 
249896.35 
249896.48 
249896.60 
249896.73 
249896.86 
249896.99 
249897.12 
249897.24 
249897.37 
249897.49 
249897.62 
249897.75 
249897.88 
249898.00 
249898.13 
249898.26 
249898.39 
249898.52 
249898.65 
249898.77 
249898.90 
249899.03 
249899.16 
249899.28 
249899.41 
249899.54 
249899.66 
249899.78 
249899.90 
249900.02 
249900.15 
249900.28 
249900.41 
249900.53 
249900.66 
249900.79 
249900.91 
249901.04 
249901.17 
249901.29 
249901.42 
249901.55 
249901.68 
249901.80 
249901.92 
249902.05 
249902.18 
249902.31 
249902.43 
249902.56 
249902.69 
249902.81 
249902.94 
249903.07 
249903.20 
249903.33 
249903.45 
249903.58 
249903.71 
249903.84 
249903.96 
249904.09 
249904.22 
249904.35 
249904.48 
249904.60 
249904.73 
249904.86 
249904.98 
249905.11 
249905.24 
249905.37 
249905.49 
249905.62 
249905.75 
249905.88 
249906.01 
249906.14 
249906.27 
249906.40 
249906.52 
249906.65 
249906.78 
249906.91 
249907.03 
249907.16 
249907.29 
249907.42 
249907.55 
249907.68 
249907.80 
249907.93 
249908.06 
249908.19 
249908.32 
249908.45 
249908.57 
249908.70 
249908.82 
249908.95 
249909.08 
249909.21 
249909.33 
249909.46 
249909.59 
249909.72 
249909.85 
249909.98 
249910.10 
249910.23 
249910.36 
249910.48 
249910.61 
249910.74 
249910.86 
249910.99 
249911.11 
249911.24 
249911.37 
249911.50 
249911.62 
249911.75 
249911.88 
249912.01 
249912.13 
249912.26 
249912.39 
249912.52 
249912.64 
249912.77 
249912.90 
249913.02 
249913.15 
249913.27 
249913.40 
249913.53 
249913.65 
249913.78 
249913.90 
249914.03 
249914.15 
249914.28 
249914.41 
249914.54 
249914.66 
249914.79 
249914.92 
249915.04 
249915.17 
249915.30 
249915.44 
249915.57 
249915.69 
249915.82 
249915.95 
249916.07 
249916.20 
249916.33 
249916.46 
249916.59 
249916.72 
249916.84 
249916.97 
249917.09 
249917.22 
249917.34 
249917.47 
249917.59 
249917.72 
249917.85 
249917.97 
249918.09 
249918.22 
249918.35 
249918.48 
249918.60 
249918.73 
249918.86 
249918.98 
249919.11 
249919.24 
249919.37 
249919.50 
249919.63 
249919.75 
249919.88 
249920.00 
249920.13 
249920.26 
249920.39 
249920.51 
249920.64 
249920.77 
249920.90 
249921.02 
249921.15 
249921.28 
249921.40 
249921.53 
249921.66 
249921.79 
249921.91 
249922.04 
249922.16 
249922.29 
249922.41 
249922.55 
249922.68 
249922.81 
249922.94 
249923.06 
249923.19 
249923.32 
249923.44 
249923.56 
249923.69 
249923.81 
249923.94 
249924.07 
249924.20 
249924.33 
249924.45 
249924.58 
249924.71 
249924.85 
249924.98 
249925.11 
249925.24 
249925.37 
249925.50 
249925.63 
249925.75 
249925.88 
249926.00 
249926.13 
249926.25 
249926.38 
249926.50 
249926.63 
249926.76 
249926.88 
249927.01 
249927.14 
249927.27 
249927.40 
249927.52 
249927.65 
249927.79 
249927.92 
249928.05 
249928.17 
249928.30 
249928.43 
249928.55 
249928.68 
249928.80 
249928.94 
249929.07 
249929.19 
249929.32 
249929.45 
249929.57 
249929.70 
249929.83 
249929.96 
249930.08 
249930.21 
249930.34 
249930.46 
249930.59 
249930.71 
249930.83 
249930.95 
249931.08 
249931.21 
249931.34 
249931.47 
249931.60 
249931.73 
249931.85 
249931.98 
249932.11 
249932.24 
249932.37 
249932.49 
249932.62 
249932.75 
249932.88 
249933.00 
249933.13 
249933.26 
249933.38 
249933.51 
249933.64 
249933.77 
249933.90 
249934.02 
249934.15 
249934.28 
249934.41 
249934.54 
249934.66 
249934.79 
249934.92 
249935.04 
249935.16 
249935.29 
249935.42 
249935.54 
249935.67 
249935.80 
249935.93 
249936.05 
249936.18 
249936.31 
249936.44 
249936.57 
249936.70 
249936.82 
249936.95 
249937.08 
249937.20 
249937.33 
249937.45 
249937.58 
249937.71 
249937.84 
249937.96 
249938.09 
249938.22 
249938.35 
249938.48 
249938.60 
249938.74 
249938.87 
249938.99 
249939.12 
249939.25 
249939.38 
249939.51 
249939.64 
249939.76 
249939.89 
249940.02 
249940.15 
249940.27 
249940.40 
249940.53 
249940.66 
249940.79 
249940.92 
249941.04 
249941.17 
249941.30 
249941.43 
249941.56 
249941.68 
249941.81 
249941.95 
249942.07 
249942.20 
249942.32 
249942.45 
249942.58 
249942.70 
249942.83 
249942.96 
249943.08 
249943.21 
249943.34 
249943.46 
249943.58 
249943.71 
249943.84 
249943.95 
249944.09 
249944.22 
249944.35 
249944.48 
249944.60 
249944.73 
249944.86 
249944.99 
249945.12 
249945.24 
249945.37 
249945.50 
249945.63 
249945.75 
249945.88 
249946.01 
249946.13 
249946.25 
249946.38 
249946.51 
249946.64 
249946.76 
249946.89 
249947.02 
249947.14 
249947.27 
249947.40 
249947.53 
249947.66 
249947.78 
249947.91 
249948.04 
249948.17 
249948.30 
249948.42 
249948.55 
249948.68 
249948.81 
249948.94 
249949.06 
249949.19 
249949.32 
249949.45 
249949.57 
249949.70 
249949.83 
249949.96 
249950.09 
249950.22 
249950.35 
249950.47 
249950.60 
249950.72 
249950.85 
249950.98 
249951.11 
249951.24 
249951.37 
249951.49 
249951.62 
249951.75 
249951.87 
249952.00 
249952.13 
249952.25 
249952.38 
249952.51 
249952.64 
249952.76 
249952.89 
249953.01 
249953.14 
249953.27 
249953.39 
249953.52 
249953.64 
249953.78 
249953.91 
249954.04 
249954.19 
249954.31 
249954.45 
249954.57 
249954.70 
249954.84 
249954.97 
249955.09 
249955.22 
249955.35 
249955.48 
249955.61 
249955.73 
249955.86 
249955.98 
249956.12 
249956.25 
249956.38 
249956.50 
249956.63 
249956.76 
249956.89 
249957.02 
249957.15 
249957.27 
249957.40 
249957.53 
249957.66 
249957.78 
249957.91 
249958.04 
249958.17 
249958.29 
249958.42 
249958.55 
249958.68 
249958.81 
249958.93 
249959.06 
249959.19 
249959.31 
249959.44 
249959.57 
249959.70 
249959.83 
249959.95 
249960.08 
249960.21 
249960.33 
249960.46 
249960.59 
249960.72 
249960.85 
249960.97 
249961.10 
249961.23 
249961.35 
249961.47 
249961.59 
249961.71 
249961.84 
249961.96 
249962.09 
249962.22 
249962.34 
249962.47 
249962.60 
249962.73 
249962.85 
249962.98 
249963.10 
249963.23 
249963.36 
249963.48 
249963.61 
249963.73 
249963.86 
249963.99 
249964.12 
249964.25 
249964.38 
249964.50 
249964.63 
249964.76 
249964.88 
249965.01 
249965.14 
249965.26 
249965.39 
249965.52 
249965.65 
249965.77 
249965.90 
249966.03 
249966.16 
249966.28 
249966.41 
249966.54 
249966.68 
249966.81 
249966.94 
249967.07 
249967.20 
249967.33 
249967.46 
249967.59 
249967.72 
249967.85 
249967.97 
249968.10 
249968.23 
249968.36 
249968.49 
249968.61 
249968.74 
249968.89 
249969.02 
249969.14 
249969.27 
249969.40 
249969.52 
249969.65 
249969.79 
249969.93 
249970.05 
249970.18 
249970.31 
249970.44 
249970.56 
249970.68 
249970.81 
249970.94 
249971.07 
249971.19 
249971.32 
249971.45 
249971.59 
249971.73 
249971.86 
249971.99 
249972.11 
249972.24 
249972.36 
249972.49 
249972.62 
249972.75 
249972.88 
249973.00 
249973.13 
249973.26 
249973.38 
249973.51 
249973.63 
249973.76 
249973.88 
249974.01 
249974.14 
249974.27 
249974.40 
249974.53 
249974.65 
249974.78 
249974.91 
249975.04 
249975.16 
249975.29 
249975.42 
249975.55 
249975.68 
249975.80 
249975.93 
249976.06 
249976.19 
249976.31 
249976.45 
249976.57 
249976.70 
249976.83 
249976.95 
249977.07 
249977.20 
249977.32 
249977.45 
249977.58 
249977.71 
249977.84 
249977.97 
249978.09 
249978.22 
249978.35 
249978.48 
249978.60 
249978.73 
249978.85 
249978.98 
249979.11 
249979.24 
249979.37 
249979.50 
249979.63 
249979.75 
249979.88 
249980.02 
249980.15 
249980.28 
249980.41 
249980.53 
249980.66 
249980.79 
249980.92 
249981.04 
249981.17 
249981.30 
249981.43 
249981.56 
249981.68 
249981.81 
249981.94 
249982.07 
249982.20 
249982.33 
249982.46 
249982.58 
249982.71 
249982.83 
249982.96 
249983.09 
249983.21 
249983.34 
249983.46 
249983.59 
249983.72 
249983.84 
249983.97 
249984.10 
249984.23 
249984.36 
249984.49 
249984.62 
249984.74 
249984.87 
249985.00 
249985.13 
249985.26 
249985.38 
249985.51 
249985.64 
249985.77 
249985.89 
249986.02 
249986.15 
249986.28 
249986.41 
249986.53 
249986.66 
249986.79 
249986.92 
249987.05 
249987.20 
249987.33 
249987.45 
249987.58 
249987.71 
249987.84 
249987.96 
249988.09 
249988.23 
249988.36 
249988.49 
249988.61 
249988.74 
249988.87 
249989.00 
249989.12 
249989.25 
249989.38 
249989.50 
249989.63 
249989.75 
249989.88 
249990.01 
249990.14 
249990.26 
249990.39 
249990.52 
249990.65 
249990.78 
249990.90 
249991.03 
249991.16 
249991.29 
249991.41 
249991.54 
249991.67 
249991.80 
249991.93 
249992.06 
249992.18 
249992.32 
249992.45 
249992.58 
249992.70 
249992.83 
249992.96 
249993.09 
249993.21 
249993.34 
249993.47 
249993.59 
249993.72 
249993.85 
249993.97 
249994.10 
249994.23 
249994.36 
249994.49 
249994.61 
249994.75 
249994.87 
249995.00 
249995.12 
249995.25 
249995.38 
249995.50 
249995.63 
249995.76 
249995.88 
249996.01 
249996.14 
249996.27 
249996.40 
249996.52 
249996.65 
249996.78 
249996.91 
249997.03 
249997.16 
249997.29 
249997.41 
249997.54 
249997.67 
249997.82 
249997.94 
249998.07 
249998.20 
249998.33 
249998.45 
249998.58 
249998.71 
249998.83 
249998.96 
249999.08 
249999.21 
249999.34 
249999.47 
249999.60 
249999.72 
249999.85 
249999.98 
250000.11 
250000.24 
250000.36 
250000.49 
250000.62 
250000.75 
250000.87 
250001.00 
250001.12 
250001.25 
250001.38 
250001.51 
250001.64 
250001.76 
250001.89 
250002.01 
250002.14 
250002.27 
250002.40 
250002.53 
250002.65 
250002.78 
250002.91 
250003.04 
250003.16 
250003.29 
250003.42 
250003.55 
250003.67 
250003.80 
250003.93 
250004.06 
250004.18 
250004.31 
250004.44 
250004.57 
250004.69 
250004.82 
250004.95 
250005.08 
250005.21 
250005.34 
250005.46 
250005.59 
250005.73 
250005.86 
250005.99 
250006.12 
250006.25 
250006.37 
250006.50 
250006.63 
250006.77 
250006.90 
250007.03 
250007.15 
250007.28 
250007.41 
250007.54 
250007.66 
250007.79 
250007.92 
250008.04 
250008.17 
250008.30 
250008.42 
250008.55 
250008.68 
250008.80 
250008.93 
250009.06 
250009.19 
250009.31 
250009.44 
250009.57 
250009.70 
250009.83 
250009.96 
250010.09 
250010.21 
250010.34 
250010.47 
250010.60 
250010.73 
250010.85 
250010.98 
250011.13 
250011.26 
250011.38 
250011.51 
250011.64 
250011.76 
250011.89 
250012.02 
250012.14 
250012.27 
250012.39 
250012.52 
250012.65 
250012.77 
250012.90 
250013.03 
250013.16 
250013.29 
250013.41 
250013.54 
250013.67 
250013.80 
250013.93 
250014.05 
250014.18 
250014.31 
250014.44 
250014.56 
250014.69 
250014.83 
250014.96 
250015.08 
250015.21 
250015.34 
250015.47 
250015.59 
250015.72 
250015.85 
250015.98 
250016.10 
250016.23 
250016.36 
250016.49 
250016.62 
250016.75 
250016.88 
250017.00 
250017.13 
250017.26 
250017.39 
250017.52 
250017.65 
250017.77 
250017.90 
250018.03 
250018.16 
250018.28 
250018.41 
250018.54 
250018.67 
250018.80 
250018.93 
250019.05 
250019.18 
250019.31 
250019.44 
250019.56 
250019.69 
250019.82 
250019.95 
250020.08 
250020.20 
250020.33 
250020.46 
250020.58 
250020.71 
250020.84 
250020.97 
250021.09 
250021.22 
250021.35 
250021.47 
250021.60 
250021.72 
250021.85 
250021.99 
250022.12 
250022.25 
250022.37 
250022.50 
250022.63 
250022.76 
250022.89 
250023.01 
250023.14 
250023.26 
250023.38 
250023.52 
250023.65 
250023.77 
250023.90 
250024.03 
250024.16 
250024.28 
250024.41 
250024.54 
250024.67 
250024.81 
250024.94 
250025.07 
250025.19 
250025.32 
250025.44 
250025.57 
250025.70 
250025.83 
250025.96 
250026.08 
250026.21 
250026.34 
250026.47 
250026.60 
250026.73 
250026.85 
250026.98 
250027.11 
250027.24 
250027.37 
250027.49 
250027.62 
250027.75 
250027.87 
250028.00 
250028.12 
250028.25 
250028.37 
250028.50 
250028.63 
250028.76 
250028.89 
250029.03 
250029.16 
250029.29 
250029.41 
250029.54 
250029.67 
250029.80 
250029.93 
250030.06 
250030.18 
250030.31 
250030.44 
250030.57 
250030.69 
250030.82 
250030.95 
250031.08 
250031.21 
250031.34 
250031.47 
250031.59 
250031.72 
250031.85 
250031.97 
250032.10 
250032.23 
250032.36 
250032.48 
250032.61 
250032.75 
250032.90 
250033.03 
250033.15 
250033.28 
250033.41 
250033.53 
250033.66 
250033.81 
250033.93 
250034.06 
250034.18 
250034.31 
250034.44 
250034.56 
250034.69 
250034.82 
250034.95 
250035.08 
250035.21 
250035.33 
250035.46 
250035.59 
250035.72 
250035.85 
250035.98 
250036.11 
250036.24 
250036.36 
250036.49 
250036.62 
250036.75 
250036.88 
250037.00 
250037.13 
250037.26 
250037.39 
250037.52 
250037.65 
250037.77 
250037.90 
250038.03 
250038.15 
250038.28 
250038.41 
250038.54 
250038.66 
250038.80 
250038.92 
250039.06 
250039.18 
250039.31 
250039.44 
250039.56 
250039.69 
250039.82 
250039.95 
250040.08 
250040.20 
250040.33 
250040.46 
250040.59 
250040.72 
250040.84 
250040.97 
250041.10 
250041.22 
250041.35 
250041.48 
250041.61 
250041.74 
250041.87 
250041.99 
250042.12 
250042.25 
250042.38 
250042.50 
250042.63 
250042.75 
250042.88 
250043.01 
250043.13 
250043.26 
250043.38 
250043.51 
250043.64 
250043.77 
250043.90 
250044.02 
250044.15 
250044.28 
250044.41 
250044.54 
250044.67 
250044.80 
250044.93 
250045.05 
250045.18 
250045.31 
250045.44 
250045.57 
250045.69 
250045.82 
250045.95 
250046.08 
250046.20 
250046.33 
250046.46 
250046.59 
250046.72 
250046.85 
250046.97 
250047.10 
250047.23 
250047.36 
250047.48 
250047.61 
250047.74 
250047.87 
250048.00 
250048.13 
250048.25 
250048.38 
250048.51 
250048.63 
250048.76 
250048.91 
250049.04 
250049.16 
250049.29 
250049.42 
250049.55 
250049.68 
250049.80 
250049.94 
250050.07 
250050.19 
250050.33 
250050.46 
250050.59 
250050.72 
250050.85 
250050.97 
250051.10 
250051.22 
250051.35 
250051.48 
250051.61 
250051.74 
250051.87 
250051.99 
250052.12 
250052.25 
250052.38 
250052.51 
250052.64 
250052.76 
250052.89 
250053.02 
250053.15 
250053.27 
250053.40 
250053.53 
250053.66 
250053.79 
250053.92 
250054.04 
250054.17 
250054.28 
250054.41 
250054.53 
250054.66 
250054.79 
250054.92 
250055.05 
250055.18 
250055.30 
250055.43 
250055.56 
250055.69 
250055.82 
250055.95 
250056.08 
250056.20 
250056.33 
250056.46 
250056.59 
250056.72 
250056.85 
250056.97 
250057.10 
250057.23 
250057.35 
250057.48 
250057.61 
250057.74 
250057.87 
250058.00 
250058.13 
250058.25 
250058.38 
250058.51 
250058.64 
250058.76 
250058.89 
250059.02 
250059.15 
250059.28 
250059.40 
250059.53 
250059.66 
250059.79 
250059.91 
250060.04 
250060.17 
250060.29 
250060.42 
250060.55 
250060.68 
250060.80 
250060.93 
250061.06 
250061.18 
250061.31 
250061.43 
250061.56 
250061.69 
250061.81 
250061.94 
250062.07 
250062.19 
250062.32 
250062.45 
250062.57 
250062.70 
250062.83 
250062.96 
250063.08 
250063.21 
250063.34 
250063.47 
250063.59 
250063.72 
250063.85 
250063.97 
250064.10 
250064.22 
250064.35 
250064.47 
250064.60 
250064.73 
250064.85 
250064.98 
250065.11 
250065.24 
250065.36 
250065.49 
250065.62 
250065.75 
250065.88 
250066.01 
250066.13 
250066.26 
250066.39 
250066.52 
250066.65 
250066.79 
250066.92 
250067.05 
250067.18 
250067.30 
250067.43 
250067.56 
250067.68 
250067.81 
250067.95 
250068.07 
250068.20 
250068.33 
250068.45 
250068.58 
250068.71 
250068.84 
250068.97 
250069.09 
250069.22 
250069.35 
250069.48 
250069.60 
250069.72 
250069.84 
250069.97 
250070.10 
250070.22 
250070.35 
250070.47 
250070.60 
250070.73 
250070.86 
250070.98 
250071.11 
250071.24 
250071.37 
250071.49 
250071.62 
250071.75 
250071.88 
250072.01 
250072.14 
250072.26 
250072.39 
250072.52 
250072.65 
250072.77 
250072.90 
250073.03 
250073.16 
250073.28 
250073.41 
250073.54 
250073.67 
250073.80 
250073.93 
250074.06 
250074.18 
250074.31 
250074.44 
250074.57 
250074.70 
250074.83 
250074.95 
250075.08 
250075.21 
250075.34 
250075.46 
250075.59 
250075.72 
250075.85 
250075.98 
250076.10 
250076.23 
250076.36 
250076.49 
250076.61 
250076.74 
250076.87 
250077.00 
250077.13 
250077.25 
250077.38 
250077.51 
250077.64 
250077.76 
250077.89 
250078.02 
250078.15 
250078.28 
250078.41 
250078.54 
250078.66 
250078.79 
250078.92 
250079.05 
250079.17 
250079.30 
250079.43 
250079.56 
250079.69 
250079.81 
250079.94 
250080.07 
250080.20 
250080.33 
250080.46 
250080.58 
250080.71 
250080.84 
250080.97 
250081.10 
250081.22 
250081.35 
250081.48 
250081.61 
250081.74 
250081.87 
250082.00 
250082.12 
250082.25 
250082.38 
250082.51 
250082.63 
250082.76 
250082.89 
250083.02 
250083.15 
250083.27 
250083.40 
250083.53 
250083.66 
250083.79 
250083.92 
250084.05 
250084.17 
250084.30 
250084.43 
250084.56 
250084.69 
250084.81 
250084.94 
250085.07 
250085.18 
250085.30 
250085.42 
250085.55 
250085.68 
250085.81 
250085.93 
250086.06 
250086.19 
250086.31 
250086.44 
250086.56 
250086.69 
250086.82 
250086.95 
250087.08 
250087.21 
250087.33 
250087.46 
250087.59 
250087.72 
250087.85 
250087.97 
250088.10 
250088.22 
250088.34 
250088.48 
250088.61 
250088.74 
250088.86 
250088.99 
250089.12 
250089.25 
250089.38 
250089.51 
250089.66 
250089.78 
250089.91 
250090.03 
250090.16 
250090.29 
250090.42 
250090.54 
250090.67 
250090.80 
250090.94 
250091.07 
250091.20 
250091.32 
250091.45 
250091.58 
250091.71 
250091.83 
250091.96 
250092.08 
250092.21 
250092.34 
250092.47 
250092.60 
250092.73 
250092.86 
250092.98 
250093.11 
250093.24 
250093.37 
250093.49 
250093.62 
250093.75 
250093.88 
250094.01 
250094.14 
250094.26 
250094.38 
250094.52 
250094.65 
250094.78 
250094.91 
250095.04 
250095.16 
250095.29 
250095.42 
250095.55 
250095.67 
250095.80 
250095.93 
250096.06 
250096.18 
250096.31 
250096.44 
250096.57 
250096.70 
250096.82 
250096.95 
250097.08 
250097.21 
250097.33 
250097.46 
250097.59 
250097.72 
250097.85 
250097.98 
250098.11 
250098.24 
250098.36 
250098.49 
250098.62 
250098.75 
250098.87 
250099.00 
250099.13 
250099.26 
250099.38 
250099.51 
250099.64 
250099.76 
250099.89 
250100.02 
250100.15 
250100.28 
250100.40 
250100.53 
250100.66 
250100.78 
250100.91 
250101.05 
250101.18 
250101.31 
250101.44 
250101.56 
250101.69 
250101.81 
250101.94 
250102.07 
250102.19 
250102.32 
250102.45 
250102.57 
250102.70 
250102.82 
250102.95 
250103.08 
250103.21 
250103.33 
250103.46 
250103.58 
250103.71 
250103.84 
250103.96 
250104.09 
250104.21 
250104.34 
250104.47 
250104.59 
250104.72 
250104.85 
250104.98 
250105.10 
250105.23 
250105.36 
250105.48 
250105.61 
250105.74 
250105.87 
250106.00 
250106.13 
250106.25 
250106.38 
250106.51 
250106.64 
250106.76 
250106.89 
250107.02 
250107.14 
250107.27 
250107.40 
250107.53 
250107.66 
250107.78 
250107.91 
250108.04 
250108.17 
250108.29 
250108.42 
250108.55 
250108.68 
250108.80 
250108.93 
250109.06 
250109.19 
250109.31 
250109.44 
250109.57 
250109.69 
250109.82 
250109.95 
250110.08 
250110.20 
250110.33 
250110.46 
250110.59 
250110.72 
250110.85 
250110.97 
250111.10 
250111.23 
250111.35 
250111.48 
250111.61 
250111.75 
250111.88 
250112.00 
250112.13 
250112.26 
250112.38 
250112.51 
250112.64 
250112.76 
250112.89 
250113.02 
250113.15 
250113.28 
250113.40 
250113.53 
250113.66 
250113.79 
250113.92 
250114.05 
250114.17 
250114.30 
250114.43 
250114.56 
250114.68 
250114.81 
250114.95 
250115.07 
250115.20 
250115.34 
250115.46 
250115.59 
250115.72 
250115.85 
250115.98 
250116.10 
250116.23 
250116.34 
250116.46 
250116.59 
250116.72 
250116.85 
250116.97 
250117.10 
250117.23 
250117.35 
250117.48 
250117.61 
250117.73 
250117.86 
250117.99 
250118.11 
250118.24 
250118.36 
250118.49 
250118.61 
250118.74 
250118.87 
250119.00 
250119.13 
250119.25 
250119.38 
250119.51 
250119.64 
250119.77 
250119.89 
250120.02 
250120.15 
250120.28 
250120.41 
250120.53 
250120.66 
250120.79 
250120.92 
250121.05 
250121.17 
250121.29 
250121.42 
250121.54 
250121.67 
250121.80 
250121.93 
250122.06 
250122.18 
250122.31 
250122.44 
250122.57 
250122.71 
250122.84 
250122.96 
250123.09 
250123.22 
250123.35 
250123.47 
250123.60 
250123.74 
250123.87 
250123.99 
250124.12 
250124.25 
250124.38 
250124.50 
250124.62 
250124.75 
250124.88 
250125.01 
250125.14 
250125.27 
250125.39 
250125.52 
250125.64 
250125.77 
250125.89 
250126.02 
250126.15 
250126.28 
250126.40 
250126.53 
250126.66 
250126.79 
250126.92 
250127.06 
250127.19 
250127.32 
250127.45 
250127.57 
250127.70 
250127.83 
250127.96 
250128.09 
250128.21 
250128.34 
250128.46 
250128.59 
250128.71 
250128.84 
250128.97 
250129.09 
250129.21 
250129.33 
250129.46 
250129.59 
250129.72 
250129.85 
250129.97 
250130.10 
250130.23 
250130.36 
250130.48 
250130.61 
250130.74 
250130.87 
250131.00 
250131.13 
250131.25 
250131.38 
250131.51 
250131.64 
250131.75 
250131.87 
250132.00 
250132.12 
250132.25 
250132.38 
250132.51 
250132.63 
250132.76 
250132.88 
250133.01 
250133.14 
250133.27 
250133.40 
250133.53 
250133.66 
250133.79 
250133.92 
250134.04 
250134.17 
250134.30 
250134.43 
250134.56 
250134.68 
250134.81 
250134.94 
250135.06 
250135.19 
250135.32 
250135.45 
250135.58 
250135.71 
250135.84 
250135.97 
250136.09 
250136.22 
250136.35 
250136.47 
250136.60 
250136.73 
250136.86 
250136.99 
250137.11 
250137.24 
250137.37 
250137.49 
250137.62 
250137.75 
250137.88 
250138.01 
250138.14 
250138.27 
250138.39 
250138.52 
250138.65 
250138.78 
250138.91 
250139.04 
250139.17 
250139.31 
250139.44 
250139.56 
250139.69 
250139.82 
250139.95 
250140.08 
250140.20 
250140.33 
250140.46 
250140.59 
250140.72 
250140.84 
250140.97 
250141.11 
250141.24 
250141.37 
250141.49 
250141.62 
250141.75 
250141.88 
250142.01 
250142.14 
250142.26 
250142.39 
250142.52 
250142.65 
250142.77 
250142.90 
250143.03 
250143.16 
250143.29 
250143.43 
250143.56 
250143.68 
250143.81 
250143.94 
250144.07 
250144.20 
250144.33 
250144.45 
250144.58 
250144.71 
250144.84 
250144.97 
250145.09 
250145.22 
250145.36 
250145.48 
250145.61 
250145.74 
250145.87 
250146.00 
250146.12 
250146.25 
250146.38 
250146.51 
250146.64 
250146.76 
250146.89 
250147.01 
250147.13 
250147.26 
250147.37 
250147.49 
250147.62 
250147.74 
250147.87 
250148.00 
250148.12 
250148.25 
250148.38 
250148.51 
250148.64 
250148.76 
250148.89 
250149.02 
250149.15 
250149.28 
250149.40 
250149.53 
250149.65 
250149.78 
250149.91 
250150.04 
250150.17 
250150.30 
250150.42 
250150.55 
250150.68 
250150.80 
250150.93 
250151.06 
250151.19 
250151.31 
250151.44 
250151.57 
250151.69 
250151.82 
250151.94 
250152.07 
250152.20 
250152.33 
250152.46 
250152.58 
250152.71 
250152.84 
250152.96 
250153.09 
250153.22 
250153.35 
250153.48 
250153.61 
250153.74 
250153.86 
250153.99 
250154.12 
250154.25 
250154.37 
250154.50 
250154.63 
250154.76 
250154.89 
250155.01 
250155.14 
250155.27 
250155.40 
250155.54 
250155.67 
250155.80 
250155.92 
250156.05 
250156.18 
250156.30 
250156.43 
250156.56 
250156.68 
250156.81 
250156.94 
250157.07 
250157.20 
250157.32 
250157.45 
250157.58 
250157.71 
250157.84 
250157.97 
250158.10 
250158.23 
250158.36 
250158.49 
250158.61 
250158.74 
250158.87 
250159.00 
250159.13 
250159.26 
250159.38 
250159.51 
250159.64 
250159.77 
250159.90 
250160.03 
250160.16 
250160.28 
250160.41 
250160.54 
250160.67 
250160.80 
250160.92 
250161.05 
250161.18 
250161.31 
250161.44 
250161.56 
250161.69 
250161.82 
250161.95 
250162.08 
250162.20 
250162.33 
250162.46 
250162.59 
250162.71 
250162.83 
250162.96 
250163.08 
250163.21 
250163.34 
250163.46 
250163.59 
250163.72 
250163.85 
250163.97 
250164.10 
250164.23 
250164.36 
250164.49 
250164.62 
250164.75 
250164.87 
250165.00 
250165.13 
250165.25 
250165.38 
250165.51 
250165.66 
250165.80 
250165.93 
250166.05 
250166.18 
250166.30 
250166.44 
250166.57 
250166.69 
250166.84 
250166.97 
250167.09 
250167.22 
250167.35 
250167.48 
250167.61 
250167.74 
250167.87 
250168.00 
250168.13 
250168.25 
250168.38 
250168.51 
250168.63 
250168.76 
250168.89 
250169.01 
250169.15 
250169.29 
250169.41 
250169.54 
250169.67 
250169.80 
250169.93 
250170.06 
250170.18 
250170.31 
250170.44 
250170.57 
250170.69 
250170.82 
250170.95 
250171.08 
250171.21 
250171.34 
250171.47 
250171.59 
250171.72 
250171.85 
250171.97 
250172.10 
250172.23 
250172.36 
250172.49 
250172.62 
250172.74 
250172.87 
250173.00 
250173.13 
250173.26 
250173.38 
250173.51 
250173.64 
250173.77 
250173.90 
250174.03 
250174.15 
250174.28 
250174.40 
250174.53 
250174.66 
250174.79 
250174.92 
250175.05 
250175.18 
250175.31 
250175.43 
250175.56 
250175.69 
250175.81 
250175.94 
250176.07 
250176.20 
250176.33 
250176.45 
250176.58 
250176.71 
250176.84 
250176.96 
250177.09 
250177.22 
250177.35 
250177.48 
250177.61 
250177.74 
250177.86 
250177.98 
250178.11 
250178.23 
250178.36 
250178.48 
250178.60 
250178.73 
250178.86 
250178.98 
250179.11 
250179.24 
250179.37 
250179.50 
250179.63 
250179.75 
250179.88 
250180.01 
250180.14 
250180.27 
250180.40 
250180.53 
250180.65 
250180.78 
250180.91 
250181.03 
250181.16 
250181.29 
250181.41 
250181.53 
250181.66 
250181.79 
250181.92 
250182.05 
250182.17 
250182.30 
250182.43 
250182.56 
250182.68 
250182.81 
250182.94 
250183.06 
250183.19 
250183.33 
250183.46 
250183.58 
250183.71 
250183.84 
250183.96 
250184.09 
250184.22 
250184.35 
250184.49 
250184.62 
250184.74 
250184.87 
250184.99 
250185.12 
250185.25 
250185.37 
250185.50 
250185.63 
250185.76 
250185.88 
250186.01 
250186.14 
250186.27 
250186.40 
250186.52 
250186.65 
250186.77 
250186.90 
250187.03 
250187.16 
250187.29 
250187.41 
250187.54 
250187.67 
250187.80 
250187.93 
250188.06 
250188.18 
250188.31 
250188.44 
250188.57 
250188.69 
250188.82 
250188.95 
250189.08 
250189.20 
250189.33 
250189.45 
250189.58 
250189.71 
250189.84 
250189.96 
250190.09 
250190.22 
250190.36 
250190.49 
250190.61 
250190.74 
250190.87 
250191.00 
250191.13 
250191.25 
250191.38 
250191.50 
250191.63 
250191.76 
250191.88 
250192.01 
250192.14 
250192.27 
250192.40 
250192.53 
250192.65 
250192.78 
250192.91 
250193.04 
250193.16 
250193.29 
250193.42 
250193.54 
250193.66 
250193.79 
250193.92 
250194.05 
250194.17 
250194.30 
250194.43 
250194.56 
250194.68 
250194.81 
250194.94 
250195.07 
250195.19 
250195.32 
250195.45 
250195.57 
250195.70 
250195.83 
250195.96 
250196.09 
250196.22 
250196.35 
250196.46 
250196.59 
250196.72 
250196.86 
250196.98 
250197.11 
250197.24 
250197.36 
250197.49 
250197.62 
250197.75 
250197.88 
250198.00 
250198.13 
250198.26 
250198.39 
250198.52 
250198.65 
250198.77 
250198.90 
250199.02 
250199.15 
250199.27 
250199.40 
250199.53 
250199.66 
250199.79 
250199.91 
250200.04 
250200.16 
250200.29 
250200.42 
250200.55 
250200.68 
250200.81 
250200.93 
250201.06 
250201.19 
250201.31 
250201.43 
250201.56 
250201.69 
250201.81 
250201.94 
250202.07 
250202.20 
250202.33 
250202.45 
250202.57 
250202.70 
250202.83 
250202.96 
250203.08 
250203.21 
250203.34 
250203.47 
250203.60 
250203.72 
250203.85 
250203.98 
250204.12 
250204.25 
250204.38 
250204.50 
250204.63 
250204.76 
250204.88 
250205.01 
250205.14 
250205.27 
250205.40 
250205.52 
250205.65 
250205.78 
250205.91 
250206.04 
250206.17 
250206.31 
250206.44 
250206.57 
250206.69 
250206.82 
250206.95 
250207.07 
250207.20 
250207.32 
250207.45 
250207.58 
250207.70 
250207.83 
250207.96 
250208.09 
250208.21 
250208.34 
250208.47 
250208.60 
250208.72 
250208.85 
250208.97 
250209.09 
250209.22 
250209.34 
250209.47 
250209.60 
250209.73 
250209.85 
250209.98 
250210.12 
250210.25 
250210.38 
250210.50 
250210.63 
250210.76 
250210.89 
250211.01 
250211.14 
250211.27 
250211.40 
250211.52 
250211.65 
250211.77 
250211.90 
250212.03 
250212.16 
250212.29 
250212.41 
250212.54 
250212.66 
250212.79 
250212.92 
250213.05 
250213.18 
250213.30 
250213.43 
250213.56 
250213.69 
250213.81 
250213.94 
250214.07 
250214.20 
250214.32 
250214.45 
250214.58 
250214.71 
250214.83 
250214.95 
250215.08 
250215.20 
250215.33 
250215.45 
250215.58 
250215.71 
250215.84 
250215.96 
250216.09 
250216.22 
250216.35 
250216.48 
250216.61 
250216.73 
250216.86 
250216.99 
250217.12 
250217.24 
250217.37 
250217.49 
250217.62 
250217.75 
250217.87 
250218.00 
250218.14 
250218.26 
250218.39 
250218.52 
250218.65 
250218.77 
250218.90 
250219.03 
250219.16 
250219.29 
250219.41 
250219.54 
250219.66 
250219.79 
250219.92 
250220.05 
250220.17 
250220.30 
250220.43 
250220.56 
250220.68 
250220.81 
250220.94 
250221.07 
250221.19 
250221.32 
250221.45 
250221.58 
250221.71 
250221.84 
250221.96 
250222.09 
250222.22 
250222.35 
250222.48 
250222.60 
250222.73 
250222.86 
250222.99 
250223.11 
250223.24 
250223.37 
250223.50 
250223.63 
250223.76 
250223.88 
250224.01 
250224.14 
250224.27 
250224.39 
250224.52 
250224.64 
250224.76 
250224.89 
250225.02 
250225.15 
250225.28 
250225.40 
250225.53 
250225.66 
250225.79 
250225.92 
250226.05 
250226.17 
250226.30 
250226.43 
250226.55 
250226.68 
250226.81 
250226.94 
250227.07 
250227.20 
250227.33 
250227.47 
250227.59 
250227.71 
250227.84 
250227.96 
250228.09 
250228.22 
250228.35 
250228.48 
250228.60 
250228.73 
250228.86 
250228.99 
250229.11 
250229.24 
250229.37 
250229.49 
250229.64 
250229.77 
250229.89 
250230.02 
250230.15 
250230.28 
250230.41 
250230.54 
250230.66 
250230.79 
250230.92 
250231.05 
250231.18 
250231.30 
250231.43 
250231.56 
250231.69 
250231.81 
250231.94 
250232.07 
250232.20 
250232.32 
250232.45 
250232.57 
250232.70 
250232.82 
250232.95 
250233.07 
250233.20 
250233.33 
250233.46 
250233.60 
250233.72 
250233.85 
250233.98 
250234.10 
250234.23 
250234.36 
250234.48 
250234.61 
250234.74 
250234.87 
250234.99 
250235.12 
250235.25 
250235.38 
250235.50 
250235.63 
250235.76 
250235.89 
250236.01 
250236.14 
250236.27 
250236.40 
250236.52 
250236.65 
250236.78 
250236.91 
250237.04 
250237.16 
250237.29 
250237.42 
250237.55 
250237.68 
250237.81 
250237.93 
250238.08 
250238.20 
250238.33 
250238.46 
250238.58 
250238.71 
250238.84 
250238.97 
250239.09 
250239.22 
250239.34 
250239.48 
250239.61 
250239.73 
250239.88 
250239.99 
250240.12 
250240.24 
250240.37 
250240.49 
250240.62 
250240.75 
250240.88 
250241.01 
250241.13 
250241.26 
250241.39 
250241.52 
250241.65 
250241.77 
250241.90 
250242.03 
250242.16 
250242.28 
250242.41 
250242.54 
250242.67 
250242.80 
250242.93 
250243.05 
250243.18 
250243.31 
250243.44 
250243.56 
250243.69 
250243.82 
250243.95 
250244.08 
250244.21 
250244.33 
250244.46 
250244.59 
250244.71 
250244.84 
250244.96 
250245.09 
250245.22 
250245.35 
250245.48 
250245.61 
250245.73 
250245.86 
250245.99 
250246.12 
250246.25 
250246.38 
250246.50 
250246.63 
250246.76 
250246.89 
250247.02 
250247.16 
250247.29 
250247.42 
250247.54 
250247.67 
250247.80 
250247.92 
250248.05 
250248.18 
250248.31 
250248.45 
250248.57 
250248.70 
250248.83 
250248.95 
250249.08 
250249.21 
250249.34 
250249.46 
250249.59 
250249.71 
250249.85 
250249.97 
250250.10 
250250.23 
250250.36 
250250.48 
250250.61 
250250.74 
250250.87 
250251.00 
250251.13 
250251.26 
250251.39 
250251.51 
250251.64 
250251.77 
250251.89 
250252.02 
250252.15 
250252.28 
250252.41 
250252.53 
250252.66 
250252.79 
250252.92 
250253.04 
250253.17 
250253.30 
250253.42 
250253.55 
250253.67 
250253.80 
250253.93 
250254.05 
250254.18 
250254.31 
250254.43 
250254.56 
250254.68 
250254.81 
250254.94 
250255.07 
250255.20 
250255.32 
250255.44 
250255.56 
250255.69 
250255.81 
250255.94 
250256.07 
250256.19 
250256.32 
250256.45 
250256.58 
250256.71 
250256.84 
250256.97 
250257.09 
250257.23 
250257.35 
250257.48 
250257.61 
250257.73 
250257.86 
250257.99 
250258.12 
250258.25 
250258.38 
250258.50 
250258.63 
250258.76 
250258.89 
250259.03 
250259.16 
250259.29 
250259.41 
250259.54 
250259.67 
250259.80 
250259.92 
250260.05 
250260.18 
250260.31 
250260.44 
250260.56 
250260.69 
250260.82 
250260.95 
250261.08 
250261.21 
250261.34 
250261.47 
250261.59 
250261.72 
250261.85 
250261.99 
250262.12 
250262.24 
250262.37 
250262.49 
250262.61 
250262.73 
250262.86 
250262.99 
250263.11 
250263.24 
250263.37 
250263.50 
250263.63 
250263.76 
250263.88 
250264.01 
250264.14 
250264.27 
250264.40 
250264.52 
250264.65 
250264.78 
250264.91 
250265.04 
250265.17 
250265.29 
250265.42 
250265.55 
250265.68 
250265.80 
250265.93 
250266.06 
250266.19 
250266.32 
250266.46 
250266.58 
250266.71 
250266.84 
250266.97 
250267.10 
250267.22 
250267.35 
250267.48 
250267.61 
250267.73 
250267.86 
250267.99 
250268.12 
250268.25 
250268.38 
250268.50 
250268.63 
250268.75 
250268.89 
250269.02 
250269.15 
250269.28 
250269.40 
250269.53 
250269.66 
250269.78 
250269.91 
250270.04 
250270.17 
250270.29 
250270.42 
250270.54 
250270.67 
250270.79 
250270.92 
250271.05 
250271.17 
250271.29 
250271.42 
250271.55 
250271.67 
250271.80 
250271.93 
250272.08 
250272.21 
250272.33 
250272.46 
250272.59 
250272.72 
250272.85 
250272.97 
250273.10 
250273.23 
250273.35 
250273.48 
250273.61 
250273.74 
250273.87 
250273.99 
250274.12 
250274.25 
250274.38 
250274.51 
250274.63 
250274.76 
250274.89 
250275.01 
250275.14 
250275.26 
250275.39 
250275.51 
250275.64 
250275.76 
250275.88 
250276.01 
250276.14 
250276.27 
250276.39 
250276.52 
250276.65 
250276.78 
250276.91 
250277.03 
250277.16 
250277.29 
250277.41 
250277.54 
250277.67 
250277.80 
250277.93 
250278.05 
250278.18 
250278.31 
250278.44 
250278.57 
250278.70 
250278.83 
250278.95 
250279.08 
250279.21 
250279.34 
250279.46 
250279.59 
250279.72 
250279.85 
250279.97 
250280.10 
250280.23 
250280.36 
250280.49 
250280.62 
250280.75 
250280.88 
250281.02 
250281.15 
250281.28 
250281.42 
250281.55 
250281.68 
250281.81 
250281.93 
250282.06 
250282.19 
250282.32 
250282.45 
250282.57 
250282.70 
250282.83 
250282.95 
250283.08 
250283.21 
250283.34 
250283.47 
250283.60 
250283.72 
250283.87 
250284.00 
250284.12 
250284.25 
250284.38 
250284.51 
250284.63 
250284.76 
250284.88 
250285.01 
250285.14 
250285.27 
250285.40 
250285.53 
250285.66 
250285.78 
250285.91 
250286.04 
250286.17 
250286.29 
250286.42 
250286.53 
250286.66 
250286.77 
250286.90 
250287.03 
250287.15 
250287.28 
250287.41 
250287.54 
250287.66 
250287.79 
250287.92 
250288.05 
250288.18 
250288.31 
250288.44 
250288.56 
250288.69 
250288.82 
250288.94 
250289.07 
250289.19 
250289.32 
250289.45 
250289.58 
250289.71 
250289.84 
250289.97 
250290.10 
250290.23 
250290.35 
250290.48 
250290.61 
250290.73 
250290.86 
250290.98 
250291.11 
250291.24 
250291.36 
250291.49 
250291.62 
250291.75 
250291.88 
250292.00 
250292.13 
250292.26 
250292.39 
250292.52 
250292.65 
250292.78 
250292.90 
250293.03 
250293.16 
250293.29 
250293.41 
250293.54 
250293.67 
250293.80 
250293.93 
250294.05 
250294.18 
250294.31 
250294.43 
250294.56 
250294.68 
250294.81 
250294.94 
250295.07 
250295.19 
250295.32 
250295.45 
250295.58 
250295.71 
250295.83 
250295.96 
250296.09 
250296.21 
250296.34 
250296.47 
250296.60 
250296.72 
250296.85 
250296.98 
250297.10 
250297.23 
250297.36 
250297.48 
250297.61 
250297.74 
250297.87 
250298.00 
250298.12 
250298.24 
250298.37 
250298.50 
250298.63 
250298.76 
250298.89 
250299.01 
250299.14 
250299.27 
250299.40 
250299.53 
250299.66 
250299.78 
250299.93 
250300.06 
250300.18 
250300.31 
250300.44 
250300.57 
250300.69 
250300.82 
250300.95 
250301.08 
250301.21 
250301.34 
250301.46 
250301.59 
250301.72 
250301.84 
250301.96 
250302.08 
250302.21 
250302.35 
250302.47 
250302.59 
250302.72 
250302.85 
250302.98 
250303.11 
250303.23 
250303.35 
250303.48 
250303.61 
250303.73 
250303.85 
250303.98 
250304.11 
250304.24 
250304.36 
250304.49 
250304.62 
250304.74 
250304.87 
250305.00 
250305.13 
250305.26 
250305.38 
250305.51 
250305.63 
250305.76 
250305.88 
250306.01 
250306.14 
250306.27 
250306.40 
250306.53 
250306.65 
250306.78 
250306.91 
250307.04 
250307.16 
250307.29 
250307.41 
250307.54 
250307.66 
250307.79 
250307.94 
250308.06 
250308.19 
250308.32 
250308.44 
250308.57 
250308.70 
250308.82 
250308.94 
250309.07 
250309.20 
250309.32 
250309.45 
250309.57 
250309.70 
250309.83 
250309.96 
250310.08 
250310.21 
250310.34 
250310.47 
250310.59 
250310.72 
250310.85 
250310.97 
250311.10 
250311.23 
250311.36 
250311.48 
250311.61 
250311.74 
250311.86 
250311.99 
250312.12 
250312.25 
250312.37 
250312.50 
250312.63 
250312.76 
250312.88 
250313.01 
250313.14 
250313.27 
250313.39 
250313.52 
250313.65 
250313.77 
250313.90 
250314.03 
250314.15 
250314.28 
250314.42 
250314.55 
250314.68 
250314.80 
250314.93 
250315.06 
250315.18 
250315.30 
250315.43 
250315.56 
250315.68 
250315.81 
250315.94 
250316.06 
250316.19 
250316.32 
250316.45 
250316.57 
250316.70 
250316.83 
250316.96 
250317.08 
250317.21 
250317.33 
250317.45 
250317.57 
250317.70 
250317.83 
250317.95 
250318.08 
250318.20 
250318.33 
250318.46 
250318.59 
250318.72 
250318.85 
250318.97 
250319.10 
250319.23 
250319.36 
250319.48 
250319.61 
250319.74 
250319.88 
250320.01 
250320.14 
250320.27 
250320.40 
250320.53 
250320.65 
250320.78 
250320.91 
250321.03 
250321.16 
250321.29 
250321.41 
250321.54 
250321.67 
250321.80 
250321.92 
250322.05 
250322.18 
250322.31 
250322.43 
250322.56 
250322.68 
250322.81 
250322.94 
250323.07 
250323.20 
250323.32 
250323.45 
250323.58 
250323.70 
250323.83 
250323.96 
250324.09 
250324.21 
250324.34 
250324.46 
250324.59 
250324.72 
250324.85 
250324.97 
250325.10 
250325.23 
250325.36 
250325.48 
250325.61 
250325.74 
250325.85 
250325.98 
250326.11 
250326.24 
250326.38 
250326.51 
250326.63 
250326.76 
250326.88 
250327.01 
250327.13 
250327.26 
250327.39 
250327.52 
250327.64 
250327.77 
250327.89 
250328.02 
250328.15 
250328.28 
250328.41 
250328.54 
250328.66 
250328.79 
250328.92 
250329.05 
250329.17 
250329.30 
250329.43 
250329.56 
250329.68 
250329.81 
250329.93 
250330.06 
250330.19 
250330.31 
250330.44 
250330.57 
250330.69 
250330.82 
250330.93 
250331.04 
250331.15 
250331.26 
250331.36 
250331.47 
250331.58 
250331.71 
250331.85 
250331.99 
250332.12 
250332.24 
250332.37 
250332.51 
250332.65 
250332.77 
250332.90 
250333.03 
250333.17 
250333.30 
250333.44 
250333.57 
250333.72 
250333.84 
250333.97 
250334.10 
250334.23 
250334.35 
250334.48 
250334.61 
250334.74 
250334.86 
250335.00 
250335.12 
250335.25 
250335.39 
250335.53 
250335.67 
250335.81 
250335.95 
250336.09 
250336.21 
250336.35 
250336.49 
250336.61 
250336.74 
250336.87 
250337.01 
250337.14 
250337.27 
250337.40 
250337.52 
250337.67 
250337.81 
250337.94 
250338.06 
250338.20 
250338.32 
250338.45 
250338.58 
250338.70 
250338.84 
250338.96 
250339.10 
250339.22 
250339.36 
250339.49 
250339.62 
250339.75 
250339.89 
250340.02 
250340.15 
250340.29 
250340.42 
250340.54 
250340.67 
250340.80 
250340.93 
250341.06 
250341.19 
250341.31 
250341.44 
250341.57 
250341.71 
250341.85 
250341.97 
250342.11 
250342.25 
250342.37 
250342.50 
250342.62 
250342.75 
250342.90 
250343.03 
250343.16 
250343.28 
250343.41 
250343.54 
250343.68 
250343.80 
250343.92 
250344.05 
250344.19 
250344.34 
250344.47 
250344.61 
250344.74 
250344.86 
250345.00 
250345.13 
250345.26 
250345.40 
250345.54 
250345.68 
250345.81 
250345.93 
250346.07 
250346.20 
250346.32 
250346.45 
250346.58 
250346.72 
250346.85 
250346.98 
250347.11 
250347.24 
250347.37 
250347.51 
250347.65 
250347.78 
250347.90 
250348.04 
250348.16 
250348.30 
250348.44 
250348.56 
250348.70 
250348.84 
250348.96 
250349.11 
250349.24 
250349.36 
250349.49 
250349.63 
250349.76 
250349.89 
250350.01 
250350.15 
250350.29 
250350.42 
250350.54 
250350.68 
250350.81 
250350.94 
250351.06 
250351.18 
250351.32 
250351.46 
250351.59 
250351.73 
250351.86 
250351.99 
250352.13 
250352.26 
250352.38 
250352.52 
250352.65 
250352.79 
250352.91 
250353.05 
250353.19 
250353.32 
250353.46 
250353.59 
250353.71 
250353.85 
250353.99 
250354.11 
250354.25 
250354.39 
250354.53 
250354.66 
250354.79 
250354.93 
250355.06 
250355.19 
250355.31 
250355.45 
250355.57 
250355.71 
250355.84 
250355.97 
250356.10 
250356.24 
250356.38 
250356.50 
250356.64 
250356.78 
250356.92 
250357.04 
250357.17 
250357.31 
250357.45 
250357.57 
250357.70 
250357.82 
250357.96 
250358.10 
250358.23 
250358.36 
250358.48 
250358.61 
250358.73 
250358.87 
250359.01 
250359.14 
250359.28 
250359.39 
250359.50 
250359.63 
250359.75 
250359.88 
250360.01 
250360.13 
250360.26 
250360.39 
250360.52 
250360.65 
250360.77 
250360.90 
250361.03 
250361.16 
250361.28 
250361.40 
250361.54 
250361.66 
250361.78 
250361.90 
250362.04 
250362.17 
250362.29 
250362.42 
250362.55 
250362.67 
250362.80 
250362.93 
250363.06 
250363.19 
250363.31 
250363.44 
250363.56 
250363.69 
250363.82 
250363.95 
250364.08 
250364.20 
250364.34 
250364.47 
250364.59 
250364.71 
250364.84 
250364.96 
250365.09 
250365.22 
250365.35 
250365.47 
250365.60 
250365.72 
250365.85 
250365.97 
250366.10 
250366.23 
250366.36 
250366.49 
250366.62 
250366.74 
250366.87 
250367.00 
250367.13 
250367.25 
250367.38 
250367.51 
250367.64 
250367.77 
250367.89 
250368.02 
250368.15 
250368.28 
250368.40 
250368.53 
250368.66 
250368.78 
250368.91 
250369.04 
250369.17 
250369.29 
250369.42 
250369.54 
250369.67 
250369.79 
250369.92 
250370.05 
250370.18 
250370.31 
250370.43 
250370.56 
250370.69 
250370.82 
250370.95 
250371.07 
250371.20 
250371.32 
250371.45 
250371.58 
250371.70 
250371.83 
250371.96 
250372.09 
250372.22 
250372.34 
250372.47 
250372.60 
250372.73 
250372.85 
250372.98 
250373.11 
250373.24 
250373.36 
250373.49 
250373.62 
250373.75 
250373.88 
250374.00 
250374.13 
250374.26 
250374.39 
250374.52 
250374.65 
250374.77 
250374.89 
250375.02 
250375.15 
250375.27 
250375.41 
250375.54 
250375.67 
250375.80 
250375.93 
250376.05 
250376.18 
250376.31 
250376.44 
250376.56 
250376.69 
250376.82 
250376.95 
250377.07 
250377.19 
250377.32 
250377.44 
250377.56 
250377.68 
250377.80 
250377.93 
250378.05 
250378.17 
250378.30 
250378.43 
250378.56 
250378.68 
250378.81 
250378.94 
250379.07 
250379.20 
250379.32 
250379.45 
250379.58 
250379.71 
250379.84 
250379.97 
250380.09 
250380.22 
250380.35 
250380.48 
250380.61 
250380.73 
250380.86 
250380.99 
250381.12 
250381.25 
250381.37 
250381.50 
250381.63 
250381.75 
250381.88 
250382.01 
250382.13 
250382.26 
250382.39 
250382.52 
250382.65 
250382.77 
250382.90 
250383.03 
250383.16 
250383.29 
250383.41 
250383.54 
250383.67 
250383.80 
250383.93 
250384.06 
250384.18 
250384.31 
250384.44 
250384.57 
250384.70 
250384.83 
250384.96 
250385.09 
250385.21 
250385.34 
250385.47 
250385.60 
250385.72 
250385.85 
250385.98 
250386.10 
250386.23 
250386.36 
250386.49 
250386.62 
250386.75 
250386.88 
250387.00 
250387.13 
250387.26 
250387.39 
250387.52 
250387.65 
250387.77 
250387.90 
250388.03 
250388.16 
250388.28 
250388.41 
250388.54 
250388.67 
250388.80 
250388.93 
250389.05 
250389.18 
250389.31 
250389.44 
250389.56 
250389.69 
250389.82 
250389.96 
250390.08 
250390.21 
250390.33 
250390.46 
250390.59 
250390.72 
250390.85 
250390.97 
250391.10 
250391.23 
250391.35 
250391.48 
250391.61 
250391.74 
250391.87 
250392.00 
250392.13 
250392.25 
250392.38 
250392.51 
250392.64 
250392.76 
250392.89 
250393.02 
250393.14 
250393.26 
250393.38 
250393.52 
250393.65 
250393.77 
250393.90 
250394.03 
250394.15 
250394.29 
250394.41 
250394.54 
250394.67 
250394.80 
250394.93 
250395.05 
250395.18 
250395.31 
250395.44 
250395.57 
250395.69 
250395.82 
250395.95 
250396.07 
250396.19 
250396.32 
250396.45 
250396.58 
250396.71 
250396.84 
250396.97 
250397.09 
250397.22 
250397.35 
250397.48 
250397.61 
250397.74 
250397.87 
250397.99 
250398.12 
250398.25 
250398.38 
250398.50 
250398.63 
250398.76 
250398.88 
250399.01 
250399.14 
250399.27 
250399.40 
250399.53 
250399.66 
250399.78 
250399.91 
250400.04 
250400.17 
250400.29 
250400.42 
250400.55 
250400.68 
250400.81 
250400.94 
250401.06 
250401.19 
250401.32 
250401.44 
250401.57 
250401.70 
250401.83 
250401.95 
250402.10 
250402.23 
250402.36 
250402.49 
250402.61 
250402.75 
250402.87 
250403.00 
250403.13 
250403.26 
250403.39 
250403.51 
250403.64 
250403.77 
250403.89 
250404.03 
250404.15 
250404.28 
250404.41 
250404.54 
250404.66 
250404.79 
250404.92 
250405.05 
250405.18 
250405.30 
250405.43 
250405.56 
250405.69 
250405.81 
250405.95 
250406.07 
250406.20 
250406.33 
250406.45 
250406.58 
250406.71 
250406.84 
250406.97 
250407.09 
250407.22 
250407.35 
250407.49 
250407.62 
250407.75 
250407.88 
250408.01 
250408.14 
250408.26 
250408.39 
250408.52 
250408.66 
250408.77 
250408.90 
250409.02 
250409.15 
250409.28 
250409.41 
250409.53 
250409.67 
250409.79 
250409.92 
250410.04 
250410.17 
250410.29 
250410.42 
250410.55 
250410.68 
250410.80 
250410.94 
250411.07 
250411.20 
250411.32 
250411.45 
250411.58 
250411.71 
250411.83 
250411.96 
250412.09 
250412.22 
250412.34 
250412.47 
250412.60 
250412.73 
250412.85 
250412.98 
250413.10 
250413.23 
250413.36 
250413.48 
250413.61 
250413.74 
250413.87 
250413.99 
250414.12 
250414.24 
250414.37 
250414.50 
250414.63 
250414.75 
250414.88 
250415.01 
250415.14 
250415.27 
250415.40 
250415.53 
250415.66 
250415.78 
250415.91 
250416.04 
250416.17 
250416.29 
250416.42 
250416.55 
250416.67 
250416.80 
250416.93 
250417.05 
250417.19 
250417.31 
250417.44 
250417.57 
250417.69 
250417.82 
250417.95 
250418.08 
250418.20 
250418.33 
250418.46 
250418.60 
250418.72 
250418.85 
250418.98 
250419.11 
250419.23 
250419.36 
250419.49 
250419.62 
250419.74 
250419.87 
250420.00 
250420.13 
250420.25 
250420.38 
250420.51 
250420.65 
250420.78 
250420.91 
250421.03 
250421.16 
250421.29 
250421.42 
250421.54 
250421.67 
250421.80 
250421.93 
250422.05 
250422.18 
250422.30 
250422.43 
250422.56 
250422.68 
250422.81 
250422.94 
250423.07 
250423.21 
250423.34 
250423.46 
250423.59 
250423.71 
250423.84 
250423.97 
250424.09 
250424.22 
250424.33 
250424.45 
250424.58 
250424.72 
250424.85 
250424.97 
250425.10 
250425.23 
250425.37 
250425.50 
250425.63 
250425.75 
250425.88 
250426.01 
250426.13 
250426.25 
250426.38 
250426.51 
250426.64 
250426.76 
250426.89 
250427.01 
250427.14 
250427.27 
250427.40 
250427.52 
250427.65 
250427.77 
250427.90 
250428.03 
250428.15 
250428.28 
250428.40 
250428.53 
250428.66 
250428.78 
250428.91 
250429.04 
250429.16 
250429.29 
250429.42 
250429.54 
250429.67 
250429.80 
250429.93 
250430.05 
250430.18 
250430.31 
250430.43 
250430.56 
250430.69 
250430.81 
250430.94 
250431.06 
250431.19 
250431.32 
250431.45 
250431.58 
250431.71 
250431.84 
250431.97 
250432.10 
250432.23 
250432.36 
250432.49 
250432.62 
250432.75 
250432.87 
250433.00 
250433.13 
250433.25 
250433.38 
250433.51 
250433.64 
250433.76 
250433.89 
250434.02 
250434.15 
250434.28 
250434.41 
250434.53 
250434.66 
250434.78 
250434.91 
250435.04 
250435.16 
250435.29 
250435.42 
250435.55 
250435.68 
250435.81 
250435.93 
250436.06 
250436.19 
250436.33 
250436.46 
250436.59 
250436.71 
250436.84 
250436.96 
250437.09 
250437.23 
250437.35 
250437.48 
250437.61 
250437.73 
250437.86 
250437.99 
250438.11 
250438.24 
250438.37 
250438.49 
250438.62 
250438.75 
250438.87 
250439.00 
250439.13 
250439.27 
250439.40 
250439.52 
250439.66 
250439.77 
250439.88 
250440.01 
250440.14 
250440.27 
250440.40 
250440.52 
250440.65 
250440.78 
250440.91 
250441.04 
250441.16 
250441.29 
250441.42 
250441.55 
250441.68 
250441.81 
250441.93 
250442.06 
250442.19 
250442.32 
250442.45 
250442.57 
250442.70 
250442.83 
250442.96 
250443.08 
250443.21 
250443.34 
250443.46 
250443.59 
250443.72 
250443.85 
250443.97 
250444.10 
250444.23 
250444.36 
250444.49 
250444.63 
250444.76 
250444.88 
250445.01 
250445.14 
250445.27 
250445.42 
250445.55 
250445.68 
250445.80 
250445.93 
250446.05 
250446.18 
250446.31 
250446.43 
250446.56 
250446.69 
250446.81 
250446.94 
250447.07 
250447.20 
250447.32 
250447.45 
250447.58 
250447.70 
250447.83 
250447.96 
250448.09 
250448.21 
250448.34 
250448.47 
250448.59 
250448.72 
250448.85 
250448.97 
250449.10 
250449.23 
250449.35 
250449.47 
250449.60 
250449.73 
250449.89 
250450.01 
250450.14 
250450.27 
250450.40 
250450.53 
250450.65 
250450.78 
250450.91 
250451.03 
250451.16 
250451.29 
250451.41 
250451.54 
250451.67 
250451.81 
250451.94 
250452.06 
250452.19 
250452.31 
250452.44 
250452.57 
250452.69 
250452.82 
250452.95 
250453.08 
250453.21 
250453.33 
250453.46 
250453.59 
250453.72 
250453.86 
250453.99 
250454.12 
250454.24 
250454.37 
250454.50 
250454.64 
250454.76 
250454.89 
250455.01 
250455.14 
250455.26 
250455.39 
250455.51 
250455.64 
250455.77 
250455.91 
250456.04 
250456.16 
250456.28 
250456.40 
250456.53 
250456.66 
250456.79 
250456.91 
250457.04 
250457.17 
250457.30 
250457.43 
250457.55 
250457.68 
250457.80 
250457.93 
250458.05 
250458.18 
250458.31 
250458.43 
250458.56 
250458.68 
250458.81 
250458.94 
250459.06 
250459.19 
250459.32 
250459.45 
250459.57 
250459.70 
250459.83 
250459.96 
250460.09 
250460.21 
250460.34 
250460.46 
250460.59 
250460.72 
250460.84 
250460.97 
250461.10 
250461.23 
250461.35 
250461.48 
250461.61 
250461.73 
250461.86 
250461.99 
250462.13 
250462.27 
250462.40 
250462.52 
250462.65 
250462.78 
250462.91 
250463.04 
250463.16 
250463.29 
250463.42 
250463.55 
250463.67 
250463.80 
250463.92 
250464.05 
250464.17 
250464.30 
250464.43 
250464.55 
250464.68 
250464.81 
250464.93 
250465.06 
250465.19 
250465.33 
250465.45 
250465.58 
250465.71 
250465.84 
250465.96 
250466.09 
250466.22 
250466.34 
250466.47 
250466.60 
250466.73 
250466.86 
250466.98 
250467.11 
250467.24 
250467.37 
250467.49 
250467.62 
250467.75 
250467.88 
250468.01 
250468.14 
250468.26 
250468.40 
250468.53 
250468.65 
250468.78 
250468.90 
250469.03 
250469.16 
250469.29 
250469.41 
250469.54 
250469.66 
250469.79 
250469.92 
250470.05 
250470.17 
250470.30 
250470.43 
250470.56 
250470.69 
250470.84 
250470.97 
250471.09 
250471.22 
250471.34 
250471.47 
250471.60 
250471.72 
250471.85 
250471.98 
250472.10 
250472.23 
250472.35 
250472.48 
250472.61 
250472.75 
250472.87 
250473.00 
250473.13 
250473.26 
250473.38 
250473.51 
250473.64 
250473.77 
250473.89 
250474.02 
250474.15 
250474.28 
250474.40 
250474.53 
250474.66 
250474.79 
250474.92 
250475.05 
250475.18 
250475.30 
250475.43 
250475.56 
250475.69 
250475.81 
250475.94 
250476.06 
250476.19 
250476.32 
250476.44 
250476.57 
250476.70 
250476.83 
250476.96 
250477.08 
250477.21 
250477.34 
250477.47 
250477.60 
250477.72 
250477.85 
250477.98 
250478.11 
250478.24 
250478.37 
250478.49 
250478.62 
250478.74 
250478.87 
250479.00 
250479.13 
250479.26 
250479.39 
250479.52 
250479.64 
250479.77 
250479.90 
250480.03 
250480.16 
250480.29 
250480.41 
250480.54 
250480.67 
250480.80 
250480.93 
250481.05 
250481.18 
250481.31 
250481.44 
250481.56 
250481.69 
250481.82 
250481.95 
250482.07 
250482.21 
250482.33 
250482.46 
250482.59 
250482.71 
250482.84 
250482.97 
250483.10 
250483.23 
250483.36 
250483.48 
250483.61 
250483.74 
250483.87 
250484.00 
250484.13 
250484.25 
250484.38 
250484.51 
250484.64 
250484.76 
250484.89 
250485.02 
250485.15 
250485.28 
250485.40 
250485.53 
250485.66 
250485.78 
250485.91 
250486.03 
250486.15 
250486.28 
250486.41 
250486.54 
250486.66 
250486.78 
250486.91 
250487.04 
250487.17 
250487.29 
250487.42 
250487.55 
250487.68 
250487.81 
250487.93 
250488.06 
250488.19 
250488.32 
250488.44 
250488.57 
250488.70 
250488.83 
250488.95 
250489.08 
250489.21 
250489.34 
250489.46 
250489.59 
250489.71 
250489.84 
250489.97 
250490.10 
250490.23 
250490.36 
250490.49 
250490.62 
250490.76 
250490.88 
250491.01 
250491.14 
250491.27 
250491.39 
250491.52 
250491.65 
250491.77 
250491.90 
250492.03 
250492.15 
250492.28 
250492.41 
250492.54 
250492.67 
250492.80 
250492.93 
250493.05 
250493.18 
250493.31 
250493.44 
250493.57 
250493.69 
250493.82 
250493.95 
250494.08 
250494.21 
250494.33 
250494.46 
250494.59 
250494.71 
250494.84 
250494.96 
250495.09 
250495.22 
250495.35 
250495.48 
250495.60 
250495.73 
250495.86 
250495.99 
250496.12 
250496.24 
250496.37 
250496.49 
250496.62 
250496.75 
250496.88 
250497.01 
250497.13 
250497.26 
250497.39 
250497.52 
250497.64 
250497.77 
250497.90 
250498.03 
250498.16 
250498.28 
250498.41 
250498.54 
250498.67 
250498.79 
250498.92 
250499.05 
250499.18 
250499.30 
250499.43 
250499.56 
250499.69 
250499.81 
250499.94 
250500.07 
250500.20 
250500.33 
250500.46 
250500.59 
250500.71 
250500.85 
250500.98 
250501.11 
250501.24 
250501.37 
250501.49 
250501.61 
250501.73 
250501.86 
250501.98 
250502.11 
250502.24 
250502.36 
250502.49 
250502.62 
250502.75 
250502.87 
250503.01 
250503.14 
250503.27 
250503.40 
250503.53 
250503.65 
250503.78 
250503.91 
250504.03 
250504.16 
250504.29 
250504.41 
250504.54 
250504.67 
250504.79 
250504.92 
250505.05 
250505.18 
250505.31 
250505.44 
250505.56 
250505.70 
250505.83 
250505.96 
250506.09 
250506.22 
250506.34 
250506.47 
250506.59 
250506.72 
250506.85 
250506.96 
250507.08 
250507.21 
250507.34 
250507.47 
250507.59 
250507.72 
250507.85 
250507.97 
250508.10 
250508.23 
250508.36 
250508.48 
250508.61 
250508.74 
250508.87 
250509.01 
250509.14 
250509.26 
250509.39 
250509.51 
250509.64 
250509.77 
250509.89 
250510.02 
250510.15 
250510.28 
250510.40 
250510.53 
250510.66 
250510.79 
250510.92 
250511.04 
250511.17 
250511.30 
250511.42 
250511.55 
250511.68 
250511.80 
250511.93 
250512.06 
250512.19 
250512.32 
250512.44 
250512.57 
250512.70 
250512.83 
250512.95 
250513.08 
250513.21 
250513.34 
250513.45 
250513.58 
250513.71 
250513.84 
250513.97 
250514.09 
250514.22 
250514.35 
250514.48 
250514.62 
250514.75 
250514.88 
250515.01 
250515.13 
250515.26 
250515.39 
250515.52 
250515.64 
250515.77 
250515.90 
250516.01 
250516.14 
250516.27 
250516.40 
250516.52 
250516.65 
250516.77 
250516.90 
250517.02 
250517.14 
250517.28 
250517.40 
250517.55 
250517.67 
250517.80 
250517.92 
250518.05 
250518.17 
250518.30 
250518.43 
250518.56 
250518.69 
250518.81 
250518.94 
250519.07 
250519.20 
250519.33 
250519.45 
250519.58 
250519.70 
250519.83 
250519.96 
250520.09 
250520.21 
250520.34 
250520.47 
250520.60 
250520.73 
250520.86 
250520.99 
250521.11 
250521.24 
250521.37 
250521.49 
250521.62 
250521.75 
250521.88 
250522.00 
250522.13 
250522.26 
250522.41 
250522.53 
250522.66 
250522.78 
250522.91 
250523.04 
250523.18 
250523.30 
250523.43 
250523.56 
250523.69 
250523.83 
250523.95 
250524.08 
250524.21 
250524.34 
250524.47 
250524.60 
250524.73 
250524.86 
250524.98 
250525.11 
250525.24 
250525.37 
250525.50 
250525.62 
250525.75 
250525.88 
250526.01 
250526.13 
250526.26 
250526.39 
250526.51 
250526.64 
250526.77 
250526.90 
250527.03 
250527.15 
250527.28 
250527.41 
250527.54 
250527.66 
250527.79 
250527.92 
250528.05 
250528.17 
250528.30 
250528.43 
250528.56 
250528.68 
250528.81 
250528.94 
250529.07 
250529.21 
250529.34 
250529.47 
250529.60 
250529.73 
250529.85 
250529.98 
250530.11 
250530.24 
250530.36 
250530.49 
250530.62 
250530.75 
250530.87 
250531.00 
250531.13 
250531.26 
250531.39 
250531.52 
250531.65 
250531.77 
250531.90 
250532.03 
250532.15 
250532.28 
250532.41 
250532.54 
250532.68 
250532.80 
250532.94 
250533.06 
250533.19 
250533.33 
250533.46 
250533.58 
250533.71 
250533.83 
250533.96 
250534.09 
250534.21 
250534.34 
250534.47 
250534.60 
250534.73 
250534.86 
250534.98 
250535.11 
250535.24 
250535.37 
250535.49 
250535.62 
250535.75 
250535.88 
250536.01 
250536.14 
250536.27 
250536.40 
250536.53 
250536.65 
250536.78 
250536.91 
250537.04 
250537.17 
250537.29 
250537.42 
250537.55 
250537.68 
250537.80 
250537.94 
250538.07 
250538.19 
250538.32 
250538.45 
250538.58 
250538.71 
250538.83 
250538.97 
250539.10 
250539.22 
250539.35 
250539.47 
250539.61 
250539.74 
250539.87 
250540.00 
250540.13 
250540.25 
250540.38 
250540.50 
250540.63 
250540.76 
250540.88 
250541.01 
250541.14 
250541.27 
250541.40 
250541.53 
250541.66 
250541.78 
250541.91 
250542.04 
250542.17 
250542.29 
250542.42 
250542.55 
250542.68 
250542.80 
250542.93 
250543.06 
250543.19 
250543.32 
250543.46 
250543.59 
250543.72 
250543.84 
250543.97 
250544.09 
250544.22 
250544.35 
250544.48 
250544.60 
250544.73 
250544.86 
250544.99 
250545.12 
250545.24 
250545.37 
250545.50 
250545.63 
250545.76 
250545.88 
250546.01 
250546.14 
250546.27 
250546.39 
250546.52 
250546.65 
250546.78 
250546.91 
250547.03 
250547.16 
250547.29 
250547.41 
250547.54 
250547.67 
250547.80 
250547.92 
250548.05 
250548.17 
250548.29 
250548.42 
250548.55 
250548.68 
250548.80 
250548.93 
250549.06 
250549.19 
250549.32 
250549.45 
250549.58 
250549.70 
250549.83 
250549.96 
250550.09 
250550.21 
250550.35 
250550.47 
250550.60 
250550.73 
250550.85 
250550.98 
250551.11 
250551.24 
250551.36 
250551.49 
250551.62 
250551.75 
250551.88 
250552.01 
250552.14 
250552.26 
250552.39 
250552.52 
250552.65 
250552.78 
250552.90 
250553.03 
250553.16 
250553.29 
250553.41 
250553.54 
250553.67 
250553.80 
250553.93 
250554.05 
250554.18 
250554.32 
250554.45 
250554.57 
250554.70 
250554.83 
250554.95 
250555.08 
250555.21 
250555.34 
250555.46 
250555.59 
250555.72 
250555.85 
250555.98 
250556.10 
250556.23 
250556.36 
250556.48 
250556.61 
250556.74 
250556.87 
250557.00 
250557.13 
250557.26 
250557.38 
250557.51 
250557.64 
250557.76 
250557.89 
250558.02 
250558.15 
250558.29 
250558.41 
250558.54 
250558.66 
250558.79 
250558.92 
250559.05 
250559.17 
250559.30 
250559.43 
250559.56 
250559.68 
250559.81 
250559.94 
250560.06 
250560.19 
250560.32 
250560.45 
250560.57 
250560.71 
250560.83 
250560.95 
250561.07 
250561.19 
250561.31 
250561.43 
250561.56 
250561.68 
250561.79 
250561.90 
250562.04 
250562.14 
250562.25 
250562.36 
250562.47 
250562.58 
250562.68 
250562.79 
250562.90 
250563.01 
250563.12 
250563.22 
250563.33 
250563.47 
250563.58 
250563.72 
250563.83 
250563.93 
250564.07 
250564.18 
250564.29 
250564.42 
250564.53 
250564.64 
250564.77 
250564.88 
250564.98 
250565.09 
250565.23 
250565.34 
250565.45 
250565.56 
250565.66 
250565.77 
250565.88 
250565.99 
250566.13 
250566.24 
250566.34 
250566.45 
250566.59 
250566.70 
250566.81 
250566.92 
250567.05 
250567.16 
250567.27 
250567.38 
250567.49 
250567.60 
250567.73 
250567.84 
250567.95 
250568.05 
250568.19 
250568.30 
250568.41 
250568.52 
250568.66 
250568.83 
250569.02 
250569.17 
250569.30 
250569.41 
250569.53 
250569.65 
250569.76 
250569.88 
250570.00 
250570.12 
250570.24 
250570.36 
250570.47 
250570.59 
250570.71 
250570.83 
250570.95 
250571.07 
250571.19 
250571.31 
250571.43 
250571.54 
250571.66 
250571.78 
250571.90 
250572.02 
250572.14 
250572.26 
250572.38 
250572.50 
250572.62 
250572.74 
250572.86 
250572.98 
250573.10 
250573.22 
250573.35 
250573.47 
250573.60 
250573.72 
250573.85 
250573.97 
250574.10 
250574.23 
250574.35 
250574.48 
250574.60 
250574.73 
250574.85 
250574.98 
250575.10 
250575.23 
250575.34 
250575.47 
250575.59 
250575.72 
250575.84 
250575.98 
250576.10 
250576.23 
250576.35 
250576.47 
250576.58 
250576.70 
250576.83 
250576.95 
250577.08 
250577.20 
250577.32 
250577.45 
250577.57 
250577.70 
250577.82 
250577.94 
250578.06 
250578.19 
250578.31 
250578.44 
250578.56 
250578.68 
250578.81 
250578.93 
250579.05 
250579.18 
250579.30 
250579.43 
250579.55 
250579.67 
250579.80 
250579.93 
250580.05 
250580.18 
250580.30 
250580.43 
250580.55 
250580.69 
250580.81 
250580.94 
250581.07 
250581.19 
250581.31 
250581.43 
250581.56 
250581.69 
250581.81 
250581.95 
250582.07 
250582.19 
250582.31 
250582.44 
250582.56 
250582.69 
250582.81 
250582.94 
250583.06 
250583.19 
250583.31 
250583.44 
250583.56 
250583.69 
250583.81 
250583.94 
250584.06 
250584.18 
250584.30 
250584.41 
250584.55 
250584.67 
250584.79 
250584.92 
250585.04 
250585.17 
250585.29 
250585.42 
250585.54 
250585.66 
250585.79 
250585.92 
250586.04 
250586.16 
250586.29 
250586.41 
250586.54 
250586.66 
250586.78 
250586.91 
250587.04 
250587.16 
250587.29 
250587.41 
250587.54 
250587.67 
250587.79 
250587.91 
250588.04 
250588.16 
250588.28 
250588.41 
250588.53 
250588.65 
250588.77 
250588.90 
250589.02 
250589.15 
250589.27 
250589.39 
250589.52 
250589.64 
250589.77 
250589.89 
250590.03 
250590.15 
250590.28 
250590.40 
250590.53 
250590.66 
250590.78 
250590.91 
250591.04 
250591.16 
250591.29 
250591.41 
250591.54 
250591.67 
250591.81 
250591.93 
250592.05 
250592.17 
250592.28 
250592.41 
250592.54 
250592.67 
250592.79 
250592.92 
250593.05 
250593.18 
250593.30 
250593.43 
250593.56 
250593.68 
250593.81 
250593.94 
250594.07 
250594.20 
250594.32 
250594.45 
250594.57 
250594.70 
250594.83 
250594.95 
250595.09 
250595.22 
250595.34 
250595.47 
250595.61 
250595.74 
250595.87 
250595.99 
250596.12 
250596.25 
250596.37 
250596.50 
250596.63 
250596.76 
250596.89 
250597.01 
250597.14 
250597.29 
250597.41 
250597.54 
250597.67 
250597.79 
250597.92 
250598.05 
250598.17 
250598.29 
250598.42 
250598.55 
250598.67 
250598.80 
250598.93 
250599.06 
250599.19 
250599.32 
250599.44 
250599.57 
250599.70 
250599.83 
250599.95 
250600.08 
250600.21 
250600.34 
250600.46 
250600.59 
250600.72 
250600.84 
250600.97 
250601.10 
250601.22 
250601.35 
250601.47 
250601.60 
250601.72 
250601.85 
250601.97 
250602.10 
250602.22 
250602.36 
250602.51 
250602.64 
250602.76 
250602.88 
250603.00 
250603.13 
250603.26 
250603.38 
250603.53 
250603.65 
250603.78 
250603.91 
250604.04 
250604.17 
250604.30 
250604.42 
250604.55 
250604.68 
250604.81 
250604.93 
250605.06 
250605.19 
250605.32 
250605.45 
250605.57 
250605.72 
250605.85 
250605.97 
250606.12 
250606.25 
250606.38 
250606.51 
250606.63 
250606.76 
250606.89 
250607.01 
250607.14 
250607.27 
250607.39 
250607.52 
250607.64 
250607.77 
250607.89 
250608.02 
250608.15 
250608.27 
250608.40 
250608.52 
250608.65 
250608.77 
250608.90 
250609.03 
250609.16 
250609.29 
250609.41 
250609.53 
250609.65 
250609.77 
250609.90 
250610.03 
250610.15 
250610.28 
250610.41 
250610.53 
250610.66 
250610.79 
250610.93 
250611.06 
250611.19 
250611.31 
250611.44 
250611.56 
250611.69 
250611.82 
250611.95 
250612.08 
250612.21 
250612.33 
250612.46 
250612.59 
250612.72 
250612.85 
250612.97 
250613.10 
250613.23 
250613.36 
250613.48 
250613.61 
250613.74 
250613.86 
250613.99 
250614.12 
250614.25 
250614.38 
250614.50 
250614.63 
250614.76 
250614.89 
250615.03 
250615.16 
250615.29 
250615.41 
250615.54 
250615.66 
250615.79 
250615.92 
250616.04 
250616.17 
250616.30 
250616.43 
250616.55 
250616.68 
250616.81 
250616.93 
250617.06 
250617.19 
250617.31 
250617.44 
250617.57 
250617.70 
250617.83 
250617.95 
250618.08 
250618.20 
250618.32 
250618.45 
250618.58 
250618.70 
250618.83 
250618.95 
250619.08 
250619.21 
250619.34 
250619.46 
250619.59 
250619.72 
250619.85 
250619.97 
250620.10 
250620.23 
250620.36 
250620.49 
250620.62 
250620.75 
250620.87 
250620.99 
250621.12 
250621.25 
250621.38 
250621.51 
250621.64 
250621.77 
250621.89 
250622.02 
250622.15 
250622.28 
250622.41 
250622.53 
250622.66 
250622.79 
250622.92 
250623.04 
250623.17 
250623.30 
250623.43 
250623.56 
250623.68 
250623.81 
250623.94 
250624.07 
250624.20 
250624.33 
250624.45 
250624.58 
250624.71 
250624.84 
250624.96 
250625.09 
250625.22 
250625.35 
250625.48 
250625.61 
250625.74 
250625.86 
250625.99 
250626.12 
250626.25 
250626.37 
250626.50 
250626.63 
250626.76 
250626.89 
250627.01 
250627.14 
250627.27 
250627.40 
250627.52 
250627.65 
250627.78 
250627.91 
250628.04 
250628.16 
250628.29 
250628.42 
250628.55 
250628.68 
250628.81 
250628.93 
250629.06 
250629.19 
250629.31 
250629.44 
250629.56 
250629.69 
250629.82 
250629.95 
250630.08 
250630.20 
250630.33 
250630.46 
250630.59 
250630.72 
250630.85 
250630.98 
250631.10 
250631.23 
250631.35 
250631.48 
250631.61 
250631.74 
250631.87 
250631.99 
250632.12 
250632.25 
250632.37 
250632.50 
250632.63 
250632.76 
250632.89 
250633.02 
250633.15 
250633.27 
250633.40 
250633.54 
250633.65 
250633.77 
250633.89 
250634.02 
250634.15 
250634.28 
250634.41 
250634.53 
250634.66 
250634.78 
250634.91 
250635.04 
250635.16 
250635.29 
250635.42 
250635.54 
250635.67 
250635.80 
250635.92 
250636.05 
250636.18 
250636.31 
250636.44 
250636.57 
250636.69 
250636.82 
250636.95 
250637.08 
250637.20 
250637.33 
250637.45 
250637.58 
250637.70 
250637.83 
250637.96 
250638.09 
250638.21 
250638.34 
250638.47 
250638.60 
250638.73 
250638.87 
250639.00 
250639.13 
250639.25 
250639.38 
250639.51 
250639.64 
250639.77 
250639.89 
250640.02 
250640.15 
250640.28 
250640.41 
250640.53 
250640.66 
250640.79 
250640.92 
250641.05 
250641.17 
250641.30 
250641.43 
250641.55 
250641.68 
250641.80 
250641.93 
250642.06 
250642.18 
250642.31 
250642.44 
250642.57 
250642.69 
250642.82 
250642.95 
250643.08 
250643.23 
250643.35 
250643.48 
250643.60 
250643.73 
250643.85 
250643.98 
250644.11 
250644.24 
250644.36 
250644.49 
250644.62 
250644.75 
250644.89 
250645.02 
250645.15 
250645.27 
250645.40 
250645.53 
250645.65 
250645.78 
250645.91 
250646.04 
250646.16 
250646.29 
250646.42 
250646.55 
250646.67 
250646.80 
250646.94 
250647.07 
250647.19 
250647.32 
250647.45 
250647.57 
250647.70 
250647.83 
250647.96 
250648.08 
250648.21 
250648.34 
250648.47 
250648.60 
250648.73 
250648.85 
250648.97 
250649.09 
250649.21 
250649.33 
250649.46 
250649.59 
250649.72 
250649.85 
250649.98 
250650.10 
250650.23 
250650.36 
250650.48 
250650.62 
250650.75 
250650.87 
250651.00 
250651.13 
250651.25 
250651.40 
250651.53 
250651.65 
250651.78 
250651.91 
250652.04 
250652.19 
250652.32 
250652.45 
250652.57 
250652.70 
250652.83 
250652.95 
250653.08 
250653.21 
250653.33 
250653.46 
250653.58 
250653.71 
250653.84 
250653.96 
250654.09 
250654.22 
250654.34 
250654.47 
250654.60 
250654.72 
250654.85 
250654.97 
250655.10 
250655.23 
250655.35 
250655.48 
250655.60 
250655.73 
250655.86 
250655.99 
250656.12 
250656.25 
250656.37 
250656.50 
250656.63 
250656.76 
250656.89 
250657.02 
250657.14 
250657.27 
250657.40 
250657.53 
250657.65 
250657.78 
250657.91 
250658.04 
250658.17 
250658.29 
250658.42 
250658.55 
250658.68 
250658.80 
250658.93 
250659.06 
250659.19 
250659.32 
250659.45 
250659.58 
250659.70 
250659.83 
250659.96 
250660.09 
250660.21 
250660.35 
250660.47 
250660.60 
250660.73 
250660.85 
250660.98 
250661.11 
250661.24 
250661.37 
250661.50 
250661.64 
250661.77 
250661.89 
250662.02 
250662.15 
250662.28 
250662.41 
250662.55 
250662.68 
250662.82 
250662.95 
250663.08 
250663.21 
250663.33 
250663.46 
250663.59 
250663.72 
250663.85 
250663.97 
250664.10 
250664.23 
250664.35 
250664.47 
250664.59 
250664.72 
250664.84 
250664.97 
250665.10 
250665.23 
250665.35 
250665.48 
250665.60 
250665.73 
250665.85 
250665.98 
250666.11 
250666.24 
250666.36 
250666.49 
250666.61 
250666.73 
250666.86 
250666.99 
250667.12 
250667.25 
250667.37 
250667.49 
250667.62 
250667.74 
250667.87 
250667.99 
250668.12 
250668.25 
250668.38 
250668.51 
250668.63 
250668.76 
250668.89 
250669.02 
250669.15 
250669.28 
250669.40 
250669.53 
250669.66 
250669.79 
250669.92 
250670.04 
250670.17 
250670.30 
250670.43 
250670.56 
250670.68 
250670.81 
250670.95 
250671.08 
250671.21 
250671.33 
250671.48 
250671.60 
250671.73 
250671.86 
250671.98 
250672.11 
250672.24 
250672.38 
250672.50 
250672.63 
250672.76 
250672.89 
250673.01 
250673.14 
250673.27 
250673.40 
250673.53 
250673.65 
250673.78 
250673.91 
250674.03 
250674.16 
250674.28 
250674.41 
250674.54 
250674.67 
250674.80 
250674.92 
250675.05 
250675.18 
250675.30 
250675.43 
250675.56 
250675.69 
250675.81 
250675.94 
250676.07 
250676.20 
250676.32 
250676.45 
250676.58 
250676.70 
250676.83 
250676.96 
250677.08 
250677.21 
250677.34 
250677.47 
250677.60 
250677.72 
250677.85 
250677.98 
250678.11 
250678.24 
250678.36 
250678.49 
250678.62 
250678.75 
250678.87 
250679.00 
250679.13 
250679.26 
250679.38 
250679.51 
250679.63 
250679.75 
250679.87 
250679.99 
250680.12 
250680.25 
250680.38 
250680.50 
250680.63 
250680.76 
250680.88 
250681.01 
250681.14 
250681.27 
250681.39 
250681.52 
250681.65 
250681.78 
250681.91 
250682.04 
250682.17 
250682.30 
250682.43 
250682.55 
250682.68 
250682.81 
250682.94 
250683.06 
250683.19 
250683.32 
250683.44 
250683.57 
250683.72 
250683.85 
250683.98 
250684.11 
250684.23 
250684.36 
250684.48 
250684.61 
250684.73 
250684.86 
250684.99 
250685.12 
250685.25 
250685.37 
250685.50 
250685.63 
250685.75 
250685.88 
250686.01 
250686.14 
250686.27 
250686.39 
250686.52 
250686.65 
250686.77 
250686.90 
250687.03 
250687.16 
250687.28 
250687.41 
250687.54 
250687.67 
250687.79 
250687.92 
250688.05 
250688.18 
250688.31 
250688.44 
250688.56 
250688.69 
250688.81 
250688.94 
250689.07 
250689.19 
250689.32 
250689.45 
250689.58 
250689.71 
250689.83 
250689.96 
250690.09 
250690.22 
250690.35 
250690.47 
250690.60 
250690.72 
250690.85 
250690.98 
250691.11 
250691.24 
250691.37 
250691.49 
250691.62 
250691.75 
250691.88 
250692.01 
250692.13 
250692.26 
250692.39 
250692.52 
250692.65 
250692.78 
250692.91 
250693.04 
250693.16 
250693.29 
250693.41 
250693.54 
250693.66 
250693.79 
250693.92 
250694.05 
250694.17 
250694.30 
250694.43 
250694.56 
250694.68 
250694.81 
250694.94 
250695.06 
250695.19 
250695.33 
250695.44 
250695.56 
250695.69 
250695.81 
250695.94 
250696.07 
250696.19 
250696.32 
250696.45 
250696.57 
250696.70 
250696.83 
250696.96 
250697.09 
250697.21 
250697.34 
250697.47 
250697.59 
250697.72 
250697.85 
250697.98 
250698.11 
250698.24 
250698.37 
250698.49 
250698.62 
250698.75 
250698.88 
250699.01 
250699.13 
250699.28 
250699.40 
250699.53 
250699.66 
250699.79 
250699.92 
250700.04 
250700.17 
250700.30 
250700.43 
250700.55 
250700.68 
250700.80 
250700.93 
250701.06 
250701.19 
250701.32 
250701.44 
250701.57 
250701.69 
250701.82 
250701.95 
250702.08 
250702.20 
250702.33 
250702.46 
250702.58 
250702.71 
250702.84 
250702.97 
250703.09 
250703.22 
250703.35 
250703.48 
250703.61 
250703.73 
250703.86 
250704.01 
250704.14 
250704.26 
250704.39 
250704.52 
250704.65 
250704.77 
250704.90 
250705.04 
250705.16 
250705.29 
250705.42 
250705.55 
250705.69 
250705.82 
250705.94 
250706.07 
250706.20 
250706.33 
250706.46 
250706.58 
250706.71 
250706.84 
250706.97 
250707.09 
250707.22 
250707.35 
250707.48 
250707.61 
250707.73 
250707.86 
250707.98 
250708.11 
250708.24 
250708.36 
250708.49 
250708.62 
250708.74 
250708.87 
250709.00 
250709.13 
250709.26 
250709.38 
250709.51 
250709.64 
250709.77 
250709.89 
250710.02 
250710.15 
250710.28 
250710.41 
250710.53 
250710.66 
250710.79 
250710.93 
250711.04 
250711.17 
250711.29 
250711.42 
250711.55 
250711.68 
250711.80 
250711.93 
250712.06 
250712.19 
250712.32 
250712.45 
250712.57 
250712.70 
250712.83 
250712.96 
250713.08 
250713.21 
250713.34 
250713.47 
250713.60 
250713.73 
250713.85 
250713.98 
250714.11 
250714.24 
250714.36 
250714.49 
250714.62 
250714.75 
250714.87 
250715.00 
250715.13 
250715.26 
250715.38 
250715.50 
250715.63 
250715.76 
250715.88 
250716.01 
250716.14 
250716.26 
250716.39 
250716.52 
250716.64 
250716.77 
250716.90 
250717.02 
250717.15 
250717.28 
250717.40 
250717.53 
250717.66 
250717.78 
250717.91 
250718.04 
250718.17 
250718.29 
250718.42 
250718.55 
250718.68 
250718.80 
250718.93 
250719.06 
250719.19 
250719.32 
250719.45 
250719.58 
250719.71 
250719.84 
250719.96 
250720.09 
250720.22 
250720.35 
250720.48 
250720.61 
250720.73 
250720.86 
250720.99 
250721.11 
250721.25 
250721.37 
250721.50 
250721.63 
250721.75 
250721.88 
250722.01 
250722.14 
250722.27 
250722.40 
250722.53 
250722.65 
250722.78 
250722.91 
250723.04 
250723.17 
250723.29 
250723.42 
250723.56 
250723.69 
250723.82 
250723.94 
250724.07 
250724.20 
250724.33 
250724.45 
250724.59 
250724.72 
250724.85 
250724.97 
250725.10 
250725.23 
250725.36 
250725.48 
250725.61 
250725.74 
250725.87 
250726.00 
250726.12 
250726.25 
250726.37 
250726.49 
250726.61 
250726.74 
250726.87 
250727.00 
250727.13 
250727.25 
250727.38 
250727.51 
250727.64 
250727.77 
250727.89 
250728.01 
250728.14 
250728.27 
250728.40 
250728.52 
250728.65 
250728.78 
250728.91 
250729.03 
250729.18 
250729.30 
250729.43 
250729.56 
250729.69 
250729.81 
250729.94 
250730.07 
250730.19 
250730.32 
250730.45 
250730.57 
250730.70 
250730.83 
250730.95 
250731.08 
250731.21 
250731.34 
250731.47 
250731.59 
250731.71 
250731.84 
250731.97 
250732.10 
250732.23 
250732.36 
250732.49 
250732.62 
250732.74 
250732.87 
250733.00 
250733.13 
250733.26 
250733.38 
250733.51 
250733.64 
250733.77 
250733.90 
250734.03 
250734.16 
250734.28 
250734.41 
250734.54 
250734.67 
250734.80 
250734.93 
250735.05 
250735.18 
250735.31 
250735.45 
250735.57 
250735.70 
250735.83 
250735.96 
250736.09 
250736.22 
250736.34 
250736.47 
250736.60 
250736.73 
250736.85 
250736.98 
250737.11 
250737.24 
250737.37 
250737.49 
250737.62 
250737.75 
250737.88 
250738.02 
250738.15 
250738.28 
250738.41 
250738.54 
250738.66 
250738.79 
250738.92 
250739.06 
250739.19 
250739.32 
250739.44 
250739.57 
250739.70 
250739.83 
250739.96 
250740.09 
250740.22 
250740.35 
250740.47 
250740.60 
250740.73 
250740.86 
250740.98 
250741.11 
250741.24 
250741.37 
250741.49 
250741.62 
250741.74 
250741.85 
250741.97 
250742.09 
250742.22 
250742.34 
250742.47 
250742.60 
250742.73 
250742.86 
250742.98 
250743.11 
250743.24 
250743.37 
250743.49 
250743.62 
250743.75 
250743.88 
250744.01 
250744.14 
250744.27 
250744.40 
250744.52 
250744.65 
250744.78 
250744.91 
250745.03 
250745.16 
250745.29 
250745.41 
250745.54 
250745.67 
250745.79 
250745.92 
250746.06 
250746.19 
250746.31 
250746.44 
250746.57 
250746.70 
250746.83 
250746.95 
250747.10 
250747.22 
250747.35 
250747.47 
250747.60 
250747.73 
250747.86 
250747.99 
250748.12 
250748.25 
250748.37 
250748.50 
250748.63 
250748.75 
250748.88 
250749.00 
250749.13 
250749.26 
250749.39 
250749.51 
250749.64 
250749.77 
250749.90 
250750.03 
250750.16 
250750.28 
250750.41 
250750.54 
250750.67 
250750.80 
250750.93 
250751.05 
250751.18 
250751.31 
250751.44 
250751.56 
250751.69 
250751.82 
250751.95 
250752.07 
250752.20 
250752.33 
250752.45 
250752.58 
250752.71 
250752.84 
250752.96 
250753.09 
250753.22 
250753.35 
250753.48 
250753.61 
250753.73 
250753.86 
250753.99 
250754.12 
250754.25 
250754.38 
250754.50 
250754.62 
250754.76 
250754.87 
250754.99 
250755.11 
250755.23 
250755.36 
250755.48 
250755.62 
250755.75 
250755.86 
250755.97 
250756.07 
250756.18 
250756.29 
250756.40 
250756.51 
250756.62 
250756.73 
250756.86 
250756.97 
250757.08 
250757.19 
250757.33 
250757.43 
250757.57 
250757.68 
250757.79 
250757.90 
250758.01 
250758.12 
250758.22 
250758.35 
250758.46 
250758.57 
250758.68 
250758.79 
250758.93 
250759.04 
250759.15 
250759.26 
250759.39 
250759.50 
250759.64 
250759.74 
250759.85 
250759.96 
250760.07 
250760.18 
250760.29 
250760.40 
250760.50 
250760.61 
250760.75 
250760.86 
250761.00 
250761.11 
250761.22 
250761.33 
250761.43 
250761.54 
250761.65 
250761.76 
250761.87 
250761.98 
250762.09 
250762.23 
250762.37 
250762.48 
250762.61 
250762.73 
250762.87 
250762.98 
250763.10 
250763.22 
250763.34 
250763.45 
250763.57 
250763.70 
250763.82 
250763.94 
250764.06 
250764.17 
250764.29 
250764.41 
250764.52 
250764.65 
250764.77 
250764.90 
250765.02 
250765.16 
250765.28 
250765.41 
250765.52 
250765.66 
250765.80 
250765.93 
250766.07 
250766.21 
250766.33 
250766.47 
250766.61 
250766.74 
250766.87 
250767.00 
250767.12 
250767.25 
250767.37 
250767.50 
250767.62 
250767.75 
250767.87 
250768.00 
250768.12 
250768.25 
250768.37 
250768.49 
250768.62 
250768.74 
250768.86 
250768.98 
250769.10 
250769.22 
250769.34 
250769.46 
250769.58 
250769.71 
250769.83 
250769.97 
250770.10 
250770.23 
250770.35 
250770.48 
250770.60 
250770.72 
250770.85 
250770.97 
250771.09 
250771.21 
250771.34 
250771.46 
250771.58 
250771.71 
250771.83 
250771.95 
250772.08 
250772.20 
250772.33 
250772.45 
250772.57 
250772.70 
250772.82 
250772.94 
250773.07 
250773.19 
250773.31 
250773.44 
250773.56 
250773.68 
250773.80 
250773.92 
250774.05 
250774.17 
250774.29 
250774.41 
250774.55 
250774.67 
250774.79 
250774.91 
250775.04 
250775.15 
250775.27 
250775.39 
250775.50 
250775.64 
250775.77 
250775.89 
250776.01 
250776.15 
250776.26 
250776.39 
250776.51 
250776.63 
250776.74 
250776.86 
250777.00 
250777.11 
250777.24 
250777.36 
250777.49 
250777.61 
250777.73 
250777.85 
250777.97 
250778.10 
250778.22 
250778.35 
250778.48 
250778.61 
250778.73 
250778.85 
250778.97 
250779.11 
250779.23 
250779.35 
250779.47 
250779.59 
250779.72 
250779.84 
250779.95 
250780.08 
250780.20 
250780.33 
250780.45 
250780.58 
250780.70 
250780.82 
250780.93 
250781.05 
250781.17 
250781.29 
250781.42 
250781.54 
250781.66 
250781.79 
250781.92 
250782.05 
250782.17 
250782.30 
250782.42 
250782.53 
250782.65 
250782.77 
250782.89 
250783.00 
250783.11 
250783.24 
250783.36 
250783.47 
250783.60 
250783.72 
250783.85 
250783.97 
250784.09 
250784.22 
250784.34 
250784.48 
250784.60 
250784.72 
250784.84 
250784.97 
250785.10 
250785.22 
250785.34 
250785.47 
250785.59 
250785.71 
250785.83 
250785.95 
250786.07 
250786.18 
250786.30 
250786.43 
250786.55 
250786.66 
250786.79 
250786.91 
250787.03 
250787.15 
250787.28 
250787.41 
250787.54 
250787.65 
250787.76 
250787.88 
250788.00 
250788.13 
250788.24 
250788.38 
250788.49 
250788.62 
250788.74 
250788.85 
250788.98 
250789.11 
250789.23 
250789.35 
250789.48 
250789.60 
250789.71 
250789.85 
250789.96 
250790.08 
250790.20 
250790.32 
250790.44 
250790.56 
250790.69 
250790.81 
250790.92 
250791.04 
250791.16 
250791.28 
250791.40 
250791.52 
250791.64 
250791.76 
250791.89 
250792.02 
250792.14 
250792.26 
250792.38 
250792.52 
250792.64 
250792.76 
250792.89 
250793.00 
250793.13 
250793.24 
250793.35 
250793.47 
250793.60 
250793.72 
250793.84 
250793.97 
250794.09 
250794.22 
250794.34 
250794.46 
250794.58 
250794.71 
250794.83 
250794.95 
250795.08 
250795.20 
250795.32 
250795.44 
250795.57 
250795.68 
250795.80 
250795.93 
250796.05 
250796.17 
250796.28 
250796.41 
250796.53 
250796.66 
250796.79 
250796.91 
250797.03 
250797.16 
250797.29 
250797.41 
250797.53 
250797.64 
250797.77 
250797.88 
250798.01 
250798.13 
250798.25 
250798.37 
250798.50 
250798.62 
250798.75 
250798.89 
250799.01 
250799.14 
250799.25 
250799.36 
250799.48 
250799.60 
250799.73 
250799.85 
250799.97 
250800.10 
250800.23 
250800.37 
250800.48 
250800.60 
250800.74 
250800.87 
250800.99 
250801.11 
250801.23 
250801.35 
250801.47 
250801.60 
250801.73 
250801.86 
250801.98 
250802.09 
250802.22 
250802.35 
250802.46 
250802.58 
250802.70 
250802.82 
250802.95 
250803.07 
250803.19 
250803.31 
250803.43 
250803.56 
250803.67 
250803.79 
250803.92 
250804.04 
250804.15 
250804.28 
250804.42 
250804.53 
250804.65 
250804.76 
250804.88 
250805.01 
250805.12 
250805.24 
250805.35 
250805.47 
250805.59 
250805.71 
250805.83 
250805.95 
250806.07 
250806.19 
250806.31 
250806.45 
250806.56 
250806.68 
250806.80 
250806.92 
250807.06 
250807.18 
250807.30 
250807.42 
250807.54 
250807.66 
250807.77 
250807.90 
250808.02 
250808.14 
250808.25 
250808.37 
250808.49 
250808.62 
250808.73 
250808.86 
250808.97 
250809.10 
250809.22 
250809.34 
250809.46 
250809.58 
250809.70 
250809.82 
250809.94 
250810.06 
250810.18 
250810.29 
250810.41 
250810.54 
250810.67 
250810.79 
250810.91 
250811.03 
250811.16 
250811.27 
250811.39 
250811.51 
250811.63 
250811.75 
250811.87 
250812.00 
250812.12 
250812.23 
250812.35 
250812.47 
250812.59 
250812.72 
250812.84 
250812.97 
250813.09 
250813.21 
250813.33 
250813.45 
250813.56 
250813.68 
250813.81 
250813.94 
250814.05 
250814.17 
250814.29 
250814.41 
250814.53 
250814.65 
250814.78 
250814.89 
250815.01 
250815.13 
250815.25 
250815.37 
250815.50 
250815.62 
250815.74 
250815.87 
250816.00 
250816.12 
250816.25 
250816.38 
250816.50 
250816.62 
250816.75 
250816.87 
250817.00 
250817.12 
250817.24 
250817.36 
250817.48 
250817.60 
250817.72 
250817.84 
250817.97 
250818.10 
250818.22 
250818.35 
250818.47 
250818.59 
250818.71 
250818.84 
250818.97 
250819.10 
250819.23 
250819.35 
250819.47 
250819.61 
250819.73 
250819.85 
250819.98 
250820.10 
250820.22 
250820.35 
250820.46 
250820.58 
250820.70 
250820.83 
250820.95 
250821.07 
250821.21 
250821.33 
250821.47 
250821.59 
250821.71 
250821.82 
250821.95 
250822.07 
250822.19 
250822.30 
250822.42 
250822.55 
250822.67 
250822.80 
250822.92 
250823.04 
250823.17 
250823.30 
250823.42 
250823.54 
250823.66 
250823.78 
250823.91 
250824.03 
250824.15 
250824.27 
250824.39 
250824.52 
250824.65 
250824.77 
250824.90 
250825.02 
250825.14 
250825.25 
250825.37 
250825.49 
250825.61 
250825.73 
250825.85 
250825.97 
250826.10 
250826.22 
250826.34 
250826.46 
250826.59 
250826.72 
250826.84 
250826.96 
250827.08 
250827.20 
250827.32 
250827.43 
250827.55 
250827.67 
250827.79 
250827.92 
250828.04 
250828.16 
250828.28 
250828.41 
250828.53 
250828.66 
250828.78 
250828.91 
250829.03 
250829.16 
250829.27 
250829.40 
250829.52 
250829.65 
250829.77 
250829.89 
250830.01 
250830.13 
250830.25 
250830.38 
250830.51 
250830.64 
250830.77 
250830.89 
250831.01 
250831.13 
250831.25 
250831.37 
250831.49 
250831.62 
250831.74 
250831.86 
250831.98 
250832.11 
250832.24 
250832.35 
250832.48 
250832.60 
250832.72 
250832.85 
250832.97 
250833.08 
250833.19 
250833.32 
250833.44 
250833.56 
250833.68 
250833.80 
250833.91 
250834.04 
250834.16 
250834.28 
250834.40 
250834.54 
250834.67 
250834.80 
250834.92 
250835.05 
250835.17 
250835.29 
250835.42 
250835.55 
250835.68 
250835.81 
250835.93 
250836.04 
250836.17 
250836.29 
250836.41 
250836.53 
250836.66 
250836.77 
250836.89 
250837.01 
250837.13 
250837.25 
250837.37 
250837.49 
250837.62 
250837.74 
250837.85 
250837.98 
250838.11 
250838.23 
250838.34 
250838.46 
250838.59 
250838.72 
250838.84 
250838.96 
250839.08 
250839.21 
250839.32 
250839.44 
250839.57 
250839.71 
250839.83 
250839.97 
250840.09 
250840.21 
250840.34 
250840.45 
250840.57 
250840.69 
250840.81 
250840.94 
250841.06 
250841.17 
250841.29 
250841.42 
250841.55 
250841.67 
250841.81 
250841.93 
250842.06 
250842.19 
250842.31 
250842.42 
250842.54 
250842.66 
250842.77 
250842.89 
250843.02 
250843.14 
250843.25 
250843.37 
250843.50 
250843.63 
250843.75 
250843.87 
250844.00 
250844.11 
250844.23 
250844.37 
250844.49 
250844.61 
250844.73 
250844.87 
250844.99 
250845.11 
250845.23 
250845.36 
250845.47 
250845.60 
250845.72 
250845.85 
250845.96 
250846.09 
250846.22 
250846.34 
250846.47 
250846.59 
250846.71 
250846.83 
250846.95 
250847.07 
250847.19 
250847.31 
250847.43 
250847.55 
250847.67 
250847.79 
250847.92 
250848.06 
250848.18 
250848.30 
250848.42 
250848.54 
250848.67 
250848.79 
250848.91 
250849.02 
250849.13 
250849.25 
250849.37 
250849.49 
250849.61 
250849.73 
250849.86 
250849.98 
250850.11 
250850.23 
250850.35 
250850.47 
250850.59 
250850.72 
250850.84 
250850.96 
250851.10 
250851.22 
250851.34 
250851.47 
250851.59 
250851.71 
250851.82 
250851.95 
250852.08 
250852.20 
250852.32 
250852.44 
250852.57 
250852.69 
250852.81 
250852.94 
250853.07 
250853.18 
250853.30 
250853.43 
250853.54 
250853.67 
250853.79 
250853.91 
250854.04 
250854.15 
250854.26 
250854.39 
250854.51 
250854.64 
250854.76 
250854.88 
250855.00 
250855.12 
250855.24 
250855.35 
250855.48 
250855.60 
250855.72 
250855.84 
250855.96 
250856.09 
250856.21 
250856.33 
250856.45 
250856.57 
250856.70 
250856.82 
250856.93 
250857.05 
250857.16 
250857.29 
250857.41 
250857.55 
250857.67 
250857.79 
250857.91 
250858.03 
250858.16 
250858.28 
250858.40 
250858.52 
250858.65 
250858.76 
250858.87 
250858.99 
250859.10 
250859.22 
250859.34 
250859.46 
250859.59 
250859.71 
250859.83 
250859.96 
250860.08 
250860.19 
250860.31 
250860.43 
250860.56 
250860.68 
250860.80 
250860.92 
250861.04 
250861.16 
250861.28 
250861.40 
250861.52 
250861.64 
250861.77 
250861.88 
250862.01 
250862.13 
250862.26 
250862.37 
250862.48 
250862.59 
250862.71 
250862.84 
250862.95 
250863.07 
250863.19 
250863.31 
250863.44 
250863.57 
250863.69 
250863.81 
250863.93 
250864.05 
250864.18 
250864.30 
250864.43 
250864.55 
250864.69 
250864.82 
250864.94 
250865.06 
250865.19 
250865.33 
250865.45 
250865.56 
250865.67 
250865.80 
250865.91 
250866.03 
250866.15 
250866.28 
250866.41 
250866.53 
250866.66 
250866.80 
250866.91 
250867.02 
250867.16 
250867.29 
250867.42 
250867.54 
250867.68 
250867.80 
250867.92 
250868.04 
250868.16 
250868.27 
250868.40 
250868.53 
250868.65 
250868.78 
250868.91 
250869.03 
250869.16 
250869.29 
250869.42 
250869.54 
250869.67 
250869.79 
250869.91 
250870.04 
250870.17 
250870.30 
250870.43 
250870.55 
250870.68 
250870.81 
250870.94 
250871.07 
250871.20 
250871.33 
250871.45 
250871.58 
250871.71 
250871.84 
250871.97 
250872.10 
250872.23 
250872.36 
250872.49 
250872.61 
250872.74 
250872.86 
250872.99 
250873.12 
250873.25 
250873.37 
250873.50 
250873.63 
250873.75 
250873.88 
250874.01 
250874.15 
250874.29 
250874.42 
250874.55 
250874.68 
250874.81 
250874.93 
250875.05 
250875.18 
250875.31 
250875.44 
250875.56 
250875.69 
250875.81 
250875.95 
250876.07 
250876.20 
250876.32 
250876.45 
250876.58 
250876.71 
250876.84 
250876.97 
250877.10 
250877.22 
250877.35 
250877.48 
250877.60 
250877.73 
250877.86 
250877.98 
250878.11 
250878.24 
250878.38 
250878.51 
250878.63 
250878.75 
250878.88 
250879.01 
250879.13 
250879.26 
250879.39 
250879.51 
250879.64 
250879.77 
250879.89 
250880.02 
250880.15 
250880.28 
250880.41 
250880.54 
250880.66 
250880.79 
250880.92 
250881.05 
250881.17 
250881.30 
250881.43 
250881.56 
250881.69 
250881.81 
250881.93 
250882.06 
250882.18 
250882.31 
250882.43 
250882.56 
250882.69 
250882.82 
250882.95 
250883.07 
250883.20 
250883.32 
250883.45 
250883.59 
250883.71 
250883.84 
250883.96 
250884.09 
250884.22 
250884.35 
250884.48 
250884.60 
250884.73 
250884.86 
250884.99 
250885.11 
250885.24 
250885.37 
250885.49 
250885.62 
250885.75 
250885.87 
250886.00 
250886.13 
250886.26 
250886.39 
250886.52 
250886.64 
250886.77 
250886.90 
250887.02 
250887.15 
250887.28 
250887.40 
250887.53 
250887.66 
250887.79 
250887.91 
250888.04 
250888.16 
250888.29 
250888.41 
250888.54 
250888.67 
250888.80 
250888.93 
250889.05 
250889.18 
250889.31 
250889.44 
250889.56 
250889.69 
250889.82 
250889.94 
250890.07 
250890.19 
250890.32 
250890.45 
250890.58 
250890.71 
250890.83 
250890.96 
250891.08 
250891.21 
250891.34 
250891.47 
250891.60 
250891.72 
250891.85 
250891.98 
250892.10 
250892.23 
250892.36 
250892.49 
250892.61 
250892.74 
250892.87 
250893.00 
250893.13 
250893.26 
250893.38 
250893.51 
250893.64 
250893.77 
250893.89 
250894.02 
250894.15 
250894.27 
250894.40 
250894.53 
250894.66 
250894.79 
250894.92 
250895.05 
250895.18 
250895.32 
250895.45 
250895.57 
250895.70 
250895.83 
250895.96 
250896.09 
250896.22 
250896.34 
250896.47 
250896.60 
250896.73 
250896.85 
250896.98 
250897.11 
250897.24 
250897.37 
250897.49 
250897.62 
250897.75 
250897.88 
250898.01 
250898.14 
250898.26 
250898.39 
250898.52 
250898.65 
250898.77 
250898.90 
250899.02 
250899.14 
250899.26 
250899.39 
250899.52 
250899.64 
250899.77 
250899.90 
250900.02 
250900.15 
250900.28 
250900.40 
250900.53 
250900.66 
250900.79 
250900.91 
250901.04 
250901.17 
250901.29 
250901.42 
250901.54 
250901.67 
250901.79 
250901.92 
250902.05 
250902.17 
250902.30 
250902.43 
250902.55 
250902.68 
250902.81 
250902.93 
250903.06 
250903.19 
250903.32 
250903.45 
250903.58 
250903.70 
250903.83 
250903.96 
250904.09 
250904.22 
250904.35 
250904.48 
250904.60 
250904.73 
250904.86 
250904.99 
250905.12 
250905.25 
250905.39 
250905.52 
250905.64 
250905.77 
250905.90 
250906.02 
250906.15 
250906.28 
250906.41 
250906.54 
250906.67 
250906.79 
250906.92 
250907.05 
250907.18 
250907.30 
250907.43 
250907.56 
250907.69 
250907.81 
250907.94 
250908.07 
250908.21 
250908.34 
250908.47 
250908.59 
250908.72 
250908.84 
250908.97 
250909.09 
250909.22 
250909.35 
250909.47 
250909.60 
250909.73 
250909.86 
250909.99 
250910.11 
250910.24 
250910.37 
250910.49 
250910.62 
250910.75 
250910.88 
250911.00 
250911.13 
250911.26 
250911.39 
250911.52 
250911.64 
250911.77 
250911.89 
250912.02 
250912.15 
250912.27 
250912.40 
250912.53 
250912.66 
250912.79 
250912.92 
250913.05 
250913.18 
250913.30 
250913.43 
250913.56 
250913.68 
250913.81 
250913.94 
250914.07 
250914.20 
250914.33 
250914.44 
250914.56 
250914.68 
250914.81 
250914.93 
250915.06 
250915.19 
250915.32 
250915.45 
250915.58 
250915.70 
250915.85 
250915.97 
250916.10 
250916.23 
250916.36 
250916.49 
250916.61 
250916.74 
250916.87 
250917.00 
250917.13 
250917.25 
250917.38 
250917.51 
250917.64 
250917.77 
250917.89 
250918.02 
250918.15 
250918.30 
250918.43 
250918.56 
250918.68 
250918.81 
250918.94 
250919.07 
250919.19 
250919.32 
250919.45 
250919.58 
250919.70 
250919.83 
250919.95 
250920.08 
250920.21 
250920.33 
250920.46 
250920.59 
250920.71 
250920.84 
250920.97 
250921.10 
250921.22 
250921.35 
250921.48 
250921.61 
250921.74 
250921.86 
250921.99 
250922.12 
250922.25 
250922.38 
250922.50 
250922.63 
250922.75 
250922.89 
250923.02 
250923.15 
250923.28 
250923.40 
250923.53 
250923.66 
250923.79 
250923.91 
250924.04 
250924.17 
250924.30 
250924.43 
250924.56 
250924.68 
250924.81 
250924.94 
250925.07 
250925.20 
250925.33 
250925.45 
250925.58 
250925.71 
250925.84 
250925.96 
250926.09 
250926.22 
250926.35 
250926.48 
250926.61 
250926.73 
250926.86 
250926.99 
250927.11 
250927.24 
250927.36 
250927.49 
250927.62 
250927.75 
250927.88 
250928.01 
250928.13 
250928.28 
250928.41 
250928.54 
250928.66 
250928.79 
250928.91 
250929.04 
250929.17 
250929.29 
250929.42 
250929.55 
250929.68 
250929.80 
250929.92 
250930.04 
250930.15 
250930.27 
250930.40 
250930.52 
250930.65 
250930.78 
250930.90 
250931.03 
250931.15 
250931.28 
250931.41 
250931.54 
250931.67 
250931.79 
250931.92 
250932.05 
250932.18 
250932.31 
250932.44 
250932.56 
250932.69 
250932.82 
250932.93 
250933.05 
250933.18 
250933.31 
250933.44 
250933.56 
250933.69 
250933.82 
250933.95 
250934.08 
250934.20 
250934.33 
250934.46 
250934.59 
250934.71 
250934.84 
250934.97 
250935.10 
250935.23 
250935.36 
250935.49 
250935.62 
250935.75 
250935.89 
250936.02 
250936.14 
250936.27 
250936.40 
250936.52 
250936.65 
250936.78 
250936.90 
250937.03 
250937.16 
250937.29 
250937.42 
250937.54 
250937.67 
250937.80 
250937.93 
250938.05 
250938.18 
250938.31 
250938.44 
250938.57 
250938.69 
250938.82 
250938.94 
250939.07 
250939.19 
250939.32 
250939.45 
250939.58 
250939.71 
250939.83 
250939.96 
250940.09 
250940.21 
250940.34 
250940.47 
250940.60 
250940.73 
250940.85 
250940.98 
250941.11 
250941.24 
250941.37 
250941.49 
250941.62 
250941.75 
250941.88 
250942.00 
250942.13 
250942.26 
250942.39 
250942.52 
250942.65 
250942.77 
250942.90 
250943.03 
250943.16 
250943.28 
250943.41 
250943.53 
250943.66 
250943.79 
250943.91 
250944.04 
250944.17 
250944.29 
250944.42 
250944.55 
250944.69 
250944.82 
250944.95 
250945.07 
250945.20 
250945.33 
250945.45 
250945.57 
250945.69 
250945.82 
250945.95 
250946.08 
250946.20 
250946.33 
250946.46 
250946.59 
250946.72 
250946.85 
250946.97 
250947.10 
250947.23 
250947.36 
250947.49 
250947.61 
250947.74 
250947.87 
250947.99 
250948.12 
250948.25 
250948.38 
250948.51 
250948.63 
250948.76 
250948.89 
250949.02 
250949.15 
250949.28 
250949.41 
250949.53 
250949.66 
250949.79 
250949.92 
250950.05 
250950.17 
250950.30 
250950.43 
250950.56 
250950.68 
250950.81 
250950.94 
250951.06 
250951.19 
250951.32 
250951.45 
250951.59 
250951.72 
250951.85 
250951.97 
250952.10 
250952.23 
250952.36 
250952.49 
250952.63 
250952.76 
250952.88 
250953.01 
250953.14 
250953.27 
250953.40 
250953.53 
250953.66 
250953.78 
250953.91 
250954.04 
250954.16 
250954.29 
250954.41 
250954.55 
250954.68 
250954.80 
250954.93 
250955.06 
250955.19 
250955.31 
250955.44 
250955.56 
250955.69 
250955.82 
250955.95 
250956.07 
250956.20 
250956.33 
250956.46 
250956.59 
250956.72 
250956.84 
250956.97 
250957.12 
250957.25 
250957.37 
250957.50 
250957.63 
250957.75 
250957.88 
250958.01 
250958.13 
250958.26 
250958.39 
250958.52 
250958.65 
250958.77 
250958.90 
250959.03 
250959.15 
250959.28 
250959.40 
250959.53 
250959.66 
250959.79 
250959.91 
250960.04 
250960.16 
250960.29 
250960.42 
250960.55 
250960.68 
250960.81 
250960.93 
250961.06 
250961.18 
250961.31 
250961.44 
250961.56 
250961.69 
250961.82 
250961.95 
250962.09 
250962.22 
250962.35 
250962.48 
250962.60 
250962.73 
250962.86 
250962.98 
250963.11 
250963.24 
250963.37 
250963.49 
250963.62 
250963.75 
250963.88 
250964.00 
250964.12 
250964.25 
250964.39 
250964.52 
250964.65 
250964.77 
250964.90 
250965.03 
250965.15 
250965.28 
250965.41 
250965.54 
250965.67 
250965.79 
250965.92 
250966.05 
250966.17 
250966.30 
250966.43 
250966.56 
250966.68 
250966.81 
250966.94 
250967.06 
250967.19 
250967.32 
250967.45 
250967.58 
250967.70 
250967.82 
250967.95 
250968.08 
250968.20 
250968.33 
250968.46 
250968.59 
250968.72 
250968.84 
250968.97 
250969.10 
250969.22 
250969.35 
250969.48 
250969.60 
250969.73 
250969.86 
250969.99 
250970.12 
250970.25 
250970.37 
250970.50 
250970.63 
250970.76 
250970.89 
250971.01 
250971.14 
250971.27 
250971.40 
250971.53 
250971.65 
250971.78 
250971.91 
250972.04 
250972.16 
250972.29 
250972.42 
250972.55 
250972.68 
250972.81 
250972.93 
250973.06 
250973.19 
250973.32 
250973.44 
250973.57 
250973.70 
250973.82 
250973.95 
250974.08 
250974.21 
250974.33 
250974.46 
250974.59 
250974.72 
250974.85 
250974.97 
250975.10 
250975.23 
250975.36 
250975.49 
250975.61 
250975.74 
250975.87 
250976.00 
250976.12 
250976.25 
250976.38 
250976.50 
250976.62 
250976.75 
250976.87 
250977.00 
250977.13 
250977.26 
250977.39 
250977.52 
250977.65 
250977.77 
250977.90 
250978.03 
250978.15 
250978.27 
250978.40 
250978.53 
250978.66 
250978.79 
250978.92 
250979.04 
250979.17 
250979.30 
250979.44 
250979.56 
250979.69 
250979.82 
250979.95 
250980.08 
250980.20 
250980.33 
250980.46 
250980.59 
250980.72 
250980.85 
250980.97 
250981.10 
250981.23 
250981.35 
250981.48 
250981.61 
250981.73 
250981.86 
250981.99 
250982.12 
250982.25 
250982.38 
250982.50 
250982.63 
250982.76 
250982.89 
250983.01 
250983.14 
250983.27 
250983.39 
250983.52 
250983.65 
250983.77 
250983.90 
250984.03 
250984.15 
250984.28 
250984.42 
250984.55 
250984.67 
250984.80 
250984.93 
250985.06 
250985.19 
250985.32 
250985.45 
250985.58 
250985.71 
250985.84 
250985.96 
250986.09 
250986.22 
250986.35 
250986.47 
250986.60 
250986.73 
250986.85 
250986.98 
250987.11 
250987.25 
250987.38 
250987.51 
250987.64 
250987.76 
250987.89 
250988.02 
250988.15 
250988.28 
250988.41 
250988.54 
250988.66 
250988.79 
250988.92 
250989.05 
250989.17 
250989.30 
250989.43 
250989.56 
250989.68 
250989.81 
250989.93 
250990.06 
250990.19 
250990.32 
250990.45 
250990.58 
250990.71 
250990.83 
250990.96 
250991.08 
250991.21 
250991.33 
250991.46 
250991.60 
250991.72 
250991.85 
250991.97 
250992.09 
250992.21 
250992.33 
250992.46 
250992.59 
250992.71 
250992.85 
250992.99 
250993.12 
250993.25 
250993.38 
250993.51 
250993.64 
250993.77 
250993.90 
250994.03 
250994.15 
250994.27 
250994.40 
250994.53 
250994.65 
250994.78 
250994.91 
250995.04 
250995.17 
250995.29 
250995.42 
250995.55 
250995.68 
250995.80 
250995.93 
250996.06 
250996.18 
250996.31 
250996.44 
250996.56 
250996.69 
250996.81 
250996.94 
250997.07 
250997.20 
250997.32 
250997.45 
250997.58 
250997.72 
250997.85 
250997.98 
250998.10 
250998.23 
250998.36 
250998.48 
250998.61 
250998.74 
250998.86 
250998.99 
250999.12 
250999.25 
250999.38 
250999.51 
250999.64 
250999.76 
250999.89 
251000.02 
251000.15 
251000.28 
251000.41 
251000.54 
251000.66 
251000.79 
251000.92 
251001.04 
251001.17 
251001.29 
251001.42 
251001.55 
251001.68 
251001.81 
251001.94 
251002.07 
251002.20 
251002.33 
251002.46 
251002.58 
251002.71 
251002.84 
251002.97 
251003.09 
251003.22 
251003.34 
251003.47 
251003.60 
251003.73 
251003.85 
251003.98 
251004.11 
251004.23 
251004.36 
251004.49 
251004.61 
251004.74 
251004.87 
251005.00 
251005.12 
251005.25 
251005.37 
251005.50 
251005.63 
251005.76 
251005.89 
251006.01 
251006.14 
251006.27 
251006.39 
251006.51 
251006.64 
251006.77 
251006.90 
251007.03 
251007.16 
251007.29 
251007.41 
251007.54 
251007.65 
251007.77 
251007.90 
251008.02 
251008.16 
251008.29 
251008.42 
251008.55 
251008.68 
251008.80 
251008.93 
251009.06 
251009.19 
251009.31 
251009.44 
251009.58 
251009.71 
251009.84 
251009.97 
251010.09 
251010.22 
251010.35 
251010.48 
251010.61 
251010.73 
251010.86 
251011.01 
251011.13 
251011.26 
251011.39 
251011.51 
251011.64 
251011.77 
251011.90 
251012.02 
251012.15 
251012.28 
251012.41 
251012.53 
251012.66 
251012.79 
251012.91 
251013.04 
251013.17 
251013.29 
251013.42 
251013.55 
251013.68 
251013.80 
251013.93 
251014.06 
251014.19 
251014.31 
251014.44 
251014.57 
251014.70 
251014.83 
251014.95 
251015.08 
251015.21 
251015.34 
251015.46 
251015.59 
251015.72 
251015.85 
251015.97 
251016.10 
251016.23 
251016.36 
251016.49 
251016.61 
251016.74 
251016.87 
251017.00 
251017.13 
251017.25 
251017.38 
251017.51 
251017.64 
251017.77 
251017.90 
251018.02 
251018.15 
251018.28 
251018.41 
251018.54 
251018.66 
251018.79 
251018.92 
251019.05 
251019.17 
251019.30 
251019.43 
251019.56 
251019.69 
251019.81 
251019.94 
251020.07 
251020.20 
251020.33 
251020.45 
251020.58 
251020.71 
251020.84 
251020.97 
251021.09 
251021.22 
251021.35 
251021.48 
251021.61 
251021.74 
251021.86 
251021.99 
251022.12 
251022.24 
251022.37 
251022.50 
251022.63 
251022.75 
251022.87 
251023.00 
251023.12 
251023.25 
251023.37 
251023.50 
251023.63 
251023.76 
251023.88 
251024.01 
251024.14 
251024.27 
251024.40 
251024.53 
251024.65 
251024.78 
251024.91 
251025.04 
251025.16 
251025.29 
251025.42 
251025.55 
251025.68 
251025.81 
251025.93 
251026.06 
251026.18 
251026.31 
251026.44 
251026.57 
251026.70 
251026.83 
251026.95 
251027.08 
251027.21 
251027.34 
251027.47 
251027.59 
251027.72 
251027.85 
251027.97 
251028.10 
251028.23 
251028.36 
251028.48 
251028.61 
251028.74 
251028.87 
251028.99 
251029.13 
251029.25 
251029.38 
251029.50 
251029.63 
251029.76 
251029.88 
251030.01 
251030.14 
251030.27 
251030.40 
251030.53 
251030.65 
251030.78 
251030.91 
251031.05 
251031.18 
251031.30 
251031.43 
251031.56 
251031.69 
251031.81 
251031.94 
251032.07 
251032.19 
251032.32 
251032.45 
251032.57 
251032.70 
251032.83 
251032.96 
251033.09 
251033.21 
251033.34 
251033.47 
251033.59 
251033.72 
251033.85 
251033.98 
251034.10 
251034.23 
251034.36 
251034.49 
251034.62 
251034.75 
251034.88 
251035.01 
251035.13 
251035.26 
251035.39 
251035.52 
251035.65 
251035.77 
251035.90 
251036.03 
251036.16 
251036.28 
251036.41 
251036.54 
251036.67 
251036.80 
251036.93 
251037.05 
251037.18 
251037.31 
251037.44 
251037.57 
251037.69 
251037.82 
251037.95 
251038.08 
251038.20 
251038.32 
251038.44 
251038.56 
251038.69 
251038.82 
251038.95 
251039.07 
251039.20 
251039.33 
251039.46 
251039.58 
251039.71 
251039.84 
251039.96 
251040.09 
251040.22 
251040.35 
251040.48 
251040.60 
251040.73 
251040.86 
251040.99 
251041.11 
251041.24 
251041.37 
251041.49 
251041.62 
251041.75 
251041.88 
251042.01 
251042.15 
251042.28 
251042.41 
251042.54 
251042.66 
251042.79 
251042.91 
251043.04 
251043.17 
251043.30 
251043.43 
251043.55 
251043.68 
251043.81 
251043.93 
251044.05 
251044.18 
251044.30 
251044.43 
251044.56 
251044.68 
251044.81 
251044.94 
251045.07 
251045.20 
251045.32 
251045.45 
251045.57 
251045.72 
251045.85 
251045.98 
251046.11 
251046.24 
251046.36 
251046.49 
251046.62 
251046.75 
251046.87 
251047.00 
251047.13 
251047.26 
251047.38 
251047.51 
251047.64 
251047.77 
251047.89 
251048.02 
251048.15 
251048.28 
251048.41 
251048.54 
251048.66 
251048.79 
251048.92 
251049.05 
251049.17 
251049.29 
251049.42 
251049.55 
251049.68 
251049.81 
251049.93 
251050.06 
251050.19 
251050.32 
251050.45 
251050.58 
251050.70 
251050.83 
251050.95 
251051.08 
251051.21 
251051.34 
251051.46 
251051.59 
251051.72 
251051.85 
251051.97 
251052.10 
251052.22 
251052.35 
251052.48 
251052.60 
251052.73 
251052.86 
251052.99 
251053.12 
251053.24 
251053.37 
251053.50 
251053.62 
251053.74 
251053.86 
251053.98 
251054.11 
251054.23 
251054.36 
251054.49 
251054.61 
251054.74 
251054.87 
251055.00 
251055.13 
251055.26 
251055.39 
251055.52 
251055.65 
251055.77 
251055.90 
251056.03 
251056.16 
251056.28 
251056.41 
251056.54 
251056.67 
251056.79 
251056.93 
251057.05 
251057.18 
251057.31 
251057.44 
251057.56 
251057.69 
251057.82 
251057.95 
251058.08 
251058.21 
251058.33 
251058.46 
251058.59 
251058.72 
251058.84 
251058.97 
251059.10 
251059.22 
251059.35 
251059.48 
251059.61 
251059.73 
251059.86 
251059.99 
251060.12 
251060.25 
251060.37 
251060.50 
251060.63 
251060.76 
251060.89 
251061.02 
251061.15 
251061.27 
251061.41 
251061.54 
251061.66 
251061.79 
251061.92 
251062.05 
251062.17 
251062.30 
251062.43 
251062.56 
251062.69 
251062.81 
251062.94 
251063.07 
251063.20 
251063.33 
251063.45 
251063.58 
251063.71 
251063.84 
251063.96 
251064.09 
251064.22 
251064.35 
251064.48 
251064.60 
251064.73 
251064.86 
251064.99 
251065.13 
251065.26 
251065.38 
251065.51 
251065.64 
251065.78 
251065.91 
251066.04 
251066.17 
251066.29 
251066.42 
251066.55 
251066.68 
251066.81 
251066.93 
251067.06 
251067.19 
251067.32 
251067.44 
251067.57 
251067.70 
251067.83 
251067.96 
251068.09 
251068.24 
251068.37 
251068.50 
251068.62 
251068.75 
251068.88 
251069.00 
251069.13 
251069.27 
251069.39 
251069.51 
251069.64 
251069.76 
251069.89 
251070.02 
251070.15 
251070.28 
251070.41 
251070.54 
251070.67 
251070.80 
251070.93 
251071.05 
251071.18 
251071.31 
251071.43 
251071.56 
251071.69 
251071.82 
251071.95 
251072.08 
251072.20 
251072.33 
251072.46 
251072.59 
251072.72 
251072.84 
251072.97 
251073.10 
251073.23 
251073.35 
251073.48 
251073.61 
251073.74 
251073.86 
251073.99 
251074.12 
251074.25 
251074.37 
251074.50 
251074.63 
251074.76 
251074.89 
251075.01 
251075.14 
251075.27 
251075.40 
251075.53 
251075.66 
251075.79 
251075.92 
251076.04 
251076.17 
251076.30 
251076.43 
251076.56 
251076.68 
251076.81 
251076.96 
251077.09 
251077.21 
251077.34 
251077.47 
251077.59 
251077.72 
251077.85 
251077.98 
251078.10 
251078.23 
251078.35 
251078.48 
251078.61 
251078.73 
251078.86 
251078.99 
251079.12 
251079.25 
251079.37 
251079.50 
251079.63 
251079.75 
251079.88 
251080.01 
251080.14 
251080.27 
251080.40 
251080.53 
251080.65 
251080.78 
251080.91 
251081.03 
251081.16 
251081.29 
251081.42 
251081.55 
251081.67 
251081.80 
251081.93 
251082.06 
251082.18 
251082.31 
251082.44 
251082.57 
251082.70 
251082.83 
251082.96 
251083.08 
251083.21 
251083.34 
251083.47 
251083.60 
251083.72 
251083.85 
251083.98 
251084.11 
251084.24 
251084.36 
251084.49 
251084.62 
251084.75 
251084.86 
251084.98 
251085.10 
251085.23 
251085.36 
251085.49 
251085.61 
251085.74 
251085.87 
251086.00 
251086.13 
251086.25 
251086.38 
251086.50 
251086.63 
251086.76 
251086.89 
251087.01 
251087.14 
251087.27 
251087.40 
251087.53 
251087.65 
251087.78 
251087.91 
251088.04 
251088.17 
251088.29 
251088.42 
251088.55 
251088.67 
251088.80 
251088.93 
251089.05 
251089.18 
251089.31 
251089.43 
251089.56 
251089.69 
251089.81 
251089.93 
251090.06 
251090.18 
251090.31 
251090.44 
251090.57 
251090.69 
251090.82 
251090.95 
251091.08 
251091.21 
251091.34 
251091.46 
251091.59 
251091.72 
251091.85 
251091.98 
251092.11 
251092.23 
251092.36 
251092.49 
251092.62 
251092.75 
251092.88 
251093.00 
251093.13 
251093.26 
251093.39 
251093.52 
251093.64 
251093.77 
251093.90 
251094.03 
251094.16 
251094.28 
251094.41 
251094.54 
251094.67 
251094.80 
251094.92 
251095.05 
251095.19 
251095.32 
251095.45 
251095.58 
251095.70 
251095.83 
251095.96 
251096.09 
251096.21 
251096.34 
251096.47 
251096.60 
251096.72 
251096.85 
251096.98 
251097.11 
251097.24 
251097.37 
251097.50 
251097.62 
251097.75 
251097.88 
251098.01 
251098.13 
251098.26 
251098.39 
251098.52 
251098.64 
251098.77 
251098.89 
251099.02 
251099.15 
251099.27 
251099.40 
251099.53 
251099.66 
251099.79 
251099.92 
251100.04 
251100.16 
251100.28 
251100.41 
251100.54 
251100.67 
251100.79 
251100.92 
251101.05 
251101.18 
251101.31 
251101.44 
251101.56 
251101.69 
251101.82 
251101.95 
251102.09 
251102.21 
251102.34 
251102.47 
251102.59 
251102.72 
251102.85 
251102.97 
251103.10 
251103.23 
251103.36 
251103.48 
251103.61 
251103.74 
251103.87 
251104.00 
251104.13 
251104.25 
251104.38 
251104.51 
251104.64 
251104.76 
251104.89 
251105.02 
251105.15 
251105.27 
251105.40 
251105.53 
251105.66 
251105.78 
251105.91 
251106.04 
251106.17 
251106.29 
251106.42 
251106.55 
251106.68 
251106.81 
251106.93 
251107.06 
251107.19 
251107.31 
251107.45 
251107.58 
251107.71 
251107.83 
251107.96 
251108.08 
251108.21 
251108.34 
251108.46 
251108.59 
251108.72 
251108.84 
251108.97 
251109.10 
251109.23 
251109.36 
251109.48 
251109.61 
251109.74 
251109.87 
251110.00 
251110.12 
251110.25 
251110.38 
251110.51 
251110.64 
251110.76 
251110.89 
251111.02 
251111.14 
251111.27 
251111.40 
251111.53 
251111.65 
251111.78 
251111.91 
251112.04 
251112.16 
251112.29 
251112.42 
251112.55 
251112.68 
251112.81 
251112.94 
251113.06 
251113.19 
251113.32 
251113.44 
251113.57 
251113.69 
251113.82 
251113.95 
251114.08 
251114.20 
251114.33 
251114.46 
251114.59 
251114.72 
251114.84 
251114.97 
251115.10 
251115.23 
251115.36 
251115.48 
251115.61 
251115.73 
251115.85 
251115.97 
251116.10 
251116.24 
251116.37 
251116.50 
251116.63 
251116.76 
251116.89 
251117.02 
251117.15 
251117.27 
251117.40 
251117.53 
251117.66 
251117.79 
251117.91 
251118.04 
251118.17 
251118.30 
251118.42 
251118.55 
251118.68 
251118.81 
251118.94 
251119.06 
251119.19 
251119.32 
251119.45 
251119.58 
251119.71 
251119.83 
251119.96 
251120.09 
251120.21 
251120.34 
251120.46 
251120.59 
251120.72 
251120.85 
251120.97 
251121.10 
251121.23 
251121.36 
251121.48 
251121.61 
251121.74 
251121.87 
251122.00 
251122.12 
251122.25 
251122.38 
251122.51 
251122.64 
251122.76 
251122.89 
251123.02 
251123.15 
251123.30 
251123.43 
251123.55 
251123.68 
251123.80 
251123.93 
251124.06 
251124.19 
251124.32 
251124.45 
251124.57 
251124.70 
251124.82 
251124.95 
251125.08 
251125.20 
251125.33 
251125.46 
251125.59 
251125.72 
251125.85 
251125.98 
251126.10 
251126.23 
251126.36 
251126.49 
251126.61 
251126.74 
251126.87 
251127.00 
251127.12 
251127.25 
251127.38 
251127.51 
251127.65 
251127.78 
251127.91 
251128.03 
251128.16 
251128.29 
251128.42 
251128.54 
251128.67 
251128.79 
251128.92 
251129.05 
251129.17 
251129.30 
251129.43 
251129.57 
251129.69 
251129.82 
251129.95 
251130.07 
251130.20 
251130.33 
251130.45 
251130.58 
251130.72 
251130.85 
251130.98 
251131.10 
251131.22 
251131.34 
251131.46 
251131.58 
251131.71 
251131.84 
251131.96 
251132.09 
251132.22 
251132.35 
251132.48 
251132.60 
251132.73 
251132.86 
251132.99 
251133.12 
251133.24 
251133.37 
251133.50 
251133.63 
251133.75 
251133.88 
251134.01 
251134.14 
251134.27 
251134.40 
251134.53 
251134.65 
251134.78 
251134.91 
251135.04 
251135.16 
251135.29 
251135.42 
251135.55 
251135.69 
251135.82 
251135.94 
251136.07 
251136.20 
251136.32 
251136.45 
251136.58 
251136.70 
251136.83 
251136.96 
251137.09 
251137.21 
251137.34 
251137.47 
251137.60 
251137.73 
251137.85 
251137.98 
251138.11 
251138.24 
251138.36 
251138.49 
251138.61 
251138.74 
251138.86 
251138.99 
251139.11 
251139.24 
251139.37 
251139.49 
251139.62 
251139.75 
251139.88 
251140.01 
251140.13 
251140.26 
251140.38 
251140.51 
251140.63 
251140.76 
251140.89 
251141.01 
251141.14 
251141.27 
251141.39 
251141.52 
251141.65 
251141.78 
251141.91 
251142.03 
251142.16 
251142.29 
251142.42 
251142.54 
251142.67 
251142.80 
251142.92 
251143.05 
251143.18 
251143.30 
251143.43 
251143.56 
251143.69 
251143.81 
251143.94 
251144.06 
251144.19 
251144.31 
251144.44 
251144.57 
251144.69 
251144.82 
251144.95 
251145.08 
251145.21 
251145.34 
251145.47 
251145.59 
251145.72 
251145.85 
251145.98 
251146.10 
251146.23 
251146.36 
251146.48 
251146.60 
251146.74 
251146.87 
251146.99 
251147.11 
251147.25 
251147.38 
251147.51 
251147.64 
251147.77 
251147.89 
251148.02 
251148.14 
251148.28 
251148.41 
251148.54 
251148.67 
251148.79 
251148.92 
251149.05 
251149.18 
251149.30 
251149.43 
251149.56 
251149.69 
251149.81 
251149.94 
251150.07 
251150.19 
251150.31 
251150.44 
251150.57 
251150.69 
251150.82 
251150.95 
251151.08 
251151.20 
251151.33 
251151.45 
251151.58 
251151.71 
251151.83 
251151.96 
251152.09 
251152.22 
251152.34 
251152.46 
251152.59 
251152.72 
251152.85 
251152.97 
251153.10 
251153.23 
251153.36 
251153.48 
251153.61 
251153.74 
251153.86 
251153.99 
251154.12 
251154.25 
251154.37 
251154.50 
251154.63 
251154.76 
251154.89 
251155.01 
251155.14 
251155.27 
251155.40 
251155.53 
251155.66 
251155.78 
251155.91 
251156.04 
251156.17 
251156.29 
251156.42 
251156.55 
251156.68 
251156.81 
251156.94 
251157.06 
251157.19 
251157.32 
251157.45 
251157.58 
251157.70 
251157.83 
251157.95 
251158.08 
251158.20 
251158.33 
251158.46 
251158.60 
251158.73 
251158.85 
251158.98 
251159.11 
251159.24 
251159.37 
251159.49 
251159.62 
251159.75 
251159.88 
251160.01 
251160.14 
251160.26 
251160.39 
251160.52 
251160.65 
251160.78 
251160.90 
251161.03 
251161.16 
251161.29 
251161.41 
251161.53 
251161.66 
251161.79 
251161.92 
251162.04 
251162.17 
251162.30 
251162.42 
251162.54 
251162.67 
251162.80 
251162.92 
251163.05 
251163.18 
251163.31 
251163.44 
251163.56 
251163.69 
251163.82 
251163.95 
251164.08 
251164.21 
251164.33 
251164.46 
251164.59 
251164.72 
251164.85 
251164.97 
251165.10 
251165.23 
251165.36 
251165.49 
251165.61 
251165.74 
251165.87 
251166.00 
251166.13 
251166.25 
251166.38 
251166.51 
251166.64 
251166.76 
251166.89 
251167.02 
251167.15 
251167.28 
251167.41 
251167.53 
251167.66 
251167.79 
251167.92 
251168.04 
251168.17 
251168.30 
251168.43 
251168.56 
251168.68 
251168.81 
251168.94 
251169.07 
251169.20 
251169.32 
251169.45 
251169.58 
251169.71 
251169.85 
251169.98 
251170.10 
251170.25 
251170.37 
251170.50 
251170.63 
251170.76 
251170.89 
251171.01 
251171.14 
251171.27 
251171.40 
251171.53 
251171.66 
251171.78 
251171.91 
251172.04 
251172.17 
251172.29 
251172.42 
251172.55 
251172.68 
251172.81 
251172.94 
251173.07 
251173.19 
251173.32 
251173.45 
251173.58 
251173.70 
251173.83 
251173.96 
251174.09 
251174.21 
251174.34 
251174.47 
251174.60 
251174.73 
251174.85 
251174.98 
251175.11 
251175.24 
251175.37 
251175.49 
251175.62 
251175.75 
251175.88 
251176.01 
251176.14 
251176.26 
251176.39 
251176.53 
251176.66 
251176.78 
251176.91 
251177.03 
251177.16 
251177.29 
251177.42 
251177.54 
251177.66 
251177.78 
251177.90 
251178.04 
251178.17 
251178.30 
251178.42 
251178.55 
251178.67 
251178.80 
251178.93 
251179.06 
251179.19 
251179.32 
251179.45 
251179.58 
251179.70 
251179.83 
251179.96 
251180.08 
251180.21 
251180.33 
251180.46 
251180.59 
251180.71 
251180.84 
251180.97 
251181.10 
251181.22 
251181.35 
251181.48 
251181.61 
251181.73 
251181.86 
251181.99 
251182.11 
251182.24 
251182.36 
251182.48 
251182.60 
251182.72 
251182.85 
251182.97 
251183.10 
251183.23 
251183.35 
251183.48 
251183.61 
251183.73 
251183.86 
251183.99 
251184.12 
251184.24 
251184.37 
251184.50 
251184.63 
251184.76 
251184.89 
251185.01 
251185.14 
251185.27 
251185.40 
251185.53 
251185.65 
251185.78 
251185.91 
251186.03 
251186.16 
251186.29 
251186.42 
251186.55 
251186.68 
251186.81 
251186.94 
251187.07 
251187.19 
251187.32 
251187.45 
251187.57 
251187.70 
251187.83 
251187.95 
251188.08 
251188.21 
251188.34 
251188.46 
251188.59 
251188.72 
251188.85 
251188.97 
251189.10 
251189.23 
251189.36 
251189.48 
251189.61 
251189.74 
251189.86 
251189.99 
251190.12 
251190.26 
251190.39 
251190.51 
251190.65 
251190.78 
251190.90 
251191.03 
251191.15 
251191.28 
251191.41 
251191.54 
251191.66 
251191.79 
251191.92 
251192.05 
251192.17 
251192.30 
251192.43 
251192.55 
251192.68 
251192.81 
251192.93 
251193.06 
251193.20 
251193.32 
251193.45 
251193.58 
251193.70 
251193.83 
251193.96 
251194.09 
251194.22 
251194.35 
251194.48 
251194.61 
251194.73 
251194.86 
251194.99 
251195.12 
251195.25 
251195.38 
251195.51 
251195.64 
251195.76 
251195.89 
251196.01 
251196.14 
251196.27 
251196.39 
251196.51 
251196.64 
251196.77 
251196.90 
251197.04 
251197.17 
251197.30 
251197.43 
251197.56 
251197.69 
251197.81 
251197.94 
251198.07 
251198.20 
251198.32 
251198.45 
251198.57 
251198.70 
251198.83 
251198.96 
251199.08 
251199.21 
251199.34 
251199.47 
251199.61 
251199.74 
251199.87 
251199.99 
251200.12 
251200.24 
251200.40 
251200.52 
251200.65 
251200.78 
251200.91 
251201.03 
251201.16 
251201.29 
251201.41 
251201.54 
251201.67 
251201.80 
251201.93 
251202.05 
251202.17 
251202.30 
251202.43 
251202.56 
251202.68 
251202.82 
251202.95 
251203.08 
251203.20 
251203.33 
251203.46 
251203.59 
251203.72 
251203.84 
251203.97 
251204.09 
251204.22 
251204.35 
251204.48 
251204.61 
251204.75 
251204.87 
251204.99 
251205.12 
251205.25 
251205.38 
251205.51 
251205.64 
251205.77 
251205.89 
251206.02 
251206.15 
251206.28 
251206.41 
251206.54 
251206.66 
251206.79 
251206.92 
251207.05 
251207.17 
251207.30 
251207.43 
251207.56 
251207.69 
251207.81 
251207.94 
251208.07 
251208.20 
251208.33 
251208.45 
251208.57 
251208.70 
251208.82 
251208.95 
251209.08 
251209.21 
251209.33 
251209.46 
251209.58 
251209.71 
251209.84 
251209.96 
251210.09 
251210.22 
251210.35 
251210.47 
251210.59 
251210.72 
251210.85 
251210.97 
251211.10 
251211.23 
251211.36 
251211.49 
251211.61 
251211.74 
251211.87 
251212.00 
251212.12 
251212.25 
251212.38 
251212.51 
251212.63 
251212.76 
251212.89 
251213.01 
251213.14 
251213.27 
251213.40 
251213.53 
251213.66 
251213.79 
251213.92 
251214.05 
251214.17 
251214.30 
251214.43 
251214.56 
251214.69 
251214.81 
251214.94 
251215.07 
251215.20 
251215.33 
251215.45 
251215.58 
251215.71 
251215.84 
251215.96 
251216.09 
251216.22 
251216.35 
251216.47 
251216.60 
251216.74 
251216.86 
251216.99 
251217.12 
251217.25 
251217.37 
251217.50 
251217.63 
251217.75 
251217.88 
251218.01 
251218.13 
251218.26 
251218.39 
251218.52 
251218.65 
251218.77 
251218.90 
251219.02 
251219.15 
251219.28 
251219.40 
251219.53 
251219.66 
251219.79 
251219.91 
251220.05 
251220.17 
251220.30 
251220.43 
251220.56 
251220.68 
251220.81 
251220.94 
251221.07 
251221.19 
251221.32 
251221.44 
251221.57 
251221.70 
251221.82 
251221.95 
251222.08 
251222.20 
251222.33 
251222.46 
251222.59 
251222.71 
251222.84 
251222.97 
251223.09 
251223.23 
251223.36 
251223.49 
251223.61 
251223.74 
251223.87 
251223.99 
251224.11 
251224.22 
251224.35 
251224.47 
251224.60 
251224.73 
251224.86 
251224.98 
251225.11 
251225.24 
251225.37 
251225.50 
251225.62 
251225.75 
251225.88 
251226.01 
251226.14 
251226.26 
251226.39 
251226.52 
251226.65 
251226.78 
251226.91 
251227.04 
251227.16 
251227.30 
251227.42 
251227.55 
251227.68 
251227.80 
251227.93 
251228.06 
251228.18 
251228.31 
251228.44 
251228.57 
251228.69 
251228.82 
251228.95 
251229.08 
251229.21 
251229.34 
251229.47 
251229.59 
251229.72 
251229.84 
251229.97 
251230.10 
251230.23 
251230.36 
251230.48 
251230.62 
251230.75 
251230.88 
251231.00 
251231.13 
251231.26 
251231.39 
251231.52 
251231.65 
251231.77 
251231.90 
251232.03 
251232.15 
251232.28 
251232.41 
251232.54 
251232.67 
251232.80 
251232.93 
251233.05 
251233.18 
251233.30 
251233.43 
251233.56 
251233.69 
251233.81 
251233.94 
251234.07 
251234.20 
251234.33 
251234.45 
251234.58 
251234.71 
251234.84 
251234.97 
251235.09 
251235.22 
251235.35 
251235.48 
251235.61 
251235.74 
251235.87 
251235.99 
251236.12 
251236.25 
251236.37 
251236.50 
251236.63 
251236.76 
251236.89 
251237.01 
251237.14 
251237.27 
251237.40 
251237.53 
251237.66 
251237.78 
251237.91 
251238.03 
251238.16 
251238.29 
251238.41 
251238.54 
251238.67 
251238.79 
251238.92 
251239.05 
251239.18 
251239.30 
251239.42 
251239.54 
251239.66 
251239.79 
251239.92 
251240.05 
251240.17 
251240.30 
251240.42 
251240.55 
251240.67 
251240.82 
251240.95 
251241.07 
251241.20 
251241.33 
251241.46 
251241.58 
251241.71 
251241.83 
251241.96 
251242.09 
251242.21 
251242.34 
251242.47 
251242.60 
251242.72 
251242.84 
251242.97 
251243.10 
251243.23 
251243.35 
251243.48 
251243.61 
251243.74 
251243.87 
251244.00 
251244.13 
251244.26 
251244.38 
251244.52 
251244.65 
251244.77 
251244.90 
251245.03 
251245.16 
251245.29 
251245.42 
251245.55 
251245.67 
251245.80 
251245.93 
251246.06 
251246.19 
251246.31 
251246.44 
251246.57 
251246.70 
251246.83 
251246.95 
251247.08 
251247.21 
251247.34 
251247.47 
251247.59 
251247.72 
251247.85 
251247.98 
251248.11 
251248.23 
251248.36 
251248.49 
251248.62 
251248.75 
251248.90 
251249.02 
251249.15 
251249.28 
251249.41 
251249.54 
251249.66 
251249.79 
251249.92 
251250.04 
251250.17 
251250.30 
251250.43 
251250.55 
251250.68 
251250.81 
251250.94 
251251.06 
251251.19 
251251.32 
251251.45 
251251.58 
251251.70 
251251.83 
251251.96 
251252.08 
251252.21 
251252.34 
251252.47 
251252.60 
251252.73 
251252.85 
251252.98 
251253.10 
251253.23 
251253.36 
251253.48 
251253.61 
251253.74 
251253.86 
251253.99 
251254.12 
251254.25 
251254.37 
251254.50 
251254.63 
251254.76 
251254.88 
251255.00 
251255.12 
251255.25 
251255.38 
251255.51 
251255.64 
251255.77 
251255.89 
251256.02 
251256.15 
251256.28 
251256.41 
251256.54 
251256.66 
251256.79 
251256.92 
251257.05 
251257.18 
251257.31 
251257.44 
251257.56 
251257.69 
251257.81 
251257.95 
251258.07 
251258.20 
251258.32 
251258.45 
251258.58 
251258.70 
251258.83 
251258.96 
251259.08 
251259.21 
251259.34 
251259.47 
251259.60 
251259.72 
251259.85 
251259.98 
251260.11 
251260.23 
251260.36 
251260.49 
251260.62 
251260.75 
251260.88 
251261.00 
251261.13 
251261.26 
251261.39 
251261.52 
251261.65 
251261.77 
251261.90 
251262.03 
251262.16 
251262.28 
251262.42 
251262.54 
251262.67 
251262.80 
251262.93 
251263.05 
251263.18 
251263.31 
251263.44 
251263.56 
251263.70 
251263.83 
251263.96 
251264.09 
251264.23 
251264.36 
251264.49 
251264.62 
251264.74 
251264.87 
251265.00 
251265.13 
251265.25 
251265.38 
251265.51 
251265.64 
251265.76 
251265.89 
251266.02 
251266.15 
251266.28 
251266.40 
251266.53 
251266.66 
251266.78 
251266.91 
251267.04 
251267.16 
251267.29 
251267.42 
251267.55 
251267.68 
251267.80 
251267.93 
251268.07 
251268.20 
251268.33 
251268.47 
251268.60 
251268.73 
251268.85 
251268.98 
251269.11 
251269.24 
251269.37 
251269.49 
251269.62 
251269.75 
251269.88 
251270.00 
251270.13 
251270.26 
251270.38 
251270.52 
251270.64 
251270.77 
251270.89 
251271.02 
251271.14 
251271.27 
251271.40 
251271.53 
251271.66 
251271.78 
251271.91 
251272.04 
251272.17 
251272.29 
251272.42 
251272.55 
251272.67 
251272.80 
251272.93 
251273.06 
251273.19 
251273.32 
251273.45 
251273.58 
251273.70 
251273.83 
251273.96 
251274.09 
251274.22 
251274.34 
251274.47 
251274.60 
251274.73 
251274.85 
251274.98 
251275.11 
251275.24 
251275.37 
251275.50 
251275.62 
251275.75 
251275.90 
251276.02 
251276.15 
251276.28 
251276.40 
251276.53 
251276.67 
251276.80 
251276.92 
251277.06 
251277.19 
251277.32 
251277.45 
251277.57 
251277.70 
251277.83 
251277.96 
251278.09 
251278.21 
251278.34 
251278.47 
251278.60 
251278.73 
251278.85 
251278.98 
251279.11 
251279.24 
251279.37 
251279.50 
251279.62 
251279.75 
251279.88 
251280.01 
251280.14 
251280.26 
251280.39 
251280.52 
251280.65 
251280.78 
251280.91 
251281.04 
251281.16 
251281.29 
251281.42 
251281.55 
251281.67 
251281.80 
251281.93 
251282.06 
251282.18 
251282.31 
251282.44 
251282.57 
251282.70 
251282.82 
251282.95 
251283.08 
251283.20 
251283.33 
251283.47 
251283.59 
251283.72 
251283.85 
251283.97 
251284.10 
251284.23 
251284.36 
251284.49 
251284.61 
251284.74 
251284.87 
251285.00 
251285.12 
251285.25 
251285.38 
251285.50 
251285.63 
251285.76 
251285.88 
251286.00 
251286.12 
251286.24 
251286.38 
251286.51 
251286.64 
251286.76 
251286.89 
251287.02 
251287.15 
251287.28 
251287.40 
251287.53 
251287.66 
251287.79 
251287.92 
251288.04 
251288.17 
251288.30 
251288.43 
251288.55 
251288.68 
251288.81 
251288.94 
251289.06 
251289.19 
251289.32 
251289.45 
251289.57 
251289.70 
251289.83 
251289.96 
251290.09 
251290.21 
251290.34 
251290.47 
251290.60 
251290.73 
251290.87 
251291.00 
251291.13 
251291.26 
251291.38 
251291.51 
251291.64 
251291.77 
251291.89 
251292.02 
251292.15 
251292.29 
251292.41 
251292.54 
251292.67 
251292.80 
251292.92 
251293.05 
251293.18 
251293.30 
251293.43 
251293.56 
251293.69 
251293.81 
251293.95 
251294.07 
251294.20 
251294.33 
251294.45 
251294.58 
251294.71 
251294.84 
251294.97 
251295.09 
251295.22 
251295.35 
251295.48 
251295.60 
251295.73 
251295.86 
251295.98 
251296.11 
251296.24 
251296.36 
251296.49 
251296.62 
251296.74 
251296.87 
251297.00 
251297.13 
251297.26 
251297.38 
251297.51 
251297.64 
251297.77 
251297.89 
251298.02 
251298.15 
251298.27 
251298.40 
251298.53 
251298.66 
251298.79 
251298.91 
251299.04 
251299.16 
251299.28 
251299.40 
251299.51 
251299.62 
251299.75 
251299.86 
251299.97 
251300.08 
251300.19 
251300.30 
251300.41 
251300.54 
251300.65 
251300.76 
251300.87 
251301.01 
251301.12 
251301.22 
251301.33 
251301.44 
251301.55 
251301.66 
251301.77 
251301.88 
251302.02 
251302.12 
251302.23 
251302.34 
251302.48 
251302.59 
251302.73 
251302.83 
251302.94 
251303.08 
251303.19 
251303.29 
251303.40 
251303.51 
251303.62 
251303.76 
251303.87 
251303.98 
251304.09 
251304.23 
251304.33 
251304.44 
251304.55 
251304.66 
251304.77 
251304.88 
251304.99 
251305.10 
251305.21 
251305.34 
251305.45 
251305.56 
251305.67 
251305.78 
251305.89 
251306.00 
251306.11 
251306.25 
251306.36 
251306.49 
251306.61 
251306.73 
251306.85 
251306.97 
251307.09 
251307.21 
251307.33 
251307.45 
251307.57 
251307.69 
251307.81 
251307.93 
251308.05 
251308.17 
251308.29 
251308.42 
251308.53 
251308.64 
251308.77 
251308.90 
251309.02 
251309.17 
251309.31 
251309.43 
251309.55 
251309.68 
251309.80 
251309.92 
251310.04 
251310.16 
251310.28 
251310.42 
251310.55 
251310.66 
251310.80 
251310.93 
251311.05 
251311.17 
251311.29 
251311.43 
251311.55 
251311.68 
251311.80 
251311.92 
251312.04 
251312.17 
251312.28 
251312.40 
251312.53 
251312.64 
251312.78 
251312.90 
251313.03 
251313.15 
251313.28 
251313.40 
251313.52 
251313.65 
251313.77 
251313.89 
251314.02 
251314.14 
251314.27 
251314.39 
251314.51 
251314.64 
251314.76 
251314.88 
251315.01 
251315.13 
251315.26 
251315.38 
251315.51 
251315.63 
251315.76 
251315.88 
251316.00 
251316.13 
251316.25 
251316.38 
251316.50 
251316.63 
251316.75 
251316.87 
251317.00 
251317.12 
251317.25 
251317.37 
251317.51 
251317.63 
251317.76 
251317.88 
251318.00 
251318.13 
251318.25 
251318.38 
251318.50 
251318.63 
251318.75 
251318.87 
251319.00 
251319.12 
251319.25 
251319.38 
251319.51 
251319.63 
251319.77 
251319.89 
251320.01 
251320.14 
251320.26 
251320.38 
251320.51 
251320.64 
251320.76 
251320.89 
251321.01 
251321.13 
251321.26 
251321.38 
251321.51 
251321.63 
251321.76 
251321.88 
251322.01 
251322.13 
251322.26 
251322.38 
251322.51 
251322.64 
251322.76 
251322.88 
251323.00 
251323.13 
251323.25 
251323.38 
251323.50 
251323.62 
251323.75 
251323.87 
251323.99 
251324.12 
251324.24 
251324.37 
251324.49 
251324.62 
251324.74 
251324.87 
251324.99 
251325.11 
251325.23 
251325.36 
251325.48 
251325.61 
251325.73 
251325.87 
251325.99 
251326.12 
251326.25 
251326.37 
251326.49 
251326.62 
251326.74 
251326.86 
251326.98 
251327.11 
251327.23 
251327.35 
251327.48 
251327.60 
251327.73 
251327.85 
251327.98 
251328.10 
251328.23 
251328.35 
251328.47 
251328.60 
251328.72 
251328.86 
251328.99 
251329.11 
251329.24 
251329.36 
251329.48 
251329.61 
251329.73 
251329.86 
251329.98 
251330.10 
251330.22 
251330.36 
251330.48 
251330.60 
251330.73 
251330.85 
251330.97 
251331.10 
251331.24 
251331.36 
251331.48 
251331.61 
251331.73 
251331.86 
251331.98 
251332.12 
251332.25 
251332.37 
251332.50 
251332.62 
251332.74 
251332.85 
251332.97 
251333.11 
251333.24 
251333.36 
251333.48 
251333.62 
251333.75 
251333.87 
251334.00 
251334.12 
251334.24 
251334.37 
251334.49 
251334.62 
251334.74 
251334.86 
251334.99 
251335.11 
251335.24 
251335.36 
251335.48 
251335.61 
251335.72 
251335.84 
251335.96 
251336.09 
251336.21 
251336.34 
251336.46 
251336.58 
251336.70 
251336.83 
251336.95 
251337.08 
251337.20 
251337.33 
251337.45 
251337.58 
251337.70 
251337.83 
251337.95 
251338.07 
251338.20 
251338.32 
251338.45 
251338.57 
251338.70 
251338.82 
251338.95 
251339.07 
251339.21 
251339.33 
251339.46 
251339.58 
251339.72 
251339.82 
251339.95 
251340.08 
251340.20 
251340.32 
251340.45 
251340.58 
251340.71 
251340.83 
251340.95 
251341.08 
251341.21 
251341.34 
251341.46 
251341.59 
251341.72 
251341.84 
251341.97 
251342.10 
251342.23 
251342.36 
251342.49 
251342.62 
251342.75 
251342.88 
251343.00 
251343.13 
251343.26 
251343.39 
251343.52 
251343.65 
251343.77 
251343.90 
251344.02 
251344.15 
251344.28 
251344.41 
251344.54 
251344.67 
251344.80 
251344.91 
251345.04 
251345.16 
251345.29 
251345.42 
251345.55 
251345.67 
251345.80 
251345.93 
251346.06 
251346.19 
251346.32 
251346.45 
251346.57 
251346.70 
251346.83 
251346.95 
251347.08 
251347.21 
251347.33 
251347.46 
251347.59 
251347.71 
251347.84 
251347.96 
251348.09 
251348.22 
251348.35 
251348.48 
251348.61 
251348.73 
251348.86 
251348.99 
251349.12 
251349.25 
251349.37 
251349.50 
251349.63 
251349.75 
251349.88 
251350.01 
251350.14 
251350.26 
251350.39 
251350.51 
251350.64 
251350.77 
251350.90 
251351.04 
251351.17 
251351.29 
251351.42 
251351.55 
251351.67 
251351.81 
251351.94 
251352.07 
251352.20 
251352.33 
251352.45 
251352.58 
251352.71 
251352.84 
251352.96 
251353.09 
251353.22 
251353.35 
251353.47 
251353.60 
251353.72 
251353.85 
251353.97 
251354.09 
251354.22 
251354.36 
251354.49 
251354.61 
251354.73 
251354.87 
251355.00 
251355.13 
251355.26 
251355.38 
251355.51 
251355.64 
251355.76 
251355.89 
251356.01 
251356.13 
251356.26 
251356.38 
251356.50 
251356.63 
251356.75 
251356.88 
251357.00 
251357.13 
251357.25 
251357.38 
251357.50 
251357.63 
251357.75 
251357.88 
251358.01 
251358.13 
251358.28 
251358.41 
251358.53 
251358.66 
251358.79 
251358.91 
251359.04 
251359.16 
251359.29 
251359.42 
251359.54 
251359.66 
251359.79 
251359.91 
251360.04 
251360.16 
251360.29 
251360.41 
251360.54 
251360.66 
251360.79 
251360.91 
251361.04 
251361.17 
251361.29 
251361.41 
251361.53 
251361.66 
251361.78 
251361.91 
251362.03 
251362.16 
251362.28 
251362.41 
251362.53 
251362.66 
251362.79 
251362.91 
251363.04 
251363.16 
251363.29 
251363.41 
251363.54 
251363.67 
251363.80 
251363.92 
251364.05 
251364.18 
251364.31 
251364.44 
251364.56 
251364.69 
251364.81 
251364.94 
251365.06 
251365.19 
251365.32 
251365.44 
251365.57 
251365.69 
251365.82 
251365.95 
251366.07 
251366.20 
251366.32 
251366.44 
251366.57 
251366.69 
251366.81 
251366.94 
251367.07 
251367.19 
251367.32 
251367.44 
251367.57 
251367.69 
251367.82 
251367.94 
251368.06 
251368.19 
251368.31 
251368.44 
251368.57 
251368.70 
251368.82 
251368.95 
251369.08 
251369.20 
251369.33 
251369.46 
251369.58 
251369.71 
251369.84 
251369.97 
251370.09 
251370.22 
251370.35 
251370.47 
251370.60 
251370.73 
251370.85 
251370.98 
251371.11 
251371.24 
251371.36 
251371.49 
251371.62 
251371.75 
251371.88 
251372.00 
251372.13 
251372.26 
251372.38 
251372.51 
251372.63 
251372.76 
251372.88 
251373.01 
251373.14 
251373.26 
251373.39 
251373.51 
251373.64 
251373.76 
251373.89 
251374.02 
251374.14 
251374.27 
251374.39 
251374.52 
251374.65 
251374.78 
251374.90 
251375.03 
251375.16 
251375.29 
251375.41 
251375.54 
251375.67 
251375.79 
251375.92 
251376.04 
251376.17 
251376.30 
251376.42 
251376.55 
251376.68 
251376.80 
251376.93 
251377.05 
251377.18 
251377.30 
251377.43 
251377.56 
251377.68 
251377.80 
251377.93 
251378.06 
251378.18 
251378.31 
251378.44 
251378.56 
251378.68 
251378.81 
251378.94 
251379.06 
251379.19 
251379.31 
251379.44 
251379.56 
251379.69 
251379.81 
251379.94 
251380.07 
251380.20 
251380.33 
251380.47 
251380.59 
251380.72 
251380.84 
251380.97 
251381.10 
251381.23 
251381.35 
251381.48 
251381.60 
251381.72 
251381.85 
251381.97 
251382.10 
251382.22 
251382.35 
251382.47 
251382.60 
251382.72 
251382.85 
251382.98 
251383.10 
251383.22 
251383.35 
251383.47 
251383.59 
251383.72 
251383.85 
251383.97 
251384.10 
251384.23 
251384.35 
251384.48 
251384.60 
251384.73 
251384.86 
251384.98 
251385.11 
251385.23 
251385.36 
251385.48 
251385.60 
251385.73 
251385.86 
251385.98 
251386.11 
251386.23 
251386.36 
251386.49 
251386.61 
251386.74 
251386.87 
251386.99 
251387.11 
251387.24 
251387.37 
251387.49 
251387.62 
251387.75 
251387.88 
251388.00 
251388.13 
251388.25 
251388.38 
251388.51 
251388.63 
251388.75 
251388.88 
251389.00 
251389.13 
251389.25 
251389.37 
251389.50 
251389.63 
251389.75 
251389.88 
251390.01 
251390.13 
251390.26 
251390.39 
251390.52 
251390.65 
251390.77 
251390.90 
251391.03 
251391.15 
251391.28 
251391.40 
251391.53 
251391.66 
251391.79 
251391.91 
251392.04 
251392.17 
251392.30 
251392.42 
251392.55 
251392.68 
251392.80 
251392.93 
251393.06 
251393.19 
251393.32 
251393.44 
251393.57 
251393.69 
251393.82 
251393.95 
251394.07 
251394.19 
251394.32 
251394.44 
251394.57 
251394.69 
251394.82 
251394.94 
251395.07 
251395.19 
251395.32 
251395.44 
251395.57 
251395.69 
251395.82 
251395.94 
251396.07 
251396.19 
251396.32 
251396.44 
251396.57 
251396.69 
251396.82 
251396.94 
251397.07 
251397.20 
251397.32 
251397.45 
251397.58 
251397.71 
251397.83 
251397.96 
251398.08 
251398.21 
251398.33 
251398.46 
251398.58 
251398.71 
251398.84 
251398.97 
251399.09 
251399.22 
251399.34 
251399.46 
251399.58 
251399.70 
251399.82 
251399.95 
251400.07 
251400.20 
251400.32 
251400.45 
251400.58 
251400.71 
251400.84 
251400.97 
251401.09 
251401.22 
251401.35 
251401.47 
251401.59 
251401.72 
251401.85 
251401.97 
251402.10 
251402.23 
251402.36 
251402.49 
251402.61 
251402.74 
251402.87 
251402.99 
251403.12 
251403.24 
251403.37 
251403.50 
251403.63 
251403.75 
251403.88 
251404.00 
251404.13 
251404.26 
251404.38 
251404.51 
251404.64 
251404.76 
251404.89 
251405.01 
251405.14 
251405.27 
251405.40 
251405.52 
251405.64 
251405.77 
251405.90 
251406.02 
251406.15 
251406.27 
251406.40 
251406.53 
251406.65 
251406.78 
251406.90 
251407.03 
251407.16 
251407.29 
251407.41 
251407.54 
251407.67 
251407.79 
251407.92 
251408.04 
251408.17 
251408.30 
251408.42 
251408.55 
251408.68 
251408.81 
251408.93 
251409.06 
251409.19 
251409.31 
251409.44 
251409.57 
251409.69 
251409.82 
251409.94 
251410.07 
251410.19 
251410.31 
251410.44 
251410.56 
251410.68 
251410.81 
251410.93 
251411.06 
251411.18 
251411.31 
251411.43 
251411.56 
251411.69 
251411.81 
251411.94 
251412.06 
251412.19 
251412.31 
251412.44 
251412.57 
251412.69 
251412.82 
251412.95 
251413.07 
251413.20 
251413.33 
251413.45 
251413.58 
251413.70 
251413.83 
251413.96 
251414.09 
251414.21 
251414.34 
251414.47 
251414.59 
251414.71 
251414.84 
251414.97 
251415.09 
251415.22 
251415.35 
251415.48 
251415.60 
251415.73 
251415.85 
251415.98 
251416.10 
251416.23 
251416.36 
251416.48 
251416.61 
251416.74 
251416.86 
251416.99 
251417.13 
251417.25 
251417.37 
251417.50 
251417.62 
251417.75 
251417.87 
251418.00 
251418.12 
251418.26 
251418.39 
251418.52 
251418.64 
251418.77 
251418.89 
251419.02 
251419.15 
251419.27 
251419.40 
251419.52 
251419.65 
251419.78 
251419.91 
251420.04 
251420.17 
251420.29 
251420.42 
251420.55 
251420.67 
251420.80 
251420.92 
251421.05 
251421.18 
251421.30 
251421.42 
251421.55 
251421.67 
251421.80 
251421.93 
251422.06 
251422.18 
251422.31 
251422.43 
251422.56 
251422.68 
251422.81 
251422.94 
251423.06 
251423.18 
251423.31 
251423.44 
251423.56 
251423.69 
251423.82 
251423.95 
251424.07 
251424.20 
251424.33 
251424.46 
251424.58 
251424.70 
251424.83 
251424.95 
251425.08 
251425.20 
251425.33 
251425.46 
251425.58 
251425.71 
251425.83 
251425.96 
251426.09 
251426.22 
251426.34 
251426.47 
251426.59 
251426.72 
251426.84 
251426.97 
251427.09 
251427.21 
251427.34 
251427.46 
251427.59 
251427.71 
251427.84 
251427.96 
251428.09 
251428.22 
251428.36 
251428.48 
251428.60 
251428.73 
251428.85 
251428.98 
251429.10 
251429.23 
251429.35 
251429.48 
251429.61 
251429.73 
251429.86 
251429.98 
251430.11 
251430.23 
251430.36 
251430.48 
251430.61 
251430.74 
251430.87 
251430.99 
251431.12 
251431.24 
251431.37 
251431.50 
251431.63 
251431.75 
251431.88 
251432.01 
251432.13 
251432.26 
251432.39 
251432.51 
251432.63 
251432.76 
251432.89 
251433.02 
251433.14 
251433.27 
251433.40 
251433.53 
251433.66 
251433.78 
251433.91 
251434.04 
251434.16 
251434.28 
251434.41 
251434.54 
251434.67 
251434.79 
251434.91 
251435.04 
251435.17 
251435.29 
251435.42 
251435.55 
251435.67 
251435.80 
251435.92 
251436.05 
251436.17 
251436.30 
251436.42 
251436.55 
251436.68 
251436.80 
251436.93 
251437.06 
251437.18 
251437.30 
251437.43 
251437.56 
251437.68 
251437.81 
251437.94 
251438.07 
251438.19 
251438.31 
251438.44 
251438.57 
251438.70 
251438.82 
251438.95 
251439.08 
251439.20 
251439.33 
251439.46 
251439.59 
251439.72 
251439.84 
251439.96 
251440.09 
251440.21 
251440.34 
251440.46 
251440.59 
251440.71 
251440.84 
251440.96 
251441.08 
251441.21 
251441.34 
251441.46 
251441.59 
251441.72 
251441.85 
251441.98 
251442.10 
251442.23 
251442.36 
251442.48 
251442.61 
251442.74 
251442.87 
251442.99 
251443.12 
251443.24 
251443.37 
251443.49 
251443.62 
251443.75 
251443.88 
251444.01 
251444.13 
251444.26 
251444.39 
251444.51 
251444.64 
251444.77 
251444.89 
251445.02 
251445.15 
251445.27 
251445.40 
251445.53 
251445.65 
251445.78 
251445.90 
251446.03 
251446.15 
251446.28 
251446.40 
251446.53 
251446.65 
251446.78 
251446.90 
251447.03 
251447.15 
251447.28 
251447.40 
251447.53 
251447.66 
251447.78 
251447.91 
251448.04 
251448.16 
251448.29 
251448.42 
251448.54 
251448.66 
251448.79 
251448.92 
251449.04 
251449.17 
251449.30 
251449.42 
251449.55 
251449.67 
251449.80 
251449.93 
251450.05 
251450.18 
251450.30 
251450.43 
251450.55 
251450.68 
251450.80 
251450.92 
251451.05 
251451.17 
251451.30 
251451.43 
251451.56 
251451.68 
251451.81 
251451.93 
251452.06 
251452.18 
251452.31 
251452.44 
251452.56 
251452.69 
251452.82 
251452.94 
251453.07 
251453.19 
251453.32 
251453.44 
251453.57 
251453.69 
251453.82 
251453.94 
251454.07 
251454.20 
251454.32 
251454.45 
251454.56 
251454.69 
251454.81 
251454.94 
251455.07 
251455.19 
251455.32 
251455.44 
251455.57 
251455.70 
251455.82 
251455.95 
251456.07 
251456.19 
251456.32 
251456.44 
251456.57 
251456.69 
251456.82 
251456.95 
251457.07 
251457.20 
251457.32 
251457.45 
251457.58 
251457.71 
251457.83 
251457.96 
251458.09 
251458.21 
251458.34 
251458.47 
251458.59 
251458.72 
251458.84 
251458.97 
251459.09 
251459.22 
251459.35 
251459.47 
251459.60 
251459.72 
251459.85 
251459.98 
251460.10 
251460.23 
251460.36 
251460.48 
251460.61 
251460.74 
251460.87 
251461.00 
251461.12 
251461.25 
251461.38 
251461.50 
251461.63 
251461.75 
251461.88 
251462.00 
251462.13 
251462.25 
251462.38 
251462.51 
251462.63 
251462.75 
251462.88 
251463.00 
251463.13 
251463.26 
251463.38 
251463.51 
251463.63 
251463.76 
251463.89 
251464.01 
251464.14 
251464.27 
251464.39 
251464.52 
251464.65 
251464.77 
251464.90 
251465.03 
251465.15 
251465.28 
251465.40 
251465.53 
251465.65 
251465.78 
251465.90 
251466.03 
251466.15 
251466.27 
251466.39 
251466.52 
251466.64 
251466.77 
251466.89 
251467.02 
251467.14 
251467.27 
251467.40 
251467.52 
251467.64 
251467.77 
251467.90 
251468.02 
251468.14 
251468.27 
251468.39 
251468.52 
251468.65 
251468.77 
251468.90 
251469.03 
251469.15 
251469.28 
251469.40 
251469.53 
251469.66 
251469.79 
251469.91 
251470.04 
251470.17 
251470.29 
251470.42 
251470.55 
251470.68 
251470.80 
251470.92 
251471.05 
251471.18 
251471.30 
251471.43 
251471.55 
251471.68 
251471.81 
251471.93 
251472.06 
251472.18 
251472.31 
251472.44 
251472.57 
251472.69 
251472.82 
251472.95 
251473.07 
251473.20 
251473.32 
251473.45 
251473.57 
251473.70 
251473.82 
251473.95 
251474.08 
251474.20 
251474.33 
251474.46 
251474.58 
251474.71 
251474.84 
251474.96 
251475.09 
251475.21 
251475.34 
251475.47 
251475.59 
251475.72 
251475.85 
251475.97 
251476.10 
251476.23 
251476.36 
251476.48 
251476.61 
251476.74 
251476.86 
251476.99 
251477.11 
251477.24 
251477.37 
251477.49 
251477.62 
251477.75 
251477.87 
251478.00 
251478.13 
251478.25 
251478.38 
251478.51 
251478.63 
251478.76 
251478.88 
251479.01 
251479.14 
251479.27 
251479.39 
251479.52 
251479.64 
251479.77 
251479.90 
251480.03 
251480.15 
251480.28 
251480.41 
251480.54 
251480.66 
251480.79 
251480.92 
251481.04 
251481.17 
251481.29 
251481.42 
251481.54 
251481.67 
251481.80 
251481.92 
251482.05 
251482.18 
251482.31 
251482.44 
251482.56 
251482.69 
251482.81 
251482.94 
251483.07 
251483.19 
251483.31 
251483.44 
251483.56 
251483.69 
251483.82 
251483.94 
251484.07 
251484.19 
251484.32 
251484.44 
251484.57 
251484.70 
251484.82 
251484.94 
251485.07 
251485.19 
251485.32 
251485.45 
251485.57 
251485.70 
251485.82 
251485.94 
251486.07 
251486.19 
251486.32 
251486.44 
251486.56 
251486.69 
251486.82 
251486.95 
251487.08 
251487.21 
251487.34 
251487.46 
251487.58 
251487.71 
251487.84 
251487.96 
251488.09 
251488.22 
251488.34 
251488.47 
251488.59 
251488.72 
251488.84 
251488.97 
251489.09 
251489.21 
251489.34 
251489.47 
251489.59 
251489.72 
251489.85 
251489.97 
251490.10 
251490.22 
251490.36 
251490.49 
251490.61 
251490.74 
251490.86 
251490.99 
251491.11 
251491.24 
251491.37 
251491.49 
251491.62 
251491.74 
251491.87 
251491.99 
251492.12 
251492.24 
251492.37 
251492.50 
251492.63 
251492.75 
251492.88 
251493.01 
251493.13 
251493.26 
251493.39 
251493.51 
251493.64 
251493.77 
251493.89 
251494.02 
251494.14 
251494.27 
251494.39 
251494.52 
251494.65 
251494.78 
251494.90 
251495.03 
251495.15 
251495.28 
251495.40 
251495.52 
251495.65 
251495.78 
251495.90 
251496.03 
251496.15 
251496.28 
251496.40 
251496.53 
251496.65 
251496.78 
251496.90 
251497.03 
251497.15 
251497.28 
251497.40 
251497.53 
251497.66 
251497.78 
251497.91 
251498.03 
251498.16 
251498.28 
251498.41 
251498.53 
251498.66 
251498.79 
251498.91 
251499.04 
251499.16 
251499.29 
251499.42 
251499.55 
251499.67 
251499.79 
251499.92 
251500.04 
251500.17 
251500.30 
251500.42 
251500.55 
251500.67 
251500.79 
251500.92 
251501.04 
251501.17 
251501.29 
251501.42 
251501.55 
251501.67 
251501.80 
251501.92 
251502.05 
251502.17 
251502.30 
251502.42 
251502.55 
251502.67 
251502.80 
251502.93 
251503.06 
251503.19 
251503.32 
251503.45 
251503.57 
251503.70 
251503.83 
251503.95 
251504.07 
251504.20 
251504.33 
251504.45 
251504.58 
251504.71 
251504.84 
251504.96 
251505.09 
251505.22 
251505.35 
251505.48 
251505.60 
251505.73 
251505.86 
251505.98 
251506.11 
251506.23 
251506.36 
251506.49 
251506.61 
251506.74 
251506.86 
251506.98 
251507.11 
251507.24 
251507.37 
251507.49 
251507.62 
251507.74 
251507.87 
251507.99 
251508.12 
251508.25 
251508.38 
251508.50 
251508.63 
251508.75 
251508.88 
251509.00 
251509.13 
251509.25 
251509.38 
251509.50 
251509.63 
251509.75 
251509.88 
251510.01 
251510.13 
251510.26 
251510.39 
251510.51 
251510.64 
251510.76 
251510.89 
251511.02 
251511.15 
251511.27 
251511.40 
251511.53 
251511.65 
251511.78 
251511.91 
251512.04 
251512.17 
251512.29 
251512.41 
251512.54 
251512.67 
251512.79 
251512.92 
251513.05 
251513.17 
251513.30 
251513.43 
251513.56 
251513.69 
251513.81 
251513.94 
251514.07 
251514.20 
251514.32 
251514.45 
251514.58 
251514.70 
251514.83 
251514.95 
251515.08 
251515.20 
251515.32 
251515.45 
251515.58 
251515.70 
251515.83 
251515.95 
251516.08 
251516.21 
251516.33 
251516.46 
251516.59 
251516.71 
251516.83 
251516.96 
251517.08 
251517.21 
251517.33 
251517.46 
251517.59 
251517.72 
251517.84 
251517.97 
251518.09 
251518.21 
251518.33 
251518.46 
251518.59 
251518.71 
251518.84 
251518.97 
251519.09 
251519.22 
251519.34 
251519.46 
251519.59 
251519.71 
251519.84 
251519.96 
251520.09 
251520.21 
251520.33 
251520.46 
251520.59 
251520.71 
251520.85 
251520.97 
251521.10 
251521.22 
251521.35 
251521.47 
251521.60 
251521.72 
251521.85 
251521.97 
251522.10 
251522.22 
251522.35 
251522.47 
251522.60 
251522.73 
251522.85 
251522.98 
251523.11 
251523.24 
251523.37 
251523.49 
251523.62 
251523.75 
251523.87 
251524.00 
251524.12 
251524.25 
251524.37 
251524.50 
251524.62 
251524.74 
251524.86 
251524.98 
251525.11 
251525.23 
251525.35 
251525.48 
251525.60 
251525.73 
251525.85 
251525.98 
251526.10 
251526.23 
251526.36 
251526.49 
251526.61 
251526.74 
251526.86 
251526.99 
251527.11 
251527.24 
251527.36 
251527.48 
251527.61 
251527.73 
251527.86 
251527.98 
251528.11 
251528.23 
251528.36 
251528.48 
251528.61 
251528.74 
251528.86 
251528.99 
251529.11 
251529.23 
251529.35 
251529.48 
251529.60 
251529.72 
251529.85 
251529.98 
251530.10 
251530.22 
251530.35 
251530.47 
251530.60 
251530.72 
251530.84 
251530.97 
251531.09 
251531.22 
251531.34 
251531.47 
251531.59 
251531.72 
251531.85 
251531.97 
251532.10 
251532.22 
251532.35 
251532.47 
251532.60 
251532.73 
251532.85 
251532.98 
251533.11 
251533.23 
251533.35 
251533.48 
251533.61 
251533.74 
251533.87 
251533.99 
251534.12 
251534.25 
251534.37 
251534.50 
251534.63 
251534.75 
251534.88 
251535.00 
251535.13 
251535.26 
251535.38 
251535.51 
251535.63 
251535.75 
251535.88 
251536.01 
251536.13 
251536.26 
251536.38 
251536.51 
251536.63 
251536.76 
251536.89 
251537.01 
251537.13 
251537.26 
251537.39 
251537.51 
251537.64 
251537.76 
251537.89 
251538.01 
251538.14 
251538.27 
251538.39 
251538.52 
251538.65 
251538.77 
251538.90 
251539.02 
251539.15 
251539.27 
251539.40 
251539.52 
251539.65 
251539.78 
251539.90 
251540.03 
251540.17 
251540.29 
251540.42 
251540.55 
251540.67 
251540.80 
251540.92 
251541.05 
251541.17 
251541.30 
251541.43 
251541.56 
251541.68 
251541.81 
251541.93 
251542.06 
251542.19 
251542.31 
251542.44 
251542.56 
251542.69 
251542.81 
251542.94 
251543.07 
251543.19 
251543.32 
251543.44 
251543.57 
251543.69 
251543.82 
251543.95 
251544.07 
251544.20 
251544.33 
251544.45 
251544.58 
251544.71 
251544.83 
251544.96 
251545.08 
251545.21 
251545.34 
251545.46 
251545.59 
251545.71 
251545.84 
251545.96 
251546.09 
251546.22 
251546.34 
251546.47 
251546.60 
251546.72 
251546.85 
251546.97 
251547.10 
251547.23 
251547.35 
251547.48 
251547.60 
251547.72 
251547.85 
251547.98 
251548.11 
251548.23 
251548.36 
251548.49 
251548.61 
251548.74 
251548.87 
251548.99 
251549.12 
251549.25 
251549.38 
251549.50 
251549.63 
251549.75 
251549.88 
251550.01 
251550.13 
251550.26 
251550.39 
251550.51 
251550.64 
251550.77 
251550.90 
251551.02 
251551.15 
251551.27 
251551.40 
251551.52 
251551.65 
251551.78 
251551.90 
251552.03 
251552.16 
251552.28 
251552.41 
251552.53 
251552.66 
251552.78 
251552.91 
251553.04 
251553.16 
251553.29 
251553.41 
251553.54 
251553.67 
251553.79 
251553.91 
251554.04 
251554.17 
251554.29 
251554.42 
251554.54 
251554.67 
251554.79 
251554.92 
251555.04 
251555.17 
251555.30 
251555.42 
251555.55 
251555.67 
251555.80 
251555.93 
251556.05 
251556.18 
251556.30 
251556.43 
251556.55 
251556.68 
251556.80 
251556.93 
251557.05 
251557.18 
251557.30 
251557.43 
251557.56 
251557.68 
251557.81 
251557.93 
251558.06 
251558.18 
251558.31 
251558.43 
251558.56 
251558.68 
251558.80 
251558.93 
251559.06 
251559.19 
251559.31 
251559.44 
251559.56 
251559.69 
251559.81 
251559.94 
251560.06 
251560.19 
251560.31 
251560.44 
251560.56 
251560.69 
251560.81 
251560.94 
251561.07 
251561.19 
251561.31 
251561.44 
251561.57 
251561.69 
251561.82 
251561.94 
251562.06 
251562.19 
251562.31 
251562.44 
251562.56 
251562.68 
251562.81 
251562.93 
251563.06 
251563.19 
251563.32 
251563.44 
251563.57 
251563.69 
251563.82 
251563.95 
251564.07 
251564.20 
251564.33 
251564.45 
251564.58 
251564.70 
251564.83 
251564.96 
251565.08 
251565.21 
251565.33 
251565.46 
251565.58 
251565.71 
251565.84 
251565.96 
251566.09 
251566.21 
251566.34 
251566.47 
251566.59 
251566.72 
251566.84 
251566.97 
251567.10 
251567.22 
251567.35 
251567.48 
251567.60 
251567.72 
251567.85 
251567.98 
251568.11 
251568.23 
251568.36 
251568.48 
251568.61 
251568.74 
251568.86 
251568.99 
251569.12 
251569.24 
251569.37 
251569.50 
251569.62 
251569.75 
251569.88 
251570.01 
251570.13 
251570.25 
251570.38 
251570.50 
251570.62 
251570.75 
251570.87 
251571.00 
251571.13 
251571.25 
251571.38 
251571.51 
251571.64 
251571.76 
251571.89 
251572.01 
251572.14 
251572.27 
251572.39 
251572.52 
251572.65 
251572.77 
251572.90 
251573.03 
251573.15 
251573.29 
251573.42 
251573.55 
251573.67 
251573.80 
251573.93 
251574.05 
251574.18 
251574.31 
251574.44 
251574.56 
251574.69 
251574.82 
251574.95 
251575.07 
251575.20 
251575.32 
251575.45 
251575.57 
251575.70 
251575.82 
251575.95 
251576.07 
251576.20 
251576.32 
251576.45 
251576.58 
251576.70 
251576.83 
251576.95 
251577.08 
251577.21 
251577.33 
251577.46 
251577.58 
251577.70 
251577.83 
251577.95 
251578.08 
251578.20 
251578.33 
251578.46 
251578.58 
251578.71 
251578.83 
251578.95 
251579.08 
251579.20 
251579.32 
251579.45 
251579.58 
251579.70 
251579.82 
251579.95 
251580.08 
251580.21 
251580.34 
251580.46 
251580.59 
251580.72 
251580.84 
251580.97 
251581.10 
251581.22 
251581.35 
251581.48 
251581.60 
251581.74 
251581.86 
251581.99 
251582.12 
251582.24 
251582.37 
251582.50 
251582.63 
251582.75 
251582.88 
251583.00 
251583.13 
251583.26 
251583.39 
251583.51 
251583.64 
251583.76 
251583.89 
251584.02 
251584.14 
251584.27 
251584.39 
251584.52 
251584.64 
251584.77 
251584.90 
251585.02 
251585.15 
251585.27 
251585.40 
251585.52 
251585.65 
251585.78 
251585.91 
251586.03 
251586.16 
251586.28 
251586.41 
251586.53 
251586.66 
251586.78 
251586.91 
251587.03 
251587.16 
251587.29 
251587.41 
251587.54 
251587.66 
251587.79 
251587.91 
251588.04 
251588.16 
251588.28 
251588.41 
251588.54 
251588.67 
251588.79 
251588.92 
251589.05 
251589.17 
251589.30 
251589.42 
251589.55 
251589.67 
251589.80 
251589.92 
251590.05 
251590.18 
251590.30 
251590.43 
251590.55 
251590.68 
251590.80 
251590.93 
251591.05 
251591.18 
251591.30 
251591.43 
251591.55 
251591.68 
251591.80 
251591.93 
251592.05 
251592.18 
251592.30 
251592.43 
251592.55 
251592.68 
251592.81 
251592.93 
251593.06 
251593.18 
251593.31 
251593.43 
251593.56 
251593.68 
251593.81 
251593.93 
251594.06 
251594.18 
251594.30 
251594.43 
251594.55 
251594.68 
251594.81 
251594.93 
251595.06 
251595.18 
251595.31 
251595.43 
251595.56 
251595.69 
251595.81 
251595.94 
251596.07 
251596.19 
251596.32 
251596.44 
251596.57 
251596.69 
251596.82 
251596.94 
251597.07 
251597.19 
251597.32 
251597.44 
251597.57 
251597.70 
251597.82 
251597.95 
251598.07 
251598.20 
251598.33 
251598.45 
251598.58 
251598.71 
251598.84 
251598.96 
251599.09 
251599.22 
251599.34 
251599.47 
251599.60 
251599.72 
251599.85 
251599.98 
251600.11 
251600.23 
251600.36 
251600.49 
251600.62 
251600.75 
251600.87 
251601.00 
251601.12 
251601.25 
251601.38 
251601.50 
251601.63 
251601.75 
251601.88 
251602.00 
251602.13 
251602.26 
251602.39 
251602.51 
251602.64 
251602.77 
251602.89 
251603.01 
251603.14 
251603.27 
251603.39 
251603.52 
251603.64 
251603.77 
251603.89 
251604.02 
251604.14 
251604.26 
251604.39 
251604.51 
251604.64 
251604.76 
251604.89 
251605.02 
251605.14 
251605.27 
251605.39 
251605.51 
251605.63 
251605.75 
251605.86 
251605.99 
251606.11 
251606.23 
251606.36 
251606.48 
251606.60 
251606.73 
251606.85 
251606.97 
251607.09 
251607.21 
251607.34 
251607.46 
251607.58 
251607.70 
251607.82 
251607.95 
251608.07 
251608.19 
251608.32 
251608.44 
251608.56 
251608.69 
251608.81 
251608.93 
251609.05 
251609.17 
251609.29 
251609.41 
251609.54 
251609.66 
251609.78 
251609.91 
251610.03 
251610.15 
251610.27 
251610.39 
251610.51 
251610.64 
251610.76 
251610.89 
251611.01 
251611.14 
251611.27 
251611.39 
251611.52 
251611.65 
251611.77 
251611.90 
251612.03 
251612.15 
251612.28 
251612.41 
251612.53 
251612.66 
251612.79 
251612.92 
251613.04 
251613.17 
251613.30 
251613.42 
251613.55 
251613.68 
251613.80 
251613.93 
251614.06 
251614.19 
251614.32 
251614.44 
251614.57 
251614.70 
251614.83 
251614.95 
251615.08 
251615.21 
251615.33 
251615.46 
251615.59 
251615.71 
251615.84 
251615.97 
251616.10 
251616.23 
251616.35 
251616.48 
251616.61 
251616.74 
251616.87 
251617.00 
251617.13 
251617.25 
251617.38 
251617.51 
251617.64 
251617.77 
251617.89 
251618.02 
251618.15 
251618.28 
251618.41 
251618.53 
251618.66 
251618.78 
251618.91 
251619.04 
251619.16 
251619.29 
251619.42 
251619.55 
251619.68 
251619.80 
251619.92 
251620.05 
251620.18 
251620.31 
251620.44 
251620.57 
251620.70 
251620.83 
251620.95 
251621.08 
251621.20 
251621.32 
251621.45 
251621.57 
251621.70 
251621.83 
251621.96 
251622.09 
251622.21 
251622.34 
251622.46 
251622.59 
251622.72 
251622.85 
251622.98 
251623.11 
251623.23 
251623.36 
251623.51 
251623.64 
251623.77 
251623.89 
251624.02 
251624.15 
251624.28 
251624.40 
251624.54 
251624.66 
251624.79 
251624.92 
251625.05 
251625.17 
251625.30 
251625.43 
251625.56 
251625.69 
251625.82 
251625.94 
251626.06 
251626.19 
251626.32 
251626.45 
251626.57 
251626.70 
251626.83 
251626.95 
251627.08 
251627.21 
251627.34 
251627.46 
251627.59 
251627.71 
251627.86 
251627.98 
251628.11 
251628.24 
251628.36 
251628.48 
251628.61 
251628.74 
251628.86 
251628.99 
251629.12 
251629.25 
251629.38 
251629.51 
251629.64 
251629.77 
251629.90 
251630.02 
251630.15 
251630.28 
251630.40 
251630.53 
251630.66 
251630.79 
251630.91 
251631.04 
251631.17 
251631.29 
251631.42 
251631.55 
251631.67 
251631.80 
251631.93 
251632.05 
251632.18 
251632.31 
251632.44 
251632.57 
251632.69 
251632.82 
251632.95 
251633.07 
251633.20 
251633.32 
251633.45 
251633.58 
251633.70 
251633.83 
251633.95 
251634.08 
251634.21 
251634.34 
251634.46 
251634.59 
251634.71 
251634.84 
251634.96 
251635.09 
251635.21 
251635.34 
251635.47 
251635.60 
251635.72 
251635.85 
251635.98 
251636.11 
251636.23 
251636.36 
251636.48 
251636.62 
251636.75 
251636.86 
251636.98 
251637.11 
251637.24 
251637.37 
251637.50 
251637.62 
251637.75 
251637.88 
251638.01 
251638.14 
251638.26 
251638.39 
251638.52 
251638.65 
251638.78 
251638.91 
251639.04 
251639.16 
251639.29 
251639.42 
251639.55 
251639.67 
251639.80 
251639.93 
251640.06 
251640.19 
251640.33 
251640.46 
251640.59 
251640.72 
251640.85 
251640.97 
251641.10 
251641.23 
251641.35 
251641.48 
251641.61 
251641.74 
251641.87 
251641.99 
251642.11 
251642.24 
251642.36 
251642.49 
251642.62 
251642.74 
251642.87 
251643.00 
251643.13 
251643.26 
251643.38 
251643.51 
251643.64 
251643.77 
251643.89 
251644.02 
251644.15 
251644.28 
251644.42 
251644.55 
251644.67 
251644.80 
251644.93 
251645.05 
251645.18 
251645.31 
251645.44 
251645.56 
251645.69 
251645.82 
251645.95 
251646.07 
251646.20 
251646.33 
251646.46 
251646.59 
251646.72 
251646.85 
251646.97 
251647.10 
251647.23 
251647.35 
251647.48 
251647.61 
251647.74 
251647.87 
251648.00 
251648.12 
251648.25 
251648.38 
251648.51 
251648.63 
251648.76 
251648.89 
251649.01 
251649.14 
251649.27 
251649.40 
251649.53 
251649.65 
251649.78 
251649.91 
251650.04 
251650.17 
251650.29 
251650.42 
251650.55 
251650.68 
251650.80 
251650.93 
251651.06 
251651.19 
251651.32 
251651.45 
251651.57 
251651.70 
251651.83 
251651.96 
251652.09 
251652.20 
251652.32 
251652.44 
251652.55 
251652.68 
251652.81 
251652.94 
251653.07 
251653.19 
251653.32 
251653.45 
251653.58 
251653.70 
251653.83 
251653.96 
251654.09 
251654.21 
251654.34 
251654.47 
251654.60 
251654.73 
251654.85 
251654.98 
251655.11 
251655.24 
251655.37 
251655.49 
251655.62 
251655.75 
251655.88 
251656.00 
251656.13 
251656.26 
251656.38 
251656.51 
251656.63 
251656.76 
251656.89 
251657.01 
251657.14 
251657.27 
251657.39 
251657.52 
251657.65 
251657.78 
251657.91 
251658.04 
251658.17 
251658.29 
251658.42 
251658.55 
251658.68 
251658.80 
251658.93 
251659.06 
251659.19 
251659.32 
251659.45 
251659.58 
251659.71 
251659.84 
251659.96 
251660.09 
251660.22 
251660.35 
251660.48 
251660.61 
251660.73 
251660.86 
251660.99 
251661.11 
251661.24 
251661.37 
251661.50 
251661.63 
251661.75 
251661.88 
251662.01 
251662.14 
251662.26 
251662.39 
251662.52 
251662.65 
251662.78 
251662.90 
251663.03 
251663.16 
251663.28 
251663.41 
251663.54 
251663.67 
251663.81 
251663.94 
251664.07 
251664.19 
251664.32 
251664.44 
251664.57 
251664.70 
251664.82 
251664.95 
251665.07 
251665.20 
251665.33 
251665.46 
251665.59 
251665.72 
251665.85 
251665.97 
251666.10 
251666.23 
251666.36 
251666.49 
251666.61 
251666.74 
251666.87 
251667.00 
251667.12 
251667.25 
251667.38 
251667.51 
251667.63 
251667.76 
251667.87 
251667.99 
251668.11 
251668.23 
251668.35 
251668.48 
251668.60 
251668.73 
251668.86 
251668.99 
251669.12 
251669.25 
251669.37 
251669.50 
251669.63 
251669.75 
251669.88 
251670.01 
251670.14 
251670.26 
251670.39 
251670.52 
251670.65 
251670.77 
251670.90 
251671.03 
251671.16 
251671.28 
251671.41 
251671.54 
251671.67 
251671.80 
251671.93 
251672.06 
251672.18 
251672.31 
251672.44 
251672.57 
251672.70 
251672.83 
251672.95 
251673.08 
251673.21 
251673.34 
251673.49 
251673.62 
251673.74 
251673.87 
251674.00 
251674.13 
251674.25 
251674.38 
251674.51 
251674.64 
251674.76 
251674.89 
251675.01 
251675.14 
251675.27 
251675.39 
251675.52 
251675.65 
251675.78 
251675.91 
251676.04 
251676.17 
251676.30 
251676.43 
251676.55 
251676.68 
251676.80 
251676.93 
251677.06 
251677.19 
251677.32 
251677.45 
251677.57 
251677.73 
251677.85 
251677.98 
251678.10 
251678.23 
251678.36 
251678.48 
251678.61 
251678.73 
251678.86 
251678.99 
251679.11 
251679.24 
251679.37 
251679.50 
251679.63 
251679.75 
251679.88 
251680.01 
251680.13 
251680.25 
251680.38 
251680.51 
251680.63 
251680.75 
251680.88 
251681.00 
251681.12 
251681.25 
251681.37 
251681.50 
251681.63 
251681.74 
251681.86 
251681.99 
251682.11 
251682.24 
251682.36 
251682.51 
251682.65 
251682.77 
251682.91 
251683.02 
251683.13 
251683.24 
251683.38 
251683.51 
251683.63 
251683.74 
251683.87 
251683.98 
251684.09 
251684.20 
251684.31 
251684.42 
251684.55 
251684.66 
251684.77 
251684.90 
251685.01 
251685.14 
251685.28 
251685.39 
251685.52 
251685.65 
251685.78 
251685.90 
251686.03 
251686.17 
251686.29 
251686.42 
251686.56 
251686.69 
251686.82 
251686.95 
251687.08 
251687.20 
251687.33 
251687.46 
251687.59 
251687.72 
251687.84 
251687.97 
251688.10 
251688.23 
251688.36 
251688.48 
251688.62 
251688.75 
251688.88 
251689.02 
251689.16 
251689.28 
251689.41 
251689.54 
251689.66 
251689.80 
251689.92 
251690.06 
251690.18 
251690.31 
251690.44 
251690.58 
251690.70 
251690.84 
251690.98 
251691.12 
251691.25 
251691.38 
251691.51 
251691.63 
251691.77 
251691.89 
251692.02 
251692.15 
251692.27 
251692.41 
251692.55 
251692.67 
251692.81 
251692.93 
251693.07 
251693.21 
251693.35 
251693.49 
251693.62 
251693.75 
251693.87 
251694.00 
251694.13 
251694.26 
251694.38 
251694.52 
251694.64 
251694.77 
251694.89 
251695.03 
251695.17 
251695.31 
251695.45 
251695.57 
251695.70 
251695.83 
251695.95 
251696.10 
251696.23 
251696.35 
251696.50 
251696.63 
251696.78 
251696.90 
251697.03 
251697.16 
251697.29 
251697.41 
251697.56 
251697.68 
251697.83 
251697.96 
251698.08 
251698.23 
251698.37 
251698.50 
251698.62 
251698.76 
251698.89 
251699.03 
251699.16 
251699.28 
251699.41 
251699.54 
251699.67 
251699.79 
251699.93 
251700.07 
251700.21 
251700.34 
251700.47 
251700.61 
251700.74 
251700.87 
251701.00 
251701.13 
251701.25 
251701.38 
251701.51 
251701.63 
251701.76 
251701.89 
251702.02 
251702.14 
251702.26 
251702.39 
251702.51 
251702.64 
251702.77 
251702.90 
251703.02 
251703.16 
251703.30 
251703.43 
251703.57 
251703.70 
251703.84 
251703.97 
251704.11 
251704.24 
251704.38 
251704.51 
251704.64 
251704.77 
251704.90 
251705.03 
251705.15 
251705.28 
251705.41 
251705.54 
251705.67 
251705.80 
251705.94 
251706.08 
251706.21 
251706.35 
251706.48 
251706.62 
251706.76 
251706.88 
251707.02 
251707.16 
251707.28 
251707.42 
251707.56 
251707.70 
251707.84 
251707.97 
251708.09 
251708.23 
251708.37 
251708.50 
251708.63 
251708.75 
251708.89 
251709.01 
251709.14 
251709.27 
251709.41 
251709.55 
251709.68 
251709.82 
251709.96 
251710.08 
251710.21 
251710.34 
251710.47 
251710.59 
251710.73 
251710.87 
251711.00 
251711.12 
251711.26 
251711.40 
251711.54 
251711.66 
251711.80 
251711.95 
251712.08 
251712.22 
251712.36 
251712.50 
251712.62 
251712.75 
251712.89 
251713.03 
251713.15 
251713.28 
251713.41 
251713.54 
251713.66 
251713.80 
251713.94 
251714.07 
251714.19 
251714.34 
251714.47 
251714.59 
251714.73 
251714.87 
251715.00 
251715.12 
251715.25 
251715.38 
251715.51 
251715.63 
251715.77 
251715.89 
251716.02 
251716.16 
251716.29 
251716.42 
251716.54 
251716.68 
251716.81 
251716.93 
251717.06 
251717.19 
251717.32 
251717.44 
251717.57 
251717.70 
251717.84 
251717.97 
251718.11 
251718.24 
251718.37 
251718.49 
251718.63 
251718.75 
251718.89 
251719.02 
251719.16 
251719.28 
251719.41 
251719.54 
251719.68 
251719.82 
251719.94 
251720.07 
251720.20 
251720.32 
251720.47 
251720.59 
251720.72 
251720.85 
251720.98 
251721.12 
251721.25 
251721.39 
251721.52 
251721.65 
251721.79 
251721.92 
251722.06 
251722.20 
251722.32 
251722.45 
251722.58 
251722.71 
251722.83 
251722.96 
251723.10 
251723.22 
251723.35 
251723.47 
251723.60 
251723.72 
251723.86 
251724.00 
251724.13 
251724.27 
251724.40 
251724.53 
251724.67 
251724.81 
251724.95 
251725.08 
251725.20 
251725.33 
251725.46 
251725.59 
251725.73 
251725.86 
251725.98 
251726.12 
251726.26 
251726.39 
251726.52 
251726.65 
251726.77 
251726.90 
251727.04 
251727.18 
251727.32 
251727.44 
251727.57 
251727.70 
251727.84 
251727.97 
251728.11 
251728.24 
251728.37 
251728.50 
251728.63 
251728.75 
251728.89 
251729.01 
251729.14 
251729.27 
251729.39 
251729.53 
251729.65 
251729.78 
251729.90 
251730.04 
251730.16 
251730.29 
251730.43 
251730.57 
251730.69 
251730.82 
251730.96 
251731.10 
251731.24 
251731.37 
251731.49 
251731.63 
251731.77 
251731.91 
251732.05 
251732.18 
251732.31 
251732.44 
251732.58 
251732.71 
251732.84 
251732.98 
251733.11 
251733.23 
251733.37 
251733.51 
251733.64 
251733.77 
251733.89 
251734.02 
251734.15 
251734.27 
251734.41 
251734.55 
251734.68 
251734.82 
251734.95 
251735.07 
251735.21 
251735.35 
251735.49 
251735.62 
251735.74 
251735.88 
251736.02 
251736.15 
251736.28 
251736.42 
251736.56 
251736.70 
251736.84 
251736.97 
251737.11 
251737.24 
251737.38 
251737.51 
251737.63 
251737.77 
251737.91 
251738.05 
251738.19 
251738.33 
251738.47 
251738.59 
251738.73 
251738.86 
251738.99 
251739.12 
251739.26 
251739.40 
251739.53 
251739.67 
251739.79 
251739.92 
251740.05 
251740.18 
251740.30 
251740.44 
251740.56 
251740.69 
251740.82 
251740.94 
251741.08 
251741.22 
251741.35 
251741.47 
251741.61 
251741.75 
251741.88 
251742.02 
251742.15 
251742.27 
251742.41 
251742.53 
251742.67 
251742.81 
251742.93 
251743.07 
251743.21 
251743.33 
251743.46 
251743.59 
251743.72 
251743.86 
251743.99 
251744.11 
251744.25 
251744.37 
251744.50 
251744.63 
251744.76 
251744.90 
251745.04 
251745.17 
251745.29 
251745.43 
251745.56 
251745.69 
251745.82 
251745.96 
251746.08 
251746.22 
251746.36 
251746.50 
251746.64 
251746.77 
251746.90 
251747.03 
251747.15 
251747.28 
251747.41 
251747.53 
251747.66 
251747.80 
251747.93 
251748.05 
251748.18 
251748.32 
251748.46 
251748.60 
251748.72 
251748.85 
251748.98 
251749.10 
251749.24 
251749.36 
251749.50 
251749.64 
251749.76 
251749.89 
251750.02 
251750.16 
251750.30 
251750.44 
251750.57 
251750.69 
251750.83 
251750.96 
251751.10 
251751.24 
251751.36 
251751.50 
251751.64 
251751.76 
251751.89 
251752.02 
251752.15 
251752.27 
251752.41 
251752.53 
251752.67 
251752.80 
251752.93 
251753.07 
251753.20 
251753.33 
251753.47 
251753.59 
251753.72 
251753.83 
251753.96 
251754.07 
251754.18 
251754.30 
251754.41 
251754.52 
251754.65 
251754.77 
251754.89 
251755.01 
251755.13 
251755.26 
251755.38 
251755.50 
251755.62 
251755.74 
251755.87 
251755.99 
251756.11 
251756.24 
251756.36 
251756.48 
251756.61 
251756.73 
251756.85 
251756.97 
251757.09 
251757.21 
251757.34 
251757.47 
251757.60 
251757.72 
251757.84 
251757.96 
251758.09 
251758.22 
251758.35 
251758.47 
251758.60 
251758.73 
251758.85 
251758.98 
251759.11 
251759.23 
251759.36 
251759.48 
251759.60 
251759.73 
251759.86 
251759.98 
251760.11 
251760.23 
251760.36 
251760.48 
251760.61 
251760.74 
251760.86 
251760.99 
251761.12 
251761.24 
251761.37 
251761.50 
251761.63 
251761.75 
251761.88 
251762.01 
251762.14 
251762.27 
251762.39 
251762.52 
251762.64 
251762.77 
251762.90 
251763.03 
251763.15 
251763.28 
251763.41 
251763.53 
251763.66 
251763.79 
251763.92 
251764.04 
251764.17 
251764.30 
251764.43 
251764.55 
251764.67 
251764.79 
251764.91 
251765.04 
251765.16 
251765.29 
251765.42 
251765.55 
251765.68 
251765.80 
251765.93 
251766.06 
251766.19 
251766.32 
251766.44 
251766.57 
251766.70 
251766.83 
251766.95 
251767.07 
251767.20 
251767.33 
251767.45 
251767.60 
251767.73 
251767.85 
251767.98 
251768.11 
251768.23 
251768.36 
251768.49 
251768.61 
251768.74 
251768.86 
251768.99 
251769.12 
251769.24 
251769.37 
251769.50 
251769.63 
251769.77 
251769.90 
251770.03 
251770.16 
251770.28 
251770.41 
251770.54 
251770.67 
251770.80 
251770.92 
251771.05 
251771.18 
251771.30 
251771.43 
251771.56 
251771.69 
251771.82 
251771.94 
251772.07 
251772.20 
251772.32 
251772.45 
251772.58 
251772.71 
251772.83 
251772.96 
251773.09 
251773.22 
251773.35 
251773.48 
251773.60 
251773.73 
251773.86 
251773.99 
251774.12 
251774.24 
251774.37 
251774.50 
251774.62 
251774.75 
251774.88 
251775.00 
251775.13 
251775.26 
251775.38 
251775.51 
251775.64 
251775.76 
251775.89 
251776.02 
251776.15 
251776.28 
251776.41 
251776.54 
251776.67 
251776.79 
251776.94 
251777.07 
251777.20 
251777.33 
251777.45 
251777.58 
251777.72 
251777.85 
251777.97 
251778.10 
251778.23 
251778.36 
251778.49 
251778.61 
251778.76 
251778.88 
251779.01 
251779.14 
251779.27 
251779.40 
251779.53 
251779.65 
251779.78 
251779.91 
251780.03 
251780.16 
251780.30 
251780.42 
251780.55 
251780.68 
251780.81 
251780.94 
251781.06 
251781.19 
251781.32 
251781.45 
251781.57 
251781.70 
251781.83 
251781.96 
251782.09 
251782.21 
251782.34 
251782.47 
251782.59 
251782.72 
251782.85 
251782.98 
251783.11 
251783.23 
251783.36 
251783.49 
251783.61 
251783.74 
251783.86 
251783.99 
251784.11 
251784.24 
251784.36 
251784.49 
251784.62 
251784.75 
251784.88 
251785.00 
251785.14 
251785.26 
251785.39 
251785.52 
251785.65 
251785.77 
251785.90 
251786.03 
251786.15 
251786.28 
251786.40 
251786.53 
251786.66 
251786.78 
251786.91 
251787.04 
251787.16 
251787.29 
251787.42 
251787.55 
251787.68 
251787.80 
251787.93 
251788.06 
251788.18 
251788.31 
251788.44 
251788.57 
251788.69 
251788.82 
251788.95 
251789.08 
251789.21 
251789.34 
251789.46 
251789.59 
251789.72 
251789.85 
251789.98 
251790.10 
251790.23 
251790.36 
251790.48 
251790.61 
251790.74 
251790.87 
251790.99 
251791.12 
251791.25 
251791.38 
251791.50 
251791.63 
251791.76 
251791.89 
251792.01 
251792.14 
251792.27 
251792.40 
251792.53 
251792.66 
251792.78 
251792.91 
251793.04 
251793.17 
251793.29 
251793.42 
251793.57 
251793.70 
251793.82 
251793.95 
251794.08 
251794.20 
251794.33 
251794.46 
251794.59 
251794.72 
251794.86 
251794.98 
251795.10 
251795.23 
251795.36 
251795.48 
251795.61 
251795.73 
251795.86 
251795.98 
251796.11 
251796.24 
251796.37 
251796.49 
251796.62 
251796.75 
251796.90 
251797.03 
251797.15 
251797.28 
251797.41 
251797.54 
251797.66 
251797.79 
251797.92 
251798.05 
251798.17 
251798.29 
251798.42 
251798.55 
251798.69 
251798.82 
251798.95 
251799.08 
251799.21 
251799.33 
251799.46 
251799.59 
251799.72 
251799.85 
251799.97 
251800.10 
251800.23 
251800.36 
251800.48 
251800.61 
251800.74 
251800.87 
251801.00 
251801.12 
251801.25 
251801.38 
251801.51 
251801.63 
251801.76 
251801.88 
251802.01 
251802.14 
251802.27 
251802.41 
251802.54 
251802.67 
251802.80 
251802.92 
251803.05 
251803.18 
251803.30 
251803.43 
251803.56 
251803.69 
251803.81 
251803.94 
251804.07 
251804.20 
251804.32 
251804.45 
251804.58 
251804.71 
251804.84 
251804.96 
251805.09 
251805.22 
251805.35 
251805.48 
251805.61 
251805.74 
251805.87 
251805.99 
251806.12 
251806.25 
251806.39 
251806.52 
251806.65 
251806.78 
251806.90 
251807.03 
251807.16 
251807.29 
251807.41 
251807.54 
251807.67 
251807.80 
251807.93 
251808.06 
251808.18 
251808.31 
251808.44 
251808.57 
251808.69 
251808.82 
251808.95 
251809.08 
251809.21 
251809.33 
251809.46 
251809.59 
251809.72 
251809.85 
251809.97 
251810.10 
251810.23 
251810.36 
251810.48 
251810.61 
251810.74 
251810.87 
251811.00 
251811.11 
251811.25 
251811.37 
251811.50 
251811.63 
251811.76 
251811.88 
251812.01 
251812.14 
251812.27 
251812.40 
251812.53 
251812.65 
251812.78 
251812.91 
251813.04 
251813.16 
251813.29 
251813.42 
251813.55 
251813.67 
251813.80 
251813.93 
251814.05 
251814.17 
251814.29 
251814.42 
251814.54 
251814.67 
251814.79 
251814.92 
251815.05 
251815.17 
251815.30 
251815.44 
251815.57 
251815.70 
251815.82 
251815.95 
251816.08 
251816.20 
251816.33 
251816.46 
251816.58 
251816.71 
251816.83 
251816.96 
251817.09 
251817.22 
251817.35 
251817.48 
251817.60 
251817.73 
251817.86 
251817.99 
251818.12 
251818.25 
251818.38 
251818.50 
251818.63 
251818.75 
251818.88 
251819.01 
251819.13 
251819.26 
251819.39 
251819.52 
251819.64 
251819.77 
251819.90 
251820.03 
251820.16 
251820.28 
251820.41 
251820.53 
251820.66 
251820.79 
251820.92 
251821.04 
251821.17 
251821.30 
251821.43 
251821.55 
251821.68 
251821.81 
251821.94 
251822.06 
251822.19 
251822.32 
251822.45 
251822.57 
251822.70 
251822.83 
251822.96 
251823.08 
251823.21 
251823.34 
251823.46 
251823.59 
251823.71 
251823.84 
251823.96 
251824.09 
251824.22 
251824.35 
251824.48 
251824.61 
251824.73 
251824.86 
251824.99 
251825.11 
251825.25 
251825.38 
251825.51 
251825.64 
251825.76 
251825.89 
251826.01 
251826.14 
251826.27 
251826.39 
251826.52 
251826.64 
251826.77 
251826.89 
251827.01 
251827.14 
251827.27 
251827.40 
251827.53 
251827.66 
251827.79 
251827.92 
251828.05 
251828.17 
251828.30 
251828.43 
251828.55 
251828.68 
251828.81 
251828.93 
251829.06 
251829.19 
251829.32 
251829.45 
251829.58 
251829.71 
251829.84 
251829.96 
251830.09 
251830.22 
251830.34 
251830.47 
251830.59 
251830.72 
251830.85 
251830.98 
251831.11 
251831.24 
251831.37 
251831.49 
251831.62 
251831.75 
251831.87 
251832.00 
251832.13 
251832.25 
251832.38 
251832.50 
251832.63 
251832.76 
251832.89 
251833.01 
251833.14 
251833.27 
251833.40 
251833.53 
251833.65 
251833.78 
251833.91 
251834.04 
251834.17 
251834.29 
251834.42 
251834.55 
251834.67 
251834.80 
251834.93 
251835.06 
251835.18 
251835.31 
251835.44 
251835.56 
251835.69 
251835.82 
251835.95 
251836.08 
251836.20 
251836.33 
251836.45 
251836.58 
251836.71 
251836.84 
251836.96 
251837.09 
251837.22 
251837.34 
251837.47 
251837.59 
251837.72 
251837.85 
251837.97 
251838.10 
251838.23 
251838.36 
251838.50 
251838.63 
251838.76 
251838.89 
251839.02 
251839.15 
251839.28 
251839.40 
251839.53 
251839.66 
251839.79 
251839.92 
251840.04 
251840.17 
251840.30 
251840.42 
251840.55 
251840.68 
251840.80 
251840.93 
251841.06 
251841.19 
251841.31 
251841.44 
251841.57 
251841.70 
251841.83 
251841.95 
251842.07 
251842.20 
251842.31 
251842.44 
251842.57 
251842.69 
251842.82 
251842.95 
251843.08 
251843.20 
251843.33 
251843.46 
251843.59 
251843.72 
251843.85 
251843.98 
251844.10 
251844.23 
251844.36 
251844.50 
251844.63 
251844.76 
251844.88 
251845.01 
251845.13 
251845.26 
251845.38 
251845.51 
251845.64 
251845.77 
251845.89 
251846.02 
251846.15 
251846.28 
251846.41 
251846.53 
251846.66 
251846.80 
251846.93 
251847.05 
251847.18 
251847.31 
251847.44 
251847.57 
251847.69 
251847.82 
251847.95 
251848.08 
251848.20 
251848.33 
251848.46 
251848.59 
251848.71 
251848.84 
251848.97 
251849.09 
251849.22 
251849.35 
251849.47 
251849.60 
251849.72 
251849.85 
251849.98 
251850.11 
251850.24 
251850.36 
251850.49 
251850.62 
251850.75 
251850.88 
251851.00 
251851.13 
251851.26 
251851.39 
251851.52 
251851.64 
251851.77 
251851.90 
251852.03 
251852.16 
251852.30 
251852.43 
251852.55 
251852.68 
251852.81 
251852.94 
251853.07 
251853.19 
251853.32 
251853.45 
251853.58 
251853.70 
251853.83 
251853.96 
251854.09 
251854.22 
251854.34 
251854.47 
251854.60 
251854.73 
251854.85 
251854.98 
251855.11 
251855.24 
251855.37 
251855.49 
251855.62 
251855.75 
251855.87 
251856.00 
251856.13 
251856.26 
251856.38 
251856.51 
251856.64 
251856.76 
251856.89 
251857.02 
251857.15 
251857.28 
251857.41 
251857.53 
251857.66 
251857.77 
251857.89 
251858.01 
251858.14 
251858.27 
251858.40 
251858.52 
251858.65 
251858.77 
251858.90 
251859.02 
251859.15 
251859.28 
251859.40 
251859.53 
251859.66 
251859.79 
251859.92 
251860.05 
251860.17 
251860.30 
251860.43 
251860.55 
251860.68 
251860.82 
251860.95 
251861.08 
251861.21 
251861.34 
251861.46 
251861.59 
251861.72 
251861.85 
251861.99 
251862.12 
251862.24 
251862.36 
251862.49 
251862.61 
251862.74 
251862.87 
251863.00 
251863.12 
251863.25 
251863.37 
251863.50 
251863.63 
251863.76 
251863.88 
251864.01 
251864.14 
251864.27 
251864.39 
251864.53 
251864.67 
251864.81 
251864.93 
251865.06 
251865.19 
251865.34 
251865.46 
251865.59 
251865.72 
251865.85 
251865.97 
251866.10 
251866.23 
251866.36 
251866.49 
251866.62 
251866.75 
251866.87 
251867.00 
251867.13 
251867.25 
251867.38 
251867.51 
251867.64 
251867.77 
251867.89 
251868.02 
251868.15 
251868.28 
251868.41 
251868.54 
251868.66 
251868.79 
251868.92 
251869.05 
251869.17 
251869.30 
251869.43 
251869.56 
251869.69 
251869.81 
251869.94 
251870.07 
251870.20 
251870.33 
251870.45 
251870.58 
251870.73 
251870.86 
251871.01 
251871.14 
251871.26 
251871.39 
251871.52 
251871.64 
251871.78 
251871.91 
251872.04 
251872.16 
251872.29 
251872.42 
251872.55 
251872.67 
251872.81 
251872.95 
251873.08 
251873.20 
251873.32 
251873.45 
251873.58 
251873.70 
251873.83 
251873.96 
251874.09 
251874.21 
251874.34 
251874.47 
251874.59 
251874.72 
251874.85 
251874.98 
251875.11 
251875.24 
251875.37 
251875.50 
251875.63 
251875.76 
251875.88 
251876.01 
251876.14 
251876.27 
251876.40 
251876.52 
251876.65 
251876.78 
251876.90 
251877.03 
251877.16 
251877.28 
251877.41 
251877.54 
251877.67 
251877.79 
251877.92 
251878.04 
251878.17 
251878.30 
251878.43 
251878.55 
251878.68 
251878.81 
251878.94 
251879.06 
251879.19 
251879.32 
251879.45 
251879.58 
251879.70 
251879.83 
251879.95 
251880.08 
251880.21 
251880.34 
251880.46 
251880.59 
251880.72 
251880.84 
251880.97 
251881.10 
251881.22 
251881.35 
251881.48 
251881.61 
251881.74 
251881.86 
251881.99 
251882.12 
251882.25 
251882.38 
251882.51 
251882.63 
251882.76 
251882.89 
251883.01 
251883.14 
251883.26 
251883.39 
251883.52 
251883.64 
251883.77 
251883.90 
251884.03 
251884.16 
251884.28 
251884.41 
251884.54 
251884.67 
251884.80 
251884.93 
251885.06 
251885.19 
251885.32 
251885.45 
251885.58 
251885.71 
251885.83 
251885.96 
251886.09 
251886.21 
251886.34 
251886.47 
251886.60 
251886.73 
251886.86 
251886.98 
251887.11 
251887.23 
251887.36 
251887.49 
251887.61 
251887.74 
251887.87 
251888.00 
251888.13 
251888.25 
251888.38 
251888.51 
251888.63 
251888.75 
251888.88 
251889.01 
251889.14 
251889.27 
251889.40 
251889.53 
251889.66 
251889.79 
251889.92 
251890.05 
251890.17 
251890.30 
251890.43 
251890.56 
251890.68 
251890.81 
251890.95 
251891.08 
251891.21 
251891.34 
251891.47 
251891.59 
251891.72 
251891.84 
251891.97 
251892.09 
251892.22 
251892.35 
251892.47 
251892.60 
251892.73 
251892.86 
251892.99 
251893.11 
251893.25 
251893.37 
251893.50 
251893.62 
251893.75 
251893.88 
251894.01 
251894.13 
251894.27 
251894.40 
251894.53 
251894.66 
251894.79 
251894.92 
251895.05 
251895.18 
251895.30 
251895.44 
251895.56 
251895.69 
251895.82 
251895.95 
251896.08 
251896.20 
251896.33 
251896.46 
251896.59 
251896.71 
251896.84 
251896.97 
251897.09 
251897.22 
251897.35 
251897.48 
251897.61 
251897.75 
251897.88 
251898.01 
251898.13 
251898.25 
251898.38 
251898.51 
251898.64 
251898.76 
251898.88 
251899.01 
251899.13 
251899.26 
251899.39 
251899.52 
251899.65 
251899.78 
251899.90 
251900.03 
251900.15 
251900.28 
251900.41 
251900.54 
251900.67 
251900.80 
251900.92 
251901.05 
251901.18 
251901.31 
251901.44 
251901.56 
251901.69 
251901.82 
251901.95 
251902.08 
251902.20 
251902.33 
251902.46 
251902.58 
251902.71 
251902.84 
251902.96 
251903.09 
251903.22 
251903.35 
251903.47 
251903.60 
251903.73 
251903.86 
251903.99 
251904.12 
251904.24 
251904.36 
251904.48 
251904.59 
251904.72 
251904.85 
251904.97 
251905.10 
251905.23 
251905.35 
251905.47 
251905.61 
251905.74 
251905.86 
251905.99 
251906.12 
251906.25 
251906.38 
251906.50 
251906.63 
251906.76 
251906.88 
251907.01 
251907.15 
251907.27 
251907.40 
251907.53 
251907.66 
251907.79 
251907.92 
251908.04 
251908.17 
251908.30 
251908.43 
251908.56 
251908.68 
251908.81 
251908.96 
251909.09 
251909.21 
251909.34 
251909.47 
251909.60 
251909.72 
251909.85 
251909.98 
251910.11 
251910.23 
251910.35 
251910.48 
251910.61 
251910.73 
251910.86 
251910.99 
251911.12 
251911.25 
251911.37 
251911.50 
251911.63 
251911.76 
251911.90 
251912.03 
251912.16 
251912.29 
251912.41 
251912.54 
251912.67 
251912.79 
251912.92 
251913.05 
251913.18 
251913.30 
251913.43 
251913.56 
251913.69 
251913.81 
251913.94 
251914.07 
251914.20 
251914.33 
251914.45 
251914.58 
251914.70 
251914.83 
251914.96 
251915.09 
251915.21 
251915.34 
251915.47 
251915.60 
251915.72 
251915.85 
251915.98 
251916.11 
251916.24 
251916.36 
251916.49 
251916.62 
251916.75 
251916.87 
251917.00 
251917.13 
251917.26 
251917.39 
251917.52 
251917.64 
251917.77 
251917.90 
251918.02 
251918.15 
251918.27 
251918.41 
251918.53 
251918.66 
251918.79 
251918.91 
251919.04 
251919.16 
251919.29 
251919.42 
251919.55 
251919.67 
251919.79 
251919.91 
251920.03 
251920.16 
251920.28 
251920.41 
251920.54 
251920.67 
251920.80 
251920.92 
251921.05 
251921.18 
251921.31 
251921.43 
251921.56 
251921.69 
251921.81 
251921.94 
251922.07 
251922.19 
251922.32 
251922.44 
251922.58 
251922.71 
251922.86 
251922.98 
251923.11 
251923.26 
251923.39 
251923.52 
251923.64 
251923.76 
251923.89 
251924.02 
251924.15 
251924.28 
251924.41 
251924.54 
251924.66 
251924.78 
251924.91 
251925.04 
251925.16 
251925.29 
251925.42 
251925.55 
251925.68 
251925.80 
251925.93 
251926.08 
251926.21 
251926.33 
251926.46 
251926.59 
251926.72 
251926.85 
251926.97 
251927.10 
251927.23 
251927.36 
251927.49 
251927.61 
251927.74 
251927.87 
251927.99 
251928.12 
251928.25 
251928.38 
251928.50 
251928.63 
251928.76 
251928.89 
251929.02 
251929.15 
251929.27 
251929.40 
251929.53 
251929.66 
251929.79 
251929.91 
251930.04 
251930.17 
251930.30 
251930.43 
251930.56 
251930.68 
251930.81 
251930.94 
251931.06 
251931.19 
251931.32 
251931.45 
251931.58 
251931.72 
251931.85 
251931.97 
251932.12 
251932.25 
251932.37 
251932.50 
251932.63 
251932.76 
251932.88 
251933.01 
251933.14 
251933.27 
251933.39 
251933.53 
251933.65 
251933.78 
251933.91 
251934.04 
251934.16 
251934.29 
251934.42 
251934.55 
251934.67 
251934.80 
251934.93 
251935.05 
251935.18 
251935.29 
251935.42 
251935.54 
251935.67 
251935.80 
251935.93 
251936.06 
251936.18 
251936.31 
251936.44 
251936.57 
251936.69 
251936.82 
251936.94 
251937.07 
251937.20 
251937.33 
251937.45 
251937.58 
251937.71 
251937.84 
251937.96 
251938.09 
251938.22 
251938.35 
251938.47 
251938.60 
251938.73 
251938.85 
251938.98 
251939.11 
251939.24 
251939.37 
251939.49 
251939.62 
251939.75 
251939.88 
251940.01 
251940.13 
251940.26 
251940.39 
251940.52 
251940.64 
251940.77 
251940.90 
251941.02 
251941.15 
251941.28 
251941.40 
251941.53 
251941.66 
251941.79 
251941.92 
251942.05 
251942.17 
251942.30 
251942.43 
251942.56 
251942.69 
251942.83 
251942.95 
251943.08 
251943.20 
251943.33 
251943.46 
251943.59 
251943.72 
251943.85 
251943.98 
251944.11 
251944.24 
251944.36 
251944.49 
251944.62 
251944.75 
251944.88 
251945.00 
251945.13 
251945.26 
251945.39 
251945.52 
251945.64 
251945.77 
251945.90 
251946.02 
251946.15 
251946.28 
251946.41 
251946.54 
251946.67 
251946.79 
251946.92 
251947.05 
251947.18 
251947.31 
251947.43 
251947.56 
251947.69 
251947.81 
251947.94 
251948.07 
251948.20 
251948.32 
251948.45 
251948.58 
251948.70 
251948.83 
251948.95 
251949.08 
251949.20 
251949.33 
251949.46 
251949.59 
251949.72 
251949.85 
251949.98 
251950.10 
251950.23 
251950.38 
251950.51 
251950.63 
251950.75 
251950.86 
251950.99 
251951.11 
251951.24 
251951.37 
251951.50 
251951.63 
251951.75 
251951.88 
251952.01 
251952.14 
251952.27 
251952.39 
251952.52 
251952.65 
251952.77 
251952.90 
251953.03 
251953.16 
251953.29 
251953.41 
251953.54 
251953.67 
251953.80 
251953.93 
251954.06 
251954.18 
251954.31 
251954.44 
251954.57 
251954.70 
251954.82 
251954.95 
251955.08 
251955.21 
251955.34 
251955.46 
251955.59 
251955.72 
251955.85 
251955.97 
251956.10 
251956.24 
251956.37 
251956.50 
251956.63 
251956.76 
251956.88 
251957.01 
251957.14 
251957.27 
251957.40 
251957.53 
251957.66 
251957.78 
251957.91 
251958.04 
251958.17 
251958.30 
251958.43 
251958.55 
251958.68 
251958.80 
251958.93 
251959.06 
251959.19 
251959.32 
251959.45 
251959.59 
251959.71 
251959.84 
251959.97 
251960.10 
251960.23 
251960.35 
251960.48 
251960.62 
251960.75 
251960.88 
251961.01 
251961.14 
251961.27 
251961.41 
251961.55 
251961.67 
251961.80 
251961.93 
251962.07 
251962.20 
251962.32 
251962.45 
251962.57 
251962.70 
251962.85 
251962.98 
251963.10 
251963.24 
251963.37 
251963.50 
251963.63 
251963.75 
251963.88 
251964.01 
251964.14 
251964.26 
251964.39 
251964.51 
251964.64 
251964.77 
251964.89 
251965.01 
251965.14 
251965.27 
251965.40 
251965.52 
251965.65 
251965.77 
251965.90 
251966.03 
251966.15 
251966.29 
251966.42 
251966.54 
251966.67 
251966.80 
251966.93 
251967.05 
251967.18 
251967.31 
251967.45 
251967.58 
251967.71 
251967.85 
251967.98 
251968.11 
251968.24 
251968.36 
251968.49 
251968.62 
251968.76 
251968.88 
251969.01 
251969.14 
251969.27 
251969.39 
251969.52 
251969.65 
251969.78 
251969.90 
251970.03 
251970.15 
251970.28 
251970.41 
251970.54 
251970.67 
251970.79 
251970.92 
251971.05 
251971.17 
251971.30 
251971.43 
251971.56 
251971.69 
251971.81 
251971.94 
251972.07 
251972.20 
251972.33 
251972.45 
251972.58 
251972.71 
251972.84 
251972.97 
251973.10 
251973.23 
251973.35 
251973.48 
251973.61 
251973.74 
251973.87 
251973.99 
251974.12 
251974.25 
251974.38 
251974.51 
251974.64 
251974.76 
251974.89 
251975.02 
251975.14 
251975.27 
251975.40 
251975.53 
251975.65 
251975.78 
251975.91 
251976.04 
251976.17 
251976.30 
251976.42 
251976.55 
251976.68 
251976.81 
251976.94 
251977.06 
251977.19 
251977.32 
251977.44 
251977.57 
251977.70 
251977.83 
251977.95 
251978.08 
251978.20 
251978.33 
251978.46 
251978.58 
251978.71 
251978.84 
251978.97 
251979.09 
251979.22 
251979.35 
251979.48 
251979.60 
251979.73 
251979.86 
251979.99 
251980.12 
251980.25 
251980.38 
251980.50 
251980.63 
251980.76 
251980.89 
251981.01 
251981.14 
251981.27 
251981.39 
251981.52 
251981.65 
251981.77 
251981.89 
251982.02 
251982.15 
251982.28 
251982.40 
251982.53 
251982.66 
251982.79 
251982.92 
251983.04 
251983.17 
251983.30 
251983.43 
251983.56 
251983.68 
251983.81 
251983.93 
251984.06 
251984.19 
251984.32 
251984.44 
251984.57 
251984.70 
251984.83 
251984.95 
251985.08 
251985.21 
251985.34 
251985.46 
251985.59 
251985.72 
251985.85 
251985.97 
251986.10 
251986.24 
251986.36 
251986.49 
251986.62 
251986.74 
251986.87 
251987.00 
251987.13 
251987.25 
251987.38 
251987.51 
251987.64 
251987.77 
251987.89 
251988.02 
251988.15 
251988.27 
251988.40 
251988.53 
251988.66 
251988.79 
251988.92 
251989.04 
251989.17 
251989.30 
251989.43 
251989.55 
251989.68 
251989.80 
251989.93 
251990.06 
251990.19 
251990.31 
251990.44 
251990.57 
251990.69 
251990.82 
251990.95 
251991.08 
251991.21 
251991.34 
251991.46 
251991.59 
251991.72 
251991.85 
251991.97 
251992.10 
251992.24 
251992.36 
251992.49 
251992.62 
251992.75 
251992.88 
251993.01 
251993.13 
251993.26 
251993.39 
251993.52 
251993.64 
251993.77 
251993.90 
251994.02 
251994.14 
251994.27 
251994.40 
251994.53 
251994.67 
251994.80 
251994.93 
251995.05 
251995.18 
251995.30 
251995.43 
251995.56 
251995.69 
251995.81 
251995.94 
251996.06 
251996.19 
251996.32 
251996.45 
251996.57 
251996.70 
251996.83 
251996.95 
251997.08 
251997.21 
251997.33 
251997.45 
251997.57 
251997.69 
251997.82 
251997.95 
251998.08 
251998.21 
251998.33 
251998.46 
251998.59 
251998.73 
251998.86 
251998.99 
251999.11 
251999.24 
251999.37 
251999.49 
251999.62 
251999.75 
251999.87 
252000.01 
252000.14 
252000.27 
252000.40 
252000.52 
252000.65 
252000.78 
252000.91 
252001.03 
252001.16 
252001.29 
252001.41 
252001.54 
252001.67 
252001.80 
252001.93 
252002.06 
252002.19 
252002.32 
252002.45 
252002.57 
252002.70 
252002.83 
252002.97 
252003.09 
252003.22 
252003.34 
252003.47 
252003.60 
252003.73 
252003.86 
252003.99 
252004.11 
252004.24 
252004.37 
252004.50 
252004.62 
252004.75 
252004.88 
252005.01 
252005.14 
252005.28 
252005.41 
252005.54 
252005.67 
252005.80 
252005.93 
252006.05 
252006.18 
252006.31 
252006.44 
252006.57 
252006.69 
252006.82 
252006.95 
252007.08 
252007.20 
252007.33 
252007.46 
252007.59 
252007.71 
252007.84 
252007.97 
252008.10 
252008.23 
252008.35 
252008.48 
252008.61 
252008.74 
252008.87 
252009.00 
252009.13 
252009.25 
252009.38 
252009.51 
252009.64 
252009.77 
252009.90 
252010.03 
252010.15 
252010.28 
252010.41 
252010.54 
252010.67 
252010.80 
252010.93 
252011.05 
252011.18 
252011.31 
252011.44 
252011.56 
252011.69 
252011.82 
252011.95 
252012.06 
252012.21 
252012.33 
252012.46 
252012.59 
252012.71 
252012.84 
252012.96 
252013.09 
252013.21 
252013.34 
252013.47 
252013.59 
252013.72 
252013.85 
252013.98 
252014.11 
252014.23 
252014.36 
252014.49 
252014.61 
252014.74 
252014.87 
252015.00 
252015.12 
252015.25 
252015.37 
252015.50 
252015.62 
252015.75 
252015.88 
252016.01 
252016.14 
252016.27 
252016.40 
252016.52 
252016.65 
252016.78 
252016.91 
252017.03 
252017.16 
252017.29 
252017.42 
252017.55 
252017.67 
252017.80 
252017.93 
252018.06 
252018.19 
252018.32 
252018.44 
252018.57 
252018.70 
252018.82 
252018.95 
252019.08 
252019.21 
252019.34 
252019.46 
252019.59 
252019.71 
252019.84 
252019.97 
252020.10 
252020.23 
252020.36 
252020.49 
252020.62 
252020.75 
252020.88 
252021.00 
252021.13 
252021.26 
252021.39 
252021.51 
252021.64 
252021.77 
252021.90 
252022.02 
252022.15 
252022.28 
252022.41 
252022.53 
252022.66 
252022.79 
252022.92 
252023.05 
252023.18 
252023.30 
252023.43 
252023.56 
252023.69 
252023.81 
252023.94 
252024.06 
252024.19 
252024.32 
252024.45 
252024.57 
252024.70 
252024.83 
252024.96 
252025.08 
252025.21 
252025.33 
252025.46 
252025.59 
252025.72 
252025.85 
252025.98 
252026.10 
252026.23 
252026.36 
252026.49 
252026.61 
252026.74 
252026.87 
252027.00 
252027.13 
252027.26 
252027.38 
252027.51 
252027.65 
252027.78 
252027.91 
252028.03 
252028.16 
252028.27 
252028.40 
252028.53 
252028.66 
252028.79 
252028.92 
252029.05 
252029.19 
252029.32 
252029.45 
252029.58 
252029.71 
252029.84 
252029.97 
252030.09 
252030.21 
252030.33 
252030.46 
252030.59 
252030.72 
252030.85 
252030.97 
252031.10 
252031.23 
252031.36 
252031.48 
252031.61 
252031.74 
252031.87 
252032.00 
252032.13 
252032.25 
252032.38 
252032.51 
252032.64 
252032.77 
252032.90 
252033.03 
252033.16 
252033.28 
252033.41 
252033.54 
252033.67 
252033.80 
252033.93 
252034.06 
252034.18 
252034.31 
252034.44 
252034.57 
252034.69 
252034.82 
252034.95 
252035.08 
252035.21 
252035.34 
252035.47 
252035.59 
252035.72 
252035.85 
252035.97 
252036.10 
252036.23 
252036.36 
252036.49 
252036.62 
252036.75 
252036.88 
252037.00 
252037.13 
252037.26 
252037.38 
252037.51 
252037.64 
252037.77 
252037.89 
252038.02 
252038.15 
252038.28 
252038.41 
252038.54 
252038.67 
252038.80 
252038.93 
252039.05 
252039.18 
252039.31 
252039.44 
252039.57 
252039.70 
252039.83 
252039.95 
252040.08 
252040.21 
252040.33 
252040.46 
252040.59 
252040.72 
252040.84 
252040.97 
252041.10 
252041.23 
252041.35 
252041.48 
252041.61 
252041.74 
252041.87 
252042.00 
252042.13 
252042.25 
252042.38 
252042.51 
252042.64 
252042.76 
252042.89 
252043.02 
252043.15 
252043.28 
252043.40 
252043.53 
252043.66 
252043.78 
252043.90 
252044.03 
252044.15 
252044.28 
252044.41 
252044.54 
252044.67 
252044.79 
252044.93 
252045.05 
252045.18 
252045.30 
252045.43 
252045.56 
252045.69 
252045.81 
252045.94 
252046.07 
252046.19 
252046.32 
252046.45 
252046.57 
252046.70 
252046.83 
252046.95 
252047.08 
252047.20 
252047.33 
252047.46 
252047.59 
252047.71 
252047.84 
252047.97 
252048.10 
252048.22 
252048.35 
252048.48 
252048.60 
252048.73 
252048.86 
252048.99 
252049.11 
252049.24 
252049.37 
252049.49 
252049.62 
252049.75 
252049.88 
252050.00 
252050.13 
252050.26 
252050.39 
252050.53 
252050.65 
252050.78 
252050.90 
252051.03 
252051.16 
252051.29 
252051.41 
252051.54 
252051.67 
252051.80 
252051.93 
252052.06 
252052.18 
252052.31 
252052.44 
252052.57 
252052.70 
252052.82 
252052.95 
252053.08 
252053.21 
252053.33 
252053.46 
252053.59 
252053.72 
252053.84 
252053.97 
252054.10 
252054.23 
252054.35 
252054.48 
252054.61 
252054.74 
252054.87 
252054.99 
252055.12 
252055.25 
252055.38 
252055.51 
252055.64 
252055.76 
252055.89 
252056.02 
252056.15 
252056.28 
252056.40 
252056.53 
252056.66 
252056.79 
252056.92 
252057.05 
252057.17 
252057.30 
252057.42 
252057.56 
252057.68 
252057.81 
252057.93 
252058.06 
252058.19 
252058.32 
252058.45 
252058.57 
252058.70 
252058.83 
252058.96 
252059.08 
252059.21 
252059.33 
252059.45 
252059.57 
252059.70 
252059.83 
252059.96 
252060.09 
252060.21 
252060.34 
252060.47 
252060.60 
252060.72 
252060.85 
252060.98 
252061.11 
252061.24 
252061.37 
252061.50 
252061.62 
252061.75 
252061.88 
252062.01 
252062.14 
252062.27 
252062.40 
252062.53 
252062.65 
252062.80 
252062.92 
252063.05 
252063.18 
252063.31 
252063.43 
252063.56 
252063.69 
252063.82 
252063.95 
252064.07 
252064.20 
252064.33 
252064.46 
252064.59 
252064.72 
252064.84 
252064.97 
252065.10 
252065.23 
252065.35 
252065.48 
252065.61 
252065.74 
252065.86 
252065.99 
252066.12 
252066.25 
252066.37 
252066.50 
252066.62 
252066.75 
252066.88 
252067.01 
252067.13 
252067.28 
252067.40 
252067.53 
252067.66 
252067.78 
252067.91 
252068.04 
252068.17 
252068.29 
252068.42 
252068.55 
252068.68 
252068.80 
252068.93 
252069.08 
252069.20 
252069.33 
252069.45 
252069.58 
252069.71 
252069.83 
252069.96 
252070.09 
252070.22 
252070.35 
252070.48 
252070.61 
252070.73 
252070.86 
252070.99 
252071.12 
252071.25 
252071.37 
252071.50 
252071.63 
252071.77 
252071.89 
252072.02 
252072.15 
252072.27 
252072.40 
252072.53 
252072.66 
252072.79 
252072.92 
252073.05 
252073.17 
252073.30 
252073.43 
252073.56 
252073.68 
252073.81 
252073.94 
252074.07 
252074.20 
252074.32 
252074.45 
252074.58 
252074.70 
252074.82 
252074.95 
252075.07 
252075.20 
252075.33 
252075.46 
252075.59 
252075.72 
252075.85 
252075.97 
252076.10 
252076.23 
252076.36 
252076.49 
252076.61 
252076.74 
252076.87 
252077.00 
252077.13 
252077.25 
252077.38 
252077.51 
252077.64 
252077.77 
252077.89 
252078.02 
252078.15 
252078.28 
252078.41 
252078.53 
252078.66 
252078.79 
252078.92 
252079.05 
252079.17 
252079.30 
252079.43 
252079.56 
252079.68 
252079.83 
252079.96 
252080.08 
252080.21 
252080.34 
252080.47 
252080.59 
252080.72 
252080.85 
252080.97 
252081.10 
252081.23 
252081.36 
252081.49 
252081.63 
252081.76 
252081.88 
252082.01 
252082.14 
252082.26 
252082.39 
252082.52 
252082.64 
252082.77 
252082.90 
252083.03 
252083.15 
252083.28 
252083.41 
252083.54 
252083.67 
252083.80 
252083.93 
252084.05 
252084.18 
252084.31 
252084.44 
252084.57 
252084.70 
252084.83 
252084.96 
252085.08 
252085.21 
252085.34 
252085.47 
252085.59 
252085.71 
252085.84 
252085.97 
252086.09 
252086.22 
252086.35 
252086.48 
252086.60 
252086.73 
252086.86 
252086.98 
252087.11 
252087.25 
252087.37 
252087.50 
252087.63 
252087.76 
252087.88 
252088.01 
252088.14 
252088.28 
252088.41 
252088.54 
252088.66 
252088.79 
252088.92 
252089.05 
252089.17 
252089.30 
252089.43 
252089.56 
252089.68 
252089.81 
252089.94 
252090.09 
252090.21 
252090.33 
252090.47 
252090.59 
252090.73 
252090.85 
252090.98 
252091.11 
252091.24 
252091.37 
252091.50 
252091.63 
252091.75 
252091.88 
252092.00 
252092.13 
252092.26 
252092.39 
252092.52 
252092.65 
252092.78 
252092.91 
252093.04 
252093.16 
252093.31 
252093.43 
252093.57 
252093.71 
252093.83 
252093.96 
252094.09 
252094.22 
252094.34 
252094.47 
252094.60 
252094.72 
252094.85 
252094.98 
252095.11 
252095.24 
252095.37 
252095.49 
252095.62 
252095.75 
252095.87 
252096.01 
252096.13 
252096.26 
252096.39 
252096.52 
252096.65 
252096.78 
252096.90 
252097.03 
252097.16 
252097.29 
252097.41 
252097.55 
252097.67 
252097.80 
252097.93 
252098.06 
252098.18 
252098.31 
252098.44 
252098.56 
252098.69 
252098.82 
252098.95 
252099.07 
252099.20 
252099.33 
252099.45 
252099.58 
252099.71 
252099.83 
252099.96 
252100.09 
252100.22 
252100.34 
252100.47 
252100.60 
252100.73 
252100.85 
252100.98 
252101.11 
252101.24 
252101.37 
252101.50 
252101.62 
252101.75 
252101.87 
252102.00 
252102.13 
252102.26 
252102.39 
252102.52 
252102.65 
252102.78 
252102.91 
252103.04 
252103.16 
252103.29 
252103.42 
252103.55 
252103.68 
252103.80 
252103.93 
252104.06 
252104.19 
252104.32 
252104.46 
252104.59 
252104.72 
252104.84 
252104.97 
252105.10 
252105.22 
252105.35 
252105.48 
252105.61 
252105.73 
252105.85 
252105.97 
252106.10 
252106.23 
252106.35 
252106.48 
252106.61 
252106.74 
252106.86 
252106.98 
252107.11 
252107.23 
252107.36 
252107.48 
252107.61 
252107.73 
252107.86 
252107.99 
252108.12 
252108.24 
252108.37 
252108.50 
252108.62 
252108.75 
252108.88 
252109.01 
252109.13 
252109.26 
252109.38 
252109.51 
252109.64 
252109.76 
252109.89 
252110.02 
252110.15 
252110.28 
252110.41 
252110.54 
252110.66 
252110.79 
252110.92 
252111.05 
252111.17 
252111.30 
252111.43 
252111.56 
252111.69 
252111.81 
252111.94 
252112.07 
252112.19 
252112.32 
252112.45 
252112.58 
252112.71 
252112.83 
252112.96 
252113.09 
252113.21 
252113.34 
252113.47 
252113.60 
252113.72 
252113.85 
252113.97 
252114.10 
252114.23 
252114.35 
252114.48 
252114.60 
252114.73 
252114.86 
252114.99 
252115.12 
252115.24 
252115.37 
252115.50 
252115.62 
252115.75 
252115.87 
252116.00 
252116.13 
252116.25 
252116.38 
252116.51 
252116.63 
252116.76 
252116.89 
252117.03 
252117.16 
252117.29 
252117.41 
252117.54 
252117.67 
252117.80 
252117.93 
252118.05 
252118.18 
252118.31 
252118.43 
252118.56 
252118.69 
252118.81 
252118.94 
252119.07 
252119.20 
252119.32 
252119.45 
252119.58 
252119.71 
252119.84 
252119.96 
252120.09 
252120.22 
252120.35 
252120.48 
252120.61 
252120.73 
252120.86 
252120.99 
252121.11 
252121.24 
252121.36 
252121.48 
252121.61 
252121.73 
252121.86 
252121.99 
252122.12 
252122.24 
252122.37 
252122.50 
252122.63 
252122.76 
252122.88 
252123.01 
252123.13 
252123.26 
252123.39 
252123.51 
252123.64 
252123.77 
252123.89 
252124.02 
252124.15 
252124.28 
252124.41 
252124.53 
252124.68 
252124.81 
252124.93 
252125.06 
252125.19 
252125.32 
252125.45 
252125.57 
252125.70 
252125.83 
252125.96 
252126.09 
252126.21 
252126.34 
252126.46 
252126.59 
252126.73 
252126.86 
252126.99 
252127.12 
252127.24 
252127.37 
252127.50 
252127.62 
252127.75 
252127.88 
252128.00 
252128.13 
252128.26 
252128.39 
252128.52 
252128.65 
252128.77 
252128.90 
252129.03 
252129.16 
252129.29 
252129.41 
252129.53 
252129.66 
252129.81 
252129.93 
252130.06 
252130.19 
252130.31 
252130.44 
252130.57 
252130.69 
252130.82 
252130.95 
252131.08 
252131.21 
252131.33 
252131.46 
252131.59 
252131.71 
252131.84 
252131.97 
252132.10 
252132.23 
252132.36 
252132.49 
252132.61 
252132.74 
252132.87 
252133.00 
252133.12 
252133.25 
252133.38 
252133.51 
252133.63 
252133.76 
252133.89 
252134.01 
252134.14 
252134.27 
252134.40 
252134.53 
252134.65 
252134.78 
252134.91 
252135.04 
252135.16 
252135.29 
252135.42 
252135.55 
252135.67 
252135.80 
252135.92 
252136.05 
252136.19 
252136.32 
252136.45 
252136.57 
252136.70 
252136.82 
252136.95 
252137.07 
252137.19 
252137.32 
252137.45 
252137.58 
252137.71 
252137.85 
252137.97 
252138.10 
252138.23 
252138.36 
252138.49 
252138.62 
252138.74 
252138.87 
252139.00 
252139.13 
252139.26 
252139.38 
252139.51 
252139.64 
252139.77 
252139.90 
252140.03 
252140.15 
252140.28 
252140.41 
252140.54 
252140.67 
252140.80 
252140.93 
252141.05 
252141.18 
252141.31 
252141.44 
252141.57 
252141.69 
252141.82 
252141.95 
252142.09 
252142.22 
252142.35 
252142.48 
252142.60 
252142.73 
252142.86 
252142.99 
252143.12 
252143.25 
252143.37 
252143.50 
252143.63 
252143.75 
252143.88 
252144.01 
252144.14 
252144.27 
252144.39 
252144.52 
252144.67 
252144.79 
252144.92 
252145.05 
252145.17 
252145.30 
252145.43 
252145.56 
252145.69 
252145.81 
252145.94 
252146.06 
252146.19 
252146.31 
252146.44 
252146.57 
252146.70 
252146.83 
252146.95 
252147.08 
252147.21 
252147.34 
252147.46 
252147.59 
252147.71 
252147.84 
252147.96 
252148.09 
252148.22 
252148.35 
252148.47 
252148.60 
252148.72 
252148.85 
252148.98 
252149.11 
252149.24 
252149.37 
252149.49 
252149.62 
252149.75 
252149.88 
252150.01 
252150.13 
252150.26 
252150.38 
252150.51 
252150.64 
252150.76 
252150.89 
252151.02 
252151.15 
252151.28 
252151.40 
252151.53 
252151.66 
252151.79 
252151.92 
252152.05 
252152.17 
252152.30 
252152.43 
252152.55 
252152.67 
252152.80 
252152.93 
252153.05 
252153.18 
252153.31 
252153.44 
252153.56 
252153.69 
252153.82 
252153.95 
252154.08 
252154.20 
252154.33 
252154.46 
252154.59 
252154.72 
252154.85 
252154.97 
252155.10 
252155.23 
252155.36 
252155.48 
252155.61 
252155.74 
252155.86 
252155.99 
252156.12 
252156.25 
252156.36 
252156.49 
252156.61 
252156.74 
252156.87 
252157.00 
252157.13 
252157.27 
252157.40 
252157.53 
252157.66 
252157.78 
252157.91 
252158.04 
252158.17 
252158.29 
252158.42 
252158.55 
252158.68 
252158.80 
252158.92 
252159.05 
252159.18 
252159.30 
252159.43 
252159.56 
252159.69 
252159.81 
252159.94 
252160.07 
252160.20 
252160.33 
252160.45 
252160.58 
252160.71 
252160.84 
252160.96 
252161.09 
252161.22 
252161.35 
252161.47 
252161.60 
252161.73 
252161.85 
252161.98 
252162.11 
252162.23 
252162.36 
252162.48 
252162.61 
252162.74 
252162.87 
252163.00 
252163.13 
252163.26 
252163.38 
252163.51 
252163.64 
252163.77 
252163.89 
252164.02 
252164.15 
252164.28 
252164.41 
252164.54 
252164.66 
252164.79 
252164.92 
252165.05 
252165.18 
252165.30 
252165.43 
252165.56 
252165.69 
252165.82 
252165.95 
252166.07 
252166.20 
252166.33 
252166.46 
252166.58 
252166.71 
252166.84 
252166.97 
252167.09 
252167.22 
252167.35 
252167.48 
252167.61 
252167.74 
252167.88 
252168.01 
252168.14 
252168.27 
252168.39 
252168.54 
252168.67 
252168.79 
252168.92 
252169.05 
252169.18 
252169.30 
252169.43 
252169.55 
252169.68 
252169.81 
252169.93 
252170.06 
252170.19 
252170.32 
252170.45 
252170.58 
252170.71 
252170.83 
252170.96 
252171.09 
252171.22 
252171.35 
252171.48 
252171.61 
252171.74 
252171.86 
252171.99 
252172.12 
252172.25 
252172.37 
252172.50 
252172.63 
252172.76 
252172.88 
252173.01 
252173.14 
252173.27 
252173.40 
252173.52 
252173.65 
252173.78 
252173.91 
252174.04 
252174.16 
252174.29 
252174.42 
252174.55 
252174.68 
252174.81 
252174.94 
252175.06 
252175.19 
252175.32 
252175.45 
252175.58 
252175.70 
252175.83 
252175.96 
252176.08 
252176.21 
252176.34 
252176.46 
252176.59 
252176.72 
252176.85 
252176.97 
252177.10 
252177.23 
252177.36 
252177.48 
252177.61 
252177.74 
252177.87 
252178.00 
252178.12 
252178.25 
252178.38 
252178.51 
252178.63 
252178.76 
252178.89 
252179.02 
252179.14 
252179.27 
252179.40 
252179.53 
252179.65 
252179.78 
252179.91 
252180.04 
252180.17 
252180.29 
252180.41 
252180.54 
252180.67 
252180.80 
252180.93 
252181.05 
252181.18 
252181.31 
252181.44 
252181.56 
252181.69 
252181.82 
252181.95 
252182.09 
252182.22 
252182.34 
252182.47 
252182.60 
252182.73 
252182.85 
252182.98 
252183.11 
252183.23 
252183.35 
252183.48 
252183.60 
252183.73 
252183.85 
252183.98 
252184.11 
252184.23 
252184.36 
252184.49 
252184.62 
252184.75 
252184.88 
252185.00 
252185.13 
252185.26 
252185.39 
252185.52 
252185.64 
252185.77 
252185.90 
252186.03 
252186.16 
252186.28 
252186.41 
252186.54 
252186.66 
252186.79 
252186.92 
252187.05 
252187.17 
252187.30 
252187.43 
252187.56 
252187.69 
252187.81 
252187.94 
252188.07 
252188.20 
252188.33 
252188.45 
252188.58 
252188.71 
252188.84 
252188.97 
252189.09 
252189.22 
252189.34 
252189.49 
252189.61 
252189.74 
252189.87 
252190.00 
252190.13 
252190.25 
252190.38 
252190.51 
252190.64 
252190.77 
252190.89 
252191.02 
252191.15 
252191.28 
252191.40 
252191.53 
252191.66 
252191.79 
252191.92 
252192.05 
252192.17 
252192.30 
252192.43 
252192.56 
252192.69 
252192.83 
252192.96 
252193.08 
252193.21 
252193.34 
252193.47 
252193.60 
252193.72 
252193.85 
252193.98 
252194.11 
252194.24 
252194.37 
252194.49 
252194.62 
252194.76 
252194.89 
252195.02 
252195.14 
252195.27 
252195.40 
252195.53 
252195.65 
252195.78 
252195.91 
252196.05 
252196.16 
252196.30 
252196.42 
252196.54 
252196.67 
252196.79 
252196.93 
252197.06 
252197.17 
252197.28 
252197.41 
252197.52 
252197.64 
252197.76 
252197.88 
252197.99 
252198.11 
252198.23 
252198.35 
252198.47 
252198.59 
252198.70 
252198.82 
252198.94 
252199.06 
252199.18 
252199.29 
252199.41 
252199.53 
252199.65 
252199.77 
252199.89 
252200.01 
252200.13 
252200.24 
252200.36 
252200.48 
252200.60 
252200.72 
252200.83 
252200.95 
252201.07 
252201.20 
252201.32 
252201.44 
252201.56 
252201.68 
252201.80 
252201.92 
252202.03 
252202.15 
252202.27 
252202.39 
252202.51 
252202.62 
252202.74 
252202.86 
252202.98 
252203.10 
252203.22 
252203.34 
252203.45 
252203.57 
252203.69 
252203.81 
252203.92 
252204.04 
252204.16 
252204.28 
252204.40 
252204.52 
252204.63 
252204.75 
252204.87 
252204.98 
252205.10 
252205.22 
252205.34 
252205.46 
252205.57 
252205.69 
252205.81 
252205.93 
252206.05 
252206.17 
252206.28 
252206.40 
252206.52 
252206.64 
252206.77 
252206.90 
252207.02 
252207.15 
252207.28 
252207.41 
252207.55 
252207.68 
252207.81 
252207.95 
252208.09 
252208.21 
252208.34 
252208.48 
252208.61 
252208.74 
252208.87 
252209.01 
252209.14 
252209.28 
252209.41 
252209.55 
252209.69 
252209.81 
252209.95 
252210.08 
252210.21 
252210.34 
252210.48 
252210.60 
252210.72 
252210.85 
252210.98 
252211.10 
252211.23 
252211.37 
252211.49 
252211.62 
252211.76 
252211.89 
252212.02 
252212.15 
252212.28 
252212.41 
252212.55 
252212.67 
252212.82 
252212.95 
252213.09 
252213.22 
252213.35 
252213.47 
252213.59 
252213.71 
252213.84 
252213.97 
252214.10 
252214.24 
252214.37 
252214.51 
252214.64 
252214.78 
252214.92 
252215.04 
252215.18 
252215.32 
252215.44 
252215.57 
252215.70 
252215.83 
252215.95 
252216.09 
252216.21 
252216.34 
252216.47 
252216.59 
252216.73 
252216.85 
252216.99 
252217.12 
252217.25 
252217.38 
252217.52 
252217.65 
252217.78 
252217.92 
252218.05 
252218.18 
252218.31 
252218.43 
252218.56 
252218.69 
252218.82 
252218.95 
252219.07 
252219.21 
252219.33 
252219.46 
252219.58 
252219.71 
252219.85 
252219.97 
252220.10 
252220.24 
252220.37 
252220.50 
252220.63 
252220.77 
252220.91 
252221.04 
252221.18 
252221.30 
252221.44 
252221.58 
252221.70 
252221.83 
252221.97 
252222.10 
252222.24 
252222.37 
252222.50 
252222.62 
252222.75 
252222.89 
252223.01 
252223.14 
252223.26 
252223.40 
252223.54 
252223.68 
252223.81 
252223.94 
252224.06 
252224.20 
252224.31 
252224.41 
252224.53 
252224.64 
252224.77 
252224.90 
252225.02 
252225.14 
252225.25 
252225.37 
252225.49 
252225.61 
252225.73 
252225.84 
252225.96 
252226.08 
252226.20 
252226.32 
252226.43 
252226.55 
252226.67 
252226.78 
252226.90 
252227.02 
252227.14 
252227.26 
252227.38 
252227.50 
252227.62 
252227.74 
252227.86 
252227.97 
252228.09 
252228.21 
252228.33 
252228.45 
252228.57 
252228.69 
252228.81 
252228.93 
252229.05 
252229.17 
252229.30 
252229.42 
252229.54 
252229.67 
252229.79 
252229.91 
252230.04 
252230.16 
252230.28 
252230.41 
252230.53 
252230.65 
252230.77 
252230.89 
252231.02 
252231.14 
252231.26 
252231.38 
252231.51 
252231.63 
252231.76 
252231.89 
252232.01 
252232.14 
252232.26 
252232.39 
252232.52 
252232.65 
252232.78 
252232.90 
252233.03 
252233.16 
252233.28 
252233.41 
252233.54 
252233.67 
252233.80 
252233.93 
252234.06 
252234.18 
252234.31 
252234.44 
252234.56 
252234.69 
252234.81 
252234.94 
252235.07 
252235.21 
252235.34 
252235.47 
252235.60 
252235.72 
252235.85 
252235.98 
252236.10 
252236.23 
252236.36 
252236.48 
252236.61 
252236.73 
252236.86 
252236.99 
252237.11 
252237.24 
252237.36 
252237.49 
252237.62 
252237.75 
252237.87 
252238.00 
252238.13 
252238.26 
252238.38 
252238.50 
252238.63 
252238.75 
252238.88 
252239.01 
252239.13 
252239.26 
252239.39 
252239.52 
252239.64 
252239.77 
252239.89 
252240.02 
252240.15 
252240.27 
252240.40 
252240.52 
252240.64 
252240.77 
252240.89 
252241.02 
252241.15 
252241.27 
252241.40 
252241.53 
252241.65 
252241.78 
252241.91 
252242.04 
252242.16 
252242.29 
252242.42 
252242.57 
252242.69 
252242.82 
252242.95 
252243.08 
252243.21 
252243.33 
252243.46 
252243.59 
252243.71 
252243.84 
252243.97 
252244.10 
252244.23 
252244.36 
252244.49 
252244.62 
252244.75 
252244.87 
252245.00 
252245.13 
252245.25 
252245.38 
252245.51 
252245.64 
252245.76 
252245.89 
252246.02 
252246.15 
252246.28 
252246.41 
252246.53 
252246.66 
252246.81 
252246.94 
252247.06 
252247.19 
252247.32 
252247.45 
252247.57 
252247.70 
252247.83 
252247.96 
252248.09 
252248.23 
252248.36 
252248.49 
252248.61 
252248.74 
252248.87 
252249.00 
252249.13 
252249.26 
252249.38 
252249.51 
252249.64 
252249.77 
252249.89 
252250.02 
252250.15 
252250.27 
252250.40 
252250.53 
252250.66 
252250.78 
252250.91 
252251.04 
252251.16 
252251.29 
252251.42 
252251.55 
252251.69 
252251.82 
252251.95 
252252.08 
252252.21 
252252.33 
252252.46 
252252.59 
252252.71 
252252.83 
252252.96 
252253.09 
252253.22 
252253.35 
252253.47 
252253.60 
252253.72 
252253.85 
252253.97 
252254.10 
252254.22 
252254.35 
252254.46 
252254.58 
252254.71 
252254.84 
252254.97 
252255.10 
252255.23 
252255.35 
252255.48 
252255.60 
252255.73 
252255.85 
252255.98 
252256.11 
252256.23 
252256.36 
252256.49 
252256.61 
252256.74 
252256.87 
252257.00 
252257.14 
252257.27 
252257.40 
252257.53 
252257.65 
252257.78 
252257.91 
252258.04 
252258.17 
252258.29 
252258.42 
252258.55 
252258.68 
252258.80 
252258.93 
252259.06 
252259.19 
252259.32 
252259.46 
252259.59 
252259.71 
252259.84 
252259.97 
252260.09 
252260.22 
252260.35 
252260.47 
252260.60 
252260.73 
252260.86 
252260.98 
252261.11 
252261.24 
252261.37 
252261.50 
252261.62 
252261.75 
252261.88 
252262.01 
252262.14 
252262.27 
252262.39 
252262.52 
252262.65 
252262.78 
252262.91 
252263.04 
252263.17 
252263.29 
252263.42 
252263.55 
252263.68 
252263.80 
252263.93 
252264.06 
252264.19 
252264.32 
252264.44 
252264.57 
252264.70 
252264.83 
252264.96 
252265.09 
252265.21 
252265.34 
252265.47 
252265.60 
252265.73 
252265.85 
252265.98 
252266.11 
252266.24 
252266.36 
252266.49 
252266.62 
252266.74 
252266.87 
252267.00 
252267.12 
252267.25 
252267.38 
252267.51 
252267.64 
252267.77 
252267.90 
252268.05 
252268.17 
252268.30 
252268.43 
252268.55 
252268.68 
252268.80 
252268.95 
252269.08 
252269.20 
252269.33 
252269.46 
252269.58 
252269.71 
252269.82 
252269.94 
252270.07 
252270.20 
252270.33 
252270.45 
252270.58 
252270.71 
252270.84 
252270.96 
252271.09 
252271.22 
252271.35 
252271.47 
252271.60 
252271.72 
252271.85 
252271.98 
252272.11 
252272.24 
252272.36 
252272.49 
252272.62 
252272.75 
252272.88 
252273.00 
252273.13 
252273.26 
252273.39 
252273.52 
252273.64 
252273.78 
252273.91 
252274.03 
252274.16 
252274.29 
252274.42 
252274.55 
252274.67 
252274.80 
252274.93 
252275.06 
252275.21 
252275.33 
252275.46 
252275.59 
252275.71 
252275.84 
252275.97 
252276.10 
252276.23 
252276.35 
252276.48 
252276.61 
252276.73 
252276.86 
252276.98 
252277.11 
252277.24 
252277.37 
252277.49 
252277.62 
252277.75 
252277.88 
252278.01 
252278.13 
252278.26 
252278.39 
252278.52 
252278.65 
252278.77 
252278.90 
252279.03 
252279.16 
252279.29 
252279.41 
252279.54 
252279.67 
252279.80 
252279.93 
252280.05 
252280.17 
252280.30 
252280.42 
252280.54 
252280.67 
252280.80 
252280.93 
252281.05 
252281.20 
252281.33 
252281.46 
252281.58 
252281.71 
252281.84 
252281.96 
252282.09 
252282.22 
252282.35 
252282.48 
252282.60 
252282.73 
252282.86 
252282.99 
252283.11 
252283.24 
252283.37 
252283.49 
252283.62 
252283.75 
252283.88 
252284.01 
252284.14 
252284.26 
252284.39 
252284.51 
252284.63 
252284.76 
252284.89 
252285.01 
252285.14 
252285.26 
252285.39 
252285.51 
252285.63 
252285.75 
252285.88 
252286.01 
252286.14 
252286.26 
252286.39 
252286.53 
252286.66 
252286.78 
252286.91 
252287.04 
252287.16 
252287.29 
252287.42 
252287.55 
252287.67 
252287.80 
252287.93 
252288.05 
252288.18 
252288.31 
252288.43 
252288.56 
252288.68 
252288.81 
252288.93 
252289.06 
252289.19 
252289.32 
252289.45 
252289.59 
252289.72 
252289.85 
252289.98 
252290.10 
252290.22 
252290.35 
252290.48 
252290.60 
252290.73 
252290.86 
252290.98 
252291.11 
252291.25 
252291.38 
252291.51 
252291.63 
252291.76 
252291.88 
252292.01 
252292.14 
252292.26 
252292.39 
252292.52 
252292.64 
252292.77 
252292.90 
252293.03 
252293.16 
252293.28 
252293.41 
252293.54 
252293.67 
252293.80 
252293.93 
252294.06 
252294.18 
252294.31 
252294.44 
252294.56 
252294.69 
252294.81 
252294.94 
252295.06 
252295.19 
252295.31 
252295.43 
252295.56 
252295.68 
252295.81 
252295.93 
252296.06 
252296.19 
252296.31 
252296.44 
252296.57 
252296.69 
252296.81 
252296.93 
252297.06 
252297.19 
252297.31 
252297.44 
252297.57 
252297.69 
252297.82 
252297.95 
252298.07 
252298.19 
252298.32 
252298.45 
252298.57 
252298.69 
252298.81 
252298.94 
252299.08 
252299.22 
252299.35 
252299.48 
252299.61 
252299.74 
252299.86 
252299.99 
252300.11 
252300.24 
252300.36 
252300.49 
252300.62 
252300.74 
252300.86 
252300.99 
252301.10 
252301.23 
252301.35 
252301.48 
252301.61 
252301.74 
252301.87 
252302.00 
252302.12 
252302.25 
252302.38 
252302.51 
252302.63 
252302.76 
252302.89 
252303.01 
252303.14 
252303.27 
252303.39 
252303.52 
252303.65 
252303.77 
252303.90 
252304.03 
252304.16 
252304.28 
252304.41 
252304.54 
252304.66 
252304.79 
252304.91 
252305.04 
252305.17 
252305.29 
252305.42 
252305.55 
252305.67 
252305.80 
252305.93 
252306.06 
252306.18 
252306.31 
252306.44 
252306.57 
252306.69 
252306.82 
252306.95 
252307.08 
252307.20 
252307.33 
252307.46 
252307.58 
252307.71 
252307.83 
252307.96 
252308.09 
252308.21 
252308.34 
252308.47 
252308.60 
252308.73 
252308.85 
252308.98 
252309.11 
252309.24 
252309.36 
252309.49 
252309.61 
252309.74 
252309.87 
252310.00 
252310.13 
252310.25 
252310.38 
252310.51 
252310.63 
252310.76 
252310.88 
252311.01 
252311.13 
252311.26 
252311.38 
252311.51 
252311.64 
252311.77 
252311.89 
252312.02 
252312.15 
252312.28 
252312.41 
252312.54 
252312.66 
252312.79 
252312.92 
252313.04 
252313.17 
252313.30 
252313.43 
252313.56 
252313.68 
252313.81 
252313.94 
252314.07 
252314.20 
252314.33 
252314.45 
252314.58 
252314.71 
252314.84 
252314.97 
252315.09 
252315.22 
252315.35 
252315.47 
252315.60 
252315.72 
252315.85 
252315.98 
252316.10 
252316.22 
252316.35 
252316.47 
252316.60 
252316.73 
252316.85 
252316.98 
252317.11 
252317.23 
252317.35 
252317.48 
252317.61 
252317.73 
252317.86 
252317.99 
252318.12 
252318.25 
252318.38 
252318.50 
252318.63 
252318.77 
252318.90 
252319.03 
252319.16 
252319.29 
252319.41 
252319.54 
252319.67 
252319.79 
252319.92 
252320.04 
252320.17 
252320.29 
252320.42 
252320.55 
252320.68 
252320.81 
252320.93 
252321.06 
252321.18 
252321.31 
252321.43 
252321.56 
252321.69 
252321.82 
252321.95 
252322.08 
252322.21 
252322.34 
252322.46 
252322.59 
252322.72 
252322.85 
252322.97 
252323.10 
252323.23 
252323.35 
252323.48 
252323.61 
252323.74 
252323.86 
252323.98 
252324.10 
252324.22 
252324.34 
252324.46 
252324.58 
252324.71 
252324.84 
252324.97 
252325.09 
252325.22 
252325.35 
252325.48 
252325.61 
252325.73 
252325.86 
252325.99 
252326.12 
252326.24 
252326.37 
252326.49 
252326.62 
252326.75 
252326.87 
252327.00 
252327.12 
252327.25 
252327.37 
252327.50 
252327.63 
252327.75 
252327.88 
252328.01 
252328.14 
252328.27 
252328.39 
252328.52 
252328.64 
252328.77 
252328.90 
252329.03 
252329.15 
252329.27 
252329.40 
252329.53 
252329.66 
252329.78 
252329.91 
252330.04 
252330.17 
252330.29 
252330.42 
252330.57 
252330.70 
252330.83 
252330.97 
252331.09 
252331.22 
252331.35 
252331.48 
252331.60 
252331.73 
252331.85 
252331.98 
252332.11 
252332.24 
252332.36 
252332.49 
252332.62 
252332.74 
252332.87 
252333.00 
252333.13 
252333.25 
252333.38 
252333.50 
252333.62 
252333.73 
252333.85 
252333.97 
252334.09 
252334.21 
252334.34 
252334.46 
252334.59 
252334.71 
252334.84 
252334.96 
252335.09 
252335.22 
252335.36 
252335.48 
252335.61 
252335.74 
252335.86 
252335.99 
252336.12 
252336.25 
252336.39 
252336.51 
252336.64 
252336.76 
252336.88 
252337.01 
252337.13 
252337.26 
252337.38 
252337.51 
252337.64 
252337.76 
252337.89 
252338.01 
252338.14 
252338.27 
252338.40 
252338.52 
252338.65 
252338.78 
252338.90 
252339.03 
252339.16 
252339.29 
252339.41 
252339.54 
252339.67 
252339.79 
252339.92 
252340.05 
252340.17 
252340.30 
252340.43 
252340.56 
252340.68 
252340.81 
252340.94 
252341.07 
252341.20 
252341.33 
252341.45 
252341.58 
252341.71 
252341.83 
252341.96 
252342.09 
252342.21 
252342.34 
252342.47 
252342.60 
252342.73 
252342.85 
252342.98 
252343.11 
252343.24 
252343.37 
252343.49 
252343.62 
252343.75 
252343.88 
252344.01 
252344.14 
252344.26 
252344.39 
252344.52 
252344.65 
252344.78 
252344.90 
252345.03 
252345.16 
252345.29 
252345.41 
252345.54 
252345.67 
252345.80 
252345.93 
252346.05 
252346.18 
252346.31 
252346.44 
252346.57 
252346.69 
252346.82 
252346.95 
252347.08 
252347.19 
252347.31 
252347.42 
252347.55 
252347.67 
252347.80 
252347.93 
252348.06 
252348.19 
252348.32 
252348.44 
252348.57 
252348.70 
252348.82 
252348.95 
252349.07 
252349.20 
252349.33 
252349.45 
252349.58 
252349.71 
252349.84 
252349.96 
252350.09 
252350.22 
252350.35 
252350.48 
252350.60 
252350.73 
252350.86 
252350.98 
252351.11 
252351.24 
252351.37 
252351.49 
252351.62 
252351.75 
252351.88 
252352.00 
252352.13 
252352.26 
252352.39 
252352.52 
252352.65 
252352.77 
252352.90 
252353.03 
252353.16 
252353.28 
252353.41 
252353.54 
252353.67 
252353.79 
252353.92 
252354.05 
252354.18 
252354.30 
252354.43 
252354.56 
252354.68 
252354.82 
252354.95 
252355.08 
252355.20 
252355.33 
252355.46 
252355.59 
252355.72 
252355.85 
252355.97 
252356.10 
252356.23 
252356.36 
252356.49 
252356.62 
252356.74 
252356.87 
252356.99 
252357.12 
252357.24 
252357.36 
252357.49 
252357.61 
252357.74 
252357.87 
252358.00 
252358.12 
252358.25 
252358.38 
252358.51 
252358.65 
252358.80 
252358.93 
252359.05 
252359.18 
252359.30 
252359.43 
252359.55 
252359.68 
252359.80 
252359.93 
252360.06 
252360.19 
252360.32 
252360.45 
252360.57 
252360.70 
252360.83 
252360.96 
252361.08 
252361.21 
252361.34 
252361.47 
252361.60 
252361.72 
252361.85 
252361.98 
252362.11 
252362.24 
252362.36 
252362.49 
252362.61 
252362.72 
252362.84 
252362.97 
252363.10 
252363.23 
252363.36 
252363.48 
252363.61 
252363.74 
252363.86 
252363.98 
252364.11 
252364.24 
252364.36 
252364.49 
252364.61 
252364.74 
252364.87 
252365.00 
252365.13 
252365.25 
252365.38 
252365.51 
252365.64 
252365.77 
252365.89 
252366.02 
252366.15 
252366.28 
252366.41 
252366.53 
252366.66 
252366.79 
252366.91 
252367.04 
252367.16 
252367.29 
252367.42 
252367.55 
252367.68 
252367.80 
252367.93 
252368.06 
252368.20 
252368.33 
252368.45 
252368.58 
252368.71 
252368.83 
252368.96 
252369.08 
252369.21 
252369.34 
252369.47 
252369.59 
252369.72 
252369.84 
252369.96 
252370.09 
252370.22 
252370.34 
252370.47 
252370.60 
252370.73 
252370.85 
252370.98 
252371.11 
252371.24 
252371.37 
252371.49 
252371.62 
252371.74 
252371.87 
252372.00 
252372.13 
252372.25 
252372.38 
252372.51 
252372.64 
252372.76 
252372.89 
252373.01 
252373.14 
252373.27 
252373.40 
252373.53 
252373.66 
252373.78 
252373.91 
252374.04 
252374.17 
252374.29 
252374.42 
252374.55 
252374.68 
252374.81 
252374.94 
252375.06 
252375.19 
252375.32 
252375.45 
252375.58 
252375.71 
252375.84 
252375.96 
252376.09 
252376.22 
252376.35 
252376.48 
252376.60 
252376.73 
252376.86 
252376.99 
252377.12 
252377.24 
252377.37 
252377.49 
252377.62 
252377.75 
252377.88 
252378.01 
252378.13 
252378.26 
252378.38 
252378.53 
252378.66 
252378.78 
252378.91 
252379.04 
252379.16 
252379.30 
252379.42 
252379.55 
252379.67 
252379.80 
252379.93 
252380.06 
252380.19 
252380.32 
252380.44 
252380.57 
252380.70 
252380.83 
252380.96 
252381.08 
252381.21 
252381.34 
252381.47 
252381.60 
252381.73 
252381.85 
252381.98 
252382.11 
252382.24 
252382.36 
252382.49 
252382.62 
252382.75 
252382.88 
252383.00 
252383.13 
252383.26 
252383.38 
252383.51 
252383.64 
252383.76 
252383.89 
252384.02 
252384.15 
252384.28 
252384.41 
252384.55 
252384.68 
252384.81 
252384.93 
252385.06 
252385.19 
252385.31 
252385.44 
252385.57 
252385.70 
252385.83 
252385.96 
252386.08 
252386.21 
252386.34 
252386.47 
252386.60 
252386.72 
252386.85 
252386.98 
252387.11 
252387.25 
252387.39 
252387.52 
252387.64 
252387.77 
252387.90 
252388.03 
252388.15 
252388.28 
252388.40 
252388.53 
252388.66 
252388.78 
252388.91 
252389.04 
252389.16 
252389.29 
252389.42 
252389.55 
252389.68 
252389.81 
252389.93 
252390.06 
252390.19 
252390.32 
252390.44 
252390.57 
252390.70 
252390.83 
252390.96 
252391.08 
252391.21 
252391.34 
252391.47 
252391.59 
252391.72 
252391.85 
252391.98 
252392.11 
252392.24 
252392.36 
252392.49 
252392.62 
252392.74 
252392.87 
252393.00 
252393.13 
252393.25 
252393.38 
252393.51 
252393.63 
252393.75 
252393.86 
252393.98 
252394.10 
252394.23 
252394.35 
252394.48 
252394.61 
252394.73 
252394.86 
252394.99 
252395.12 
252395.25 
252395.37 
252395.50 
252395.63 
252395.75 
252395.89 
252396.02 
252396.15 
252396.28 
252396.41 
252396.54 
252396.67 
252396.80 
252396.92 
252397.05 
252397.18 
252397.31 
252397.44 
252397.56 
252397.69 
252397.82 
252397.95 
252398.08 
252398.20 
252398.33 
252398.46 
252398.59 
252398.71 
252398.84 
252398.97 
252399.10 
252399.23 
252399.35 
252399.48 
252399.61 
252399.73 
252399.86 
252399.98 
252400.11 
252400.24 
252400.36 
252400.49 
252400.62 
252400.74 
252400.87 
252401.00 
252401.13 
252401.25 
252401.38 
252401.50 
252401.63 
252401.76 
252401.88 
252402.01 
252402.14 
252402.27 
252402.40 
252402.53 
252402.65 
252402.78 
252402.91 
252403.04 
252403.17 
252403.29 
252403.42 
252403.55 
252403.69 
252403.81 
252403.94 
252404.07 
252404.20 
252404.33 
252404.45 
252404.58 
252404.71 
252404.84 
252404.97 
252405.09 
252405.22 
252405.35 
252405.47 
252405.60 
252405.73 
252405.86 
252405.99 
252406.11 
252406.25 
252406.37 
252406.50 
252406.63 
252406.76 
252406.89 
252407.01 
252407.14 
252407.27 
252407.40 
252407.53 
252407.65 
252407.78 
252407.90 
252408.03 
252408.16 
252408.28 
252408.41 
252408.54 
252408.67 
252408.79 
252408.92 
252409.04 
252409.16 
252409.29 
252409.41 
252409.55 
252409.67 
252409.80 
252409.93 
252410.06 
252410.19 
252410.34 
252410.46 
252410.61 
252410.73 
252410.86 
252410.99 
252411.11 
252411.24 
252411.37 
252411.50 
252411.63 
252411.75 
252411.88 
252412.00 
252412.13 
252412.26 
252412.39 
252412.51 
252412.64 
252412.76 
252412.89 
252413.02 
252413.15 
252413.27 
252413.40 
252413.53 
252413.65 
252413.78 
252413.91 
252414.04 
252414.17 
252414.29 
252414.42 
252414.55 
252414.67 
252414.80 
252414.92 
252415.06 
252415.19 
252415.32 
252415.44 
252415.57 
252415.70 
252415.83 
252415.96 
252416.09 
252416.22 
252416.34 
252416.47 
252416.60 
252416.73 
252416.86 
252416.98 
252417.11 
252417.24 
252417.39 
252417.51 
252417.64 
252417.77 
252417.89 
252418.02 
252418.15 
252418.27 
252418.40 
252418.53 
252418.66 
252418.78 
252418.91 
252419.04 
252419.16 
252419.29 
252419.42 
252419.55 
252419.67 
252419.80 
252419.93 
252420.06 
252420.18 
252420.31 
252420.44 
252420.57 
252420.69 
252420.82 
252420.95 
252421.08 
252421.21 
252421.33 
252421.46 
252421.59 
252421.72 
252421.85 
252421.98 
252422.10 
252422.23 
252422.36 
252422.48 
252422.61 
252422.74 
252422.86 
252422.99 
252423.12 
252423.25 
252423.37 
252423.50 
252423.63 
252423.75 
252423.88 
252424.01 
252424.14 
252424.27 
252424.40 
252424.53 
252424.66 
252424.78 
252424.90 
252425.03 
252425.16 
252425.29 
252425.42 
252425.54 
252425.67 
252425.80 
252425.93 
252426.06 
252426.19 
252426.31 
252426.44 
252426.57 
252426.70 
252426.83 
252426.95 
252427.10 
252427.22 
252427.35 
252427.48 
252427.61 
252427.74 
252427.86 
252427.99 
252428.12 
252428.25 
252428.37 
252428.50 
252428.64 
252428.76 
252428.89 
252429.02 
252429.15 
252429.28 
252429.40 
252429.53 
252429.65 
252429.78 
252429.90 
252430.03 
252430.16 
252430.28 
252430.41 
252430.54 
252430.67 
252430.79 
252430.92 
252431.05 
252431.18 
252431.30 
252431.43 
252431.56 
252431.68 
252431.81 
252431.94 
252432.06 
252432.19 
252432.32 
252432.44 
252432.57 
252432.69 
252432.82 
252432.95 
252433.08 
252433.20 
252433.33 
252433.46 
252433.58 
252433.71 
252433.84 
252433.96 
252434.09 
252434.22 
252434.35 
252434.48 
252434.61 
252434.74 
252434.86 
252434.99 
252435.12 
252435.24 
252435.37 
252435.50 
252435.63 
252435.75 
252435.88 
252436.01 
252436.14 
252436.26 
252436.39 
252436.51 
252436.64 
252436.77 
252436.89 
252437.02 
252437.15 
252437.28 
252437.40 
252437.53 
252437.66 
252437.78 
252437.91 
252438.03 
252438.16 
252438.28 
252438.41 
252438.54 
252438.66 
252438.79 
252438.92 
252439.04 
252439.17 
252439.30 
252439.43 
252439.56 
252439.69 
252439.81 
252439.94 
252440.07 
252440.19 
252440.31 
252440.43 
252440.56 
252440.68 
252440.81 
252440.94 
252441.06 
252441.19 
252441.32 
252441.45 
252441.57 
252441.70 
252441.83 
252441.96 
252442.09 
252442.21 
252442.34 
252442.47 
252442.60 
252442.72 
252442.85 
252442.98 
252443.11 
252443.24 
252443.36 
252443.49 
252443.61 
252443.74 
252443.87 
252444.00 
252444.12 
252444.25 
252444.38 
252444.50 
252444.63 
252444.75 
252444.88 
252445.02 
252445.15 
252445.28 
252445.40 
252445.53 
252445.66 
252445.78 
252445.91 
252446.04 
252446.17 
252446.29 
252446.42 
252446.55 
252446.68 
252446.80 
252446.93 
252447.06 
252447.19 
252447.31 
252447.45 
252447.57 
252447.70 
252447.82 
252447.95 
252448.07 
252448.20 
252448.32 
252448.45 
252448.58 
252448.71 
252448.83 
252448.96 
252449.09 
252449.21 
252449.34 
252449.47 
252449.59 
252449.72 
252449.85 
252449.98 
252450.11 
252450.23 
252450.36 
252450.49 
252450.61 
252450.74 
252450.87 
252451.00 
252451.13 
252451.25 
252451.38 
252451.51 
252451.64 
252451.77 
252451.89 
252452.02 
252452.15 
252452.28 
252452.41 
252452.53 
252452.66 
252452.79 
252452.92 
252453.05 
252453.18 
252453.30 
252453.43 
252453.56 
252453.69 
252453.81 
252453.94 
252454.07 
252454.20 
252454.33 
252454.46 
252454.59 
252454.72 
252454.85 
252454.97 
252455.10 
252455.23 
252455.37 
252455.49 
252455.61 
252455.72 
252455.85 
252455.97 
252456.09 
252456.22 
252456.34 
252456.46 
252456.59 
252456.72 
252456.85 
252456.97 
252457.09 
252457.22 
252457.35 
252457.48 
252457.61 
252457.74 
252457.87 
252458.00 
252458.13 
252458.25 
252458.38 
252458.51 
252458.64 
252458.76 
252458.89 
252459.02 
252459.15 
252459.28 
252459.40 
252459.53 
252459.66 
252459.79 
252459.91 
252460.04 
252460.17 
252460.30 
252460.43 
252460.56 
252460.68 
252460.81 
252460.94 
252461.07 
252461.19 
252461.32 
252461.45 
252461.58 
252461.71 
252461.83 
252461.96 
252462.09 
252462.22 
252462.35 
252462.48 
252462.60 
252462.73 
252462.86 
252462.99 
252463.12 
252463.25 
252463.37 
252463.50 
252463.63 
252463.76 
252463.88 
252464.01 
252464.14 
252464.27 
252464.40 
252464.53 
252464.65 
252464.78 
252464.91 
252465.04 
252465.16 
252465.29 
252465.42 
252465.55 
252465.68 
252465.80 
252465.93 
252466.06 
252466.19 
252466.31 
252466.44 
252466.57 
252466.69 
252466.82 
252466.95 
252467.08 
252467.21 
252467.34 
252467.46 
252467.59 
252467.72 
252467.85 
252467.98 
252468.10 
252468.23 
252468.35 
252468.48 
252468.61 
252468.73 
252468.87 
252469.00 
252469.13 
252469.25 
252469.36 
252469.47 
252469.59 
252469.73 
252469.84 
252469.99 
252470.12 
252470.23 
252470.36 
252470.48 
252470.60 
252470.72 
252470.84 
252470.95 
252471.07 
252471.19 
252471.31 
252471.43 
252471.55 
252471.67 
252471.79 
252471.90 
252472.02 
252472.14 
252472.26 
252472.37 
252472.49 
252472.61 
252472.73 
252472.85 
252472.97 
252473.09 
252473.20 
252473.32 
252473.44 
252473.56 
252473.68 
252473.80 
252473.92 
252474.04 
252474.16 
252474.28 
252474.40 
252474.52 
252474.63 
252474.75 
252474.87 
252474.99 
252475.11 
252475.23 
252475.35 
252475.47 
252475.59 
252475.71 
252475.83 
252475.95 
252476.07 
252476.19 
252476.31 
252476.43 
252476.55 
252476.67 
252476.79 
252476.91 
252477.03 
252477.14 
252477.26 
252477.38 
252477.50 
252477.61 
252477.73 
252477.86 
252477.98 
252478.10 
252478.22 
252478.34 
252478.45 
252478.57 
252478.70 
252478.82 
252478.95 
252479.07 
252479.19 
252479.31 
252479.44 
252479.56 
252479.68 
252479.80 
252479.93 
252480.05 
252480.18 
252480.30 
252480.43 
252480.55 
252480.67 
252480.80 
252480.93 
252481.05 
252481.19 
252481.31 
252481.43 
252481.55 
252481.67 
252481.79 
252481.91 
252482.03 
252482.14 
252482.26 
252482.38 
252482.49 
252482.62 
252482.74 
252482.86 
252482.98 
252483.10 
252483.23 
252483.35 
252483.47 
252483.59 
252483.73 
252483.85 
252483.99 
252484.11 
252484.23 
252484.36 
252484.48 
252484.61 
252484.72 
252484.86 
252484.99 
252485.10 
252485.21 
252485.32 
252485.46 
252485.56 
252485.67 
252485.78 
252485.89 
252486.00 
252486.11 
252486.21 
252486.35 
252486.46 
252486.57 
252486.68 
252486.79 
252486.93 
252487.03 
252487.17 
252487.28 
252487.39 
252487.50 
252487.61 
252487.74 
252487.88 
252487.99 
252488.09 
252488.20 
252488.31 
252488.42 
252488.53 
252488.64 
252488.77 
252488.88 
252488.99 
252489.10 
252489.21 
252489.34 
252489.45 
252489.56 
252489.69 
252489.80 
252489.91 
252490.02 
252490.14 
252490.26 
252490.39 
252490.51 
252490.63 
252490.76 
252490.88 
252491.01 
252491.13 
252491.26 
252491.38 
252491.50 
252491.63 
252491.75 
252491.88 
252492.00 
252492.13 
252492.25 
252492.37 
252492.50 
252492.62 
252492.75 
252492.87 
252493.00 
252493.12 
252493.25 
252493.37 
252493.49 
252493.62 
252493.74 
252493.86 
252493.99 
252494.11 
252494.23 
252494.36 
252494.48 
252494.61 
252494.73 
252494.86 
252494.98 
252495.10 
252495.23 
252495.35 
252495.47 
252495.59 
252495.70 
252495.84 
252495.96 
252496.09 
252496.21 
252496.33 
252496.46 
252496.58 
252496.70 
252496.84 
252496.96 
252497.09 
252497.21 
252497.34 
252497.46 
252497.58 
252497.71 
252497.83 
252497.96 
252498.08 
252498.20 
252498.33 
252498.45 
252498.57 
252498.69 
252498.81 
252498.94 
252499.07 
252499.18 
252499.31 
252499.43 
252499.55 
252499.69 
252499.80 
252499.93 
252500.05 
252500.18 
252500.30 
252500.42 
252500.55 
252500.67 
252500.80 
252500.92 
252501.04 
252501.17 
252501.29 
252501.42 
252501.55 
252501.67 
252501.80 
252501.92 
252502.05 
252502.17 
252502.30 
252502.43 
252502.55 
252502.67 
252502.80 
252502.91 
252503.04 
252503.16 
252503.29 
252503.41 
252503.54 
252503.66 
252503.78 
252503.91 
252504.03 
252504.16 
252504.28 
252504.41 
252504.54 
252504.66 
252504.79 
252504.91 
252505.04 
252505.16 
252505.28 
252505.41 
252505.53 
252505.65 
252505.78 
252505.89 
252506.00 
252506.14 
252506.26 
252506.39 
252506.51 
252506.63 
252506.75 
252506.87 
252507.00 
252507.14 
252507.25 
252507.36 
252507.47 
252507.59 
252507.71 
252507.83 
252507.95 
252508.07 
252508.19 
252508.31 
252508.43 
252508.56 
252508.69 
252508.81 
252508.94 
252509.05 
252509.18 
252509.30 
252509.42 
252509.54 
252509.66 
252509.77 
252509.89 
252510.01 
252510.13 
252510.25 
252510.37 
252510.49 
252510.61 
252510.73 
252510.85 
252510.97 
252511.09 
252511.21 
252511.33 
252511.46 
252511.58 
252511.70 
252511.81 
252511.93 
252512.06 
252512.18 
252512.30 
252512.42 
252512.54 
252512.66 
252512.78 
252512.90 
252513.03 
252513.15 
252513.27 
252513.39 
252513.51 
252513.64 
252513.76 
252513.88 
252514.00 
252514.12 
252514.24 
252514.36 
252514.48 
252514.60 
252514.73 
252514.85 
252514.97 
252515.09 
252515.22 
252515.34 
252515.46 
252515.58 
252515.70 
252515.82 
252515.95 
252516.07 
252516.21 
252516.33 
252516.45 
252516.57 
252516.70 
252516.82 
252516.95 
252517.07 
252517.19 
252517.31 
252517.43 
252517.55 
252517.67 
252517.79 
252517.93 
252518.05 
252518.17 
252518.29 
252518.41 
252518.53 
252518.65 
252518.77 
252518.89 
252519.01 
252519.13 
252519.26 
252519.39 
252519.51 
252519.63 
252519.75 
252519.88 
252519.99 
252520.10 
252520.21 
252520.33 
252520.46 
252520.58 
252520.70 
252520.82 
252520.94 
252521.08 
252521.20 
252521.33 
252521.45 
252521.57 
252521.69 
252521.81 
252521.95 
252522.07 
252522.19 
252522.31 
252522.45 
252522.57 
252522.69 
252522.81 
252522.93 
252523.05 
252523.17 
252523.30 
252523.41 
252523.53 
252523.66 
252523.78 
252523.90 
252524.01 
252524.13 
252524.25 
252524.39 
252524.51 
252524.63 
252524.76 
252524.88 
252525.00 
252525.12 
252525.24 
252525.36 
252525.49 
252525.61 
252525.72 
252525.84 
252525.96 
252526.08 
252526.21 
252526.33 
252526.45 
252526.57 
252526.69 
252526.81 
252526.93 
252527.05 
252527.18 
252527.31 
252527.43 
252527.55 
252527.66 
252527.78 
252527.91 
252528.03 
252528.15 
252528.27 
252528.40 
252528.52 
252528.65 
252528.77 
252528.89 
252529.02 
252529.14 
252529.26 
252529.38 
252529.50 
252529.63 
252529.75 
252529.87 
252529.99 
252530.11 
252530.23 
252530.35 
252530.47 
252530.59 
252530.72 
252530.84 
252530.96 
252531.08 
252531.20 
252531.32 
252531.44 
252531.58 
252531.71 
252531.82 
252531.94 
252532.06 
252532.19 
252532.31 
252532.43 
252532.56 
252532.68 
252532.80 
252532.93 
252533.05 
252533.17 
252533.29 
252533.41 
252533.54 
252533.66 
252533.78 
252533.90 
252534.02 
252534.14 
252534.26 
252534.38 
252534.51 
252534.63 
252534.75 
252534.87 
252534.99 
252535.11 
252535.23 
252535.36 
252535.48 
252535.61 
252535.72 
252535.85 
252535.96 
252536.09 
252536.21 
252536.33 
252536.45 
252536.57 
252536.69 
252536.82 
252536.94 
252537.06 
252537.18 
252537.29 
252537.42 
252537.54 
252537.67 
252537.80 
252537.92 
252538.04 
252538.17 
252538.29 
252538.42 
252538.54 
252538.66 
252538.78 
252538.90 
252539.02 
252539.15 
252539.27 
252539.40 
252539.52 
252539.65 
252539.77 
252539.90 
252540.02 
252540.15 
252540.27 
252540.39 
252540.52 
252540.65 
252540.77 
252540.90 
252541.03 
252541.15 
252541.28 
252541.40 
252541.52 
252541.64 
252541.76 
252541.88 
252542.02 
252542.14 
252542.26 
252542.38 
252542.50 
252542.62 
252542.74 
252542.86 
252542.98 
252543.10 
252543.22 
252543.34 
252543.46 
252543.58 
252543.71 
252543.83 
252543.95 
252544.07 
252544.20 
252544.32 
252544.44 
252544.56 
252544.68 
252544.80 
252544.94 
252545.05 
252545.18 
252545.30 
252545.42 
252545.54 
252545.67 
252545.80 
252545.92 
252546.04 
252546.17 
252546.29 
252546.41 
252546.53 
252546.65 
252546.79 
252546.91 
252547.03 
252547.16 
252547.28 
252547.40 
252547.53 
252547.66 
252547.77 
252547.89 
252548.02 
252548.14 
252548.26 
252548.38 
252548.50 
252548.62 
252548.74 
252548.86 
252548.97 
252549.09 
252549.21 
252549.33 
252549.45 
252549.58 
252549.69 
252549.82 
252549.93 
252550.05 
252550.17 
252550.29 
252550.43 
252550.55 
252550.67 
252550.79 
252550.91 
252551.03 
252551.15 
252551.27 
252551.39 
252551.51 
252551.63 
252551.75 
252551.87 
252551.99 
252552.12 
252552.25 
252552.37 
252552.49 
252552.61 
252552.73 
252552.87 
252552.99 
252553.11 
252553.23 
252553.36 
252553.48 
252553.60 
252553.73 
252553.85 
252553.96 
252554.08 
252554.21 
252554.32 
252554.44 
252554.56 
252554.68 
252554.80 
252554.92 
252555.04 
252555.16 
252555.28 
252555.40 
252555.52 
252555.64 
252555.76 
252555.89 
252556.01 
252556.13 
252556.25 
252556.37 
252556.49 
252556.61 
252556.73 
252556.85 
252556.98 
252557.10 
252557.22 
252557.34 
252557.46 
252557.58 
252557.70 
252557.83 
252557.94 
252558.07 
252558.19 
252558.31 
252558.43 
252558.56 
252558.68 
252558.81 
252558.92 
252559.04 
252559.17 
252559.29 
252559.41 
252559.55 
252559.67 
252559.79 
252559.91 
252560.03 
252560.15 
252560.27 
252560.39 
252560.52 
252560.64 
252560.75 
252560.87 
252560.99 
252561.10 
252561.22 
252561.35 
252561.47 
252561.60 
252561.72 
252561.84 
252561.97 
252562.09 
252562.21 
252562.33 
252562.45 
252562.59 
252562.71 
252562.83 
252562.95 
252563.08 
252563.20 
252563.32 
252563.44 
252563.58 
252563.70 
252563.82 
252563.93 
252564.05 
252564.18 
252564.30 
252564.42 
252564.54 
252564.66 
252564.78 
252564.90 
252565.02 
252565.14 
252565.28 
252565.39 
252565.51 
252565.62 
252565.73 
252565.85 
252565.97 
252566.09 
252566.20 
252566.32 
252566.44 
252566.56 
252566.69 
252566.81 
252566.92 
252567.05 
252567.17 
252567.29 
252567.41 
252567.53 
252567.66 
252567.77 
252567.89 
252568.02 
252568.14 
252568.26 
252568.38 
252568.49 
252568.61 
252568.73 
252568.86 
252568.98 
252569.11 
252569.24 
252569.36 
252569.48 
252569.60 
252569.73 
252569.85 
252569.97 
252570.10 
252570.21 
252570.33 
252570.45 
252570.57 
252570.69 
252570.81 
252570.93 
252571.05 
252571.17 
252571.29 
252571.41 
252571.53 
252571.66 
252571.78 
252571.92 
252572.04 
252572.17 
252572.29 
252572.41 
252572.54 
252572.66 
252572.79 
252572.91 
252573.04 
252573.16 
252573.29 
252573.41 
252573.53 
252573.66 
252573.79 
252573.91 
252574.03 
252574.15 
252574.27 
252574.38 
252574.50 
252574.63 
252574.75 
252574.88 
252575.01 
252575.13 
252575.25 
252575.36 
252575.49 
252575.61 
252575.73 
252575.85 
252575.98 
252576.11 
252576.23 
252576.34 
252576.46 
252576.57 
252576.70 
252576.82 
252576.95 
252577.07 
252577.18 
252577.30 
252577.43 
252577.55 
252577.67 
252577.79 
252577.91 
252578.04 
252578.16 
252578.28 
252578.41 
252578.53 
252578.65 
252578.77 
252578.89 
252579.01 
252579.13 
252579.24 
252579.36 
252579.48 
252579.60 
252579.72 
252579.84 
252579.97 
252580.09 
252580.21 
252580.33 
252580.45 
252580.59 
252580.70 
252580.82 
252580.94 
252581.06 
252581.18 
252581.30 
252581.42 
252581.54 
252581.67 
252581.79 
252581.91 
252582.03 
252582.16 
252582.28 
252582.40 
252582.52 
252582.64 
252582.77 
252582.90 
252583.03 
252583.15 
252583.28 
252583.40 
252583.52 
252583.65 
252583.76 
252583.88 
252584.00 
252584.12 
252584.25 
252584.37 
252584.49 
252584.61 
252584.73 
252584.85 
252584.97 
252585.09 
252585.21 
252585.33 
252585.46 
252585.58 
252585.70 
252585.82 
252585.94 
252586.07 
252586.19 
252586.31 
252586.43 
252586.55 
252586.67 
252586.79 
252586.92 
252587.05 
252587.17 
252587.29 
252587.41 
252587.53 
252587.65 
252587.77 
252587.90 
252588.02 
252588.14 
252588.26 
252588.38 
252588.50 
252588.63 
252588.75 
252588.87 
252589.00 
252589.12 
252589.24 
252589.36 
252589.48 
252589.60 
252589.72 
252589.84 
252589.96 
252590.08 
252590.20 
252590.32 
252590.45 
252590.56 
252590.68 
252590.81 
252590.92 
252591.03 
252591.16 
252591.28 
252591.40 
252591.51 
252591.64 
252591.76 
252591.88 
252592.01 
252592.13 
252592.25 
252592.37 
252592.48 
252592.60 
252592.71 
252592.84 
252592.96 
252593.08 
252593.20 
252593.32 
252593.44 
252593.56 
252593.68 
252593.80 
252593.92 
252594.04 
252594.17 
252594.29 
252594.41 
252594.53 
252594.65 
252594.78 
252594.90 
252595.02 
252595.15 
252595.27 
252595.39 
252595.51 
252595.65 
252595.77 
252595.89 
252596.00 
252596.12 
252596.24 
252596.36 
252596.49 
252596.61 
252596.73 
252596.85 
252596.97 
252597.10 
252597.22 
252597.34 
252597.46 
252597.57 
252597.69 
252597.81 
252597.93 
252598.05 
252598.17 
252598.29 
252598.41 
252598.54 
252598.66 
252598.79 
252598.92 
252599.04 
252599.16 
252599.28 
252599.40 
252599.52 
252599.64 
252599.76 
252599.88 
252600.00 
252600.12 
252600.24 
252600.36 
252600.48 
252600.60 
252600.73 
252600.85 
252600.97 
252601.08 
252601.20 
252601.32 
252601.44 
252601.56 
252601.68 
252601.80 
252601.92 
252602.06 
252602.18 
252602.29 
252602.41 
252602.53 
252602.65 
252602.77 
252602.89 
252603.01 
252603.13 
252603.26 
252603.38 
252603.50 
252603.62 
252603.74 
252603.86 
252603.98 
252604.10 
252604.23 
252604.35 
252604.47 
252604.59 
252604.72 
252604.84 
252604.97 
252605.09 
252605.21 
252605.34 
252605.47 
252605.59 
252605.71 
252605.84 
252605.96 
252606.08 
252606.21 
252606.33 
252606.46 
252606.57 
252606.69 
252606.81 
252606.93 
252607.05 
252607.16 
252607.29 
252607.40 
252607.53 
252607.64 
252607.75 
252607.87 
252607.99 
252608.13 
252608.25 
252608.37 
252608.48 
252608.60 
252608.73 
252608.85 
252608.97 
252609.10 
252609.21 
252609.33 
252609.45 
252609.57 
252609.69 
252609.81 
252609.93 
252610.05 
252610.17 
252610.29 
252610.41 
252610.53 
252610.66 
252610.78 
252610.90 
252611.03 
252611.15 
252611.27 
252611.41 
252611.53 
252611.67 
252611.79 
252611.91 
252612.03 
252612.15 
252612.27 
252612.39 
252612.51 
252612.63 
252612.75 
252612.87 
252612.99 
252613.11 
252613.25 
252613.36 
252613.48 
252613.60 
252613.72 
252613.84 
252613.97 
252614.09 
252614.21 
252614.33 
252614.45 
252614.57 
252614.69 
252614.81 
252614.94 
252615.06 
252615.18 
252615.30 
252615.42 
252615.54 
252615.66 
252615.78 
252615.90 
252616.03 
252616.15 
252616.26 
252616.37 
252616.49 
252616.61 
252616.72 
252616.84 
252616.96 
252617.08 
252617.19 
252617.31 
252617.43 
252617.55 
252617.68 
252617.80 
252617.91 
252618.03 
252618.15 
252618.28 
252618.40 
252618.52 
252618.64 
252618.75 
252618.87 
252619.00 
252619.12 
252619.24 
252619.36 
252619.48 
252619.60 
252619.74 
252619.87 
252619.99 
252620.11 
252620.23 
252620.35 
252620.47 
252620.59 
252620.71 
252620.82 
252620.95 
252621.08 
252621.20 
252621.32 
252621.43 
252621.55 
252621.68 
252621.80 
252621.92 
252622.05 
252622.17 
252622.29 
252622.41 
252622.53 
252622.65 
252622.76 
252622.89 
252623.01 
252623.12 
252623.24 
252623.36 
252623.48 
252623.61 
252623.73 
252623.85 
252623.97 
252624.09 
252624.21 
252624.33 
252624.46 
252624.58 
252624.70 
252624.83 
252624.95 
252625.07 
252625.20 
252625.32 
252625.44 
252625.57 
252625.69 
252625.80 
252625.93 
252626.04 
252626.16 
252626.28 
252626.41 
252626.52 
252626.65 
252626.77 
252626.89 
252627.01 
252627.14 
252627.26 
252627.38 
252627.50 
252627.62 
252627.74 
252627.87 
252628.00 
252628.13 
252628.25 
252628.37 
252628.50 
252628.62 
252628.74 
252628.86 
252629.00 
252629.12 
252629.24 
252629.36 
252629.48 
252629.60 
252629.72 
252629.84 
252629.96 
252630.09 
252630.21 
252630.33 
252630.45 
252630.57 
252630.70 
252630.82 
252630.94 
252631.07 
252631.19 
252631.31 
252631.43 
252631.55 
252631.67 
252631.79 
252631.91 
252632.03 
252632.15 
252632.27 
252632.39 
252632.51 
252632.63 
252632.77 
252632.89 
252633.01 
252633.14 
252633.26 
252633.38 
252633.50 
252633.62 
252633.75 
252633.87 
252633.99 
252634.11 
252634.23 
252634.34 
252634.46 
252634.58 
252634.69 
252634.82 
252634.94 
252635.06 
252635.21 
252635.33 
252635.45 
252635.56 
252635.69 
252635.82 
252635.94 
252636.06 
252636.18 
252636.30 
252636.41 
252636.53 
252636.64 
252636.76 
252636.87 
252636.98 
252637.11 
252637.24 
252637.37 
252637.49 
252637.62 
252637.75 
252637.88 
252638.01 
252638.13 
252638.26 
252638.39 
252638.52 
252638.65 
252638.78 
252638.90 
252639.03 
252639.16 
252639.29 
252639.42 
252639.55 
252639.67 
252639.81 
252639.94 
252640.07 
252640.20 
252640.33 
252640.45 
252640.58 
252640.71 
252640.83 
252640.96 
252641.08 
252641.21 
252641.34 
252641.46 
252641.59 
252641.71 
252641.84 
252641.97 
252642.10 
252642.23 
252642.36 
252642.49 
252642.61 
252642.74 
252642.87 
252643.00 
252643.13 
252643.26 
252643.38 
252643.51 
252643.63 
252643.75 
252643.88 
252644.02 
252644.14 
252644.27 
252644.40 
252644.55 
252644.67 
252644.79 
252644.93 
252645.05 
252645.18 
252645.30 
252645.43 
252645.56 
252645.69 
252645.81 
252645.94 
252646.07 
252646.20 
252646.32 
252646.45 
252646.58 
252646.70 
252646.83 
252646.96 
252647.08 
252647.21 
252647.34 
252647.48 
252647.61 
252647.74 
252647.86 
252647.99 
252648.12 
252648.24 
252648.39 
252648.52 
252648.65 
252648.77 
252648.90 
252649.03 
252649.16 
252649.29 
252649.41 
252649.54 
252649.67 
252649.80 
252649.93 
252650.06 
252650.19 
252650.31 
252650.44 
252650.57 
252650.70 
252650.83 
252650.96 
252651.08 
252651.21 
252651.34 
252651.47 
252651.60 
252651.73 
252651.86 
252651.99 
252652.12 
252652.25 
252652.38 
252652.51 
252652.63 
252652.76 
252652.89 
252653.02 
252653.15 
252653.27 
252653.40 
252653.53 
252653.66 
252653.78 
252653.91 
252654.04 
252654.18 
252654.31 
252654.44 
252654.57 
252654.69 
252654.83 
252654.95 
252655.08 
252655.21 
252655.34 
252655.46 
252655.59 
252655.72 
252655.85 
252655.97 
252656.10 
252656.23 
252656.36 
252656.49 
252656.63 
252656.76 
252656.88 
252657.01 
252657.14 
252657.27 
252657.40 
252657.53 
252657.66 
252657.78 
252657.91 
252658.04 
252658.17 
252658.29 
252658.42 
252658.54 
252658.66 
252658.79 
252658.92 
252659.05 
252659.18 
252659.30 
252659.42 
252659.53 
252659.66 
252659.79 
252659.92 
252660.05 
252660.17 
252660.30 
252660.43 
252660.56 
252660.68 
252660.81 
252660.94 
252661.07 
252661.20 
252661.31 
252661.43 
252661.56 
252661.69 
252661.82 
252661.95 
252662.08 
252662.20 
252662.33 
252662.46 
252662.59 
252662.72 
252662.85 
252662.98 
252663.10 
252663.23 
252663.36 
252663.48 
252663.61 
252663.74 
252663.87 
252664.00 
252664.12 
252664.25 
252664.38 
252664.51 
252664.63 
252664.76 
252664.89 
252665.02 
252665.15 
252665.28 
252665.41 
252665.53 
252665.66 
252665.79 
252665.92 
252666.05 
252666.17 
252666.30 
252666.43 
252666.55 
252666.68 
252666.81 
252666.93 
252667.06 
252667.19 
252667.32 
252667.45 
252667.57 
252667.70 
252667.83 
252667.97 
252668.10 
252668.23 
252668.36 
252668.49 
252668.62 
252668.74 
252668.87 
252669.00 
252669.13 
252669.25 
252669.38 
252669.51 
252669.64 
252669.77 
252669.89 
252670.02 
252670.15 
252670.28 
252670.41 
252670.54 
252670.66 
252670.79 
252670.92 
252671.05 
252671.18 
252671.30 
252671.43 
252671.56 
252671.69 
252671.81 
252671.94 
252672.07 
252672.19 
252672.33 
252672.45 
252672.58 
252672.71 
252672.84 
252672.97 
252673.11 
252673.23 
252673.36 
252673.48 
252673.61 
252673.74 
252673.87 
252674.00 
252674.13 
252674.25 
252674.38 
252674.51 
252674.64 
252674.77 
252674.91 
252675.02 
252675.17 
252675.29 
252675.42 
252675.55 
252675.68 
252675.80 
252675.92 
252676.05 
252676.18 
252676.31 
252676.44 
252676.56 
252676.69 
252676.82 
252676.95 
252677.08 
252677.21 
252677.33 
252677.46 
252677.59 
252677.71 
252677.84 
252677.96 
252678.09 
252678.22 
252678.36 
252678.49 
252678.61 
252678.74 
252678.87 
252679.00 
252679.13 
252679.25 
252679.38 
252679.50 
252679.63 
252679.75 
252679.88 
252680.01 
252680.14 
252680.27 
252680.40 
252680.52 
252680.65 
252680.78 
252680.91 
252681.04 
252681.16 
252681.31 
252681.44 
252681.57 
252681.70 
252681.83 
252681.95 
252682.08 
252682.22 
252682.35 
252682.47 
252682.60 
252682.72 
252682.85 
252682.97 
252683.10 
252683.23 
252683.35 
252683.48 
252683.61 
252683.74 
252683.86 
252683.99 
252684.12 
252684.25 
252684.37 
252684.50 
252684.63 
252684.75 
252684.88 
252685.01 
252685.14 
252685.27 
252685.40 
252685.53 
252685.65 
252685.78 
252685.91 
252686.03 
252686.18 
252686.31 
252686.44 
252686.57 
252686.69 
252686.82 
252686.95 
252687.08 
252687.21 
252687.33 
252687.46 
252687.59 
252687.72 
252687.85 
252687.98 
252688.11 
252688.23 
252688.36 
252688.51 
252688.63 
252688.76 
252688.88 
252689.01 
252689.13 
252689.26 
252689.39 
252689.51 
252689.64 
252689.77 
252689.90 
252690.03 
252690.15 
252690.28 
252690.40 
252690.51 
252690.63 
252690.76 
252690.89 
252691.01 
252691.15 
252691.27 
252691.39 
252691.52 
252691.65 
252691.78 
252691.91 
252692.04 
252692.17 
252692.30 
252692.42 
252692.55 
252692.68 
252692.81 
252692.94 
252693.07 
252693.19 
252693.32 
252693.45 
252693.58 
252693.71 
252693.84 
252693.96 
252694.09 
252694.22 
252694.35 
252694.47 
252694.60 
252694.73 
252694.86 
252694.99 
252695.12 
252695.25 
252695.37 
252695.50 
252695.63 
252695.75 
252695.88 
252696.01 
252696.14 
252696.26 
252696.39 
252696.52 
252696.65 
252696.77 
252696.90 
252697.03 
252697.16 
252697.29 
252697.42 
252697.55 
252697.67 
252697.80 
252697.93 
252698.06 
252698.18 
252698.31 
252698.44 
252698.57 
252698.69 
252698.82 
252698.95 
252699.08 
252699.21 
252699.34 
252699.46 
252699.59 
252699.72 
252699.85 
252699.98 
252700.11 
252700.23 
252700.36 
252700.49 
252700.61 
252700.74 
252700.87 
252701.00 
252701.13 
252701.26 
252701.39 
252701.51 
252701.64 
252701.76 
252701.89 
252702.02 
252702.15 
252702.28 
252702.41 
252702.54 
252702.66 
252702.79 
252702.92 
252703.05 
252703.18 
252703.30 
252703.43 
252703.56 
252703.69 
252703.82 
252703.95 
252704.07 
252704.21 
252704.33 
252704.46 
252704.59 
252704.72 
252704.85 
252704.97 
252705.10 
252705.23 
252705.36 
252705.49 
252705.61 
252705.74 
252705.86 
252705.98 
252706.11 
252706.24 
252706.37 
252706.49 
252706.62 
252706.75 
252706.88 
252707.00 
252707.13 
252707.26 
252707.38 
252707.51 
252707.64 
252707.77 
252707.89 
252708.02 
252708.15 
252708.28 
252708.41 
252708.54 
252708.66 
252708.79 
252708.91 
252709.04 
252709.17 
252709.30 
252709.42 
252709.55 
252709.67 
252709.80 
252709.92 
252710.05 
252710.18 
252710.31 
252710.44 
252710.57 
252710.71 
252710.84 
252710.97 
252711.09 
252711.22 
252711.35 
252711.48 
252711.61 
252711.73 
252711.86 
252711.99 
252712.12 
252712.24 
252712.37 
252712.50 
252712.64 
252712.76 
252712.89 
252713.02 
252713.15 
252713.29 
252713.42 
252713.55 
252713.68 
252713.80 
252713.93 
252714.06 
252714.19 
252714.32 
252714.44 
252714.57 
252714.70 
252714.83 
252714.96 
252715.08 
252715.21 
252715.34 
252715.47 
252715.59 
252715.73 
252715.85 
252715.98 
252716.11 
252716.24 
252716.38 
252716.50 
252716.63 
252716.77 
252716.90 
252717.03 
252717.16 
252717.29 
252717.41 
252717.56 
252717.68 
252717.81 
252717.93 
252718.06 
252718.19 
252718.32 
252718.44 
252718.57 
252718.70 
252718.82 
252718.95 
252719.07 
252719.19 
252719.32 
252719.45 
252719.57 
252719.70 
252719.83 
252719.96 
252720.09 
252720.22 
252720.34 
252720.47 
252720.60 
252720.73 
252720.85 
252720.98 
252721.11 
252721.23 
252721.35 
252721.47 
252721.59 
252721.72 
252721.85 
252721.98 
252722.10 
252722.23 
252722.36 
252722.51 
252722.63 
252722.76 
252722.89 
252723.01 
252723.14 
252723.27 
252723.39 
252723.52 
252723.65 
252723.78 
252723.91 
252724.04 
252724.17 
252724.30 
252724.42 
252724.55 
252724.68 
252724.80 
252724.93 
252725.06 
252725.19 
252725.32 
252725.45 
252725.58 
252725.71 
252725.83 
252725.96 
252726.08 
252726.21 
252726.35 
252726.48 
252726.61 
252726.74 
252726.86 
252726.99 
252727.11 
252727.24 
252727.37 
252727.50 
252727.62 
252727.75 
252727.88 
252728.01 
252728.14 
252728.27 
252728.39 
252728.52 
252728.65 
252728.78 
252728.90 
252729.03 
252729.16 
252729.29 
252729.42 
252729.55 
252729.69 
252729.82 
252729.95 
252730.08 
252730.20 
252730.33 
252730.46 
252730.59 
252730.72 
252730.84 
252730.97 
252731.10 
252731.24 
252731.37 
252731.50 
252731.63 
252731.76 
252731.89 
252732.01 
252732.14 
252732.27 
252732.40 
252732.53 
252732.65 
252732.78 
252732.91 
252733.03 
252733.16 
252733.29 
252733.42 
252733.55 
252733.68 
252733.81 
252733.94 
252734.06 
252734.19 
252734.32 
252734.45 
252734.57 
252734.70 
252734.83 
252734.96 
252735.08 
252735.21 
252735.34 
252735.47 
252735.60 
252735.73 
252735.85 
252735.98 
252736.11 
252736.24 
252736.37 
252736.49 
252736.62 
252736.75 
252736.86 
252736.99 
252737.11 
252737.24 
252737.37 
252737.49 
252737.62 
252737.75 
252737.88 
252738.03 
252738.15 
252738.28 
252738.40 
252738.53 
252738.66 
252738.79 
252738.92 
252739.05 
252739.17 
252739.30 
252739.43 
252739.55 
252739.68 
252739.81 
252739.93 
252740.06 
252740.19 
252740.32 
252740.45 
252740.57 
252740.70 
252740.83 
252740.95 
252741.10 
252741.22 
252741.36 
252741.49 
252741.61 
252741.74 
252741.86 
252741.99 
252742.11 
252742.24 
252742.36 
252742.49 
252742.62 
252742.75 
252742.88 
252743.00 
252743.13 
252743.26 
252743.39 
252743.52 
252743.65 
252743.77 
252743.90 
252744.03 
252744.16 
252744.28 
252744.41 
252744.54 
252744.67 
252744.80 
252744.93 
252745.07 
252745.20 
252745.33 
252745.45 
252745.58 
252745.71 
252745.84 
252745.97 
252746.10 
252746.23 
252746.36 
252746.49 
252746.61 
252746.74 
252746.87 
252747.00 
252747.13 
252747.26 
252747.38 
252747.51 
252747.64 
252747.76 
252747.89 
252748.01 
252748.14 
252748.27 
252748.40 
252748.52 
252748.65 
252748.77 
252748.90 
252749.03 
252749.16 
252749.28 
252749.40 
252749.53 
252749.66 
252749.79 
252749.91 
252750.05 
252750.17 
252750.30 
252750.43 
252750.56 
252750.68 
252750.81 
252750.94 
252751.07 
252751.20 
252751.33 
252751.46 
252751.59 
252751.72 
252751.85 
252751.98 
252752.10 
252752.23 
252752.35 
252752.47 
252752.60 
252752.73 
252752.85 
252752.98 
252753.11 
252753.24 
252753.37 
252753.49 
252753.62 
252753.75 
252753.88 
252754.00 
252754.13 
252754.26 
252754.40 
252754.53 
252754.66 
252754.78 
252754.91 
252755.04 
252755.17 
252755.29 
252755.42 
252755.55 
252755.68 
252755.80 
252755.93 
252756.07 
252756.20 
252756.33 
252756.46 
252756.58 
252756.71 
252756.86 
252756.99 
252757.11 
252757.24 
252757.37 
252757.49 
252757.62 
252757.74 
252757.87 
252757.99 
252758.12 
252758.25 
252758.37 
252758.50 
252758.63 
252758.76 
252758.88 
252759.01 
252759.13 
252759.26 
252759.39 
252759.52 
252759.64 
252759.77 
252759.90 
252760.03 
252760.15 
252760.29 
252760.42 
252760.55 
252760.67 
252760.80 
252760.92 
252761.05 
252761.18 
252761.30 
252761.43 
252761.56 
252761.69 
252761.81 
252761.94 
252762.07 
252762.20 
252762.33 
252762.46 
252762.58 
252762.71 
252762.84 
252762.97 
252763.10 
252763.23 
252763.35 
252763.48 
252763.61 
252763.73 
252763.86 
252764.01 
252764.14 
252764.26 
252764.39 
252764.52 
252764.64 
252764.77 
252764.90 
252765.03 
252765.16 
252765.28 
252765.41 
252765.54 
252765.67 
252765.79 
252765.92 
252766.05 
252766.18 
252766.30 
252766.43 
252766.56 
252766.68 
252766.81 
252766.93 
252767.06 
252767.18 
252767.31 
252767.44 
252767.56 
252767.69 
252767.82 
252767.96 
252768.07 
252768.20 
252768.33 
252768.46 
252768.58 
252768.71 
252768.84 
252768.97 
252769.09 
252769.22 
252769.35 
252769.47 
252769.60 
252769.72 
252769.85 
252769.98 
252770.11 
252770.23 
252770.36 
252770.49 
252770.61 
252770.75 
252770.87 
252771.00 
252771.13 
252771.26 
252771.38 
252771.51 
252771.64 
252771.77 
252771.90 
252772.02 
252772.15 
252772.28 
252772.41 
252772.54 
252772.66 
252772.79 
252772.92 
252773.05 
252773.17 
252773.30 
252773.43 
252773.56 
252773.68 
252773.81 
252773.94 
252774.07 
252774.20 
252774.33 
252774.46 
252774.58 
252774.71 
252774.83 
252774.95 
252775.08 
252775.21 
252775.33 
252775.47 
252775.59 
252775.72 
252775.86 
252775.99 
252776.12 
252776.25 
252776.38 
252776.50 
252776.63 
252776.76 
252776.89 
252777.02 
252777.15 
252777.27 
252777.40 
252777.53 
252777.66 
252777.79 
252777.92 
252778.05 
252778.17 
252778.30 
252778.42 
252778.55 
252778.68 
252778.80 
252778.93 
252779.06 
252779.19 
252779.32 
252779.44 
252779.57 
252779.69 
252779.82 
252779.95 
252780.07 
252780.21 
252780.33 
252780.48 
252780.60 
252780.73 
252780.86 
252780.99 
252781.12 
252781.25 
252781.37 
252781.50 
252781.62 
252781.75 
252781.88 
252782.01 
252782.14 
252782.27 
252782.39 
252782.52 
252782.65 
252782.77 
252782.90 
252783.03 
252783.17 
252783.29 
252783.41 
252783.53 
252783.66 
252783.79 
252783.92 
252784.04 
252784.17 
252784.30 
252784.43 
252784.56 
252784.68 
252784.81 
252784.94 
252785.07 
252785.20 
252785.33 
252785.45 
252785.58 
252785.71 
252785.84 
252785.97 
252786.09 
252786.22 
252786.35 
252786.48 
252786.61 
252786.73 
252786.86 
252786.99 
252787.12 
252787.25 
252787.37 
252787.50 
252787.63 
252787.76 
252787.89 
252788.01 
252788.14 
252788.27 
252788.40 
252788.52 
252788.65 
252788.78 
252788.91 
252789.04 
252789.17 
252789.29 
252789.42 
252789.55 
252789.67 
252789.80 
252789.93 
252790.06 
252790.19 
252790.32 
252790.45 
252790.57 
252790.70 
252790.83 
252790.96 
252791.08 
252791.21 
252791.34 
252791.47 
252791.60 
252791.72 
252791.85 
252791.98 
252792.11 
252792.24 
252792.36 
252792.49 
252792.62 
252792.75 
252792.88 
252793.00 
252793.13 
252793.26 
252793.39 
252793.52 
252793.65 
252793.77 
252793.90 
252794.03 
252794.16 
252794.29 
252794.41 
252794.54 
252794.67 
252794.80 
252794.92 
252795.05 
252795.18 
252795.31 
252795.44 
252795.57 
252795.69 
252795.82 
252795.95 
252796.08 
252796.21 
252796.33 
252796.46 
252796.59 
252796.72 
252796.85 
252796.97 
252797.10 
252797.23 
252797.36 
252797.48 
252797.61 
252797.74 
252797.87 
252798.00 
252798.13 
252798.25 
252798.38 
252798.51 
252798.64 
252798.76 
252798.88 
252799.00 
252799.13 
252799.25 
252799.38 
252799.51 
252799.63 
252799.76 
252799.89 
252800.02 
252800.15 
252800.28 
252800.41 
252800.54 
252800.67 
252800.79 
252800.92 
252801.05 
252801.18 
252801.31 
252801.43 
252801.56 
252801.69 
252801.82 
252801.95 
252802.08 
252802.21 
252802.33 
252802.46 
252802.59 
252802.71 
252802.84 
252802.97 
252803.10 
252803.22 
252803.35 
252803.48 
252803.61 
252803.73 
252803.86 
252803.98 
252804.11 
252804.24 
252804.36 
252804.49 
252804.62 
252804.75 
252804.88 
252805.00 
252805.14 
252805.27 
252805.40 
252805.53 
252805.65 
252805.78 
252805.91 
252806.04 
252806.17 
252806.30 
252806.42 
252806.55 
252806.67 
252806.80 
252806.93 
252807.05 
252807.18 
252807.31 
252807.44 
252807.57 
252807.69 
252807.82 
252807.95 
252808.07 
252808.20 
252808.33 
252808.45 
252808.58 
252808.71 
252808.84 
252808.96 
252809.09 
252809.22 
252809.35 
252809.48 
252809.60 
252809.72 
252809.85 
252809.98 
252810.11 
252810.24 
252810.37 
252810.49 
252810.62 
252810.75 
252810.89 
252811.02 
252811.15 
252811.28 
252811.41 
252811.55 
252811.67 
252811.80 
252811.93 
252812.06 
252812.18 
252812.31 
252812.43 
252812.56 
252812.69 
252812.81 
252812.94 
252813.07 
252813.19 
252813.32 
252813.45 
252813.58 
252813.70 
252813.83 
252813.96 
252814.08 
252814.22 
252814.34 
252814.47 
252814.59 
252814.72 
252814.85 
252814.98 
252815.10 
252815.23 
252815.36 
252815.48 
252815.61 
252815.74 
252815.87 
252816.00 
252816.13 
252816.25 
252816.38 
252816.51 
252816.64 
252816.76 
252816.89 
252817.02 
252817.15 
252817.28 
252817.40 
252817.53 
252817.65 
252817.78 
252817.91 
252818.03 
252818.16 
252818.28 
252818.41 
252818.54 
252818.67 
252818.80 
252818.92 
252819.05 
252819.18 
252819.30 
252819.43 
252819.56 
252819.69 
252819.81 
252819.93 
252820.06 
252820.19 
252820.31 
252820.44 
252820.57 
252820.69 
252820.82 
252820.95 
252821.08 
252821.21 
252821.34 
252821.46 
252821.59 
252821.72 
252821.85 
252821.98 
252822.10 
252822.22 
252822.35 
252822.48 
252822.60 
252822.73 
252822.86 
252822.99 
252823.12 
252823.25 
252823.37 
252823.50 
252823.63 
252823.76 
252823.88 
252824.01 
252824.14 
252824.27 
252824.40 
252824.53 
252824.65 
252824.78 
252824.91 
252825.04 
252825.16 
252825.29 
252825.42 
252825.55 
252825.68 
252825.81 
252825.93 
252826.06 
252826.19 
252826.32 
252826.45 
252826.57 
252826.70 
252826.83 
252826.96 
252827.09 
252827.21 
252827.36 
252827.48 
252827.61 
252827.74 
252827.86 
252827.99 
252828.12 
252828.24 
252828.37 
252828.50 
252828.63 
252828.75 
252828.89 
252829.02 
252829.15 
252829.27 
252829.40 
252829.52 
252829.64 
252829.76 
252829.88 
252830.01 
252830.14 
252830.27 
252830.39 
252830.52 
252830.65 
252830.78 
252830.91 
252831.04 
252831.17 
252831.29 
252831.42 
252831.56 
252831.68 
252831.81 
252831.94 
252832.07 
252832.20 
252832.33 
252832.45 
252832.58 
252832.71 
252832.84 
252832.97 
252833.09 
252833.22 
252833.35 
252833.48 
252833.60 
252833.74 
252833.86 
252833.99 
252834.12 
252834.25 
252834.38 
252834.50 
252834.63 
252834.76 
252834.89 
252835.01 
252835.14 
252835.27 
252835.40 
252835.53 
252835.65 
252835.78 
252835.91 
252836.04 
252836.17 
252836.30 
252836.42 
252836.55 
252836.68 
252836.81 
252836.93 
252837.06 
252837.19 
252837.32 
252837.45 
252837.57 
252837.70 
252837.83 
252837.95 
252838.08 
252838.21 
252838.33 
252838.46 
252838.58 
252838.71 
252838.84 
252838.97 
252839.09 
252839.22 
252839.35 
252839.48 
252839.61 
252839.73 
252839.86 
252839.98 
252840.11 
252840.24 
252840.36 
252840.49 
252840.62 
252840.76 
252840.89 
252841.02 
252841.14 
252841.27 
252841.40 
252841.53 
252841.66 
252841.78 
252841.91 
252842.04 
252842.17 
252842.29 
252842.43 
252842.55 
252842.68 
252842.81 
252842.95 
252843.07 
252843.20 
252843.33 
252843.46 
252843.59 
252843.71 
252843.84 
252843.97 
252844.10 
252844.23 
252844.35 
252844.48 
252844.61 
252844.74 
252844.87 
252844.99 
252845.11 
252845.24 
252845.36 
252845.49 
252845.61 
252845.74 
252845.87 
252846.00 
252846.13 
252846.25 
252846.38 
252846.51 
252846.64 
252846.77 
252846.90 
252847.03 
252847.16 
252847.29 
252847.42 
252847.55 
252847.67 
252847.80 
252847.93 
252848.05 
252848.18 
252848.31 
252848.44 
252848.57 
252848.69 
252848.82 
252848.94 
252849.07 
252849.19 
252849.32 
252849.45 
252849.58 
252849.70 
252849.83 
252849.96 
252850.08 
252850.21 
252850.34 
252850.47 
252850.59 
252850.73 
252850.85 
252850.98 
252851.11 
252851.24 
252851.37 
252851.50 
252851.63 
252851.75 
252851.88 
252852.01 
252852.14 
252852.27 
252852.40 
252852.53 
252852.65 
252852.78 
252852.91 
252853.04 
252853.16 
252853.29 
252853.42 
252853.55 
252853.68 
252853.80 
252853.93 
252854.06 
252854.19 
252854.32 
252854.45 
252854.57 
252854.70 
252854.83 
252854.96 
252855.09 
252855.21 
252855.34 
252855.47 
252855.60 
252855.72 
252855.85 
252855.98 
252856.11 
252856.25 
252856.38 
252856.51 
252856.64 
252856.76 
252856.89 
252857.02 
252857.15 
252857.28 
252857.40 
252857.53 
252857.66 
252857.79 
252857.91 
252858.04 
252858.17 
252858.29 
252858.42 
252858.55 
252858.67 
252858.80 
252858.93 
252859.06 
252859.18 
252859.31 
252859.44 
252859.56 
252859.69 
252859.82 
252859.94 
252860.07 
252860.19 
252860.32 
252860.45 
252860.57 
252860.68 
252860.81 
252860.93 
252861.06 
252861.19 
252861.32 
252861.45 
252861.57 
252861.70 
252861.83 
252861.96 
252862.09 
252862.22 
252862.35 
252862.48 
252862.60 
252862.73 
252862.85 
252862.97 
252863.12 
252863.25 
252863.37 
252863.50 
252863.62 
252863.75 
252863.88 
252864.00 
252864.14 
252864.26 
252864.39 
252864.52 
252864.65 
252864.77 
252864.89 
252865.02 
252865.15 
252865.27 
252865.40 
252865.53 
252865.66 
252865.77 
252865.90 
252866.03 
252866.16 
252866.28 
252866.41 
252866.54 
252866.67 
252866.80 
252866.93 
252867.06 
252867.19 
252867.31 
252867.44 
252867.58 
252867.70 
252867.83 
252867.96 
252868.09 
252868.21 
252868.36 
252868.48 
252868.61 
252868.74 
252868.87 
252869.00 
252869.12 
252869.25 
252869.38 
252869.51 
252869.64 
252869.76 
252869.89 
252870.02 
252870.15 
252870.27 
252870.40 
252870.53 
252870.66 
252870.79 
252870.92 
252871.05 
252871.17 
252871.30 
252871.43 
252871.56 
252871.68 
252871.81 
252871.94 
252872.07 
252872.19 
252872.32 
252872.45 
252872.57 
252872.70 
252872.83 
252872.95 
252873.08 
252873.21 
252873.33 
252873.46 
252873.59 
252873.72 
252873.85 
252873.97 
252874.10 
252874.25 
252874.37 
252874.50 
252874.63 
252874.75 
252874.88 
252875.00 
252875.13 
252875.26 
252875.39 
252875.52 
252875.65 
252875.77 
252875.90 
252876.03 
252876.14 
252876.26 
252876.39 
252876.51 
252876.64 
252876.76 
252876.89 
252877.02 
252877.15 
252877.28 
252877.42 
252877.55 
252877.68 
252877.80 
252877.93 
252878.06 
252878.18 
252878.31 
252878.43 
252878.56 
252878.68 
252878.81 
252878.93 
252879.06 
252879.18 
252879.31 
252879.44 
252879.56 
252879.69 
252879.82 
252879.94 
252880.07 
252880.19 
252880.32 
252880.45 
252880.58 
252880.71 
252880.84 
252880.96 
252881.09 
252881.22 
252881.35 
252881.48 
252881.61 
252881.74 
252881.86 
252881.99 
252882.12 
252882.25 
252882.38 
252882.50 
252882.63 
252882.76 
252882.89 
252883.03 
252883.16 
252883.29 
252883.41 
252883.54 
252883.67 
252883.80 
252883.92 
252884.05 
252884.18 
252884.30 
252884.43 
252884.56 
252884.69 
252884.82 
252884.95 
252885.07 
252885.20 
252885.33 
252885.45 
252885.58 
252885.72 
252885.85 
252885.97 
252886.10 
252886.23 
252886.36 
252886.49 
252886.61 
252886.75 
252886.87 
252887.00 
252887.13 
252887.25 
252887.38 
252887.51 
252887.64 
252887.77 
252887.89 
252888.02 
252888.15 
252888.29 
252888.41 
252888.54 
252888.67 
252888.80 
252888.92 
252889.05 
252889.18 
252889.31 
252889.44 
252889.56 
252889.69 
252889.82 
252889.95 
252890.07 
252890.20 
252890.33 
252890.45 
252890.58 
252890.71 
252890.83 
252890.96 
252891.09 
252891.22 
252891.34 
252891.47 
252891.59 
252891.70 
252891.82 
252891.94 
252892.08 
252892.23 
252892.35 
252892.48 
252892.60 
252892.73 
252892.86 
252892.98 
252893.11 
252893.24 
252893.36 
252893.49 
252893.62 
252893.74 
252893.87 
252893.99 
252894.12 
252894.25 
252894.38 
252894.50 
252894.63 
252894.76 
252894.88 
252895.01 
252895.14 
252895.27 
252895.40 
252895.53 
252895.66 
252895.78 
252895.91 
252896.04 
252896.16 
252896.29 
252896.42 
252896.55 
252896.68 
252896.81 
252896.93 
252897.06 
252897.19 
252897.32 
252897.44 
252897.57 
252897.70 
252897.83 
252897.96 
252898.09 
252898.21 
252898.34 
252898.47 
252898.60 
252898.73 
252898.85 
252898.98 
252899.11 
252899.24 
252899.36 
252899.49 
252899.62 
252899.74 
252899.87 
252899.99 
252900.12 
252900.24 
252900.37 
252900.49 
252900.62 
252900.75 
252900.87 
252901.00 
252901.13 
252901.26 
252901.39 
252901.51 
252901.64 
252901.76 
252901.89 
252902.02 
252902.14 
252902.27 
252902.40 
252902.52 
252902.65 
252902.78 
252902.91 
252903.04 
252903.16 
252903.29 
252903.42 
252903.55 
252903.68 
252903.80 
252903.93 
252904.06 
252904.19 
252904.31 
252904.44 
252904.56 
252904.71 
252904.84 
252904.97 
252905.09 
252905.22 
252905.35 
252905.47 
252905.60 
252905.73 
252905.86 
252905.99 
252906.12 
252906.25 
252906.37 
252906.50 
252906.63 
252906.76 
252906.89 
252907.01 
252907.15 
252907.28 
252907.42 
252907.55 
252907.68 
252907.80 
252907.93 
252908.06 
252908.19 
252908.32 
252908.44 
252908.57 
252908.69 
252908.82 
252908.95 
252909.08 
252909.21 
252909.33 
252909.45 
252909.58 
252909.71 
252909.84 
252909.96 
252910.09 
252910.22 
252910.35 
252910.47 
252910.60 
252910.73 
252910.86 
252910.98 
252911.10 
252911.23 
252911.35 
252911.48 
252911.61 
252911.74 
252911.87 
252911.99 
252912.12 
252912.25 
252912.38 
252912.50 
252912.63 
252912.76 
252912.88 
252913.01 
252913.14 
252913.27 
252913.40 
252913.53 
252913.66 
252913.78 
252913.91 
252914.04 
252914.17 
252914.29 
252914.42 
252914.55 
252914.68 
252914.80 
252914.93 
252915.06 
252915.19 
252915.31 
252915.44 
252915.57 
252915.70 
252915.83 
252915.95 
252916.08 
252916.21 
252916.34 
252916.47 
252916.60 
252916.74 
252916.89 
252917.01 
252917.14 
252917.27 
252917.40 
252917.53 
252917.65 
252917.77 
252917.90 
252918.03 
252918.16 
252918.28 
252918.41 
252918.54 
252918.67 
252918.79 
252918.94 
252919.06 
252919.19 
252919.32 
252919.45 
252919.58 
252919.70 
252919.83 
252919.96 
252920.09 
252920.21 
252920.35 
252920.47 
252920.60 
252920.75 
252920.87 
252921.00 
252921.13 
252921.25 
252921.38 
252921.51 
252921.64 
252921.77 
252921.89 
252922.02 
252922.15 
252922.28 
252922.40 
252922.52 
252922.65 
252922.76 
252922.89 
252923.01 
252923.14 
252923.27 
252923.39 
252923.52 
252923.65 
252923.78 
252923.91 
252924.04 
252924.17 
252924.30 
252924.42 
252924.55 
252924.68 
252924.80 
252924.94 
252925.06 
252925.19 
252925.32 
252925.45 
252925.57 
252925.70 
252925.83 
252925.96 
252926.08 
252926.21 
252926.34 
252926.47 
252926.60 
252926.72 
252926.85 
252926.98 
252927.11 
252927.24 
252927.37 
252927.49 
252927.62 
252927.75 
252927.88 
252928.01 
252928.14 
252928.26 
252928.39 
252928.51 
252928.64 
252928.76 
252928.89 
252929.02 
252929.15 
252929.27 
252929.40 
252929.53 
252929.66 
252929.79 
252929.92 
252930.05 
252930.17 
252930.30 
252930.42 
252930.55 
252930.68 
252930.81 
252930.94 
252931.06 
252931.19 
252931.32 
252931.44 
252931.57 
252931.70 
252931.83 
252931.96 
252932.09 
252932.22 
252932.34 
252932.47 
252932.60 
252932.73 
252932.85 
252932.98 
252933.11 
252933.24 
252933.36 
252933.49 
252933.62 
252933.75 
252933.88 
252934.01 
252934.13 
252934.26 
252934.39 
252934.52 
252934.65 
252934.78 
252934.90 
252935.03 
252935.16 
252935.29 
252935.42 
252935.55 
252935.68 
252935.80 
252935.93 
252936.06 
252936.19 
252936.32 
252936.45 
252936.58 
252936.71 
252936.84 
252936.97 
252937.10 
252937.22 
252937.35 
252937.48 
252937.61 
252937.73 
252937.86 
252937.99 
252938.11 
252938.23 
252938.35 
252938.48 
252938.61 
252938.73 
252938.86 
252938.98 
252939.10 
252939.23 
252939.36 
252939.49 
252939.61 
252939.74 
252939.87 
252940.00 
252940.12 
252940.25 
252940.38 
252940.51 
252940.64 
252940.76 
252940.89 
252941.02 
252941.14 
252941.27 
252941.40 
252941.53 
252941.66 
252941.78 
252941.91 
252942.04 
252942.16 
252942.29 
252942.42 
252942.55 
252942.68 
252942.81 
252942.93 
252943.06 
252943.19 
252943.32 
252943.45 
252943.57 
252943.71 
252943.83 
252943.96 
252944.09 
252944.21 
252944.35 
252944.47 
252944.60 
252944.73 
252944.86 
252944.98 
252945.11 
252945.24 
252945.37 
252945.50 
252945.63 
252945.75 
252945.88 
252946.01 
252946.14 
252946.26 
252946.39 
252946.52 
252946.65 
252946.77 
252946.90 
252947.03 
252947.16 
252947.29 
252947.41 
252947.54 
252947.67 
252947.80 
252947.93 
252948.06 
252948.19 
252948.31 
252948.44 
252948.57 
252948.69 
252948.82 
252948.95 
252949.08 
252949.21 
252949.34 
252949.48 
252949.61 
252949.73 
252949.86 
252949.98 
252950.11 
252950.24 
252950.36 
252950.49 
252950.62 
252950.75 
252950.88 
252951.00 
252951.14 
252951.26 
252951.39 
252951.52 
252951.65 
252951.77 
252951.90 
252952.04 
252952.17 
252952.29 
252952.42 
252952.55 
252952.68 
252952.80 
252952.93 
252953.06 
252953.18 
252953.31 
252953.44 
252953.56 
252953.69 
252953.80 
252953.93 
252954.06 
252954.19 
252954.32 
252954.45 
252954.57 
252954.70 
252954.84 
252954.97 
252955.09 
252955.22 
252955.35 
252955.48 
252955.61 
252955.73 
252955.86 
252955.99 
252956.11 
252956.24 
252956.37 
252956.49 
252956.62 
252956.75 
252956.88 
252957.00 
252957.13 
252957.26 
252957.39 
252957.51 
252957.64 
252957.76 
252957.89 
252958.02 
252958.15 
252958.30 
252958.42 
252958.55 
252958.68 
252958.80 
252958.93 
252959.05 
252959.18 
252959.31 
252959.44 
252959.56 
252959.69 
252959.82 
252959.95 
252960.07 
252960.20 
252960.33 
252960.47 
252960.60 
252960.73 
252960.85 
252960.98 
252961.11 
252961.24 
252961.37 
252961.49 
252961.62 
252961.75 
252961.88 
252962.01 
252962.14 
252962.26 
252962.39 
252962.52 
252962.65 
252962.77 
252962.90 
252963.03 
252963.16 
252963.29 
252963.42 
252963.54 
252963.67 
252963.81 
252963.93 
252964.06 
252964.19 
252964.32 
252964.45 
252964.57 
252964.70 
252964.83 
252964.95 
252965.08 
252965.20 
252965.35 
252965.48 
252965.61 
252965.74 
252965.86 
252965.99 
252966.12 
252966.26 
252966.39 
252966.52 
252966.65 
252966.77 
252966.90 
252967.03 
252967.16 
252967.29 
252967.43 
252967.55 
252967.68 
252967.81 
252967.94 
252968.07 
252968.19 
252968.32 
252968.45 
252968.58 
252968.71 
252968.83 
252968.96 
252969.07 
252969.19 
252969.31 
252969.45 
252969.58 
252969.70 
252969.83 
252969.95 
252970.08 
252970.23 
252970.35 
252970.48 
252970.61 
252970.75 
252970.88 
252971.00 
252971.13 
252971.26 
252971.39 
252971.52 
252971.65 
252971.77 
252971.90 
252972.03 
252972.16 
252972.29 
252972.41 
252972.54 
252972.67 
252972.79 
252972.92 
252973.05 
252973.18 
252973.31 
252973.44 
252973.56 
252973.69 
252973.82 
252973.95 
252974.08 
252974.20 
252974.33 
252974.46 
252974.59 
252974.72 
252974.85 
252974.97 
252975.10 
252975.23 
252975.36 
252975.49 
252975.62 
252975.75 
252975.88 
252976.01 
252976.14 
252976.27 
252976.40 
252976.53 
252976.66 
252976.79 
252976.92 
252977.05 
252977.18 
252977.30 
252977.44 
252977.56 
252977.69 
252977.82 
252977.94 
252978.07 
252978.20 
252978.33 
252978.46 
252978.58 
252978.71 
252978.83 
252978.96 
252979.08 
252979.21 
252979.34 
252979.47 
252979.60 
252979.73 
252979.85 
252979.98 
252980.11 
252980.24 
252980.36 
252980.49 
252980.62 
252980.75 
252980.88 
252981.01 
252981.13 
252981.26 
252981.39 
252981.52 
252981.64 
252981.77 
252981.90 
252982.03 
252982.16 
252982.28 
252982.41 
252982.54 
252982.67 
252982.80 
252982.92 
252983.05 
252983.18 
252983.30 
252983.43 
252983.56 
252983.68 
252983.81 
252983.94 
252984.07 
252984.20 
252984.32 
252984.45 
252984.58 
252984.69 
252984.81 
252984.94 
252985.07 
252985.20 
252985.33 
252985.45 
252985.58 
252985.71 
252985.84 
252985.96 
252986.09 
252986.22 
252986.35 
252986.48 
252986.60 
252986.73 
252986.86 
252986.99 
252987.11 
252987.24 
252987.37 
252987.50 
252987.63 
252987.75 
252987.88 
252988.01 
252988.14 
252988.26 
252988.39 
252988.52 
252988.65 
252988.77 
252988.90 
252989.02 
252989.14 
252989.26 
252989.39 
252989.52 
252989.65 
252989.78 
252989.91 
252990.04 
252990.17 
252990.30 
252990.43 
252990.55 
252990.68 
252990.80 
252990.93 
252991.05 
252991.18 
252991.31 
252991.44 
252991.56 
252991.69 
252991.82 
252991.95 
252992.08 
252992.21 
252992.33 
252992.46 
252992.59 
252992.72 
252992.85 
252992.97 
252993.10 
252993.23 
252993.36 
252993.49 
252993.62 
252993.75 
252993.88 
252994.01 
252994.13 
252994.26 
252994.39 
252994.52 
252994.65 
252994.78 
252994.90 
252995.03 
252995.16 
252995.29 
252995.41 
252995.54 
252995.66 
252995.79 
252995.92 
252996.05 
252996.17 
252996.30 
252996.43 
252996.56 
252996.68 
252996.81 
252996.94 
252997.07 
252997.20 
252997.33 
252997.45 
252997.58 
252997.71 
252997.84 
252997.97 
252998.09 
252998.22 
252998.35 
252998.48 
252998.60 
252998.73 
252998.86 
252998.98 
252999.11 
252999.23 
252999.36 
252999.49 
252999.62 
252999.74 
252999.87 
253000.00 
253000.12 
253000.26 
253000.38 
253000.50 
253000.63 
253000.76 
253000.88 
253001.01 
253001.13 
253001.26 
253001.39 
253001.52 
253001.64 
253001.77 
253001.90 
253002.03 
253002.16 
253002.28 
253002.41 
253002.54 
253002.67 
253002.80 
253002.93 
253003.06 
253003.21 
253003.33 
253003.46 
253003.59 
253003.71 
253003.84 
253003.97 
253004.09 
253004.22 
253004.35 
253004.47 
253004.60 
253004.73 
253004.86 
253004.99 
253005.11 
253005.24 
253005.37 
253005.49 
253005.62 
253005.75 
253005.88 
253006.01 
253006.13 
253006.26 
253006.39 
253006.52 
253006.65 
253006.77 
253006.91 
253007.04 
253007.17 
253007.29 
253007.42 
253007.55 
253007.68 
253007.81 
253007.93 
253008.06 
253008.19 
253008.31 
253008.45 
253008.58 
253008.71 
253008.83 
253008.96 
253009.09 
253009.22 
253009.35 
253009.47 
253009.60 
253009.74 
253009.87 
253009.99 
253010.12 
253010.25 
253010.38 
253010.51 
253010.64 
253010.76 
253010.89 
253011.02 
253011.14 
253011.26 
253011.38 
253011.51 
253011.64 
253011.77 
253011.89 
253012.02 
253012.15 
253012.28 
253012.40 
253012.53 
253012.66 
253012.79 
253012.93 
253013.06 
253013.18 
253013.31 
253013.44 
253013.57 
253013.70 
253013.82 
253013.93 
253014.04 
253014.18 
253014.29 
253014.42 
253014.55 
253014.68 
253014.80 
253014.91 
253015.03 
253015.15 
253015.27 
253015.38 
253015.50 
253015.62 
253015.74 
253015.86 
253015.97 
253016.09 
253016.21 
253016.33 
253016.44 
253016.56 
253016.68 
253016.80 
253016.92 
253017.04 
253017.15 
253017.27 
253017.39 
253017.51 
253017.63 
253017.75 
253017.87 
253017.99 
253018.11 
253018.23 
253018.35 
253018.46 
253018.58 
253018.70 
253018.82 
253018.94 
253019.06 
253019.18 
253019.30 
253019.42 
253019.54 
253019.67 
253019.78 
253019.90 
253020.02 
253020.15 
253020.26 
253020.39 
253020.50 
253020.62 
253020.74 
253020.86 
253020.98 
253021.09 
253021.19 
253021.30 
253021.41 
253021.52 
253021.65 
253021.76 
253021.87 
253021.98 
253022.09 
253022.20 
253022.31 
253022.43 
253022.54 
253022.65 
253022.79 
253022.91 
253023.04 
253023.16 
253023.29 
253023.41 
253023.53 
253023.67 
253023.79 
253023.90 
253024.04 
253024.16 
253024.28 
253024.40 
253024.53 
253024.65 
253024.77 
253024.89 
253025.01 
253025.14 
253025.26 
253025.38 
253025.51 
253025.63 
253025.75 
253025.87 
253026.01 
253026.14 
253026.26 
253026.39 
253026.51 
253026.64 
253026.76 
253026.89 
253027.01 
253027.12 
253027.24 
253027.37 
253027.49 
253027.61 
253027.73 
253027.86 
253027.99 
253028.11 
253028.23 
253028.35 
253028.48 
253028.60 
253028.73 
253028.85 
253028.96 
253029.08 
253029.20 
253029.33 
253029.46 
253029.57 
253029.67 
253029.78 
253029.92 
253030.03 
253030.17 
253030.28 
253030.39 
253030.52 
253030.62 
253030.73 
253030.84 
253030.95 
253031.06 
253031.17 
253031.28 
253031.38 
253031.49 
253031.63 
253031.74 
253031.85 
253031.96 
253032.08 
253032.21 
253032.32 
253032.45 
253032.56 
253032.67 
253032.78 
253032.89 
253033.00 
253033.10 
253033.21 
253033.35 
253033.46 
253033.57 
253033.68 
253033.79 
253033.90 
253034.01 
253034.11 
253034.22 
253034.33 
253034.46 
253034.58 
253034.71 
253034.83 
253034.97 
253035.09 
253035.22 
253035.34 
253035.46 
253035.59 
253035.71 
253035.84 
253035.96 
253036.08 
253036.21 
253036.33 
253036.46 
253036.57 
253036.70 
253036.83 
253036.96 
253037.08 
253037.20 
253037.33 
253037.45 
253037.57 
253037.70 
253037.82 
253037.95 
253038.07 
253038.19 
253038.31 
253038.44 
253038.56 
253038.69 
253038.81 
253038.96 
253039.08 
253039.21 
253039.33 
253039.46 
253039.59 
253039.71 
253039.84 
253039.97 
253040.10 
253040.22 
253040.35 
253040.47 
253040.59 
253040.72 
253040.84 
253040.97 
253041.09 
253041.22 
253041.34 
253041.47 
253041.59 
253041.72 
253041.85 
253041.97 
253042.09 
253042.22 
253042.35 
253042.47 
253042.59 
253042.72 
253042.84 
253042.96 
253043.09 
253043.22 
253043.34 
253043.46 
253043.59 
253043.71 
253043.84 
253043.96 
253044.09 
253044.21 
253044.34 
253044.46 
253044.59 
253044.71 
253044.84 
253044.96 
253045.08 
253045.21 
253045.33 
253045.47 
253045.60 
253045.72 
253045.84 
253045.97 
253046.10 
253046.22 
253046.35 
253046.47 
253046.60 
253046.72 
253046.84 
253046.97 
253047.09 
253047.21 
253047.32 
253047.45 
253047.57 
253047.70 
253047.82 
253047.95 
253048.07 
253048.20 
253048.32 
253048.45 
253048.57 
253048.70 
253048.82 
253048.94 
253049.07 
253049.19 
253049.31 
253049.43 
253049.57 
253049.70 
253049.81 
253049.93 
253050.05 
253050.18 
253050.29 
253050.40 
253050.52 
253050.64 
253050.76 
253050.89 
253051.00 
253051.13 
253051.25 
253051.36 
253051.47 
253051.58 
253051.71 
253051.84 
253051.97 
253052.08 
253052.20 
253052.32 
253052.45 
253052.57 
253052.70 
253052.82 
253052.95 
253053.07 
253053.20 
253053.32 
253053.45 
253053.57 
253053.70 
253053.83 
253053.95 
253054.07 
253054.20 
253054.32 
253054.44 
253054.57 
253054.69 
253054.82 
253054.94 
253055.07 
253055.19 
253055.31 
253055.44 
253055.56 
253055.69 
253055.81 
253055.94 
253056.06 
253056.18 
253056.31 
253056.43 
253056.56 
253056.68 
253056.80 
253056.93 
253057.05 
253057.17 
253057.30 
253057.42 
253057.55 
253057.67 
253057.79 
253057.92 
253058.04 
253058.17 
253058.29 
253058.42 
253058.55 
253058.67 
253058.79 
253058.92 
253059.04 
253059.17 
253059.29 
253059.42 
253059.55 
253059.67 
253059.80 
253059.92 
253060.05 
253060.17 
253060.30 
253060.42 
253060.55 
253060.67 
253060.80 
253060.92 
253061.04 
253061.17 
253061.29 
253061.42 
253061.54 
253061.67 
253061.79 
253061.92 
253062.04 
253062.17 
253062.29 
253062.42 
253062.54 
253062.67 
253062.79 
253062.92 
253063.04 
253063.17 
253063.29 
253063.42 
253063.55 
253063.67 
253063.80 
253063.92 
253064.04 
253064.17 
253064.30 
253064.42 
253064.55 
253064.67 
253064.78 
253064.91 
253065.03 
253065.16 
253065.28 
253065.43 
253065.55 
253065.67 
253065.79 
253065.91 
253066.04 
253066.16 
253066.29 
253066.41 
253066.54 
253066.66 
253066.79 
253066.91 
253067.04 
253067.16 
253067.28 
253067.40 
253067.53 
253067.65 
253067.77 
253067.90 
253068.02 
253068.15 
253068.27 
253068.39 
253068.52 
253068.64 
253068.77 
253068.89 
253069.02 
253069.15 
253069.27 
253069.39 
253069.52 
253069.65 
253069.77 
253069.90 
253070.02 
253070.14 
253070.28 
253070.40 
253070.53 
253070.65 
253070.77 
253070.90 
253071.02 
253071.15 
253071.28 
253071.40 
253071.52 
253071.64 
253071.77 
253071.89 
253072.02 
253072.14 
253072.26 
253072.38 
253072.50 
253072.62 
253072.75 
253072.87 
253072.99 
253073.12 
253073.24 
253073.37 
253073.49 
253073.61 
253073.74 
253073.86 
253073.99 
253074.11 
253074.24 
253074.36 
253074.48 
253074.60 
253074.72 
253074.85 
253074.97 
253075.09 
253075.23 
253075.37 
253075.50 
253075.62 
253075.75 
253075.87 
253076.00 
253076.12 
253076.26 
253076.39 
253076.51 
253076.64 
253076.76 
253076.88 
253077.00 
253077.13 
253077.25 
253077.37 
253077.50 
253077.63 
253077.75 
253077.87 
253078.00 
253078.13 
253078.26 
253078.38 
253078.51 
253078.63 
253078.75 
253078.88 
253079.00 
253079.12 
253079.25 
253079.38 
253079.49 
253079.60 
253079.73 
253079.84 
253079.97 
253080.11 
253080.24 
253080.36 
253080.48 
253080.59 
253080.71 
253080.83 
253080.95 
253081.07 
253081.18 
253081.30 
253081.42 
253081.54 
253081.66 
253081.77 
253081.89 
253082.01 
253082.13 
253082.25 
253082.36 
253082.48 
253082.60 
253082.72 
253082.84 
253082.95 
253083.07 
253083.19 
253083.31 
253083.43 
253083.55 
253083.67 
253083.79 
253083.91 
253084.03 
253084.15 
253084.27 
253084.39 
253084.51 
253084.63 
253084.76 
253084.88 
253085.00 
253085.12 
253085.24 
253085.37 
253085.49 
253085.61 
253085.73 
253085.85 
253085.97 
253086.09 
253086.21 
253086.34 
253086.46 
253086.59 
253086.71 
253086.84 
253086.97 
253087.10 
253087.22 
253087.37 
253087.49 
253087.62 
253087.75 
253087.88 
253088.01 
253088.13 
253088.25 
253088.38 
253088.51 
253088.64 
253088.76 
253088.89 
253089.01 
253089.14 
253089.27 
253089.40 
253089.53 
253089.65 
253089.77 
253089.90 
253090.03 
253090.16 
253090.28 
253090.41 
253090.54 
253090.67 
253090.80 
253090.94 
253091.07 
253091.19 
253091.33 
253091.46 
253091.59 
253091.72 
253091.85 
253091.97 
253092.10 
253092.23 
253092.36 
253092.48 
253092.61 
253092.74 
253092.87 
253093.00 
253093.13 
253093.25 
253093.38 
253093.51 
253093.64 
253093.77 
253093.90 
253094.02 
253094.15 
253094.28 
253094.41 
253094.53 
253094.66 
253094.79 
253094.92 
253095.05 
253095.17 
253095.30 
253095.43 
253095.56 
253095.70 
253095.83 
253095.96 
253096.09 
253096.22 
253096.34 
253096.47 
253096.60 
253096.73 
253096.85 
253096.98 
253097.11 
253097.24 
253097.37 
253097.49 
253097.62 
253097.75 
253097.88 
253098.01 
253098.14 
253098.26 
253098.39 
253098.51 
253098.64 
253098.77 
253098.89 
253099.02 
253099.15 
253099.27 
253099.40 
253099.52 
253099.64 
253099.77 
253099.90 
253100.05 
253100.17 
253100.30 
253100.43 
253100.55 
253100.68 
253100.81 
253100.94 
253101.07 
253101.20 
253101.32 
253101.44 
253101.56 
253101.68 
253101.80 
253101.93 
253102.05 
253102.17 
253102.30 
253102.42 
253102.55 
253102.68 
253102.81 
253102.93 
253103.06 
253103.19 
253103.32 
253103.44 
253103.57 
253103.70 
253103.82 
253103.95 
253104.07 
253104.20 
253104.32 
253104.45 
253104.58 
253104.71 
253104.83 
253104.95 
253105.08 
253105.20 
253105.33 
253105.45 
253105.58 
253105.71 
253105.83 
253105.97 
253106.09 
253106.22 
253106.35 
253106.47 
253106.60 
253106.73 
253106.85 
253106.98 
253107.11 
253107.24 
253107.36 
253107.49 
253107.62 
253107.74 
253107.87 
253107.99 
253108.12 
253108.24 
253108.37 
253108.50 
253108.62 
253108.75 
253108.87 
253109.00 
253109.13 
253109.26 
253109.38 
253109.51 
253109.63 
253109.76 
253109.88 
253110.01 
253110.14 
253110.27 
253110.39 
253110.52 
253110.64 
253110.77 
253110.89 
253111.02 
253111.14 
253111.27 
253111.39 
253111.52 
253111.63 
253111.76 
253111.88 
253112.01 
253112.13 
253112.26 
253112.39 
253112.51 
253112.64 
253112.76 
253112.89 
253113.02 
253113.15 
253113.28 
253113.40 
253113.53 
253113.66 
253113.79 
253113.91 
253114.04 
253114.17 
253114.30 
253114.42 
253114.55 
253114.67 
253114.80 
253114.92 
253115.05 
253115.18 
253115.30 
253115.43 
253115.56 
253115.68 
253115.81 
253115.94 
253116.07 
253116.20 
253116.32 
253116.45 
253116.58 
253116.71 
253116.84 
253116.96 
253117.09 
253117.22 
253117.34 
253117.47 
253117.60 
253117.72 
253117.85 
253117.98 
253118.10 
253118.23 
253118.35 
253118.48 
253118.61 
253118.73 
253118.86 
253118.98 
253119.10 
253119.23 
253119.36 
253119.48 
253119.61 
253119.74 
253119.86 
253119.99 
253120.12 
253120.24 
253120.37 
253120.50 
253120.63 
253120.76 
253120.88 
253121.01 
253121.13 
253121.26 
253121.38 
253121.51 
253121.64 
253121.76 
253121.89 
253122.01 
253122.14 
253122.27 
253122.39 
253122.52 
253122.65 
253122.77 
253122.90 
253123.02 
253123.15 
253123.28 
253123.40 
253123.53 
253123.66 
253123.78 
253123.91 
253124.03 
253124.16 
253124.29 
253124.42 
253124.54 
253124.67 
253124.79 
253124.92 
253125.05 
253125.17 
253125.30 
253125.43 
253125.55 
253125.68 
253125.80 
253125.93 
253126.06 
253126.18 
253126.31 
253126.44 
253126.57 
253126.69 
253126.81 
253126.94 
253127.07 
253127.19 
253127.32 
253127.45 
253127.57 
253127.70 
253127.82 
253127.95 
253128.06 
253128.19 
253128.31 
253128.44 
253128.57 
253128.69 
253128.82 
253128.95 
253129.07 
253129.19 
253129.32 
253129.45 
253129.57 
253129.70 
253129.83 
253129.95 
253130.08 
253130.20 
253130.33 
253130.46 
253130.58 
253130.71 
253130.84 
253130.96 
253131.09 
253131.21 
253131.34 
253131.47 
253131.59 
253131.72 
253131.85 
253131.98 
253132.10 
253132.23 
253132.35 
253132.48 
253132.61 
253132.74 
253132.87 
253132.99 
253133.12 
253133.24 
253133.37 
253133.50 
253133.62 
253133.75 
253133.87 
253134.00 
253134.12 
253134.25 
253134.38 
253134.50 
253134.63 
253134.76 
253134.88 
253135.01 
253135.14 
253135.27 
253135.40 
253135.53 
253135.65 
253135.78 
253135.91 
253136.03 
253136.16 
253136.28 
253136.41 
253136.54 
253136.67 
253136.79 
253136.92 
253137.05 
253137.17 
253137.30 
253137.43 
253137.56 
253137.68 
253137.81 
253137.94 
253138.07 
253138.20 
253138.32 
253138.45 
253138.57 
253138.70 
253138.83 
253138.95 
253139.08 
253139.21 
253139.34 
253139.46 
253139.59 
253139.72 
253139.85 
253139.97 
253140.10 
253140.23 
253140.36 
253140.48 
253140.60 
253140.73 
253140.85 
253140.98 
253141.10 
253141.23 
253141.35 
253141.48 
253141.60 
253141.73 
253141.85 
253141.98 
253142.10 
253142.23 
253142.35 
253142.48 
253142.60 
253142.73 
253142.85 
253142.98 
253143.11 
253143.24 
253143.36 
253143.49 
253143.62 
253143.75 
253143.88 
253144.00 
253144.13 
253144.25 
253144.38 
253144.50 
253144.63 
253144.76 
253144.88 
253145.01 
253145.13 
253145.26 
253145.38 
253145.51 
253145.64 
253145.77 
253145.89 
253146.01 
253146.14 
253146.27 
253146.39 
253146.52 
253146.65 
253146.78 
253146.90 
253147.02 
253147.15 
253147.27 
253147.40 
253147.53 
253147.65 
253147.78 
253147.91 
253148.03 
253148.16 
253148.29 
253148.41 
253148.54 
253148.66 
253148.79 
253148.92 
253149.05 
253149.17 
253149.30 
253149.43 
253149.56 
253149.68 
253149.80 
253149.93 
253150.06 
253150.18 
253150.31 
253150.43 
253150.55 
253150.68 
253150.81 
253150.93 
253151.05 
253151.18 
253151.31 
253151.43 
253151.56 
253151.68 
253151.81 
253151.94 
253152.06 
253152.19 
253152.31 
253152.44 
253152.57 
253152.69 
253152.82 
253152.95 
253153.07 
253153.20 
253153.32 
253153.45 
253153.58 
253153.70 
253153.83 
253153.96 
253154.09 
253154.21 
253154.34 
253154.46 
253154.58 
253154.71 
253154.84 
253154.96 
253155.08 
253155.21 
253155.34 
253155.47 
253155.59 
253155.72 
253155.84 
253155.97 
253156.09 
253156.22 
253156.34 
253156.47 
253156.59 
253156.72 
253156.84 
253156.97 
253157.10 
253157.23 
253157.35 
253157.47 
253157.60 
253157.72 
253157.85 
253157.98 
253158.10 
253158.22 
253158.35 
253158.47 
253158.59 
253158.72 
253158.84 
253158.97 
253159.10 
253159.22 
253159.35 
253159.48 
253159.60 
253159.72 
253159.85 
253159.98 
253160.10 
253160.23 
253160.36 
253160.48 
253160.61 
253160.73 
253160.86 
253160.99 
253161.11 
253161.24 
253161.36 
253161.48 
253161.61 
253161.74 
253161.86 
253161.99 
253162.12 
253162.24 
253162.37 
253162.50 
253162.62 
253162.75 
253162.87 
253163.00 
253163.13 
253163.25 
253163.37 
253163.50 
253163.63 
253163.75 
253163.88 
253164.01 
253164.13 
253164.26 
253164.39 
253164.51 
253164.64 
253164.76 
253164.89 
253165.01 
253165.14 
253165.27 
253165.40 
253165.52 
253165.65 
253165.78 
253165.90 
253166.03 
253166.15 
253166.28 
253166.41 
253166.54 
253166.66 
253166.79 
253166.92 
253167.04 
253167.18 
253167.31 
253167.43 
253167.56 
253167.69 
253167.81 
253167.93 
253168.06 
253168.19 
253168.31 
253168.44 
253168.57 
253168.70 
253168.82 
253168.95 
253169.08 
253169.21 
253169.33 
253169.46 
253169.59 
253169.71 
253169.84 
253169.97 
253170.09 
253170.22 
253170.35 
253170.47 
253170.60 
253170.73 
253170.85 
253170.98 
253171.11 
253171.24 
253171.37 
253171.49 
253171.62 
253171.75 
253171.87 
253172.00 
253172.12 
253172.25 
253172.38 
253172.50 
253172.63 
253172.76 
253172.88 
253173.01 
253173.14 
253173.27 
253173.39 
253173.52 
253173.64 
253173.77 
253173.89 
253174.01 
253174.14 
253174.27 
253174.39 
253174.52 
253174.65 
253174.77 
253174.90 
253175.03 
253175.15 
253175.28 
253175.40 
253175.53 
253175.66 
253175.79 
253175.91 
253176.04 
253176.17 
253176.30 
253176.42 
253176.55 
253176.68 
253176.80 
253176.92 
253177.05 
253177.17 
253177.30 
253177.43 
253177.55 
253177.68 
253177.80 
253177.93 
253178.06 
253178.18 
253178.30 
253178.43 
253178.55 
253178.68 
253178.81 
253178.94 
253179.06 
253179.19 
253179.32 
253179.45 
253179.57 
253179.70 
253179.83 
253179.96 
253180.08 
253180.21 
253180.33 
253180.46 
253180.58 
253180.71 
253180.84 
253180.97 
253181.10 
253181.22 
253181.35 
253181.48 
253181.60 
253181.73 
253181.86 
253181.99 
253182.11 
253182.24 
253182.37 
253182.49 
253182.62 
253182.75 
253182.88 
253183.00 
253183.13 
253183.26 
253183.38 
253183.51 
253183.64 
253183.77 
253183.89 
253184.02 
253184.13 
253184.25 
253184.38 
253184.50 
253184.63 
253184.76 
253184.88 
253185.01 
253185.13 
253185.26 
253185.39 
253185.51 
253185.64 
253185.76 
253185.89 
253186.01 
253186.14 
253186.27 
253186.39 
253186.52 
253186.64 
253186.77 
253186.90 
253187.03 
253187.16 
253187.28 
253187.41 
253187.53 
253187.66 
253187.78 
253187.91 
253188.03 
253188.16 
253188.28 
253188.41 
253188.54 
253188.66 
253188.79 
253188.91 
253189.04 
253189.17 
253189.29 
253189.42 
253189.55 
253189.67 
253189.80 
253189.93 
253190.05 
253190.18 
253190.31 
253190.44 
253190.56 
253190.69 
253190.82 
253190.94 
253191.06 
253191.19 
253191.31 
253191.44 
253191.56 
253191.69 
253191.82 
253191.94 
253192.07 
253192.19 
253192.31 
253192.44 
253192.57 
253192.69 
253192.82 
253192.94 
253193.07 
253193.19 
253193.32 
253193.44 
253193.57 
253193.69 
253193.82 
253193.95 
253194.07 
253194.20 
253194.32 
253194.45 
253194.57 
253194.70 
253194.83 
253194.95 
253195.08 
253195.21 
253195.34 
253195.46 
253195.58 
253195.71 
253195.83 
253195.96 
253196.09 
253196.21 
253196.34 
253196.47 
253196.59 
253196.72 
253196.85 
253196.97 
253197.10 
253197.22 
253197.35 
253197.47 
253197.60 
253197.72 
253197.85 
253197.97 
253198.10 
253198.23 
253198.35 
253198.48 
253198.60 
253198.73 
253198.85 
253198.98 
253199.11 
253199.23 
253199.36 
253199.48 
253199.61 
253199.73 
253199.86 
253199.98 
253200.11 
253200.23 
253200.36 
253200.49 
253200.61 
253200.74 
253200.87 
253201.00 
253201.13 
253201.26 
253201.38 
253201.51 
253201.63 
253201.76 
253201.88 
253202.01 
253202.14 
253202.26 
253202.39 
253202.52 
253202.64 
253202.76 
253202.89 
253203.01 
253203.14 
253203.27 
253203.39 
253203.52 
253203.65 
253203.77 
253203.90 
253204.03 
253204.15 
253204.28 
253204.40 
253204.52 
253204.65 
253204.78 
253204.91 
253205.03 
253205.16 
253205.28 
253205.41 
253205.54 
253205.66 
253205.79 
253205.92 
253206.04 
253206.17 
253206.30 
253206.42 
253206.55 
253206.68 
253206.80 
253206.93 
253207.05 
253207.18 
253207.31 
253207.43 
253207.55 
253207.67 
253207.80 
253207.93 
253208.05 
253208.18 
253208.31 
253208.44 
253208.56 
253208.69 
253208.81 
253208.94 
253209.07 
253209.19 
253209.32 
253209.45 
253209.57 
253209.70 
253209.83 
253209.95 
253210.08 
253210.20 
253210.33 
253210.45 
253210.58 
253210.71 
253210.83 
253210.96 
253211.08 
253211.21 
253211.34 
253211.46 
253211.59 
253211.71 
253211.84 
253211.97 
253212.10 
253212.22 
253212.35 
253212.47 
253212.60 
253212.73 
253212.85 
253212.97 
253213.09 
253213.22 
253213.35 
253213.47 
253213.60 
253213.73 
253213.85 
253213.98 
253214.11 
253214.23 
253214.36 
253214.49 
253214.61 
253214.74 
253214.87 
253214.99 
253215.12 
253215.24 
253215.37 
253215.49 
253215.62 
253215.75 
253215.88 
253216.00 
253216.13 
253216.26 
253216.38 
253216.51 
253216.63 
253216.76 
253216.89 
253217.01 
253217.14 
253217.27 
253217.39 
253217.52 
253217.64 
253217.77 
253217.90 
253218.02 
253218.15 
253218.27 
253218.40 
253218.52 
253218.65 
253218.77 
253218.90 
253219.02 
253219.15 
253219.27 
253219.40 
253219.53 
253219.65 
253219.78 
253219.91 
253220.03 
253220.15 
253220.28 
253220.41 
253220.54 
253220.66 
253220.79 
253220.91 
253221.04 
253221.17 
253221.29 
253221.42 
253221.54 
253221.67 
253221.79 
253221.92 
253222.04 
253222.17 
253222.30 
253222.42 
253222.55 
253222.67 
253222.80 
253222.92 
253223.05 
253223.18 
253223.31 
253223.43 
253223.56 
253223.68 
253223.81 
253223.93 
253224.06 
253224.18 
253224.30 
253224.43 
253224.55 
253224.68 
253224.81 
253224.93 
253225.06 
253225.18 
253225.31 
253225.43 
253225.56 
253225.68 
253225.80 
253225.93 
253226.06 
253226.18 
253226.31 
253226.44 
253226.56 
253226.69 
253226.82 
253226.94 
253227.06 
253227.19 
253227.32 
253227.44 
253227.57 
253227.70 
253227.82 
253227.95 
253228.07 
253228.20 
253228.32 
253228.45 
253228.58 
253228.70 
253228.83 
253228.96 
253229.08 
253229.21 
253229.33 
253229.46 
253229.59 
253229.71 
253229.84 
253229.96 
253230.09 
253230.22 
253230.34 
253230.47 
253230.60 
253230.72 
253230.84 
253230.97 
253231.10 
253231.23 
253231.35 
253231.48 
253231.61 
253231.73 
253231.86 
253231.98 
253232.11 
253232.23 
253232.36 
253232.48 
253232.61 
253232.73 
253232.86 
253232.98 
253233.11 
253233.23 
253233.36 
253233.49 
253233.62 
253233.75 
253233.87 
253234.00 
253234.12 
253234.25 
253234.38 
253234.50 
253234.62 
253234.75 
253234.87 
253235.00 
253235.13 
253235.26 
253235.38 
253235.51 
253235.64 
253235.77 
253235.89 
253236.02 
253236.15 
253236.28 
253236.41 
253236.53 
253236.66 
253236.78 
253236.91 
253237.03 
253237.16 
253237.28 
253237.41 
253237.54 
253237.67 
253237.80 
253237.92 
253238.05 
253238.18 
253238.31 
253238.43 
253238.56 
253238.68 
253238.81 
253238.94 
253239.07 
253239.19 
253239.32 
253239.45 
253239.57 
253239.69 
253239.81 
253239.94 
253240.07 
253240.20 
253240.33 
253240.45 
253240.58 
253240.71 
253240.84 
253240.97 
253241.09 
253241.22 
253241.35 
253241.47 
253241.60 
253241.72 
253241.85 
253241.98 
253242.11 
253242.25 
253242.38 
253242.51 
253242.63 
253242.75 
253242.88 
253243.00 
253243.13 
253243.26 
253243.38 
253243.51 
253243.63 
253243.75 
253243.88 
253244.01 
253244.14 
253244.27 
253244.39 
253244.52 
253244.64 
253244.77 
253244.90 
253245.02 
253245.15 
253245.27 
253245.40 
253245.52 
253245.65 
253245.77 
253245.90 
253246.03 
253246.16 
253246.28 
253246.41 
253246.54 
253246.66 
253246.79 
253246.92 
253247.04 
253247.17 
253247.30 
253247.43 
253247.55 
253247.68 
253247.80 
253247.93 
253248.06 
253248.18 
253248.30 
253248.42 
253248.55 
253248.67 
253248.80 
253248.92 
253249.05 
253249.17 
253249.30 
253249.43 
253249.55 
253249.67 
253249.80 
253249.92 
253250.05 
253250.18 
253250.30 
253250.43 
253250.56 
253250.68 
253250.81 
253250.94 
253251.06 
253251.19 
253251.31 
253251.44 
253251.56 
253251.69 
253251.82 
253251.94 
253252.07 
253252.19 
253252.32 
253252.44 
253252.57 
253252.70 
253252.83 
253252.95 
253253.08 
253253.21 
253253.33 
253253.46 
253253.59 
253253.72 
253253.85 
253253.97 
253254.10 
253254.23 
253254.36 
253254.49 
253254.61 
253254.74 
253254.87 
253254.99 
253255.12 
253255.24 
253255.37 
253255.49 
253255.62 
253255.75 
253255.88 
253256.00 
253256.13 
253256.26 
253256.39 
253256.51 
253256.63 
253256.76 
253256.89 
253257.01 
253257.14 
253257.27 
253257.39 
253257.52 
253257.64 
253257.77 
253257.89 
253258.02 
253258.14 
253258.27 
253258.39 
253258.52 
253258.65 
253258.77 
253258.90 
253259.03 
253259.15 
253259.28 
253259.41 
253259.53 
253259.65 
253259.78 
253259.91 
253260.03 
253260.15 
253260.28 
253260.41 
253260.53 
253260.66 
253260.79 
253260.92 
253261.04 
253261.16 
253261.29 
253261.42 
253261.54 
253261.67 
253261.80 
253261.93 
253262.06 
253262.18 
253262.31 
253262.44 
253262.57 
253262.69 
253262.82 
253262.95 
253263.07 
253263.20 
253263.32 
253263.45 
253263.58 
253263.70 
253263.83 
253263.95 
253264.08 
253264.20 
253264.33 
253264.46 
253264.58 
253264.70 
253264.83 
253264.95 
253265.08 
253265.21 
253265.34 
253265.46 
253265.59 
253265.72 
253265.84 
253265.97 
253266.10 
253266.22 
253266.35 
253266.47 
253266.60 
253266.72 
253266.85 
253266.98 
253267.10 
253267.23 
253267.35 
253267.48 
253267.60 
253267.73 
253267.86 
253267.98 
253268.11 
253268.23 
253268.36 
253268.49 
253268.62 
253268.74 
253268.87 
253269.00 
253269.12 
253269.25 
253269.38 
253269.51 
253269.64 
253269.76 
253269.89 
253270.02 
253270.15 
253270.27 
253270.40 
253270.52 
253270.65 
253270.77 
253270.90 
253271.03 
253271.16 
253271.29 
253271.41 
253271.54 
253271.66 
253271.79 
253271.92 
253272.04 
253272.17 
253272.30 
253272.42 
253272.55 
253272.68 
253272.80 
253272.93 
253273.05 
253273.18 
253273.30 
253273.43 
253273.56 
253273.69 
253273.81 
253273.94 
253274.07 
253274.19 
253274.32 
253274.44 
253274.57 
253274.70 
253274.83 
253274.95 
253275.08 
253275.21 
253275.33 
253275.46 
253275.58 
253275.71 
253275.84 
253275.96 
253276.09 
253276.22 
253276.35 
253276.47 
253276.60 
253276.72 
253276.85 
253276.98 
253277.11 
253277.24 
253277.36 
253277.49 
253277.62 
253277.75 
253277.87 
253277.99 
253278.12 
253278.25 
253278.37 
253278.50 
253278.62 
253278.75 
253278.87 
253279.00 
253279.13 
253279.26 
253279.38 
253279.51 
253279.63 
253279.76 
253279.89 
253280.01 
253280.14 
253280.26 
253280.39 
253280.52 
253280.64 
253280.77 
253280.90 
253281.02 
253281.15 
253281.27 
253281.40 
253281.53 
253281.66 
253281.78 
253281.90 
253282.03 
253282.15 
253282.28 
253282.41 
253282.54 
253282.67 
253282.79 
253282.91 
253283.04 
253283.16 
253283.29 
253283.42 
253283.54 
253283.67 
253283.79 
253283.91 
253284.03 
253284.15 
253284.28 
253284.40 
253284.53 
253284.66 
253284.78 
253284.91 
253285.03 
253285.16 
253285.29 
253285.41 
253285.54 
253285.66 
253285.79 
253285.91 
253286.04 
253286.17 
253286.29 
253286.41 
253286.54 
253286.67 
253286.79 
253286.92 
253287.05 
253287.17 
253287.30 
253287.43 
253287.55 
253287.67 
253287.80 
253287.93 
253288.05 
253288.18 
253288.31 
253288.43 
253288.56 
253288.68 
253288.81 
253288.93 
253289.06 
253289.18 
253289.31 
253289.43 
253289.56 
253289.69 
253289.81 
253289.94 
253290.06 
253290.19 
253290.32 
253290.44 
253290.57 
253290.70 
253290.82 
253290.95 
253291.07 
253291.20 
253291.33 
253291.45 
253291.58 
253291.70 
253291.83 
253291.95 
253292.08 
253292.20 
253292.33 
253292.45 
253292.58 
253292.71 
253292.84 
253292.96 
253293.09 
253293.22 
253293.35 
253293.48 
253293.60 
253293.73 
253293.86 
253293.99 
253294.12 
253294.25 
253294.37 
253294.50 
253294.62 
253294.75 
253294.87 
253295.00 
253295.13 
253295.26 
253295.38 
253295.51 
253295.63 
253295.76 
253295.88 
253296.01 
253296.14 
253296.27 
253296.39 
253296.52 
253296.65 
253296.77 
253296.90 
253297.02 
253297.15 
253297.27 
253297.40 
253297.53 
253297.66 
253297.78 
253297.91 
253298.04 
253298.17 
253298.29 
253298.42 
253298.55 
253298.67 
253298.80 
253298.92 
253299.05 
253299.18 
253299.30 
253299.43 
253299.55 
253299.68 
253299.80 
253299.93 
253300.06 
253300.18 
253300.31 
253300.43 
253300.56 
253300.68 
253300.81 
253300.94 
253301.06 
253301.18 
253301.31 
253301.43 
253301.56 
253301.69 
253301.82 
253301.94 
253302.06 
253302.19 
253302.32 
253302.44 
253302.57 
253302.70 
253302.83 
253302.95 
253303.08 
253303.21 
253303.34 
253303.46 
253303.58 
253303.71 
253303.84 
253303.96 
253304.09 
253304.21 
253304.34 
253304.47 
253304.59 
253304.72 
253304.84 
253304.97 
253305.10 
253305.23 
253305.35 
253305.48 
253305.61 
253305.74 
253305.86 
253305.99 
253306.12 
253306.24 
253306.37 
253306.50 
253306.63 
253306.75 
253306.88 
253307.00 
253307.13 
253307.26 
253307.38 
253307.50 
253307.63 
253307.75 
253307.88 
253308.01 
253308.13 
253308.26 
253308.38 
253308.51 
253308.63 
253308.76 
253308.89 
253309.01 
253309.14 
253309.27 
253309.40 
253309.53 
253309.65 
253309.78 
253309.91 
253310.04 
253310.16 
253310.29 
253310.42 
253310.54 
253310.67 
253310.79 
253310.92 
253311.05 
253311.17 
253311.30 
253311.43 
253311.56 
253311.69 
253311.81 
253311.93 
253312.05 
253312.17 
253312.30 
253312.43 
253312.55 
253312.68 
253312.80 
253312.93 
253313.05 
253313.18 
253313.30 
253313.43 
253313.55 
253313.68 
253313.81 
253313.93 
253314.06 
253314.19 
253314.31 
253314.44 
253314.57 
253314.70 
253314.82 
253314.95 
253315.08 
253315.20 
253315.33 
253315.46 
253315.58 
253315.71 
253315.83 
253315.96 
253316.08 
253316.21 
253316.34 
253316.47 
253316.59 
253316.72 
253316.84 
253316.97 
253317.10 
253317.23 
253317.35 
253317.48 
253317.61 
253317.73 
253317.86 
253317.99 
253318.11 
253318.23 
253318.36 
253318.49 
253318.61 
253318.74 
253318.87 
253318.99 
253319.12 
253319.25 
253319.37 
253319.50 
253319.62 
253319.75 
253319.88 
253320.01 
253320.13 
253320.26 
253320.39 
253320.52 
253320.65 
253320.77 
253320.90 
253321.03 
253321.16 
253321.28 
253321.41 
253321.53 
253321.66 
253321.79 
253321.91 
253322.04 
253322.17 
253322.30 
253322.43 
253322.55 
253322.67 
253322.80 
253322.93 
253323.05 
253323.18 
253323.31 
253323.43 
253323.56 
253323.68 
253323.81 
253323.94 
253324.06 
253324.18 
253324.31 
253324.44 
253324.56 
253324.69 
253324.82 
253324.94 
253325.07 
253325.20 
253325.32 
253325.45 
253325.58 
253325.70 
253325.83 
253325.95 
253326.08 
253326.21 
253326.34 
253326.47 
253326.60 
253326.73 
253326.85 
253326.98 
253327.10 
253327.23 
253327.36 
253327.48 
253327.61 
253327.74 
253327.86 
253327.99 
253328.12 
253328.25 
253328.37 
253328.50 
253328.62 
253328.75 
253328.87 
253329.00 
253329.13 
253329.25 
253329.38 
253329.51 
253329.64 
253329.76 
253329.89 
253330.01 
253330.14 
253330.26 
253330.39 
253330.51 
253330.64 
253330.76 
253330.89 
253331.01 
253331.14 
253331.26 
253331.39 
253331.51 
253331.64 
253331.77 
253331.89 
253332.02 
253332.15 
253332.27 
253332.40 
253332.52 
253332.65 
253332.77 
253332.90 
253333.02 
253333.15 
253333.28 
253333.40 
253333.53 
253333.65 
253333.78 
253333.91 
253334.04 
253334.17 
253334.29 
253334.42 
253334.55 
253334.67 
253334.80 
253334.92 
253335.05 
253335.18 
253335.30 
253335.42 
253335.55 
253335.68 
253335.80 
253335.93 
253336.06 
253336.19 
253336.31 
253336.44 
253336.56 
253336.69 
253336.81 
253336.94 
253337.06 
253337.19 
253337.32 
253337.44 
253337.57 
253337.70 
253337.83 
253337.96 
253338.08 
253338.21 
253338.34 
253338.46 
253338.59 
253338.72 
253338.84 
253338.97 
253339.09 
253339.21 
253339.34 
253339.48 
253339.61 
253339.74 
253339.86 
253339.99 
253340.11 
253340.24 
253340.36 
253340.49 
253340.62 
253340.74 
253340.87 
253341.00 
253341.13 
253341.26 
253341.39 
253341.51 
253341.64 
253341.76 
253341.88 
253342.01 
253342.13 
253342.26 
253342.38 
253342.51 
253342.63 
253342.76 
253342.89 
253343.01 
253343.14 
253343.27 
253343.39 
253343.52 
253343.64 
253343.77 
253343.90 
253344.02 
253344.15 
253344.28 
253344.40 
253344.51 
253344.64 
253344.77 
253344.89 
253345.02 
253345.15 
253345.27 
253345.40 
253345.53 
253345.67 
253345.79 
253345.91 
253346.04 
253346.16 
253346.29 
253346.42 
253346.55 
253346.68 
253346.81 
253346.93 
253347.06 
253347.19 
253347.31 
253347.44 
253347.57 
253347.69 
253347.82 
253347.95 
253348.07 
253348.20 
253348.33 
253348.46 
253348.59 
253348.71 
253348.84 
253348.97 
253349.09 
253349.22 
253349.35 
253349.48 
253349.60 
253349.72 
253349.85 
253349.98 
253350.11 
253350.23 
253350.36 
253350.49 
253350.61 
253350.74 
253350.87 
253351.00 
253351.13 
253351.25 
253351.38 
253351.51 
253351.64 
253351.76 
253351.89 
253352.02 
253352.15 
253352.28 
253352.41 
253352.54 
253352.66 
253352.79 
253352.91 
253353.04 
253353.16 
253353.29 
253353.42 
253353.55 
253353.67 
253353.80 
253353.92 
253354.05 
253354.18 
253354.30 
253354.43 
253354.56 
253354.68 
253354.81 
253354.94 
253355.07 
253355.19 
253355.32 
253355.45 
253355.58 
253355.70 
253355.83 
253355.96 
253356.08 
253356.21 
253356.34 
253356.47 
253356.60 
253356.72 
253356.85 
253356.98 
253357.11 
253357.24 
253357.36 
253357.48 
253357.61 
253357.74 
253357.86 
253357.99 
253358.11 
253358.24 
253358.36 
253358.49 
253358.61 
253358.74 
253358.87 
253359.00 
253359.12 
253359.25 
253359.37 
253359.50 
253359.63 
253359.75 
253359.88 
253360.01 
253360.14 
253360.26 
253360.39 
253360.52 
253360.64 
253360.77 
253360.90 
253361.02 
253361.15 
253361.27 
253361.40 
253361.52 
253361.64 
253361.77 
253361.90 
253362.03 
253362.15 
253362.28 
253362.41 
253362.54 
253362.66 
253362.78 
253362.91 
253363.03 
253363.16 
253363.29 
253363.42 
253363.55 
253363.67 
253363.80 
253363.93 
253364.06 
253364.18 
253364.31 
253364.43 
253364.57 
253364.69 
253364.82 
253364.94 
253365.07 
253365.19 
253365.32 
253365.45 
253365.57 
253365.70 
253365.82 
253365.96 
253366.09 
253366.22 
253366.35 
253366.47 
253366.60 
253366.72 
253366.85 
253366.98 
253367.10 
253367.23 
253367.35 
253367.48 
253367.61 
253367.74 
253367.87 
253367.99 
253368.12 
253368.24 
253368.37 
253368.50 
253368.63 
253368.76 
253368.88 
253369.01 
253369.14 
253369.26 
253369.39 
253369.52 
253369.64 
253369.77 
253369.89 
253370.02 
253370.15 
253370.28 
253370.40 
253370.53 
253370.66 
253370.79 
253370.91 
253371.03 
253371.16 
253371.29 
253371.41 
253371.54 
253371.67 
253371.79 
253371.91 
253372.04 
253372.17 
253372.29 
253372.42 
253372.55 
253372.67 
253372.80 
253372.93 
253373.05 
253373.18 
253373.30 
253373.44 
253373.56 
253373.69 
253373.82 
253373.95 
253374.07 
253374.20 
253374.33 
253374.45 
253374.58 
253374.70 
253374.83 
253374.95 
253375.08 
253375.21 
253375.34 
253375.46 
253375.59 
253375.72 
253375.85 
253375.97 
253376.10 
253376.24 
253376.37 
253376.49 
253376.62 
253376.75 
253376.87 
253377.00 
253377.13 
253377.26 
253377.38 
253377.51 
253377.64 
253377.77 
253377.89 
253378.02 
253378.15 
253378.28 
253378.41 
253378.53 
253378.66 
253378.79 
253378.91 
253379.04 
253379.16 
253379.29 
253379.42 
253379.54 
253379.67 
253379.79 
253379.92 
253380.04 
253380.17 
253380.30 
253380.43 
253380.55 
253380.68 
253380.81 
253380.94 
253381.06 
253381.19 
253381.32 
253381.45 
253381.57 
253381.70 
253381.83 
253381.96 
253382.08 
253382.21 
253382.33 
253382.46 
253382.59 
253382.71 
253382.84 
253382.96 
253383.08 
253383.20 
253383.32 
253383.45 
253383.58 
253383.72 
253383.85 
253383.98 
253384.10 
253384.23 
253384.35 
253384.48 
253384.61 
253384.74 
253384.86 
253384.98 
253385.11 
253385.24 
253385.36 
253385.49 
253385.61 
253385.74 
253385.87 
253385.99 
253386.12 
253386.25 
253386.38 
253386.50 
253386.63 
253386.76 
253386.89 
253387.01 
253387.14 
253387.26 
253387.39 
253387.51 
253387.63 
253387.75 
253387.88 
253388.00 
253388.13 
253388.26 
253388.39 
253388.52 
253388.64 
253388.77 
253388.90 
253389.02 
253389.15 
253389.27 
253389.40 
253389.53 
253389.65 
253389.78 
253389.91 
253390.04 
253390.16 
253390.29 
253390.41 
253390.54 
253390.66 
253390.79 
253390.92 
253391.05 
253391.17 
253391.30 
253391.43 
253391.55 
253391.68 
253391.80 
253391.93 
253392.06 
253392.19 
253392.31 
253392.44 
253392.56 
253392.69 
253392.81 
253392.94 
253393.07 
253393.19 
253393.32 
253393.44 
253393.57 
253393.70 
253393.82 
253393.95 
253394.07 
253394.20 
253394.33 
253394.46 
253394.58 
253394.71 
253394.84 
253394.97 
253395.09 
253395.22 
253395.34 
253395.47 
253395.59 
253395.72 
253395.84 
253395.96 
253396.09 
253396.22 
253396.35 
253396.47 
253396.60 
253396.72 
253396.84 
253396.97 
253397.09 
253397.22 
253397.35 
253397.47 
253397.60 
253397.72 
253397.85 
253397.98 
253398.11 
253398.23 
253398.35 
253398.48 
253398.60 
253398.73 
253398.85 
253398.98 
253399.11 
253399.23 
253399.36 
253399.48 
253399.61 
253399.74 
253399.87 
253399.99 
253400.12 
253400.25 
253400.38 
253400.51 
253400.64 
253400.76 
253400.89 
253401.01 
253401.14 
253401.27 
253401.40 
253401.52 
253401.65 
253401.77 
253401.90 
253402.03 
253402.15 
253402.28 
253402.41 
253402.54 
253402.67 
253402.80 
253402.92 
253403.05 
253403.18 
253403.31 
253403.43 
253403.56 
253403.69 
253403.81 
253403.93 
253404.06 
253404.18 
253404.31 
253404.44 
253404.56 
253404.69 
253404.82 
253404.94 
253405.07 
253405.19 
253405.32 
253405.45 
253405.58 
253405.70 
253405.83 
253405.96 
253406.09 
253406.21 
253406.34 
253406.46 
253406.59 
253406.71 
253406.84 
253406.97 
253407.09 
253407.23 
253407.35 
253407.48 
253407.61 
253407.74 
253407.86 
253407.99 
253408.12 
253408.25 
253408.37 
253408.50 
253408.63 
253408.76 
253408.88 
253409.01 
253409.14 
253409.27 
253409.40 
253409.52 
253409.64 
253409.77 
253409.90 
253410.02 
253410.15 
253410.27 
253410.40 
253410.52 
253410.65 
253410.77 
253410.90 
253411.02 
253411.14 
253411.27 
253411.39 
253411.51 
253411.64 
253411.77 
253411.90 
253412.02 
253412.15 
253412.28 
253412.41 
253412.53 
253412.66 
253412.79 
253412.91 
253413.04 
253413.16 
253413.29 
253413.42 
253413.55 
253413.67 
253413.80 
253413.93 
253414.06 
253414.18 
253414.30 
253414.43 
253414.55 
253414.68 
253414.81 
253414.94 
253415.06 
253415.19 
253415.32 
253415.45 
253415.58 
253415.70 
253415.83 
253415.96 
253416.09 
253416.22 
253416.35 
253416.47 
253416.60 
253416.73 
253416.85 
253416.97 
253417.10 
253417.22 
253417.35 
253417.47 
253417.60 
253417.72 
253417.85 
253417.97 
253418.10 
253418.23 
253418.35 
253418.48 
253418.60 
253418.73 
253418.86 
253418.98 
253419.11 
253419.24 
253419.37 
253419.49 
253419.62 
253419.75 
253419.88 
253420.01 
253420.14 
253420.26 
253420.39 
253420.52 
253420.64 
253420.77 
253420.89 
253421.02 
253421.15 
253421.28 
253421.40 
253421.53 
253421.66 
253421.78 
253421.90 
253422.04 
253422.17 
253422.29 
253422.42 
253422.55 
253422.68 
253422.81 
253422.93 
253423.06 
253423.19 
253423.32 
253423.45 
253423.57 
253423.70 
253423.83 
253423.96 
253424.09 
253424.21 
253424.34 
253424.47 
253424.60 
253424.73 
253424.85 
253424.99 
253425.11 
253425.24 
253425.37 
253425.49 
253425.62 
253425.75 
253425.87 
253426.00 
253426.13 
253426.25 
253426.38 
253426.51 
253426.63 
253426.76 
253426.89 
253427.01 
253427.14 
253427.27 
253427.40 
253427.52 
253427.65 
253427.77 
253427.90 
253428.02 
253428.15 
253428.28 
253428.40 
253428.53 
253428.66 
253428.78 
253428.91 
253429.03 
253429.16 
253429.29 
253429.41 
253429.54 
253429.66 
253429.79 
253429.91 
253430.04 
253430.17 
253430.29 
253430.42 
253430.54 
253430.67 
253430.79 
253430.92 
253431.04 
253431.17 
253431.29 
253431.42 
253431.55 
253431.67 
253431.80 
253431.93 
253432.05 
253432.18 
253432.31 
253432.44 
253432.57 
253432.69 
253432.82 
253432.95 
253433.08 
253433.20 
253433.33 
253433.45 
253433.58 
253433.71 
253433.83 
253433.96 
253434.09 
253434.22 
253434.34 
253434.47 
253434.60 
253434.72 
253434.85 
253434.98 
253435.10 
253435.22 
253435.35 
253435.47 
253435.59 
253435.72 
253435.84 
253435.96 
253436.09 
253436.22 
253436.35 
253436.47 
253436.60 
253436.73 
253436.86 
253436.98 
253437.11 
253437.23 
253437.36 
253437.49 
253437.61 
253437.74 
253437.87 
253437.99 
253438.12 
253438.25 
253438.38 
253438.51 
253438.63 
253438.76 
253438.89 
253439.02 
253439.15 
253439.27 
253439.40 
253439.53 
253439.65 
253439.78 
253439.91 
253440.04 
253440.17 
253440.29 
253440.42 
253440.55 
253440.67 
253440.80 
253440.94 
253441.06 
253441.19 
253441.32 
253441.44 
253441.57 
253441.70 
253441.82 
253441.93 
253442.06 
253442.19 
253442.31 
253442.44 
253442.57 
253442.70 
253442.82 
253442.94 
253443.07 
253443.19 
253443.32 
253443.44 
253443.56 
253443.69 
253443.81 
253443.94 
253444.07 
253444.20 
253444.33 
253444.45 
253444.58 
253444.71 
253444.83 
253444.96 
253445.10 
253445.22 
253445.35 
253445.48 
253445.60 
253445.73 
253445.85 
253445.98 
253446.11 
253446.23 
253446.36 
253446.49 
253446.62 
253446.74 
253446.87 
253447.00 
253447.13 
253447.25 
253447.38 
253447.51 
253447.63 
253447.75 
253447.87 
253448.00 
253448.13 
253448.26 
253448.39 
253448.51 
253448.64 
253448.77 
253448.89 
253449.02 
253449.14 
253449.27 
253449.40 
253449.53 
253449.66 
253449.78 
253449.91 
253450.03 
253450.16 
253450.28 
253450.41 
253450.54 
253450.67 
253450.79 
253450.92 
253451.05 
253451.18 
253451.31 
253451.44 
253451.56 
253451.69 
253451.82 
253451.95 
253452.07 
253452.20 
253452.33 
253452.45 
253452.57 
253452.70 
253452.83 
253452.95 
253453.08 
253453.20 
253453.33 
253453.45 
253453.57 
253453.70 
253453.83 
253453.96 
253454.08 
253454.21 
253454.34 
253454.47 
253454.60 
253454.73 
253454.85 
253454.98 
253455.10 
253455.23 
253455.35 
253455.48 
253455.60 
253455.73 
253455.86 
253455.99 
253456.12 
253456.24 
253456.37 
253456.49 
253456.62 
253456.75 
253456.87 
253457.00 
253457.13 
253457.25 
253457.38 
253457.50 
253457.63 
253457.75 
253457.88 
253458.01 
253458.14 
253458.27 
253458.39 
253458.52 
253458.64 
253458.76 
253458.89 
253459.02 
253459.14 
253459.27 
253459.40 
253459.53 
253459.65 
253459.78 
253459.90 
253460.03 
253460.16 
253460.28 
253460.41 
253460.54 
253460.67 
253460.79 
253460.92 
253461.04 
253461.17 
253461.29 
253461.42 
253461.55 
253461.67 
253461.80 
253461.92 
253462.04 
253462.17 
253462.29 
253462.42 
253462.55 
253462.68 
253462.80 
253462.92 
253463.05 
253463.18 
253463.31 
253463.43 
253463.56 
253463.68 
253463.81 
253463.93 
253464.06 
253464.18 
253464.31 
253464.43 
253464.56 
253464.68 
253464.81 
253464.94 
253465.07 
253465.20 
253465.32 
253465.45 
253465.58 
253465.70 
253465.82 
253465.95 
253466.08 
253466.20 
253466.33 
253466.46 
253466.59 
253466.71 
253466.84 
253466.96 
253467.09 
253467.22 
253467.35 
253467.48 
253467.61 
253467.74 
253467.86 
253468.00 
253468.12 
253468.25 
253468.38 
253468.51 
253468.63 
253468.76 
253468.89 
253469.02 
253469.15 
253469.27 
253469.40 
253469.52 
253469.65 
253469.77 
253469.90 
253470.02 
253470.15 
253470.28 
253470.41 
253470.53 
253470.66 
253470.79 
253470.92 
253471.04 
253471.17 
253471.30 
253471.43 
253471.56 
253471.68 
253471.81 
253471.93 
253472.06 
253472.19 
253472.32 
253472.44 
253472.57 
253472.69 
253472.82 
253472.95 
253473.08 
253473.20 
253473.33 
253473.46 
253473.58 
253473.71 
253473.83 
253473.96 
253474.09 
253474.21 
253474.34 
253474.47 
253474.60 
253474.72 
253474.85 
253474.98 
253475.10 
253475.23 
253475.35 
253475.48 
253475.60 
253475.73 
253475.86 
253475.98 
253476.11 
253476.23 
253476.36 
253476.49 
253476.61 
253476.74 
253476.87 
253476.99 
253477.12 
253477.24 
253477.37 
253477.50 
253477.63 
253477.75 
253477.88 
253478.01 
253478.13 
253478.26 
253478.39 
253478.52 
253478.64 
253478.77 
253478.90 
253479.03 
253479.16 
253479.28 
253479.41 
253479.54 
253479.67 
253479.80 
253479.92 
253480.05 
253480.18 
253480.31 
253480.43 
253480.56 
253480.69 
253480.81 
253480.94 
253481.07 
253481.19 
253481.32 
253481.45 
253481.57 
253481.69 
253481.82 
253481.94 
253482.07 
253482.20 
253482.32 
253482.45 
253482.58 
253482.70 
253482.83 
253482.95 
253483.08 
253483.20 
253483.33 
253483.46 
253483.58 
253483.71 
253483.83 
253483.96 
253484.09 
253484.21 
253484.34 
253484.46 
253484.59 
253484.72 
253484.84 
253484.97 
253485.09 
253485.22 
253485.35 
253485.47 
253485.60 
253485.73 
253485.86 
253485.98 
253486.11 
253486.23 
253486.36 
253486.49 
253486.61 
253486.74 
253486.87 
253486.99 
253487.12 
253487.24 
253487.37 
253487.49 
253487.61 
253487.74 
253487.87 
253487.99 
253488.12 
253488.25 
253488.37 
253488.50 
253488.62 
253488.75 
253488.87 
253489.00 
253489.13 
253489.25 
253489.38 
253489.51 
253489.64 
253489.76 
253489.89 
253490.02 
253490.15 
253490.27 
253490.39 
253490.52 
253490.65 
253490.78 
253490.90 
253491.03 
253491.16 
253491.28 
253491.41 
253491.54 
253491.66 
253491.78 
253491.90 
253492.03 
253492.15 
253492.28 
253492.41 
253492.53 
253492.66 
253492.78 
253492.91 
253493.03 
253493.16 
253493.28 
253493.41 
253493.54 
253493.66 
253493.79 
253493.91 
253494.04 
253494.17 
253494.29 
253494.42 
253494.55 
253494.67 
253494.80 
253494.92 
253495.05 
253495.18 
253495.31 
253495.43 
253495.56 
253495.69 
253495.81 
253495.94 
253496.07 
253496.20 
253496.32 
253496.45 
253496.58 
253496.70 
253496.83 
253496.95 
253497.08 
253497.21 
253497.34 
253497.46 
253497.59 
253497.71 
253497.84 
253497.96 
253498.09 
253498.22 
253498.34 
253498.46 
253498.59 
253498.71 
253498.83 
253498.96 
253499.08 
253499.21 
253499.34 
253499.46 
253499.59 
253499.71 
253499.84 
253499.96 
253500.09 
253500.20 
253500.33 
253500.46 
253500.59 
253500.72 
253500.84 
253500.97 
253501.10 
253501.22 
253501.35 
253501.47 
253501.60 
253501.72 
253501.85 
253501.97 
253502.10 
253502.23 
253502.35 
253502.47 
253502.60 
253502.73 
253502.86 
253502.99 
253503.11 
253503.24 
253503.37 
253503.50 
253503.62 
253503.75 
253503.88 
253504.00 
253504.13 
253504.25 
253504.38 
253504.51 
253504.63 
253504.75 
253504.88 
253505.00 
253505.13 
253505.26 
253505.38 
253505.51 
253505.63 
253505.76 
253505.89 
253506.01 
253506.13 
253506.26 
253506.39 
253506.51 
253506.64 
253506.76 
253506.89 
253507.02 
253507.15 
253507.27 
253507.39 
253507.52 
253507.64 
253507.77 
253507.90 
253508.02 
253508.15 
253508.28 
253508.40 
253508.53 
253508.66 
253508.79 
253508.91 
253509.04 
253509.16 
253509.29 
253509.41 
253509.54 
253509.67 
253509.79 
253509.91 
253510.04 
253510.17 
253510.31 
253510.43 
253510.55 
253510.68 
253510.81 
253510.93 
253511.06 
253511.18 
253511.31 
253511.43 
253511.56 
253511.69 
253511.81 
253511.94 
253512.07 
253512.19 
253512.32 
253512.44 
253512.57 
253512.70 
253512.82 
253512.95 
253513.08 
253513.20 
253513.33 
253513.45 
253513.58 
253513.71 
253513.83 
253513.96 
253514.08 
253514.21 
253514.34 
253514.47 
253514.59 
253514.72 
253514.85 
253514.97 
253515.10 
253515.23 
253515.35 
253515.48 
253515.60 
253515.73 
253515.85 
253515.98 
253516.10 
253516.23 
253516.36 
253516.48 
253516.61 
253516.73 
253516.86 
253516.98 
253517.11 
253517.24 
253517.36 
253517.48 
253517.61 
253517.74 
253517.86 
253517.99 
253518.13 
253518.25 
253518.38 
253518.50 
253518.63 
253518.75 
253518.88 
253519.00 
253519.13 
253519.25 
253519.38 
253519.51 
253519.63 
253519.76 
253519.88 
253520.00 
253520.13 
253520.26 
253520.38 
253520.51 
253520.63 
253520.76 
253520.89 
253521.01 
253521.13 
253521.26 
253521.39 
253521.51 
253521.64 
253521.76 
253521.89 
253522.01 
253522.14 
253522.26 
253522.39 
253522.51 
253522.64 
253522.76 
253522.89 
253523.02 
253523.14 
253523.27 
253523.39 
253523.52 
253523.65 
253523.77 
253523.90 
253524.03 
253524.15 
253524.28 
253524.41 
253524.53 
253524.66 
253524.79 
253524.92 
253525.05 
253525.17 
253525.30 
253525.42 
253525.55 
253525.67 
253525.80 
253525.93 
253526.05 
253526.18 
253526.31 
253526.43 
253526.57 
253526.69 
253526.82 
253526.95 
253527.07 
253527.20 
253527.32 
253527.45 
253527.57 
253527.70 
253527.83 
253527.96 
253528.08 
253528.21 
253528.34 
253528.46 
253528.59 
253528.72 
253528.84 
253528.97 
253529.10 
253529.22 
253529.35 
253529.48 
253529.61 
253529.73 
253529.86 
253529.99 
253530.11 
253530.24 
253530.36 
253530.49 
253530.62 
253530.74 
253530.87 
253530.99 
253531.12 
253531.25 
253531.37 
253531.50 
253531.62 
253531.75 
253531.88 
253532.00 
253532.13 
253532.26 
253532.37 
253532.50 
253532.62 
253532.75 
253532.88 
253533.00 
253533.13 
253533.26 
253533.38 
253533.51 
253533.63 
253533.76 
253533.88 
253534.01 
253534.13 
253534.26 
253534.39 
253534.51 
253534.64 
253534.77 
253534.89 
253535.02 
253535.15 
253535.27 
253535.40 
253535.53 
253535.65 
253535.78 
253535.90 
253536.03 
253536.15 
253536.28 
253536.40 
253536.53 
253536.65 
253536.78 
253536.91 
253537.03 
253537.16 
253537.29 
253537.42 
253537.54 
253537.67 
253537.79 
253537.92 
253538.05 
253538.17 
253538.30 
253538.43 
253538.55 
253538.68 
253538.80 
253538.92 
253539.05 
253539.17 
253539.30 
253539.43 
253539.56 
253539.68 
253539.81 
253539.94 
253540.06 
253540.19 
253540.31 
253540.44 
253540.57 
253540.70 
253540.82 
253540.95 
253541.08 
253541.21 
253541.34 
253541.46 
253541.59 
253541.72 
253541.84 
253541.97 
253542.10 
253542.22 
253542.34 
253542.47 
253542.59 
253542.72 
253542.84 
253542.97 
253543.10 
253543.22 
253543.35 
253543.47 
253543.60 
253543.72 
253543.85 
253543.98 
253544.10 
253544.23 
253544.36 
253544.48 
253544.61 
253544.73 
253544.86 
253544.98 
253545.11 
253545.24 
253545.37 
253545.49 
253545.62 
253545.75 
253545.88 
253546.00 
253546.13 
253546.26 
253546.39 
253546.52 
253546.64 
253546.76 
253546.89 
253547.02 
253547.15 
253547.27 
253547.40 
253547.53 
253547.65 
253547.78 
253547.91 
253548.04 
253548.16 
253548.29 
253548.41 
253548.54 
253548.67 
253548.79 
253548.92 
253549.05 
253549.17 
253549.30 
253549.42 
253549.55 
253549.67 
253549.80 
253549.93 
253550.06 
253550.18 
253550.31 
253550.43 
253550.56 
253550.69 
253550.81 
253550.94 
253551.08 
253551.21 
253551.33 
253551.46 
253551.59 
253551.71 
253551.84 
253551.96 
253552.09 
253552.22 
253552.34 
253552.47 
253552.60 
253552.72 
253552.85 
253552.98 
253553.11 
253553.23 
253553.36 
253553.48 
253553.61 
253553.74 
253553.87 
253553.99 
253554.12 
253554.24 
253554.37 
253554.50 
253554.62 
253554.75 
253554.87 
253555.00 
253555.12 
253555.25 
253555.37 
253555.50 
253555.63 
253555.76 
253555.88 
253556.01 
253556.14 
253556.26 
253556.39 
253556.51 
253556.64 
253556.76 
253556.89 
253557.02 
253557.14 
253557.27 
253557.39 
253557.52 
253557.64 
253557.77 
253557.90 
253558.02 
253558.15 
253558.27 
253558.40 
253558.52 
253558.65 
253558.78 
253558.90 
253559.03 
253559.16 
253559.28 
253559.41 
253559.54 
253559.66 
253559.79 
253559.91 
253560.04 
253560.17 
253560.29 
253560.42 
253560.55 
253560.67 
253560.79 
253560.92 
253561.04 
253561.17 
253561.29 
253561.42 
253561.56 
253561.68 
253561.81 
253561.94 
253562.06 
253562.19 
253562.31 
253562.44 
253562.56 
253562.69 
253562.82 
253562.95 
253563.07 
253563.19 
253563.32 
253563.45 
253563.58 
253563.70 
253563.83 
253563.96 
253564.08 
253564.21 
253564.34 
253564.46 
253564.59 
253564.71 
253564.84 
253564.96 
253565.09 
253565.21 
253565.34 
253565.47 
253565.59 
253565.72 
253565.84 
253565.97 
253566.09 
253566.22 
253566.34 
253566.47 
253566.60 
253566.73 
253566.85 
253566.98 
253567.11 
253567.23 
253567.35 
253567.48 
253567.61 
253567.73 
253567.86 
253567.99 
253568.12 
253568.25 
253568.37 
253568.50 
253568.63 
253568.75 
253568.88 
253569.00 
253569.13 
253569.25 
253569.38 
253569.51 
253569.63 
253569.76 
253569.88 
253570.01 
253570.14 
253570.27 
253570.40 
253570.52 
253570.65 
253570.78 
253570.90 
253571.03 
253571.16 
253571.28 
253571.41 
253571.54 
253571.66 
253571.77 
253571.90 
253572.02 
253572.15 
253572.28 
253572.40 
253572.53 
253572.66 
253572.78 
253572.91 
253573.03 
253573.16 
253573.29 
253573.42 
253573.55 
253573.67 
253573.80 
253573.92 
253574.05 
253574.18 
253574.30 
253574.43 
253574.55 
253574.67 
253574.80 
253574.92 
253575.05 
253575.18 
253575.30 
253575.42 
253575.55 
253575.67 
253575.80 
253575.92 
253576.05 
253576.17 
253576.30 
253576.42 
253576.55 
253576.68 
253576.81 
253576.93 
253577.06 
253577.19 
253577.31 
253577.43 
253577.56 
253577.68 
253577.81 
253577.94 
253578.06 
253578.19 
253578.31 
253578.44 
253578.56 
253578.69 
253578.81 
253578.94 
253579.06 
253579.19 
253579.31 
253579.44 
253579.57 
253579.70 
253579.82 
253579.95 
253580.07 
253580.20 
253580.33 
253580.46 
253580.58 
253580.70 
253580.83 
253580.95 
253581.08 
253581.21 
253581.33 
253581.45 
253581.58 
253581.71 
253581.83 
253581.96 
253582.09 
253582.22 
253582.34 
253582.46 
253582.59 
253582.72 
253582.84 
253582.97 
253583.10 
253583.22 
253583.35 
253583.47 
253583.60 
253583.72 
253583.85 
253583.98 
253584.10 
253584.23 
253584.35 
253584.47 
253584.60 
253584.73 
253584.85 
253584.97 
253585.10 
253585.23 
253585.35 
253585.48 
253585.61 
253585.73 
253585.86 
253585.99 
253586.11 
253586.24 
253586.36 
253586.49 
253586.62 
253586.74 
253586.87 
253586.99 
253587.12 
253587.24 
253587.37 
253587.50 
253587.62 
253587.75 
253587.88 
253588.00 
253588.13 
253588.26 
253588.38 
253588.51 
253588.64 
253588.76 
253588.89 
253589.02 
253589.14 
253589.27 
253589.39 
253589.51 
253589.64 
253589.76 
253589.89 
253590.02 
253590.14 
253590.27 
253590.39 
253590.52 
253590.65 
253590.77 
253590.90 
253591.03 
253591.16 
253591.28 
253591.41 
253591.54 
253591.66 
253591.79 
253591.92 
253592.04 
253592.17 
253592.30 
253592.42 
253592.55 
253592.68 
253592.81 
253592.93 
253593.06 
253593.19 
253593.32 
253593.45 
253593.57 
253593.70 
253593.83 
253593.96 
253594.08 
253594.21 
253594.33 
253594.46 
253594.58 
253594.71 
253594.83 
253594.96 
253595.07 
253595.20 
253595.33 
253595.46 
253595.58 
253595.71 
253595.83 
253595.96 
253596.09 
253596.21 
253596.34 
253596.47 
253596.60 
253596.73 
253596.86 
253596.98 
253597.11 
253597.24 
253597.36 
253597.49 
253597.61 
253597.74 
253597.86 
253597.99 
253598.11 
253598.24 
253598.36 
253598.48 
253598.61 
253598.73 
253598.86 
253598.98 
253599.11 
253599.23 
253599.36 
253599.48 
253599.61 
253599.74 
253599.86 
253599.99 
253600.12 
253600.25 
253600.37 
253600.50 
253600.63 
253600.76 
253600.88 
253601.01 
253601.14 
253601.27 
253601.39 
253601.52 
253601.64 
253601.77 
253601.90 
253602.02 
253602.15 
253602.27 
253602.40 
253602.52 
253602.65 
253602.78 
253602.91 
253603.03 
253603.15 
253603.28 
253603.41 
253603.54 
253603.66 
253603.78 
253603.91 
253604.04 
253604.16 
253604.29 
253604.41 
253604.54 
253604.67 
253604.79 
253604.92 
253605.04 
253605.16 
253605.29 
253605.42 
253605.54 
253605.67 
253605.79 
253605.92 
253606.04 
253606.17 
253606.30 
253606.43 
253606.55 
253606.68 
253606.80 
253606.93 
253607.06 
253607.18 
253607.31 
253607.44 
253607.56 
253607.69 
253607.81 
253607.94 
253608.07 
253608.20 
253608.32 
253608.45 
253608.58 
253608.70 
253608.83 
253608.95 
253609.08 
253609.20 
253609.33 
253609.46 
253609.58 
253609.71 
253609.83 
253609.96 
253610.08 
253610.20 
253610.33 
253610.46 
253610.58 
253610.71 
253610.83 
253610.95 
253611.08 
253611.20 
253611.33 
253611.46 
253611.58 
253611.70 
253611.83 
253611.96 
253612.08 
253612.21 
253612.33 
253612.46 
253612.58 
253612.71 
253612.83 
253612.96 
253613.08 
253613.21 
253613.33 
253613.45 
253613.58 
253613.70 
253613.83 
253613.95 
253614.07 
253614.20 
253614.32 
253614.45 
253614.58 
253614.70 
253614.82 
253614.95 
253615.08 
253615.20 
253615.33 
253615.46 
253615.58 
253615.71 
253615.83 
253615.96 
253616.09 
253616.21 
253616.34 
253616.46 
253616.59 
253616.71 
253616.84 
253616.96 
253617.09 
253617.21 
253617.34 
253617.47 
253617.59 
253617.72 
253617.84 
253617.97 
253618.09 
253618.22 
253618.34 
253618.47 
253618.59 
253618.72 
253618.84 
253618.97 
253619.09 
253619.22 
253619.35 
253619.47 
253619.60 
253619.72 
253619.84 
253619.97 
253620.09 
253620.22 
253620.34 
253620.47 
253620.60 
253620.72 
253620.85 
253620.97 
253621.10 
253621.22 
253621.35 
253621.48 
253621.61 
253621.73 
253621.86 
253621.99 
253622.11 
253622.23 
253622.36 
253622.49 
253622.61 
253622.73 
253622.86 
253622.98 
253623.11 
253623.23 
253623.35 
253623.48 
253623.60 
253623.73 
253623.85 
253623.98 
253624.10 
253624.23 
253624.35 
253624.47 
253624.60 
253624.72 
253624.85 
253624.98 
253625.10 
253625.23 
253625.35 
253625.47 
253625.60 
253625.72 
253625.85 
253625.97 
253626.10 
253626.22 
253626.34 
253626.47 
253626.59 
253626.72 
253626.84 
253626.97 
253627.09 
253627.22 
253627.34 
253627.47 
253627.60 
253627.72 
253627.84 
253627.97 
253628.10 
253628.23 
253628.35 
253628.47 
253628.60 
253628.73 
253628.86 
253628.98 
253629.11 
253629.23 
253629.35 
253629.48 
253629.61 
253629.74 
253629.86 
253629.99 
253630.11 
253630.24 
253630.37 
253630.49 
253630.62 
253630.74 
253630.87 
253630.99 
253631.11 
253631.24 
253631.36 
253631.49 
253631.61 
253631.74 
253631.86 
253631.98 
253632.11 
253632.23 
253632.36 
253632.48 
253632.61 
253632.73 
253632.86 
253632.98 
253633.11 
253633.23 
253633.36 
253633.48 
253633.61 
253633.73 
253633.85 
253633.98 
253634.10 
253634.23 
253634.35 
253634.48 
253634.60 
253634.73 
253634.85 
253634.98 
253635.10 
253635.23 
253635.35 
253635.48 
253635.60 
253635.72 
253635.85 
253635.97 
253636.10 
253636.22 
253636.34 
253636.47 
253636.59 
253636.73 
253636.86 
253636.98 
253637.09 
253637.20 
253637.31 
253637.43 
253637.54 
253637.65 
253637.75 
253637.86 
253637.97 
253638.08 
253638.19 
253638.30 
253638.41 
253638.52 
253638.64 
253638.75 
253638.87 
253639.00 
253639.13 
253639.25 
253639.38 
253639.50 
253639.62 
253639.74 
253639.86 
253639.99 
253640.11 
253640.22 
253640.33 
253640.45 
253640.55 
253640.66 
253640.77 
253640.87 
253640.98 
253641.09 
253641.20 
253641.31 
253641.41 
253641.52 
253641.63 
253641.75 
253641.86 
253641.98 
253642.11 
253642.23 
253642.36 
253642.48 
253642.60 
253642.73 
253642.86 
253642.98 
253643.10 
253643.23 
253643.35 
253643.47 
253643.59 
253643.72 
253643.84 
253643.96 
253644.07 
253644.20 
253644.31 
253644.42 
253644.54 
253644.67 
253644.79 
253644.92 
253645.05 
253645.17 
253645.29 
253645.42 
253645.55 
253645.67 
253645.80 
253645.93 
253646.05 
253646.18 
253646.29 
253646.44 
253646.57 
253646.68 
253646.80 
253646.93 
253647.08 
253647.21 
253647.33 
253647.46 
253647.58 
253647.71 
253647.84 
253647.96 
253648.09 
253648.22 
253648.34 
253648.47 
253648.60 
253648.72 
253648.85 
253648.97 
253649.10 
253649.22 
253649.35 
253649.48 
253649.60 
253649.73 
253649.86 
253649.99 
253650.12 
253650.24 
253650.37 
253650.49 
253650.62 
253650.76 
253650.89 
253651.01 
253651.14 
253651.26 
253651.39 
253651.52 
253651.64 
253651.77 
253651.90 
253652.02 
253652.15 
253652.28 
253652.40 
253652.53 
253652.65 
253652.78 
253652.90 
253653.02 
253653.15 
253653.28 
253653.40 
253653.53 
253653.65 
253653.78 
253653.91 
253654.03 
253654.16 
253654.31 
253654.44 
253654.56 
253654.69 
253654.81 
253654.94 
253655.07 
253655.20 
253655.32 
253655.45 
253655.57 
253655.70 
253655.83 
253655.96 
253656.09 
253656.21 
253656.34 
253656.47 
253656.59 
253656.71 
253656.83 
253656.96 
253657.08 
253657.20 
253657.33 
253657.46 
253657.59 
253657.72 
253657.84 
253657.97 
253658.09 
253658.22 
253658.35 
253658.47 
253658.60 
253658.72 
253658.85 
253658.98 
253659.10 
253659.22 
253659.35 
253659.48 
253659.61 
253659.73 
253659.86 
253659.99 
253660.12 
253660.24 
253660.37 
253660.50 
253660.63 
253660.76 
253660.89 
253661.02 
253661.14 
253661.27 
253661.40 
253661.54 
253661.67 
253661.79 
253661.92 
253662.05 
253662.17 
253662.30 
253662.42 
253662.55 
253662.68 
253662.81 
253662.93 
253663.06 
253663.18 
253663.31 
253663.44 
253663.56 
253663.69 
253663.82 
253663.95 
253664.08 
253664.21 
253664.33 
253664.46 
253664.59 
253664.72 
253664.84 
253664.97 
253665.10 
253665.23 
253665.35 
253665.48 
253665.61 
253665.74 
253665.87 
253666.00 
253666.13 
253666.25 
253666.37 
253666.50 
253666.62 
253666.75 
253666.88 
253667.00 
253667.12 
253667.24 
253667.37 
253667.50 
253667.63 
253667.76 
253667.88 
253668.01 
253668.13 
253668.26 
253668.38 
253668.51 
253668.63 
253668.76 
253668.89 
253669.01 
253669.14 
253669.26 
253669.39 
253669.52 
253669.65 
253669.77 
253669.90 
253670.03 
253670.15 
253670.28 
253670.40 
253670.53 
253670.66 
253670.79 
253670.91 
253671.04 
253671.16 
253671.29 
253671.41 
253671.54 
253671.67 
253671.80 
253671.93 
253672.04 
253672.15 
253672.26 
253672.37 
253672.48 
253672.60 
253672.72 
253672.84 
253672.96 
253673.09 
253673.21 
253673.34 
253673.46 
253673.59 
253673.72 
253673.84 
253673.96 
253674.10 
253674.23 
253674.35 
253674.47 
253674.59 
253674.70 
253674.82 
253674.94 
253675.06 
253675.17 
253675.29 
253675.42 
253675.54 
253675.67 
253675.79 
253675.92 
253676.05 
253676.17 
253676.30 
253676.42 
253676.55 
253676.67 
253676.80 
253676.92 
253677.05 
253677.17 
253677.30 
253677.42 
253677.56 
253677.68 
253677.80 
253677.93 
253678.06 
253678.18 
253678.31 
253678.43 
253678.56 
253678.68 
253678.81 
253678.94 
253679.07 
253679.19 
253679.32 
253679.45 
253679.57 
253679.70 
253679.82 
253679.95 
253680.08 
253680.20 
253680.33 
253680.45 
253680.58 
253680.69 
253680.82 
253680.95 
253681.09 
253681.22 
253681.35 
253681.48 
253681.61 
253681.73 
253681.86 
253681.99 
253682.12 
253682.24 
253682.37 
253682.49 
253682.62 
253682.75 
253682.87 
253683.00 
253683.13 
253683.26 
253683.38 
253683.51 
253683.64 
253683.76 
253683.89 
253684.02 
253684.15 
253684.28 
253684.41 
253684.54 
253684.66 
253684.79 
253684.91 
253685.04 
253685.17 
253685.30 
253685.43 
253685.56 
253685.69 
253685.82 
253685.95 
253686.08 
253686.21 
253686.34 
253686.47 
253686.60 
253686.73 
253686.86 
253686.99 
253687.12 
253687.24 
253687.37 
253687.50 
253687.63 
253687.76 
253687.88 
253688.01 
253688.14 
253688.27 
253688.40 
253688.53 
253688.65 
253688.78 
253688.91 
253689.04 
253689.16 
253689.29 
253689.42 
253689.55 
253689.68 
253689.81 
253689.93 
253690.06 
253690.19 
253690.32 
253690.45 
253690.57 
253690.70 
253690.82 
253690.95 
253691.08 
253691.21 
253691.33 
253691.46 
253691.59 
253691.72 
253691.85 
253691.98 
253692.11 
253692.23 
253692.36 
253692.49 
253692.61 
253692.75 
253692.87 
253693.00 
253693.13 
253693.26 
253693.39 
253693.52 
253693.65 
253693.77 
253693.90 
253694.03 
253694.16 
253694.29 
253694.41 
253694.53 
253694.66 
253694.79 
253694.92 
253695.05 
253695.18 
253695.31 
253695.44 
253695.56 
253695.69 
253695.84 
253695.97 
253696.10 
253696.23 
253696.36 
253696.49 
253696.61 
253696.74 
253696.87 
253697.00 
253697.12 
253697.25 
253697.38 
253697.51 
253697.64 
253697.77 
253697.90 
253698.03 
253698.15 
253698.28 
253698.40 
253698.53 
253698.65 
253698.78 
253698.91 
253699.04 
253699.16 
253699.29 
253699.42 
253699.55 
253699.68 
253699.80 
253699.93 
253700.06 
253700.19 
253700.32 
253700.44 
253700.57 
253700.72 
253700.84 
253700.97 
253701.10 
253701.23 
253701.36 
253701.49 
253701.61 
253701.74 
253701.86 
253701.99 
253702.13 
253702.25 
253702.38 
253702.51 
253702.63 
253702.76 
253702.89 
253703.02 
253703.15 
253703.27 
253703.40 
253703.53 
253703.65 
253703.78 
253703.91 
253704.04 
253704.17 
253704.29 
253704.42 
253704.55 
253704.69 
253704.81 
253704.94 
253705.07 
253705.20 
253705.33 
253705.45 
253705.58 
253705.71 
253705.84 
253705.97 
253706.09 
253706.22 
253706.35 
253706.48 
253706.60 
253706.73 
253706.86 
253706.98 
253707.11 
253707.24 
253707.37 
253707.49 
253707.62 
253707.75 
253707.88 
253708.01 
253708.14 
253708.27 
253708.41 
253708.54 
253708.67 
253708.80 
253708.92 
253709.05 
253709.18 
253709.31 
253709.43 
253709.56 
253709.69 
253709.82 
253709.95 
253710.07 
253710.20 
253710.33 
253710.46 
253710.58 
253710.71 
253710.84 
253710.97 
253711.10 
253711.23 
253711.35 
253711.48 
253711.61 
253711.74 
253711.86 
253711.99 
253712.12 
253712.25 
253712.40 
253712.53 
253712.65 
253712.78 
253712.91 
253713.05 
253713.18 
253713.31 
253713.44 
253713.56 
253713.69 
253713.82 
253713.95 
253714.08 
253714.21 
253714.33 
253714.46 
253714.59 
253714.72 
253714.85 
253714.97 
253715.10 
253715.23 
253715.36 
253715.49 
253715.62 
253715.75 
253715.90 
253716.03 
253716.16 
253716.29 
253716.41 
253716.54 
253716.67 
253716.80 
253716.93 
253717.05 
253717.18 
253717.31 
253717.44 
253717.56 
253717.69 
253717.82 
253717.95 
253718.07 
253718.21 
253718.33 
253718.46 
253718.59 
253718.72 
253718.84 
253718.97 
253719.09 
253719.22 
253719.34 
253719.47 
253719.60 
253719.73 
253719.85 
253719.98 
253720.11 
253720.24 
253720.37 
253720.50 
253720.63 
253720.76 
253720.89 
253721.02 
253721.15 
253721.28 
253721.41 
253721.53 
253721.66 
253721.80 
253721.93 
253722.05 
253722.18 
253722.31 
253722.44 
253722.57 
253722.69 
253722.83 
253722.95 
253723.08 
253723.21 
253723.34 
253723.47 
253723.60 
253723.73 
253723.85 
253723.98 
253724.11 
253724.24 
253724.37 
253724.49 
253724.62 
253724.75 
253724.88 
253725.00 
253725.13 
253725.26 
253725.39 
253725.52 
253725.65 
253725.77 
253725.90 
253726.03 
253726.16 
253726.28 
253726.41 
253726.54 
253726.67 
253726.80 
253726.93 
253727.05 
253727.18 
253727.30 
253727.43 
253727.56 
253727.69 
253727.82 
253727.94 
253728.07 
253728.20 
253728.33 
253728.46 
253728.59 
253728.71 
253728.85 
253728.97 
253729.10 
253729.23 
253729.36 
253729.48 
253729.61 
253729.74 
253729.87 
253730.00 
253730.12 
253730.25 
253730.38 
253730.51 
253730.63 
253730.76 
253730.89 
253731.02 
253731.15 
253731.27 
253731.40 
253731.53 
253731.66 
253731.79 
253731.92 
253732.04 
253732.17 
253732.30 
253732.43 
253732.56 
253732.68 
253732.81 
253732.94 
253733.07 
253733.21 
253733.34 
253733.47 
253733.60 
253733.73 
253733.85 
253734.00 
253734.13 
253734.26 
253734.39 
253734.52 
253734.65 
253734.78 
253734.90 
253735.03 
253735.16 
253735.29 
253735.41 
253735.55 
253735.67 
253735.81 
253735.93 
253736.06 
253736.19 
253736.32 
253736.45 
253736.57 
253736.70 
253736.83 
253736.96 
253737.08 
253737.21 
253737.34 
253737.47 
253737.60 
253737.72 
253737.85 
253737.98 
253738.11 
253738.24 
253738.37 
253738.49 
253738.62 
253738.75 
253738.87 
253739.00 
253739.13 
253739.26 
253739.39 
253739.52 
253739.65 
253739.77 
253739.92 
253740.05 
253740.17 
253740.30 
253740.43 
253740.56 
253740.69 
253740.82 
253740.95 
253741.08 
253741.21 
253741.34 
253741.47 
253741.61 
253741.73 
253741.86 
253741.99 
253742.12 
253742.24 
253742.37 
253742.50 
253742.63 
253742.76 
253742.89 
253743.02 
253743.15 
253743.28 
253743.41 
253743.53 
253743.66 
253743.79 
253743.92 
253744.04 
253744.19 
253744.32 
253744.45 
253744.57 
253744.70 
253744.83 
253744.96 
253745.08 
253745.21 
253745.34 
253745.47 
253745.59 
253745.73 
253745.85 
253745.98 
253746.11 
253746.24 
253746.36 
253746.49 
253746.62 
253746.75 
253746.88 
253747.01 
253747.13 
253747.26 
253747.39 
253747.52 
253747.65 
253747.77 
253747.90 
253748.03 
253748.16 
253748.28 
253748.41 
253748.54 
253748.67 
253748.79 
253748.92 
253749.05 
253749.18 
253749.31 
253749.43 
253749.56 
253749.69 
253749.82 
253749.95 
253750.07 
253750.20 
253750.33 
253750.46 
253750.59 
253750.72 
253750.85 
253750.97 
253751.10 
253751.23 
253751.35 
253751.51 
253751.64 
253751.77 
253751.89 
253752.03 
253752.15 
253752.28 
253752.41 
253752.54 
253752.67 
253752.80 
253752.93 
253753.07 
253753.20 
253753.33 
253753.45 
253753.58 
253753.71 
253753.84 
253753.97 
253754.09 
253754.22 
253754.35 
253754.48 
253754.61 
253754.73 
253754.86 
253754.99 
253755.12 
253755.25 
253755.37 
253755.50 
253755.63 
253755.77 
253755.90 
253756.02 
253756.15 
253756.28 
253756.41 
253756.54 
253756.67 
253756.80 
253756.93 
253757.05 
253757.18 
253757.31 
253757.44 
253757.56 
253757.69 
253757.82 
253757.95 
253758.08 
253758.21 
253758.34 
253758.46 
253758.59 
253758.72 
253758.84 
253758.97 
253759.10 
253759.23 
253759.36 
253759.48 
253759.62 
253759.74 
253759.87 
253760.00 
253760.13 
253760.25 
253760.38 
253760.51 
253760.64 
253760.77 
253760.90 
253761.03 
253761.16 
253761.29 
253761.42 
253761.55 
253761.68 
253761.81 
253761.93 
253762.06 
253762.19 
253762.32 
253762.44 
253762.57 
253762.70 
253762.83 
253762.96 
253763.08 
253763.21 
253763.34 
253763.47 
253763.60 
253763.72 
253763.85 
253763.98 
253764.11 
253764.23 
253764.36 
253764.49 
253764.61 
253764.74 
253764.87 
253765.00 
253765.12 
253765.25 
253765.38 
253765.51 
253765.64 
253765.77 
253765.89 
253766.02 
253766.15 
253766.28 
253766.41 
253766.54 
253766.67 
253766.81 
253766.94 
253767.07 
253767.19 
253767.32 
253767.45 
253767.58 
253767.71 
253767.85 
253767.98 
253768.10 
253768.23 
253768.36 
253768.49 
253768.61 
253768.74 
253768.89 
253769.02 
253769.15 
253769.28 
253769.41 
253769.53 
253769.66 
253769.79 
253769.92 
253770.05 
253770.17 
253770.30 
253770.43 
253770.56 
253770.68 
253770.81 
253770.94 
253771.07 
253771.20 
253771.32 
253771.45 
253771.58 
253771.71 
253771.84 
253771.96 
253772.09 
253772.22 
253772.35 
253772.48 
253772.61 
253772.73 
253772.86 
253772.99 
253773.12 
253773.25 
253773.37 
253773.50 
253773.63 
253773.76 
253773.90 
253774.03 
253774.15 
253774.28 
253774.41 
253774.54 
253774.67 
253774.80 
253774.93 
253775.05 
253775.18 
253775.30 
253775.43 
253775.55 
253775.68 
253775.81 
253775.94 
253776.07 
253776.20 
253776.35 
253776.49 
253776.62 
253776.75 
253776.88 
253777.01 
253777.14 
253777.26 
253777.39 
253777.52 
253777.65 
253777.77 
253777.90 
253778.03 
253778.16 
253778.28 
253778.41 
253778.54 
253778.67 
253778.79 
253778.92 
253779.05 
253779.18 
253779.31 
253779.44 
253779.57 
253779.69 
253779.82 
253779.97 
253780.09 
253780.22 
253780.35 
253780.48 
253780.61 
253780.73 
253780.86 
253780.99 
253781.12 
253781.25 
253781.37 
253781.50 
253781.63 
253781.76 
253781.88 
253782.01 
253782.14 
253782.27 
253782.40 
253782.53 
253782.65 
253782.78 
253782.91 
253783.04 
253783.17 
253783.29 
253783.42 
253783.55 
253783.69 
253783.82 
253783.95 
253784.08 
253784.22 
253784.35 
253784.48 
253784.61 
253784.74 
253784.87 
253785.00 
253785.13 
253785.26 
253785.39 
253785.51 
253785.64 
253785.77 
253785.90 
253786.02 
253786.15 
253786.28 
253786.41 
253786.54 
253786.67 
253786.80 
253786.93 
253787.05 
253787.20 
253787.33 
253787.46 
253787.59 
253787.72 
253787.85 
253787.98 
253788.10 
253788.23 
253788.36 
253788.48 
253788.61 
253788.76 
253788.89 
253789.02 
253789.15 
253789.28 
253789.41 
253789.54 
253789.67 
253789.80 
253789.93 
253790.05 
253790.18 
253790.31 
253790.44 
253790.57 
253790.69 
253790.82 
253790.95 
253791.08 
253791.21 
253791.34 
253791.47 
253791.59 
253791.72 
253791.85 
253791.97 
253792.10 
253792.23 
253792.36 
253792.49 
253792.62 
253792.75 
253792.89 
253793.02 
253793.14 
253793.27 
253793.40 
253793.53 
253793.66 
253793.79 
253793.92 
253794.05 
253794.17 
253794.30 
253794.42 
253794.55 
253794.67 
253794.80 
253794.93 
253795.06 
253795.18 
253795.31 
253795.44 
253795.57 
253795.69 
253795.82 
253795.95 
253796.08 
253796.21 
253796.33 
253796.46 
253796.59 
253796.72 
253796.84 
253796.97 
253797.10 
253797.23 
253797.36 
253797.48 
253797.61 
253797.74 
253797.87 
253798.00 
253798.13 
253798.25 
253798.38 
253798.51 
253798.64 
253798.76 
253798.89 
253799.02 
253799.15 
253799.28 
253799.41 
253799.54 
253799.67 
253799.80 
253799.93 
253800.06 
253800.19 
253800.31 
253800.44 
253800.57 
253800.70 
253800.83 
253800.95 
253801.08 
253801.21 
253801.34 
253801.49 
253801.61 
253801.74 
253801.87 
253802.00 
253802.13 
253802.25 
253802.38 
253802.51 
253802.63 
253802.78 
253802.91 
253803.04 
253803.17 
253803.29 
253803.42 
253803.54 
253803.67 
253803.80 
253803.93 
253804.05 
253804.18 
253804.31 
253804.44 
253804.57 
253804.70 
253804.83 
253804.97 
253805.09 
253805.22 
253805.35 
253805.47 
253805.60 
253805.73 
253805.85 
253805.98 
253806.11 
253806.24 
253806.37 
253806.51 
253806.64 
253806.77 
253806.89 
253807.03 
253807.16 
253807.29 
253807.42 
253807.55 
253807.67 
253807.81 
253807.93 
253808.06 
253808.19 
253808.32 
253808.44 
253808.57 
253808.70 
253808.83 
253808.96 
253809.09 
253809.21 
253809.34 
253809.47 
253809.60 
253809.73 
253809.85 
253809.98 
253810.11 
253810.24 
253810.37 
253810.49 
253810.62 
253810.75 
253810.88 
253811.00 
253811.13 
253811.26 
253811.39 
253811.52 
253811.65 
253811.77 
253811.90 
253812.03 
253812.16 
253812.29 
253812.41 
253812.54 
253812.67 
253812.80 
253812.93 
253813.05 
253813.18 
253813.31 
253813.44 
253813.56 
253813.69 
253813.82 
253813.95 
253814.08 
253814.21 
253814.33 
253814.46 
253814.59 
253814.72 
253814.85 
253814.97 
253815.10 
253815.23 
253815.36 
253815.48 
253815.61 
253815.74 
253815.87 
253816.00 
253816.13 
253816.25 
253816.38 
253816.51 
253816.64 
253816.77 
253816.89 
253817.02 
253817.15 
253817.28 
253817.41 
253817.54 
253817.67 
253817.79 
253817.92 
253818.05 
253818.17 
253818.30 
253818.43 
253818.57 
253818.69 
253818.82 
253818.95 
253819.08 
253819.21 
253819.34 
253819.47 
253819.60 
253819.73 
253819.85 
253819.98 
253820.11 
253820.24 
253820.37 
253820.49 
253820.62 
253820.75 
253820.88 
253821.01 
253821.14 
253821.27 
253821.40 
253821.53 
253821.66 
253821.78 
253821.91 
253822.04 
253822.17 
253822.30 
253822.43 
253822.56 
253822.68 
253822.81 
253822.94 
253823.07 
253823.20 
253823.33 
253823.45 
253823.58 
253823.71 
253823.84 
253823.97 
253824.09 
253824.22 
253824.35 
253824.48 
253824.61 
253824.74 
253824.86 
253824.99 
253825.12 
253825.25 
253825.37 
253825.50 
253825.63 
253825.75 
253825.88 
253826.01 
253826.14 
253826.27 
253826.39 
253826.52 
253826.65 
253826.78 
253826.91 
253827.04 
253827.16 
253827.29 
253827.42 
253827.55 
253827.68 
253827.81 
253827.93 
253828.06 
253828.19 
253828.32 
253828.45 
253828.57 
253828.70 
253828.83 
253828.96 
253829.08 
253829.21 
253829.34 
253829.47 
253829.60 
253829.74 
253829.87 
253830.00 
253830.13 
253830.25 
253830.38 
253830.51 
253830.63 
253830.76 
253830.89 
253831.02 
253831.15 
253831.28 
253831.41 
253831.54 
253831.66 
253831.79 
253831.92 
253832.05 
253832.17 
253832.30 
253832.43 
253832.56 
253832.68 
253832.81 
253832.94 
253833.07 
253833.20 
253833.33 
253833.45 
253833.58 
253833.71 
253833.84 
253833.96 
253834.09 
253834.22 
253834.35 
253834.48 
253834.61 
253834.73 
253834.86 
253835.00 
253835.13 
253835.26 
253835.39 
253835.51 
253835.64 
253835.76 
253835.89 
253836.03 
253836.16 
253836.28 
253836.41 
253836.54 
253836.67 
253836.80 
253836.93 
253837.05 
253837.18 
253837.31 
253837.44 
253837.57 
253837.69 
253837.82 
253837.95 
253838.08 
253838.20 
253838.34 
253838.46 
253838.59 
253838.72 
253838.85 
253838.97 
253839.10 
253839.23 
253839.35 
253839.48 
253839.61 
253839.74 
253839.87 
253840.00 
253840.13 
253840.25 
253840.38 
253840.51 
253840.64 
253840.76 
253840.89 
253841.02 
253841.15 
253841.28 
253841.41 
253841.53 
253841.66 
253841.79 
253841.92 
253842.05 
253842.17 
253842.30 
253842.43 
253842.56 
253842.68 
253842.81 
253842.94 
253843.07 
253843.20 
253843.33 
253843.45 
253843.58 
253843.71 
253843.84 
253843.97 
253844.09 
253844.22 
253844.35 
253844.48 
253844.61 
253844.73 
253844.86 
253844.99 
253845.12 
253845.25 
253845.37 
253845.50 
253845.62 
253845.75 
253845.88 
253846.00 
253846.13 
253846.26 
253846.39 
253846.52 
253846.65 
253846.77 
253846.89 
253847.02 
253847.15 
253847.28 
253847.41 
253847.53 
253847.66 
253847.79 
253847.92 
253848.05 
253848.17 
253848.30 
253848.43 
253848.56 
253848.68 
253848.81 
253848.94 
253849.07 
253849.20 
253849.32 
253849.45 
253849.58 
253849.71 
253849.84 
253849.97 
253850.09 
253850.22 
253850.35 
253850.49 
253850.62 
253850.75 
253850.88 
253851.01 
253851.14 
253851.26 
253851.39 
253851.52 
253851.65 
253851.77 
253851.90 
253852.03 
253852.16 
253852.28 
253852.41 
253852.54 
253852.67 
253852.80 
253852.93 
253853.05 
253853.18 
253853.31 
253853.44 
253853.57 
253853.69 
253853.82 
253853.95 
253854.08 
253854.20 
253854.33 
253854.46 
253854.59 
253854.71 
253854.84 
253854.97 
253855.10 
253855.23 
253855.36 
253855.48 
253855.61 
253855.74 
253855.87 
253855.99 
253856.12 
253856.25 
253856.37 
253856.50 
253856.63 
253856.76 
253856.89 
253857.01 
253857.14 
253857.27 
253857.40 
253857.53 
253857.66 
253857.78 
253857.91 
253858.04 
253858.17 
253858.30 
253858.43 
253858.56 
253858.68 
253858.81 
253858.94 
253859.07 
253859.20 
253859.33 
253859.45 
253859.58 
253859.70 
253859.83 
253859.96 
253860.09 
253860.22 
253860.35 
253860.48 
253860.61 
253860.73 
253860.86 
253860.99 
253861.12 
253861.25 
253861.37 
253861.50 
253861.63 
253861.76 
253861.88 
253862.01 
253862.14 
253862.27 
253862.40 
253862.53 
253862.66 
253862.79 
253862.92 
253863.05 
253863.18 
253863.31 
253863.44 
253863.57 
253863.69 
253863.82 
253863.95 
253864.08 
253864.20 
253864.33 
253864.46 
253864.59 
253864.71 
253864.84 
253864.97 
253865.10 
253865.22 
253865.35 
253865.48 
253865.60 
253865.72 
253865.85 
253865.98 
253866.10 
253866.23 
253866.36 
253866.49 
253866.61 
253866.74 
253866.87 
253867.00 
253867.13 
253867.26 
253867.38 
253867.51 
253867.64 
253867.77 
253867.90 
253868.03 
253868.15 
253868.28 
253868.41 
253868.54 
253868.67 
253868.80 
253868.92 
253869.05 
253869.18 
253869.30 
253869.43 
253869.55 
253869.67 
253869.80 
253869.93 
253870.05 
253870.18 
253870.31 
253870.44 
253870.57 
253870.69 
253870.82 
253870.95 
253871.08 
253871.21 
253871.34 
253871.46 
253871.59 
253871.72 
253871.85 
253871.98 
253872.11 
253872.23 
253872.36 
253872.49 
253872.62 
253872.75 
253872.87 
253873.01 
253873.13 
253873.26 
253873.39 
253873.52 
253873.65 
253873.77 
253873.90 
253874.03 
253874.15 
253874.28 
253874.41 
253874.54 
253874.67 
253874.79 
253874.92 
253875.05 
253875.18 
253875.31 
253875.45 
253875.58 
253875.71 
253875.84 
253875.97 
253876.09 
253876.22 
253876.35 
253876.48 
253876.60 
253876.73 
253876.86 
253876.99 
253877.12 
253877.25 
253877.37 
253877.50 
253877.63 
253877.76 
253877.88 
253878.01 
253878.14 
253878.27 
253878.40 
253878.53 
253878.65 
253878.78 
253878.91 
253879.04 
253879.17 
253879.30 
253879.43 
253879.56 
253879.69 
253879.81 
253879.94 
253880.07 
253880.20 
253880.33 
253880.45 
253880.58 
253880.71 
253880.84 
253880.97 
253881.10 
253881.23 
253881.36 
253881.48 
253881.61 
253881.74 
253881.86 
253881.99 
253882.12 
253882.25 
253882.38 
253882.51 
253882.64 
253882.76 
253882.89 
253883.02 
253883.15 
253883.29 
253883.42 
253883.55 
253883.68 
253883.81 
253883.93 
253884.06 
253884.19 
253884.32 
253884.45 
253884.57 
253884.70 
253884.83 
253884.96 
253885.08 
253885.21 
253885.34 
253885.47 
253885.60 
253885.73 
253885.85 
253886.00 
253886.13 
253886.25 
253886.38 
253886.51 
253886.64 
253886.76 
253886.89 
253887.02 
253887.15 
253887.28 
253887.41 
253887.54 
253887.66 
253887.79 
253887.92 
253888.05 
253888.17 
253888.30 
253888.43 
253888.56 
253888.69 
253888.81 
253888.94 
253889.07 
253889.20 
253889.33 
253889.45 
253889.58 
253889.71 
253889.84 
253889.96 
253890.09 
253890.22 
253890.35 
253890.48 
253890.61 
253890.74 
253890.86 
253890.99 
253891.12 
253891.25 
253891.37 
253891.50 
253891.64 
253891.77 
253891.90 
253892.03 
253892.16 
253892.28 
253892.41 
253892.54 
253892.67 
253892.80 
253892.93 
253893.05 
253893.18 
253893.31 
253893.44 
253893.56 
253893.69 
253893.82 
253893.95 
253894.08 
253894.20 
253894.33 
253894.46 
253894.59 
253894.72 
253894.85 
253894.97 
253895.10 
253895.23 
253895.37 
253895.50 
253895.62 
253895.75 
253895.88 
253896.00 
253896.13 
253896.26 
253896.39 
253896.51 
253896.64 
253896.77 
253896.90 
253897.03 
253897.16 
253897.29 
253897.42 
253897.55 
253897.68 
253897.80 
253897.93 
253898.06 
253898.19 
253898.32 
253898.45 
253898.57 
253898.70 
253898.85 
253898.97 
253899.10 
253899.24 
253899.36 
253899.49 
253899.62 
253899.75 
253899.88 
253900.01 
253900.14 
253900.27 
253900.39 
253900.52 
253900.65 
253900.78 
253900.91 
253901.04 
253901.16 
253901.29 
253901.42 
253901.55 
253901.68 
253901.81 
253901.94 
253902.07 
253902.19 
253902.33 
253902.46 
253902.59 
253902.71 
253902.83 
253902.96 
253903.09 
253903.22 
253903.35 
253903.48 
253903.60 
253903.73 
253903.86 
253903.99 
253904.12 
253904.25 
253904.38 
253904.51 
253904.63 
253904.76 
253904.89 
253905.01 
253905.15 
253905.29 
253905.42 
253905.55 
253905.67 
253905.82 
253905.94 
253906.07 
253906.20 
253906.33 
253906.46 
253906.59 
253906.72 
253906.85 
253906.97 
253907.10 
253907.23 
253907.36 
253907.49 
253907.61 
253907.74 
253907.87 
253908.00 
253908.13 
253908.25 
253908.38 
253908.51 
253908.64 
253908.76 
253908.89 
253909.02 
253909.15 
253909.28 
253909.40 
253909.53 
253909.66 
253909.79 
253909.92 
253910.05 
253910.18 
253910.31 
253910.43 
253910.56 
253910.69 
253910.82 
253910.95 
253911.08 
253911.21 
253911.34 
253911.47 
253911.60 
253911.73 
253911.85 
253911.98 
253912.11 
253912.24 
253912.37 
253912.49 
253912.62 
253912.75 
253912.88 
253913.00 
253913.13 
253913.26 
253913.39 
253913.52 
253913.65 
253913.77 
253913.90 
253914.03 
253914.16 
253914.29 
253914.41 
253914.54 
253914.67 
253914.80 
253914.92 
253915.05 
253915.18 
253915.31 
253915.44 
253915.57 
253915.69 
253915.82 
253915.95 
253916.08 
253916.21 
253916.33 
253916.46 
253916.59 
253916.72 
253916.85 
253916.97 
253917.10 
253917.23 
253917.36 
253917.49 
253917.61 
253917.74 
253917.87 
253918.00 
253918.13 
253918.25 
253918.38 
253918.51 
253918.64 
253918.76 
253918.89 
253919.02 
253919.15 
253919.28 
253919.41 
253919.54 
253919.67 
253919.79 
253919.92 
253920.05 
253920.18 
253920.31 
253920.44 
253920.57 
253920.70 
253920.83 
253920.96 
253921.08 
253921.21 
253921.34 
253921.47 
253921.60 
253921.72 
253921.85 
253921.98 
253922.11 
253922.24 
253922.37 
253922.49 
253922.62 
253922.75 
253922.87 
253923.01 
253923.13 
253923.26 
253923.39 
253923.52 
253923.65 
253923.77 
253923.90 
253924.03 
253924.16 
253924.29 
253924.42 
253924.54 
253924.67 
253924.81 
253924.94 
253925.07 
253925.20 
253925.33 
253925.45 
253925.58 
253925.71 
253925.84 
253925.96 
253926.09 
253926.22 
253926.35 
253926.48 
253926.61 
253926.74 
253926.86 
253926.99 
253927.12 
253927.24 
253927.37 
253927.50 
253927.63 
253927.76 
253927.88 
253928.01 
253928.14 
253928.27 
253928.40 
253928.53 
253928.65 
253928.78 
253928.91 
253929.04 
253929.16 
253929.29 
253929.42 
253929.55 
253929.68 
253929.81 
253929.93 
253930.06 
253930.19 
253930.32 
253930.44 
253930.57 
253930.70 
253930.83 
253930.96 
253931.08 
253931.21 
253931.34 
253931.47 
253931.60 
253931.72 
253931.85 
253931.98 
253932.12 
253932.25 
253932.38 
253932.51 
253932.64 
253932.76 
253932.89 
253933.02 
253933.16 
253933.29 
253933.42 
253933.55 
253933.68 
253933.81 
253933.94 
253934.07 
253934.20 
253934.33 
253934.46 
253934.58 
253934.71 
253934.84 
253934.97 
253935.10 
253935.23 
253935.36 
253935.48 
253935.61 
253935.74 
253935.87 
253936.00 
253936.13 
253936.25 
253936.38 
253936.51 
253936.64 
253936.76 
253936.89 
253937.02 
253937.15 
253937.28 
253937.41 
253937.53 
253937.66 
253937.79 
253937.92 
253938.05 
253938.17 
253938.30 
253938.43 
253938.56 
253938.68 
253938.81 
253938.94 
253939.06 
253939.19 
253939.32 
253939.45 
253939.57 
253939.70 
253939.83 
253939.96 
253940.09 
253940.22 
253940.35 
253940.48 
253940.61 
253940.73 
253940.86 
253940.99 
253941.12 
253941.25 
253941.37 
253941.50 
253941.63 
253941.76 
253941.88 
253942.01 
253942.14 
253942.27 
253942.40 
253942.53 
253942.65 
253942.78 
253942.91 
253943.04 
253943.17 
253943.29 
253943.42 
253943.55 
253943.68 
253943.81 
253943.93 
253944.06 
253944.19 
253944.32 
253944.45 
253944.57 
253944.70 
253944.83 
253944.95 
253945.07 
253945.20 
253945.33 
253945.45 
253945.58 
253945.71 
253945.84 
253945.96 
253946.09 
253946.22 
253946.35 
253946.48 
253946.61 
253946.75 
253946.89 
253947.02 
253947.15 
253947.29 
253947.42 
253947.55 
253947.68 
253947.81 
253947.93 
253948.06 
253948.19 
253948.32 
253948.44 
253948.57 
253948.70 
253948.83 
253948.95 
253949.08 
253949.21 
253949.34 
253949.47 
253949.60 
253949.73 
253949.85 
253949.98 
253950.11 
253950.24 
253950.36 
253950.49 
253950.62 
253950.75 
253950.88 
253951.01 
253951.14 
253951.26 
253951.39 
253951.52 
253951.65 
253951.77 
253951.90 
253952.03 
253952.16 
253952.29 
253952.41 
253952.54 
253952.67 
253952.80 
253952.93 
253953.05 
253953.18 
253953.31 
253953.44 
253953.56 
253953.69 
253953.82 
253953.95 
253954.08 
253954.21 
253954.33 
253954.46 
253954.59 
253954.72 
253954.85 
253954.97 
253955.10 
253955.23 
253955.36 
253955.48 
253955.61 
253955.74 
253955.87 
253956.00 
253956.13 
253956.25 
253956.38 
253956.52 
253956.65 
253956.78 
253956.91 
253957.04 
253957.16 
253957.29 
253957.42 
253957.55 
253957.68 
253957.80 
253957.93 
253958.06 
253958.19 
253958.32 
253958.44 
253958.57 
253958.70 
253958.83 
253958.96 
253959.09 
253959.22 
253959.34 
253959.47 
253959.60 
253959.72 
253959.85 
253959.98 
253960.11 
253960.24 
253960.36 
253960.49 
253960.62 
253960.75 
253960.88 
253961.01 
253961.13 
253961.26 
253961.39 
253961.52 
253961.65 
253961.77 
253961.90 
253962.03 
253962.16 
253962.28 
253962.41 
253962.54 
253962.67 
253962.80 
253962.93 
253963.05 
253963.18 
253963.31 
253963.44 
253963.56 
253963.69 
253963.82 
253963.95 
253964.08 
253964.20 
253964.33 
253964.46 
253964.59 
253964.72 
253964.85 
253964.97 
253965.10 
253965.23 
253965.36 
253965.48 
253965.61 
253965.74 
253965.87 
253966.00 
253966.13 
253966.25 
253966.38 
253966.51 
253966.64 
253966.77 
253966.89 
253967.02 
253967.15 
253967.28 
253967.41 
253967.53 
253967.66 
253967.79 
253967.92 
253968.04 
253968.17 
253968.30 
253968.43 
253968.55 
253968.68 
253968.80 
253968.93 
253969.06 
253969.19 
253969.32 
253969.45 
253969.58 
253969.70 
253969.83 
253969.96 
253970.09 
253970.21 
253970.34 
253970.47 
253970.60 
253970.73 
253970.86 
253970.99 
253971.12 
253971.26 
253971.39 
253971.51 
253971.64 
253971.77 
253971.90 
253972.02 
253972.14 
253972.26 
253972.39 
253972.52 
253972.65 
253972.78 
253972.91 
253973.04 
253973.16 
253973.29 
253973.42 
253973.55 
253973.68 
253973.81 
253973.93 
253974.06 
253974.19 
253974.32 
253974.45 
253974.57 
253974.70 
253974.83 
253974.96 
253975.09 
253975.21 
253975.34 
253975.47 
253975.60 
253975.73 
253975.85 
253975.99 
253976.12 
253976.25 
253976.38 
253976.51 
253976.64 
253976.77 
253976.89 
253977.02 
253977.15 
253977.28 
253977.41 
253977.54 
253977.66 
253977.79 
253977.92 
253978.05 
253978.18 
253978.31 
253978.43 
253978.56 
253978.68 
253978.81 
253978.94 
253979.07 
253979.19 
253979.32 
253979.45 
253979.58 
253979.71 
253979.83 
253979.96 
253980.09 
253980.22 
253980.35 
253980.47 
253980.60 
253980.73 
253980.86 
253980.99 
253981.11 
253981.24 
253981.37 
253981.49 
253981.62 
253981.75 
253981.88 
253982.01 
253982.14 
253982.27 
253982.40 
253982.53 
253982.65 
253982.78 
253982.91 
253983.04 
253983.17 
253983.29 
253983.42 
253983.57 
253983.69 
253983.82 
253983.95 
253984.08 
253984.20 
253984.33 
253984.46 
253984.58 
253984.71 
253984.84 
253984.97 
253985.10 
253985.23 
253985.35 
253985.50 
253985.63 
253985.76 
253985.89 
253986.02 
253986.15 
253986.28 
253986.41 
253986.53 
253986.66 
253986.79 
253986.92 
253987.05 
253987.18 
253987.31 
253987.44 
253987.57 
253987.69 
253987.82 
253987.95 
253988.08 
253988.20 
253988.33 
253988.46 
253988.59 
253988.71 
253988.84 
253988.97 
253989.10 
253989.22 
253989.35 
253989.48 
253989.61 
253989.74 
253989.86 
253989.99 
253990.12 
253990.26 
253990.39 
253990.52 
253990.65 
253990.78 
253990.91 
253991.04 
253991.16 
253991.29 
253991.42 
253991.55 
253991.68 
253991.81 
253991.93 
253992.06 
253992.19 
253992.32 
253992.45 
253992.57 
253992.70 
253992.83 
253992.96 
253993.08 
253993.21 
253993.34 
253993.47 
253993.60 
253993.72 
253993.85 
253993.98 
253994.11 
253994.24 
253994.36 
253994.49 
253994.62 
253994.75 
253994.88 
253995.01 
253995.14 
253995.26 
253995.39 
253995.52 
253995.65 
253995.77 
253995.90 
253996.03 
253996.16 
253996.29 
253996.42 
253996.55 
253996.68 
253996.81 
253996.93 
253997.06 
253997.19 
253997.32 
253997.45 
253997.58 
253997.71 
253997.84 
253997.97 
253998.09 
253998.22 
253998.35 
253998.47 
253998.61 
253998.73 
253998.86 
253998.99 
253999.12 
253999.25 
253999.37 
253999.50 
253999.63 
253999.75 
253999.88 
254000.01 
254000.14 
254000.27 
254000.39 
254000.52 
254000.65 
254000.77 
254000.90 
254001.03 
254001.16 
254001.29 
254001.42 
254001.55 
254001.67 
254001.80 
254001.93 
254002.06 
254002.19 
254002.32 
254002.45 
254002.57 
254002.70 
254002.83 
254002.96 
254003.09 
254003.21 
254003.34 
254003.47 
254003.60 
254003.73 
254003.85 
254003.98 
254004.11 
254004.24 
254004.36 
254004.49 
254004.62 
254004.75 
254004.88 
254005.01 
254005.15 
254005.28 
254005.40 
254005.53 
254005.66 
254005.79 
254005.92 
254006.04 
254006.17 
254006.30 
254006.43 
254006.55 
254006.68 
254006.81 
254006.94 
254007.07 
254007.20 
254007.33 
254007.45 
254007.58 
254007.71 
254007.84 
254007.96 
254008.09 
254008.22 
254008.35 
254008.48 
254008.61 
254008.73 
254008.86 
254008.99 
254009.12 
254009.25 
254009.37 
254009.50 
254009.63 
254009.76 
254009.88 
254010.01 
254010.14 
254010.27 
254010.40 
254010.53 
254010.65 
254010.78 
254010.91 
254011.04 
254011.16 
254011.29 
254011.42 
254011.55 
254011.68 
254011.81 
254011.93 
254012.06 
254012.19 
254012.32 
254012.44 
254012.57 
254012.70 
254012.83 
254012.96 
254013.09 
254013.22 
254013.35 
254013.47 
254013.61 
254013.74 
254013.87 
254014.00 
254014.13 
254014.26 
254014.39 
254014.52 
254014.65 
254014.78 
254014.91 
254015.04 
254015.17 
254015.30 
254015.43 
254015.56 
254015.69 
254015.82 
254015.95 
254016.07 
254016.20 
254016.33 
254016.46 
254016.58 
254016.71 
254016.84 
254016.97 
254017.09 
254017.23 
254017.35 
254017.48 
254017.61 
254017.76 
254017.89 
254018.02 
254018.15 
254018.27 
254018.41 
254018.54 
254018.66 
254018.79 
254018.92 
254019.05 
254019.18 
254019.31 
254019.43 
254019.56 
254019.70 
254019.83 
254019.96 
254020.08 
254020.21 
254020.34 
254020.47 
254020.59 
254020.72 
254020.85 
254020.97 
254021.10 
254021.23 
254021.36 
254021.48 
254021.61 
254021.74 
254021.87 
254022.00 
254022.13 
254022.25 
254022.38 
254022.51 
254022.64 
254022.76 
254022.89 
254023.02 
254023.15 
254023.28 
254023.41 
254023.54 
254023.67 
254023.80 
254023.93 
254024.06 
254024.18 
254024.31 
254024.44 
254024.57 
254024.70 
254024.83 
254024.96 
254025.08 
254025.21 
254025.34 
254025.47 
254025.60 
254025.73 
254025.85 
254025.98 
254026.11 
254026.24 
254026.37 
254026.49 
254026.62 
254026.75 
254026.88 
254027.01 
254027.14 
254027.26 
254027.39 
254027.52 
254027.65 
254027.78 
254027.91 
254028.04 
254028.17 
254028.30 
254028.43 
254028.55 
254028.68 
254028.81 
254028.94 
254029.07 
254029.20 
254029.33 
254029.45 
254029.58 
254029.71 
254029.84 
254029.96 
254030.09 
254030.22 
254030.35 
254030.48 
254030.61 
254030.75 
254030.87 
254031.01 
254031.14 
254031.26 
254031.39 
254031.53 
254031.66 
254031.79 
254031.92 
254032.05 
254032.17 
254032.30 
254032.43 
254032.56 
254032.69 
254032.82 
254032.94 
254033.07 
254033.20 
254033.33 
254033.45 
254033.58 
254033.71 
254033.84 
254033.97 
254034.11 
254034.24 
254034.37 
254034.49 
254034.62 
254034.75 
254034.88 
254035.02 
254035.15 
254035.28 
254035.41 
254035.53 
254035.66 
254035.79 
254035.92 
254036.05 
254036.19 
254036.33 
254036.46 
254036.58 
254036.71 
254036.85 
254036.98 
254037.11 
254037.24 
254037.37 
254037.50 
254037.63 
254037.76 
254037.88 
254038.01 
254038.14 
254038.27 
254038.39 
254038.52 
254038.65 
254038.78 
254038.91 
254039.03 
254039.16 
254039.29 
254039.42 
254039.55 
254039.67 
254039.80 
254039.93 
254040.06 
254040.19 
254040.32 
254040.45 
254040.57 
254040.70 
254040.83 
254040.96 
254041.08 
254041.21 
254041.34 
254041.47 
254041.59 
254041.73 
254041.85 
254041.98 
254042.11 
254042.24 
254042.37 
254042.51 
254042.64 
254042.77 
254042.90 
254043.03 
254043.16 
254043.29 
254043.42 
254043.55 
254043.67 
254043.80 
254043.92 
254044.05 
254044.18 
254044.31 
254044.44 
254044.57 
254044.69 
254044.83 
254044.95 
254045.08 
254045.21 
254045.34 
254045.47 
254045.60 
254045.73 
254045.85 
254045.98 
254046.11 
254046.24 
254046.37 
254046.49 
254046.62 
254046.75 
254046.87 
254047.00 
254047.13 
254047.26 
254047.39 
254047.52 
254047.65 
254047.77 
254047.90 
254048.03 
254048.16 
254048.28 
254048.41 
254048.54 
254048.67 
254048.80 
254048.92 
254049.05 
254049.18 
254049.31 
254049.44 
254049.56 
254049.69 
254049.82 
254049.95 
254050.08 
254050.21 
254050.33 
254050.46 
254050.60 
254050.74 
254050.86 
254050.99 
254051.12 
254051.25 
254051.37 
254051.50 
254051.63 
254051.76 
254051.88 
254052.01 
254052.14 
254052.27 
254052.40 
254052.53 
254052.65 
254052.78 
254052.91 
254053.04 
254053.16 
254053.29 
254053.42 
254053.55 
254053.68 
254053.81 
254053.93 
254054.06 
254054.19 
254054.33 
254054.46 
254054.59 
254054.72 
254054.85 
254054.97 
254055.10 
254055.23 
254055.36 
254055.49 
254055.61 
254055.74 
254055.87 
254056.00 
254056.13 
254056.25 
254056.38 
254056.51 
254056.64 
254056.77 
254056.89 
254057.02 
254057.15 
254057.28 
254057.41 
254057.54 
254057.66 
254057.79 
254057.92 
254058.05 
254058.17 
254058.30 
254058.43 
254058.56 
254058.69 
254058.81 
254058.94 
254059.07 
254059.20 
254059.33 
254059.45 
254059.58 
254059.71 
254059.84 
254059.97 
254060.09 
254060.22 
254060.35 
254060.47 
254060.60 
254060.74 
254060.87 
254061.00 
254061.13 
254061.26 
254061.38 
254061.51 
254061.64 
254061.77 
254061.90 
254062.02 
254062.15 
254062.28 
254062.41 
254062.54 
254062.67 
254062.79 
254062.92 
254063.05 
254063.18 
254063.31 
254063.45 
254063.58 
254063.70 
254063.83 
254063.96 
254064.08 
254064.21 
254064.34 
254064.47 
254064.60 
254064.73 
254064.86 
254064.98 
254065.11 
254065.24 
254065.37 
254065.50 
254065.63 
254065.76 
254065.88 
254066.01 
254066.14 
254066.26 
254066.39 
254066.52 
254066.65 
254066.77 
254066.90 
254067.03 
254067.16 
254067.29 
254067.42 
254067.55 
254067.68 
254067.81 
254067.93 
254068.06 
254068.19 
254068.33 
254068.46 
254068.59 
254068.72 
254068.85 
254068.97 
254069.10 
254069.23 
254069.36 
254069.49 
254069.62 
254069.75 
254069.87 
254070.00 
254070.13 
254070.26 
254070.39 
254070.52 
254070.65 
254070.78 
254070.91 
254071.03 
254071.16 
254071.29 
254071.42 
254071.55 
254071.68 
254071.80 
254071.93 
254072.06 
254072.19 
254072.32 
254072.44 
254072.57 
254072.70 
254072.83 
254072.96 
254073.10 
254073.23 
254073.36 
254073.48 
254073.61 
254073.74 
254073.87 
254074.00 
254074.13 
254074.25 
254074.38 
254074.51 
254074.64 
254074.76 
254074.89 
254075.02 
254075.15 
254075.28 
254075.41 
254075.53 
254075.66 
254075.79 
254075.92 
254076.05 
254076.17 
254076.30 
254076.43 
254076.56 
254076.68 
254076.81 
254076.94 
254077.08 
254077.20 
254077.33 
254077.45 
254077.58 
254077.71 
254077.84 
254077.96 
254078.09 
254078.22 
254078.35 
254078.48 
254078.61 
254078.73 
254078.86 
254078.99 
254079.12 
254079.25 
254079.37 
254079.50 
254079.63 
254079.76 
254079.89 
254080.01 
254080.14 
254080.28 
254080.41 
254080.54 
254080.67 
254080.80 
254080.93 
254081.05 
254081.18 
254081.31 
254081.44 
254081.57 
254081.69 
254081.82 
254081.95 
254082.08 
254082.21 
254082.34 
254082.47 
254082.60 
254082.73 
254082.87 
254083.00 
254083.13 
254083.26 
254083.39 
254083.52 
254083.65 
254083.77 
254083.90 
254084.03 
254084.16 
254084.28 
254084.41 
254084.55 
254084.67 
254084.81 
254084.95 
254085.08 
254085.21 
254085.34 
254085.47 
254085.60 
254085.72 
254085.85 
254085.99 
254086.12 
254086.25 
254086.38 
254086.51 
254086.63 
254086.76 
254086.89 
254087.02 
254087.15 
254087.28 
254087.41 
254087.53 
254087.66 
254087.79 
254087.92 
254088.05 
254088.17 
254088.30 
254088.43 
254088.55 
254088.68 
254088.81 
254088.93 
254089.06 
254089.19 
254089.32 
254089.46 
254089.59 
254089.72 
254089.85 
254089.97 
254090.10 
254090.23 
254090.36 
254090.51 
254090.64 
254090.77 
254090.89 
254091.02 
254091.15 
254091.28 
254091.40 
254091.53 
254091.66 
254091.79 
254091.92 
254092.05 
254092.17 
254092.30 
254092.43 
254092.56 
254092.68 
254092.81 
254092.94 
254093.07 
254093.21 
254093.34 
254093.47 
254093.60 
254093.72 
254093.85 
254093.98 
254094.11 
254094.24 
254094.36 
254094.49 
254094.62 
254094.75 
254094.88 
254095.01 
254095.13 
254095.26 
254095.38 
254095.51 
254095.64 
254095.77 
254095.90 
254096.03 
254096.15 
254096.28 
254096.41 
254096.54 
254096.67 
254096.81 
254096.94 
254097.07 
254097.22 
254097.35 
254097.47 
254097.60 
254097.73 
254097.86 
254097.99 
254098.12 
254098.25 
254098.37 
254098.51 
254098.63 
254098.76 
254098.89 
254099.02 
254099.15 
254099.27 
254099.40 
254099.53 
254099.66 
254099.78 
254099.91 
254100.04 
254100.17 
254100.29 
254100.42 
254100.55 
254100.68 
254100.81 
254100.94 
254101.06 
254101.19 
254101.32 
254101.45 
254101.57 
254101.70 
254101.83 
254101.96 
254102.09 
254102.22 
254102.35 
254102.48 
254102.61 
254102.74 
254102.86 
254102.99 
254103.12 
254103.25 
254103.37 
254103.50 
254103.63 
254103.76 
254103.88 
254104.01 
254104.14 
254104.27 
254104.40 
254104.52 
254104.65 
254104.78 
254104.91 
254105.04 
254105.16 
254105.29 
254105.42 
254105.55 
254105.68 
254105.81 
254105.93 
254106.06 
254106.19 
254106.32 
254106.45 
254106.57 
254106.70 
254106.83 
254106.96 
254107.08 
254107.22 
254107.35 
254107.47 
254107.60 
254107.73 
254107.86 
254107.99 
254108.12 
254108.25 
254108.38 
254108.50 
254108.63 
254108.76 
254108.89 
254109.02 
254109.15 
254109.28 
254109.42 
254109.54 
254109.67 
254109.80 
254109.93 
254110.06 
254110.18 
254110.31 
254110.44 
254110.57 
254110.69 
254110.82 
254110.95 
254111.08 
254111.21 
254111.34 
254111.47 
254111.59 
254111.72 
254111.85 
254111.98 
254112.11 
254112.24 
254112.38 
254112.51 
254112.64 
254112.76 
254112.89 
254113.02 
254113.15 
254113.28 
254113.41 
254113.54 
254113.66 
254113.79 
254113.92 
254114.06 
254114.19 
254114.32 
254114.45 
254114.57 
254114.70 
254114.83 
254114.96 
254115.08 
254115.21 
254115.34 
254115.47 
254115.60 
254115.72 
254115.85 
254115.98 
254116.10 
254116.23 
254116.36 
254116.49 
254116.61 
254116.74 
254116.87 
254117.00 
254117.13 
254117.26 
254117.38 
254117.51 
254117.64 
254117.77 
254117.90 
254118.03 
254118.16 
254118.28 
254118.41 
254118.55 
254118.68 
254118.81 
254118.93 
254119.06 
254119.19 
254119.31 
254119.45 
254119.57 
254119.70 
254119.83 
254119.96 
254120.09 
254120.22 
254120.35 
254120.48 
254120.61 
254120.73 
254120.86 
254120.99 
254121.12 
254121.25 
254121.37 
254121.50 
254121.63 
254121.76 
254121.88 
254122.01 
254122.14 
254122.27 
254122.40 
254122.53 
254122.65 
254122.78 
254122.91 
254123.04 
254123.16 
254123.29 
254123.42 
254123.55 
254123.68 
254123.81 
254123.93 
254124.06 
254124.19 
254124.32 
254124.45 
254124.57 
254124.70 
254124.83 
254124.96 
254125.08 
254125.21 
254125.34 
254125.47 
254125.60 
254125.73 
254125.85 
254125.98 
254126.11 
254126.24 
254126.37 
254126.50 
254126.62 
254126.75 
254126.88 
254127.01 
254127.14 
254127.26 
254127.39 
254127.52 
254127.64 
254127.77 
254127.90 
254128.05 
254128.17 
254128.30 
254128.43 
254128.55 
254128.68 
254128.81 
254128.94 
254129.07 
254129.19 
254129.33 
254129.45 
254129.58 
254129.71 
254129.85 
254129.98 
254130.11 
254130.24 
254130.36 
254130.49 
254130.62 
254130.75 
254130.88 
254131.01 
254131.14 
254131.26 
254131.39 
254131.52 
254131.65 
254131.77 
254131.90 
254132.03 
254132.16 
254132.28 
254132.41 
254132.54 
254132.67 
254132.80 
254132.93 
254133.05 
254133.18 
254133.31 
254133.43 
254133.56 
254133.69 
254133.81 
254133.94 
254134.07 
254134.20 
254134.33 
254134.46 
254134.59 
254134.72 
254134.86 
254134.99 
254135.11 
254135.24 
254135.37 
254135.50 
254135.63 
254135.75 
254135.88 
254136.01 
254136.14 
254136.27 
254136.40 
254136.53 
254136.65 
254136.78 
254136.91 
254137.04 
254137.16 
254137.29 
254137.42 
254137.54 
254137.67 
254137.80 
254137.93 
254138.06 
254138.19 
254138.32 
254138.44 
254138.57 
254138.70 
254138.83 
254138.96 
254139.08 
254139.21 
254139.34 
254139.47 
254139.59 
254139.72 
254139.85 
254139.98 
254140.11 
254140.24 
254140.36 
254140.49 
254140.62 
254140.75 
254140.88 
254141.00 
254141.13 
254141.26 
254141.39 
254141.52 
254141.64 
254141.77 
254141.90 
254142.03 
254142.16 
254142.29 
254142.41 
254142.56 
254142.69 
254142.81 
254142.94 
254143.07 
254143.20 
254143.32 
254143.45 
254143.58 
254143.71 
254143.84 
254143.97 
254144.09 
254144.22 
254144.35 
254144.48 
254144.60 
254144.73 
254144.86 
254144.98 
254145.11 
254145.24 
254145.37 
254145.49 
254145.62 
254145.75 
254145.88 
254146.01 
254146.16 
254146.28 
254146.41 
254146.54 
254146.67 
254146.80 
254146.92 
254147.05 
254147.18 
254147.31 
254147.44 
254147.57 
254147.71 
254147.84 
254147.97 
254148.10 
254148.23 
254148.36 
254148.49 
254148.61 
254148.74 
254148.86 
254148.99 
254149.12 
254149.25 
254149.38 
254149.51 
254149.63 
254149.76 
254149.89 
254150.02 
254150.15 
254150.28 
254150.41 
254150.53 
254150.66 
254150.79 
254150.92 
254151.05 
254151.19 
254151.32 
254151.45 
254151.58 
254151.71 
254151.84 
254151.96 
254152.09 
254152.22 
254152.35 
254152.48 
254152.61 
254152.74 
254152.87 
254152.99 
254153.12 
254153.25 
254153.38 
254153.51 
254153.64 
254153.76 
254153.89 
254154.02 
254154.15 
254154.28 
254154.41 
254154.54 
254154.67 
254154.79 
254154.92 
254155.05 
254155.18 
254155.30 
254155.43 
254155.56 
254155.69 
254155.82 
254155.95 
254156.07 
254156.20 
254156.33 
254156.46 
254156.59 
254156.72 
254156.85 
254156.97 
254157.10 
254157.23 
254157.36 
254157.48 
254157.61 
254157.74 
254157.87 
254158.00 
254158.13 
254158.25 
254158.38 
254158.51 
254158.63 
254158.76 
254158.89 
254159.03 
254159.16 
254159.29 
254159.42 
254159.55 
254159.68 
254159.81 
254159.95 
254160.07 
254160.20 
254160.33 
254160.45 
254160.58 
254160.71 
254160.84 
254160.97 
254161.10 
254161.23 
254161.36 
254161.48 
254161.61 
254161.74 
254161.87 
254162.00 
254162.12 
254162.25 
254162.38 
254162.51 
254162.64 
254162.77 
254162.91 
254163.04 
254163.17 
254163.30 
254163.43 
254163.56 
254163.69 
254163.81 
254163.94 
254164.07 
254164.20 
254164.33 
254164.46 
254164.58 
254164.71 
254164.84 
254164.97 
254165.10 
254165.23 
254165.35 
254165.48 
254165.61 
254165.74 
254165.87 
254166.00 
254166.13 
254166.25 
254166.38 
254166.51 
254166.64 
254166.76 
254166.89 
254167.02 
254167.15 
254167.28 
254167.41 
254167.53 
254167.68 
254167.80 
254167.93 
254168.06 
254168.19 
254168.32 
254168.44 
254168.57 
254168.70 
254168.83 
254168.95 
254169.08 
254169.21 
254169.34 
254169.47 
254169.59 
254169.72 
254169.85 
254169.98 
254170.11 
254170.24 
254170.36 
254170.49 
254170.62 
254170.74 
254170.87 
254171.00 
254171.14 
254171.27 
254171.40 
254171.53 
254171.66 
254171.79 
254171.92 
254172.05 
254172.17 
254172.30 
254172.43 
254172.56 
254172.68 
254172.81 
254172.94 
254173.07 
254173.20 
254173.33 
254173.45 
254173.58 
254173.71 
254173.84 
254173.96 
254174.09 
254174.22 
254174.35 
254174.48 
254174.60 
254174.73 
254174.86 
254174.99 
254175.12 
254175.25 
254175.37 
254175.50 
254175.63 
254175.76 
254175.89 
254176.01 
254176.14 
254176.27 
254176.40 
254176.53 
254176.65 
254176.78 
254176.91 
254177.04 
254177.16 
254177.29 
254177.42 
254177.55 
254177.68 
254177.81 
254177.94 
254178.06 
254178.19 
254178.32 
254178.45 
254178.57 
254178.70 
254178.83 
254178.96 
254179.08 
254179.21 
254179.34 
254179.47 
254179.60 
254179.73 
254179.85 
254179.98 
254180.11 
254180.24 
254180.37 
254180.49 
254180.62 
254180.75 
254180.88 
254181.01 
254181.13 
254181.26 
254181.39 
254181.52 
254181.65 
254181.77 
254181.90 
254182.03 
254182.16 
254182.29 
254182.41 
254182.54 
254182.67 
254182.80 
254182.93 
254183.05 
254183.20 
254183.33 
254183.45 
254183.58 
254183.71 
254183.84 
254183.97 
254184.09 
254184.22 
254184.35 
254184.50 
254184.62 
254184.75 
254184.88 
254185.01 
254185.14 
254185.26 
254185.39 
254185.52 
254185.65 
254185.77 
254185.90 
254186.03 
254186.16 
254186.28 
254186.41 
254186.54 
254186.67 
254186.80 
254186.93 
254187.05 
254187.19 
254187.32 
254187.45 
254187.57 
254187.70 
254187.83 
254187.96 
254188.09 
254188.22 
254188.35 
254188.48 
254188.61 
254188.73 
254188.86 
254188.99 
254189.12 
254189.25 
254189.37 
254189.50 
254189.63 
254189.76 
254189.88 
254190.01 
254190.14 
254190.27 
254190.40 
254190.53 
254190.65 
254190.78 
254190.91 
254191.04 
254191.17 
254191.29 
254191.42 
254191.55 
254191.68 
254191.81 
254191.93 
254192.06 
254192.19 
254192.32 
254192.45 
254192.57 
254192.70 
254192.83 
254192.96 
254193.08 
254193.21 
254193.34 
254193.49 
254193.61 
254193.74 
254193.87 
254194.00 
254194.13 
254194.25 
254194.38 
254194.51 
254194.64 
254194.77 
254194.89 
254195.02 
254195.15 
254195.28 
254195.40 
254195.53 
254195.66 
254195.79 
254195.92 
254196.05 
254196.17 
254196.30 
254196.43 
254196.56 
254196.68 
254196.81 
254196.94 
254197.07 
254197.20 
254197.33 
254197.45 
254197.58 
254197.71 
254197.83 
254197.96 
254198.09 
254198.21 
254198.34 
254198.47 
254198.60 
254198.73 
254198.86 
254198.98 
254199.11 
254199.24 
254199.37 
254199.49 
254199.62 
254199.75 
254199.88 
254200.01 
254200.14 
254200.27 
254200.40 
254200.53 
254200.65 
254200.78 
254200.91 
254201.04 
254201.17 
254201.29 
254201.42 
254201.55 
254201.68 
254201.80 
254201.93 
254202.06 
254202.19 
254202.32 
254202.45 
254202.57 
254202.70 
254202.83 
254202.96 
254203.08 
254203.21 
254203.34 
254203.47 
254203.60 
254203.72 
254203.85 
254203.98 
254204.11 
254204.24 
254204.36 
254204.49 
254204.62 
254204.75 
254204.88 
254205.00 
254205.13 
254205.26 
254205.39 
254205.53 
254205.66 
254205.79 
254205.92 
254206.05 
254206.17 
254206.30 
254206.43 
254206.56 
254206.68 
254206.81 
254206.94 
254207.07 
254207.20 
254207.33 
254207.45 
254207.58 
254207.71 
254207.83 
254207.96 
254208.09 
254208.22 
254208.35 
254208.48 
254208.60 
254208.73 
254208.86 
254208.99 
254209.12 
254209.25 
254209.38 
254209.51 
254209.64 
254209.77 
254209.90 
254210.03 
254210.15 
254210.28 
254210.41 
254210.54 
254210.67 
254210.79 
254210.92 
254211.05 
254211.18 
254211.31 
254211.44 
254211.57 
254211.69 
254211.82 
254211.95 
254212.08 
254212.20 
254212.33 
254212.46 
254212.59 
254212.72 
254212.85 
254212.98 
254213.11 
254213.24 
254213.37 
254213.50 
254213.62 
254213.75 
254213.88 
254214.01 
254214.14 
254214.27 
254214.39 
254214.53 
254214.65 
254214.78 
254214.91 
254215.04 
254215.17 
254215.29 
254215.42 
254215.55 
254215.68 
254215.81 
254215.94 
254216.06 
254216.19 
254216.32 
254216.44 
254216.57 
254216.70 
254216.84 
254216.98 
254217.11 
254217.24 
254217.37 
254217.49 
254217.62 
254217.75 
254217.89 
254218.01 
254218.14 
254218.27 
254218.40 
254218.53 
254218.65 
254218.78 
254218.91 
254219.03 
254219.16 
254219.29 
254219.42 
254219.55 
254219.68 
254219.80 
254219.93 
254220.06 
254220.19 
254220.32 
254220.45 
254220.59 
254220.72 
254220.85 
254220.98 
254221.11 
254221.24 
254221.37 
254221.50 
254221.63 
254221.76 
254221.89 
254222.01 
254222.14 
254222.27 
254222.40 
254222.53 
254222.65 
254222.78 
254222.91 
254223.04 
254223.17 
254223.29 
254223.42 
254223.55 
254223.68 
254223.81 
254223.94 
254224.06 
254224.19 
254224.32 
254224.45 
254224.57 
254224.70 
254224.83 
254224.96 
254225.08 
254225.21 
254225.34 
254225.47 
254225.60 
254225.73 
254225.85 
254225.98 
254226.11 
254226.24 
254226.37 
254226.49 
254226.62 
254226.75 
254226.88 
254227.01 
254227.13 
254227.26 
254227.39 
254227.52 
254227.65 
254227.77 
254227.90 
254228.05 
254228.17 
254228.30 
254228.43 
254228.56 
254228.68 
254228.81 
254228.95 
254229.08 
254229.21 
254229.34 
254229.47 
254229.60 
254229.73 
254229.85 
254229.98 
254230.11 
254230.24 
254230.36 
254230.49 
254230.62 
254230.75 
254230.88 
254231.00 
254231.13 
254231.26 
254231.39 
254231.52 
254231.65 
254231.77 
254231.90 
254232.03 
254232.16 
254232.29 
254232.41 
254232.54 
254232.67 
254232.80 
254232.92 
254233.05 
254233.18 
254233.31 
254233.43 
254233.58 
254233.71 
254233.84 
254233.96 
254234.09 
254234.22 
254234.36 
254234.49 
254234.62 
254234.74 
254234.87 
254235.00 
254235.13 
254235.26 
254235.38 
254235.51 
254235.64 
254235.77 
254235.89 
254236.02 
254236.15 
254236.30 
254236.43 
254236.56 
254236.69 
254236.82 
254236.95 
254237.08 
254237.21 
254237.34 
254237.46 
254237.59 
254237.72 
254237.85 
254237.98 
254238.11 
254238.24 
254238.37 
254238.49 
254238.62 
254238.75 
254238.87 
254239.00 
254239.13 
254239.25 
254239.38 
254239.51 
254239.64 
254239.76 
254239.90 
254240.03 
254240.15 
254240.28 
254240.41 
254240.54 
254240.67 
254240.80 
254240.93 
254241.05 
254241.18 
254241.31 
254241.44 
254241.57 
254241.69 
254241.82 
254241.95 
254242.08 
254242.21 
254242.33 
254242.46 
254242.59 
254242.72 
254242.85 
254242.97 
254243.10 
254243.23 
254243.36 
254243.48 
254243.61 
254243.74 
254243.87 
254244.00 
254244.13 
254244.25 
254244.38 
254244.51 
254244.64 
254244.76 
254244.89 
254245.02 
254245.15 
254245.28 
254245.41 
254245.54 
254245.68 
254245.80 
254245.95 
254246.06 
254246.19 
254246.32 
254246.45 
254246.57 
254246.70 
254246.83 
254246.96 
254247.08 
254247.21 
254247.34 
254247.47 
254247.61 
254247.74 
254247.87 
254248.00 
254248.13 
254248.25 
254248.38 
254248.51 
254248.64 
254248.77 
254248.90 
254249.05 
254249.17 
254249.30 
254249.43 
254249.56 
254249.69 
254249.81 
254249.94 
254250.06 
254250.19 
254250.32 
254250.45 
254250.57 
254250.70 
254250.83 
254250.96 
254251.08 
254251.21 
254251.34 
254251.47 
254251.60 
254251.73 
254251.85 
254251.98 
254252.11 
254252.24 
254252.36 
254252.49 
254252.62 
254252.75 
254252.87 
254253.00 
254253.13 
254253.26 
254253.39 
254253.52 
254253.64 
254253.77 
254253.90 
254254.03 
254254.16 
254254.28 
254254.41 
254254.54 
254254.67 
254254.80 
254254.93 
254255.05 
254255.19 
254255.33 
254255.45 
254255.58 
254255.71 
254255.84 
254255.96 
254256.09 
254256.22 
254256.35 
254256.48 
254256.61 
254256.73 
254256.86 
254256.99 
254257.12 
254257.25 
254257.37 
254257.50 
254257.63 
254257.76 
254257.88 
254258.01 
254258.13 
254258.25 
254258.38 
254258.51 
254258.64 
254258.76 
254258.89 
254259.02 
254259.15 
254259.28 
254259.40 
254259.53 
254259.66 
254259.78 
254259.91 
254260.04 
254260.17 
254260.30 
254260.42 
254260.55 
254260.68 
254260.81 
254260.94 
254261.06 
254261.19 
254261.32 
254261.45 
254261.58 
254261.73 
254261.85 
254261.98 
254262.11 
254262.24 
254262.37 
254262.49 
254262.62 
254262.75 
254262.88 
254263.01 
254263.14 
254263.26 
254263.39 
254263.52 
254263.65 
254263.77 
254263.90 
254264.03 
254264.16 
254264.28 
254264.41 
254264.54 
254264.66 
254264.79 
254264.92 
254265.05 
254265.18 
254265.31 
254265.44 
254265.56 
254265.69 
254265.82 
254265.95 
254266.07 
254266.20 
254266.33 
254266.46 
254266.59 
254266.73 
254266.87 
254266.99 
254267.12 
254267.25 
254267.38 
254267.51 
254267.64 
254267.77 
254267.90 
254268.03 
254268.16 
254268.29 
254268.41 
254268.54 
254268.67 
254268.80 
254268.92 
254269.05 
254269.18 
254269.30 
254269.43 
254269.56 
254269.68 
254269.81 
254269.94 
254270.07 
254270.20 
254270.33 
254270.46 
254270.59 
254270.72 
254270.85 
254270.97 
254271.10 
254271.23 
254271.36 
254271.48 
254271.61 
254271.74 
254271.87 
254272.00 
254272.13 
254272.25 
254272.38 
254272.51 
254272.64 
254272.76 
254272.89 
254273.02 
254273.15 
254273.28 
254273.41 
254273.54 
254273.66 
254273.79 
254273.92 
254274.05 
254274.17 
254274.30 
254274.43 
254274.56 
254274.68 
254274.81 
254274.94 
254275.07 
254275.20 
254275.34 
254275.47 
254275.60 
254275.73 
254275.85 
254275.98 
254276.11 
254276.24 
254276.36 
254276.49 
254276.62 
254276.75 
254276.87 
254277.01 
254277.13 
254277.26 
254277.39 
254277.51 
254277.64 
254277.77 
254277.90 
254278.03 
254278.16 
254278.28 
254278.41 
254278.54 
254278.67 
254278.80 
254278.92 
254279.05 
254279.20 
254279.33 
254279.46 
254279.59 
254279.72 
254279.85 
254279.97 
254280.10 
254280.23 
254280.36 
254280.49 
254280.62 
254280.74 
254280.87 
254281.00 
254281.13 
254281.26 
254281.38 
254281.51 
254281.64 
254281.77 
254281.90 
254282.03 
254282.15 
254282.28 
254282.41 
254282.54 
254282.66 
254282.79 
254282.92 
254283.05 
254283.18 
254283.30 
254283.43 
254283.56 
254283.69 
254283.82 
254283.95 
254284.08 
254284.21 
254284.33 
254284.46 
254284.59 
254284.72 
254284.85 
254284.97 
254285.10 
254285.23 
254285.36 
254285.48 
254285.61 
254285.74 
254285.87 
254286.00 
254286.13 
254286.25 
254286.38 
254286.51 
254286.64 
254286.76 
254286.89 
254287.02 
254287.15 
254287.28 
254287.41 
254287.54 
254287.66 
254287.79 
254287.92 
254288.05 
254288.17 
254288.31 
254288.43 
254288.57 
254288.70 
254288.82 
254288.94 
254289.07 
254289.20 
254289.33 
254289.45 
254289.58 
254289.71 
254289.84 
254289.96 
254290.09 
254290.22 
254290.35 
254290.48 
254290.61 
254290.73 
254290.86 
254290.99 
254291.12 
254291.25 
254291.37 
254291.50 
254291.62 
254291.75 
254291.88 
254292.00 
254292.13 
254292.26 
254292.39 
254292.52 
254292.65 
254292.78 
254292.90 
254293.03 
254293.16 
254293.29 
254293.42 
254293.55 
254293.68 
254293.81 
254293.93 
254294.06 
254294.19 
254294.32 
254294.45 
254294.57 
254294.70 
254294.83 
254294.96 
254295.09 
254295.21 
254295.34 
254295.47 
254295.60 
254295.73 
254295.85 
254295.98 
254296.11 
254296.24 
254296.36 
254296.49 
254296.62 
254296.75 
254296.88 
254297.01 
254297.13 
254297.26 
254297.39 
254297.52 
254297.65 
254297.77 
254297.90 
254298.03 
254298.16 
254298.28 
254298.41 
254298.54 
254298.67 
254298.80 
254298.92 
254299.06 
254299.19 
254299.34 
254299.47 
254299.59 
254299.72 
254299.85 
254299.98 
254300.10 
254300.23 
254300.36 
254300.49 
254300.62 
254300.75 
254300.87 
254301.01 
254301.13 
254301.26 
254301.39 
254301.52 
254301.65 
254301.77 
254301.90 
254302.03 
254302.16 
254302.29 
254302.41 
254302.54 
254302.67 
254302.80 
254302.93 
254303.05 
254303.18 
254303.31 
254303.43 
254303.56 
254303.68 
254303.81 
254303.94 
254304.06 
254304.19 
254304.32 
254304.45 
254304.57 
254304.70 
254304.83 
254304.96 
254305.09 
254305.22 
254305.34 
254305.47 
254305.60 
254305.73 
254305.85 
254305.98 
254306.11 
254306.24 
254306.37 
254306.49 
254306.62 
254306.75 
254306.88 
254307.01 
254307.14 
254307.27 
254307.40 
254307.53 
254307.66 
254307.79 
254307.92 
254308.05 
254308.17 
254308.30 
254308.43 
254308.55 
254308.68 
254308.81 
254308.94 
254309.07 
254309.19 
254309.32 
254309.45 
254309.57 
254309.70 
254309.83 
254309.96 
254310.09 
254310.22 
254310.35 
254310.48 
254310.61 
254310.74 
254310.86 
254310.99 
254311.13 
254311.26 
254311.39 
254311.51 
254311.64 
254311.76 
254311.89 
254312.02 
254312.15 
254312.30 
254312.43 
254312.56 
254312.68 
254312.81 
254312.94 
254313.07 
254313.20 
254313.32 
254313.45 
254313.59 
254313.72 
254313.85 
254313.98 
254314.11 
254314.24 
254314.37 
254314.49 
254314.63 
254314.76 
254314.89 
254315.02 
254315.15 
254315.27 
254315.40 
254315.53 
254315.66 
254315.79 
254315.92 
254316.05 
254316.17 
254316.30 
254316.43 
254316.56 
254316.69 
254316.81 
254316.94 
254317.07 
254317.20 
254317.33 
254317.45 
254317.58 
254317.71 
254317.84 
254317.97 
254318.09 
254318.22 
254318.35 
254318.47 
254318.61 
254318.74 
254318.87 
254319.00 
254319.13 
254319.25 
254319.38 
254319.51 
254319.64 
254319.77 
254319.89 
254320.03 
254320.15 
254320.28 
254320.41 
254320.54 
254320.67 
254320.79 
254320.92 
254321.04 
254321.17 
254321.30 
254321.43 
254321.56 
254321.69 
254321.81 
254321.94 
254322.07 
254322.20 
254322.33 
254322.46 
254322.58 
254322.71 
254322.85 
254322.97 
254323.10 
254323.23 
254323.36 
254323.49 
254323.62 
254323.74 
254323.87 
254324.00 
254324.13 
254324.25 
254324.38 
254324.51 
254324.64 
254324.77 
254324.89 
254325.02 
254325.15 
254325.28 
254325.40 
254325.53 
254325.66 
254325.79 
254325.91 
254326.04 
254326.17 
254326.30 
254326.43 
254326.56 
254326.69 
254326.81 
254326.94 
254327.07 
254327.20 
254327.33 
254327.45 
254327.58 
254327.71 
254327.85 
254327.98 
254328.11 
254328.24 
254328.36 
254328.49 
254328.62 
254328.75 
254328.88 
254329.01 
254329.13 
254329.26 
254329.39 
254329.52 
254329.64 
254329.77 
254329.90 
254330.03 
254330.17 
254330.30 
254330.43 
254330.55 
254330.68 
254330.81 
254330.94 
254331.07 
254331.20 
254331.33 
254331.45 
254331.58 
254331.71 
254331.84 
254331.97 
254332.09 
254332.22 
254332.35 
254332.48 
254332.61 
254332.73 
254332.86 
254332.99 
254333.12 
254333.25 
254333.37 
254333.50 
254333.63 
254333.76 
254333.88 
254334.01 
254334.14 
254334.27 
254334.40 
254334.53 
254334.65 
254334.78 
254334.91 
254335.04 
254335.17 
254335.29 
254335.42 
254335.56 
254335.69 
254335.82 
254335.95 
254336.07 
254336.20 
254336.33 
254336.46 
254336.58 
254336.71 
254336.84 
254336.97 
254337.10 
254337.23 
254337.36 
254337.48 
254337.61 
254337.74 
254337.87 
254337.99 
254338.12 
254338.25 
254338.38 
254338.51 
254338.63 
254338.76 
254338.89 
254339.02 
254339.15 
254339.28 
254339.41 
254339.53 
254339.66 
254339.80 
254339.93 
254340.07 
254340.20 
254340.33 
254340.46 
254340.58 
254340.71 
254340.84 
254340.97 
254341.10 
254341.23 
254341.36 
254341.48 
254341.61 
254341.74 
254341.87 
254342.00 
254342.13 
254342.25 
254342.38 
254342.51 
254342.63 
254342.76 
254342.89 
254343.02 
254343.15 
254343.28 
254343.41 
254343.53 
254343.66 
254343.81 
254343.94 
254344.06 
254344.19 
254344.32 
254344.45 
254344.57 
254344.70 
254344.83 
254344.96 
254345.09 
254345.23 
254345.36 
254345.48 
254345.61 
254345.74 
254345.87 
254346.00 
254346.13 
254346.25 
254346.38 
254346.51 
254346.64 
254346.76 
254346.89 
254347.02 
254347.15 
254347.28 
254347.42 
254347.55 
254347.68 
254347.82 
254347.95 
254348.08 
254348.22 
254348.35 
254348.48 
254348.60 
254348.73 
254348.85 
254348.98 
254349.11 
254349.24 
254349.37 
254349.50 
254349.63 
254349.76 
254349.88 
254350.01 
254350.14 
254350.27 
254350.40 
254350.53 
254350.65 
254350.78 
254350.91 
254351.04 
254351.17 
254351.29 
254351.42 
254351.55 
254351.68 
254351.81 
254351.93 
254352.06 
254352.19 
254352.32 
254352.45 
254352.57 
254352.70 
254352.83 
254352.96 
254353.09 
254353.21 
254353.34 
254353.47 
254353.60 
254353.72 
254353.85 
254353.98 
254354.11 
254354.24 
254354.36 
254354.49 
254354.62 
254354.75 
254354.88 
254355.01 
254355.15 
254355.30 
254355.43 
254355.56 
254355.69 
254355.81 
254355.94 
254356.08 
254356.22 
254356.37 
254356.49 
254356.62 
254356.75 
254356.88 
254357.01 
254357.13 
254357.26 
254357.39 
254357.52 
254357.65 
254357.77 
254357.90 
254358.03 
254358.15 
254358.28 
254358.41 
254358.54 
254358.67 
254358.80 
254358.92 
254359.05 
254359.18 
254359.31 
254359.44 
254359.56 
254359.69 
254359.82 
254359.95 
254360.08 
254360.21 
254360.33 
254360.46 
254360.59 
254360.72 
254360.85 
254360.97 
254361.10 
254361.23 
254361.36 
254361.48 
254361.61 
254361.74 
254361.87 
254362.00 
254362.13 
254362.25 
254362.38 
254362.51 
254362.64 
254362.76 
254362.89 
254363.02 
254363.15 
254363.28 
254363.41 
254363.53 
254363.66 
254363.79 
254363.92 
254364.05 
254364.17 
254364.30 
254364.43 
254364.56 
254364.69 
254364.81 
254364.94 
254365.07 
254365.20 
254365.33 
254365.45 
254365.58 
254365.71 
254365.84 
254365.96 
254366.09 
254366.22 
254366.35 
254366.48 
254366.61 
254366.74 
254366.86 
254366.99 
254367.12 
254367.25 
254367.38 
254367.51 
254367.64 
254367.77 
254367.90 
254368.03 
254368.16 
254368.28 
254368.41 
254368.54 
254368.67 
254368.80 
254368.92 
254369.05 
254369.18 
254369.31 
254369.44 
254369.56 
254369.69 
254369.82 
254369.94 
254370.07 
254370.20 
254370.33 
254370.46 
254370.59 
254370.72 
254370.85 
254370.97 
254371.10 
254371.23 
254371.36 
254371.49 
254371.63 
254371.76 
254371.88 
254372.01 
254372.14 
254372.27 
254372.40 
254372.53 
254372.65 
254372.78 
254372.91 
254373.04 
254373.17 
254373.29 
254373.42 
254373.55 
254373.68 
254373.80 
254373.93 
254374.06 
254374.19 
254374.32 
254374.45 
254374.57 
254374.70 
254374.83 
254374.96 
254375.09 
254375.23 
254375.35 
254375.48 
254375.61 
254375.74 
254375.86 
254375.99 
254376.12 
254376.25 
254376.38 
254376.51 
254376.64 
254376.76 
254376.89 
254377.02 
254377.15 
254377.28 
254377.41 
254377.54 
254377.66 
254377.79 
254377.92 
254378.04 
254378.17 
254378.31 
254378.44 
254378.57 
254378.69 
254378.82 
254378.95 
254379.08 
254379.21 
254379.34 
254379.47 
254379.59 
254379.72 
254379.85 
254379.98 
254380.11 
254380.24 
254380.37 
254380.49 
254380.62 
254380.74 
254380.87 
254381.00 
254381.13 
254381.26 
254381.39 
254381.52 
254381.66 
254381.79 
254381.92 
254382.04 
254382.17 
254382.29 
254382.44 
254382.57 
254382.69 
254382.82 
254382.95 
254383.08 
254383.21 
254383.34 
254383.47 
254383.60 
254383.73 
254383.85 
254383.98 
254384.11 
254384.24 
254384.36 
254384.49 
254384.62 
254384.75 
254384.88 
254385.01 
254385.13 
254385.26 
254385.40 
254385.53 
254385.66 
254385.79 
254385.91 
254386.04 
254386.17 
254386.29 
254386.42 
254386.55 
254386.68 
254386.81 
254386.93 
254387.06 
254387.19 
254387.32 
254387.45 
254387.58 
254387.71 
254387.84 
254387.96 
254388.09 
254388.22 
254388.35 
254388.48 
254388.61 
254388.74 
254388.86 
254388.99 
254389.12 
254389.25 
254389.37 
254389.50 
254389.63 
254389.76 
254389.89 
254390.01 
254390.14 
254390.27 
254390.40 
254390.53 
254390.65 
254390.78 
254390.91 
254391.04 
254391.16 
254391.29 
254391.42 
254391.55 
254391.68 
254391.81 
254391.93 
254392.06 
254392.19 
254392.33 
254392.46 
254392.59 
254392.72 
254392.85 
254392.97 
254393.10 
254393.23 
254393.36 
254393.48 
254393.61 
254393.74 
254393.87 
254394.00 
254394.13 
254394.25 
254394.39 
254394.52 
254394.65 
254394.78 
254394.91 
254395.04 
254395.16 
254395.29 
254395.42 
254395.55 
254395.69 
254395.82 
254395.95 
254396.07 
254396.20 
254396.33 
254396.46 
254396.58 
254396.71 
254396.84 
254396.97 
254397.09 
254397.22 
254397.35 
254397.48 
254397.61 
254397.74 
254397.87 
254397.99 
254398.12 
254398.25 
254398.38 
254398.51 
254398.64 
254398.76 
254398.89 
254399.02 
254399.15 
254399.27 
254399.40 
254399.53 
254399.66 
254399.79 
254399.92 
254400.04 
254400.17 
254400.30 
254400.43 
254400.56 
254400.69 
254400.81 
254400.94 
254401.07 
254401.20 
254401.33 
254401.45 
254401.58 
254401.73 
254401.85 
254401.98 
254402.11 
254402.24 
254402.36 
254402.49 
254402.62 
254402.75 
254402.88 
254403.01 
254403.13 
254403.26 
254403.39 
254403.52 
254403.65 
254403.77 
254403.90 
254404.03 
254404.16 
254404.31 
254404.44 
254404.57 
254404.69 
254404.83 
254404.95 
254405.07 
254405.20 
254405.33 
254405.46 
254405.59 
254405.72 
254405.85 
254405.98 
254406.10 
254406.23 
254406.36 
254406.49 
254406.62 
254406.75 
254406.89 
254407.02 
254407.15 
254407.28 
254407.41 
254407.54 
254407.67 
254407.79 
254407.94 
254408.07 
254408.19 
254408.32 
254408.45 
254408.57 
254408.70 
254408.83 
254408.95 
254409.08 
254409.20 
254409.33 
254409.46 
254409.58 
254409.71 
254409.84 
254409.96 
254410.09 
254410.22 
254410.35 
254410.48 
254410.61 
254410.74 
254410.86 
254410.99 
254411.12 
254411.25 
254411.37 
254411.50 
254411.63 
254411.76 
254411.88 
254412.01 
254412.14 
254412.27 
254412.40 
254412.53 
254412.66 
254412.79 
254412.92 
254413.05 
254413.17 
254413.30 
254413.43 
254413.56 
254413.71 
254413.84 
254413.96 
254414.09 
254414.22 
254414.35 
254414.48 
254414.60 
254414.73 
254414.86 
254414.98 
254415.11 
254415.24 
254415.37 
254415.50 
254415.63 
254415.77 
254415.90 
254416.03 
254416.15 
254416.28 
254416.41 
254416.54 
254416.67 
254416.79 
254416.92 
254417.04 
254417.17 
254417.30 
254417.43 
254417.56 
254417.69 
254417.82 
254417.95 
254418.07 
254418.20 
254418.33 
254418.45 
254418.58 
254418.71 
254418.84 
254418.96 
254419.09 
254419.22 
254419.35 
254419.47 
254419.59 
254419.72 
254419.85 
254419.98 
254420.11 
254420.23 
254420.36 
254420.49 
254420.62 
254420.76 
254420.89 
254421.02 
254421.14 
254421.27 
254421.40 
254421.53 
254421.66 
254421.79 
254421.92 
254422.05 
254422.17 
254422.30 
254422.45 
254422.57 
254422.70 
254422.83 
254422.96 
254423.09 
254423.21 
254423.34 
254423.47 
254423.60 
254423.73 
254423.85 
254423.98 
254424.11 
254424.24 
254424.37 
254424.49 
254424.62 
254424.76 
254424.89 
254425.02 
254425.15 
254425.28 
254425.41 
254425.54 
254425.67 
254425.79 
254425.92 
254426.05 
254426.18 
254426.31 
254426.44 
254426.57 
254426.69 
254426.82 
254426.95 
254427.08 
254427.21 
254427.34 
254427.47 
254427.60 
254427.72 
254427.85 
254427.98 
254428.11 
254428.24 
254428.36 
254428.49 
254428.61 
254428.74 
254428.87 
254429.00 
254429.13 
254429.25 
254429.38 
254429.51 
254429.64 
254429.77 
254429.90 
254430.02 
254430.15 
254430.28 
254430.41 
254430.54 
254430.66 
254430.79 
254430.92 
254431.05 
254431.18 
254431.31 
254431.43 
254431.56 
254431.69 
254431.82 
254431.95 
254432.08 
254432.20 
254432.33 
254432.46 
254432.59 
254432.72 
254432.85 
254432.97 
254433.10 
254433.23 
254433.36 
254433.49 
254433.61 
254433.74 
254433.87 
254434.02 
254434.14 
254434.27 
254434.40 
254434.53 
254434.65 
254434.78 
254434.91 
254435.04 
254435.16 
254435.29 
254435.42 
254435.55 
254435.68 
254435.81 
254435.93 
254436.06 
254436.19 
254436.32 
254436.45 
254436.57 
254436.70 
254436.83 
254436.96 
254437.09 
254437.22 
254437.35 
254437.48 
254437.61 
254437.74 
254437.87 
254438.00 
254438.13 
254438.26 
254438.39 
254438.52 
254438.65 
254438.79 
254438.92 
254439.04 
254439.17 
254439.30 
254439.43 
254439.56 
254439.68 
254439.81 
254439.94 
254440.07 
254440.19 
254440.32 
254440.45 
254440.57 
254440.72 
254440.85 
254440.99 
254441.12 
254441.25 
254441.38 
254441.51 
254441.64 
254441.77 
254441.89 
254442.03 
254442.15 
254442.28 
254442.41 
254442.54 
254442.66 
254442.79 
254442.92 
254443.05 
254443.18 
254443.31 
254443.43 
254443.56 
254443.69 
254443.82 
254443.94 
254444.07 
254444.20 
254444.33 
254444.46 
254444.58 
254444.71 
254444.84 
254444.97 
254445.10 
254445.23 
254445.36 
254445.48 
254445.61 
254445.74 
254445.87 
254446.00 
254446.12 
254446.25 
254446.38 
254446.51 
254446.64 
254446.77 
254446.89 
254447.02 
254447.15 
254447.28 
254447.40 
254447.53 
254447.66 
254447.79 
254447.92 
254448.05 
254448.19 
254448.33 
254448.46 
254448.58 
254448.71 
254448.84 
254448.97 
254449.09 
254449.22 
254449.35 
254449.47 
254449.60 
254449.73 
254449.86 
254449.99 
254450.12 
254450.25 
254450.37 
254450.51 
254450.63 
254450.76 
254450.89 
254451.03 
254451.16 
254451.29 
254451.41 
254451.54 
254451.67 
254451.80 
254451.93 
254452.06 
254452.18 
254452.31 
254452.43 
254452.55 
254452.68 
254452.81 
254452.94 
254453.07 
254453.20 
254453.32 
254453.45 
254453.57 
254453.70 
254453.84 
254453.96 
254454.09 
254454.22 
254454.35 
254454.48 
254454.61 
254454.73 
254454.86 
254454.99 
254455.11 
254455.24 
254455.37 
254455.50 
254455.62 
254455.75 
254455.89 
254456.02 
254456.15 
254456.27 
254456.40 
254456.53 
254456.66 
254456.79 
254456.92 
254457.05 
254457.18 
254457.30 
254457.43 
254457.56 
254457.69 
254457.81 
254457.94 
254458.07 
254458.20 
254458.32 
254458.45 
254458.58 
254458.71 
254458.84 
254458.96 
254459.09 
254459.23 
254459.36 
254459.48 
254459.61 
254459.74 
254459.87 
254459.99 
254460.12 
254460.25 
254460.38 
254460.50 
254460.63 
254460.76 
254460.88 
254461.02 
254461.15 
254461.27 
254461.40 
254461.53 
254461.66 
254461.79 
254461.92 
254462.05 
254462.17 
254462.30 
254462.43 
254462.56 
254462.68 
254462.82 
254462.95 
254463.08 
254463.21 
254463.34 
254463.46 
254463.59 
254463.72 
254463.85 
254463.98 
254464.11 
254464.23 
254464.36 
254464.49 
254464.62 
254464.75 
254464.87 
254465.01 
254465.14 
254465.26 
254465.39 
254465.52 
254465.65 
254465.77 
254465.90 
254466.03 
254466.16 
254466.28 
254466.41 
254466.54 
254466.67 
254466.80 
254466.92 
254467.05 
254467.17 
254467.30 
254467.43 
254467.56 
254467.69 
254467.82 
254467.95 
254468.09 
254468.22 
254468.35 
254468.47 
254468.60 
254468.73 
254468.86 
254468.98 
254469.11 
254469.25 
254469.37 
254469.49 
254469.62 
254469.75 
254469.88 
254470.01 
254470.14 
254470.27 
254470.40 
254470.53 
254470.65 
254470.78 
254470.91 
254471.04 
254471.16 
254471.29 
254471.41 
254471.55 
254471.67 
254471.80 
254471.92 
254472.05 
254472.18 
254472.31 
254472.44 
254472.57 
254472.70 
254472.83 
254472.95 
254473.08 
254473.21 
254473.34 
254473.47 
254473.60 
254473.73 
254473.85 
254473.98 
254474.11 
254474.24 
254474.37 
254474.49 
254474.62 
254474.75 
254474.87 
254475.01 
254475.13 
254475.26 
254475.39 
254475.52 
254475.65 
254475.77 
254475.90 
254476.03 
254476.16 
254476.28 
254476.41 
254476.54 
254476.67 
254476.80 
254476.93 
254477.05 
254477.18 
254477.31 
254477.44 
254477.56 
254477.69 
254477.82 
254477.96 
254478.09 
254478.22 
254478.34 
254478.47 
254478.60 
254478.73 
254478.85 
254478.98 
254479.11 
254479.24 
254479.37 
254479.50 
254479.63 
254479.76 
254479.88 
254480.01 
254480.14 
254480.27 
254480.40 
254480.53 
254480.65 
254480.78 
254480.91 
254481.04 
254481.17 
254481.29 
254481.43 
254481.56 
254481.69 
254481.82 
254481.95 
254482.07 
254482.20 
254482.34 
254482.46 
254482.59 
254482.72 
254482.85 
254482.97 
254483.10 
254483.23 
254483.36 
254483.48 
254483.61 
254483.74 
254483.87 
254484.00 
254484.13 
254484.25 
254484.38 
254484.51 
254484.64 
254484.77 
254484.89 
254485.02 
254485.15 
254485.28 
254485.41 
254485.54 
254485.66 
254485.79 
254485.92 
254486.04 
254486.17 
254486.30 
254486.43 
254486.56 
254486.68 
254486.82 
254486.94 
254487.07 
254487.20 
254487.33 
254487.45 
254487.58 
254487.71 
254487.84 
254487.98 
254488.11 
254488.24 
254488.36 
254488.49 
254488.62 
254488.75 
254488.88 
254489.02 
254489.15 
254489.27 
254489.40 
254489.53 
254489.65 
254489.78 
254489.90 
254490.03 
254490.16 
254490.28 
254490.41 
254490.54 
254490.67 
254490.80 
254490.93 
254491.05 
254491.20 
254491.33 
254491.47 
254491.60 
254491.73 
254491.85 
254491.98 
254492.11 
254492.24 
254492.37 
254492.49 
254492.62 
254492.75 
254492.88 
254493.00 
254493.13 
254493.26 
254493.39 
254493.52 
254493.65 
254493.78 
254493.91 
254494.04 
254494.16 
254494.29 
254494.42 
254494.55 
254494.68 
254494.81 
254494.94 
254495.07 
254495.20 
254495.33 
254495.45 
254495.58 
254495.71 
254495.84 
254495.97 
254496.09 
254496.24 
254496.36 
254496.49 
254496.62 
254496.75 
254496.88 
254497.00 
254497.13 
254497.26 
254497.39 
254497.52 
254497.66 
254497.79 
254497.91 
254498.04 
254498.17 
254498.29 
254498.42 
254498.55 
254498.68 
254498.80 
254498.93 
254499.06 
254499.19 
254499.32 
254499.44 
254499.57 
254499.69 
254499.82 
254499.95 
254500.08 
254500.21 
254500.34 
254500.46 
254500.59 
254500.72 
254500.85 
254500.97 
254501.10 
254501.23 
254501.35 
254501.48 
254501.61 
254501.74 
254501.87 
254502.00 
254502.13 
254502.25 
254502.38 
254502.51 
254502.64 
254502.77 
254502.89 
254503.02 
254503.15 
254503.28 
254503.40 
254503.53 
254503.66 
254503.79 
254503.92 
254504.05 
254504.17 
254504.30 
254504.43 
254504.56 
254504.69 
254504.82 
254504.95 
254505.08 
254505.21 
254505.34 
254505.47 
254505.59 
254505.72 
254505.85 
254505.98 
254506.11 
254506.24 
254506.37 
254506.49 
254506.62 
254506.75 
254506.88 
254507.01 
254507.13 
254507.26 
254507.41 
254507.54 
254507.67 
254507.80 
254507.93 
254508.06 
254508.18 
254508.31 
254508.44 
254508.57 
254508.69 
254508.82 
254508.95 
254509.08 
254509.22 
254509.35 
254509.48 
254509.61 
254509.74 
254509.86 
254509.99 
254510.12 
254510.25 
254510.37 
254510.50 
254510.63 
254510.76 
254510.89 
254511.02 
254511.15 
254511.28 
254511.41 
254511.53 
254511.66 
254511.79 
254511.92 
254512.06 
254512.19 
254512.32 
254512.44 
254512.57 
254512.70 
254512.83 
254512.96 
254513.08 
254513.21 
254513.34 
254513.47 
254513.60 
254513.73 
254513.85 
254513.98 
254514.11 
254514.24 
254514.36 
254514.49 
254514.62 
254514.75 
254514.88 
254515.01 
254515.13 
254515.26 
254515.39 
254515.52 
254515.65 
254515.77 
254515.90 
254516.03 
254516.16 
254516.28 
254516.41 
254516.54 
254516.67 
254516.80 
254516.93 
254517.05 
254517.18 
254517.31 
254517.44 
254517.56 
254517.69 
254517.82 
254517.95 
254518.09 
254518.22 
254518.35 
254518.47 
254518.60 
254518.73 
254518.87 
254519.00 
254519.13 
254519.26 
254519.38 
254519.51 
254519.64 
254519.77 
254519.89 
254520.02 
254520.15 
254520.28 
254520.41 
254520.53 
254520.66 
254520.79 
254520.92 
254521.05 
254521.18 
254521.31 
254521.43 
254521.56 
254521.69 
254521.82 
254521.95 
254522.08 
254522.21 
254522.33 
254522.46 
254522.59 
254522.72 
254522.84 
254522.97 
254523.10 
254523.23 
254523.36 
254523.48 
254523.62 
254523.75 
254523.88 
254524.01 
254524.14 
254524.27 
254524.39 
254524.55 
254524.68 
254524.80 
254524.93 
254525.06 
254525.19 
254525.32 
254525.45 
254525.58 
254525.70 
254525.83 
254525.96 
254526.09 
254526.22 
254526.35 
254526.48 
254526.61 
254526.73 
254526.86 
254526.99 
254527.14 
254527.27 
254527.43 
254527.56 
254527.69 
254527.82 
254527.95 
254528.07 
254528.20 
254528.33 
254528.46 
254528.59 
254528.72 
254528.84 
254528.97 
254529.10 
254529.23 
254529.36 
254529.48 
254529.61 
254529.74 
254529.86 
254529.99 
254530.12 
254530.25 
254530.37 
254530.51 
254530.63 
254530.76 
254530.89 
254531.02 
254531.15 
254531.30 
254531.43 
254531.56 
254531.69 
254531.82 
254531.95 
254532.07 
254532.20 
254532.34 
254532.46 
254532.59 
254532.72 
254532.85 
254532.97 
254533.10 
254533.23 
254533.36 
254533.49 
254533.62 
254533.75 
254533.88 
254534.01 
254534.14 
254534.26 
254534.39 
254534.52 
254534.65 
254534.78 
254534.91 
254535.04 
254535.17 
254535.29 
254535.42 
254535.55 
254535.68 
254535.81 
254535.94 
254536.07 
254536.20 
254536.33 
254536.46 
254536.59 
254536.72 
254536.85 
254536.97 
254537.10 
254537.23 
254537.36 
254537.48 
254537.61 
254537.74 
254537.87 
254538.00 
254538.13 
254538.25 
254538.38 
254538.51 
254538.64 
254538.77 
254538.89 
254539.02 
254539.15 
254539.29 
254539.42 
254539.55 
254539.69 
254539.82 
254539.95 
254540.08 
254540.21 
254540.34 
254540.46 
254540.59 
254540.72 
254540.85 
254540.97 
254541.10 
254541.23 
254541.36 
254541.48 
254541.61 
254541.74 
254541.87 
254542.00 
254542.13 
254542.25 
254542.38 
254542.51 
254542.64 
254542.76 
254542.89 
254543.02 
254543.15 
254543.28 
254543.40 
254543.53 
254543.66 
254543.79 
254543.92 
254544.04 
254544.17 
254544.30 
254544.43 
254544.56 
254544.69 
254544.81 
254544.94 
254545.07 
254545.20 
254545.33 
254545.45 
254545.58 
254545.71 
254545.84 
254545.98 
254546.10 
254546.23 
254546.36 
254546.49 
254546.62 
254546.74 
254546.87 
254547.00 
254547.13 
254547.27 
254547.40 
254547.53 
254547.66 
254547.78 
254547.91 
254548.03 
254548.16 
254548.29 
254548.42 
254548.55 
254548.68 
254548.81 
254548.93 
254549.06 
254549.19 
254549.32 
254549.45 
254549.58 
254549.71 
254549.84 
254549.96 
254550.09 
254550.22 
254550.35 
254550.48 
254550.61 
254550.74 
254550.86 
254550.99 
254551.12 
254551.24 
254551.37 
254551.50 
254551.63 
254551.76 
254551.88 
254552.01 
254552.14 
254552.27 
254552.39 
254552.52 
254552.65 
254552.78 
254552.91 
254553.03 
254553.16 
254553.29 
254553.41 
254553.56 
254553.69 
254553.82 
254553.94 
254554.07 
254554.20 
254554.33 
254554.46 
254554.59 
254554.72 
254554.85 
254554.97 
254555.10 
254555.23 
254555.36 
254555.49 
254555.62 
254555.75 
254555.88 
254556.01 
254556.14 
254556.27 
254556.40 
254556.53 
254556.65 
254556.78 
254556.91 
254557.04 
254557.17 
254557.29 
254557.42 
254557.55 
254557.68 
254557.81 
254557.93 
254558.06 
254558.19 
254558.32 
254558.45 
254558.57 
254558.70 
254558.84 
254558.97 
254559.09 
254559.22 
254559.37 
254559.50 
254559.63 
254559.75 
254559.87 
254560.00 
254560.13 
254560.25 
254560.38 
254560.51 
254560.64 
254560.76 
254560.89 
254561.02 
254561.15 
254561.28 
254561.41 
254561.53 
254561.66 
254561.79 
254561.92 
254562.04 
254562.17 
254562.29 
254562.42 
254562.55 
254562.68 
254562.81 
254562.94 
254563.06 
254563.19 
254563.32 
254563.45 
254563.58 
254563.71 
254563.84 
254563.97 
254564.09 
254564.22 
254564.35 
254564.48 
254564.61 
254564.73 
254564.86 
254564.99 
254565.12 
254565.25 
254565.37 
254565.50 
254565.63 
254565.76 
254565.88 
254566.01 
254566.14 
254566.27 
254566.40 
254566.53 
254566.65 
254566.78 
254566.91 
254567.05 
254567.18 
254567.31 
254567.43 
254567.56 
254567.69 
254567.82 
254567.95 
254568.08 
254568.21 
254568.34 
254568.46 
254568.59 
254568.72 
254568.84 
254568.97 
254569.10 
254569.23 
254569.37 
254569.49 
254569.62 
254569.75 
254569.88 
254570.01 
254570.15 
254570.28 
254570.41 
254570.53 
254570.66 
254570.79 
254570.92 
254571.05 
254571.18 
254571.31 
254571.43 
254571.56 
254571.69 
254571.82 
254571.95 
254572.08 
254572.21 
254572.34 
254572.46 
254572.59 
254572.72 
254572.85 
254572.98 
254573.11 
254573.24 
254573.37 
254573.52 
254573.65 
254573.77 
254573.90 
254574.03 
254574.16 
254574.28 
254574.41 
254574.54 
254574.67 
254574.80 
254574.94 
254575.07 
254575.20 
254575.33 
254575.45 
254575.58 
254575.71 
254575.84 
254575.97 
254576.10 
254576.23 
254576.37 
254576.50 
254576.63 
254576.77 
254576.90 
254577.03 
254577.16 
254577.29 
254577.42 
254577.55 
254577.67 
254577.80 
254577.93 
254578.05 
254578.18 
254578.31 
254578.44 
254578.57 
254578.69 
254578.82 
254578.95 
254579.09 
254579.22 
254579.34 
254579.47 
254579.60 
254579.73 
254579.85 
254579.98 
254580.11 
254580.24 
254580.36 
254580.49 
254580.62 
254580.75 
254580.88 
254581.01 
254581.15 
254581.27 
254581.41 
254581.53 
254581.66 
254581.79 
254581.91 
254582.04 
254582.17 
254582.30 
254582.42 
254582.55 
254582.68 
254582.81 
254582.94 
254583.07 
254583.20 
254583.32 
254583.45 
254583.58 
254583.71 
254583.84 
254583.96 
254584.09 
254584.22 
254584.35 
254584.48 
254584.61 
254584.74 
254584.86 
254584.99 
254585.12 
254585.25 
254585.37 
254585.50 
254585.63 
254585.76 
254585.88 
254586.01 
254586.14 
254586.27 
254586.40 
254586.53 
254586.65 
254586.78 
254586.91 
254587.04 
254587.17 
254587.29 
254587.42 
254587.55 
254587.68 
254587.80 
254587.93 
254588.06 
254588.20 
254588.33 
254588.46 
254588.59 
254588.72 
254588.84 
254588.97 
254589.10 
254589.23 
254589.35 
254589.48 
254589.61 
254589.74 
254589.87 
254589.99 
254590.12 
254590.25 
254590.37 
254590.50 
254590.63 
254590.76 
254590.89 
254591.02 
254591.15 
254591.27 
254591.40 
254591.53 
254591.66 
254591.79 
254591.92 
254592.05 
254592.17 
254592.30 
254592.43 
254592.56 
254592.68 
254592.81 
254592.95 
254593.08 
254593.21 
254593.36 
254593.48 
254593.61 
254593.74 
254593.87 
254594.00 
254594.13 
254594.25 
254594.38 
254594.51 
254594.64 
254594.76 
254594.89 
254595.02 
254595.15 
254595.28 
254595.40 
254595.53 
254595.66 
254595.79 
254595.92 
254596.05 
254596.17 
254596.30 
254596.43 
254596.56 
254596.69 
254596.81 
254596.94 
254597.07 
254597.20 
254597.32 
254597.45 
254597.58 
254597.71 
254597.84 
254597.96 
254598.09 
254598.22 
254598.35 
254598.48 
254598.61 
254598.73 
254598.86 
254598.99 
254599.12 
254599.24 
254599.37 
254599.50 
254599.63 
254599.76 
254599.88 
254600.01 
254600.14 
254600.27 
254600.40 
254600.52 
254600.65 
254600.78 
254600.91 
254601.04 
254601.16 
254601.29 
254601.42 
254601.55 
254601.68 
254601.81 
254601.93 
254602.06 
254602.19 
254602.32 
254602.45 
254602.57 
254602.70 
254602.83 
254602.96 
254603.09 
254603.22 
254603.34 
254603.47 
254603.60 
254603.73 
254603.85 
254603.98 
254604.11 
254604.24 
254604.37 
254604.49 
254604.62 
254604.75 
254604.88 
254605.01 
254605.13 
254605.28 
254605.41 
254605.54 
254605.67 
254605.79 
254605.92 
254606.05 
254606.18 
254606.31 
254606.44 
254606.57 
254606.69 
254606.83 
254606.95 
254607.08 
254607.21 
254607.34 
254607.47 
254607.60 
254607.73 
254607.85 
254607.98 
254608.11 
254608.24 
254608.37 
254608.49 
254608.62 
254608.75 
254608.88 
254609.00 
254609.13 
254609.26 
254609.39 
254609.52 
254609.65 
254609.77 
254609.90 
254610.03 
254610.16 
254610.31 
254610.44 
254610.57 
254610.70 
254610.83 
254610.96 
254611.09 
254611.21 
254611.34 
254611.47 
254611.60 
254611.72 
254611.85 
254611.98 
254612.11 
254612.23 
254612.36 
254612.49 
254612.62 
254612.75 
254612.88 
254613.01 
254613.15 
254613.27 
254613.40 
254613.53 
254613.66 
254613.79 
254613.92 
254614.04 
254614.17 
254614.30 
254614.43 
254614.56 
254614.68 
254614.81 
254614.94 
254615.07 
254615.20 
254615.33 
254615.45 
254615.58 
254615.71 
254615.84 
254615.97 
254616.09 
254616.24 
254616.37 
254616.50 
254616.63 
254616.76 
254616.89 
254617.02 
254617.15 
254617.28 
254617.41 
254617.54 
254617.66 
254617.79 
254617.92 
254618.05 
254618.17 
254618.30 
254618.43 
254618.56 
254618.68 
254618.81 
254618.93 
254619.06 
254619.19 
254619.32 
254619.45 
254619.58 
254619.71 
254619.84 
254619.96 
254620.09 
254620.22 
254620.35 
254620.47 
254620.60 
254620.73 
254620.86 
254620.99 
254621.11 
254621.24 
254621.37 
254621.50 
254621.62 
254621.74 
254621.86 
254621.99 
254622.11 
254622.24 
254622.37 
254622.49 
254622.62 
254622.74 
254622.86 
254622.99 
254623.12 
254623.25 
254623.38 
254623.51 
254623.65 
254623.77 
254623.90 
254624.03 
254624.16 
254624.29 
254624.41 
254624.54 
254624.67 
254624.80 
254624.93 
254625.05 
254625.18 
254625.31 
254625.44 
254625.56 
254625.69 
254625.82 
254625.95 
254626.08 
254626.22 
254626.35 
254626.48 
254626.61 
254626.73 
254626.86 
254626.99 
254627.12 
254627.25 
254627.37 
254627.50 
254627.63 
254627.75 
254627.88 
254628.01 
254628.14 
254628.27 
254628.40 
254628.53 
254628.66 
254628.79 
254628.92 
254629.05 
254629.18 
254629.31 
254629.43 
254629.56 
254629.69 
254629.82 
254629.95 
254630.08 
254630.22 
254630.35 
254630.48 
254630.61 
254630.73 
254630.86 
254630.99 
254631.11 
254631.24 
254631.37 
254631.50 
254631.64 
254631.77 
254631.89 
254632.02 
254632.15 
254632.28 
254632.41 
254632.53 
254632.66 
254632.79 
254632.91 
254633.05 
254633.17 
254633.30 
254633.43 
254633.56 
254633.69 
254633.81 
254633.94 
254634.06 
254634.19 
254634.33 
254634.46 
254634.59 
254634.74 
254634.87 
254634.99 
254635.12 
254635.25 
254635.37 
254635.50 
254635.63 
254635.75 
254635.88 
254636.01 
254636.14 
254636.26 
254636.39 
254636.52 
254636.65 
254636.77 
254636.90 
254637.03 
254637.16 
254637.29 
254637.42 
254637.55 
254637.68 
254637.81 
254637.93 
254638.06 
254638.21 
254638.33 
254638.46 
254638.59 
254638.72 
254638.84 
254638.97 
254639.09 
254639.22 
254639.35 
254639.48 
254639.61 
254639.74 
254639.87 
254640.00 
254640.13 
254640.25 
254640.38 
254640.51 
254640.64 
254640.76 
254640.89 
254641.02 
254641.15 
254641.28 
254641.41 
254641.53 
254641.66 
254641.79 
254641.92 
254642.05 
254642.17 
254642.30 
254642.43 
254642.56 
254642.68 
254642.81 
254642.94 
254643.07 
254643.20 
254643.33 
254643.45 
254643.58 
254643.71 
254643.84 
254643.96 
254644.09 
254644.22 
254644.35 
254644.48 
254644.60 
254644.73 
254644.86 
254644.99 
254645.12 
254645.25 
254645.37 
254645.50 
254645.63 
254645.76 
254645.88 
254646.01 
254646.14 
254646.27 
254646.40 
254646.53 
254646.65 
254646.78 
254646.91 
254647.04 
254647.17 
254647.30 
254647.43 
254647.56 
254647.69 
254647.82 
254647.95 
254648.08 
254648.21 
254648.33 
254648.46 
254648.59 
254648.72 
254648.85 
254648.97 
254649.10 
254649.23 
254649.36 
254649.48 
254649.61 
254649.74 
254649.87 
254650.00 
254650.12 
254650.25 
254650.38 
254650.50 
254650.63 
254650.76 
254650.89 
254651.02 
254651.15 
254651.28 
254651.40 
254651.54 
254651.66 
254651.79 
254651.92 
254652.05 
254652.17 
254652.30 
254652.43 
254652.56 
254652.69 
254652.82 
254652.95 
254653.08 
254653.21 
254653.34 
254653.47 
254653.60 
254653.73 
254653.85 
254653.98 
254654.11 
254654.24 
254654.37 
254654.49 
254654.62 
254654.75 
254654.88 
254655.01 
254655.14 
254655.27 
254655.40 
254655.53 
254655.66 
254655.79 
254655.92 
254656.05 
254656.17 
254656.30 
254656.43 
254656.57 
254656.70 
254656.83 
254656.95 
254657.11 
254657.24 
254657.37 
254657.50 
254657.63 
254657.77 
254657.89 
254658.02 
254658.15 
254658.28 
254658.41 
254658.56 
254658.69 
254658.81 
254658.93 
254659.06 
254659.19 
254659.32 
254659.45 
254659.57 
254659.70 
254659.83 
254659.96 
254660.09 
254660.22 
254660.35 
254660.48 
254660.61 
254660.74 
254660.86 
254660.99 
254661.12 
254661.25 
254661.37 
254661.50 
254661.63 
254661.76 
254661.88 
254662.01 
254662.14 
254662.27 
254662.40 
254662.53 
254662.65 
254662.78 
254662.91 
254663.04 
254663.16 
254663.29 
254663.42 
254663.55 
254663.68 
254663.81 
254663.93 
254664.06 
254664.19 
254664.32 
254664.44 
254664.57 
254664.70 
254664.83 
254664.96 
254665.08 
254665.21 
254665.34 
254665.47 
254665.60 
254665.73 
254665.85 
254665.98 
254666.11 
254666.24 
254666.37 
254666.49 
254666.62 
254666.75 
254666.88 
254667.01 
254667.13 
254667.26 
254667.39 
254667.52 
254667.65 
254667.77 
254667.90 
254668.03 
254668.16 
254668.28 
254668.41 
254668.54 
254668.67 
254668.80 
254668.92 
254669.05 
254669.18 
254669.31 
254669.43 
254669.56 
254669.69 
254669.82 
254669.94 
254670.07 
254670.20 
254670.33 
254670.45 
254670.58 
254670.71 
254670.84 
254670.97 
254671.10 
254671.23 
254671.37 
254671.50 
254671.64 
254671.77 
254671.90 
254672.02 
254672.15 
254672.28 
254672.41 
254672.54 
254672.68 
254672.81 
254672.94 
254673.07 
254673.20 
254673.32 
254673.45 
254673.58 
254673.71 
254673.84 
254673.98 
254674.11 
254674.24 
254674.37 
254674.50 
254674.63 
254674.76 
254674.89 
254675.01 
254675.15 
254675.27 
254675.40 
254675.53 
254675.66 
254675.78 
254675.91 
254676.04 
254676.17 
254676.30 
254676.43 
254676.56 
254676.69 
254676.81 
254676.94 
254677.07 
254677.20 
254677.33 
254677.45 
254677.58 
254677.71 
254677.84 
254677.96 
254678.09 
254678.22 
254678.35 
254678.48 
254678.61 
254678.73 
254678.88 
254679.01 
254679.13 
254679.26 
254679.39 
254679.51 
254679.64 
254679.77 
254679.89 
254680.02 
254680.15 
254680.28 
254680.41 
254680.53 
254680.66 
254680.79 
254680.91 
254681.04 
254681.17 
254681.30 
254681.43 
254681.56 
254681.68 
254681.81 
254681.94 
254682.07 
254682.20 
254682.32 
254682.45 
254682.58 
254682.71 
254682.84 
254682.97 
254683.10 
254683.23 
254683.35 
254683.48 
254683.61 
254683.75 
254683.88 
254684.01 
254684.14 
254684.26 
254684.39 
254684.52 
254684.65 
254684.78 
254684.91 
254685.04 
254685.17 
254685.30 
254685.43 
254685.56 
254685.69 
254685.82 
254685.95 
254686.08 
254686.21 
254686.33 
254686.46 
254686.59 
254686.72 
254686.85 
254686.98 
254687.12 
254687.24 
254687.37 
254687.50 
254687.63 
254687.76 
254687.89 
254688.01 
254688.14 
254688.27 
254688.40 
254688.53 
254688.65 
254688.78 
254688.91 
254689.04 
254689.16 
254689.29 
254689.42 
254689.55 
254689.68 
254689.81 
254689.94 
254690.06 
254690.19 
254690.32 
254690.45 
254690.59 
254690.72 
254690.85 
254690.97 
254691.10 
254691.23 
254691.36 
254691.48 
254691.61 
254691.74 
254691.87 
254692.00 
254692.13 
254692.25 
254692.38 
254692.51 
254692.65 
254692.77 
254692.90 
254693.03 
254693.16 
254693.28 
254693.42 
254693.55 
254693.67 
254693.80 
254693.93 
254694.06 
254694.18 
254694.31 
254694.44 
254694.57 
254694.69 
254694.84 
254694.97 
254695.09 
254695.22 
254695.35 
254695.48 
254695.61 
254695.74 
254695.87 
254696.00 
254696.13 
254696.25 
254696.38 
254696.51 
254696.64 
254696.77 
254696.90 
254697.02 
254697.15 
254697.28 
254697.40 
254697.53 
254697.66 
254697.79 
254697.92 
254698.04 
254698.17 
254698.30 
254698.43 
254698.55 
254698.69 
254698.81 
254698.94 
254699.07 
254699.20 
254699.32 
254699.45 
254699.58 
254699.71 
254699.84 
254699.96 
254700.09 
254700.22 
254700.35 
254700.50 
254700.63 
254700.76 
254700.88 
254701.02 
254701.15 
254701.28 
254701.40 
254701.53 
254701.66 
254701.79 
254701.91 
254702.04 
254702.17 
254702.30 
254702.43 
254702.55 
254702.68 
254702.81 
254702.94 
254703.07 
254703.20 
254703.32 
254703.45 
254703.58 
254703.70 
254703.84 
254703.96 
254704.09 
254704.22 
254704.35 
254704.48 
254704.61 
254704.74 
254704.86 
254704.99 
254705.12 
254705.24 
254705.37 
254705.50 
254705.63 
254705.76 
254705.90 
254706.03 
254706.16 
254706.28 
254706.41 
254706.54 
254706.67 
254706.80 
254706.93 
254707.05 
254707.18 
254707.31 
254707.44 
254707.56 
254707.69 
254707.82 
254707.95 
254708.07 
254708.22 
254708.35 
254708.48 
254708.61 
254708.74 
254708.87 
254708.99 
254709.12 
254709.25 
254709.38 
254709.51 
254709.64 
254709.77 
254709.89 
254710.03 
254710.16 
254710.29 
254710.41 
254710.54 
254710.67 
254710.80 
254710.92 
254711.05 
254711.18 
254711.31 
254711.43 
254711.56 
254711.69 
254711.81 
254711.94 
254712.07 
254712.20 
254712.33 
254712.46 
254712.58 
254712.71 
254712.84 
254712.97 
254713.10 
254713.23 
254713.35 
254713.48 
254713.61 
254713.74 
254713.87 
254713.99 
254714.12 
254714.25 
254714.38 
254714.51 
254714.64 
254714.77 
254714.89 
254715.02 
254715.15 
254715.28 
254715.40 
254715.54 
254715.67 
254715.79 
254715.92 
254716.05 
254716.19 
254716.32 
254716.45 
254716.58 
254716.70 
254716.83 
254716.96 
254717.09 
254717.22 
254717.35 
254717.48 
254717.61 
254717.74 
254717.87 
254717.99 
254718.13 
254718.25 
254718.38 
254718.51 
254718.64 
254718.76 
254718.89 
254719.02 
254719.15 
254719.28 
254719.40 
254719.53 
254719.66 
254719.79 
254719.91 
254720.04 
254720.17 
254720.30 
254720.42 
254720.55 
254720.68 
254720.81 
254720.94 
254721.07 
254721.19 
254721.32 
254721.45 
254721.58 
254721.71 
254721.84 
254721.96 
254722.09 
254722.22 
254722.35 
254722.48 
254722.61 
254722.73 
254722.86 
254722.99 
254723.12 
254723.25 
254723.37 
254723.50 
254723.62 
254723.75 
254723.88 
254724.01 
254724.14 
254724.26 
254724.39 
254724.52 
254724.64 
254724.77 
254724.90 
254725.03 
254725.16 
254725.29 
254725.42 
254725.54 
254725.67 
254725.80 
254725.95 
254726.07 
254726.20 
254726.33 
254726.46 
254726.59 
254726.72 
254726.85 
254726.97 
254727.10 
254727.23 
254727.36 
254727.48 
254727.61 
254727.74 
254727.87 
254728.00 
254728.13 
254728.25 
254728.38 
254728.51 
254728.64 
254728.76 
254728.89 
254729.02 
254729.14 
254729.27 
254729.40 
254729.53 
254729.65 
254729.78 
254729.91 
254730.04 
254730.17 
254730.30 
254730.43 
254730.56 
254730.68 
254730.81 
254730.94 
254731.07 
254731.20 
254731.33 
254731.45 
254731.58 
254731.71 
254731.84 
254731.97 
254732.11 
254732.24 
254732.37 
254732.50 
254732.63 
254732.76 
254732.89 
254733.02 
254733.15 
254733.28 
254733.41 
254733.53 
254733.66 
254733.79 
254733.92 
254734.04 
254734.17 
254734.30 
254734.43 
254734.56 
254734.69 
254734.83 
254734.96 
254735.08 
254735.22 
254735.35 
254735.49 
254735.62 
254735.76 
254735.89 
254736.01 
254736.14 
254736.27 
254736.40 
254736.54 
254736.67 
254736.79 
254736.92 
254737.04 
254737.17 
254737.30 
254737.43 
254737.55 
254737.68 
254737.81 
254737.93 
254738.06 
254738.19 
254738.32 
254738.44 
254738.57 
254738.70 
254738.82 
254738.95 
254739.08 
254739.21 
254739.33 
254739.46 
254739.59 
254739.72 
254739.85 
254739.98 
254740.11 
254740.23 
254740.36 
254740.50 
254740.63 
254740.76 
254740.89 
254741.01 
254741.14 
254741.27 
254741.40 
254741.53 
254741.66 
254741.78 
254741.91 
254742.04 
254742.16 
254742.29 
254742.42 
254742.55 
254742.68 
254742.81 
254742.94 
254743.07 
254743.20 
254743.33 
254743.45 
254743.58 
254743.71 
254743.84 
254743.96 
254744.09 
254744.22 
254744.35 
254744.48 
254744.62 
254744.75 
254744.88 
254745.01 
254745.13 
254745.26 
254745.39 
254745.52 
254745.65 
254745.77 
254745.90 
254746.03 
254746.16 
254746.28 
254746.41 
254746.54 
254746.67 
254746.80 
254746.93 
254747.05 
254747.18 
254747.30 
254747.43 
254747.56 
254747.69 
254747.82 
254747.95 
254748.07 
254748.20 
254748.33 
254748.46 
254748.58 
254748.71 
254748.84 
254748.97 
254749.09 
254749.22 
254749.35 
254749.48 
254749.61 
254749.74 
254749.87 
254750.01 
254750.14 
254750.27 
254750.40 
254750.53 
254750.65 
254750.78 
254750.91 
254751.04 
254751.17 
254751.29 
254751.42 
254751.56 
254751.69 
254751.81 
254751.94 
254752.07 
254752.20 
254752.32 
254752.45 
254752.58 
254752.71 
254752.84 
254752.97 
254753.10 
254753.23 
254753.35 
254753.48 
254753.61 
254753.74 
254753.86 
254753.99 
254754.12 
254754.25 
254754.37 
254754.50 
254754.63 
254754.76 
254754.89 
254755.02 
254755.15 
254755.27 
254755.40 
254755.55 
254755.67 
254755.80 
254755.93 
254756.06 
254756.19 
254756.32 
254756.45 
254756.57 
254756.70 
254756.83 
254756.96 
254757.08 
254757.21 
254757.34 
254757.47 
254757.60 
254757.74 
254757.87 
254757.99 
254758.12 
254758.25 
254758.38 
254758.51 
254758.63 
254758.76 
254758.90 
254759.03 
254759.16 
254759.29 
254759.41 
254759.54 
254759.67 
254759.80 
254759.93 
254760.05 
254760.20 
254760.33 
254760.46 
254760.59 
254760.72 
254760.85 
254760.97 
254761.10 
254761.23 
254761.36 
254761.48 
254761.61 
254761.74 
254761.87 
254762.00 
254762.12 
254762.25 
254762.38 
254762.51 
254762.64 
254762.77 
254762.89 
254763.02 
254763.15 
254763.28 
254763.40 
254763.53 
254763.66 
254763.79 
254763.92 
254764.05 
254764.17 
254764.32 
254764.45 
254764.58 
254764.71 
254764.84 
254764.97 
254765.10 
254765.23 
254765.35 
254765.48 
254765.61 
254765.74 
254765.87 
254766.00 
254766.13 
254766.25 
254766.38 
254766.51 
254766.65 
254766.78 
254766.90 
254767.03 
254767.16 
254767.29 
254767.42 
254767.55 
254767.67 
254767.81 
254767.93 
254768.06 
254768.19 
254768.32 
254768.44 
254768.57 
254768.70 
254768.83 
254768.95 
254769.08 
254769.21 
254769.34 
254769.47 
254769.60 
254769.73 
254769.85 
254769.98 
254770.11 
254770.24 
254770.37 
254770.49 
254770.62 
254770.75 
254770.88 
254771.00 
254771.13 
254771.25 
254771.38 
254771.51 
254771.64 
254771.77 
254771.90 
254772.03 
254772.15 
254772.27 
254772.40 
254772.53 
254772.65 
254772.78 
254772.91 
254773.04 
254773.17 
254773.29 
254773.42 
254773.55 
254773.68 
254773.81 
254773.93 
254774.06 
254774.19 
254774.32 
254774.45 
254774.57 
254774.72 
254774.85 
254774.97 
254775.10 
254775.24 
254775.37 
254775.50 
254775.63 
254775.75 
254775.88 
254776.01 
254776.14 
254776.27 
254776.39 
254776.52 
254776.65 
254776.78 
254776.91 
254777.04 
254777.16 
254777.29 
254777.42 
254777.55 
254777.68 
254777.81 
254777.93 
254778.06 
254778.18 
254778.31 
254778.43 
254778.56 
254778.68 
254778.81 
254778.94 
254779.07 
254779.20 
254779.32 
254779.45 
254779.58 
254779.71 
254779.84 
254779.97 
254780.09 
254780.22 
254780.35 
254780.48 
254780.61 
254780.73 
254780.86 
254780.99 
254781.12 
254781.25 
254781.37 
254781.50 
254781.63 
254781.76 
254781.88 
254782.01 
254782.14 
254782.27 
254782.40 
254782.53 
254782.65 
254782.78 
254782.91 
254783.04 
254783.17 
254783.29 
254783.42 
254783.55 
254783.68 
254783.81 
254783.94 
254784.07 
254784.20 
254784.33 
254784.46 
254784.59 
254784.72 
254784.85 
254784.98 
254785.12 
254785.25 
254785.38 
254785.51 
254785.64 
254785.77 
254785.90 
254786.05 
254786.18 
254786.31 
254786.44 
254786.57 
254786.70 
254786.83 
254786.96 
254787.09 
254787.21 
254787.34 
254787.47 
254787.60 
254787.73 
254787.87 
254788.00 
254788.12 
254788.25 
254788.38 
254788.51 
254788.63 
254788.76 
254788.90 
254789.03 
254789.16 
254789.29 
254789.42 
254789.55 
254789.68 
254789.81 
254789.93 
254790.06 
254790.19 
254790.32 
254790.45 
254790.57 
254790.70 
254790.83 
254790.96 
254791.09 
254791.22 
254791.34 
254791.47 
254791.61 
254791.74 
254791.87 
254791.99 
254792.12 
254792.25 
254792.38 
254792.51 
254792.64 
254792.77 
254792.90 
254793.03 
254793.16 
254793.29 
254793.42 
254793.55 
254793.68 
254793.81 
254793.94 
254794.06 
254794.19 
254794.32 
254794.45 
254794.57 
254794.70 
254794.83 
254794.96 
254795.09 
254795.22 
254795.34 
254795.47 
254795.60 
254795.73 
254795.85 
254795.98 
254796.11 
254796.24 
254796.37 
254796.49 
254796.62 
254796.75 
254796.88 
254797.01 
254797.13 
254797.26 
254797.39 
254797.52 
254797.65 
254797.77 
254797.90 
254798.03 
254798.15 
254798.28 
254798.41 
254798.54 
254798.67 
254798.80 
254798.93 
254799.05 
254799.18 
254799.31 
254799.44 
254799.57 
254799.71 
254799.84 
254799.97 
254800.09 
254800.22 
254800.35 
254800.48 
254800.61 
254800.74 
254800.87 
254800.99 
254801.12 
254801.25 
254801.37 
254801.50 
254801.63 
254801.76 
254801.88 
254802.01 
254802.14 
254802.27 
254802.40 
254802.52 
254802.65 
254802.78 
254802.91 
254803.04 
254803.16 
254803.29 
254803.42 
254803.55 
254803.69 
254803.82 
254803.95 
254804.08 
254804.21 
254804.33 
254804.47 
254804.60 
254804.73 
254804.86 
254804.99 
254805.12 
254805.25 
254805.37 
254805.50 
254805.63 
254805.76 
254805.89 
254806.01 
254806.14 
254806.27 
254806.40 
254806.53 
254806.65 
254806.78 
254806.91 
254807.04 
254807.16 
254807.29 
254807.42 
254807.55 
254807.68 
254807.81 
254807.93 
254808.06 
254808.19 
254808.32 
254808.44 
254808.58 
254808.71 
254808.84 
254808.99 
254809.12 
254809.25 
254809.37 
254809.50 
254809.63 
254809.77 
254809.90 
254810.03 
254810.16 
254810.29 
254810.41 
254810.54 
254810.67 
254810.80 
254810.93 
254811.06 
254811.19 
254811.32 
254811.45 
254811.58 
254811.71 
254811.83 
254811.96 
254812.09 
254812.22 
254812.35 
254812.48 
254812.60 
254812.73 
254812.86 
254812.99 
254813.12 
254813.25 
254813.37 
254813.50 
254813.63 
254813.76 
254813.89 
254814.01 
254814.14 
254814.27 
254814.40 
254814.53 
254814.65 
254814.78 
254814.91 
254815.04 
254815.16 
254815.29 
254815.42 
254815.55 
254815.68 
254815.81 
254815.93 
254816.06 
254816.21 
254816.33 
254816.47 
254816.60 
254816.73 
254816.85 
254816.98 
254817.11 
254817.24 
254817.37 
254817.49 
254817.62 
254817.75 
254817.88 
254818.01 
254818.14 
254818.26 
254818.39 
254818.52 
254818.65 
254818.78 
254818.91 
254819.03 
254819.16 
254819.29 
254819.42 
254819.54 
254819.67 
254819.80 
254819.93 
254820.06 
254820.18 
254820.31 
254820.44 
254820.57 
254820.70 
254820.83 
254820.96 
254821.09 
254821.22 
254821.34 
254821.47 
254821.60 
254821.72 
254821.85 
254821.98 
254822.11 
254822.24 
254822.38 
254822.51 
254822.64 
254822.77 
254822.89 
254823.02 
254823.15 
254823.28 
254823.40 
254823.53 
254823.66 
254823.79 
254823.92 
254824.05 
254824.17 
254824.30 
254824.43 
254824.56 
254824.68 
254824.82 
254824.94 
254825.07 
254825.20 
254825.33 
254825.45 
254825.58 
254825.71 
254825.84 
254825.97 
254826.09 
254826.22 
254826.35 
254826.48 
254826.61 
254826.73 
254826.86 
254826.99 
254827.12 
254827.25 
254827.39 
254827.52 
254827.65 
254827.77 
254827.90 
254828.03 
254828.16 
254828.28 
254828.41 
254828.54 
254828.67 
254828.80 
254828.92 
254829.05 
254829.18 
254829.31 
254829.44 
254829.56 
254829.69 
254829.82 
254829.95 
254830.08 
254830.21 
254830.33 
254830.46 
254830.59 
254830.72 
254830.85 
254830.97 
254831.10 
254831.23 
254831.36 
254831.48 
254831.61 
254831.74 
254831.87 
254831.99 
254832.11 
254832.24 
254832.37 
254832.49 
254832.62 
254832.75 
254832.88 
254833.01 
254833.14 
254833.27 
254833.39 
254833.53 
254833.65 
254833.78 
254833.91 
254834.04 
254834.17 
254834.29 
254834.42 
254834.57 
254834.69 
254834.82 
254834.95 
254835.08 
254835.21 
254835.34 
254835.47 
254835.60 
254835.73 
254835.85 
254835.98 
254836.11 
254836.24 
254836.36 
254836.49 
254836.62 
254836.75 
254836.88 
254837.01 
254837.14 
254837.26 
254837.39 
254837.52 
254837.65 
254837.77 
254837.91 
254838.04 
254838.17 
254838.30 
254838.43 
254838.56 
254838.68 
254838.81 
254838.94 
254839.07 
254839.19 
254839.32 
254839.45 
254839.58 
254839.70 
254839.83 
254839.96 
254840.09 
254840.21 
254840.34 
254840.47 
254840.60 
254840.73 
254840.86 
254840.98 
254841.11 
254841.24 
254841.36 
254841.49 
254841.62 
254841.75 
254841.88 
254842.01 
254842.14 
254842.27 
254842.40 
254842.52 
254842.65 
254842.78 
254842.91 
254843.04 
254843.17 
254843.29 
254843.42 
254843.55 
254843.68 
254843.81 
254843.93 
254844.06 
254844.19 
254844.32 
254844.45 
254844.57 
254844.70 
254844.83 
254844.98 
254845.11 
254845.24 
254845.37 
254845.50 
254845.62 
254845.75 
254845.88 
254846.01 
254846.14 
254846.27 
254846.39 
254846.52 
254846.65 
254846.78 
254846.91 
254847.04 
254847.16 
254847.28 
254847.40 
254847.54 
254847.67 
254847.80 
254847.93 
254848.06 
254848.19 
254848.32 
254848.45 
254848.59 
254848.72 
254848.84 
254848.97 
254849.10 
254849.22 
254849.35 
254849.48 
254849.61 
254849.74 
254849.87 
254849.99 
254850.12 
254850.25 
254850.38 
254850.51 
254850.64 
254850.76 
254850.89 
254851.02 
254851.15 
254851.27 
254851.41 
254851.55 
254851.68 
254851.81 
254851.93 
254852.06 
254852.19 
254852.32 
254852.45 
254852.57 
254852.71 
254852.84 
254852.97 
254853.10 
254853.23 
254853.35 
254853.48 
254853.61 
254853.73 
254853.86 
254853.99 
254854.12 
254854.24 
254854.37 
254854.50 
254854.63 
254854.76 
254854.89 
254855.01 
254855.14 
254855.28 
254855.41 
254855.54 
254855.66 
254855.79 
254855.92 
254856.05 
254856.17 
254856.30 
254856.43 
254856.56 
254856.69 
254856.81 
254856.94 
254857.07 
254857.20 
254857.33 
254857.45 
254857.58 
254857.71 
254857.84 
254857.97 
254858.11 
254858.24 
254858.36 
254858.49 
254858.62 
254858.75 
254858.88 
254859.00 
254859.13 
254859.26 
254859.39 
254859.52 
254859.64 
254859.77 
254859.90 
254860.03 
254860.15 
254860.28 
254860.41 
254860.55 
254860.69 
254860.82 
254860.94 
254861.07 
254861.19 
254861.33 
254861.45 
254861.58 
254861.70 
254861.83 
254861.95 
254862.08 
254862.21 
254862.34 
254862.47 
254862.60 
254862.73 
254862.86 
254862.99 
254863.12 
254863.25 
254863.37 
254863.50 
254863.65 
254863.77 
254863.90 
254864.03 
254864.16 
254864.28 
254864.41 
254864.54 
254864.67 
254864.80 
254864.92 
254865.05 
254865.18 
254865.31 
254865.44 
254865.56 
254865.69 
254865.83 
254865.96 
254866.09 
254866.22 
254866.35 
254866.49 
254866.62 
254866.75 
254866.87 
254867.01 
254867.14 
254867.27 
254867.40 
254867.53 
254867.66 
254867.79 
254867.92 
254868.05 
254868.17 
254868.30 
254868.43 
254868.56 
254868.69 
254868.81 
254868.94 
254869.07 
254869.20 
254869.33 
254869.45 
254869.58 
254869.71 
254869.84 
254869.96 
254870.09 
254870.22 
254870.35 
254870.48 
254870.61 
254870.73 
254870.86 
254870.99 
254871.12 
254871.25 
254871.37 
254871.50 
254871.63 
254871.76 
254871.89 
254872.01 
254872.14 
254872.27 
254872.42 
254872.54 
254872.67 
254872.80 
254872.93 
254873.06 
254873.19 
254873.32 
254873.45 
254873.57 
254873.71 
254873.83 
254873.96 
254874.09 
254874.22 
254874.35 
254874.48 
254874.61 
254874.73 
254874.86 
254874.99 
254875.12 
254875.25 
254875.37 
254875.50 
254875.63 
254875.75 
254875.88 
254876.01 
254876.14 
254876.27 
254876.40 
254876.53 
254876.65 
254876.78 
254876.91 
254877.04 
254877.17 
254877.29 
254877.42 
254877.55 
254877.68 
254877.80 
254877.93 
254878.06 
254878.19 
254878.32 
254878.44 
254878.57 
254878.70 
254878.83 
254878.95 
254879.08 
254879.21 
254879.34 
254879.47 
254879.60 
254879.73 
254879.85 
254879.98 
254880.11 
254880.24 
254880.36 
254880.49 
254880.62 
254880.75 
254880.88 
254881.00 
254881.13 
254881.26 
254881.39 
254881.52 
254881.65 
254881.77 
254881.90 
254882.03 
254882.17 
254882.30 
254882.42 
254882.55 
254882.68 
254882.81 
254882.94 
254883.07 
254883.20 
254883.32 
254883.45 
254883.58 
254883.71 
254883.84 
254883.96 
254884.09 
254884.22 
254884.35 
254884.48 
254884.61 
254884.74 
254884.87 
254884.99 
254885.12 
254885.25 
254885.38 
254885.51 
254885.63 
254885.76 
254885.89 
254886.04 
254886.17 
254886.29 
254886.42 
254886.55 
254886.68 
254886.81 
254886.94 
254887.07 
254887.20 
254887.32 
254887.45 
254887.58 
254887.71 
254887.84 
254887.97 
254888.09 
254888.22 
254888.34 
254888.47 
254888.60 
254888.73 
254888.86 
254888.98 
254889.11 
254889.24 
254889.38 
254889.51 
254889.64 
254889.76 
254889.89 
254890.02 
254890.15 
254890.28 
254890.41 
254890.54 
254890.66 
254890.79 
254890.92 
254891.05 
254891.18 
254891.30 
254891.43 
254891.56 
254891.69 
254891.81 
254891.93 
254892.06 
254892.19 
254892.32 
254892.45 
254892.57 
254892.70 
254892.83 
254892.96 
254893.09 
254893.22 
254893.34 
254893.48 
254893.61 
254893.74 
254893.87 
254894.00 
254894.13 
254894.25 
254894.38 
254894.51 
254894.64 
254894.77 
254894.89 
254895.02 
254895.15 
254895.28 
254895.41 
254895.54 
254895.67 
254895.80 
254895.93 
254896.05 
254896.18 
254896.31 
254896.44 
254896.57 
254896.69 
254896.83 
254896.95 
254897.08 
254897.21 
254897.34 
254897.47 
254897.60 
254897.73 
254897.85 
254897.98 
254898.11 
254898.24 
254898.37 
254898.49 
254898.62 
254898.75 
254898.88 
254899.00 
254899.13 
254899.26 
254899.39 
254899.51 
254899.64 
254899.77 
254899.90 
254900.03 
254900.17 
254900.30 
254900.43 
254900.56 
254900.68 
254900.81 
254900.94 
254901.07 
254901.20 
254901.33 
254901.45 
254901.58 
254901.71 
254901.84 
254901.97 
254902.09 
254902.22 
254902.35 
254902.48 
254902.60 
254902.73 
254902.86 
254902.99 
254903.12 
254903.25 
254903.37 
254903.50 
254903.63 
254903.76 
254903.88 
254904.01 
254904.14 
254904.27 
254904.40 
254904.53 
254904.65 
254904.78 
254904.91 
254905.03 
254905.16 
254905.29 
254905.42 
254905.55 
254905.67 
254905.80 
254905.92 
254906.05 
254906.18 
254906.31 
254906.43 
254906.56 
254906.69 
254906.82 
254906.95 
254907.08 
254907.21 
254907.34 
254907.47 
254907.59 
254907.72 
254907.85 
254907.98 
254908.11 
254908.23 
254908.36 
254908.49 
254908.62 
254908.75 
254908.87 
254909.00 
254909.13 
254909.26 
254909.38 
254909.51 
254909.64 
254909.77 
254909.89 
254910.02 
254910.15 
254910.28 
254910.41 
254910.53 
254910.66 
254910.79 
254910.92 
254911.05 
254911.18 
254911.31 
254911.44 
254911.56 
254911.71 
254911.84 
254911.97 
254912.10 
254912.23 
254912.36 
254912.49 
254912.61 
254912.75 
254912.89 
254913.02 
254913.15 
254913.28 
254913.41 
254913.54 
254913.67 
254913.79 
254913.92 
254914.05 
254914.18 
254914.31 
254914.44 
254914.57 
254914.70 
254914.83 
254914.96 
254915.08 
254915.21 
254915.35 
254915.48 
254915.61 
254915.74 
254915.87 
254916.01 
254916.14 
254916.27 
254916.40 
254916.52 
254916.65 
254916.78 
254916.91 
254917.04 
254917.16 
254917.29 
254917.42 
254917.55 
254917.68 
254917.82 
254917.95 
254918.08 
254918.21 
254918.34 
254918.47 
254918.60 
254918.73 
254918.86 
254918.98 
254919.11 
254919.24 
254919.37 
254919.51 
254919.64 
254919.77 
254919.90 
254920.03 
254920.16 
254920.28 
254920.41 
254920.54 
254920.67 
254920.80 
254920.93 
254921.05 
254921.18 
254921.31 
254921.43 
254921.56 
254921.69 
254921.81 
254921.93 
254922.06 
254922.19 
254922.31 
254922.44 
254922.56 
254922.69 
254922.82 
254922.95 
254923.08 
254923.21 
254923.33 
254923.46 
254923.59 
254923.72 
254923.85 
254923.98 
254924.11 
254924.23 
254924.36 
254924.49 
254924.62 
254924.75 
254924.87 
254925.01 
254925.13 
254925.26 
254925.39 
254925.52 
254925.65 
254925.77 
254925.90 
254926.03 
254926.16 
254926.28 
254926.41 
254926.54 
254926.67 
254926.80 
254926.93 
254927.05 
254927.18 
254927.31 
254927.44 
254927.56 
254927.69 
254927.82 
254927.95 
254928.10 
254928.23 
254928.35 
254928.48 
254928.61 
254928.73 
254928.86 
254928.99 
254929.11 
254929.24 
254929.37 
254929.50 
254929.62 
254929.75 
254929.88 
254930.01 
254930.14 
254930.27 
254930.40 
254930.53 
254930.65 
254930.80 
254930.93 
254931.06 
254931.19 
254931.32 
254931.44 
254931.57 
254931.70 
254931.83 
254931.97 
254932.10 
254932.24 
254932.36 
254932.49 
254932.61 
254932.73 
254932.86 
254932.98 
254933.11 
254933.24 
254933.39 
254933.52 
254933.65 
254933.77 
254933.90 
254934.03 
254934.16 
254934.29 
254934.42 
254934.55 
254934.68 
254934.81 
254934.94 
254935.07 
254935.20 
254935.33 
254935.45 
254935.58 
254935.71 
254935.84 
254935.96 
254936.09 
254936.22 
254936.35 
254936.47 
254936.60 
254936.73 
254936.88 
254937.00 
254937.13 
254937.26 
254937.39 
254937.52 
254937.65 
254937.77 
254937.92 
254938.05 
254938.19 
254938.32 
254938.44 
254938.57 
254938.70 
254938.83 
254938.95 
254939.08 
254939.21 
254939.34 
254939.47 
254939.60 
254939.73 
254939.85 
254939.98 
254940.11 
254940.24 
254940.37 
254940.49 
254940.62 
254940.75 
254940.88 
254941.02 
254941.15 
254941.28 
254941.41 
254941.54 
254941.67 
254941.79 
254941.93 
254942.07 
254942.20 
254942.33 
254942.46 
254942.59 
254942.71 
254942.84 
254942.97 
254943.10 
254943.23 
254943.36 
254943.48 
254943.61 
254943.74 
254943.87 
254944.00 
254944.13 
254944.25 
254944.38 
254944.51 
254944.64 
254944.77 
254944.89 
254945.02 
254945.15 
254945.28 
254945.41 
254945.53 
254945.66 
254945.79 
254945.92 
254946.05 
254946.18 
254946.31 
254946.44 
254946.57 
254946.70 
254946.83 
254946.96 
254947.08 
254947.21 
254947.34 
254947.49 
254947.62 
254947.74 
254947.87 
254948.02 
254948.15 
254948.28 
254948.41 
254948.54 
254948.67 
254948.79 
254948.92 
254949.05 
254949.19 
254949.32 
254949.45 
254949.58 
254949.70 
254949.83 
254949.96 
254950.09 
254950.22 
254950.35 
254950.48 
254950.60 
254950.73 
254950.86 
254951.01 
254951.14 
254951.27 
254951.40 
254951.53 
254951.66 
254951.78 
254951.91 
254952.04 
254952.16 
254952.28 
254952.41 
254952.55 
254952.68 
254952.81 
254952.94 
254953.06 
254953.19 
254953.32 
254953.44 
254953.57 
254953.70 
254953.83 
254953.96 
254954.09 
254954.22 
254954.35 
254954.48 
254954.60 
254954.73 
254954.86 
254954.99 
254955.12 
254955.25 
254955.39 
254955.52 
254955.65 
254955.77 
254955.90 
254956.03 
254956.16 
254956.28 
254956.41 
254956.54 
254956.67 
254956.80 
254956.92 
254957.05 
254957.18 
254957.32 
254957.45 
254957.58 
254957.71 
254957.84 
254957.96 
254958.09 
254958.22 
254958.35 
254958.48 
254958.60 
254958.73 
254958.86 
254958.99 
254959.11 
254959.24 
254959.37 
254959.50 
254959.62 
254959.75 
254959.88 
254960.01 
254960.14 
254960.27 
254960.40 
254960.52 
254960.65 
254960.78 
254960.91 
254961.04 
254961.16 
254961.29 
254961.42 
254961.55 
254961.68 
254961.80 
254961.93 
254962.06 
254962.19 
254962.32 
254962.45 
254962.57 
254962.70 
254962.83 
254962.97 
254963.10 
254963.23 
254963.36 
254963.48 
254963.61 
254963.74 
254963.87 
254964.00 
254964.13 
254964.25 
254964.38 
254964.51 
254964.63 
254964.76 
254964.89 
254965.02 
254965.15 
254965.27 
254965.40 
254965.53 
254965.66 
254965.79 
254965.92 
254966.05 
254966.17 
254966.30 
254966.43 
254966.56 
254966.68 
254966.81 
254966.94 
254967.07 
254967.20 
254967.32 
254967.45 
254967.58 
254967.71 
254967.84 
254967.96 
254968.09 
254968.22 
254968.35 
254968.48 
254968.61 
254968.74 
254968.86 
254968.99 
254969.12 
254969.25 
254969.37 
254969.50 
254969.63 
254969.76 
254969.89 
254970.01 
254970.14 
254970.27 
254970.40 
254970.53 
254970.65 
254970.78 
254970.91 
254971.04 
254971.17 
254971.29 
254971.42 
254971.55 
254971.68 
254971.81 
254971.93 
254972.06 
254972.19 
254972.32 
254972.45 
254972.57 
254972.70 
254972.83 
254972.96 
254973.08 
254973.21 
254973.34 
254973.47 
254973.60 
254973.73 
254973.85 
254973.98 
254974.11 
254974.24 
254974.37 
254974.49 
254974.62 
254974.75 
254974.88 
254975.01 
254975.13 
254975.26 
254975.39 
254975.52 
254975.65 
254975.77 
254975.90 
254976.03 
254976.16 
254976.28 
254976.41 
254976.54 
254976.67 
254976.80 
254976.93 
254977.05 
254977.18 
254977.31 
254977.44 
254977.56 
254977.69 
254977.81 
254977.94 
254978.07 
254978.20 
254978.33 
254978.47 
254978.60 
254978.73 
254978.86 
254978.99 
254979.12 
254979.25 
254979.37 
254979.50 
254979.63 
254979.76 
254979.88 
254980.01 
254980.14 
254980.27 
254980.40 
254980.52 
254980.65 
254980.78 
254980.91 
254981.04 
254981.17 
254981.29 
254981.42 
254981.55 
254981.68 
254981.81 
254981.93 
254982.06 
254982.19 
254982.31 
254982.43 
254982.57 
254982.70 
254982.84 
254982.96 
254983.09 
254983.23 
254983.37 
254983.50 
254983.62 
254983.75 
254983.88 
254984.01 
254984.14 
254984.27 
254984.39 
254984.52 
254984.66 
254984.79 
254984.92 
254985.05 
254985.18 
254985.31 
254985.44 
254985.56 
254985.69 
254985.82 
254985.95 
254986.08 
254986.21 
254986.34 
254986.47 
254986.59 
254986.73 
254986.86 
254986.99 
254987.12 
254987.25 
254987.37 
254987.50 
254987.63 
254987.75 
254987.88 
254988.01 
254988.14 
254988.27 
254988.40 
254988.54 
254988.67 
254988.80 
254988.92 
254989.05 
254989.18 
254989.31 
254989.44 
254989.56 
254989.69 
254989.82 
254989.95 
254990.07 
254990.20 
254990.34 
254990.47 
254990.60 
254990.73 
254990.85 
254990.98 
254991.11 
254991.24 
254991.37 
254991.49 
254991.62 
254991.75 
254991.88 
254992.01 
254992.14 
254992.27 
254992.40 
254992.53 
254992.65 
254992.78 
254992.90 
254993.03 
254993.16 
254993.29 
254993.42 
254993.55 
254993.67 
254993.80 
254993.93 
254994.06 
254994.19 
254994.32 
254994.45 
254994.57 
254994.70 
254994.84 
254994.97 
254995.09 
254995.22 
254995.35 
254995.48 
254995.61 
254995.74 
254995.87 
254995.99 
254996.12 
254996.26 
254996.39 
254996.52 
254996.65 
254996.77 
254996.90 
254997.03 
254997.16 
254997.29 
254997.42 
254997.55 
254997.67 
254997.80 
254997.93 
254998.05 
254998.18 
254998.31 
254998.44 
254998.57 
254998.70 
254998.82 
254998.95 
254999.08 
254999.21 
254999.34 
254999.47 
254999.60 
254999.74 
254999.87 
255000.00 
255000.13 
255000.25 
255000.38 
255000.50 
255000.63 
255000.76 
255000.89 
255001.02 
255001.15 
255001.27 
255001.41 
255001.53 
255001.66 
255001.79 
255001.92 
255002.05 
255002.18 
255002.32 
255002.44 
255002.57 
255002.70 
255002.82 
255002.95 
255003.08 
255003.21 
255003.34 
255003.46 
255003.59 
255003.72 
255003.85 
255003.98 
255004.11 
255004.24 
255004.36 
255004.49 
255004.62 
255004.75 
255004.88 
255005.01 
255005.14 
255005.26 
255005.39 
255005.52 
255005.65 
255005.77 
255005.90 
255006.03 
255006.16 
255006.29 
255006.41 
255006.54 
255006.67 
255006.80 
255006.95 
255007.08 
255007.21 
255007.34 
255007.47 
255007.59 
255007.72 
255007.85 
255007.98 
255008.10 
255008.23 
255008.36 
255008.49 
255008.62 
255008.75 
255008.87 
255009.00 
255009.13 
255009.26 
255009.39 
255009.52 
255009.65 
255009.77 
255009.90 
255010.03 
255010.16 
255010.31 
255010.44 
255010.57 
255010.69 
255010.82 
255010.95 
255011.08 
255011.21 
255011.33 
255011.46 
255011.59 
255011.72 
255011.85 
255011.98 
255012.11 
255012.24 
255012.36 
255012.49 
255012.61 
255012.74 
255012.87 
255013.00 
255013.13 
255013.26 
255013.38 
255013.51 
255013.63 
255013.76 
255013.90 
255014.03 
255014.16 
255014.28 
255014.41 
255014.54 
255014.67 
255014.80 
255014.92 
255015.05 
255015.18 
255015.31 
255015.43 
255015.56 
255015.69 
255015.81 
255015.94 
255016.07 
255016.20 
255016.35 
255016.47 
255016.62 
255016.75 
255016.88 
255017.01 
255017.13 
255017.26 
255017.39 
255017.53 
255017.66 
255017.78 
255017.91 
255018.04 
255018.17 
255018.30 
255018.42 
255018.55 
255018.68 
255018.81 
255018.93 
255019.06 
255019.19 
255019.32 
255019.45 
255019.57 
255019.70 
255019.83 
255019.95 
255020.08 
255020.22 
255020.35 
255020.47 
255020.61 
255020.73 
255020.86 
255020.99 
255021.12 
255021.25 
255021.37 
255021.50 
255021.63 
255021.76 
255021.88 
255022.01 
255022.14 
255022.27 
255022.40 
255022.53 
255022.65 
255022.79 
255022.92 
255023.05 
255023.18 
255023.30 
255023.43 
255023.56 
255023.69 
255023.81 
255023.94 
255024.07 
255024.20 
255024.33 
255024.46 
255024.58 
255024.71 
255024.84 
255024.97 
255025.09 
255025.22 
255025.35 
255025.48 
255025.61 
255025.74 
255025.87 
255026.00 
255026.12 
255026.25 
255026.38 
255026.51 
255026.63 
255026.76 
255026.89 
255027.02 
255027.15 
255027.28 
255027.41 
255027.53 
255027.66 
255027.79 
255027.92 
255028.05 
255028.17 
255028.30 
255028.42 
255028.55 
255028.68 
255028.82 
255028.95 
255029.08 
255029.21 
255029.34 
255029.47 
255029.60 
255029.73 
255029.85 
255029.98 
255030.11 
255030.23 
255030.38 
255030.51 
255030.64 
255030.76 
255030.89 
255031.02 
255031.15 
255031.28 
255031.41 
255031.53 
255031.66 
255031.79 
255031.93 
255032.06 
255032.19 
255032.32 
255032.45 
255032.57 
255032.70 
255032.83 
255032.96 
255033.08 
255033.21 
255033.34 
255033.47 
255033.60 
255033.72 
255033.85 
255033.98 
255034.11 
255034.24 
255034.37 
255034.49 
255034.62 
255034.75 
255034.88 
255035.01 
255035.13 
255035.26 
255035.39 
255035.52 
255035.65 
255035.77 
255035.90 
255036.03 
255036.16 
255036.29 
255036.41 
255036.55 
255036.67 
255036.81 
255036.94 
255037.06 
255037.19 
255037.32 
255037.45 
255037.60 
255037.72 
255037.85 
255037.98 
255038.11 
255038.24 
255038.36 
255038.49 
255038.62 
255038.75 
255038.88 
255039.01 
255039.13 
255039.26 
255039.39 
255039.52 
255039.65 
255039.79 
255039.92 
255040.05 
255040.17 
255040.32 
255040.44 
255040.57 
255040.70 
255040.83 
255040.96 
255041.08 
255041.21 
255041.34 
255041.47 
255041.60 
255041.73 
255041.85 
255041.98 
255042.11 
255042.24 
255042.37 
255042.49 
255042.62 
255042.75 
255042.87 
255043.00 
255043.13 
255043.26 
255043.39 
255043.52 
255043.65 
255043.77 
255043.90 
255044.03 
255044.16 
255044.28 
255044.41 
255044.54 
255044.67 
255044.80 
255044.92 
255045.05 
255045.18 
255045.31 
255045.44 
255045.57 
255045.69 
255045.82 
255045.95 
255046.08 
255046.21 
255046.33 
255046.46 
255046.59 
255046.72 
255046.85 
255046.97 
255047.10 
255047.23 
255047.36 
255047.49 
255047.62 
255047.74 
255047.87 
255048.00 
255048.13 
255048.25 
255048.38 
255048.51 
255048.64 
255048.76 
255048.89 
255049.02 
255049.15 
255049.28 
255049.41 
255049.55 
255049.68 
255049.81 
255049.93 
255050.06 
255050.19 
255050.31 
255050.44 
255050.57 
255050.71 
255050.84 
255050.97 
255051.10 
255051.23 
255051.36 
255051.48 
255051.61 
255051.74 
255051.87 
255052.00 
255052.12 
255052.25 
255052.38 
255052.51 
255052.64 
255052.76 
255052.89 
255053.02 
255053.15 
255053.28 
255053.41 
255053.54 
255053.66 
255053.79 
255053.92 
255054.05 
255054.17 
255054.30 
255054.43 
255054.56 
255054.68 
255054.81 
255054.94 
255055.07 
255055.19 
255055.33 
255055.45 
255055.58 
255055.71 
255055.84 
255055.97 
255056.09 
255056.22 
255056.35 
255056.48 
255056.61 
255056.74 
255056.87 
255057.00 
255057.13 
255057.26 
255057.38 
255057.51 
255057.64 
255057.77 
255057.90 
255058.03 
255058.16 
255058.29 
255058.41 
255058.54 
255058.67 
255058.80 
255058.92 
255059.05 
255059.18 
255059.31 
255059.43 
255059.56 
255059.68 
255059.81 
255059.94 
255060.06 
255060.19 
255060.32 
255060.44 
255060.57 
255060.70 
255060.83 
255060.96 
255061.08 
255061.21 
255061.34 
255061.47 
255061.60 
255061.73 
255061.85 
255061.98 
255062.11 
255062.24 
255062.36 
255062.49 
255062.62 
255062.75 
255062.90 
255063.02 
255063.15 
255063.28 
255063.41 
255063.54 
255063.66 
255063.79 
255063.92 
255064.06 
255064.19 
255064.32 
255064.45 
255064.57 
255064.70 
255064.83 
255064.96 
255065.08 
255065.21 
255065.34 
255065.47 
255065.60 
255065.73 
255065.85 
255065.98 
255066.10 
255066.23 
255066.36 
255066.49 
255066.61 
255066.74 
255066.87 
255067.02 
255067.15 
255067.28 
255067.41 
255067.53 
255067.66 
255067.79 
255067.91 
255068.04 
255068.17 
255068.30 
255068.43 
255068.56 
255068.68 
255068.81 
255068.94 
255069.07 
255069.19 
255069.32 
255069.45 
255069.57 
255069.70 
255069.85 
255069.98 
255070.10 
255070.23 
255070.36 
255070.49 
255070.62 
255070.75 
255070.88 
255071.00 
255071.13 
255071.26 
255071.38 
255071.51 
255071.64 
255071.77 
255071.89 
255072.02 
255072.15 
255072.28 
255072.42 
255072.55 
255072.68 
255072.80 
255072.92 
255073.05 
255073.18 
255073.31 
255073.44 
255073.57 
255073.69 
255073.82 
255073.95 
255074.08 
255074.21 
255074.34 
255074.46 
255074.59 
255074.72 
255074.85 
255074.97 
255075.10 
255075.23 
255075.36 
255075.49 
255075.62 
255075.75 
255075.88 
255076.01 
255076.14 
255076.27 
255076.40 
255076.53 
255076.65 
255076.78 
255076.91 
255077.04 
255077.16 
255077.29 
255077.42 
255077.55 
255077.68 
255077.80 
255077.93 
255078.06 
255078.19 
255078.32 
255078.44 
255078.57 
255078.69 
255078.82 
255078.94 
255079.08 
255079.21 
255079.34 
255079.47 
255079.60 
255079.74 
255079.87 
255080.00 
255080.13 
255080.25 
255080.38 
255080.51 
255080.64 
255080.76 
255080.89 
255081.02 
255081.15 
255081.28 
255081.41 
255081.54 
255081.67 
255081.80 
255081.93 
255082.06 
255082.19 
255082.32 
255082.45 
255082.57 
255082.70 
255082.83 
255082.96 
255083.08 
255083.22 
255083.34 
255083.47 
255083.60 
255083.73 
255083.85 
255083.98 
255084.11 
255084.24 
255084.37 
255084.49 
255084.62 
255084.75 
255084.88 
255085.01 
255085.13 
255085.26 
255085.39 
255085.52 
255085.65 
255085.77 
255085.90 
255086.03 
255086.16 
255086.30 
255086.43 
255086.56 
255086.68 
255086.81 
255086.94 
255087.09 
255087.22 
255087.34 
255087.47 
255087.60 
255087.73 
255087.85 
255087.98 
255088.11 
255088.24 
255088.36 
255088.49 
255088.62 
255088.75 
255088.88 
255089.00 
255089.15 
255089.27 
255089.41 
255089.53 
255089.66 
255089.79 
255089.92 
255090.05 
255090.17 
255090.30 
255090.43 
255090.56 
255090.68 
255090.81 
255090.94 
255091.07 
255091.20 
255091.33 
255091.45 
255091.58 
255091.71 
255091.84 
255091.96 
255092.09 
255092.22 
255092.35 
255092.48 
255092.60 
255092.73 
255092.86 
255092.99 
255093.12 
255093.24 
255093.37 
255093.50 
255093.63 
255093.75 
255093.88 
255094.01 
255094.15 
255094.28 
255094.41 
255094.54 
255094.67 
255094.80 
255094.93 
255095.05 
255095.18 
255095.31 
255095.43 
255095.56 
255095.69 
255095.82 
255095.95 
255096.07 
255096.20 
255096.33 
255096.46 
255096.58 
255096.71 
255096.84 
255096.97 
255097.10 
255097.23 
255097.36 
255097.48 
255097.61 
255097.74 
255097.87 
255098.00 
255098.13 
255098.25 
255098.38 
255098.51 
255098.64 
255098.77 
255098.89 
255099.02 
255099.14 
255099.27 
255099.40 
255099.53 
255099.66 
255099.79 
255099.91 
255100.04 
255100.17 
255100.30 
255100.43 
255100.56 
255100.68 
255100.81 
255100.94 
255101.08 
255101.21 
255101.34 
255101.47 
255101.59 
255101.72 
255101.85 
255101.97 
255102.10 
255102.23 
255102.36 
255102.49 
255102.62 
255102.75 
255102.88 
255103.00 
255103.13 
255103.26 
255103.39 
255103.52 
255103.65 
255103.77 
255103.91 
255104.04 
255104.17 
255104.30 
255104.43 
255104.55 
255104.68 
255104.81 
255104.94 
255105.07 
255105.20 
255105.33 
255105.45 
255105.58 
255105.71 
255105.84 
255105.97 
255106.09 
255106.22 
255106.35 
255106.48 
255106.60 
255106.74 
255106.86 
255106.99 
255107.12 
255107.25 
255107.37 
255107.50 
255107.63 
255107.76 
255107.88 
255108.01 
255108.14 
255108.27 
255108.40 
255108.53 
255108.65 
255108.78 
255108.91 
255109.03 
255109.16 
255109.29 
255109.41 
255109.54 
255109.67 
255109.80 
255109.93 
255110.06 
255110.19 
255110.31 
255110.44 
255110.57 
255110.70 
255110.83 
255110.96 
255111.08 
255111.21 
255111.34 
255111.47 
255111.60 
255111.73 
255111.85 
255111.98 
255112.11 
255112.24 
255112.37 
255112.49 
255112.62 
255112.75 
255112.88 
255113.01 
255113.13 
255113.26 
255113.39 
255113.52 
255113.65 
255113.77 
255113.90 
255114.03 
255114.16 
255114.28 
255114.41 
255114.54 
255114.67 
255114.80 
255114.93 
255115.05 
255115.18 
255115.31 
255115.44 
255115.56 
255115.69 
255115.82 
255115.95 
255116.08 
255116.21 
255116.35 
255116.48 
255116.60 
255116.73 
255116.86 
255116.98 
255117.11 
255117.24 
255117.37 
255117.50 
255117.63 
255117.76 
255117.88 
255118.01 
255118.14 
255118.27 
255118.40 
255118.55 
255118.67 
255118.80 
255118.93 
255119.05 
255119.18 
255119.31 
255119.44 
255119.57 
255119.69 
255119.82 
255119.95 
255120.08 
255120.21 
255120.34 
255120.46 
255120.59 
255120.71 
255120.84 
255120.97 
255121.10 
255121.23 
255121.35 
255121.48 
255121.61 
255121.74 
255121.87 
255122.00 
255122.13 
255122.25 
255122.38 
255122.51 
255122.64 
255122.77 
255122.89 
255123.02 
255123.15 
255123.29 
255123.42 
255123.55 
255123.68 
255123.81 
255123.93 
255124.06 
255124.19 
255124.32 
255124.45 
255124.58 
255124.71 
255124.84 
255124.97 
255125.10 
255125.23 
255125.36 
255125.48 
255125.61 
255125.74 
255125.87 
255126.00 
255126.13 
255126.25 
255126.38 
255126.51 
255126.64 
255126.76 
255126.89 
255127.02 
255127.15 
255127.28 
255127.41 
255127.54 
255127.66 
255127.79 
255127.92 
255128.05 
255128.17 
255128.30 
255128.43 
255128.56 
255128.69 
255128.81 
255128.94 
255129.07 
255129.20 
255129.33 
255129.45 
255129.58 
255129.71 
255129.83 
255129.96 
255130.09 
255130.22 
255130.35 
255130.48 
255130.61 
255130.74 
255130.87 
255131.00 
255131.13 
255131.26 
255131.38 
255131.51 
255131.64 
255131.77 
255131.90 
255132.03 
255132.15 
255132.28 
255132.41 
255132.54 
255132.67 
255132.79 
255132.91 
255133.04 
255133.16 
255133.29 
255133.42 
255133.55 
255133.67 
255133.80 
255133.93 
255134.05 
255134.18 
255134.31 
255134.44 
255134.57 
255134.70 
255134.83 
255134.95 
255135.08 
255135.21 
255135.36 
255135.48 
255135.61 
255135.74 
255135.87 
255136.00 
255136.13 
255136.26 
255136.38 
255136.51 
255136.65 
255136.78 
255136.91 
255137.04 
255137.16 
255137.29 
255137.42 
255137.55 
255137.68 
255137.82 
255137.95 
255138.08 
255138.21 
255138.34 
255138.47 
255138.60 
255138.73 
255138.86 
255139.00 
255139.12 
255139.25 
255139.38 
255139.51 
255139.63 
255139.76 
255139.89 
255140.02 
255140.15 
255140.28 
255140.41 
255140.54 
255140.66 
255140.79 
255140.92 
255141.05 
255141.18 
255141.30 
255141.43 
255141.56 
255141.69 
255141.81 
255141.95 
255142.07 
255142.20 
255142.33 
255142.46 
255142.59 
255142.72 
255142.85 
255142.97 
255143.10 
255143.23 
255143.36 
255143.48 
255143.61 
255143.74 
255143.87 
255144.00 
255144.13 
255144.25 
255144.38 
255144.51 
255144.64 
255144.77 
255144.89 
255145.02 
255145.15 
255145.28 
255145.41 
255145.54 
255145.66 
255145.79 
255145.92 
255146.05 
255146.18 
255146.31 
255146.45 
255146.58 
255146.71 
255146.84 
255146.97 
255147.10 
255147.23 
255147.36 
255147.48 
255147.61 
255147.74 
255147.87 
255148.01 
255148.14 
255148.27 
255148.40 
255148.52 
255148.65 
255148.78 
255148.91 
255149.04 
255149.16 
255149.29 
255149.42 
255149.55 
255149.68 
255149.81 
255149.93 
255150.06 
255150.19 
255150.32 
255150.45 
255150.58 
255150.71 
255150.85 
255150.97 
255151.10 
255151.23 
255151.36 
255151.49 
255151.61 
255151.74 
255151.89 
255152.02 
255152.15 
255152.28 
255152.41 
255152.54 
255152.67 
255152.79 
255152.92 
255153.04 
255153.17 
255153.30 
255153.43 
255153.56 
255153.69 
255153.82 
255153.95 
255154.08 
255154.20 
255154.33 
255154.46 
255154.59 
255154.72 
255154.85 
255154.97 
255155.10 
255155.23 
255155.36 
255155.48 
255155.61 
255155.74 
255155.87 
255156.00 
255156.13 
255156.25 
255156.38 
255156.51 
255156.64 
255156.76 
255156.89 
255157.02 
255157.15 
255157.28 
255157.41 
255157.54 
255157.67 
255157.80 
255157.93 
255158.05 
255158.18 
255158.31 
255158.44 
255158.57 
255158.69 
255158.83 
255158.96 
255159.09 
255159.22 
255159.35 
255159.48 
255159.60 
255159.73 
255159.85 
255159.98 
255160.11 
255160.24 
255160.36 
255160.49 
255160.62 
255160.75 
255160.88 
255161.00 
255161.13 
255161.26 
255161.39 
255161.51 
255161.64 
255161.77 
255161.90 
255162.03 
255162.16 
255162.29 
255162.41 
255162.54 
255162.67 
255162.81 
255162.94 
255163.06 
255163.19 
255163.32 
255163.44 
255163.57 
255163.70 
255163.83 
255163.96 
255164.09 
255164.22 
255164.35 
255164.47 
255164.60 
255164.73 
255164.86 
255164.99 
255165.12 
255165.25 
255165.37 
255165.50 
255165.63 
255165.76 
255165.88 
255166.01 
255166.14 
255166.27 
255166.40 
255166.52 
255166.65 
255166.78 
255166.91 
255167.04 
255167.17 
255167.30 
255167.43 
255167.56 
255167.69 
255167.81 
255167.95 
255168.07 
255168.20 
255168.33 
255168.46 
255168.58 
255168.71 
255168.84 
255168.96 
255169.09 
255169.21 
255169.34 
255169.47 
255169.60 
255169.73 
255169.85 
255169.98 
255170.11 
255170.24 
255170.37 
255170.49 
255170.62 
255170.75 
255170.88 
255171.01 
255171.14 
255171.26 
255171.39 
255171.54 
255171.67 
255171.79 
255171.93 
255172.06 
255172.19 
255172.32 
255172.45 
255172.57 
255172.70 
255172.83 
255172.96 
255173.08 
255173.21 
255173.34 
255173.49 
255173.62 
255173.74 
255173.87 
255174.00 
255174.13 
255174.26 
255174.39 
255174.52 
255174.65 
255174.78 
255174.91 
255175.05 
255175.18 
255175.32 
255175.45 
255175.58 
255175.71 
255175.84 
255175.98 
255176.11 
255176.24 
255176.37 
255176.49 
255176.62 
255176.75 
255176.88 
255177.01 
255177.13 
255177.26 
255177.39 
255177.52 
255177.65 
255177.77 
255177.90 
255178.03 
255178.16 
255178.28 
255178.41 
255178.54 
255178.67 
255178.80 
255178.92 
255179.05 
255179.18 
255179.31 
255179.44 
255179.57 
255179.69 
255179.82 
255179.95 
255180.08 
255180.20 
255180.33 
255180.46 
255180.59 
255180.71 
255180.84 
255180.97 
255181.10 
255181.23 
255181.36 
255181.48 
255181.61 
255181.74 
255181.87 
255182.00 
255182.13 
255182.25 
255182.38 
255182.51 
255182.64 
255182.76 
255182.89 
255183.02 
255183.15 
255183.28 
255183.40 
255183.53 
255183.66 
255183.79 
255183.92 
255184.04 
255184.17 
255184.30 
255184.43 
255184.56 
255184.68 
255184.83 
255184.95 
255185.08 
255185.21 
255185.34 
255185.47 
255185.60 
255185.73 
255185.85 
255185.99 
255186.12 
255186.25 
255186.38 
255186.51 
255186.64 
255186.76 
255186.89 
255187.02 
255187.15 
255187.28 
255187.41 
255187.53 
255187.66 
255187.79 
255187.92 
255188.05 
255188.17 
255188.30 
255188.43 
255188.55 
255188.68 
255188.82 
255188.95 
255189.08 
255189.21 
255189.34 
255189.46 
255189.59 
255189.72 
255189.85 
255189.98 
255190.11 
255190.24 
255190.37 
255190.49 
255190.62 
255190.75 
255190.88 
255191.01 
255191.14 
255191.27 
255191.40 
255191.53 
255191.66 
255191.79 
255191.92 
255192.04 
255192.17 
255192.30 
255192.43 
255192.56 
255192.68 
255192.81 
255192.94 
255193.07 
255193.20 
255193.33 
255193.47 
255193.60 
255193.73 
255193.85 
255193.98 
255194.11 
255194.24 
255194.37 
255194.49 
255194.62 
255194.75 
255194.87 
255195.01 
255195.13 
255195.26 
255195.39 
255195.52 
255195.65 
255195.77 
255195.90 
255196.03 
255196.16 
255196.30 
255196.43 
255196.56 
255196.68 
255196.81 
255196.94 
255197.07 
255197.20 
255197.33 
255197.45 
255197.58 
255197.70 
255197.83 
255197.96 
255198.09 
255198.22 
255198.35 
255198.48 
255198.61 
255198.73 
255198.86 
255198.99 
255199.12 
255199.25 
255199.37 
255199.50 
255199.63 
255199.76 
255199.88 
255200.01 
255200.14 
255200.27 
255200.40 
255200.52 
255200.65 
255200.78 
255200.91 
255201.04 
255201.17 
255201.29 
255201.42 
255201.55 
255201.68 
255201.81 
255201.93 
255202.06 
255202.19 
255202.32 
255202.45 
255202.57 
255202.70 
255202.83 
255202.96 
255203.08 
255203.21 
255203.34 
255203.47 
255203.60 
255203.72 
255203.85 
255203.98 
255204.11 
255204.24 
255204.36 
255204.49 
255204.62 
255204.75 
255204.88 
255205.00 
255205.13 
255205.26 
255205.39 
255205.52 
255205.65 
255205.77 
255205.90 
255206.03 
255206.16 
255206.29 
255206.41 
255206.54 
255206.67 
255206.80 
255206.93 
255207.06 
255207.18 
255207.31 
255207.44 
255207.57 
255207.69 
255207.82 
255207.95 
255208.07 
255208.20 
255208.33 
255208.45 
255208.58 
255208.71 
255208.83 
255208.96 
255209.08 
255209.21 
255209.34 
255209.47 
255209.60 
255209.73 
255209.85 
255209.98 
255210.11 
255210.24 
255210.36 
255210.49 
255210.62 
255210.75 
255210.88 
255211.00 
255211.13 
255211.26 
255211.39 
255211.52 
255211.66 
255211.79 
255211.92 
255212.04 
255212.17 
255212.30 
255212.43 
255212.56 
255212.68 
255212.81 
255212.94 
255213.07 
255213.20 
255213.32 
255213.45 
255213.58 
255213.71 
255213.84 
255213.97 
255214.09 
255214.22 
255214.35 
255214.48 
255214.61 
255214.74 
255214.86 
255214.99 
255215.12 
255215.25 
255215.37 
255215.50 
255215.63 
255215.76 
255215.88 
255216.01 
255216.14 
255216.27 
255216.40 
255216.52 
255216.65 
255216.78 
255216.91 
255217.04 
255217.16 
255217.29 
255217.42 
255217.55 
255217.68 
255217.81 
255217.93 
255218.06 
255218.19 
255218.32 
255218.44 
255218.57 
255218.70 
255218.83 
255218.95 
255219.08 
255219.20 
255219.33 
255219.46 
255219.59 
255219.72 
255219.85 
255219.98 
255220.11 
255220.24 
255220.37 
255220.49 
255220.62 
255220.75 
255220.88 
255221.01 
255221.13 
255221.26 
255221.39 
255221.52 
255221.64 
255221.77 
255221.90 
255222.03 
255222.15 
255222.28 
255222.41 
255222.54 
255222.67 
255222.79 
255222.92 
255223.05 
255223.18 
255223.30 
255223.43 
255223.56 
255223.69 
255223.82 
255223.95 
255224.08 
255224.20 
255224.33 
255224.46 
255224.59 
255224.72 
255224.85 
255224.97 
255225.10 
255225.23 
255225.36 
255225.48 
255225.61 
255225.74 
255225.87 
255226.00 
255226.12 
255226.25 
255226.38 
255226.51 
255226.64 
255226.76 
255226.89 
255227.02 
255227.15 
255227.28 
255227.41 
255227.53 
255227.66 
255227.79 
255227.92 
255228.05 
255228.17 
255228.30 
255228.43 
255228.55 
255228.68 
255228.81 
255228.94 
255229.07 
255229.19 
255229.32 
255229.45 
255229.58 
255229.71 
255229.83 
255229.96 
255230.09 
255230.22 
255230.35 
255230.47 
255230.60 
255230.73 
255230.86 
255230.99 
255231.12 
255231.25 
255231.37 
255231.50 
255231.63 
255231.76 
255231.89 
255232.01 
255232.14 
255232.27 
255232.40 
255232.53 
255232.66 
255232.79 
255232.92 
255233.05 
255233.19 
255233.32 
255233.44 
255233.57 
255233.69 
255233.82 
255233.95 
255234.08 
255234.21 
255234.33 
255234.46 
255234.59 
255234.72 
255234.85 
255234.97 
255235.10 
255235.23 
255235.36 
255235.48 
255235.61 
255235.74 
255235.87 
255236.00 
255236.13 
255236.25 
255236.38 
255236.51 
255236.64 
255236.76 
255236.89 
255237.02 
255237.15 
255237.28 
255237.42 
255237.55 
255237.68 
255237.81 
255237.93 
255238.06 
255238.19 
255238.32 
255238.44 
255238.57 
255238.70 
255238.83 
255238.96 
255239.09 
255239.21 
255239.34 
255239.47 
255239.60 
255239.73 
255239.85 
255239.98 
255240.11 
255240.24 
255240.37 
255240.49 
255240.62 
255240.75 
255240.88 
255241.00 
255241.13 
255241.28 
255241.41 
255241.53 
255241.66 
255241.79 
255241.92 
255242.05 
255242.17 
255242.30 
255242.43 
255242.56 
255242.69 
255242.81 
255242.94 
255243.07 
255243.20 
255243.33 
255243.45 
255243.58 
255243.71 
255243.84 
255243.96 
255244.09 
255244.22 
255244.35 
255244.49 
255244.62 
255244.75 
255244.87 
255245.00 
255245.13 
255245.26 
255245.38 
255245.51 
255245.64 
255245.77 
255245.89 
255246.02 
255246.15 
255246.28 
255246.41 
255246.54 
255246.67 
255246.80 
255246.93 
255247.05 
255247.18 
255247.31 
255247.44 
255247.58 
255247.72 
255247.85 
255247.97 
255248.11 
255248.23 
255248.36 
255248.49 
255248.62 
255248.75 
255248.87 
255249.00 
255249.13 
255249.26 
255249.39 
255249.52 
255249.65 
255249.77 
255249.90 
255250.03 
255250.16 
255250.28 
255250.41 
255250.54 
255250.67 
255250.80 
255250.93 
255251.05 
255251.20 
255251.33 
255251.45 
255251.58 
255251.73 
255251.86 
255251.99 
255252.12 
255252.24 
255252.37 
255252.51 
255252.63 
255252.76 
255252.89 
255253.02 
255253.15 
255253.28 
255253.41 
255253.53 
255253.66 
255253.80 
255253.93 
255254.06 
255254.19 
255254.32 
255254.45 
255254.57 
255254.70 
255254.83 
255254.96 
255255.08 
255255.21 
255255.34 
255255.47 
255255.59 
255255.72 
255255.85 
255255.98 
255256.11 
255256.24 
255256.37 
255256.49 
255256.62 
255256.76 
255256.89 
255257.02 
255257.15 
255257.27 
255257.41 
255257.53 
255257.66 
255257.81 
255257.94 
255258.07 
255258.20 
255258.33 
255258.46 
255258.58 
255258.71 
255258.84 
255258.96 
255259.09 
255259.22 
255259.35 
255259.48 
255259.61 
255259.74 
255259.87 
255259.99 
255260.12 
255260.25 
255260.38 
255260.50 
255260.63 
255260.77 
255260.90 
255261.03 
255261.16 
255261.29 
255261.42 
255261.56 
255261.69 
255261.82 
255261.95 
255262.08 
255262.21 
255262.34 
255262.46 
255262.60 
255262.73 
255262.86 
255262.99 
255263.12 
255263.25 
255263.37 
255263.50 
255263.63 
255263.76 
255263.88 
255264.01 
255264.14 
255264.27 
255264.40 
255264.53 
255264.65 
255264.78 
255264.91 
255265.04 
255265.17 
255265.29 
255265.42 
255265.55 
255265.68 
255265.80 
255265.93 
255266.06 
255266.19 
255266.32 
255266.45 
255266.57 
255266.70 
255266.83 
255266.96 
255267.09 
255267.21 
255267.34 
255267.47 
255267.60 
255267.73 
255267.85 
255267.98 
255268.11 
255268.24 
255268.37 
255268.49 
255268.62 
255268.75 
255268.88 
255269.01 
255269.13 
255269.26 
255269.39 
255269.52 
255269.65 
255269.77 
255269.90 
255270.03 
255270.17 
255270.30 
255270.43 
255270.56 
255270.69 
255270.81 
255270.94 
255271.07 
255271.20 
255271.33 
255271.45 
255271.58 
255271.71 
255271.84 
255271.97 
255272.09 
255272.22 
255272.35 
255272.48 
255272.60 
255272.73 
255272.86 
255272.99 
255273.12 
255273.25 
255273.37 
255273.50 
255273.63 
255273.76 
255273.88 
255274.01 
255274.14 
255274.27 
255274.40 
255274.53 
255274.65 
255274.78 
255274.91 
255275.04 
255275.16 
255275.29 
255275.42 
255275.55 
255275.68 
255275.81 
255275.93 
255276.06 
255276.19 
255276.32 
255276.45 
255276.57 
255276.70 
255276.83 
255276.96 
255277.08 
255277.21 
255277.34 
255277.47 
255277.60 
255277.73 
255277.85 
255277.98 
255278.11 
255278.24 
255278.37 
255278.49 
255278.62 
255278.75 
255278.88 
255279.00 
255279.13 
255279.26 
255279.39 
255279.53 
255279.66 
255279.79 
255279.92 
255280.05 
255280.17 
255280.30 
255280.44 
255280.56 
255280.69 
255280.82 
255280.95 
255281.10 
255281.22 
255281.35 
255281.48 
255281.61 
255281.74 
255281.87 
255281.99 
255282.12 
255282.25 
255282.38 
255282.50 
255282.63 
255282.76 
255282.89 
255283.02 
255283.14 
255283.26 
255283.39 
255283.52 
255283.65 
255283.77 
255283.90 
255284.02 
255284.15 
255284.27 
255284.40 
255284.53 
255284.65 
255284.78 
255284.91 
255285.04 
255285.16 
255285.29 
255285.42 
255285.55 
255285.68 
255285.81 
255285.94 
255286.06 
255286.19 
255286.32 
255286.45 
255286.57 
255286.70 
255286.83 
255286.96 
255287.08 
255287.21 
255287.34 
255287.47 
255287.60 
255287.73 
255287.85 
255287.98 
255288.11 
255288.24 
255288.38 
255288.51 
255288.64 
255288.77 
255288.89 
255289.02 
255289.15 
255289.28 
255289.41 
255289.53 
255289.66 
255289.79 
255289.92 
255290.05 
255290.17 
255290.30 
255290.43 
255290.56 
255290.68 
255290.81 
255290.94 
255291.07 
255291.20 
255291.32 
255291.45 
255291.58 
255291.71 
255291.84 
255291.96 
255292.09 
255292.22 
255292.35 
255292.48 
255292.61 
255292.74 
255292.86 
255292.99 
255293.12 
255293.25 
255293.37 
255293.50 
255293.63 
255293.76 
255293.89 
255294.01 
255294.14 
255294.27 
255294.41 
255294.55 
255294.68 
255294.80 
255294.93 
255295.08 
255295.21 
255295.34 
255295.46 
255295.59 
255295.72 
255295.85 
255295.98 
255296.10 
255296.23 
255296.36 
255296.48 
255296.61 
255296.74 
255296.87 
255297.00 
255297.12 
255297.25 
255297.37 
255297.50 
255297.63 
255297.76 
255297.88 
255298.01 
255298.15 
255298.28 
255298.41 
255298.53 
255298.65 
255298.78 
255298.91 
255299.04 
255299.16 
255299.29 
255299.42 
255299.55 
255299.68 
255299.81 
255299.94 
255300.06 
255300.19 
255300.32 
255300.45 
255300.57 
255300.70 
255300.84 
255300.97 
255301.10 
255301.23 
255301.36 
255301.49 
255301.61 
255301.74 
255301.87 
255302.00 
255302.13 
255302.26 
255302.39 
255302.52 
255302.65 
255302.78 
255302.91 
255303.04 
255303.17 
255303.32 
255303.45 
255303.57 
255303.70 
255303.84 
255303.96 
255304.09 
255304.22 
255304.35 
255304.49 
255304.61 
255304.74 
255304.87 
255305.00 
255305.13 
255305.26 
255305.38 
255305.51 
255305.64 
255305.77 
255305.90 
255306.03 
255306.15 
255306.28 
255306.41 
255306.54 
255306.67 
255306.80 
255306.92 
255307.05 
255307.18 
255307.31 
255307.44 
255307.56 
255307.69 
255307.82 
255307.95 
255308.09 
255308.22 
255308.35 
255308.48 
255308.61 
255308.74 
255308.86 
255308.99 
255309.11 
255309.24 
255309.37 
255309.49 
255309.62 
255309.75 
255309.88 
255310.01 
255310.14 
255310.27 
255310.39 
255310.52 
255310.65 
255310.78 
255310.90 
255311.03 
255311.16 
255311.29 
255311.41 
255311.54 
255311.67 
255311.80 
255311.93 
255312.07 
255312.20 
255312.33 
255312.46 
255312.59 
255312.72 
255312.85 
255312.97 
255313.10 
255313.23 
255313.36 
255313.48 
255313.61 
255313.74 
255313.87 
255314.00 
255314.14 
255314.28 
255314.41 
255314.54 
255314.68 
255314.81 
255314.94 
255315.07 
255315.20 
255315.33 
255315.45 
255315.58 
255315.70 
255315.84 
255315.96 
255316.09 
255316.22 
255316.35 
255316.48 
255316.61 
255316.75 
255316.88 
255317.00 
255317.13 
255317.26 
255317.39 
255317.52 
255317.65 
255317.77 
255317.90 
255318.03 
255318.16 
255318.28 
255318.41 
255318.54 
255318.67 
255318.80 
255318.92 
255319.05 
255319.18 
255319.31 
255319.45 
255319.58 
255319.70 
255319.83 
255319.96 
255320.09 
255320.21 
255320.34 
255320.47 
255320.59 
255320.72 
255320.85 
255320.97 
255321.10 
255321.23 
255321.36 
255321.48 
255321.61 
255321.74 
255321.87 
255322.00 
255322.12 
255322.25 
255322.38 
255322.51 
255322.64 
255322.76 
255322.89 
255323.04 
255323.16 
255323.29 
255323.42 
255323.55 
255323.68 
255323.81 
255323.94 
255324.07 
255324.20 
255324.33 
255324.46 
255324.58 
255324.71 
255324.84 
255324.97 
255325.10 
255325.24 
255325.37 
255325.50 
255325.62 
255325.75 
255325.88 
255326.01 
255326.14 
255326.27 
255326.39 
255326.52 
255326.65 
255326.78 
255326.91 
255327.03 
255327.16 
255327.29 
255327.41 
255327.54 
255327.67 
255327.80 
255327.93 
255328.06 
255328.19 
255328.31 
255328.46 
255328.59 
255328.72 
255328.84 
255328.97 
255329.10 
255329.22 
255329.35 
255329.48 
255329.61 
255329.74 
255329.87 
255330.00 
255330.13 
255330.25 
255330.38 
255330.51 
255330.64 
255330.77 
255330.89 
255331.02 
255331.15 
255331.28 
255331.41 
255331.53 
255331.66 
255331.79 
255331.92 
255332.04 
255332.17 
255332.30 
255332.43 
255332.57 
255332.70 
255332.82 
255332.95 
255333.08 
255333.21 
255333.34 
255333.47 
255333.60 
255333.73 
255333.85 
255333.98 
255334.11 
255334.24 
255334.36 
255334.49 
255334.62 
255334.75 
255334.88 
255335.01 
255335.14 
255335.26 
255335.39 
255335.52 
255335.65 
255335.77 
255335.90 
255336.03 
255336.16 
255336.28 
255336.41 
255336.54 
255336.67 
255336.80 
255336.93 
255337.05 
255337.18 
255337.31 
255337.44 
255337.56 
255337.69 
255337.82 
255337.95 
255338.08 
255338.21 
255338.33 
255338.46 
255338.59 
255338.71 
255338.84 
255338.97 
255339.09 
255339.22 
255339.35 
255339.48 
255339.61 
255339.74 
255339.87 
255339.99 
255340.13 
255340.25 
255340.38 
255340.51 
255340.64 
255340.76 
255340.89 
255341.02 
255341.15 
255341.28 
255341.41 
255341.53 
255341.66 
255341.79 
255341.92 
255342.04 
255342.17 
255342.30 
255342.43 
255342.56 
255342.68 
255342.81 
255342.94 
255343.07 
255343.21 
255343.34 
255343.47 
255343.60 
255343.73 
255343.85 
255343.98 
255344.11 
255344.24 
255344.36 
255344.49 
255344.61 
255344.74 
255344.87 
255345.00 
255345.13 
255345.26 
255345.38 
255345.51 
255345.64 
255345.77 
255345.90 
255346.02 
255346.15 
255346.28 
255346.41 
255346.54 
255346.67 
255346.80 
255346.92 
255347.05 
255347.18 
255347.31 
255347.44 
255347.56 
255347.69 
255347.82 
255347.95 
255348.08 
255348.21 
255348.33 
255348.46 
255348.59 
255348.72 
255348.84 
255348.98 
255349.11 
255349.24 
255349.37 
255349.50 
255349.63 
255349.76 
255349.88 
255350.01 
255350.14 
255350.29 
255350.42 
255350.54 
255350.67 
255350.80 
255350.92 
255351.05 
255351.18 
255351.30 
255351.43 
255351.56 
255351.69 
255351.81 
255351.94 
255352.07 
255352.20 
255352.33 
255352.45 
255352.58 
255352.71 
255352.84 
255352.97 
255353.10 
255353.23 
255353.35 
255353.48 
255353.61 
255353.74 
255353.87 
255354.00 
255354.12 
255354.25 
255354.38 
255354.51 
255354.64 
255354.76 
255354.89 
255355.02 
255355.15 
255355.28 
255355.41 
255355.53 
255355.66 
255355.79 
255355.92 
255356.04 
255356.17 
255356.30 
255356.43 
255356.56 
255356.68 
255356.81 
255356.94 
255357.07 
255357.22 
255357.35 
255357.47 
255357.61 
255357.74 
255357.89 
255358.02 
255358.14 
255358.27 
255358.40 
255358.52 
255358.63 
255358.74 
255358.88 
255358.99 
255359.10 
255359.22 
255359.35 
255359.48 
255359.61 
255359.73 
255359.86 
255359.99 
255360.11 
255360.23 
255360.34 
255360.47 
255360.58 
255360.71 
255360.83 
255360.95 
255361.06 
255361.17 
255361.30 
255361.42 
255361.55 
255361.66 
255361.78 
255361.90 
255362.03 
255362.15 
255362.26 
255362.38 
255362.49 
255362.62 
255362.74 
255362.87 
255362.99 
255363.11 
255363.24 
255363.36 
255363.47 
255363.60 
255363.72 
255363.85 
255363.97 
255364.10 
255364.23 
255364.34 
255364.47 
255364.59 
255364.70 
255364.82 
255364.93 
255365.06 
255365.17 
255365.30 
255365.43 
255365.54 
255365.65 
255365.78 
255365.90 
255366.02 
255366.13 
255366.26 
255366.39 
255366.51 
255366.63 
255366.75 
255366.86 
255366.98 
255367.09 
255367.22 
255367.34 
255367.46 
255367.59 
255367.70 
255367.83 
255367.94 
255368.07 
255368.19 
255368.31 
255368.43 
255368.56 
255368.67 
255368.80 
255368.93 
255369.06 
255369.19 
255369.32 
255369.45 
255369.56 
255369.68 
255369.80 
255369.91 
255370.04 
255370.15 
255370.27 
255370.39 
255370.51 
255370.63 
255370.77 
255370.88 
255371.01 
255371.12 
255371.24 
255371.35 
255371.47 
255371.59 
255371.71 
255371.83 
255371.96 
255372.08 
255372.20 
255372.32 
255372.44 
255372.57 
255372.68 
255372.80 
255372.92 
255373.04 
255373.16 
255373.29 
255373.41 
255373.54 
255373.66 
255373.79 
255373.90 
255374.04 
255374.15 
255374.27 
255374.39 
255374.52 
255374.65 
255374.77 
255374.88 
255374.99 
255375.10 
255375.22 
255375.33 
255375.45 
255375.57 
255375.69 
255375.83 
255375.94 
255376.05 
255376.17 
255376.28 
255376.40 
255376.53 
255376.65 
255376.78 
255376.90 
255377.03 
255377.14 
255377.26 
255377.38 
255377.51 
255377.63 
255377.74 
255377.87 
255378.00 
255378.12 
255378.23 
255378.36 
255378.48 
255378.61 
255378.74 
255378.86 
255378.98 
255379.11 
255379.23 
255379.36 
255379.48 
255379.60 
255379.73 
255379.84 
255379.96 
255380.09 
255380.20 
255380.32 
255380.45 
255380.57 
255380.70 
255380.82 
255380.95 
255381.07 
255381.20 
255381.32 
255381.45 
255381.57 
255381.70 
255381.82 
255381.95 
255382.07 
255382.19 
255382.31 
255382.44 
255382.56 
255382.70 
255382.82 
255382.95 
255383.07 
255383.19 
255383.32 
255383.45 
255383.57 
255383.69 
255383.82 
255383.95 
255384.07 
255384.19 
255384.32 
255384.44 
255384.56 
255384.68 
255384.80 
255384.92 
255385.05 
255385.17 
255385.29 
255385.41 
255385.53 
255385.66 
255385.78 
255385.91 
255386.03 
255386.16 
255386.28 
255386.41 
255386.53 
255386.66 
255386.78 
255386.90 
255387.02 
255387.14 
255387.26 
255387.39 
255387.52 
255387.65 
255387.76 
255387.88 
255388.01 
255388.13 
255388.26 
255388.37 
255388.50 
255388.62 
255388.74 
255388.86 
255388.98 
255389.11 
255389.24 
255389.36 
255389.49 
255389.61 
255389.75 
255389.87 
255390.01 
255390.13 
255390.25 
255390.37 
255390.51 
255390.63 
255390.75 
255390.87 
255390.99 
255391.13 
255391.25 
255391.37 
255391.48 
255391.61 
255391.74 
255391.86 
255391.98 
255392.10 
255392.24 
255392.36 
255392.47 
255392.60 
255392.73 
255392.85 
255392.98 
255393.10 
255393.23 
255393.35 
255393.48 
255393.60 
255393.72 
255393.84 
255393.96 
255394.08 
255394.21 
255394.34 
255394.46 
255394.60 
255394.72 
255394.85 
255394.97 
255395.10 
255395.22 
255395.34 
255395.46 
255395.58 
255395.70 
255395.83 
255395.96 
255396.08 
255396.21 
255396.34 
255396.46 
255396.58 
255396.72 
255396.84 
255396.97 
255397.09 
255397.22 
255397.34 
255397.46 
255397.59 
255397.72 
255397.84 
255397.96 
255398.09 
255398.21 
255398.35 
255398.47 
255398.61 
255398.73 
255398.86 
255398.98 
255399.11 
255399.24 
255399.37 
255399.50 
255399.62 
255399.75 
255399.87 
255399.99 
255400.11 
255400.23 
255400.35 
255400.47 
255400.59 
255400.72 
255400.84 
255400.96 
255401.08 
255401.21 
255401.33 
255401.45 
255401.57 
255401.68 
255401.81 
255401.94 
255402.06 
255402.19 
255402.32 
255402.43 
255402.56 
255402.68 
255402.82 
255402.94 
255403.06 
255403.19 
255403.32 
255403.45 
255403.57 
255403.70 
255403.83 
255403.95 
255404.07 
255404.20 
255404.32 
255404.44 
255404.56 
255404.69 
255404.81 
255404.94 
255405.06 
255405.18 
255405.32 
255405.44 
255405.57 
255405.69 
255405.82 
255405.93 
255406.06 
255406.18 
255406.31 
255406.44 
255406.57 
255406.69 
255406.83 
255406.95 
255407.07 
255407.19 
255407.31 
255407.42 
255407.54 
255407.65 
255407.78 
255407.89 
255408.00 
255408.12 
255408.24 
255408.36 
255408.49 
255408.61 
255408.74 
255408.86 
255408.99 
255409.11 
255409.24 
255409.36 
255409.49 
255409.61 
255409.74 
255409.87 
255410.00 
255410.13 
255410.26 
255410.38 
255410.51 
255410.64 
255410.77 
255410.89 
255411.02 
255411.15 
255411.28 
255411.41 
255411.54 
255411.66 
255411.79 
255411.91 
255412.05 
255412.18 
255412.30 
255412.43 
255412.55 
255412.68 
255412.81 
255412.93 
255413.05 
255413.18 
255413.31 
255413.44 
255413.57 
255413.70 
255413.83 
255413.96 
255414.08 
255414.21 
255414.34 
255414.47 
255414.60 
255414.73 
255414.85 
255414.98 
255415.11 
255415.24 
255415.36 
255415.49 
255415.62 
255415.75 
255415.88 
255416.01 
255416.13 
255416.26 
255416.39 
255416.52 
255416.65 
255416.77 
255416.90 
255417.03 
255417.15 
255417.29 
255417.40 
255417.54 
255417.67 
255417.80 
255417.93 
255418.05 
255418.18 
255418.31 
255418.43 
255418.56 
255418.70 
255418.83 
255418.95 
255419.08 
255419.21 
255419.33 
255419.46 
255419.59 
255419.72 
255419.85 
255419.97 
255420.10 
255420.22 
255420.35 
255420.47 
255420.60 
255420.73 
255420.85 
255420.98 
255421.11 
255421.23 
255421.36 
255421.48 
255421.60 
255421.73 
255421.86 
255421.99 
255422.12 
255422.24 
255422.37 
255422.50 
255422.63 
255422.75 
255422.88 
255423.01 
255423.13 
255423.26 
255423.39 
255423.52 
255423.65 
255423.77 
255423.91 
255424.04 
255424.16 
255424.29 
255424.42 
255424.55 
255424.68 
255424.80 
255424.93 
255425.06 
255425.19 
255425.32 
255425.45 
255425.57 
255425.70 
255425.83 
255425.95 
255426.08 
255426.21 
255426.33 
255426.46 
255426.59 
255426.72 
255426.85 
255426.97 
255427.10 
255427.23 
255427.35 
255427.48 
255427.61 
255427.74 
255427.86 
255427.99 
255428.11 
255428.24 
255428.37 
255428.50 
255428.63 
255428.75 
255428.88 
255429.00 
255429.13 
255429.26 
255429.38 
255429.51 
255429.64 
255429.76 
255429.89 
255430.02 
255430.15 
255430.27 
255430.40 
255430.52 
255430.65 
255430.77 
255430.90 
255431.03 
255431.16 
255431.28 
255431.41 
255431.54 
255431.67 
255431.79 
255431.92 
255432.05 
255432.19 
255432.32 
255432.45 
255432.58 
255432.70 
255432.83 
255432.96 
255433.09 
255433.21 
255433.34 
255433.47 
255433.59 
255433.73 
255433.86 
255433.99 
255434.12 
255434.24 
255434.37 
255434.50 
255434.62 
255434.75 
255434.88 
255435.01 
255435.14 
255435.27 
255435.39 
255435.52 
255435.65 
255435.77 
255435.91 
255436.03 
255436.16 
255436.29 
255436.41 
255436.54 
255436.67 
255436.80 
255436.93 
255437.05 
255437.18 
255437.31 
255437.44 
255437.57 
255437.69 
255437.81 
255437.93 
255438.05 
255438.18 
255438.30 
255438.43 
255438.55 
