# up 
273516.16 
273516.26 
273516.28 
273516.39 
273516.42 
273516.51 
273516.55 
273516.64 
273516.67 
273516.76 
273516.79 
273516.90 
273516.91 
273517.02 
273517.03 
273517.14 
273517.15 
273517.27 
273517.27 
273517.39 
273517.39 
273517.51 
273517.51 
273517.63 
273517.63 
273517.76 
273517.76 
273517.89 
273517.89 
273518.01 
273518.01 
273518.12 
273518.13 
273518.25 
273518.25 
273518.37 
273518.37 
273518.51 
273518.51 
273518.64 
273518.64 
273518.76 
273518.76 
273518.88 
273518.88 
273519.01 
273519.01 
273519.14 
273519.14 
273519.27 
273519.27 
273519.39 
273519.39 
273519.52 
273519.52 
273519.65 
273519.65 
273519.78 
273519.78 
273519.91 
273519.91 
273520.04 
273520.04 
273520.17 
273520.17 
273520.31 
273520.31 
273520.43 
273520.43 
273520.56 
273520.56 
273520.69 
273520.69 
273520.82 
273520.82 
273520.96 
273520.96 
273521.08 
273521.08 
273521.21 
273521.21 
273521.34 
273521.34 
273521.47 
273521.47 
273521.60 
273521.60 
273521.73 
273521.73 
273521.86 
273521.86 
273521.99 
273521.99 
273522.12 
273522.12 
273522.24 
273522.24 
273522.37 
273522.37 
273522.50 
273522.50 
273522.63 
273522.63 
273522.76 
273522.76 
273522.89 
273522.89 
273523.01 
273523.01 
273523.14 
273523.14 
273523.27 
273523.27 
273523.39 
273523.39 
273523.53 
273523.53 
273523.65 
273523.66 
273523.78 
273523.78 
273523.91 
273523.91 
273524.03 
273524.03 
273524.16 
273524.16 
273524.29 
273524.29 
273524.42 
273524.42 
273524.55 
273524.55 
273524.67 
273524.67 
273524.81 
273524.81 
273524.94 
273524.94 
273525.07 
273525.07 
273525.19 
273525.20 
273525.33 
273525.33 
273525.45 
273525.45 
273525.58 
273525.58 
273525.70 
273525.70 
273525.83 
273525.83 
273525.97 
273525.97 
273526.10 
273526.10 
273526.23 
273526.23 
273526.37 
273526.37 
273526.50 
273526.50 
273526.63 
273526.63 
273526.76 
273526.76 
273526.88 
273526.88 
273527.00 
273527.00 
273527.13 
273527.13 
273527.26 
273527.26 
273527.38 
273527.38 
273527.51 
273527.51 
273527.64 
273527.64 
273527.77 
273527.77 
273527.89 
273527.89 
273528.02 
273528.02 
273528.15 
273528.15 
273528.28 
273528.28 
273528.41 
273528.41 
273528.53 
273528.53 
273528.66 
273528.66 
273528.79 
273528.79 
273528.92 
273528.92 
273529.04 
273529.04 
273529.16 
273529.18 
273529.29 
273529.30 
273529.42 
273529.42 
273529.54 
273529.56 
273529.67 
273529.68 
273529.79 
273529.80 
273529.92 
273529.94 
273530.05 
273530.05 
273530.18 
273530.19 
273530.30 
273530.31 
273530.43 
273530.43 
273530.56 
273530.56 
273530.68 
273530.68 
273530.80 
273530.80 
273530.93 
273530.93 
273531.06 
273531.06 
273531.19 
273531.19 
273531.32 
273531.32 
273531.44 
273531.44 
273531.57 
273531.57 
273531.70 
273531.70 
273531.83 
273531.83 
273531.95 
273531.95 
273532.08 
273532.08 
273532.21 
273532.21 
273532.34 
273532.34 
273532.47 
273532.47 
273532.59 
273532.59 
273532.72 
273532.72 
273532.86 
273532.86 
273532.98 
273532.98 
273533.11 
273533.11 
273533.24 
273533.24 
273533.37 
273533.38 
273533.49 
273533.52 
273533.61 
273533.64 
273533.74 
273533.76 
273533.85 
273533.88 
273533.99 
273534.00 
273534.12 
273534.13 
273534.24 
273534.25 
273534.37 
273534.37 
273534.50 
273534.50 
273534.62 
273534.63 
273534.75 
273534.75 
273534.89 
273534.89 
273535.01 
273535.01 
273535.14 
273535.14 
273535.27 
273535.27 
273535.40 
273535.40 
273535.52 
273535.52 
273535.65 
273535.67 
273535.78 
273535.78 
273535.90 
273535.90 
273536.02 
273536.02 
273536.15 
273536.15 
273536.28 
273536.28 
273536.42 
273536.42 
273536.55 
273536.55 
273536.68 
273536.68 
273536.80 
273536.80 
273536.93 
273536.93 
273537.06 
273537.06 
273537.19 
273537.19 
273537.31 
273537.31 
273537.45 
273537.45 
273537.57 
273537.57 
273537.71 
273537.71 
273537.84 
273537.84 
273537.97 
273537.97 
273538.09 
273538.09 
273538.22 
273538.22 
273538.36 
273538.36 
273538.48 
273538.49 
273538.61 
273538.61 
273538.74 
273538.74 
273538.86 
273538.86 
273538.99 
273538.99 
273539.11 
273539.11 
273539.24 
273539.24 
273539.36 
273539.36 
273539.49 
273539.49 
273539.62 
273539.62 
273539.75 
273539.75 
273539.87 
273539.89 
273540.00 
273540.01 
273540.12 
273540.13 
273540.25 
273540.25 
273540.37 
273540.37 
273540.50 
273540.50 
273540.62 
273540.63 
273540.75 
273540.75 
273540.88 
273540.88 
273541.01 
273541.01 
273541.14 
273541.14 
273541.26 
273541.27 
273541.39 
273541.39 
273541.52 
273541.52 
273541.66 
273541.66 
273541.78 
273541.78 
273541.91 
273541.91 
273542.04 
273542.04 
273542.16 
273542.16 
273542.29 
273542.29 
273542.42 
273542.42 
273542.56 
273542.56 
273542.68 
273542.68 
273542.80 
273542.81 
273542.93 
273542.93 
273543.06 
273543.06 
273543.18 
273543.18 
273543.31 
273543.31 
273543.45 
273543.45 
273543.57 
273543.57 
273543.70 
273543.70 
273543.83 
273543.83 
273543.95 
273543.95 
273544.08 
273544.08 
273544.20 
273544.20 
273544.34 
273544.34 
273544.48 
273544.48 
273544.61 
273544.62 
273544.74 
273544.74 
273544.87 
273544.87 
273544.99 
273544.99 
273545.12 
273545.12 
273545.25 
273545.25 
273545.38 
273545.38 
273545.51 
273545.51 
273545.64 
273545.64 
273545.77 
273545.77 
273545.91 
273545.91 
273546.04 
273546.04 
273546.17 
273546.17 
273546.30 
273546.30 
273546.42 
273546.44 
273546.55 
273546.57 
273546.67 
273546.69 
273546.80 
273546.81 
273546.93 
273546.93 
273547.05 
273547.06 
273547.17 
273547.18 
273547.30 
273547.30 
273547.43 
273547.43 
273547.56 
273547.56 
273547.68 
273547.68 
273547.82 
273547.82 
273547.95 
273547.95 
273548.07 
273548.09 
273548.19 
273548.22 
273548.32 
273548.34 
273548.45 
273548.45 
273548.58 
273548.60 
273548.71 
273548.71 
273548.83 
273548.84 
273548.95 
273548.97 
273549.07 
273549.09 
273549.19 
273549.22 
273549.31 
273549.36 
273549.44 
273549.49 
273549.57 
273549.61 
273549.70 
273549.74 
273549.82 
273549.87 
273549.95 
273549.99 
273550.08 
273550.12 
273550.21 
273550.25 
273550.33 
273550.38 
273550.46 
273550.51 
273550.59 
273550.63 
273550.71 
273550.75 
273550.84 
273550.88 
273550.96 
273551.00 
273551.09 
273551.13 
273551.23 
273551.25 
273551.35 
273551.37 
273551.48 
273551.49 
273551.61 
273551.62 
273551.74 
273551.74 
273551.86 
273551.88 
273551.99 
273552.00 
273552.12 
273552.13 
273552.25 
273552.25 
273552.38 
273552.38 
273552.52 
273552.52 
273552.64 
273552.64 
273552.77 
273552.78 
273552.90 
273552.90 
273553.02 
273553.02 
273553.15 
273553.15 
273553.28 
273553.28 
273553.42 
273553.42 
273553.55 
273553.55 
273553.68 
273553.68 
273553.81 
273553.81 
273553.94 
273553.95 
273554.06 
273554.07 
273554.19 
273554.19 
273554.31 
273554.31 
273554.44 
273554.44 
273554.57 
273554.58 
273554.70 
273554.71 
273554.83 
273554.83 
273554.97 
273554.97 
273555.09 
273555.09 
273555.22 
273555.22 
273555.35 
273555.35 
273555.47 
273555.47 
273555.61 
273555.61 
273555.74 
273555.74 
273555.87 
273555.88 
273556.00 
273556.01 
273556.12 
273556.13 
273556.25 
273556.26 
273556.38 
273556.38 
273556.51 
273556.51 
273556.64 
273556.65 
273556.77 
273556.77 
273556.90 
273556.90 
273557.02 
273557.02 
273557.15 
273557.15 
273557.29 
273557.29 
273557.41 
273557.41 
273557.54 
273557.54 
273557.67 
273557.67 
273557.79 
273557.79 
273557.92 
273557.92 
273558.05 
273558.05 
273558.18 
273558.18 
273558.30 
273558.32 
273558.43 
273558.44 
273558.56 
273558.56 
273558.69 
273558.69 
273558.82 
273558.82 
273558.95 
273558.96 
273559.07 
273559.07 
273559.20 
273559.20 
273559.34 
273559.34 
273559.48 
273559.48 
273559.60 
273559.60 
273559.73 
273559.73 
273559.86 
273559.86 
273559.99 
273559.99 
273560.11 
273560.11 
273560.25 
273560.25 
273560.37 
273560.37 
273560.49 
273560.49 
273560.63 
273560.63 
273560.75 
273560.76 
273560.88 
273560.88 
273561.01 
273561.01 
273561.14 
273561.14 
273561.27 
273561.27 
273561.40 
273561.40 
273561.52 
273561.52 
273561.65 
273561.65 
273561.78 
273561.78 
273561.91 
273561.91 
273562.04 
273562.04 
273562.18 
273562.18 
273562.31 
273562.31 
273562.44 
273562.44 
273562.57 
273562.58 
273562.69 
273562.69 
273562.82 
273562.83 
273562.95 
273562.95 
273563.07 
273563.07 
273563.20 
273563.21 
273563.33 
273563.33 
273563.46 
273563.46 
273563.58 
273563.58 
273563.72 
273563.72 
273563.86 
273563.86 
273563.99 
273563.99 
273564.12 
273564.12 
273564.25 
273564.25 
273564.38 
273564.39 
273564.50 
273564.53 
273564.63 
273564.65 
273564.76 
273564.77 
273564.89 
273564.90 
273565.01 
273565.01 
273565.14 
273565.14 
273565.27 
273565.27 
273565.40 
273565.40 
273565.52 
273565.54 
273565.65 
273565.65 
273565.78 
273565.79 
273565.91 
273565.91 
273566.04 
273566.04 
273566.16 
273566.16 
273566.29 
273566.30 
273566.42 
273566.42 
273566.55 
273566.55 
273566.68 
273566.68 
273566.80 
273566.81 
273566.93 
273566.93 
273567.06 
273567.06 
273567.19 
273567.19 
273567.32 
273567.32 
273567.46 
273567.46 
273567.59 
273567.59 
273567.72 
273567.72 
273567.85 
273567.85 
273567.97 
273567.97 
273568.10 
273568.10 
273568.23 
273568.23 
273568.36 
273568.36 
273568.48 
273568.48 
273568.61 
273568.61 
273568.74 
273568.74 
273568.86 
273568.87 
273568.99 
273569.00 
273569.12 
273569.12 
273569.25 
273569.25 
273569.38 
273569.38 
273569.51 
273569.51 
273569.64 
273569.64 
273569.76 
273569.78 
273569.89 
273569.89 
273570.02 
273570.02 
273570.14 
273570.15 
273570.27 
273570.27 
273570.39 
273570.40 
273570.52 
273570.52 
273570.65 
273570.65 
273570.79 
273570.79 
273570.92 
273570.92 
273571.05 
273571.05 
273571.17 
273571.17 
273571.30 
273571.31 
273571.42 
273571.43 
273571.55 
273571.56 
273571.68 
273571.68 
273571.80 
273571.81 
273571.93 
273571.93 
273572.06 
273572.06 
273572.19 
273572.19 
273572.32 
273572.32 
273572.45 
273572.46 
273572.58 
273572.58 
273572.70 
273572.70 
273572.83 
273572.83 
273572.96 
273572.96 
273573.09 
273573.09 
273573.23 
273573.23 
273573.36 
273573.37 
273573.48 
273573.50 
273573.61 
273573.63 
273573.75 
273573.75 
273573.87 
273573.89 
273574.00 
273574.00 
273574.13 
273574.13 
273574.25 
273574.25 
273574.37 
273574.38 
273574.50 
273574.50 
273574.63 
273574.63 
273574.76 
273574.76 
273574.88 
273574.88 
273575.01 
273575.01 
273575.14 
273575.14 
273575.26 
273575.26 
273575.39 
273575.39 
273575.52 
273575.52 
273575.65 
273575.65 
273575.78 
273575.78 
273575.91 
273575.91 
273576.04 
273576.05 
273576.16 
273576.16 
273576.29 
273576.29 
273576.42 
273576.42 
273576.55 
273576.55 
273576.68 
273576.68 
273576.80 
273576.80 
273576.93 
273576.93 
273577.05 
273577.06 
273577.18 
273577.18 
273577.32 
273577.32 
273577.45 
273577.45 
273577.57 
273577.59 
273577.70 
273577.72 
273577.82 
273577.85 
273577.95 
273577.96 
273578.08 
273578.10 
273578.21 
273578.21 
273578.34 
273578.35 
273578.46 
273578.47 
273578.59 
273578.59 
273578.71 
273578.71 
273578.85 
273578.85 
273578.98 
273578.98 
273579.11 
273579.11 
273579.25 
273579.25 
273579.37 
273579.37 
273579.50 
273579.50 
273579.63 
273579.63 
273579.76 
273579.76 
273579.88 
273579.88 
273580.01 
273580.01 
273580.13 
273580.13 
273580.26 
273580.27 
273580.38 
273580.39 
273580.51 
273580.51 
273580.64 
273580.64 
273580.77 
273580.77 
273580.91 
273580.91 
273581.04 
273581.04 
273581.17 
273581.17 
273581.30 
273581.30 
273581.43 
273581.43 
273581.56 
273581.57 
273581.68 
273581.68 
273581.81 
273581.81 
273581.94 
273581.95 
273582.08 
273582.08 
273582.20 
273582.22 
273582.32 
273582.36 
273582.45 
273582.49 
273582.58 
273582.62 
273582.72 
273582.74 
273582.85 
273582.86 
273582.97 
273582.99 
273583.09 
273583.11 
273583.22 
273583.26 
273583.35 
273583.38 
273583.47 
273583.52 
273583.59 
273583.64 
273583.72 
273583.77 
273583.85 
273583.89 
273583.97 
273584.02 
273584.10 
273584.14 
273584.23 
273584.27 
273584.35 
273584.39 
273584.48 
273584.52 
273584.61 
273584.65 
273584.73 
273584.77 
273584.86 
273584.91 
273584.99 
273585.03 
273585.12 
273585.16 
273585.24 
273585.28 
273585.37 
273585.41 
273585.50 
273585.54 
273585.62 
273585.66 
273585.75 
273585.78 
273585.87 
273585.91 
273586.00 
273586.05 
273586.13 
273586.17 
273586.26 
273586.30 
273586.38 
273586.42 
273586.51 
273586.55 
273586.64 
273586.68 
273586.77 
273586.81 
273586.90 
273586.93 
273587.02 
273587.06 
273587.15 
273587.19 
273587.28 
273587.33 
273587.41 
273587.45 
273587.54 
273587.58 
273587.66 
273587.70 
273587.81 
273587.82 
273587.93 
273587.95 
273588.06 
273588.07 
273588.19 
273588.20 
273588.32 
273588.32 
273588.45 
273588.45 
273588.57 
273588.58 
273588.70 
273588.71 
273588.82 
273588.83 
273588.95 
273588.97 
273589.07 
273589.09 
273589.20 
273589.21 
273589.33 
273589.33 
273589.45 
273589.46 
273589.58 
273589.58 
273589.71 
273589.71 
273589.84 
273589.84 
273589.97 
273589.97 
273590.10 
273590.10 
273590.23 
273590.23 
273590.36 
273590.36 
273590.48 
273590.49 
273590.61 
273590.61 
273590.74 
273590.75 
273590.87 
273590.87 
273591.01 
273591.01 
273591.14 
273591.15 
273591.26 
273591.27 
273591.38 
273591.39 
273591.51 
273591.51 
273591.64 
273591.64 
273591.76 
273591.76 
273591.89 
273591.89 
273592.02 
273592.02 
273592.15 
273592.15 
273592.27 
273592.28 
273592.40 
273592.40 
273592.53 
273592.53 
273592.66 
273592.66 
273592.79 
273592.79 
273592.91 
273592.93 
273593.04 
273593.05 
273593.17 
273593.17 
273593.31 
273593.31 
273593.44 
273593.44 
273593.57 
273593.57 
273593.70 
273593.70 
273593.84 
273593.84 
273593.97 
273593.97 
273594.10 
273594.10 
273594.23 
273594.25 
273594.35 
273594.36 
273594.49 
273594.49 
273594.61 
273594.61 
273594.74 
273594.74 
273594.87 
273594.87 
273594.99 
273595.00 
273595.13 
273595.13 
273595.25 
273595.25 
273595.38 
273595.38 
273595.51 
273595.51 
273595.63 
273595.63 
273595.75 
273595.75 
273595.87 
273595.87 
273596.01 
273596.01 
273596.13 
273596.13 
273596.26 
273596.27 
273596.39 
273596.39 
273596.51 
273596.51 
273596.65 
273596.65 
273596.77 
273596.77 
273596.91 
273596.91 
273597.05 
273597.05 
273597.17 
273597.17 
273597.30 
273597.30 
273597.43 
273597.43 
273597.56 
273597.56 
273597.68 
273597.68 
273597.82 
273597.82 
273597.94 
273597.96 
273598.07 
273598.09 
273598.19 
273598.22 
273598.32 
273598.35 
273598.45 
273598.48 
273598.57 
273598.60 
273598.70 
273598.72 
273598.82 
273598.85 
273598.95 
273598.97 
273599.07 
273599.09 
273599.20 
273599.21 
273599.32 
273599.34 
273599.45 
273599.47 
273599.58 
273599.59 
273599.71 
273599.72 
273599.84 
273599.84 
273599.96 
273599.97 
273600.09 
273600.09 
273600.22 
273600.22 
273600.36 
273600.36 
273600.48 
273600.49 
273600.61 
273600.61 
273600.73 
273600.74 
273600.86 
273600.87 
273600.99 
273600.99 
273601.12 
273601.12 
273601.25 
273601.25 
273601.38 
273601.38 
273601.51 
273601.51 
273601.64 
273601.64 
273601.77 
273601.77 
273601.90 
273601.90 
273602.03 
273602.03 
273602.16 
273602.16 
273602.29 
273602.29 
273602.42 
273602.42 
273602.55 
273602.55 
273602.68 
273602.68 
273602.81 
273602.81 
273602.93 
273602.93 
273603.06 
273603.07 
273603.19 
273603.19 
273603.32 
273603.32 
273603.45 
273603.45 
273603.57 
273603.57 
273603.70 
273603.71 
273603.83 
273603.83 
273603.95 
273603.95 
273604.09 
273604.09 
273604.22 
273604.22 
273604.35 
273604.35 
273604.48 
273604.48 
273604.61 
273604.61 
273604.74 
273604.74 
273604.87 
273604.87 
273605.00 
273605.00 
273605.12 
273605.12 
273605.26 
273605.26 
273605.38 
273605.38 
273605.51 
273605.51 
273605.64 
273605.64 
273605.76 
273605.76 
273605.89 
273605.90 
273606.01 
273606.02 
273606.14 
273606.14 
273606.27 
273606.27 
273606.40 
273606.40 
273606.53 
273606.53 
273606.65 
273606.65 
273606.79 
273606.79 
273606.92 
273606.92 
273607.05 
273607.05 
273607.17 
273607.19 
273607.30 
273607.30 
273607.43 
273607.44 
273607.56 
273607.56 
273607.68 
273607.68 
273607.80 
273607.80 
273607.93 
273607.93 
273608.07 
273608.07 
273608.20 
273608.20 
273608.33 
273608.33 
273608.45 
273608.45 
273608.58 
273608.58 
273608.71 
273608.71 
273608.84 
273608.84 
273608.96 
273608.96 
273609.09 
273609.09 
273609.22 
273609.22 
273609.35 
273609.35 
273609.47 
273609.47 
273609.60 
273609.60 
273609.73 
273609.73 
273609.86 
273609.86 
273609.99 
273609.99 
273610.11 
273610.13 
273610.24 
273610.24 
273610.37 
273610.38 
273610.50 
273610.51 
273610.63 
273610.63 
273610.75 
273610.77 
273610.88 
273610.89 
273611.01 
273611.01 
273611.12 
273611.12 
273611.25 
273611.26 
273611.37 
273611.39 
273611.50 
273611.51 
273611.62 
273611.63 
273611.75 
273611.75 
273611.87 
273611.87 
273612.01 
273612.01 
273612.14 
273612.14 
273612.28 
273612.28 
273612.40 
273612.40 
273612.53 
273612.55 
273612.66 
273612.66 
273612.79 
273612.80 
273612.92 
273612.92 
273613.04 
273613.04 
273613.17 
273613.17 
273613.30 
273613.30 
273613.43 
273613.43 
273613.56 
273613.56 
273613.69 
273613.69 
273613.81 
273613.82 
273613.94 
273613.94 
273614.06 
273614.06 
273614.18 
273614.18 
273614.31 
273614.31 
273614.44 
273614.44 
273614.57 
273614.57 
273614.69 
273614.69 
273614.82 
273614.82 
273614.95 
273614.95 
273615.08 
273615.08 
273615.21 
273615.21 
273615.33 
273615.33 
273615.46 
273615.46 
273615.59 
273615.59 
273615.72 
273615.72 
273615.84 
273615.84 
273615.97 
273615.97 
273616.10 
273616.10 
273616.23 
273616.23 
273616.35 
273616.36 
273616.48 
273616.49 
273616.61 
273616.61 
273616.74 
273616.75 
273616.87 
273616.88 
273617.00 
273617.00 
273617.12 
273617.12 
273617.25 
273617.25 
273617.38 
273617.38 
273617.51 
273617.51 
273617.64 
273617.64 
273617.78 
273617.78 
273617.91 
273617.91 
273618.04 
273618.04 
273618.17 
273618.17 
273618.29 
273618.29 
273618.42 
273618.42 
273618.55 
273618.55 
273618.67 
273618.67 
273618.81 
273618.81 
273618.95 
273618.95 
273619.08 
273619.08 
273619.21 
273619.21 
273619.33 
273619.33 
273619.46 
273619.47 
273619.59 
273619.59 
273619.73 
273619.73 
273619.85 
273619.85 
273619.97 
273619.97 
273620.10 
273620.11 
273620.23 
273620.23 
273620.36 
273620.36 
273620.48 
273620.48 
273620.61 
273620.61 
273620.74 
273620.74 
273620.87 
273620.87 
273620.99 
273621.00 
273621.12 
273621.12 
273621.25 
273621.26 
273621.38 
273621.38 
273621.51 
273621.51 
273621.64 
273621.64 
273621.77 
273621.77 
273621.89 
273621.89 
273622.02 
273622.02 
273622.15 
273622.15 
273622.27 
273622.27 
273622.40 
273622.40 
273622.53 
273622.53 
273622.66 
273622.66 
273622.79 
273622.80 
273622.92 
273622.92 
273623.04 
273623.05 
273623.17 
273623.17 
273623.29 
273623.29 
273623.43 
273623.43 
273623.56 
273623.56 
273623.68 
273623.68 
273623.81 
273623.81 
273623.94 
273623.94 
273624.07 
273624.07 
273624.20 
273624.20 
273624.33 
273624.33 
273624.46 
273624.46 
273624.59 
273624.59 
273624.71 
273624.71 
273624.84 
273624.84 
273624.97 
273624.98 
273625.10 
273625.12 
273625.22 
273625.26 
273625.35 
273625.38 
273625.47 
273625.51 
273625.60 
273625.64 
273625.73 
273625.77 
273625.86 
273625.89 
273626.00 
273626.01 
273626.12 
273626.13 
273626.25 
273626.25 
273626.37 
273626.37 
273626.50 
273626.50 
273626.62 
273626.63 
273626.74 
273626.75 
273626.87 
273626.87 
273626.99 
273626.99 
273627.12 
273627.12 
273627.24 
273627.25 
273627.37 
273627.37 
273627.50 
273627.50 
273627.63 
273627.63 
273627.76 
273627.76 
273627.89 
273627.89 
273628.02 
273628.02 
273628.15 
273628.15 
273628.28 
273628.28 
273628.41 
273628.42 
273628.54 
273628.55 
273628.67 
273628.68 
273628.80 
273628.80 
273628.93 
273628.93 
273629.05 
273629.05 
273629.17 
273629.17 
273629.30 
273629.30 
273629.43 
273629.43 
273629.55 
273629.56 
273629.68 
273629.68 
273629.81 
273629.81 
273629.94 
273629.95 
273630.07 
273630.07 
273630.21 
273630.21 
273630.33 
273630.33 
273630.45 
273630.45 
273630.58 
273630.58 
273630.71 
273630.71 
273630.83 
273630.83 
273630.96 
273630.96 
273631.09 
273631.10 
273631.22 
273631.22 
273631.35 
273631.35 
273631.47 
273631.47 
273631.61 
273631.61 
273631.74 
273631.74 
273631.87 
273631.88 
273631.99 
273632.02 
273632.11 
273632.16 
273632.24 
273632.28 
273632.37 
273632.41 
273632.50 
273632.54 
273632.63 
273632.66 
273632.75 
273632.79 
273632.88 
273632.92 
273633.01 
273633.05 
273633.14 
273633.18 
273633.27 
273633.31 
273633.39 
273633.43 
273633.53 
273633.56 
273633.66 
273633.68 
273633.78 
273633.82 
273633.91 
273633.95 
273634.03 
273634.07 
273634.16 
273634.20 
273634.29 
273634.33 
273634.41 
273634.45 
273634.54 
273634.59 
273634.67 
273634.72 
273634.79 
273634.84 
273634.92 
273634.97 
273635.04 
273635.10 
273635.17 
273635.22 
273635.29 
273635.35 
273635.42 
273635.47 
273635.55 
273635.60 
273635.67 
273635.72 
273635.80 
273635.85 
273635.92 
273635.98 
273636.05 
273636.10 
273636.18 
273636.23 
273636.30 
273636.35 
273636.43 
273636.48 
273636.55 
273636.60 
273636.67 
273636.73 
273636.80 
273636.85 
273636.92 
273636.97 
273637.05 
273637.10 
273637.18 
273637.22 
273637.31 
273637.35 
273637.44 
273637.47 
273637.57 
273637.61 
273637.69 
273637.74 
273637.82 
273637.86 
273637.95 
273637.99 
273638.07 
273638.11 
273638.19 
273638.24 
273638.32 
273638.37 
273638.45 
273638.49 
273638.58 
273638.62 
273638.71 
273638.75 
273638.84 
273638.87 
273638.96 
273639.00 
273639.09 
273639.14 
273639.22 
273639.26 
273639.34 
273639.39 
273639.47 
273639.51 
273639.59 
273639.64 
273639.71 
273639.76 
273639.84 
273639.89 
273639.97 
273640.01 
273640.10 
273640.14 
273640.23 
273640.26 
273640.35 
273640.39 
273640.48 
273640.52 
273640.61 
273640.65 
273640.74 
273640.78 
273640.88 
273640.90 
273641.00 
273641.03 
273641.13 
273641.17 
273641.26 
273641.30 
273641.38 
273641.44 
273641.51 
273641.56 
273641.64 
273641.69 
273641.76 
273641.82 
273641.89 
273641.94 
273642.01 
273642.08 
273642.13 
273642.20 
273642.25 
273642.33 
273642.38 
273642.46 
273642.50 
273642.58 
273642.63 
273642.71 
273642.75 
273642.84 
273642.88 
273642.96 
273643.00 
273643.09 
273643.13 
273643.21 
273643.26 
273643.34 
273643.38 
273643.47 
273643.50 
273643.59 
273643.63 
273643.72 
273643.75 
273643.85 
273643.88 
273643.97 
273644.01 
273644.09 
273644.13 
273644.22 
273644.26 
273644.35 
273644.38 
273644.48 
273644.51 
273644.60 
273644.64 
273644.73 
273644.76 
273644.88 
273644.88 
273645.00 
273645.01 
273645.12 
273645.13 
273645.25 
273645.25 
273645.38 
273645.38 
273645.51 
273645.51 
273645.64 
273645.64 
273645.76 
273645.76 
273645.89 
273645.89 
273646.02 
273646.03 
273646.15 
273646.15 
273646.27 
273646.27 
273646.40 
273646.40 
273646.53 
273646.53 
273646.66 
273646.66 
273646.79 
273646.79 
273646.92 
273646.92 
273647.05 
273647.05 
273647.17 
273647.17 
273647.30 
273647.30 
273647.43 
273647.44 
273647.56 
273647.56 
273647.69 
273647.69 
273647.83 
273647.83 
273647.96 
273647.97 
273648.08 
273648.08 
273648.21 
273648.21 
273648.34 
273648.34 
273648.46 
273648.46 
273648.59 
273648.59 
273648.73 
273648.73 
273648.85 
273648.87 
273648.98 
273648.98 
273649.11 
273649.11 
273649.24 
273649.24 
273649.37 
273649.37 
273649.49 
273649.51 
273649.62 
273649.62 
273649.75 
273649.76 
273649.87 
273649.88 
273650.00 
273650.00 
273650.13 
273650.14 
273650.26 
273650.26 
273650.39 
273650.39 
273650.51 
273650.51 
273650.65 
273650.65 
273650.78 
273650.78 
273650.91 
273650.91 
273651.04 
273651.04 
273651.17 
273651.17 
273651.30 
273651.31 
273651.43 
273651.43 
273651.57 
273651.57 
273651.70 
273651.70 
273651.83 
273651.83 
273651.96 
273651.96 
273652.09 
273652.09 
273652.23 
273652.23 
273652.36 
273652.36 
273652.48 
273652.48 
273652.61 
273652.62 
273652.74 
273652.74 
273652.87 
273652.87 
273652.99 
273653.00 
273653.12 
273653.12 
273653.25 
273653.25 
273653.38 
273653.39 
273653.51 
273653.51 
273653.63 
273653.63 
273653.77 
273653.77 
273653.89 
273653.89 
273654.02 
273654.02 
273654.15 
273654.15 
273654.28 
273654.28 
273654.41 
273654.41 
273654.53 
273654.54 
273654.66 
273654.66 
273654.78 
273654.79 
273654.91 
273654.92 
273655.03 
273655.04 
273655.16 
273655.16 
273655.28 
273655.28 
273655.41 
273655.41 
273655.54 
273655.55 
273655.66 
273655.67 
273655.79 
273655.79 
273655.92 
273655.93 
273656.05 
273656.05 
273656.18 
273656.18 
273656.31 
273656.31 
273656.43 
273656.44 
273656.56 
273656.56 
273656.70 
273656.70 
273656.84 
273656.84 
273656.96 
273656.96 
273657.10 
273657.10 
273657.23 
273657.23 
273657.36 
273657.36 
273657.49 
273657.49 
273657.62 
273657.63 
273657.75 
273657.75 
273657.87 
273657.87 
273658.00 
273658.00 
273658.14 
273658.14 
273658.27 
273658.27 
273658.39 
273658.39 
273658.53 
273658.53 
273658.66 
273658.66 
273658.78 
273658.79 
273658.91 
273658.91 
273659.03 
273659.03 
273659.16 
273659.16 
273659.29 
273659.29 
273659.41 
273659.42 
273659.54 
273659.54 
273659.67 
273659.67 
273659.79 
273659.79 
273659.93 
273659.93 
273660.06 
273660.06 
273660.18 
273660.18 
273660.31 
273660.31 
273660.43 
273660.43 
273660.56 
273660.56 
273660.69 
273660.69 
273660.82 
273660.82 
273660.95 
273660.95 
273661.07 
273661.07 
273661.21 
273661.21 
273661.34 
273661.34 
273661.47 
273661.47 
273661.60 
273661.60 
273661.73 
273661.73 
273661.85 
273661.85 
273661.98 
273661.98 
273662.11 
273662.11 
273662.25 
273662.25 
273662.37 
273662.37 
273662.50 
273662.50 
273662.63 
273662.63 
273662.76 
273662.76 
273662.89 
273662.89 
273663.02 
273663.02 
273663.14 
273663.14 
273663.27 
273663.27 
273663.40 
273663.40 
273663.54 
273663.54 
273663.68 
273663.68 
273663.81 
273663.81 
273663.94 
273663.94 
273664.07 
273664.07 
273664.19 
273664.19 
273664.32 
273664.32 
273664.46 
273664.46 
273664.59 
273664.59 
273664.72 
273664.72 
273664.86 
273664.86 
273664.98 
273664.98 
273665.11 
273665.11 
273665.24 
273665.24 
273665.36 
273665.36 
273665.49 
273665.49 
273665.62 
273665.62 
273665.75 
273665.75 
273665.87 
273665.87 
273666.00 
273666.00 
273666.12 
273666.13 
273666.25 
273666.25 
273666.39 
273666.39 
273666.52 
273666.52 
273666.64 
273666.65 
273666.77 
273666.77 
273666.90 
273666.90 
273667.03 
273667.03 
273667.15 
273667.16 
273667.28 
273667.29 
273667.41 
273667.41 
273667.54 
273667.54 
273667.67 
273667.68 
273667.79 
273667.80 
273667.92 
273667.92 
273668.05 
273668.05 
273668.18 
273668.18 
273668.31 
273668.31 
273668.44 
273668.44 
273668.56 
273668.56 
273668.70 
273668.70 
273668.83 
273668.83 
273668.96 
273668.96 
273669.09 
273669.09 
273669.22 
273669.22 
273669.35 
273669.35 
273669.47 
273669.47 
273669.60 
273669.60 
273669.74 
273669.74 
273669.86 
273669.86 
273669.99 
273669.99 
273670.12 
273670.12 
273670.25 
273670.25 
273670.37 
273670.37 
273670.50 
273670.51 
273670.62 
273670.63 
273670.75 
273670.75 
273670.88 
273670.88 
273671.01 
273671.01 
273671.14 
273671.14 
273671.27 
273671.28 
273671.39 
273671.41 
273671.52 
273671.53 
273671.64 
273671.66 
273671.77 
273671.79 
273671.89 
273671.93 
273672.02 
273672.06 
273672.15 
273672.19 
273672.27 
273672.32 
273672.40 
273672.44 
273672.53 
273672.57 
273672.66 
273672.70 
273672.78 
273672.83 
273672.90 
273672.95 
273673.02 
273673.08 
273673.15 
273673.21 
273673.26 
273673.34 
273673.38 
273673.47 
273673.51 
273673.59 
273673.63 
273673.71 
273673.76 
273673.84 
273673.88 
273673.97 
273674.01 
273674.09 
273674.13 
273674.22 
273674.26 
273674.34 
273674.38 
273674.47 
273674.51 
273674.60 
273674.63 
273674.72 
273674.77 
273674.85 
273674.89 
273674.97 
273675.02 
273675.10 
273675.15 
273675.22 
273675.27 
273675.37 
273675.39 
273675.50 
273675.52 
273675.62 
273675.65 
273675.75 
273675.77 
273675.88 
273675.90 
273676.01 
273676.02 
273676.14 
273676.15 
273676.27 
273676.27 
273676.40 
273676.40 
273676.53 
273676.53 
273676.65 
273676.66 
273676.78 
273676.78 
273676.91 
273676.91 
273677.04 
273677.04 
273677.17 
273677.17 
273677.29 
273677.29 
273677.41 
273677.42 
273677.54 
273677.54 
273677.67 
273677.68 
273677.79 
273677.79 
273677.92 
273677.92 
273678.05 
273678.05 
273678.18 
273678.18 
273678.31 
273678.31 
273678.44 
273678.44 
273678.57 
273678.57 
273678.70 
273678.70 
273678.82 
273678.82 
273678.95 
273678.95 
273679.08 
273679.08 
273679.21 
273679.21 
273679.33 
273679.33 
273679.46 
273679.46 
273679.59 
273679.59 
273679.72 
273679.72 
273679.85 
273679.87 
273679.98 
273679.99 
273680.10 
273680.12 
273680.23 
273680.24 
273680.36 
273680.37 
273680.48 
273680.49 
273680.61 
273680.61 
273680.74 
273680.74 
273680.87 
273680.87 
273681.00 
273681.00 
273681.12 
273681.12 
273681.25 
273681.25 
273681.38 
273681.38 
273681.51 
273681.51 
273681.63 
273681.63 
273681.76 
273681.76 
273681.89 
273681.89 
273682.02 
273682.02 
273682.14 
273682.14 
273682.27 
273682.27 
273682.39 
273682.39 
273682.53 
273682.53 
273682.66 
273682.66 
273682.79 
273682.79 
273682.91 
273682.91 
273683.04 
273683.04 
273683.17 
273683.17 
273683.30 
273683.30 
273683.43 
273683.43 
273683.55 
273683.55 
273683.67 
273683.68 
273683.78 
273683.79 
273683.89 
273683.90 
273684.00 
273684.00 
273684.11 
273684.13 
273684.22 
273684.26 
273684.33 
273684.38 
273684.44 
273684.49 
273684.54 
273684.60 
273684.68 
273684.71 
273684.81 
273684.82 
273684.91 
273684.92 
273685.05 
273685.05 
273685.16 
273685.16 
273685.26 
273685.28 
273685.37 
273685.41 
273685.48 
273685.52 
273685.59 
273685.63 
273685.71 
273685.74 
273685.82 
273685.85 
273685.93 
273685.96 
273686.04 
273686.08 
273686.17 
273686.22 
273686.27 
273686.33 
273686.38 
273686.46 
273686.49 
273686.56 
273686.60 
273686.67 
273686.73 
273686.78 
273686.87 
273686.89 
273686.97 
273687.01 
273687.08 
273687.12 
273687.19 
273687.22 
273687.30 
273687.35 
273687.41 
273687.46 
273687.52 
273687.59 
273687.63 
273687.70 
273687.74 
273687.80 
273687.84 
273687.94 
273687.95 
273688.05 
273688.07 
273688.16 
273688.18 
273688.28 
273688.29 
273688.40 
273688.40 
273688.50 
273688.50 
273688.63 
273688.63 
273688.74 
273688.74 
273688.87 
273688.87 
273688.98 
273688.98 
273689.10 
273689.10 
273689.21 
273689.21 
273689.31 
273689.31 
273689.43 
273689.44 
273689.54 
273689.54 
273689.65 
273689.67 
273689.76 
273689.80 
273689.87 
273689.91 
273689.98 
273690.01 
273690.08 
273690.12 
273690.20 
273690.23 
273690.34 
273690.35 
273690.45 
273690.47 
273690.55 
273690.58 
273690.68 
273690.71 
273690.81 
273690.83 
273690.93 
273690.93 
273691.05 
273691.05 
273691.16 
273691.16 
273691.28 
273691.28 
273691.39 
273691.40 
273691.51 
273691.51 
273691.62 
273691.64 
273691.74 
273691.76 
273691.86 
273691.90 
273691.99 
273692.03 
273692.10 
273692.18 
273692.24 
273692.30 
273692.36 
273692.42 
273692.47 
273692.54 
273692.59 
273692.67 
273692.71 
273692.79 
273692.82 
273692.92 
273692.94 
273693.04 
273693.05 
273693.15 
273693.16 
273693.28 
273693.29 
273693.39 
273693.41 
273693.51 
273693.53 
273693.63 
273693.65 
273693.76 
273693.77 
273693.88 
273693.89 
273694.00 
273694.01 
273694.11 
273694.12 
273694.24 
273694.24 
273694.35 
273694.35 
273694.46 
273694.47 
273694.59 
273694.59 
273694.71 
273694.71 
273694.83 
273694.83 
273694.94 
273694.95 
273695.05 
273695.07 
273695.17 
273695.18 
273695.29 
273695.30 
273695.41 
273695.41 
273695.52 
273695.52 
273695.64 
273695.64 
273695.77 
273695.77 
273695.90 
273695.91 
273696.02 
273696.03 
273696.14 
273696.15 
273696.25 
273696.25 
273696.36 
273696.37 
273696.49 
273696.50 
273696.61 
273696.61 
273696.73 
273696.74 
273696.85 
273696.86 
273696.96 
273696.98 
273697.08 
273697.10 
273697.21 
273697.21 
273697.33 
273697.33 
273697.46 
273697.46 
273697.57 
273697.58 
273697.68 
273697.69 
273697.80 
273697.81 
273697.91 
273697.92 
273698.03 
273698.04 
273698.14 
273698.16 
273698.26 
273698.28 
273698.37 
273698.40 
273698.50 
273698.51 
273698.61 
273698.63 
273698.73 
273698.76 
273698.84 
273698.87 
273698.97 
273698.99 
273699.08 
273699.11 
273699.20 
273699.23 
273699.32 
273699.36 
273699.44 
273699.48 
273699.56 
273699.60 
273699.68 
273699.72 
273699.80 
273699.84 
273699.92 
273699.95 
273700.04 
273700.07 
273700.16 
273700.19 
273700.28 
273700.31 
273700.40 
273700.42 
273700.51 
273700.55 
273700.65 
273700.67 
273700.76 
273700.79 
273700.88 
273700.91 
273700.99 
273701.03 
273701.11 
273701.15 
273701.24 
273701.26 
273701.35 
273701.38 
273701.48 
273701.50 
273701.60 
273701.62 
273701.72 
273701.74 
273701.84 
273701.85 
273701.96 
273701.98 
273702.08 
273702.10 
273702.21 
273702.22 
273702.32 
273702.34 
273702.44 
273702.45 
273702.56 
273702.57 
273702.68 
273702.68 
273702.80 
273702.80 
273702.91 
273702.93 
273703.03 
273703.04 
273703.15 
273703.15 
273703.26 
273703.27 
273703.38 
273703.38 
273703.50 
273703.50 
273703.62 
273703.62 
273703.74 
273703.75 
273703.86 
273703.87 
273703.98 
273703.99 
273704.09 
273704.10 
273704.21 
273704.22 
273704.32 
273704.33 
273704.44 
273704.44 
273704.55 
273704.56 
273704.67 
273704.67 
273704.79 
273704.79 
273704.91 
273704.91 
273705.02 
273705.04 
273705.13 
273705.16 
273705.26 
273705.27 
273705.38 
273705.39 
273705.50 
273705.51 
273705.62 
273705.63 
273705.74 
273705.74 
273705.86 
273705.86 
273705.98 
273705.98 
273706.09 
273706.10 
273706.22 
273706.22 
273706.33 
273706.34 
273706.44 
273706.46 
273706.57 
273706.57 
273706.68 
273706.70 
273706.79 
273706.82 
273706.91 
273706.93 
273707.03 
273707.04 
273707.14 
273707.16 
273707.26 
273707.28 
273707.37 
273707.40 
273707.48 
273707.52 
273707.61 
273707.64 
273707.73 
273707.76 
273707.85 
273707.86 
273707.97 
273707.98 
273708.08 
273708.10 
273708.20 
273708.22 
273708.32 
273708.34 
273708.45 
273708.46 
273708.57 
273708.58 
273708.69 
273708.69 
273708.80 
273708.82 
273708.93 
273708.93 
273709.04 
273709.05 
273709.16 
273709.17 
273709.27 
273709.29 
273709.40 
273709.41 
273709.52 
273709.53 
273709.64 
273709.65 
273709.76 
273709.77 
273709.88 
273709.89 
273710.00 
273710.01 
273710.12 
273710.12 
273710.24 
273710.24 
273710.36 
273710.36 
273710.48 
273710.48 
273710.60 
273710.60 
273710.72 
273710.72 
273710.86 
273710.86 
273710.97 
273710.97 
273711.10 
273711.11 
273711.21 
273711.23 
273711.33 
273711.35 
273711.45 
273711.47 
273711.56 
273711.58 
273711.69 
273711.70 
273711.80 
273711.83 
273711.91 
273711.95 
273712.04 
273712.06 
273712.17 
273712.18 
273712.29 
273712.30 
273712.40 
273712.42 
273712.52 
273712.54 
273712.64 
273712.65 
273712.75 
273712.78 
273712.87 
273712.91 
273712.99 
273713.03 
273713.10 
273713.15 
273713.22 
273713.26 
273713.35 
273713.37 
273713.47 
273713.49 
273713.59 
273713.60 
273713.71 
273713.73 
273713.81 
273713.84 
273713.93 
273713.96 
273714.05 
273714.09 
273714.17 
273714.20 
273714.29 
273714.33 
273714.41 
273714.44 
273714.53 
273714.56 
273714.65 
273714.69 
273714.77 
273714.80 
273714.88 
273714.92 
273715.00 
273715.04 
273715.11 
273715.15 
273715.24 
273715.27 
273715.36 
273715.38 
273715.48 
273715.50 
273715.62 
273715.63 
273715.75 
273715.75 
273715.86 
273715.86 
273716.00 
273716.00 
273716.11 
273716.12 
273716.23 
273716.24 
273716.35 
273716.36 
273716.47 
273716.48 
273716.58 
273716.59 
273716.71 
273716.72 
273716.84 
273716.84 
273716.97 
273716.97 
273717.08 
273717.09 
273717.20 
273717.20 
273717.32 
273717.32 
273717.45 
273717.45 
273717.58 
273717.59 
273717.71 
273717.71 
273717.83 
273717.84 
273717.96 
273717.97 
273718.08 
273718.08 
273718.21 
273718.21 
273718.33 
273718.33 
273718.44 
273718.45 
273718.55 
273718.56 
273718.66 
273718.68 
273718.79 
273718.80 
273718.91 
273718.91 
273719.02 
273719.03 
273719.14 
273719.15 
273719.26 
273719.27 
273719.38 
273719.39 
273719.49 
273719.52 
273719.61 
273719.65 
273719.73 
273719.77 
273719.85 
273719.88 
273719.97 
273720.00 
273720.09 
273720.12 
273720.21 
273720.23 
273720.33 
273720.35 
273720.45 
273720.47 
273720.57 
273720.58 
273720.69 
273720.70 
273720.80 
273720.81 
273720.91 
273720.92 
273721.03 
273721.03 
273721.15 
273721.15 
273721.28 
273721.28 
273721.40 
273721.40 
273721.52 
273721.52 
273721.64 
273721.65 
273721.77 
273721.77 
273721.88 
273721.89 
273721.99 
273722.02 
273722.11 
273722.14 
273722.23 
273722.26 
273722.35 
273722.37 
273722.48 
273722.48 
273722.61 
273722.62 
273722.74 
273722.74 
273722.86 
273722.86 
273722.98 
273722.98 
273723.10 
273723.11 
273723.23 
273723.24 
273723.35 
273723.36 
273723.47 
273723.49 
273723.60 
273723.61 
273723.72 
273723.73 
273723.83 
273723.85 
273723.94 
273723.96 
273724.06 
273724.08 
273724.18 
273724.20 
273724.29 
273724.32 
273724.41 
273724.43 
273724.53 
273724.54 
273724.65 
273724.65 
273724.78 
273724.78 
273724.89 
273724.90 
273725.03 
273725.04 
273725.15 
273725.15 
273725.27 
273725.27 
273725.39 
273725.39 
273725.51 
273725.51 
273725.63 
273725.64 
273725.75 
273725.76 
273725.87 
273725.88 
273725.98 
273726.00 
273726.11 
273726.12 
273726.22 
273726.23 
273726.34 
273726.35 
273726.46 
273726.46 
273726.57 
273726.59 
273726.69 
273726.70 
273726.82 
273726.82 
273726.94 
273726.95 
273727.06 
273727.07 
273727.17 
273727.19 
273727.28 
273727.32 
273727.40 
273727.44 
273727.52 
273727.55 
273727.64 
273727.67 
273727.75 
273727.79 
273727.87 
273727.91 
273727.99 
273728.02 
273728.11 
273728.15 
273728.22 
273728.27 
273728.35 
273728.39 
273728.47 
273728.51 
273728.59 
273728.64 
273728.70 
273728.76 
273728.82 
273728.88 
273728.94 
273728.99 
273729.06 
273729.11 
273729.17 
273729.23 
273729.29 
273729.34 
273729.42 
273729.46 
273729.53 
273729.58 
273729.64 
273729.71 
273729.76 
273729.82 
273729.87 
273729.94 
273729.99 
273730.06 
273730.12 
273730.17 
273730.25 
273730.29 
273730.37 
273730.41 
273730.48 
273730.54 
273730.61 
273730.66 
273730.72 
273730.77 
273730.84 
273730.90 
273730.96 
273731.01 
273731.08 
273731.13 
273731.19 
273731.25 
273731.31 
273731.37 
273731.43 
273731.49 
273731.55 
273731.62 
273731.67 
273731.74 
273731.80 
273731.85 
273731.91 
273731.97 
273732.04 
273732.08 
273732.15 
273732.20 
273732.28 
273732.31 
273732.39 
273732.43 
273732.50 
273732.55 
273732.63 
273732.66 
273732.75 
273732.79 
273732.86 
273732.90 
273732.98 
273733.02 
273733.10 
273733.14 
273733.21 
273733.26 
273733.34 
273733.39 
273733.46 
273733.51 
273733.58 
273733.63 
273733.71 
273733.78 
273733.83 
273733.89 
273733.95 
273734.01 
273734.06 
273734.12 
273734.18 
273734.24 
273734.31 
273734.35 
273734.43 
273734.47 
273734.54 
273734.59 
273734.66 
273734.72 
273734.78 
273734.85 
273734.90 
273734.98 
273735.02 
273735.09 
273735.13 
273735.21 
273735.25 
273735.33 
273735.36 
273735.44 
273735.47 
273735.56 
273735.60 
273735.67 
273735.72 
273735.80 
273735.83 
273735.92 
273735.95 
273736.04 
273736.08 
273736.16 
273736.20 
273736.27 
273736.31 
273736.39 
273736.43 
273736.51 
273736.56 
273736.63 
273736.66 
273736.75 
273736.77 
273736.87 
273736.88 
273736.98 
273737.00 
273737.10 
273737.11 
273737.22 
273737.24 
273737.34 
273737.36 
273737.47 
273737.48 
273737.59 
273737.59 
273737.71 
273737.71 
273737.82 
273737.83 
273737.94 
273737.95 
273738.06 
273738.07 
273738.17 
273738.19 
273738.28 
273738.32 
273738.41 
273738.44 
273738.52 
273738.56 
273738.64 
273738.68 
273738.76 
273738.80 
273738.87 
273738.91 
273738.99 
273739.03 
273739.11 
273739.14 
273739.23 
273739.26 
273739.35 
273739.38 
273739.48 
273739.49 
273739.59 
273739.61 
273739.71 
273739.73 
273739.83 
273739.84 
273739.95 
273739.96 
273740.07 
273740.09 
273740.18 
273740.20 
273740.30 
273740.32 
273740.43 
273740.44 
273740.55 
273740.57 
273740.68 
273740.68 
273740.79 
273740.79 
273740.91 
273740.92 
273741.03 
273741.04 
273741.14 
273741.15 
273741.27 
273741.27 
273741.38 
273741.39 
273741.50 
273741.50 
273741.62 
273741.63 
273741.74 
273741.75 
273741.86 
273741.86 
273741.97 
273741.98 
273742.09 
273742.10 
273742.20 
273742.22 
273742.32 
273742.34 
273742.45 
273742.46 
273742.56 
273742.59 
273742.68 
273742.70 
273742.81 
273742.81 
273742.94 
273742.94 
273743.05 
273743.06 
273743.17 
273743.17 
273743.29 
273743.29 
273743.40 
273743.41 
273743.52 
273743.53 
273743.65 
273743.65 
273743.77 
273743.78 
273743.89 
273743.89 
273744.02 
273744.03 
273744.14 
273744.14 
273744.26 
273744.26 
273744.37 
273744.37 
273744.50 
273744.50 
273744.63 
273744.63 
273744.74 
273744.75 
273744.85 
273744.87 
273744.98 
273744.98 
273745.11 
273745.11 
273745.23 
273745.23 
273745.36 
273745.36 
273745.48 
273745.49 
273745.59 
273745.61 
273745.71 
273745.72 
273745.82 
273745.84 
273745.94 
273745.96 
273746.06 
273746.08 
273746.18 
273746.20 
273746.30 
273746.31 
273746.42 
273746.44 
273746.54 
273746.56 
273746.65 
273746.67 
273746.76 
273746.79 
273746.88 
273746.92 
273747.00 
273747.04 
273747.12 
273747.16 
273747.24 
273747.28 
273747.37 
273747.40 
273747.49 
273747.53 
273747.62 
273747.66 
273747.75 
273747.78 
273747.87 
273747.91 
273748.00 
273748.04 
273748.13 
273748.17 
273748.26 
273748.30 
273748.37 
273748.42 
273748.50 
273748.54 
273748.62 
273748.66 
273748.74 
273748.78 
273748.86 
273748.91 
273748.99 
273749.03 
273749.11 
273749.16 
273749.25 
273749.28 
273749.37 
273749.41 
273749.50 
273749.53 
273749.62 
273749.65 
273749.75 
273749.78 
273749.88 
273749.90 
273750.01 
273750.02 
273750.14 
273750.15 
273750.27 
273750.27 
273750.39 
273750.40 
273750.52 
273750.52 
273750.65 
273750.65 
273750.79 
273750.79 
273750.92 
273750.92 
273751.05 
273751.06 
273751.17 
273751.17 
273751.30 
273751.30 
273751.43 
273751.43 
273751.55 
273751.55 
273751.68 
273751.69 
273751.81 
273751.81 
273751.94 
273751.94 
273752.06 
273752.06 
273752.19 
273752.19 
273752.31 
273752.31 
273752.44 
273752.44 
273752.56 
273752.56 
273752.69 
273752.70 
273752.82 
273752.82 
273752.94 
273752.95 
273753.07 
273753.07 
273753.20 
273753.20 
273753.34 
273753.34 
273753.47 
273753.47 
273753.59 
273753.59 
273753.72 
273753.72 
273753.87 
273753.87 
273753.99 
273753.99 
273754.12 
273754.12 
273754.25 
273754.25 
273754.38 
273754.38 
273754.51 
273754.51 
273754.64 
273754.64 
273754.77 
273754.77 
273754.90 
273754.90 
273755.03 
273755.03 
273755.17 
273755.17 
273755.30 
273755.30 
273755.43 
273755.43 
273755.55 
273755.55 
273755.68 
273755.68 
273755.81 
273755.81 
273755.94 
273755.94 
273756.07 
273756.07 
273756.19 
273756.19 
273756.32 
273756.32 
273756.44 
273756.44 
273756.58 
273756.58 
273756.71 
273756.71 
273756.84 
273756.84 
273756.96 
273756.97 
273757.09 
273757.09 
273757.22 
273757.22 
273757.35 
273757.35 
273757.47 
273757.47 
273757.60 
273757.60 
273757.73 
273757.73 
273757.86 
273757.86 
273757.98 
273757.98 
273758.11 
273758.11 
273758.23 
273758.23 
273758.36 
273758.36 
273758.49 
273758.49 
273758.62 
273758.62 
273758.75 
273758.75 
273758.87 
273758.87 
273759.00 
273759.00 
273759.13 
273759.13 
273759.27 
273759.27 
273759.40 
273759.40 
273759.52 
273759.52 
273759.65 
273759.65 
273759.78 
273759.78 
273759.90 
273759.92 
273760.03 
273760.04 
273760.16 
273760.16 
273760.28 
273760.29 
273760.41 
273760.41 
273760.54 
273760.56 
273760.66 
273760.69 
273760.78 
273760.81 
273760.91 
273760.94 
273761.04 
273761.08 
273761.16 
273761.20 
273761.29 
273761.33 
273761.41 
273761.45 
273761.54 
273761.58 
273761.67 
273761.71 
273761.79 
273761.83 
273761.92 
273761.95 
273762.05 
273762.08 
273762.17 
273762.22 
273762.30 
273762.35 
273762.42 
273762.47 
273762.55 
273762.60 
273762.67 
273762.72 
273762.80 
273762.85 
273762.92 
273762.97 
273763.05 
273763.09 
273763.18 
273763.22 
273763.30 
273763.35 
273763.43 
273763.47 
273763.55 
273763.60 
273763.70 
273763.72 
273763.83 
273763.87 
273763.95 
273763.99 
273764.08 
273764.10 
273764.20 
273764.22 
273764.31 
273764.34 
273764.44 
273764.47 
273764.56 
273764.60 
273764.69 
273764.73 
273764.82 
273764.85 
273764.95 
273764.98 
273765.07 
273765.11 
273765.20 
273765.24 
273765.33 
273765.38 
273765.46 
273765.51 
273765.59 
273765.63 
273765.71 
273765.75 
273765.84 
273765.88 
273765.97 
273766.01 
273766.09 
273766.13 
273766.22 
273766.25 
273766.35 
273766.38 
273766.48 
273766.51 
273766.60 
273766.63 
273766.74 
273766.77 
273766.86 
273766.91 
273766.99 
273767.03 
273767.12 
273767.16 
273767.24 
273767.28 
273767.37 
273767.41 
273767.50 
273767.53 
273767.62 
273767.66 
273767.75 
273767.79 
273767.87 
273767.91 
273768.00 
273768.04 
273768.13 
273768.17 
273768.26 
273768.30 
273768.38 
273768.42 
273768.51 
273768.55 
273768.64 
273768.67 
273768.76 
273768.80 
273768.89 
273768.92 
273769.02 
273769.04 
273769.16 
273769.17 
273769.29 
273769.29 
273769.42 
273769.42 
273769.55 
273769.55 
273769.68 
273769.68 
273769.82 
273769.82 
273769.94 
273769.94 
273770.07 
273770.08 
273770.19 
273770.21 
273770.33 
273770.33 
273770.45 
273770.45 
273770.58 
273770.58 
273770.72 
273770.72 
273770.85 
273770.85 
273770.97 
273770.97 
273771.10 
273771.11 
273771.22 
273771.24 
273771.35 
273771.36 
273771.48 
273771.48 
273771.60 
273771.60 
273771.73 
273771.73 
273771.86 
273771.87 
273771.99 
273771.99 
273772.11 
273772.11 
273772.24 
273772.24 
273772.37 
273772.37 
273772.50 
273772.50 
273772.63 
273772.63 
273772.76 
273772.76 
273772.89 
273772.89 
273773.01 
273773.01 
273773.14 
273773.14 
273773.27 
273773.27 
273773.39 
273773.39 
273773.52 
273773.52 
273773.66 
273773.66 
273773.78 
273773.78 
273773.92 
273773.92 
273774.04 
273774.06 
273774.17 
273774.18 
273774.30 
273774.31 
273774.43 
273774.43 
273774.55 
273774.55 
273774.68 
273774.68 
273774.81 
273774.81 
273774.93 
273774.93 
273775.06 
273775.07 
273775.19 
273775.19 
273775.32 
273775.32 
273775.45 
273775.45 
273775.59 
273775.59 
273775.72 
273775.72 
273775.85 
273775.85 
273775.98 
273775.98 
273776.12 
273776.12 
273776.25 
273776.25 
273776.37 
273776.37 
273776.50 
273776.51 
273776.63 
273776.63 
273776.76 
273776.77 
273776.89 
273776.90 
273777.02 
273777.02 
273777.15 
273777.15 
273777.27 
273777.27 
273777.40 
273777.40 
273777.53 
273777.53 
273777.67 
273777.67 
273777.80 
273777.80 
273777.93 
273777.93 
273778.05 
273778.06 
273778.18 
273778.18 
273778.32 
273778.32 
273778.45 
273778.45 
273778.57 
273778.57 
273778.71 
273778.71 
273778.84 
273778.84 
273778.97 
273778.97 
273779.11 
273779.11 
273779.24 
273779.24 
273779.38 
273779.38 
273779.49 
273779.51 
273779.62 
273779.63 
273779.75 
273779.75 
273779.87 
273779.87 
273780.00 
273780.00 
273780.13 
273780.13 
273780.26 
273780.26 
273780.39 
273780.39 
273780.51 
273780.51 
273780.65 
273780.65 
273780.78 
273780.78 
273780.91 
273780.91 
273781.04 
273781.04 
273781.16 
273781.16 
273781.29 
273781.29 
273781.42 
273781.42 
273781.56 
273781.56 
273781.68 
273781.68 
273781.82 
273781.82 
273781.95 
273781.96 
273782.08 
273782.08 
273782.21 
273782.21 
273782.34 
273782.34 
273782.47 
273782.47 
273782.59 
273782.59 
273782.72 
273782.72 
273782.85 
273782.86 
273782.98 
273782.99 
273783.11 
273783.11 
273783.23 
273783.23 
273783.36 
273783.36 
273783.50 
273783.50 
273783.62 
273783.63 
273783.75 
273783.75 
273783.88 
273783.88 
273784.00 
273784.00 
273784.13 
273784.13 
273784.26 
273784.26 
273784.39 
273784.39 
273784.51 
273784.52 
273784.64 
273784.64 
273784.77 
273784.77 
273784.90 
273784.91 
273785.03 
273785.03 
273785.15 
273785.15 
273785.27 
273785.27 
273785.40 
273785.40 
273785.53 
273785.53 
273785.66 
273785.66 
273785.79 
273785.79 
273785.92 
273785.92 
273786.04 
273786.04 
273786.17 
273786.17 
273786.31 
273786.31 
273786.43 
273786.43 
273786.56 
273786.56 
273786.68 
273786.68 
273786.80 
273786.80 
273786.94 
273786.94 
273787.06 
273787.06 
273787.19 
273787.19 
273787.32 
273787.32 
273787.44 
273787.46 
273787.58 
273787.58 
273787.71 
273787.71 
273787.84 
273787.84 
273787.97 
273787.97 
273788.10 
273788.10 
273788.23 
273788.23 
273788.35 
273788.35 
273788.48 
273788.48 
273788.61 
273788.62 
273788.73 
273788.74 
273788.86 
273788.86 
273788.99 
273788.99 
273789.12 
273789.12 
273789.25 
273789.25 
273789.37 
273789.37 
273789.51 
273789.51 
273789.64 
273789.64 
273789.77 
273789.77 
273789.90 
273789.90 
273790.04 
273790.04 
273790.16 
273790.16 
273790.30 
273790.30 
273790.43 
273790.43 
273790.56 
273790.56 
273790.69 
273790.69 
273790.82 
273790.83 
273790.94 
273790.95 
273791.07 
273791.07 
273791.21 
273791.21 
273791.35 
273791.35 
273791.47 
273791.48 
273791.60 
273791.60 
273791.73 
273791.73 
273791.86 
273791.86 
273791.98 
273791.98 
273792.11 
273792.11 
273792.24 
273792.24 
273792.37 
273792.37 
273792.51 
273792.51 
273792.64 
273792.64 
273792.77 
273792.77 
273792.89 
273792.91 
273793.02 
273793.04 
273793.15 
273793.17 
273793.28 
273793.29 
273793.40 
273793.41 
273793.53 
273793.54 
273793.66 
273793.66 
273793.79 
273793.79 
273793.92 
273793.92 
273794.05 
273794.05 
273794.18 
273794.18 
273794.31 
273794.31 
273794.43 
273794.45 
273794.56 
273794.56 
273794.69 
273794.69 
273794.81 
273794.81 
273794.94 
273794.94 
273795.07 
273795.07 
273795.20 
273795.20 
273795.32 
273795.32 
273795.45 
273795.45 
273795.58 
273795.58 
273795.71 
273795.71 
273795.85 
273795.85 
273795.98 
273795.98 
273796.11 
273796.11 
273796.24 
273796.24 
273796.37 
273796.37 
273796.49 
273796.49 
273796.63 
273796.63 
273796.76 
273796.76 
273796.89 
273796.89 
273797.02 
273797.02 
273797.15 
273797.15 
273797.28 
273797.28 
273797.40 
273797.40 
273797.53 
273797.53 
273797.66 
273797.66 
273797.80 
273797.80 
273797.93 
273797.93 
273798.05 
273798.06 
273798.18 
273798.18 
273798.31 
273798.31 
273798.44 
273798.44 
273798.56 
273798.56 
273798.69 
273798.69 
273798.82 
273798.83 
273798.96 
273798.96 
273799.09 
273799.09 
273799.21 
273799.21 
273799.34 
273799.34 
273799.48 
273799.48 
273799.61 
273799.61 
273799.74 
273799.76 
273799.87 
273799.88 
273799.99 
273800.02 
273800.12 
273800.14 
273800.25 
273800.26 
273800.38 
273800.39 
273800.51 
273800.52 
273800.64 
273800.64 
273800.77 
273800.77 
273800.90 
273800.90 
273801.03 
273801.03 
273801.15 
273801.15 
273801.28 
273801.28 
273801.40 
273801.41 
273801.53 
273801.53 
273801.67 
273801.67 
273801.79 
273801.79 
273801.92 
273801.93 
273802.05 
273802.05 
273802.18 
273802.18 
273802.31 
273802.32 
273802.43 
273802.44 
273802.56 
273802.56 
273802.69 
273802.69 
273802.82 
273802.82 
273802.95 
273802.95 
273803.07 
273803.07 
273803.20 
273803.20 
273803.34 
273803.34 
273803.47 
273803.48 
273803.60 
273803.60 
273803.72 
273803.73 
273803.84 
273803.84 
273803.97 
273803.97 
273804.10 
273804.10 
273804.23 
273804.23 
273804.36 
273804.36 
273804.48 
273804.48 
273804.61 
273804.62 
273804.74 
273804.74 
273804.87 
273804.87 
273804.99 
273804.99 
273805.12 
273805.12 
273805.26 
273805.26 
273805.39 
273805.39 
273805.52 
273805.52 
273805.65 
273805.65 
273805.78 
273805.78 
273805.91 
273805.91 
273806.04 
273806.04 
273806.17 
273806.17 
273806.29 
273806.30 
273806.42 
273806.42 
273806.54 
273806.54 
273806.67 
273806.67 
273806.79 
273806.79 
273806.93 
273806.93 
273807.06 
273807.06 
273807.19 
273807.19 
273807.32 
273807.32 
273807.45 
273807.47 
273807.58 
273807.59 
273807.71 
273807.72 
273807.84 
273807.84 
273807.97 
273807.97 
273808.09 
273808.09 
273808.23 
273808.23 
273808.35 
273808.36 
273808.48 
273808.48 
273808.62 
273808.62 
273808.74 
273808.74 
273808.88 
273808.88 
273809.00 
273809.00 
273809.13 
273809.13 
273809.25 
273809.25 
273809.38 
273809.38 
273809.51 
273809.52 
273809.63 
273809.64 
273809.76 
273809.76 
273809.89 
273809.89 
273810.02 
273810.02 
273810.15 
273810.15 
273810.29 
273810.29 
273810.41 
273810.41 
273810.53 
273810.53 
273810.65 
273810.65 
273810.77 
273810.77 
273810.90 
273810.90 
273811.03 
273811.03 
273811.16 
273811.16 
273811.28 
273811.29 
273811.41 
273811.41 
273811.54 
273811.54 
273811.67 
273811.67 
273811.80 
273811.80 
273811.92 
273811.92 
273812.06 
273812.06 
273812.20 
273812.20 
273812.31 
273812.31 
273812.44 
273812.44 
273812.57 
273812.57 
273812.70 
273812.70 
273812.83 
273812.83 
273812.96 
273812.97 
273813.09 
273813.09 
273813.22 
273813.22 
273813.35 
273813.35 
273813.48 
273813.48 
273813.60 
273813.60 
273813.73 
273813.73 
273813.86 
273813.86 
273813.99 
273813.99 
273814.11 
273814.11 
273814.24 
273814.24 
273814.37 
273814.38 
273814.50 
273814.50 
273814.63 
273814.63 
273814.76 
273814.76 
273814.88 
273814.88 
273815.01 
273815.01 
273815.14 
273815.14 
273815.27 
273815.27 
273815.39 
273815.39 
273815.52 
273815.52 
273815.65 
273815.65 
273815.78 
273815.78 
273815.91 
273815.91 
273816.04 
273816.04 
273816.17 
273816.17 
273816.29 
273816.29 
273816.42 
273816.42 
273816.55 
273816.55 
273816.67 
273816.68 
273816.80 
273816.80 
273816.94 
273816.94 
273817.06 
273817.06 
273817.19 
273817.19 
273817.32 
273817.32 
273817.46 
273817.46 
273817.59 
273817.59 
273817.72 
273817.72 
273817.85 
273817.85 
273817.99 
273817.99 
273818.12 
273818.12 
273818.25 
273818.25 
273818.38 
273818.38 
273818.50 
273818.50 
273818.63 
273818.63 
273818.76 
273818.76 
273818.89 
273818.89 
273819.01 
273819.01 
273819.14 
273819.14 
273819.27 
273819.27 
273819.40 
273819.40 
273819.52 
273819.52 
273819.65 
273819.65 
273819.78 
273819.78 
273819.90 
273819.91 
273820.03 
273820.04 
273820.16 
273820.16 
273820.29 
273820.29 
273820.42 
273820.42 
273820.54 
273820.54 
273820.67 
273820.67 
273820.81 
273820.81 
273820.93 
273820.94 
273821.06 
273821.06 
273821.18 
273821.18 
273821.32 
273821.32 
273821.46 
273821.46 
273821.59 
273821.59 
273821.72 
273821.72 
273821.85 
273821.85 
273821.98 
273821.98 
273822.11 
273822.11 
273822.24 
273822.24 
273822.37 
273822.37 
273822.49 
273822.49 
273822.62 
273822.62 
273822.75 
273822.75 
273822.88 
273822.88 
273823.01 
273823.01 
273823.13 
273823.13 
273823.26 
273823.26 
273823.39 
273823.39 
273823.52 
273823.52 
273823.64 
273823.64 
273823.77 
273823.77 
273823.90 
273823.90 
273824.04 
273824.04 
273824.16 
273824.16 
273824.29 
273824.29 
273824.42 
273824.42 
273824.55 
273824.55 
273824.68 
273824.68 
273824.81 
273824.81 
273824.94 
273824.94 
273825.07 
273825.07 
273825.20 
273825.20 
273825.33 
273825.34 
273825.46 
273825.46 
273825.59 
273825.59 
273825.71 
273825.71 
273825.84 
273825.84 
273825.97 
273825.97 
273826.09 
273826.09 
273826.21 
273826.21 
273826.34 
273826.34 
273826.47 
273826.47 
273826.60 
273826.60 
273826.73 
273826.73 
273826.85 
273826.85 
273826.97 
273826.97 
273827.10 
273827.10 
273827.23 
273827.23 
273827.36 
273827.36 
273827.48 
273827.48 
273827.61 
273827.61 
273827.74 
273827.75 
273827.87 
273827.87 
273827.99 
273827.99 
273828.12 
273828.13 
273828.25 
273828.25 
273828.37 
273828.37 
273828.50 
273828.50 
273828.63 
273828.63 
273828.76 
273828.76 
273828.88 
273828.88 
273829.01 
273829.01 
273829.14 
273829.14 
273829.27 
273829.27 
273829.39 
273829.39 
273829.52 
273829.52 
273829.65 
273829.65 
273829.78 
273829.78 
273829.91 
273829.91 
273830.04 
273830.04 
273830.16 
273830.18 
273830.29 
273830.29 
273830.41 
273830.42 
273830.54 
273830.54 
273830.68 
273830.68 
273830.81 
273830.81 
273830.95 
273830.95 
273831.07 
273831.07 
273831.21 
273831.21 
273831.34 
273831.34 
273831.47 
273831.47 
273831.60 
273831.60 
273831.73 
273831.73 
273831.86 
273831.86 
273831.99 
273831.99 
273832.12 
273832.12 
273832.25 
273832.25 
273832.39 
273832.39 
273832.52 
273832.52 
273832.65 
273832.65 
273832.77 
273832.79 
273832.90 
273832.90 
273833.02 
273833.02 
273833.15 
273833.15 
273833.27 
273833.27 
273833.41 
273833.41 
273833.53 
273833.55 
273833.65 
273833.68 
273833.78 
273833.83 
273833.90 
273833.95 
273834.03 
273834.08 
273834.16 
273834.20 
273834.28 
273834.33 
273834.40 
273834.46 
273834.53 
273834.58 
273834.66 
273834.71 
273834.78 
273834.83 
273834.90 
273834.96 
273835.03 
273835.10 
273835.15 
273835.23 
273835.30 
273835.35 
273835.42 
273835.48 
273835.55 
273835.62 
273835.67 
273835.74 
273835.80 
273835.87 
273835.92 
273835.99 
273836.06 
273836.12 
273836.18 
273836.24 
273836.30 
273836.37 
273836.43 
273836.50 
273836.55 
273836.62 
273836.68 
273836.75 
273836.80 
273836.88 
273836.93 
273837.01 
273837.05 
273837.13 
273837.17 
273837.26 
273837.31 
273837.39 
273837.43 
273837.52 
273837.56 
273837.65 
273837.69 
273837.78 
273837.81 
273837.90 
273837.94 
273838.03 
273838.06 
273838.16 
273838.18 
273838.29 
273838.33 
273838.42 
273838.45 
273838.54 
273838.58 
273838.67 
273838.70 
273838.79 
273838.82 
273838.92 
273838.95 
273839.05 
273839.07 
273839.18 
273839.20 
273839.31 
273839.32 
273839.44 
273839.44 
273839.57 
273839.57 
273839.70 
273839.71 
273839.83 
273839.83 
273839.96 
273839.97 
273840.08 
273840.09 
273840.21 
273840.21 
273840.34 
273840.34 
273840.46 
273840.46 
273840.58 
273840.59 
273840.71 
273840.71 
273840.84 
273840.84 
273840.96 
273840.96 
273841.09 
273841.09 
273841.22 
273841.22 
273841.33 
273841.33 
273841.46 
273841.46 
273841.57 
273841.58 
273841.70 
273841.70 
273841.82 
273841.82 
273841.95 
273841.95 
273842.08 
273842.08 
273842.21 
273842.21 
273842.34 
273842.35 
273842.47 
273842.47 
273842.60 
273842.60 
273842.73 
273842.73 
273842.86 
273842.86 
273842.99 
273842.99 
273843.12 
273843.12 
273843.25 
273843.25 
273843.38 
273843.38 
273843.51 
273843.51 
273843.65 
273843.65 
273843.78 
273843.78 
273843.91 
273843.91 
273844.04 
273844.04 
273844.18 
273844.18 
273844.30 
273844.31 
273844.43 
273844.43 
273844.56 
273844.56 
273844.69 
273844.69 
273844.82 
273844.82 
273844.95 
273844.95 
273845.08 
273845.08 
273845.20 
273845.20 
273845.33 
273845.34 
273845.46 
273845.46 
273845.59 
273845.59 
273845.71 
273845.72 
273845.84 
273845.84 
273845.97 
273845.97 
273846.09 
273846.09 
273846.22 
273846.22 
273846.35 
273846.35 
273846.48 
273846.48 
273846.61 
273846.61 
273846.73 
273846.73 
273846.86 
273846.86 
273846.98 
273846.98 
273847.11 
273847.11 
273847.24 
273847.24 
273847.36 
273847.36 
273847.49 
273847.49 
273847.62 
273847.63 
273847.75 
273847.75 
273847.89 
273847.89 
273848.02 
273848.02 
273848.15 
273848.15 
273848.27 
273848.27 
273848.40 
273848.40 
273848.53 
273848.54 
273848.66 
273848.66 
273848.79 
273848.79 
273848.91 
273848.91 
273849.04 
273849.04 
273849.17 
273849.17 
273849.30 
273849.30 
273849.43 
273849.43 
273849.56 
273849.56 
273849.68 
273849.68 
273849.81 
273849.81 
273849.94 
273849.95 
273850.07 
273850.07 
273850.19 
273850.19 
273850.33 
273850.33 
273850.46 
273850.46 
273850.58 
273850.58 
273850.71 
273850.71 
273850.84 
273850.84 
273850.96 
273850.96 
273851.09 
273851.09 
273851.23 
273851.23 
273851.36 
273851.37 
273851.49 
273851.49 
273851.62 
273851.62 
273851.75 
273851.75 
273851.88 
273851.88 
273852.01 
273852.02 
273852.13 
273852.13 
273852.26 
273852.27 
273852.38 
273852.39 
273852.51 
273852.52 
273852.64 
273852.64 
273852.77 
273852.77 
273852.90 
273852.90 
273853.03 
273853.03 
273853.16 
273853.16 
273853.28 
273853.28 
273853.41 
273853.41 
273853.54 
273853.54 
273853.67 
273853.67 
273853.80 
273853.81 
273853.92 
273853.93 
273854.05 
273854.05 
273854.18 
273854.18 
273854.31 
273854.31 
273854.44 
273854.44 
273854.57 
273854.57 
273854.69 
273854.69 
273854.82 
273854.82 
273854.95 
273854.95 
273855.07 
273855.07 
273855.20 
273855.20 
273855.33 
273855.33 
273855.46 
273855.46 
273855.59 
273855.59 
273855.72 
273855.72 
273855.85 
273855.85 
273855.98 
273855.98 
273856.10 
273856.10 
273856.24 
273856.24 
273856.37 
273856.37 
273856.50 
273856.50 
273856.63 
273856.63 
273856.77 
273856.77 
273856.89 
273856.89 
273857.01 
273857.01 
273857.13 
273857.13 
273857.26 
273857.26 
273857.38 
273857.39 
273857.50 
273857.51 
273857.64 
273857.64 
273857.76 
273857.76 
273857.89 
273857.89 
273858.02 
273858.02 
273858.15 
273858.15 
273858.27 
273858.27 
273858.41 
273858.41 
273858.54 
273858.54 
273858.67 
273858.67 
273858.80 
273858.80 
273858.93 
273858.93 
273859.06 
273859.06 
273859.19 
273859.19 
273859.31 
273859.31 
273859.44 
273859.44 
273859.57 
273859.57 
273859.70 
273859.70 
273859.83 
273859.83 
273859.96 
273859.96 
273860.08 
273860.08 
273860.22 
273860.22 
273860.36 
273860.36 
273860.48 
273860.48 
273860.60 
273860.60 
273860.74 
273860.74 
273860.88 
273860.88 
273861.00 
273861.00 
273861.13 
273861.13 
273861.25 
273861.25 
273861.38 
273861.38 
273861.51 
273861.51 
273861.65 
273861.65 
273861.78 
273861.78 
273861.91 
273861.91 
273862.04 
273862.04 
273862.17 
273862.18 
273862.30 
273862.30 
273862.43 
273862.43 
273862.57 
273862.57 
273862.70 
273862.70 
273862.84 
273862.84 
273862.96 
273862.97 
273863.09 
273863.09 
273863.21 
273863.21 
273863.34 
273863.34 
273863.47 
273863.47 
273863.60 
273863.61 
273863.73 
273863.73 
273863.86 
273863.86 
273863.99 
273863.99 
273864.12 
273864.12 
273864.25 
273864.25 
273864.39 
273864.39 
273864.51 
273864.52 
273864.64 
273864.64 
273864.77 
273864.77 
273864.90 
273864.90 
273865.03 
273865.03 
273865.16 
273865.16 
273865.28 
273865.28 
273865.42 
273865.42 
273865.54 
273865.54 
273865.67 
273865.67 
273865.79 
273865.79 
273865.93 
273865.93 
273866.06 
273866.06 
273866.19 
273866.19 
273866.32 
273866.32 
273866.45 
273866.45 
273866.58 
273866.58 
273866.71 
273866.71 
273866.83 
273866.83 
273866.96 
273866.96 
273867.09 
273867.09 
273867.22 
273867.23 
273867.35 
273867.35 
273867.49 
273867.49 
273867.62 
273867.62 
273867.75 
273867.75 
273867.87 
273867.87 
273868.01 
273868.01 
273868.14 
273868.14 
273868.26 
273868.26 
273868.39 
273868.39 
273868.51 
273868.52 
273868.64 
273868.64 
273868.77 
273868.78 
273868.90 
273868.90 
273869.03 
273869.03 
273869.15 
273869.15 
273869.29 
273869.29 
273869.41 
273869.41 
273869.54 
273869.54 
273869.67 
273869.67 
273869.80 
273869.80 
273869.93 
273869.93 
273870.05 
273870.05 
273870.19 
273870.19 
273870.32 
273870.32 
273870.44 
273870.44 
273870.56 
273870.56 
273870.70 
273870.69 
273870.83 
273870.83 
273870.96 
273870.96 
273871.09 
273871.09 
273871.22 
273871.23 
273871.36 
273871.36 
273871.49 
273871.49 
273871.62 
273871.62 
273871.75 
273871.75 
273871.88 
273871.89 
273872.00 
273872.01 
273872.13 
273872.13 
273872.26 
273872.26 
273872.37 
273872.38 
273872.48 
273872.50 
273872.61 
273872.63 
273872.73 
273872.76 
273872.86 
273872.88 
273872.98 
273873.01 
273873.11 
273873.13 
273873.25 
273873.26 
273873.38 
273873.38 
273873.50 
273873.50 
273873.63 
273873.63 
273873.76 
273873.78 
273873.89 
273873.90 
273874.01 
273874.02 
273874.14 
273874.15 
273874.27 
273874.27 
273874.40 
273874.40 
273874.52 
273874.52 
273874.65 
273874.65 
273874.78 
273874.78 
273874.91 
273874.91 
273875.04 
273875.04 
273875.17 
273875.17 
273875.29 
273875.29 
273875.42 
273875.42 
273875.54 
273875.54 
273875.67 
273875.67 
273875.80 
273875.80 
273875.93 
273875.93 
273876.06 
273876.06 
273876.18 
273876.18 
273876.31 
273876.31 
273876.45 
273876.45 
273876.58 
273876.58 
273876.71 
273876.71 
273876.85 
273876.85 
273876.98 
273876.98 
273877.10 
273877.10 
273877.23 
273877.23 
273877.37 
273877.37 
273877.49 
273877.49 
273877.62 
273877.63 
273877.75 
273877.75 
273877.88 
273877.88 
273878.00 
273878.00 
273878.13 
273878.13 
273878.26 
273878.26 
273878.38 
273878.39 
273878.51 
273878.52 
273878.64 
273878.66 
273878.77 
273878.77 
273878.90 
273878.90 
273879.03 
273879.03 
273879.15 
273879.15 
273879.29 
273879.29 
273879.42 
273879.42 
273879.55 
273879.55 
273879.68 
273879.68 
273879.81 
273879.81 
273879.94 
273879.94 
273880.06 
273880.06 
273880.19 
273880.19 
273880.31 
273880.32 
273880.44 
273880.44 
273880.57 
273880.57 
273880.69 
273880.69 
273880.82 
273880.83 
273880.95 
273880.95 
273881.07 
273881.09 
273881.20 
273881.20 
273881.33 
273881.33 
273881.45 
273881.45 
273881.58 
273881.58 
273881.72 
273881.72 
273881.85 
273881.85 
273881.98 
273881.98 
273882.11 
273882.11 
273882.23 
273882.23 
273882.36 
273882.36 
273882.49 
273882.49 
273882.63 
273882.63 
273882.76 
273882.76 
273882.88 
273882.88 
273883.01 
273883.01 
273883.14 
273883.14 
273883.27 
273883.28 
273883.39 
273883.39 
273883.52 
273883.52 
273883.65 
273883.65 
273883.78 
273883.78 
273883.91 
273883.91 
273884.04 
273884.04 
273884.16 
273884.16 
273884.29 
273884.31 
273884.42 
273884.42 
273884.54 
273884.56 
273884.67 
273884.69 
273884.79 
273884.81 
273884.92 
273884.93 
273885.05 
273885.06 
273885.18 
273885.18 
273885.30 
273885.30 
273885.43 
273885.43 
273885.55 
273885.56 
273885.68 
273885.68 
273885.81 
273885.81 
273885.94 
273885.95 
273886.07 
273886.07 
273886.20 
273886.20 
273886.33 
273886.33 
273886.47 
273886.47 
273886.60 
273886.60 
273886.73 
273886.73 
273886.85 
273886.85 
273886.98 
273886.98 
273887.11 
273887.12 
273887.23 
273887.23 
273887.36 
273887.36 
273887.49 
273887.51 
273887.62 
273887.62 
273887.75 
273887.75 
273887.87 
273887.87 
273887.99 
273888.00 
273888.11 
273888.11 
273888.24 
273888.24 
273888.37 
273888.37 
273888.50 
273888.50 
273888.63 
273888.63 
273888.75 
273888.76 
273888.88 
273888.88 
273889.01 
273889.01 
273889.14 
273889.14 
273889.27 
273889.27 
273889.41 
273889.41 
273889.54 
273889.56 
273889.67 
273889.68 
273889.79 
273889.79 
273889.92 
273889.92 
273890.05 
273890.05 
273890.18 
273890.18 
273890.31 
273890.31 
273890.43 
273890.44 
273890.56 
273890.56 
273890.69 
273890.69 
273890.82 
273890.82 
273890.95 
273890.95 
273891.08 
273891.08 
273891.20 
273891.22 
273891.33 
273891.33 
273891.46 
273891.46 
273891.59 
273891.59 
273891.72 
273891.72 
273891.85 
273891.85 
273891.98 
273891.98 
273892.10 
273892.11 
273892.24 
273892.24 
273892.37 
273892.37 
273892.50 
273892.50 
273892.63 
273892.63 
273892.75 
273892.76 
273892.88 
273892.88 
273893.01 
273893.02 
273893.15 
273893.15 
273893.27 
273893.27 
273893.40 
273893.40 
273893.52 
273893.52 
273893.66 
273893.66 
273893.78 
273893.78 
273893.90 
273893.91 
273894.03 
273894.03 
273894.16 
273894.16 
273894.29 
273894.29 
273894.42 
273894.42 
273894.55 
273894.55 
273894.68 
273894.68 
273894.80 
273894.80 
273894.93 
273894.93 
273895.06 
273895.07 
273895.19 
273895.19 
273895.31 
273895.31 
273895.44 
273895.44 
273895.57 
273895.57 
273895.70 
273895.70 
273895.83 
273895.83 
273895.96 
273895.96 
273896.10 
273896.10 
273896.23 
273896.23 
273896.35 
273896.35 
273896.48 
273896.48 
273896.61 
273896.61 
273896.74 
273896.74 
273896.87 
273896.88 
273896.99 
273897.00 
273897.12 
273897.12 
273897.25 
273897.25 
273897.38 
273897.38 
273897.51 
273897.51 
273897.63 
273897.63 
273897.76 
273897.77 
273897.89 
273897.89 
273898.02 
273898.02 
273898.15 
273898.15 
273898.27 
273898.27 
273898.40 
273898.40 
273898.53 
273898.53 
273898.66 
273898.66 
273898.79 
273898.79 
273898.92 
273898.92 
273899.05 
273899.06 
273899.18 
273899.18 
273899.30 
273899.30 
273899.43 
273899.43 
273899.55 
273899.55 
273899.68 
273899.69 
273899.81 
273899.81 
273899.94 
273899.94 
273900.07 
273900.07 
273900.19 
273900.19 
273900.33 
273900.33 
273900.45 
273900.45 
273900.58 
273900.58 
273900.71 
273900.71 
273900.83 
273900.84 
273900.96 
273900.96 
273901.09 
273901.09 
273901.22 
273901.22 
273901.35 
273901.35 
273901.47 
273901.49 
273901.60 
273901.61 
273901.72 
273901.73 
273901.85 
273901.85 
273901.97 
273901.97 
273902.10 
273902.10 
273902.24 
273902.24 
273902.36 
273902.36 
273902.49 
273902.49 
273902.62 
273902.62 
273902.76 
273902.76 
273902.88 
273902.88 
273903.01 
273903.01 
273903.14 
273903.14 
273903.27 
273903.27 
273903.40 
273903.40 
273903.53 
273903.53 
273903.64 
273903.66 
273903.77 
273903.78 
273903.89 
273903.89 
273904.01 
273904.02 
273904.14 
273904.14 
273904.27 
273904.27 
273904.40 
273904.40 
273904.53 
273904.53 
273904.66 
273904.66 
273904.79 
273904.79 
273904.92 
273904.93 
273905.05 
273905.06 
273905.18 
273905.18 
273905.30 
273905.30 
273905.43 
273905.43 
273905.55 
273905.55 
273905.69 
273905.69 
273905.82 
273905.82 
273905.94 
273905.94 
273906.07 
273906.07 
273906.20 
273906.20 
273906.33 
273906.33 
273906.47 
273906.47 
273906.60 
273906.60 
273906.73 
273906.73 
273906.87 
273906.87 
273907.00 
273907.00 
273907.12 
273907.12 
273907.25 
273907.25 
273907.38 
273907.38 
273907.51 
273907.51 
273907.63 
273907.63 
273907.77 
273907.77 
273907.89 
273907.89 
273908.02 
273908.02 
273908.15 
273908.15 
273908.27 
273908.27 
273908.40 
273908.40 
273908.54 
273908.54 
273908.67 
273908.67 
273908.79 
273908.79 
273908.93 
273908.93 
273909.06 
273909.06 
273909.19 
273909.19 
273909.32 
273909.32 
273909.44 
273909.45 
273909.57 
273909.57 
273909.69 
273909.70 
273909.83 
273909.83 
273909.96 
273909.96 
273910.09 
273910.09 
273910.22 
273910.22 
273910.36 
273910.36 
273910.48 
273910.48 
273910.61 
273910.61 
273910.74 
273910.74 
273910.87 
273910.87 
273911.00 
273911.00 
273911.13 
273911.13 
273911.26 
273911.26 
273911.39 
273911.39 
273911.52 
273911.52 
273911.65 
273911.65 
273911.78 
273911.78 
273911.90 
273911.91 
273912.02 
273912.03 
273912.15 
273912.16 
273912.27 
273912.27 
273912.40 
273912.40 
273912.53 
273912.53 
273912.66 
273912.67 
273912.79 
273912.79 
273912.92 
273912.92 
273913.05 
273913.05 
273913.18 
273913.19 
273913.30 
273913.30 
273913.43 
273913.44 
273913.56 
273913.56 
273913.68 
273913.69 
273913.81 
273913.81 
273913.94 
273913.94 
273914.07 
273914.07 
273914.21 
273914.21 
273914.33 
273914.35 
273914.45 
273914.48 
273914.58 
273914.60 
273914.71 
273914.74 
273914.83 
273914.87 
273914.96 
273915.00 
273915.09 
273915.13 
273915.22 
273915.26 
273915.34 
273915.38 
273915.47 
273915.51 
273915.61 
273915.63 
273915.74 
273915.75 
273915.87 
273915.88 
273916.00 
273916.01 
273916.12 
273916.13 
273916.25 
273916.26 
273916.38 
273916.38 
273916.51 
273916.52 
273916.64 
273916.65 
273916.77 
273916.77 
273916.89 
273916.90 
273917.02 
273917.03 
273917.14 
273917.15 
273917.27 
273917.27 
273917.39 
273917.39 
273917.53 
273917.53 
273917.67 
273917.67 
273917.79 
273917.79 
273917.92 
273917.92 
273918.05 
273918.06 
273918.17 
273918.18 
273918.30 
273918.31 
273918.43 
273918.43 
273918.55 
273918.56 
273918.68 
273918.68 
273918.80 
273918.83 
273918.92 
273918.94 
273919.03 
273919.07 
273919.16 
273919.19 
273919.28 
273919.32 
273919.41 
273919.45 
273919.54 
273919.57 
273919.66 
273919.71 
273919.79 
273919.84 
273919.91 
273919.97 
273920.04 
273920.09 
273920.17 
273920.22 
273920.29 
273920.35 
273920.42 
273920.47 
273920.55 
273920.59 
273920.67 
273920.72 
273920.80 
273920.85 
273920.92 
273920.97 
273921.05 
273921.10 
273921.18 
273921.22 
273921.30 
273921.35 
273921.43 
273921.47 
273921.56 
273921.60 
273921.68 
273921.72 
273921.81 
273921.85 
273921.93 
273921.98 
273922.06 
273922.10 
273922.19 
273922.23 
273922.31 
273922.35 
273922.44 
273922.48 
273922.56 
273922.60 
273922.69 
273922.73 
273922.82 
273922.86 
273922.94 
273922.99 
273923.07 
273923.11 
273923.19 
273923.23 
273923.32 
273923.36 
273923.45 
273923.49 
273923.57 
273923.61 
273923.69 
273923.74 
273923.82 
273923.86 
273923.95 
273923.99 
273924.08 
273924.11 
273924.20 
273924.24 
273924.32 
273924.37 
273924.45 
273924.49 
273924.58 
273924.62 
273924.70 
273924.75 
273924.83 
273924.87 
273924.95 
273925.00 
273925.08 
273925.12 
273925.21 
273925.25 
273925.33 
273925.38 
273925.46 
273925.50 
273925.59 
273925.63 
273925.71 
273925.75 
273925.84 
273925.88 
273925.96 
273926.02 
273926.09 
273926.14 
273926.22 
273926.27 
273926.34 
273926.39 
273926.47 
273926.52 
273926.59 
273926.65 
273926.72 
273926.77 
273926.85 
273926.90 
273926.97 
273927.03 
273927.10 
273927.15 
273927.22 
273927.28 
273927.35 
273927.40 
273927.47 
273927.53 
273927.60 
273927.66 
273927.72 
273927.78 
273927.85 
273927.91 
273927.97 
273928.03 
273928.10 
273928.16 
273928.22 
273928.28 
273928.35 
273928.41 
273928.48 
273928.54 
273928.60 
273928.66 
273928.73 
273928.79 
273928.86 
273928.91 
273928.98 
273929.04 
273929.11 
273929.17 
273929.24 
273929.30 
273929.36 
273929.42 
273929.49 
273929.55 
273929.61 
273929.67 
273929.74 
273929.80 
273929.86 
273929.92 
273929.98 
273930.05 
273930.11 
273930.17 
273930.24 
273930.29 
273930.36 
273930.42 
273930.49 
273930.55 
273930.61 
273930.67 
273930.74 
273930.80 
273930.86 
273930.92 
273930.99 
273931.05 
273931.11 
273931.18 
273931.24 
273931.30 
273931.36 
273931.43 
273931.49 
273931.55 
273931.61 
273931.68 
273931.74 
273931.80 
273931.86 
273931.93 
273931.99 
273932.06 
273932.11 
273932.20 
273932.23 
273932.33 
273932.35 
273932.46 
273932.48 
273932.59 
273932.60 
273932.71 
273932.72 
273932.84 
273932.85 
273932.97 
273932.97 
273933.09 
273933.09 
273933.22 
273933.22 
273933.35 
273933.35 
273933.48 
273933.48 
273933.62 
273933.62 
273933.75 
273933.75 
273933.88 
273933.88 
273934.01 
273934.01 
273934.14 
273934.14 
273934.27 
273934.27 
273934.39 
273934.40 
273934.51 
273934.52 
273934.64 
273934.64 
273934.76 
273934.77 
273934.89 
273934.89 
273935.03 
273935.03 
273935.16 
273935.16 
273935.28 
273935.28 
273935.41 
273935.41 
273935.54 
273935.54 
273935.66 
273935.66 
273935.79 
273935.79 
273935.91 
273935.91 
273936.05 
273936.05 
273936.18 
273936.18 
273936.31 
273936.31 
273936.43 
273936.43 
273936.56 
273936.56 
273936.69 
273936.69 
273936.82 
273936.82 
273936.95 
273936.95 
273937.07 
273937.07 
273937.21 
273937.21 
273937.34 
273937.36 
273937.46 
273937.48 
273937.59 
273937.60 
273937.72 
273937.72 
273937.85 
273937.85 
273937.97 
273937.98 
273938.10 
273938.10 
273938.23 
273938.23 
273938.35 
273938.37 
273938.48 
273938.48 
273938.60 
273938.61 
273938.73 
273938.73 
273938.86 
273938.86 
273938.98 
273938.98 
273939.11 
273939.13 
273939.24 
273939.26 
273939.38 
273939.38 
273939.51 
273939.51 
273939.64 
273939.64 
273939.77 
273939.77 
273939.89 
273939.89 
273940.02 
273940.02 
273940.15 
273940.15 
273940.27 
273940.27 
273940.40 
273940.40 
273940.54 
273940.54 
273940.68 
273940.68 
273940.80 
273940.80 
273940.93 
273940.93 
273941.06 
273941.06 
273941.18 
273941.18 
273941.32 
273941.32 
273941.45 
273941.45 
273941.57 
273941.59 
273941.70 
273941.70 
273941.83 
273941.84 
273941.95 
273941.96 
273942.08 
273942.08 
273942.21 
273942.21 
273942.34 
273942.34 
273942.47 
273942.47 
273942.59 
273942.59 
273942.73 
273942.73 
273942.85 
273942.86 
273942.99 
273942.99 
273943.11 
273943.11 
273943.24 
273943.24 
273943.36 
273943.37 
273943.49 
273943.49 
273943.61 
273943.62 
273943.74 
273943.75 
273943.87 
273943.87 
273944.00 
273944.01 
273944.12 
273944.13 
273944.25 
273944.26 
273944.38 
273944.38 
273944.50 
273944.50 
273944.63 
273944.63 
273944.76 
273944.76 
273944.89 
273944.89 
273945.01 
273945.01 
273945.14 
273945.14 
273945.27 
273945.27 
273945.39 
273945.39 
273945.52 
273945.52 
273945.65 
273945.65 
273945.78 
273945.78 
273945.91 
273945.91 
273946.04 
273946.04 
273946.17 
273946.17 
273946.29 
273946.30 
273946.42 
273946.42 
273946.55 
273946.55 
273946.68 
273946.68 
273946.80 
273946.80 
273946.93 
273946.93 
273947.06 
273947.06 
273947.19 
273947.19 
273947.32 
273947.32 
273947.44 
273947.44 
273947.57 
273947.57 
273947.70 
273947.70 
273947.83 
273947.83 
273947.95 
273947.95 
273948.08 
273948.08 
273948.21 
273948.21 
273948.34 
273948.34 
273948.47 
273948.47 
273948.59 
273948.59 
273948.72 
273948.72 
273948.85 
273948.86 
273948.98 
273948.98 
273949.11 
273949.11 
273949.25 
273949.25 
273949.37 
273949.39 
273949.50 
273949.51 
273949.63 
273949.63 
273949.75 
273949.76 
273949.86 
273949.88 
273949.97 
273950.00 
273950.09 
273950.12 
273950.22 
273950.25 
273950.35 
273950.37 
273950.47 
273950.50 
273950.61 
273950.62 
273950.74 
273950.74 
273950.87 
273950.87 
273950.99 
273950.99 
273951.12 
273951.14 
273951.25 
273951.25 
273951.37 
273951.38 
273951.50 
273951.52 
273951.62 
273951.64 
273951.75 
273951.79 
273951.87 
273951.91 
273952.00 
273952.04 
273952.13 
273952.17 
273952.26 
273952.29 
273952.38 
273952.43 
273952.51 
273952.56 
273952.64 
273952.69 
273952.77 
273952.81 
273952.90 
273952.94 
273953.02 
273953.07 
273953.15 
273953.19 
273953.28 
273953.32 
273953.41 
273953.45 
273953.53 
273953.57 
273953.66 
273953.68 
273953.78 
273953.81 
273953.91 
273953.93 
273954.03 
273954.06 
273954.16 
273954.18 
273954.29 
273954.29 
273954.42 
273954.42 
273954.54 
273954.54 
273954.68 
273954.68 
273954.81 
273954.81 
273954.93 
273954.93 
273955.06 
273955.06 
273955.19 
273955.19 
273955.32 
273955.32 
273955.45 
273955.45 
273955.58 
273955.58 
273955.71 
273955.71 
273955.85 
273955.85 
273955.97 
273955.97 
273956.10 
273956.11 
273956.23 
273956.23 
273956.36 
273956.36 
273956.48 
273956.48 
273956.61 
273956.61 
273956.74 
273956.74 
273956.87 
273956.87 
273957.00 
273957.00 
273957.13 
273957.13 
273957.26 
273957.27 
273957.39 
273957.39 
273957.52 
273957.52 
273957.65 
273957.65 
273957.78 
273957.78 
273957.91 
273957.91 
273958.03 
273958.03 
273958.16 
273958.16 
273958.29 
273958.29 
273958.42 
273958.42 
273958.56 
273958.56 
273958.68 
273958.68 
273958.81 
273958.81 
273958.93 
273958.93 
273959.06 
273959.06 
273959.19 
273959.19 
273959.33 
273959.33 
273959.45 
273959.46 
273959.57 
273959.58 
273959.70 
273959.70 
273959.83 
273959.83 
273959.95 
273959.95 
273960.08 
273960.08 
273960.22 
273960.22 
273960.35 
273960.35 
273960.48 
273960.48 
273960.61 
273960.62 
273960.74 
273960.74 
273960.86 
273960.87 
273960.99 
273960.99 
273961.11 
273961.11 
273961.25 
273961.25 
273961.38 
273961.38 
273961.51 
273961.51 
273961.64 
273961.64 
273961.77 
273961.78 
273961.90 
273961.91 
273962.03 
273962.03 
273962.15 
273962.15 
273962.28 
273962.29 
273962.41 
273962.41 
273962.54 
273962.54 
273962.67 
273962.67 
273962.79 
273962.79 
273962.92 
273962.92 
273963.04 
273963.04 
273963.17 
273963.17 
273963.30 
273963.30 
273963.43 
273963.43 
273963.55 
273963.55 
273963.68 
273963.68 
273963.80 
273963.80 
273963.93 
273963.93 
273964.07 
273964.07 
273964.19 
273964.20 
273964.31 
273964.33 
273964.44 
273964.45 
273964.57 
273964.58 
273964.70 
273964.70 
273964.83 
273964.83 
273964.96 
273964.96 
273965.09 
273965.09 
273965.22 
273965.22 
273965.34 
273965.34 
273965.47 
273965.47 
273965.59 
273965.59 
273965.72 
273965.72 
273965.86 
273965.86 
273965.99 
273965.99 
273966.11 
273966.11 
273966.24 
273966.24 
273966.37 
273966.37 
273966.50 
273966.51 
273966.63 
273966.63 
273966.76 
273966.76 
273966.89 
273966.89 
273967.02 
273967.02 
273967.16 
273967.16 
273967.29 
273967.29 
273967.41 
273967.41 
273967.54 
273967.54 
273967.66 
273967.66 
273967.79 
273967.79 
273967.92 
273967.92 
273968.05 
273968.05 
273968.18 
273968.18 
273968.31 
273968.31 
273968.44 
273968.44 
273968.57 
273968.57 
273968.69 
273968.69 
273968.82 
273968.82 
273968.95 
273968.95 
273969.07 
273969.07 
273969.21 
273969.21 
273969.34 
273969.34 
273969.46 
273969.46 
273969.59 
273969.59 
273969.72 
273969.72 
273969.85 
273969.85 
273969.99 
273969.99 
273970.11 
273970.12 
273970.24 
273970.24 
273970.37 
273970.37 
273970.50 
273970.50 
273970.62 
273970.63 
273970.75 
273970.76 
273970.88 
273970.88 
273971.01 
273971.02 
273971.14 
273971.14 
273971.27 
273971.27 
273971.40 
273971.40 
273971.53 
273971.53 
273971.65 
273971.65 
273971.78 
273971.78 
273971.91 
273971.91 
273972.04 
273972.04 
273972.17 
273972.17 
273972.30 
273972.30 
273972.43 
273972.43 
273972.56 
273972.56 
273972.69 
273972.69 
273972.81 
273972.81 
273972.95 
273972.95 
273973.08 
273973.08 
273973.21 
273973.21 
273973.33 
273973.33 
273973.46 
273973.46 
273973.59 
273973.59 
273973.71 
273973.72 
273973.84 
273973.84 
273973.97 
273973.99 
273974.09 
273974.11 
273974.22 
273974.23 
273974.35 
273974.35 
273974.48 
273974.48 
273974.61 
273974.61 
273974.74 
273974.74 
273974.87 
273974.87 
273974.99 
273974.99 
273975.12 
273975.12 
273975.25 
273975.25 
273975.38 
273975.38 
273975.51 
273975.51 
273975.64 
273975.65 
273975.76 
273975.76 
273975.89 
273975.89 
273976.01 
273976.02 
273976.14 
273976.14 
273976.27 
273976.27 
273976.41 
273976.41 
273976.53 
273976.53 
273976.66 
273976.66 
273976.79 
273976.79 
273976.91 
273976.91 
273977.05 
273977.05 
273977.18 
273977.18 
273977.30 
273977.33 
273977.43 
273977.45 
273977.56 
273977.57 
273977.69 
273977.70 
273977.82 
273977.82 
273977.95 
273977.95 
273978.08 
273978.08 
273978.21 
273978.21 
273978.34 
273978.34 
273978.47 
273978.47 
273978.59 
273978.59 
273978.73 
273978.73 
273978.87 
273978.87 
273979.00 
273979.00 
273979.12 
273979.12 
273979.25 
273979.25 
273979.38 
273979.38 
273979.51 
273979.51 
273979.64 
273979.64 
273979.77 
273979.77 
273979.90 
273979.90 
273980.03 
273980.03 
273980.15 
273980.16 
273980.28 
273980.28 
273980.41 
273980.41 
273980.54 
273980.54 
273980.68 
273980.68 
273980.80 
273980.80 
273980.92 
273980.92 
273981.04 
273981.05 
273981.16 
273981.17 
273981.29 
273981.30 
273981.42 
273981.43 
273981.55 
273981.55 
273981.68 
273981.68 
273981.82 
273981.82 
273981.95 
273981.95 
273982.07 
273982.07 
273982.20 
273982.20 
273982.34 
273982.34 
273982.47 
273982.47 
273982.59 
273982.59 
273982.73 
273982.73 
273982.85 
273982.85 
273982.98 
273982.98 
273983.11 
273983.12 
273983.24 
273983.24 
273983.36 
273983.37 
273983.48 
273983.50 
273983.61 
273983.62 
273983.73 
273983.73 
273983.86 
273983.86 
273983.99 
273983.99 
273984.12 
273984.12 
273984.25 
273984.25 
273984.38 
273984.38 
273984.51 
273984.52 
273984.64 
273984.65 
273984.76 
273984.78 
273984.89 
273984.90 
273985.02 
273985.03 
273985.15 
273985.15 
273985.28 
273985.28 
273985.42 
273985.42 
273985.55 
273985.55 
273985.67 
273985.67 
273985.80 
273985.80 
273985.92 
273985.92 
273986.06 
273986.06 
273986.19 
273986.19 
273986.31 
273986.31 
273986.45 
273986.45 
273986.58 
273986.58 
273986.71 
273986.72 
273986.84 
273986.84 
273986.96 
273986.97 
273987.09 
273987.09 
273987.21 
273987.21 
273987.34 
273987.34 
273987.46 
273987.46 
273987.58 
273987.59 
273987.71 
273987.72 
273987.84 
273987.84 
273987.97 
273987.97 
273988.10 
273988.12 
273988.23 
273988.23 
273988.35 
273988.36 
273988.48 
273988.48 
273988.61 
273988.61 
273988.74 
273988.74 
273988.87 
273988.87 
273988.99 
273988.99 
273989.11 
273989.12 
273989.24 
273989.24 
273989.37 
273989.37 
273989.50 
273989.50 
273989.63 
273989.63 
273989.77 
273989.77 
273989.89 
273989.89 
273990.02 
273990.02 
273990.15 
273990.15 
273990.27 
273990.27 
273990.41 
273990.41 
273990.54 
273990.54 
273990.67 
273990.67 
273990.79 
273990.81 
273990.92 
273990.94 
273991.04 
273991.06 
273991.17 
273991.17 
273991.29 
273991.31 
273991.42 
273991.44 
273991.55 
273991.56 
273991.68 
273991.68 
273991.81 
273991.81 
273991.94 
273991.94 
273992.07 
273992.07 
273992.20 
273992.20 
273992.32 
273992.32 
273992.45 
273992.45 
273992.58 
273992.58 
273992.71 
273992.71 
273992.84 
273992.84 
273992.97 
273992.97 
273993.10 
273993.10 
273993.24 
273993.24 
273993.36 
273993.37 
273993.49 
273993.49 
273993.61 
273993.61 
273993.75 
273993.75 
273993.88 
273993.89 
273994.00 
273994.03 
273994.13 
273994.17 
273994.26 
273994.31 
273994.39 
273994.43 
273994.51 
273994.56 
273994.64 
273994.69 
273994.77 
273994.81 
273994.89 
273994.94 
273995.02 
273995.06 
273995.15 
273995.18 
273995.28 
273995.30 
273995.40 
273995.43 
273995.53 
273995.55 
273995.65 
273995.68 
273995.78 
273995.80 
273995.91 
273995.94 
273996.03 
273996.07 
273996.16 
273996.21 
273996.28 
273996.33 
273996.40 
273996.45 
273996.52 
273996.57 
273996.65 
273996.70 
273996.77 
273996.82 
273996.90 
273996.95 
273997.02 
273997.07 
273997.15 
273997.20 
273997.27 
273997.32 
273997.42 
273997.44 
273997.55 
273997.57 
273997.67 
273997.69 
273997.80 
273997.82 
273997.92 
273997.94 
273998.05 
273998.05 
273998.17 
273998.17 
273998.30 
273998.30 
273998.42 
273998.42 
273998.56 
273998.56 
273998.69 
273998.69 
273998.82 
273998.82 
273998.94 
273998.95 
273999.07 
273999.07 
273999.20 
273999.20 
273999.33 
273999.33 
273999.46 
273999.46 
273999.59 
273999.59 
273999.72 
273999.72 
273999.85 
273999.85 
273999.98 
273999.98 
274000.11 
274000.11 
274000.24 
274000.24 
274000.37 
274000.37 
274000.49 
274000.49 
274000.62 
274000.62 
274000.74 
274000.74 
274000.87 
274000.87 
274001.00 
274001.00 
274001.13 
274001.13 
274001.26 
274001.26 
274001.39 
274001.39 
274001.52 
274001.52 
274001.65 
274001.65 
274001.78 
274001.78 
274001.91 
274001.91 
274002.04 
274002.04 
274002.18 
274002.18 
274002.31 
274002.31 
274002.44 
274002.44 
274002.56 
274002.56 
274002.69 
274002.69 
274002.82 
274002.82 
274002.94 
274002.95 
274003.07 
274003.07 
274003.19 
274003.19 
274003.32 
274003.32 
274003.45 
274003.45 
274003.57 
274003.57 
274003.70 
274003.71 
274003.84 
274003.84 
274003.97 
274003.97 
274004.09 
274004.09 
274004.23 
274004.23 
274004.36 
274004.37 
274004.48 
274004.48 
274004.61 
274004.61 
274004.75 
274004.75 
274004.87 
274004.87 
274005.00 
274005.00 
274005.12 
274005.12 
274005.25 
274005.25 
274005.38 
274005.38 
274005.51 
274005.51 
274005.64 
274005.64 
274005.76 
274005.76 
274005.89 
274005.89 
274006.02 
274006.02 
274006.15 
274006.15 
274006.28 
274006.28 
274006.41 
274006.41 
274006.54 
274006.54 
274006.68 
274006.68 
274006.80 
274006.80 
274006.94 
274006.94 
274007.06 
274007.06 
274007.19 
274007.19 
274007.32 
274007.32 
274007.45 
274007.45 
274007.59 
274007.59 
274007.72 
274007.72 
274007.85 
274007.85 
274007.98 
274007.98 
274008.10 
274008.11 
274008.23 
274008.23 
274008.37 
274008.37 
274008.50 
274008.50 
274008.63 
274008.63 
274008.76 
274008.76 
274008.88 
274008.88 
274009.01 
274009.01 
274009.14 
274009.14 
274009.27 
274009.27 
274009.39 
274009.40 
274009.53 
274009.53 
274009.66 
274009.66 
274009.78 
274009.78 
274009.91 
274009.91 
274010.04 
274010.04 
274010.18 
274010.18 
274010.31 
274010.31 
274010.44 
274010.44 
274010.58 
274010.58 
274010.71 
274010.71 
274010.84 
274010.84 
274010.96 
274010.96 
274011.09 
274011.10 
274011.22 
274011.22 
274011.35 
274011.35 
274011.48 
274011.48 
274011.60 
274011.62 
274011.72 
274011.75 
274011.85 
274011.87 
274011.97 
274011.99 
274012.10 
274012.12 
274012.22 
274012.25 
274012.37 
274012.37 
274012.50 
274012.50 
274012.63 
274012.63 
274012.75 
274012.76 
274012.88 
274012.88 
274013.01 
274013.01 
274013.14 
274013.14 
274013.27 
274013.27 
274013.39 
274013.39 
274013.53 
274013.53 
274013.66 
274013.66 
274013.78 
274013.78 
274013.91 
274013.92 
274014.04 
274014.04 
274014.17 
274014.17 
274014.29 
274014.29 
274014.43 
274014.43 
274014.55 
274014.56 
274014.68 
274014.68 
274014.81 
274014.83 
274014.93 
274014.95 
274015.06 
274015.06 
274015.19 
274015.20 
274015.32 
274015.32 
274015.45 
274015.45 
274015.58 
274015.58 
274015.70 
274015.70 
274015.83 
274015.83 
274015.95 
274015.95 
274016.08 
274016.08 
274016.21 
274016.21 
274016.34 
274016.34 
274016.47 
274016.47 
274016.59 
274016.59 
274016.71 
274016.71 
274016.84 
274016.84 
274016.97 
274016.97 
274017.09 
274017.09 
274017.22 
274017.23 
274017.35 
274017.35 
274017.49 
274017.49 
274017.62 
274017.62 
274017.75 
274017.75 
274017.88 
274017.88 
274018.01 
274018.01 
274018.13 
274018.13 
274018.26 
274018.26 
274018.39 
274018.39 
274018.53 
274018.53 
274018.65 
274018.66 
274018.78 
274018.79 
274018.90 
274018.91 
274019.03 
274019.03 
274019.15 
274019.16 
274019.28 
274019.28 
274019.41 
274019.41 
274019.54 
274019.54 
274019.67 
274019.67 
274019.79 
274019.79 
274019.93 
274019.93 
274020.06 
274020.06 
274020.18 
274020.18 
274020.31 
274020.31 
274020.43 
274020.43 
274020.56 
274020.56 
274020.69 
274020.69 
274020.82 
274020.82 
274020.95 
274020.95 
274021.07 
274021.07 
274021.21 
274021.21 
274021.34 
274021.34 
274021.47 
274021.47 
274021.59 
274021.59 
274021.73 
274021.73 
274021.86 
274021.87 
274021.99 
274021.99 
274022.11 
274022.11 
274022.23 
274022.26 
274022.36 
274022.38 
274022.49 
274022.50 
274022.60 
274022.62 
274022.73 
274022.73 
274022.84 
274022.85 
274022.96 
274022.97 
274023.08 
274023.09 
274023.19 
274023.20 
274023.32 
274023.32 
274023.44 
274023.44 
274023.56 
274023.56 
274023.68 
274023.68 
274023.82 
274023.82 
274023.94 
274023.94 
274024.06 
274024.06 
274024.18 
274024.18 
274024.30 
274024.30 
274024.42 
274024.42 
274024.54 
274024.54 
274024.66 
274024.66 
274024.78 
274024.78 
274024.90 
274024.90 
274025.02 
274025.02 
274025.13 
274025.14 
274025.25 
274025.26 
274025.36 
274025.37 
274025.48 
274025.48 
274025.60 
274025.61 
274025.71 
274025.72 
274025.83 
274025.84 
274025.96 
274025.96 
274026.08 
274026.08 
274026.20 
274026.20 
274026.32 
274026.32 
274026.44 
274026.45 
274026.56 
274026.56 
274026.68 
274026.68 
274026.80 
274026.80 
274026.91 
274026.92 
274027.03 
274027.03 
274027.15 
274027.15 
274027.27 
274027.28 
274027.39 
274027.39 
274027.50 
274027.50 
274027.62 
274027.62 
274027.74 
274027.74 
274027.85 
274027.86 
274027.97 
274027.98 
274028.08 
274028.10 
274028.20 
274028.22 
274028.33 
274028.34 
274028.44 
274028.46 
274028.56 
274028.57 
274028.69 
274028.69 
274028.81 
274028.82 
274028.93 
274028.94 
274029.05 
274029.06 
274029.17 
274029.18 
274029.29 
274029.29 
274029.41 
274029.41 
274029.53 
274029.53 
274029.64 
274029.65 
274029.76 
274029.76 
274029.88 
274029.88 
274030.00 
274030.00 
274030.11 
274030.11 
274030.22 
274030.23 
274030.34 
274030.36 
274030.46 
274030.48 
274030.58 
274030.61 
274030.70 
274030.75 
274030.82 
274030.86 
274030.92 
274030.97 
274031.04 
274031.09 
274031.16 
274031.20 
274031.27 
274031.31 
274031.39 
274031.43 
274031.50 
274031.54 
274031.61 
274031.64 
274031.75 
274031.76 
274031.88 
274031.88 
274032.00 
274032.00 
274032.12 
274032.12 
274032.25 
274032.25 
274032.37 
274032.37 
274032.49 
274032.49 
274032.61 
274032.61 
274032.74 
274032.74 
274032.86 
274032.86 
274032.97 
274032.97 
274033.09 
274033.09 
274033.21 
274033.22 
274033.35 
274033.35 
274033.48 
274033.48 
274033.59 
274033.59 
274033.72 
274033.73 
274033.83 
274033.83 
274033.94 
274033.95 
274034.05 
274034.06 
274034.16 
274034.18 
274034.26 
274034.29 
274034.37 
274034.41 
274034.48 
274034.52 
274034.59 
274034.63 
274034.73 
274034.73 
274034.84 
274034.84 
274034.94 
274034.95 
274035.08 
274035.08 
274035.19 
274035.19 
274035.32 
274035.32 
274035.43 
274035.43 
274035.55 
274035.56 
274035.66 
274035.67 
274035.77 
274035.78 
274035.88 
274035.89 
274036.02 
274036.03 
274036.14 
274036.14 
274036.27 
274036.27 
274036.38 
274036.38 
274036.52 
274036.52 
274036.62 
274036.62 
274036.75 
274036.75 
274036.85 
274036.86 
274036.96 
274036.96 
274037.07 
274037.07 
274037.19 
274037.20 
274037.30 
274037.30 
274037.41 
274037.41 
274037.52 
274037.52 
274037.63 
274037.63 
274037.75 
274037.75 
274037.87 
274037.87 
274037.99 
274037.99 
274038.11 
274038.11 
274038.23 
274038.23 
274038.35 
274038.35 
274038.48 
274038.48 
274038.60 
274038.60 
274038.71 
274038.74 
274038.82 
274038.86 
274038.95 
274038.98 
274039.08 
274039.12 
274039.19 
274039.24 
274039.32 
274039.36 
274039.44 
274039.48 
274039.55 
274039.60 
274039.68 
274039.72 
274039.80 
274039.83 
274039.92 
274039.96 
274040.04 
274040.08 
274040.17 
274040.21 
274040.27 
274040.33 
274040.41 
274040.47 
274040.53 
274040.59 
274040.64 
274040.71 
274040.77 
274040.83 
274040.89 
274040.95 
274041.02 
274041.07 
274041.14 
274041.19 
274041.26 
274041.32 
274041.38 
274041.44 
274041.50 
274041.56 
274041.63 
274041.68 
274041.76 
274041.82 
274041.88 
274041.94 
274042.00 
274042.06 
274042.12 
274042.19 
274042.23 
274042.33 
274042.35 
274042.47 
274042.47 
274042.59 
274042.60 
274042.72 
274042.73 
274042.84 
274042.85 
274042.96 
274042.96 
274043.08 
274043.08 
274043.20 
274043.21 
274043.32 
274043.33 
274043.44 
274043.44 
274043.56 
274043.56 
274043.68 
274043.68 
274043.80 
274043.80 
274043.92 
274043.92 
274044.04 
274044.05 
274044.17 
274044.18 
274044.29 
274044.29 
274044.40 
274044.40 
274044.53 
274044.53 
274044.65 
274044.65 
274044.77 
274044.77 
274044.90 
274044.90 
274045.02 
274045.02 
274045.15 
274045.15 
274045.27 
274045.27 
274045.39 
274045.39 
274045.52 
274045.52 
274045.64 
274045.64 
274045.76 
274045.76 
274045.88 
274045.88 
274046.00 
274046.00 
274046.13 
274046.13 
274046.25 
274046.25 
274046.37 
274046.37 
274046.48 
274046.50 
274046.60 
274046.64 
274046.73 
274046.77 
274046.84 
274046.88 
274046.96 
274047.02 
274047.07 
274047.15 
274047.20 
274047.27 
274047.31 
274047.38 
274047.44 
274047.50 
274047.57 
274047.62 
274047.69 
274047.75 
274047.82 
274047.87 
274047.92 
274047.98 
274048.03 
274048.09 
274048.14 
274048.21 
274048.25 
274048.34 
274048.37 
274048.46 
274048.49 
274048.57 
274048.61 
274048.69 
274048.73 
274048.81 
274048.86 
274048.93 
274048.98 
274049.06 
274049.09 
274049.17 
274049.22 
274049.29 
274049.34 
274049.39 
274049.46 
274049.52 
274049.59 
274049.64 
274049.71 
274049.76 
274049.83 
274049.88 
274049.95 
274050.00 
274050.07 
274050.13 
274050.19 
274050.26 
274050.30 
274050.38 
274050.42 
274050.51 
274050.52 
274050.62 
274050.64 
274050.74 
274050.76 
274050.87 
274050.88 
274050.99 
274050.99 
274051.11 
274051.11 
274051.23 
274051.23 
274051.35 
274051.35 
274051.46 
274051.47 
274051.58 
274051.59 
274051.70 
274051.71 
274051.82 
274051.82 
274051.94 
274051.94 
274052.06 
274052.07 
274052.19 
274052.19 
274052.31 
274052.31 
274052.43 
274052.44 
274052.55 
274052.56 
274052.67 
274052.67 
274052.78 
274052.79 
274052.89 
274052.90 
274053.01 
274053.02 
274053.14 
274053.14 
274053.26 
274053.27 
274053.39 
274053.39 
274053.51 
274053.53 
274053.63 
274053.65 
274053.75 
274053.77 
274053.86 
274053.88 
274053.98 
274054.01 
274054.12 
274054.13 
274054.24 
274054.25 
274054.36 
274054.36 
274054.48 
274054.48 
274054.59 
274054.61 
274054.70 
274054.74 
274054.82 
274054.86 
274054.94 
274054.98 
274055.06 
274055.11 
274055.18 
274055.23 
274055.30 
274055.35 
274055.42 
274055.47 
274055.53 
274055.60 
274055.64 
274055.71 
274055.76 
274055.83 
274055.88 
274055.96 
274056.00 
274056.08 
274056.12 
274056.19 
274056.24 
274056.32 
274056.36 
274056.44 
274056.47 
274056.55 
274056.59 
274056.68 
274056.71 
274056.81 
274056.82 
274056.94 
274056.94 
274057.05 
274057.06 
274057.17 
274057.18 
274057.29 
274057.30 
274057.41 
274057.41 
274057.52 
274057.53 
274057.65 
274057.65 
274057.76 
274057.77 
274057.88 
274057.90 
274058.00 
274058.02 
274058.12 
274058.13 
274058.24 
274058.24 
274058.36 
274058.36 
274058.47 
274058.50 
274058.59 
274058.61 
274058.70 
274058.72 
274058.81 
274058.84 
274058.93 
274058.96 
274059.06 
274059.09 
274059.18 
274059.21 
274059.31 
274059.33 
274059.43 
274059.46 
274059.56 
274059.57 
274059.68 
274059.69 
274059.81 
274059.81 
274059.92 
274059.93 
274060.04 
274060.05 
274060.16 
274060.17 
274060.28 
274060.29 
274060.40 
274060.40 
274060.51 
274060.52 
274060.63 
274060.64 
274060.75 
274060.76 
274060.87 
274060.88 
274060.99 
274061.00 
274061.11 
274061.11 
274061.23 
274061.23 
274061.34 
274061.35 
274061.46 
274061.47 
274061.58 
274061.59 
274061.71 
274061.71 
274061.83 
274061.83 
274061.95 
274061.96 
274062.08 
274062.08 
274062.20 
274062.20 
274062.32 
274062.33 
274062.44 
274062.45 
274062.57 
274062.58 
274062.69 
274062.69 
274062.81 
274062.82 
274062.93 
274062.94 
274063.05 
274063.06 
274063.17 
274063.19 
274063.29 
274063.31 
274063.41 
274063.43 
274063.54 
274063.55 
274063.65 
274063.67 
274063.77 
274063.79 
274063.89 
274063.90 
274064.02 
274064.02 
274064.14 
274064.14 
274064.26 
274064.27 
274064.37 
274064.38 
274064.49 
274064.51 
274064.62 
274064.63 
274064.74 
274064.75 
274064.86 
274064.87 
274064.98 
274064.98 
274065.10 
274065.10 
274065.22 
274065.22 
274065.34 
274065.35 
274065.46 
274065.47 
274065.58 
274065.59 
274065.71 
274065.72 
274065.82 
274065.84 
274065.94 
274065.95 
274066.07 
274066.07 
274066.18 
274066.19 
274066.30 
274066.31 
274066.43 
274066.43 
274066.53 
274066.56 
274066.65 
274066.69 
274066.77 
274066.81 
274066.88 
274066.93 
274067.00 
274067.05 
274067.12 
274067.16 
274067.25 
274067.27 
274067.37 
274067.39 
274067.48 
274067.51 
274067.60 
274067.63 
274067.72 
274067.75 
274067.84 
274067.87 
274067.96 
274067.99 
274068.08 
274068.10 
274068.19 
274068.22 
274068.32 
274068.34 
274068.43 
274068.46 
274068.56 
274068.58 
274068.68 
274068.70 
274068.79 
274068.82 
274068.91 
274068.94 
274069.02 
274069.06 
274069.14 
274069.19 
274069.26 
274069.31 
274069.38 
274069.45 
274069.50 
274069.57 
274069.62 
274069.69 
274069.73 
274069.81 
274069.85 
274069.94 
274069.97 
274070.07 
274070.09 
274070.20 
274070.21 
274070.31 
274070.34 
274070.44 
274070.46 
274070.56 
274070.58 
274070.68 
274070.70 
274070.80 
274070.83 
274070.92 
274070.95 
274071.04 
274071.07 
274071.17 
274071.19 
274071.29 
274071.31 
274071.41 
274071.43 
274071.53 
274071.55 
274071.64 
274071.66 
274071.76 
274071.78 
274071.88 
274071.90 
274072.01 
274072.01 
274072.12 
274072.13 
274072.24 
274072.24 
274072.35 
274072.36 
274072.47 
274072.48 
274072.59 
274072.60 
274072.71 
274072.73 
274072.84 
274072.85 
274072.95 
274072.97 
274073.07 
274073.09 
274073.18 
274073.22 
274073.30 
274073.33 
274073.41 
274073.45 
274073.54 
274073.57 
274073.65 
274073.69 
274073.77 
274073.81 
274073.90 
274073.93 
274074.02 
274074.05 
274074.14 
274074.17 
274074.25 
274074.29 
274074.38 
274074.42 
274074.49 
274074.54 
274074.62 
274074.65 
274074.74 
274074.78 
274074.87 
274074.90 
274074.99 
274075.03 
274075.11 
274075.15 
274075.23 
274075.27 
274075.35 
274075.39 
274075.46 
274075.51 
274075.57 
274075.63 
274075.69 
274075.75 
274075.81 
274075.87 
274075.93 
274076.00 
274076.04 
274076.12 
274076.16 
274076.24 
274076.28 
274076.36 
274076.40 
274076.48 
274076.52 
274076.60 
274076.64 
274076.73 
274076.78 
274076.84 
274076.89 
274076.95 
274077.01 
274077.06 
274077.13 
274077.18 
274077.24 
274077.29 
274077.37 
274077.43 
274077.49 
274077.55 
274077.61 
274077.67 
274077.73 
274077.79 
274077.84 
274077.91 
274077.96 
274078.03 
274078.08 
274078.16 
274078.19 
274078.28 
274078.31 
274078.39 
274078.44 
274078.52 
274078.55 
274078.64 
274078.67 
274078.76 
274078.79 
274078.88 
274078.91 
274079.00 
274079.03 
274079.12 
274079.16 
274079.24 
274079.28 
274079.37 
274079.41 
274079.49 
274079.54 
274079.63 
274079.66 
274079.75 
274079.78 
274079.87 
274079.89 
274079.98 
274080.00 
274080.10 
274080.13 
274080.22 
274080.26 
274080.34 
274080.38 
274080.45 
274080.50 
274080.58 
274080.62 
274080.69 
274080.74 
274080.81 
274080.86 
274080.93 
274080.97 
274081.05 
274081.09 
274081.16 
274081.21 
274081.28 
274081.32 
274081.40 
274081.44 
274081.52 
274081.56 
274081.64 
274081.68 
274081.76 
274081.80 
274081.88 
274081.92 
274082.00 
274082.04 
274082.13 
274082.16 
274082.23 
274082.28 
274082.36 
274082.40 
274082.48 
274082.51 
274082.61 
274082.62 
274082.72 
274082.76 
274082.84 
274082.88 
274082.96 
274082.99 
274083.08 
274083.11 
274083.20 
274083.23 
274083.31 
274083.35 
274083.42 
274083.46 
274083.55 
274083.58 
274083.67 
274083.69 
274083.79 
274083.81 
274083.91 
274083.93 
274084.03 
274084.05 
274084.15 
274084.18 
274084.26 
274084.31 
274084.38 
274084.42 
274084.50 
274084.54 
274084.62 
274084.65 
274084.76 
274084.77 
274084.89 
274084.89 
274085.01 
274085.01 
274085.13 
274085.14 
274085.26 
274085.26 
274085.38 
274085.38 
274085.49 
274085.50 
274085.62 
274085.62 
274085.73 
274085.74 
274085.86 
274085.86 
274085.98 
274085.99 
274086.10 
274086.11 
274086.21 
274086.23 
274086.33 
274086.34 
274086.44 
274086.46 
274086.56 
274086.58 
274086.69 
274086.70 
274086.82 
274086.82 
274086.93 
274086.94 
274087.05 
274087.06 
274087.17 
274087.19 
274087.29 
274087.30 
274087.41 
274087.42 
274087.53 
274087.53 
274087.64 
274087.65 
274087.75 
274087.79 
274087.88 
274087.92 
274087.99 
274088.04 
274088.12 
274088.16 
274088.24 
274088.27 
274088.35 
274088.40 
274088.47 
274088.52 
274088.59 
274088.64 
274088.71 
274088.77 
274088.85 
274088.90 
274088.98 
274089.02 
274089.10 
274089.14 
274089.22 
274089.25 
274089.34 
274089.36 
274089.47 
274089.48 
274089.58 
274089.61 
274089.71 
274089.73 
274089.83 
274089.84 
274089.95 
274089.95 
274090.07 
274090.07 
274090.19 
274090.19 
274090.31 
274090.32 
274090.43 
274090.46 
274090.54 
274090.57 
274090.67 
274090.69 
274090.79 
274090.82 
274090.91 
274090.94 
274091.02 
274091.06 
274091.14 
274091.18 
274091.26 
274091.30 
274091.38 
274091.42 
274091.49 
274091.54 
274091.63 
274091.66 
274091.75 
274091.78 
274091.86 
274091.90 
274091.98 
274092.01 
274092.10 
274092.13 
274092.23 
274092.26 
274092.35 
274092.38 
274092.47 
274092.49 
274092.59 
274092.61 
274092.71 
274092.73 
274092.83 
274092.85 
274092.95 
274092.96 
274093.07 
274093.08 
274093.19 
274093.20 
274093.31 
274093.31 
274093.42 
274093.42 
274093.53 
274093.53 
274093.65 
274093.67 
274093.76 
274093.78 
274093.88 
274093.90 
274094.00 
274094.01 
274094.11 
274094.13 
274094.24 
274094.25 
274094.36 
274094.36 
274094.48 
274094.49 
274094.60 
274094.61 
274094.71 
274094.74 
274094.83 
274094.85 
274094.95 
274094.97 
274095.07 
274095.09 
274095.19 
274095.21 
274095.30 
274095.32 
274095.42 
274095.44 
274095.54 
274095.57 
274095.66 
274095.69 
274095.78 
274095.82 
274095.90 
274095.94 
274096.02 
274096.06 
274096.14 
274096.18 
274096.26 
274096.30 
274096.38 
274096.42 
274096.51 
274096.54 
274096.62 
274096.66 
274096.75 
274096.79 
274096.88 
274096.91 
274097.00 
274097.04 
274097.12 
274097.15 
274097.25 
274097.27 
274097.36 
274097.38 
274097.48 
274097.50 
274097.60 
274097.61 
274097.72 
274097.73 
274097.84 
274097.84 
274097.96 
274097.96 
274098.08 
274098.09 
274098.20 
274098.20 
274098.32 
274098.32 
274098.44 
274098.44 
274098.55 
274098.57 
274098.67 
274098.68 
274098.79 
274098.80 
274098.91 
274098.92 
274099.04 
274099.04 
274099.17 
274099.18 
274099.29 
274099.30 
274099.41 
274099.42 
274099.53 
274099.54 
274099.66 
274099.67 
274099.78 
274099.78 
274099.89 
274099.89 
274100.02 
274100.02 
274100.12 
274100.14 
274100.24 
274100.26 
274100.36 
274100.39 
274100.48 
274100.52 
274100.59 
274100.64 
274100.71 
274100.75 
274100.84 
274100.87 
274100.96 
274100.99 
274101.07 
274101.11 
274101.19 
274101.23 
274101.32 
274101.35 
274101.45 
274101.46 
274101.57 
274101.57 
274101.69 
274101.69 
274101.80 
274101.80 
274101.93 
274101.93 
274102.05 
274102.05 
274102.18 
274102.18 
274102.30 
274102.31 
274102.43 
274102.43 
274102.56 
274102.56 
274102.69 
274102.69 
274102.81 
274102.82 
274102.94 
274102.95 
274103.07 
274103.07 
