boottime_s,track,value,window
20194.117,batt.charge_uah,1725000.0,
20194.206,batt.charge_uah,1725000.0,
20194.306,batt.charge_uah,1725000.0,
20194.406,batt.charge_uah,1725000.0,
20194.506,batt.charge_uah,1725000.0,
20194.606,batt.charge_uah,1725000.0,
20194.707,batt.charge_uah,1725000.0,
20194.806,batt.charge_uah,1725000.0,
20194.906,batt.charge_uah,1725000.0,
20195.006,batt.charge_uah,1725000.0,
20195.106,batt.charge_uah,1725000.0,
20195.207,batt.charge_uah,1725000.0,
20195.306,batt.charge_uah,1725000.0,
20195.406,batt.charge_uah,1725000.0,
20195.507,batt.charge_uah,1725000.0,
20195.606,batt.charge_uah,1725000.0,
20195.706,batt.charge_uah,1725000.0,
20195.807,batt.charge_uah,1725000.0,
20195.906,batt.charge_uah,1725000.0,
20196.006,batt.charge_uah,1725000.0,
20196.107,batt.charge_uah,1725000.0,
20196.410,batt.charge_uah,1725000.0,
20196.418,batt.charge_uah,1725000.0,
20197.624,batt.charge_uah,1725000.0,
20197.672,batt.charge_uah,1725000.0,
20197.772,batt.charge_uah,1725000.0,
20199.129,batt.charge_uah,1725000.0,
20199.153,batt.charge_uah,1725000.0,
20200.485,batt.charge_uah,1725000.0,
20200.516,batt.charge_uah,1725000.0,
20200.617,batt.charge_uah,1725000.0,
20201.950,batt.charge_uah,1725000.0,
20202.046,batt.charge_uah,1725000.0,
20203.359,batt.charge_uah,1725000.0,
20203.380,batt.charge_uah,1725000.0,
20203.481,batt.charge_uah,1725000.0,
20204.823,batt.charge_uah,1725000.0,
20204.841,batt.charge_uah,1725000.0,
20204.942,batt.charge_uah,1725000.0,
20206.272,batt.charge_uah,1725000.0,
20206.277,batt.charge_uah,1725000.0,
20206.376,batt.charge_uah,1725000.0,
20207.668,batt.charge_uah,1725000.0,
20207.676,batt.charge_uah,1725000.0,
20208.902,batt.charge_uah,1725000.0,
20208.914,batt.charge_uah,1725000.0,
20210.124,batt.charge_uah,1725000.0,
20210.152,batt.charge_uah,1725000.0,
20210.252,batt.charge_uah,1725000.0,
20211.549,batt.charge_uah,1725000.0,
20211.581,batt.charge_uah,1725000.0,
20213.170,batt.charge_uah,1725000.0,
20213.204,batt.charge_uah,1725000.0,
20213.305,batt.charge_uah,1725000.0,
20214.487,batt.charge_uah,1725000.0,
20214.532,batt.charge_uah,1725000.0,
20214.617,batt.charge_uah,1725000.0,
20214.718,batt.charge_uah,1725000.0,
20214.817,batt.charge_uah,1725000.0,
20214.925,batt.charge_uah,1725000.0,
20215.017,batt.charge_uah,1725000.0,idle#0
20215.118,batt.charge_uah,1725000.0,idle#0
20215.218,batt.charge_uah,1725000.0,idle#0
20215.317,batt.charge_uah,1725000.0,idle#0
20215.428,batt.charge_uah,1725000.0,idle#0
20215.517,batt.charge_uah,1725000.0,idle#0
20215.617,batt.charge_uah,1725000.0,idle#0
20215.718,batt.charge_uah,1725000.0,idle#0
20215.817,batt.charge_uah,1725000.0,idle#0
20215.918,batt.charge_uah,1725000.0,idle#0
20216.018,batt.charge_uah,1725000.0,idle#0
20216.118,batt.charge_uah,1725000.0,idle#0
20216.478,batt.charge_uah,1725000.0,idle#0
20216.507,batt.charge_uah,1725000.0,idle#0
20216.606,batt.charge_uah,1725000.0,idle#0
20217.943,batt.charge_uah,1725000.0,idle#0
20218.007,batt.charge_uah,1725000.0,idle#0
20219.161,batt.charge_uah,1725000.0,idle#0
20219.228,batt.charge_uah,1725000.0,idle#0
20220.384,batt.charge_uah,1725000.0,idle#0
20220.427,batt.charge_uah,1725000.0,idle#0
20221.779,batt.charge_uah,1725000.0,idle#0
20221.879,batt.charge_uah,1725000.0,idle#0
20223.035,batt.charge_uah,1725000.0,idle#0
20223.089,batt.charge_uah,1725000.0,idle#0
20224.296,batt.charge_uah,1725000.0,idle#0
20224.327,batt.charge_uah,1725000.0,idle#0
20224.427,batt.charge_uah,1725000.0,idle#0
20225.655,batt.charge_uah,1725000.0,idle#0
20225.690,batt.charge_uah,1725000.0,idle#0
20225.790,batt.charge_uah,1725000.0,idle#0
20225.890,batt.charge_uah,1725000.0,idle#0
20227.178,batt.charge_uah,1725000.0,idle#0
20227.218,batt.charge_uah,1725000.0,idle#0
20228.541,batt.charge_uah,1725000.0,idle#0
20228.557,batt.charge_uah,1725000.0,idle#0
20228.656,batt.charge_uah,1725000.0,idle#0
20229.966,batt.charge_uah,1725000.0,idle#0
20229.995,batt.charge_uah,1725000.0,idle#0
20230.094,batt.charge_uah,1725000.0,idle#0
20231.276,batt.charge_uah,1725000.0,idle#0
20231.283,batt.charge_uah,1725000.0,idle#0
20232.634,batt.charge_uah,1725000.0,idle#0
20232.685,batt.charge_uah,1725000.0,idle#0
20232.784,batt.charge_uah,1725000.0,idle#0
20234.143,batt.charge_uah,1725000.0,idle#0
20234.171,batt.charge_uah,1725000.0,idle#0
20234.271,batt.charge_uah,1725000.0,idle#0
20235.524,batt.charge_uah,1725000.0,idle#0
20235.581,batt.charge_uah,1725000.0,idle#0
20236.939,batt.charge_uah,1725000.0,idle#0
20236.969,batt.charge_uah,1725000.0,idle#0
20238.163,batt.charge_uah,1725000.0,idle#0
20238.203,batt.charge_uah,1725000.0,idle#0
20239.362,batt.charge_uah,1725000.0,idle#0
20239.413,batt.charge_uah,1725000.0,idle#0
20240.625,batt.charge_uah,1725000.0,idle#0
20240.657,batt.charge_uah,1725000.0,idle#0
20240.756,batt.charge_uah,1725000.0,idle#0
20242.119,batt.charge_uah,1725000.0,idle#0
20242.157,batt.charge_uah,1725000.0,idle#0
20242.257,batt.charge_uah,1725000.0,idle#0
20243.170,batt.charge_uah,1725000.0,idle#0
20243.205,batt.charge_uah,1725000.0,idle#0
20243.305,batt.charge_uah,1725000.0,idle#0
20243.406,batt.charge_uah,1725000.0,idle#0
20244.332,batt.charge_uah,1725000.0,idle#0
20244.349,batt.charge_uah,1725000.0,idle#0
20245.542,batt.charge_uah,1725000.0,idle#0
20245.582,batt.charge_uah,1725000.0,idle#0
20245.682,batt.charge_uah,1725000.0,idle#0
20247.021,batt.charge_uah,1725000.0,idle#0
20247.058,batt.charge_uah,1725000.0,idle#0
20248.239,batt.charge_uah,1725000.0,idle#0
20248.296,batt.charge_uah,1725000.0,idle#0
20249.491,batt.charge_uah,1725000.0,idle#0
20250.634,batt.charge_uah,1725000.0,idle#0
20250.672,batt.charge_uah,1725000.0,idle#0
20250.764,batt.charge_uah,1725000.0,idle#0
20252.109,batt.charge_uah,1725000.0,idle#0
20252.173,batt.charge_uah,1725000.0,idle#0
20253.514,batt.charge_uah,1725000.0,idle#0
20253.556,batt.charge_uah,1725000.0,idle#0
20253.655,batt.charge_uah,1725000.0,idle#0
20255.001,batt.charge_uah,1725000.0,idle#0
20255.060,batt.charge_uah,1725000.0,idle#0
20256.374,batt.charge_uah,1725000.0,idle#0
20256.429,batt.charge_uah,1725000.0,idle#0
20257.618,batt.charge_uah,1725000.0,idle#0
20257.638,batt.charge_uah,1725000.0,idle#0
20258.829,batt.charge_uah,1725000.0,idle#0
20258.855,batt.charge_uah,1725000.0,idle#0
20258.955,batt.charge_uah,1725000.0,idle#0
20260.051,batt.charge_uah,1725000.0,idle#0
20260.109,batt.charge_uah,1725000.0,idle#0
20260.495,batt.charge_uah,1725000.0,idle#0
20260.530,batt.charge_uah,1725000.0,idle#0
20260.629,batt.charge_uah,1725000.0,idle#0
20260.808,batt.charge_uah,1725000.0,
20260.830,batt.charge_uah,1725000.0,
20260.930,batt.charge_uah,1725000.0,
20261.030,batt.charge_uah,1725000.0,
20262.175,batt.charge_uah,1725000.0,
20263.330,batt.charge_uah,1725000.0,
20263.388,batt.charge_uah,1725000.0,
20263.488,batt.charge_uah,1725000.0,
20264.630,batt.charge_uah,1725000.0,
20264.859,batt.charge_uah,1725000.0,
20266.079,batt.charge_uah,1725000.0,
20266.162,batt.charge_uah,1725000.0,
20267.512,batt.charge_uah,1725000.0,
20267.542,batt.charge_uah,1725000.0,
20268.892,batt.charge_uah,1725000.0,
20268.940,batt.charge_uah,1725000.0,
20270.087,batt.charge_uah,1725000.0,
20270.156,batt.charge_uah,1725000.0,
20271.354,batt.charge_uah,1725000.0,
20271.416,batt.charge_uah,1725000.0,
20272.601,batt.charge_uah,1725000.0,
20272.660,batt.charge_uah,1725000.0,
20273.839,batt.charge_uah,1725000.0,
20273.902,batt.charge_uah,1725000.0,
20275.019,batt.charge_uah,1725000.0,
20275.064,batt.charge_uah,1725000.0,
20275.164,batt.charge_uah,1725000.0,
20276.308,batt.charge_uah,1725000.0,
20276.369,batt.charge_uah,1725000.0,
20277.535,batt.charge_uah,1725000.0,
20277.607,batt.charge_uah,1725000.0,
20278.953,batt.charge_uah,1725000.0,
20279.001,batt.charge_uah,1725000.0,
20280.208,batt.charge_uah,1725000.0,
20280.241,batt.charge_uah,1725000.0,
20281.436,batt.charge_uah,1725000.0,
20282.621,batt.charge_uah,1725000.0,
20282.676,batt.charge_uah,1725000.0,
20282.991,batt.charge_uah,1725000.0,
20283.058,batt.charge_uah,1725000.0,
20283.158,batt.charge_uah,1725000.0,
20283.437,batt.charge_uah,1725000.0,
20283.478,batt.charge_uah,1725000.0,
20283.675,batt.charge_uah,1725000.0,
20283.680,batt.charge_uah,1725000.0,
20283.780,batt.charge_uah,1725000.0,cpu1#0
20283.880,batt.charge_uah,1725000.0,cpu1#0
20283.981,batt.charge_uah,1725000.0,cpu1#0
20284.095,batt.charge_uah,1725000.0,cpu1#0
20284.180,batt.charge_uah,1725000.0,cpu1#0
20284.281,batt.charge_uah,1725000.0,cpu1#0
20284.380,batt.charge_uah,1725000.0,cpu1#0
20284.481,batt.charge_uah,1725000.0,cpu1#0
20285.664,batt.charge_uah,1725000.0,cpu1#0
20285.720,batt.charge_uah,1725000.0,cpu1#0
20286.913,batt.charge_uah,1725000.0,cpu1#0
20286.960,batt.charge_uah,1725000.0,cpu1#0
20288.162,batt.charge_uah,1725000.0,cpu1#0
20288.210,batt.charge_uah,1725000.0,cpu1#0
20289.385,batt.charge_uah,1725000.0,cpu1#0
20289.427,batt.charge_uah,1725000.0,cpu1#0
20291.002,batt.charge_uah,1725000.0,cpu1#0
20291.047,batt.charge_uah,1725000.0,cpu1#0
20292.239,batt.charge_uah,1725000.0,cpu1#0
20292.254,batt.charge_uah,1725000.0,cpu1#0
20292.354,batt.charge_uah,1725000.0,cpu1#0
20293.698,batt.charge_uah,1725000.0,cpu1#0
20293.711,batt.charge_uah,1725000.0,cpu1#0
20294.901,batt.charge_uah,1725000.0,cpu1#0
20294.955,batt.charge_uah,1725000.0,cpu1#0
20295.055,batt.charge_uah,1725000.0,cpu1#0
20296.384,batt.charge_uah,1725000.0,cpu1#0
20296.404,batt.charge_uah,1725000.0,cpu1#0
20296.504,batt.charge_uah,1725000.0,cpu1#0
20297.847,batt.charge_uah,1725000.0,cpu1#0
20297.868,batt.charge_uah,1725000.0,cpu1#0
20299.212,batt.charge_uah,1725000.0,cpu1#0
20299.233,batt.charge_uah,1725000.0,cpu1#0
20299.333,batt.charge_uah,1725000.0,cpu1#0
20300.637,batt.charge_uah,1725000.0,cpu1#0
20300.713,batt.charge_uah,1725000.0,cpu1#0
20300.764,batt.charge_uah,1725000.0,cpu1#0
20301.921,batt.charge_uah,1725000.0,cpu1#0
20301.946,batt.charge_uah,1725000.0,cpu1#0
20302.045,batt.charge_uah,1725000.0,cpu1#0
20303.110,batt.charge_uah,1725000.0,cpu1#0
20303.199,batt.charge_uah,1725000.0,cpu1#0
20304.541,batt.charge_uah,1725000.0,cpu1#0
20304.546,batt.charge_uah,1725000.0,cpu1#0
20305.760,batt.charge_uah,1725000.0,cpu1#0
20305.814,batt.charge_uah,1725000.0,cpu1#0
20305.914,batt.charge_uah,1725000.0,cpu1#0
20307.244,batt.charge_uah,1725000.0,cpu1#0
20307.286,batt.charge_uah,1725000.0,cpu1#0
20308.096,batt.charge_uah,1725000.0,cpu1#0
20308.136,batt.charge_uah,1725000.0,cpu1#0
20308.295,batt.charge_uah,1725000.0,cpu1#0
20308.338,batt.charge_uah,1725000.0,cpu1#0
20308.438,batt.charge_uah,1725000.0,cpu1#0
20308.538,batt.charge_uah,1725000.0,cpu1#0
20309.500,batt.charge_uah,1725000.0,cpu1#0
20309.534,batt.charge_uah,1725000.0,cpu1#0
20309.638,batt.charge_uah,1725000.0,cpu1#0
20310.936,batt.charge_uah,1725000.0,cpu1#0
20312.082,batt.charge_uah,1725000.0,cpu1#0
20312.135,batt.charge_uah,1725000.0,cpu1#0
20312.234,batt.charge_uah,1725000.0,cpu1#0
20313.556,batt.charge_uah,1725000.0,cpu1#0
20313.611,batt.charge_uah,1725000.0,cpu1#0
20314.797,batt.charge_uah,1725000.0,cpu1#0
20314.849,batt.charge_uah,1725000.0,cpu1#0
20316.053,batt.charge_uah,1725000.0,cpu1#0
20316.111,batt.charge_uah,1725000.0,cpu1#0
20317.442,batt.charge_uah,1725000.0,cpu1#0
20317.499,batt.charge_uah,1725000.0,cpu1#0
20317.600,batt.charge_uah,1725000.0,cpu1#0
20318.909,batt.charge_uah,1725000.0,cpu1#0
20318.950,batt.charge_uah,1725000.0,cpu1#0
20320.118,batt.charge_uah,1725000.0,cpu1#0
20320.158,batt.charge_uah,1725000.0,cpu1#0
20321.369,batt.charge_uah,1725000.0,cpu1#0
20321.392,batt.charge_uah,1725000.0,cpu1#0
20321.492,batt.charge_uah,1725000.0,cpu1#0
20322.806,batt.charge_uah,1725000.0,cpu1#0
20322.831,batt.charge_uah,1725000.0,cpu1#0
20322.932,batt.charge_uah,1725000.0,cpu1#0
20324.241,batt.charge_uah,1725000.0,cpu1#0
20324.288,batt.charge_uah,1725000.0,cpu1#0
20324.587,batt.charge_uah,1725000.0,cpu1#0
20324.610,batt.charge_uah,1725000.0,cpu1#0
20324.710,batt.charge_uah,1725000.0,cpu1#0
20325.003,batt.charge_uah,1725000.0,cpu1#0
20325.038,batt.charge_uah,1725000.0,cpu1#0
20325.138,batt.charge_uah,1725000.0,cpu1#0
20325.251,batt.charge_uah,1725000.0,cpu1#0
20325.338,batt.charge_uah,1725000.0,cpu1#0
20325.438,batt.charge_uah,1725000.0,cpu1#0
20326.279,batt.charge_uah,1725000.0,cpu1#0
20326.320,batt.charge_uah,1725000.0,cpu1#0
20326.427,batt.charge_uah,1725000.0,cpu1#0
20326.521,batt.charge_uah,1725000.0,cpu1#0
20326.852,batt.charge_uah,1725000.0,cpu1#0
20326.910,batt.charge_uah,1725000.0,cpu1#0
20327.696,batt.charge_uah,1725000.0,cpu1#0
20327.753,batt.charge_uah,1725000.0,cpu1#0
20328.948,batt.charge_uah,1725000.0,cpu1#0
20329.008,batt.charge_uah,1725000.0,cpu1#0
20329.527,batt.charge_uah,1725000.0,cpu1#0
20329.578,batt.charge_uah,1725000.0,cpu1#0
20329.679,batt.charge_uah,1725000.0,cpu1#0
20329.975,batt.charge_uah,1725000.0,
20330.025,batt.charge_uah,1725000.0,
20330.125,batt.charge_uah,1725000.0,
20331.359,batt.charge_uah,1725000.0,
20331.385,batt.charge_uah,1725000.0,
20331.485,batt.charge_uah,1725000.0,
20332.854,batt.charge_uah,1725000.0,
20332.864,batt.charge_uah,1725000.0,
20332.964,batt.charge_uah,1725000.0,
20334.202,batt.charge_uah,1725000.0,
20334.230,batt.charge_uah,1725000.0,
20334.318,batt.charge_uah,1725000.0,
20334.418,batt.charge_uah,1725000.0,
20335.691,batt.charge_uah,1725000.0,
20335.730,batt.charge_uah,1725000.0,
20336.945,batt.charge_uah,1725000.0,
20336.967,batt.charge_uah,1725000.0,
20338.128,batt.charge_uah,1725000.0,
20338.195,batt.charge_uah,1725000.0,
20339.359,batt.charge_uah,1725000.0,
20339.417,batt.charge_uah,1725000.0,
20340.606,batt.charge_uah,1725000.0,
20340.661,batt.charge_uah,1725000.0,
20341.850,batt.charge_uah,1725000.0,
20341.874,batt.charge_uah,1725000.0,
20341.973,batt.charge_uah,1725000.0,
20343.300,batt.charge_uah,1725000.0,
20343.318,batt.charge_uah,1725000.0,
20344.525,batt.charge_uah,1725000.0,
20344.559,batt.charge_uah,1725000.0,
20345.671,batt.charge_uah,1725000.0,
20345.697,batt.charge_uah,1725000.0,
20345.785,batt.charge_uah,1725000.0,
20346.949,batt.charge_uah,1725000.0,
20346.992,batt.charge_uah,1725000.0,
20348.207,batt.charge_uah,1725000.0,
20348.244,batt.charge_uah,1725000.0,
20349.590,batt.charge_uah,1725000.0,
20349.605,batt.charge_uah,1725000.0,
20349.704,batt.charge_uah,1725000.0,
20350.462,batt.charge_uah,1725000.0,
20350.506,batt.charge_uah,1725000.0,
20350.606,batt.charge_uah,1725000.0,
20351.849,batt.charge_uah,1725000.0,
20351.911,batt.charge_uah,1725000.0,
20352.014,batt.charge_uah,1725000.0,
20352.197,batt.charge_uah,1725000.0,
20352.211,batt.charge_uah,1725000.0,
20352.311,batt.charge_uah,1725000.0,
20352.486,batt.charge_uah,1725000.0,
20352.520,batt.charge_uah,1725000.0,
20352.613,batt.charge_uah,1725000.0,cpu_all#0
20352.713,batt.charge_uah,1725000.0,cpu_all#0
20352.813,batt.charge_uah,1725000.0,cpu_all#0
20352.914,batt.charge_uah,1725000.0,cpu_all#0
20353.013,batt.charge_uah,1725000.0,cpu_all#0
20353.114,batt.charge_uah,1725000.0,cpu_all#0
20353.214,batt.charge_uah,1725000.0,cpu_all#0
20353.313,batt.charge_uah,1725000.0,cpu_all#0
20353.413,batt.charge_uah,1725000.0,cpu_all#0
20353.513,batt.charge_uah,1725000.0,cpu_all#0
20353.613,batt.charge_uah,1725000.0,cpu_all#0
20353.713,batt.charge_uah,1725000.0,cpu_all#0
20353.813,batt.charge_uah,1725000.0,cpu_all#0
20353.913,batt.charge_uah,1725000.0,cpu_all#0
20354.013,batt.charge_uah,1725000.0,cpu_all#0
20355.311,batt.charge_uah,1725000.0,cpu_all#0
20355.343,batt.charge_uah,1725000.0,cpu_all#0
20356.555,batt.charge_uah,1725000.0,cpu_all#0
20356.585,batt.charge_uah,1725000.0,cpu_all#0
20358.204,batt.charge_uah,1725000.0,cpu_all#0
20358.226,batt.charge_uah,1725000.0,cpu_all#0
20359.422,batt.charge_uah,1725000.0,cpu_all#0
20359.452,batt.charge_uah,1725000.0,cpu_all#0
20359.553,batt.charge_uah,1725000.0,cpu_all#0
20360.879,batt.charge_uah,1725000.0,cpu_all#0
20360.930,batt.charge_uah,1725000.0,cpu_all#0
20362.283,batt.charge_uah,1725000.0,cpu_all#0
20362.294,batt.charge_uah,1725000.0,cpu_all#0
20362.395,batt.charge_uah,1725000.0,cpu_all#0
20363.706,batt.charge_uah,1725000.0,cpu_all#0
20363.767,batt.charge_uah,1725000.0,cpu_all#0
20364.964,batt.charge_uah,1725000.0,cpu_all#0
20365.012,batt.charge_uah,1725000.0,cpu_all#0
20366.185,batt.charge_uah,1725000.0,cpu_all#0
20366.235,batt.charge_uah,1725000.0,cpu_all#0
20367.403,batt.charge_uah,1725000.0,cpu_all#0
20367.458,batt.charge_uah,1725000.0,cpu_all#0
20368.639,batt.charge_uah,1725000.0,cpu_all#0
20368.683,batt.charge_uah,1725000.0,cpu_all#0
20369.883,batt.charge_uah,1725000.0,cpu_all#0
20369.935,batt.charge_uah,1725000.0,cpu_all#0
20371.094,batt.charge_uah,1725000.0,cpu_all#0
20371.131,batt.charge_uah,1725000.0,cpu_all#0
20372.335,batt.charge_uah,1725000.0,cpu_all#0
20372.395,batt.charge_uah,1725000.0,cpu_all#0
20372.495,batt.charge_uah,1725000.0,cpu_all#0
20373.812,batt.charge_uah,1725000.0,cpu_all#0
20373.845,batt.charge_uah,1725000.0,cpu_all#0
20373.945,batt.charge_uah,1725000.0,cpu_all#0
20375.205,batt.charge_uah,1725000.0,cpu_all#0
20375.211,batt.charge_uah,1725000.0,cpu_all#0
20375.308,batt.charge_uah,1725000.0,cpu_all#0
20376.641,batt.charge_uah,1725000.0,cpu_all#0
20376.740,batt.charge_uah,1725000.0,cpu_all#0
20378.079,batt.charge_uah,1725000.0,cpu_all#0
20378.107,batt.charge_uah,1725000.0,cpu_all#0
20378.207,batt.charge_uah,1725000.0,cpu_all#0
20379.528,batt.charge_uah,1725000.0,cpu_all#0
20379.543,batt.charge_uah,1725000.0,cpu_all#0
20380.698,batt.charge_uah,1725000.0,cpu_all#0
20380.751,batt.charge_uah,1725000.0,cpu_all#0
20380.851,batt.charge_uah,1725000.0,cpu_all#0
20382.180,batt.charge_uah,1725000.0,cpu_all#0
20382.215,batt.charge_uah,1725000.0,cpu_all#0
20382.316,batt.charge_uah,1725000.0,cpu_all#0
20382.416,batt.charge_uah,1725000.0,cpu_all#0
20383.601,batt.charge_uah,1725000.0,cpu_all#0
20383.658,batt.charge_uah,1725000.0,cpu_all#0
20383.758,batt.charge_uah,1725000.0,cpu_all#0
20385.057,batt.charge_uah,1725000.0,cpu_all#0
20385.094,batt.charge_uah,1725000.0,cpu_all#0
20386.449,batt.charge_uah,1725000.0,cpu_all#0
20386.484,batt.charge_uah,1725000.0,cpu_all#0
20387.691,batt.charge_uah,1725000.0,cpu_all#0
20387.722,batt.charge_uah,1725000.0,cpu_all#0
20387.822,batt.charge_uah,1725000.0,cpu_all#0
20389.099,batt.charge_uah,1725000.0,cpu_all#0
20389.143,batt.charge_uah,1725000.0,cpu_all#0
20390.359,batt.charge_uah,1725000.0,cpu_all#0
20390.395,batt.charge_uah,1725000.0,cpu_all#0
20390.495,batt.charge_uah,1725000.0,cpu_all#0
20391.558,batt.charge_uah,1725000.0,cpu_all#0
20391.598,batt.charge_uah,1725000.0,cpu_all#0
20392.800,batt.charge_uah,1725000.0,cpu_all#0
20392.859,batt.charge_uah,1725000.0,cpu_all#0
20393.105,batt.charge_uah,1725000.0,cpu_all#0
20393.160,batt.charge_uah,1725000.0,cpu_all#0
20393.260,batt.charge_uah,1725000.0,cpu_all#0
20393.360,batt.charge_uah,1725000.0,cpu_all#0
20394.281,batt.charge_uah,1725000.0,cpu_all#0
20394.322,batt.charge_uah,1725000.0,cpu_all#0
20394.422,batt.charge_uah,1725000.0,cpu_all#0
20395.729,batt.charge_uah,1725000.0,cpu_all#0
20395.772,batt.charge_uah,1725000.0,cpu_all#0
20395.872,batt.charge_uah,1725000.0,cpu_all#0
20397.147,batt.charge_uah,1725000.0,cpu_all#0
20397.173,batt.charge_uah,1725000.0,cpu_all#0
20397.274,batt.charge_uah,1725000.0,cpu_all#0
20398.167,batt.charge_uah,1725000.0,cpu_all#0
20398.212,batt.charge_uah,1725000.0,cpu_all#0
20398.415,batt.charge_uah,1725000.0,cpu_all#0
20398.509,batt.charge_uah,1725000.0,cpu_all#0
20398.609,batt.charge_uah,1725000.0,
20399.784,batt.charge_uah,1725000.0,
20399.833,batt.charge_uah,1725000.0,
20399.933,batt.charge_uah,1725000.0,
20401.250,batt.charge_uah,1725000.0,
20401.277,batt.charge_uah,1725000.0,
20402.613,batt.charge_uah,1725000.0,
20402.629,batt.charge_uah,1725000.0,
20403.833,batt.charge_uah,1725000.0,
20403.882,batt.charge_uah,1725000.0,
20403.982,batt.charge_uah,1725000.0,
20405.312,batt.charge_uah,1725000.0,
20405.350,batt.charge_uah,1725000.0,
20405.451,batt.charge_uah,1725000.0,
20406.781,batt.charge_uah,1725000.0,
20406.819,batt.charge_uah,1725000.0,
20407.973,batt.charge_uah,1725000.0,
20408.026,batt.charge_uah,1725000.0,
20408.127,batt.charge_uah,1725000.0,
20409.434,batt.charge_uah,1725000.0,
20409.467,batt.charge_uah,1725000.0,
20410.826,batt.charge_uah,1725000.0,
20410.877,batt.charge_uah,1725000.0,
20412.048,batt.charge_uah,1725000.0,
20412.094,batt.charge_uah,1725000.0,
20412.193,batt.charge_uah,1725000.0,
20412.293,batt.charge_uah,1725000.0,
20413.538,batt.charge_uah,1725000.0,
20413.570,batt.charge_uah,1725000.0,
20414.913,batt.charge_uah,1725000.0,
20414.940,batt.charge_uah,1725000.0,
20416.147,batt.charge_uah,1725000.0,
20416.171,batt.charge_uah,1725000.0,
20416.572,batt.charge_uah,1725000.0,
20416.602,batt.charge_uah,1725000.0,
20416.702,batt.charge_uah,1725000.0,
20417.630,batt.charge_uah,1725000.0,
20418.813,batt.charge_uah,1725000.0,
20418.851,batt.charge_uah,1725000.0,
20418.952,batt.charge_uah,1725000.0,
20419.059,batt.charge_uah,1725000.0,
20419.152,batt.charge_uah,1725000.0,
20419.258,batt.charge_uah,1725000.0,
20419.352,batt.charge_uah,1725000.0,
20419.451,batt.charge_uah,1725000.0,
20419.551,batt.charge_uah,1725000.0,idle#1
20419.652,batt.charge_uah,1725000.0,idle#1
20419.758,batt.charge_uah,1725000.0,idle#1
20419.852,batt.charge_uah,1725000.0,idle#1
20419.952,batt.charge_uah,1725000.0,idle#1
20420.051,batt.charge_uah,1725000.0,idle#1
20420.152,batt.charge_uah,1725000.0,idle#1
20420.251,batt.charge_uah,1725000.0,idle#1
20420.351,batt.charge_uah,1725000.0,idle#1
20420.452,batt.charge_uah,1725000.0,idle#1
20420.551,batt.charge_uah,1725000.0,idle#1
20421.111,batt.charge_uah,1725000.0,idle#1
20421.126,batt.charge_uah,1725000.0,idle#1
20422.472,batt.charge_uah,1725000.0,idle#1
20422.482,batt.charge_uah,1725000.0,idle#1
20422.575,batt.charge_uah,1725000.0,idle#1
20423.786,batt.charge_uah,1725000.0,idle#1
20423.823,batt.charge_uah,1725000.0,idle#1
20425.006,batt.charge_uah,1725000.0,idle#1
20425.055,batt.charge_uah,1725000.0,idle#1
20425.155,batt.charge_uah,1725000.0,idle#1
20426.399,batt.charge_uah,1725000.0,idle#1
20426.405,batt.charge_uah,1725000.0,idle#1
20426.504,batt.charge_uah,1725000.0,idle#1
20427.847,batt.charge_uah,1725000.0,idle#1
20427.892,batt.charge_uah,1725000.0,idle#1
20429.091,batt.charge_uah,1725000.0,idle#1
20429.115,batt.charge_uah,1725000.0,idle#1
20430.282,batt.charge_uah,1725000.0,idle#1
20430.307,batt.charge_uah,1725000.0,idle#1
20430.408,batt.charge_uah,1725000.0,idle#1
20431.575,batt.charge_uah,1725000.0,idle#1
20431.638,batt.charge_uah,1725000.0,idle#1
20432.943,batt.charge_uah,1725000.0,idle#1
20432.965,batt.charge_uah,1725000.0,idle#1
20433.064,batt.charge_uah,1725000.0,idle#1
20433.165,batt.charge_uah,1725000.0,idle#1
20434.431,batt.charge_uah,1725000.0,idle#1
20435.603,batt.charge_uah,1725000.0,idle#1
20435.655,batt.charge_uah,1725000.0,idle#1
20435.754,batt.charge_uah,1725000.0,idle#1
20437.095,batt.charge_uah,1725000.0,idle#1
20437.138,batt.charge_uah,1725000.0,idle#1
20438.486,batt.charge_uah,1725000.0,idle#1
20438.492,batt.charge_uah,1725000.0,idle#1
20438.590,batt.charge_uah,1725000.0,idle#1
20438.690,batt.charge_uah,1725000.0,idle#1
20439.953,batt.charge_uah,1725000.0,idle#1
20439.999,batt.charge_uah,1725000.0,idle#1
20440.349,batt.charge_uah,1725000.0,idle#1
20440.418,batt.charge_uah,1725000.0,idle#1
20441.205,batt.charge_uah,1725000.0,idle#1
20442.349,batt.charge_uah,1725000.0,idle#1
20442.390,batt.charge_uah,1725000.0,idle#1
20443.608,batt.charge_uah,1725000.0,idle#1
20443.612,batt.charge_uah,1725000.0,idle#1
20443.712,batt.charge_uah,1725000.0,idle#1
20443.812,batt.charge_uah,1725000.0,idle#1
20445.064,batt.charge_uah,1725000.0,idle#1
20445.095,batt.charge_uah,1725000.0,idle#1
20446.453,batt.charge_uah,1725000.0,idle#1
20446.476,batt.charge_uah,1725000.0,idle#1
20446.576,batt.charge_uah,1725000.0,idle#1
20447.886,batt.charge_uah,1725000.0,idle#1
20447.923,batt.charge_uah,1725000.0,idle#1
20448.023,batt.charge_uah,1725000.0,idle#1
20449.315,batt.charge_uah,1725000.0,idle#1
20449.341,batt.charge_uah,1725000.0,idle#1
20449.439,batt.charge_uah,1725000.0,idle#1
20450.815,batt.charge_uah,1725000.0,idle#1
20450.827,batt.charge_uah,1725000.0,idle#1
20450.927,batt.charge_uah,1725000.0,idle#1
20452.184,batt.charge_uah,1725000.0,idle#1
20452.218,batt.charge_uah,1725000.0,idle#1
20452.317,batt.charge_uah,1725000.0,idle#1
20453.628,batt.charge_uah,1725000.0,idle#1
20453.654,batt.charge_uah,1725000.0,idle#1
20453.755,batt.charge_uah,1725000.0,idle#1
20454.646,batt.charge_uah,1725000.0,idle#1
20454.692,batt.charge_uah,1725000.0,idle#1
20454.793,batt.charge_uah,1725000.0,idle#1
20454.893,batt.charge_uah,1725000.0,idle#1
20455.097,batt.charge_uah,1725000.0,idle#1
20455.193,batt.charge_uah,1725000.0,idle#1
20456.060,batt.charge_uah,1725000.0,idle#1
20456.089,batt.charge_uah,1725000.0,idle#1
20456.190,batt.charge_uah,1725000.0,idle#1
20457.376,batt.charge_uah,1725000.0,idle#1
20457.420,batt.charge_uah,1725000.0,idle#1
20458.330,batt.charge_uah,1725000.0,idle#1
20458.376,batt.charge_uah,1725000.0,idle#1
20459.535,batt.charge_uah,1725000.0,idle#1
20459.578,batt.charge_uah,1725000.0,idle#1
20459.677,batt.charge_uah,1725000.0,idle#1
20459.777,batt.charge_uah,1725000.0,idle#1
20461.013,batt.charge_uah,1725000.0,idle#1
20461.026,batt.charge_uah,1725000.0,idle#1
20461.126,batt.charge_uah,1725000.0,idle#1
20462.479,batt.charge_uah,1725000.0,idle#1
20462.579,batt.charge_uah,1725000.0,idle#1
20463.922,batt.charge_uah,1725000.0,idle#1
20463.971,batt.charge_uah,1725000.0,idle#1
20465.279,batt.charge_uah,1725000.0,idle#1
20465.314,batt.charge_uah,1725000.0,idle#1
20465.415,batt.charge_uah,1725000.0,idle#1
20465.515,batt.charge_uah,1725000.0,
20466.706,batt.charge_uah,1725000.0,
20466.732,batt.charge_uah,1725000.0,
20466.832,batt.charge_uah,1725000.0,
20468.013,batt.charge_uah,1725000.0,
20468.050,batt.charge_uah,1725000.0,
20469.225,batt.charge_uah,1725000.0,
20469.260,batt.charge_uah,1725000.0,
20469.360,batt.charge_uah,1725000.0,
20470.657,batt.charge_uah,1725000.0,
20470.681,batt.charge_uah,1725000.0,
20470.781,batt.charge_uah,1725000.0,
20472.101,batt.charge_uah,1725000.0,
20472.135,batt.charge_uah,1725000.0,
20473.444,batt.charge_uah,1725000.0,
20473.512,batt.charge_uah,1725000.0,
20473.612,batt.charge_uah,1725000.0,
20474.757,batt.charge_uah,1725000.0,
20475.937,batt.charge_uah,1725000.0,
20475.989,batt.charge_uah,1725000.0,
20476.089,batt.charge_uah,1725000.0,
20477.411,batt.charge_uah,1725000.0,
20477.430,batt.charge_uah,1725000.0,
20477.530,batt.charge_uah,1725000.0,
20478.855,batt.charge_uah,1725000.0,
20478.881,batt.charge_uah,1725000.0,
20480.033,batt.charge_uah,1725000.0,
20480.082,batt.charge_uah,1725000.0,
20480.183,batt.charge_uah,1725000.0,
20481.532,batt.charge_uah,1725000.0,
20481.559,batt.charge_uah,1725000.0,
20482.649,batt.charge_uah,1725000.0,
20482.674,batt.charge_uah,1725000.0,
20483.933,batt.charge_uah,1725000.0,
20483.985,batt.charge_uah,1725000.0,
20484.086,batt.charge_uah,1725000.0,
20485.393,batt.charge_uah,1725000.0,
20485.439,batt.charge_uah,1725000.0,
20485.539,batt.charge_uah,1725000.0,
20485.700,batt.charge_uah,1725000.0,
20485.739,batt.charge_uah,1725000.0,
20485.839,batt.charge_uah,1725000.0,
20486.992,batt.charge_uah,1725000.0,
20487.050,batt.charge_uah,1725000.0,
20487.149,batt.charge_uah,1725000.0,
20487.250,batt.charge_uah,1725000.0,
20487.437,batt.charge_uah,1725000.0,cpu1#1
20487.449,batt.charge_uah,1725000.0,cpu1#1
20487.550,batt.charge_uah,1725000.0,cpu1#1
20487.649,batt.charge_uah,1725000.0,cpu1#1
20487.834,batt.charge_uah,1725000.0,cpu1#1
20487.850,batt.charge_uah,1725000.0,cpu1#1
20487.950,batt.charge_uah,1725000.0,cpu1#1
20488.050,batt.charge_uah,1725000.0,cpu1#1
20488.150,batt.charge_uah,1725000.0,cpu1#1
20488.250,batt.charge_uah,1725000.0,cpu1#1
20489.030,batt.charge_uah,1725000.0,cpu1#1
20489.066,batt.charge_uah,1725000.0,cpu1#1
20490.281,batt.charge_uah,1725000.0,cpu1#1
20490.321,batt.charge_uah,1725000.0,cpu1#1
20490.421,batt.charge_uah,1725000.0,cpu1#1
20491.757,batt.charge_uah,1725000.0,cpu1#1
20491.818,batt.charge_uah,1725000.0,cpu1#1
20492.983,batt.charge_uah,1725000.0,cpu1#1
20493.026,batt.charge_uah,1725000.0,cpu1#1
20494.222,batt.charge_uah,1725000.0,cpu1#1
20494.267,batt.charge_uah,1725000.0,cpu1#1
20495.597,batt.charge_uah,1725000.0,cpu1#1
20495.625,batt.charge_uah,1725000.0,cpu1#1
20495.725,batt.charge_uah,1725000.0,cpu1#1
20497.049,batt.charge_uah,1725000.0,cpu1#1
20497.075,batt.charge_uah,1725000.0,cpu1#1
20497.173,batt.charge_uah,1725000.0,cpu1#1
20498.464,batt.charge_uah,1725000.0,cpu1#1
20498.483,batt.charge_uah,1725000.0,cpu1#1
20498.579,batt.charge_uah,1725000.0,cpu1#1
20499.905,batt.charge_uah,1725000.0,cpu1#1
20499.923,batt.charge_uah,1725000.0,cpu1#1
20500.023,batt.charge_uah,1725000.0,cpu1#1
20501.420,batt.charge_uah,1725000.0,cpu1#1
20501.467,batt.charge_uah,1725000.0,cpu1#1
20501.570,batt.charge_uah,1725000.0,cpu1#1
20501.663,batt.charge_uah,1725000.0,cpu1#1
20501.763,batt.charge_uah,1725000.0,cpu1#1
20501.863,batt.charge_uah,1725000.0,cpu1#1
20501.964,batt.charge_uah,1725000.0,cpu1#1
20502.799,batt.charge_uah,1725000.0,cpu1#1
20502.823,batt.charge_uah,1725000.0,cpu1#1
20502.926,batt.charge_uah,1725000.0,cpu1#1
20503.022,batt.charge_uah,1725000.0,cpu1#1
20504.205,batt.charge_uah,1725000.0,cpu1#1
20504.256,batt.charge_uah,1725000.0,cpu1#1
20504.356,batt.charge_uah,1725000.0,cpu1#1
20505.696,batt.charge_uah,1725000.0,cpu1#1
20505.747,batt.charge_uah,1725000.0,cpu1#1
20506.905,batt.charge_uah,1725000.0,cpu1#1
20506.969,batt.charge_uah,1725000.0,cpu1#1
20508.128,batt.charge_uah,1725000.0,cpu1#1
20508.189,batt.charge_uah,1725000.0,cpu1#1
20509.356,batt.charge_uah,1725000.0,cpu1#1
20509.451,batt.charge_uah,1725000.0,cpu1#1
20510.803,batt.charge_uah,1725000.0,cpu1#1
20510.848,batt.charge_uah,1725000.0,cpu1#1
20511.968,batt.charge_uah,1725000.0,cpu1#1
20511.996,batt.charge_uah,1725000.0,cpu1#1
20512.089,batt.charge_uah,1725000.0,cpu1#1
20512.187,batt.charge_uah,1725000.0,cpu1#1
20513.439,batt.charge_uah,1725000.0,cpu1#1
20513.475,batt.charge_uah,1725000.0,cpu1#1
20513.575,batt.charge_uah,1725000.0,cpu1#1
20514.916,batt.charge_uah,1725000.0,cpu1#1
20514.958,batt.charge_uah,1725000.0,cpu1#1
20516.299,batt.charge_uah,1725000.0,cpu1#1
20516.318,batt.charge_uah,1725000.0,cpu1#1
20516.418,batt.charge_uah,1725000.0,cpu1#1
20517.721,batt.charge_uah,1725000.0,cpu1#1
20517.777,batt.charge_uah,1725000.0,cpu1#1
20517.837,batt.charge_uah,1725000.0,cpu1#1
20518.370,batt.charge_uah,1725000.0,cpu1#1
20518.392,batt.charge_uah,1725000.0,cpu1#1
20519.175,batt.charge_uah,1725000.0,cpu1#1
20519.222,batt.charge_uah,1725000.0,cpu1#1
20519.322,batt.charge_uah,1725000.0,cpu1#1
20520.584,batt.charge_uah,1725000.0,cpu1#1
20520.597,batt.charge_uah,1725000.0,cpu1#1
20521.786,batt.charge_uah,1725000.0,cpu1#1
20521.842,batt.charge_uah,1725000.0,cpu1#1
20521.943,batt.charge_uah,1725000.0,cpu1#1
20523.248,batt.charge_uah,1725000.0,cpu1#1
20523.300,batt.charge_uah,1725000.0,cpu1#1
20523.400,batt.charge_uah,1725000.0,cpu1#1
20523.500,batt.charge_uah,1725000.0,cpu1#1
20524.748,batt.charge_uah,1725000.0,cpu1#1
20524.760,batt.charge_uah,1725000.0,cpu1#1
20524.860,batt.charge_uah,1725000.0,cpu1#1
20525.324,batt.charge_uah,1725000.0,cpu1#1
20525.373,batt.charge_uah,1725000.0,cpu1#1
20525.474,batt.charge_uah,1725000.0,cpu1#1
20525.956,batt.charge_uah,1725000.0,cpu1#1
20526.016,batt.charge_uah,1725000.0,cpu1#1
20527.344,batt.charge_uah,1725000.0,cpu1#1
20527.390,batt.charge_uah,1725000.0,cpu1#1
20528.559,batt.charge_uah,1725000.0,cpu1#1
20528.601,batt.charge_uah,1725000.0,cpu1#1
20529.808,batt.charge_uah,1725000.0,cpu1#1
20529.839,batt.charge_uah,1725000.0,cpu1#1
20531.032,batt.charge_uah,1725000.0,cpu1#1
20531.057,batt.charge_uah,1725000.0,cpu1#1
20532.243,batt.charge_uah,1725000.0,cpu1#1
20532.288,batt.charge_uah,1725000.0,cpu1#1
20532.389,batt.charge_uah,1725000.0,cpu1#1
20533.151,batt.charge_uah,1725000.0,cpu1#1
20533.175,batt.charge_uah,1725000.0,cpu1#1
20533.386,batt.charge_uah,1725000.0,cpu1#1
20533.475,batt.charge_uah,1725000.0,
20533.576,batt.charge_uah,1725000.0,
20533.675,batt.charge_uah,1725000.0,
20534.965,batt.charge_uah,1725000.0,
20534.969,batt.charge_uah,1725000.0,
20536.181,batt.charge_uah,1725000.0,
20536.201,batt.charge_uah,1725000.0,
20536.301,batt.charge_uah,1725000.0,
20537.596,batt.charge_uah,1725000.0,
20537.645,batt.charge_uah,1725000.0,
20537.746,batt.charge_uah,1725000.0,
20537.845,batt.charge_uah,1725000.0,
20539.091,batt.charge_uah,1725000.0,
20539.120,batt.charge_uah,1725000.0,
20540.471,batt.charge_uah,1725000.0,
20541.667,batt.charge_uah,1725000.0,
20541.695,batt.charge_uah,1725000.0,
20542.901,batt.charge_uah,1725000.0,
20542.929,batt.charge_uah,1725000.0,
20543.030,batt.charge_uah,1725000.0,
20544.186,batt.charge_uah,1725000.0,
20544.229,batt.charge_uah,1725000.0,
20545.435,batt.charge_uah,1725000.0,
20545.452,batt.charge_uah,1725000.0,
20546.804,batt.charge_uah,1725000.0,
20546.825,batt.charge_uah,1725000.0,
20546.925,batt.charge_uah,1725000.0,
20548.095,batt.charge_uah,1725000.0,
20548.121,batt.charge_uah,1725000.0,
20549.305,batt.charge_uah,1725000.0,
20549.335,batt.charge_uah,1725000.0,
20549.432,batt.charge_uah,1725000.0,
20550.740,batt.charge_uah,1725000.0,
20550.770,batt.charge_uah,1725000.0,
20550.870,batt.charge_uah,1725000.0,
20552.168,batt.charge_uah,1725000.0,
20552.192,batt.charge_uah,1725000.0,
20553.400,batt.charge_uah,1725000.0,
20553.416,batt.charge_uah,1725000.0,
20553.805,batt.charge_uah,1725000.0,
20553.879,batt.charge_uah,1725000.0,
20553.978,batt.charge_uah,1725000.0,
20554.232,batt.charge_uah,1725000.0,
20554.292,batt.charge_uah,1725000.0,
20554.397,batt.charge_uah,1725000.0,
20554.493,batt.charge_uah,1725000.0,
20554.668,batt.charge_uah,1725000.0,
20554.695,batt.charge_uah,1725000.0,
20554.794,batt.charge_uah,1725000.0,cpu_all#1
20554.894,batt.charge_uah,1725000.0,cpu_all#1
20554.994,batt.charge_uah,1725000.0,cpu_all#1
20555.094,batt.charge_uah,1725000.0,cpu_all#1
20556.258,batt.charge_uah,1725000.0,cpu_all#1
20556.298,batt.charge_uah,1725000.0,cpu_all#1
20557.456,batt.charge_uah,1725000.0,cpu_all#1
20557.498,batt.charge_uah,1725000.0,cpu_all#1
20557.597,batt.charge_uah,1725000.0,cpu_all#1
20558.902,batt.charge_uah,1725000.0,cpu_all#1
20558.930,batt.charge_uah,1725000.0,cpu_all#1
20560.119,batt.charge_uah,1725000.0,cpu_all#1
20560.184,batt.charge_uah,1725000.0,cpu_all#1
20560.284,batt.charge_uah,1725000.0,cpu_all#1
20561.598,batt.charge_uah,1725000.0,cpu_all#1
20561.643,batt.charge_uah,1725000.0,cpu_all#1
20561.744,batt.charge_uah,1725000.0,cpu_all#1
20563.011,batt.charge_uah,1725000.0,cpu_all#1
20563.053,batt.charge_uah,1725000.0,cpu_all#1
20564.210,batt.charge_uah,1725000.0,cpu_all#1
20564.270,batt.charge_uah,1725000.0,cpu_all#1
20564.370,batt.charge_uah,1725000.0,cpu_all#1
20565.705,batt.charge_uah,1725000.0,cpu_all#1
20565.719,batt.charge_uah,1725000.0,cpu_all#1
20565.819,batt.charge_uah,1725000.0,cpu_all#1
20567.161,batt.charge_uah,1725000.0,cpu_all#1
20567.173,batt.charge_uah,1725000.0,cpu_all#1
20568.373,batt.charge_uah,1725000.0,cpu_all#1
20568.376,batt.charge_uah,1725000.0,cpu_all#1
20568.477,batt.charge_uah,1725000.0,cpu_all#1
20569.756,batt.charge_uah,1725000.0,cpu_all#1
20569.768,batt.charge_uah,1725000.0,cpu_all#1
20569.869,batt.charge_uah,1725000.0,cpu_all#1
20569.969,batt.charge_uah,1725000.0,cpu_all#1
20571.164,batt.charge_uah,1725000.0,cpu_all#1
20571.191,batt.charge_uah,1725000.0,cpu_all#1
20571.293,batt.charge_uah,1725000.0,cpu_all#1
20571.391,batt.charge_uah,1725000.0,cpu_all#1
20572.667,batt.charge_uah,1725000.0,cpu_all#1
20572.680,batt.charge_uah,1725000.0,cpu_all#1
20572.780,batt.charge_uah,1725000.0,cpu_all#1
20574.065,batt.charge_uah,1725000.0,cpu_all#1
20574.105,batt.charge_uah,1725000.0,cpu_all#1
20574.203,batt.charge_uah,1725000.0,cpu_all#1
20574.303,batt.charge_uah,1725000.0,cpu_all#1
20574.403,batt.charge_uah,1725000.0,cpu_all#1
20574.504,batt.charge_uah,1725000.0,cpu_all#1
20574.604,batt.charge_uah,1725000.0,cpu_all#1
20574.704,batt.charge_uah,1725000.0,cpu_all#1
20574.803,batt.charge_uah,1725000.0,cpu_all#1
20574.904,batt.charge_uah,1725000.0,cpu_all#1
20575.004,batt.charge_uah,1725000.0,cpu_all#1
20575.103,batt.charge_uah,1725000.0,cpu_all#1
20575.204,batt.charge_uah,1725000.0,cpu_all#1
20575.303,batt.charge_uah,1725000.0,cpu_all#1
20575.404,batt.charge_uah,1725000.0,cpu_all#1
20575.504,batt.charge_uah,1725000.0,cpu_all#1
20575.604,batt.charge_uah,1725000.0,cpu_all#1
20575.703,batt.charge_uah,1725000.0,cpu_all#1
20575.804,batt.charge_uah,1725000.0,cpu_all#1
20575.904,batt.charge_uah,1725000.0,cpu_all#1
20576.003,batt.charge_uah,1725000.0,cpu_all#1
20576.104,batt.charge_uah,1725000.0,cpu_all#1
20576.204,batt.charge_uah,1725000.0,cpu_all#1
20576.303,batt.charge_uah,1725000.0,cpu_all#1
20576.404,batt.charge_uah,1725000.0,cpu_all#1
20576.504,batt.charge_uah,1725000.0,cpu_all#1
20576.603,batt.charge_uah,1725000.0,cpu_all#1
20576.704,batt.charge_uah,1725000.0,cpu_all#1
20576.803,batt.charge_uah,1725000.0,cpu_all#1
20576.904,batt.charge_uah,1725000.0,cpu_all#1
20577.004,batt.charge_uah,1725000.0,cpu_all#1
20577.104,batt.charge_uah,1725000.0,cpu_all#1
20577.204,batt.charge_uah,1725000.0,cpu_all#1
20577.303,batt.charge_uah,1725000.0,cpu_all#1
20577.404,batt.charge_uah,1725000.0,cpu_all#1
20577.504,batt.charge_uah,1725000.0,cpu_all#1
20577.604,batt.charge_uah,1725000.0,cpu_all#1
20577.703,batt.charge_uah,1725000.0,cpu_all#1
20577.808,batt.charge_uah,1725000.0,cpu_all#1
20577.905,batt.charge_uah,1725000.0,cpu_all#1
20578.005,batt.charge_uah,1725000.0,cpu_all#1
20578.105,batt.charge_uah,1725000.0,cpu_all#1
20578.205,batt.charge_uah,1725000.0,cpu_all#1
20578.305,batt.charge_uah,1725000.0,cpu_all#1
20578.405,batt.charge_uah,1725000.0,cpu_all#1
20578.504,batt.charge_uah,1725000.0,cpu_all#1
20578.606,batt.charge_uah,1725000.0,cpu_all#1
20578.706,batt.charge_uah,1725000.0,cpu_all#1
20578.805,batt.charge_uah,1725000.0,cpu_all#1
20578.906,batt.charge_uah,1725000.0,cpu_all#1
20579.006,batt.charge_uah,1725000.0,cpu_all#1
20579.106,batt.charge_uah,1725000.0,cpu_all#1
20579.206,batt.charge_uah,1725000.0,cpu_all#1
20579.306,batt.charge_uah,1725000.0,cpu_all#1
20579.406,batt.charge_uah,1725000.0,cpu_all#1
20579.508,batt.charge_uah,1725000.0,cpu_all#1
20579.605,batt.charge_uah,1725000.0,cpu_all#1
20579.706,batt.charge_uah,1725000.0,cpu_all#1
20579.811,batt.charge_uah,1725000.0,cpu_all#1
20579.906,batt.charge_uah,1725000.0,cpu_all#1
20580.006,batt.charge_uah,1725000.0,cpu_all#1
20580.105,batt.charge_uah,1725000.0,cpu_all#1
20580.206,batt.charge_uah,1725000.0,cpu_all#1
20580.308,batt.charge_uah,1725000.0,cpu_all#1
20580.404,batt.charge_uah,1725000.0,cpu_all#1
20580.505,batt.charge_uah,1725000.0,cpu_all#1
20580.606,batt.charge_uah,1725000.0,cpu_all#1
20580.706,batt.charge_uah,1725000.0,cpu_all#1
20580.811,batt.charge_uah,1725000.0,cpu_all#1
20580.904,batt.charge_uah,1725000.0,cpu_all#1
20581.288,batt.charge_uah,1725000.0,cpu_all#1
20581.296,batt.charge_uah,1725000.0,cpu_all#1
20581.397,batt.charge_uah,1725000.0,cpu_all#1
20581.496,batt.charge_uah,1725000.0,cpu_all#1
20582.627,batt.charge_uah,1725000.0,cpu_all#1
20582.646,batt.charge_uah,1725000.0,cpu_all#1
20582.746,batt.charge_uah,1725000.0,cpu_all#1
20583.907,batt.charge_uah,1725000.0,cpu_all#1
20583.928,batt.charge_uah,1725000.0,cpu_all#1
20584.028,batt.charge_uah,1725000.0,cpu_all#1
20585.344,batt.charge_uah,1725000.0,cpu_all#1
20585.372,batt.charge_uah,1725000.0,cpu_all#1
20585.471,batt.charge_uah,1725000.0,cpu_all#1
20586.779,batt.charge_uah,1725000.0,cpu_all#1
20586.814,batt.charge_uah,1725000.0,cpu_all#1
20586.914,batt.charge_uah,1725000.0,cpu_all#1
20588.165,batt.charge_uah,1725000.0,cpu_all#1
20588.184,batt.charge_uah,1725000.0,cpu_all#1
20589.379,batt.charge_uah,1725000.0,cpu_all#1
20589.433,batt.charge_uah,1725000.0,cpu_all#1
20589.533,batt.charge_uah,1725000.0,cpu_all#1
20590.683,batt.charge_uah,1725000.0,cpu_all#1
20590.744,batt.charge_uah,1725000.0,cpu_all#1
20592.131,batt.charge_uah,1725000.0,cpu_all#1
20592.137,batt.charge_uah,1725000.0,cpu_all#1
20593.381,batt.charge_uah,1725000.0,cpu_all#1
20593.459,batt.charge_uah,1725000.0,cpu_all#1
20593.797,batt.charge_uah,1725000.0,cpu_all#1
20593.825,batt.charge_uah,1725000.0,cpu_all#1
20593.925,batt.charge_uah,1725000.0,cpu_all#1
20594.784,batt.charge_uah,1725000.0,cpu_all#1
20594.835,batt.charge_uah,1725000.0,cpu_all#1
20596.153,batt.charge_uah,1725000.0,cpu_all#1
20596.201,batt.charge_uah,1725000.0,cpu_all#1
20597.404,batt.charge_uah,1725000.0,cpu_all#1
20597.455,batt.charge_uah,1725000.0,cpu_all#1
20598.809,batt.charge_uah,1725000.0,cpu_all#1
20598.830,batt.charge_uah,1725000.0,cpu_all#1
20598.928,batt.charge_uah,1725000.0,cpu_all#1
20600.115,batt.charge_uah,1725000.0,cpu_all#1
20600.145,batt.charge_uah,1725000.0,cpu_all#1
20600.245,batt.charge_uah,1725000.0,cpu_all#1
20600.457,batt.charge_uah,1725000.0,cpu_all#1
20600.547,batt.charge_uah,1725000.0,
20600.646,batt.charge_uah,1725000.0,
20600.745,batt.charge_uah,1725000.0,
20600.845,batt.charge_uah,1725000.0,
20600.945,batt.charge_uah,1725000.0,
20601.045,batt.charge_uah,1725000.0,
20601.882,batt.charge_uah,1725000.0,
20601.945,batt.charge_uah,1725000.0,
20602.045,batt.charge_uah,1725000.0,
20603.355,batt.charge_uah,1725000.0,
20603.405,batt.charge_uah,1725000.0,
20603.506,batt.charge_uah,1725000.0,
20604.825,batt.charge_uah,1725000.0,
20604.853,batt.charge_uah,1725000.0,
20606.067,batt.charge_uah,1725000.0,
20606.096,batt.charge_uah,1725000.0,
20607.436,batt.charge_uah,1725000.0,
20607.457,batt.charge_uah,1725000.0,
20608.642,batt.charge_uah,1725000.0,
20608.681,batt.charge_uah,1725000.0,
20608.781,batt.charge_uah,1725000.0,
20610.128,batt.charge_uah,1725000.0,
20610.180,batt.charge_uah,1725000.0,
20611.359,batt.charge_uah,1725000.0,
20611.396,batt.charge_uah,1725000.0,
20611.496,batt.charge_uah,1725000.0,
20612.756,batt.charge_uah,1725000.0,
20612.791,batt.charge_uah,1725000.0,
20612.892,batt.charge_uah,1725000.0,
20614.219,batt.charge_uah,1725000.0,
20614.237,batt.charge_uah,1725000.0,
20615.436,batt.charge_uah,1725000.0,
20615.459,batt.charge_uah,1725000.0,
20615.559,batt.charge_uah,1725000.0,
20616.907,batt.charge_uah,1725000.0,
20616.915,batt.charge_uah,1725000.0,
20617.015,batt.charge_uah,1725000.0,
20618.293,batt.charge_uah,1725000.0,
20618.321,batt.charge_uah,1725000.0,
20618.421,batt.charge_uah,1725000.0,
20619.859,batt.charge_uah,1725000.0,
20619.868,batt.charge_uah,1725000.0,
20620.797,batt.charge_uah,1725000.0,
20620.844,batt.charge_uah,1725000.0,
20620.960,batt.charge_uah,1725000.0,
20621.045,batt.charge_uah,1725000.0,
20621.145,batt.charge_uah,1725000.0,
20621.245,batt.charge_uah,1725000.0,
20621.345,batt.charge_uah,1725000.0,
20621.444,batt.charge_uah,1725000.0,
20621.545,batt.charge_uah,1725000.0,
20621.645,batt.charge_uah,1725000.0,
20621.855,batt.charge_uah,1725000.0,
20621.945,batt.charge_uah,1725000.0,idle#2
20622.045,batt.charge_uah,1725000.0,idle#2
20622.145,batt.charge_uah,1725000.0,idle#2
20622.244,batt.charge_uah,1725000.0,idle#2
20622.344,batt.charge_uah,1725000.0,idle#2
20622.445,batt.charge_uah,1725000.0,idle#2
20622.545,batt.charge_uah,1725000.0,idle#2
20623.803,batt.charge_uah,1725000.0,idle#2
20623.894,batt.charge_uah,1725000.0,idle#2
20625.096,batt.charge_uah,1725000.0,idle#2
20625.126,batt.charge_uah,1725000.0,idle#2
20626.328,batt.charge_uah,1725000.0,idle#2
20626.366,batt.charge_uah,1725000.0,idle#2
20627.693,batt.charge_uah,1725000.0,idle#2
20627.736,batt.charge_uah,1725000.0,idle#2
20627.836,batt.charge_uah,1725000.0,idle#2
20629.169,batt.charge_uah,1725000.0,idle#2
20629.205,batt.charge_uah,1725000.0,idle#2
20630.377,batt.charge_uah,1725000.0,idle#2
20630.429,batt.charge_uah,1725000.0,idle#2
20631.765,batt.charge_uah,1725000.0,idle#2
20631.821,batt.charge_uah,1725000.0,idle#2
20631.922,batt.charge_uah,1725000.0,idle#2
20633.251,batt.charge_uah,1725000.0,idle#2
20633.309,batt.charge_uah,1725000.0,idle#2
20633.409,batt.charge_uah,1725000.0,idle#2
20634.717,batt.charge_uah,1725000.0,idle#2
20634.774,batt.charge_uah,1725000.0,idle#2
20635.926,batt.charge_uah,1725000.0,idle#2
20635.990,batt.charge_uah,1725000.0,idle#2
20637.168,batt.charge_uah,1725000.0,idle#2
20637.219,batt.charge_uah,1725000.0,idle#2
20638.375,batt.charge_uah,1725000.0,idle#2
20638.436,batt.charge_uah,1725000.0,idle#2
20639.617,batt.charge_uah,1725000.0,idle#2
20639.659,batt.charge_uah,1725000.0,idle#2
20640.815,batt.charge_uah,1725000.0,idle#2
20640.862,batt.charge_uah,1725000.0,idle#2
20642.046,batt.charge_uah,1725000.0,idle#2
20642.091,batt.charge_uah,1725000.0,idle#2
20642.191,batt.charge_uah,1725000.0,idle#2
20643.492,batt.charge_uah,1725000.0,idle#2
20643.511,batt.charge_uah,1725000.0,idle#2
20643.611,batt.charge_uah,1725000.0,idle#2
20644.926,batt.charge_uah,1725000.0,idle#2
20644.959,batt.charge_uah,1725000.0,idle#2
20645.059,batt.charge_uah,1725000.0,idle#2
20646.384,batt.charge_uah,1725000.0,idle#2
20646.400,batt.charge_uah,1725000.0,idle#2
20647.581,batt.charge_uah,1725000.0,idle#2
20647.603,batt.charge_uah,1725000.0,idle#2
20647.703,batt.charge_uah,1725000.0,idle#2
20648.993,batt.charge_uah,1725000.0,idle#2
20649.034,batt.charge_uah,1725000.0,idle#2
20649.134,batt.charge_uah,1725000.0,idle#2
20650.433,batt.charge_uah,1725000.0,idle#2
20650.476,batt.charge_uah,1725000.0,idle#2
20650.576,batt.charge_uah,1725000.0,idle#2
20650.676,batt.charge_uah,1725000.0,idle#2
20651.929,batt.charge_uah,1725000.0,idle#2
20651.952,batt.charge_uah,1725000.0,idle#2
20652.052,batt.charge_uah,1725000.0,idle#2
20653.296,batt.charge_uah,1725000.0,idle#2
20653.303,batt.charge_uah,1725000.0,idle#2
20653.403,batt.charge_uah,1725000.0,idle#2
20654.713,batt.charge_uah,1725000.0,idle#2
20654.791,batt.charge_uah,1725000.0,idle#2
20655.967,batt.charge_uah,1725000.0,idle#2
20656.034,batt.charge_uah,1725000.0,idle#2
20656.400,batt.charge_uah,1725000.0,idle#2
20656.412,batt.charge_uah,1725000.0,idle#2
20656.512,batt.charge_uah,1725000.0,idle#2
20657.421,batt.charge_uah,1725000.0,idle#2
20657.460,batt.charge_uah,1725000.0,idle#2
20657.561,batt.charge_uah,1725000.0,idle#2
20658.895,batt.charge_uah,1725000.0,idle#2
20658.929,batt.charge_uah,1725000.0,idle#2
20659.029,batt.charge_uah,1725000.0,idle#2
20660.330,batt.charge_uah,1725000.0,idle#2
20660.376,batt.charge_uah,1725000.0,idle#2
20661.722,batt.charge_uah,1725000.0,idle#2
20661.731,batt.charge_uah,1725000.0,idle#2
20661.831,batt.charge_uah,1725000.0,idle#2
20663.193,batt.charge_uah,1725000.0,idle#2
20663.218,batt.charge_uah,1725000.0,idle#2
20664.567,batt.charge_uah,1725000.0,idle#2
20664.617,batt.charge_uah,1725000.0,idle#2
20665.969,batt.charge_uah,1725000.0,idle#2
20666.015,batt.charge_uah,1725000.0,idle#2
20666.114,batt.charge_uah,1725000.0,idle#2
20667.439,batt.charge_uah,1725000.0,idle#2
20667.483,batt.charge_uah,1725000.0,idle#2
20667.583,batt.charge_uah,1725000.0,idle#2
20667.758,batt.charge_uah,1725000.0,idle#2
20667.782,batt.charge_uah,1725000.0,
20667.882,batt.charge_uah,1725000.0,
20669.070,batt.charge_uah,1725000.0,
20669.103,batt.charge_uah,1725000.0,
20670.350,batt.charge_uah,1725000.0,
20670.427,batt.charge_uah,1725000.0,
20670.527,batt.charge_uah,1725000.0,
20670.649,batt.charge_uah,1725000.0,
20670.726,batt.charge_uah,1725000.0,
20670.827,batt.charge_uah,1725000.0,
20671.768,batt.charge_uah,1725000.0,
20671.797,batt.charge_uah,1725000.0,
20672.988,batt.charge_uah,1725000.0,
20673.044,batt.charge_uah,1725000.0,
20674.379,batt.charge_uah,1725000.0,
20674.426,batt.charge_uah,1725000.0,
20674.527,batt.charge_uah,1725000.0,
20675.682,batt.charge_uah,1725000.0,
20675.734,batt.charge_uah,1725000.0,
20677.061,batt.charge_uah,1725000.0,
20677.084,batt.charge_uah,1725000.0,
20677.185,batt.charge_uah,1725000.0,
20678.533,batt.charge_uah,1725000.0,
20678.547,batt.charge_uah,1725000.0,
20678.647,batt.charge_uah,1725000.0,
20679.947,batt.charge_uah,1725000.0,
20679.981,batt.charge_uah,1725000.0,
20680.081,batt.charge_uah,1725000.0,
20681.354,batt.charge_uah,1725000.0,
20681.408,batt.charge_uah,1725000.0,
20682.570,batt.charge_uah,1725000.0,
20682.635,batt.charge_uah,1725000.0,
20682.735,batt.charge_uah,1725000.0,
20684.068,batt.charge_uah,1725000.0,
20684.092,batt.charge_uah,1725000.0,
20684.191,batt.charge_uah,1725000.0,
20685.520,batt.charge_uah,1725000.0,
20686.694,batt.charge_uah,1725000.0,
20686.793,batt.charge_uah,1725000.0,
20688.113,batt.charge_uah,1725000.0,
20688.133,batt.charge_uah,1725000.0,
20688.235,batt.charge_uah,1725000.0,
20688.333,batt.charge_uah,1725000.0,
20689.543,batt.charge_uah,1725000.0,
20689.587,batt.charge_uah,1725000.0,
20689.688,batt.charge_uah,1725000.0,
20689.788,batt.charge_uah,1725000.0,
20689.994,batt.charge_uah,1725000.0,
20690.087,batt.charge_uah,1725000.0,cpu1#2
20690.187,batt.charge_uah,1725000.0,cpu1#2
20690.395,batt.charge_uah,1725000.0,cpu1#2
20690.488,batt.charge_uah,1725000.0,cpu1#2
20690.588,batt.charge_uah,1725000.0,cpu1#2
20690.688,batt.charge_uah,1725000.0,cpu1#2
20691.985,batt.charge_uah,1725000.0,cpu1#2
20691.997,batt.charge_uah,1725000.0,cpu1#2
20692.098,batt.charge_uah,1725000.0,cpu1#2
20693.285,batt.charge_uah,1725000.0,cpu1#2
20693.301,batt.charge_uah,1725000.0,cpu1#2
20694.510,batt.charge_uah,1725000.0,cpu1#2
20695.714,batt.charge_uah,1725000.0,cpu1#2
20695.762,batt.charge_uah,1725000.0,cpu1#2
20695.861,batt.charge_uah,1725000.0,cpu1#2
20695.961,batt.charge_uah,1725000.0,cpu1#2
20697.173,batt.charge_uah,1725000.0,cpu1#2
20697.205,batt.charge_uah,1725000.0,cpu1#2
20698.414,batt.charge_uah,1725000.0,cpu1#2
20698.437,batt.charge_uah,1725000.0,cpu1#2
20699.621,batt.charge_uah,1725000.0,cpu1#2
20699.650,batt.charge_uah,1725000.0,cpu1#2
20699.751,batt.charge_uah,1725000.0,cpu1#2
20701.077,batt.charge_uah,1725000.0,cpu1#2
20701.104,batt.charge_uah,1725000.0,cpu1#2
20702.456,batt.charge_uah,1725000.0,cpu1#2
20702.473,batt.charge_uah,1725000.0,cpu1#2
20702.573,batt.charge_uah,1725000.0,cpu1#2
20703.925,batt.charge_uah,1725000.0,cpu1#2
20703.982,batt.charge_uah,1725000.0,cpu1#2
20705.154,batt.charge_uah,1725000.0,cpu1#2
20705.198,batt.charge_uah,1725000.0,cpu1#2
20705.298,batt.charge_uah,1725000.0,cpu1#2
20706.570,batt.charge_uah,1725000.0,cpu1#2
20706.604,batt.charge_uah,1725000.0,cpu1#2
20706.704,batt.charge_uah,1725000.0,cpu1#2
20708.005,batt.charge_uah,1725000.0,cpu1#2
20708.027,batt.charge_uah,1725000.0,cpu1#2
20709.242,batt.charge_uah,1725000.0,cpu1#2
20709.269,batt.charge_uah,1725000.0,cpu1#2
20710.639,batt.charge_uah,1725000.0,cpu1#2
20710.705,batt.charge_uah,1725000.0,cpu1#2
20712.054,batt.charge_uah,1725000.0,cpu1#2
20712.105,batt.charge_uah,1725000.0,cpu1#2
20712.204,batt.charge_uah,1725000.0,cpu1#2
20713.516,batt.charge_uah,1725000.0,cpu1#2
20713.565,batt.charge_uah,1725000.0,cpu1#2
20714.716,batt.charge_uah,1725000.0,cpu1#2
20714.796,batt.charge_uah,1725000.0,cpu1#2
20714.896,batt.charge_uah,1725000.0,cpu1#2
20716.235,batt.charge_uah,1725000.0,cpu1#2
20717.397,batt.charge_uah,1725000.0,cpu1#2
20717.450,batt.charge_uah,1725000.0,cpu1#2
20718.634,batt.charge_uah,1725000.0,cpu1#2
20718.645,batt.charge_uah,1725000.0,cpu1#2
20718.746,batt.charge_uah,1725000.0,cpu1#2
20720.083,batt.charge_uah,1725000.0,cpu1#2
20720.130,batt.charge_uah,1725000.0,cpu1#2
20720.230,batt.charge_uah,1725000.0,cpu1#2
20721.561,batt.charge_uah,1725000.0,cpu1#2
20721.597,batt.charge_uah,1725000.0,cpu1#2
20722.917,batt.charge_uah,1725000.0,cpu1#2
20722.975,batt.charge_uah,1725000.0,cpu1#2
20723.075,batt.charge_uah,1725000.0,cpu1#2
20724.403,batt.charge_uah,1725000.0,cpu1#2
20724.474,batt.charge_uah,1725000.0,cpu1#2
20725.787,batt.charge_uah,1725000.0,cpu1#2
20725.847,batt.charge_uah,1725000.0,cpu1#2
20727.025,batt.charge_uah,1725000.0,cpu1#2
20727.091,batt.charge_uah,1725000.0,cpu1#2
20728.235,batt.charge_uah,1725000.0,cpu1#2
20728.295,batt.charge_uah,1725000.0,cpu1#2
20729.455,batt.charge_uah,1725000.0,cpu1#2
20729.535,batt.charge_uah,1725000.0,cpu1#2
20729.635,batt.charge_uah,1725000.0,cpu1#2
20730.980,batt.charge_uah,1725000.0,cpu1#2
20730.999,batt.charge_uah,1725000.0,cpu1#2
20732.172,batt.charge_uah,1725000.0,cpu1#2
20732.206,batt.charge_uah,1725000.0,cpu1#2
20732.307,batt.charge_uah,1725000.0,cpu1#2
20733.603,batt.charge_uah,1725000.0,cpu1#2
20733.643,batt.charge_uah,1725000.0,cpu1#2
20733.743,batt.charge_uah,1725000.0,cpu1#2
20735.038,batt.charge_uah,1725000.0,cpu1#2
20735.082,batt.charge_uah,1725000.0,cpu1#2
20735.166,batt.charge_uah,1725000.0,cpu1#2
20736.041,batt.charge_uah,1725000.0,cpu1#2
20736.082,batt.charge_uah,1725000.0,cpu1#2
20736.182,batt.charge_uah,1725000.0,cpu1#2
20736.281,batt.charge_uah,1725000.0,
20737.497,batt.charge_uah,1725000.0,
20737.539,batt.charge_uah,1725000.0,
20738.903,batt.charge_uah,1725000.0,
20738.935,batt.charge_uah,1725000.0,
20739.035,batt.charge_uah,1725000.0,
20740.362,batt.charge_uah,1725000.0,
20740.383,batt.charge_uah,1725000.0,
20740.479,batt.charge_uah,1725000.0,
20741.809,batt.charge_uah,1725000.0,
20741.845,batt.charge_uah,1725000.0,
20743.206,batt.charge_uah,1725000.0,
20743.221,batt.charge_uah,1725000.0,
20743.321,batt.charge_uah,1725000.0,
20744.657,batt.charge_uah,1725000.0,
20744.733,batt.charge_uah,1725000.0,
20745.858,batt.charge_uah,1725000.0,
20745.890,batt.charge_uah,1725000.0,
20745.985,batt.charge_uah,1725000.0,
20747.124,batt.charge_uah,1725000.0,
20748.306,batt.charge_uah,1725000.0,
20748.366,batt.charge_uah,1725000.0,
20749.552,batt.charge_uah,1725000.0,
20749.596,batt.charge_uah,1725000.0,
20749.697,batt.charge_uah,1725000.0,
20750.834,batt.charge_uah,1725000.0,
20750.907,batt.charge_uah,1725000.0,
20752.065,batt.charge_uah,1725000.0,
20752.115,batt.charge_uah,1725000.0,
20753.273,batt.charge_uah,1725000.0,
20753.302,batt.charge_uah,1725000.0,
20754.489,batt.charge_uah,1725000.0,
20754.540,batt.charge_uah,1725000.0,
20756.116,batt.charge_uah,1725000.0,
20756.147,batt.charge_uah,1725000.0,
20756.247,batt.charge_uah,1725000.0,
20756.518,batt.charge_uah,1725000.0,
20756.547,batt.charge_uah,1725000.0,
20756.647,batt.charge_uah,1725000.0,
20756.748,batt.charge_uah,1725000.0,
20757.978,batt.charge_uah,1725000.0,
20758.027,batt.charge_uah,1725000.0,
20758.127,batt.charge_uah,1725000.0,cpu_all#2
20758.227,batt.charge_uah,1725000.0,cpu_all#2
20758.341,batt.charge_uah,1725000.0,cpu_all#2
20758.429,batt.charge_uah,1725000.0,cpu_all#2
20759.600,batt.charge_uah,1725000.0,cpu_all#2
20759.652,batt.charge_uah,1725000.0,cpu_all#2
20759.752,batt.charge_uah,1725000.0,cpu_all#2
20761.086,batt.charge_uah,1725000.0,cpu_all#2
20761.096,batt.charge_uah,1725000.0,cpu_all#2
20761.196,batt.charge_uah,1725000.0,cpu_all#2
20762.535,batt.charge_uah,1725000.0,cpu_all#2
20762.548,batt.charge_uah,1725000.0,cpu_all#2
20763.715,batt.charge_uah,1725000.0,cpu_all#2
20763.762,batt.charge_uah,1725000.0,cpu_all#2
20765.104,batt.charge_uah,1725000.0,cpu_all#2
20765.129,batt.charge_uah,1725000.0,cpu_all#2
20765.229,batt.charge_uah,1725000.0,cpu_all#2
20766.551,batt.charge_uah,1725000.0,cpu_all#2
20766.613,batt.charge_uah,1725000.0,cpu_all#2
20767.830,batt.charge_uah,1725000.0,cpu_all#2
20767.876,batt.charge_uah,1725000.0,cpu_all#2
20767.976,batt.charge_uah,1725000.0,cpu_all#2
20769.233,batt.charge_uah,1725000.0,cpu_all#2
20769.263,batt.charge_uah,1725000.0,cpu_all#2
20769.364,batt.charge_uah,1725000.0,cpu_all#2
20770.685,batt.charge_uah,1725000.0,cpu_all#2
20770.705,batt.charge_uah,1725000.0,cpu_all#2
20770.805,batt.charge_uah,1725000.0,cpu_all#2
20771.952,batt.charge_uah,1725000.0,cpu_all#2
20771.989,batt.charge_uah,1725000.0,cpu_all#2
20773.310,batt.charge_uah,1725000.0,cpu_all#2
20773.348,batt.charge_uah,1725000.0,cpu_all#2
20773.443,batt.charge_uah,1725000.0,cpu_all#2
20774.524,batt.charge_uah,1725000.0,cpu_all#2
20774.553,batt.charge_uah,1725000.0,cpu_all#2
20774.652,batt.charge_uah,1725000.0,cpu_all#2
20774.752,batt.charge_uah,1725000.0,cpu_all#2
20775.996,batt.charge_uah,1725000.0,cpu_all#2
20776.020,batt.charge_uah,1725000.0,cpu_all#2
20777.203,batt.charge_uah,1725000.0,cpu_all#2
20777.265,batt.charge_uah,1725000.0,cpu_all#2
20777.365,batt.charge_uah,1725000.0,cpu_all#2
20778.701,batt.charge_uah,1725000.0,cpu_all#2
20778.730,batt.charge_uah,1725000.0,cpu_all#2
20779.879,batt.charge_uah,1725000.0,cpu_all#2
20779.948,batt.charge_uah,1725000.0,cpu_all#2
20780.048,batt.charge_uah,1725000.0,cpu_all#2
20781.349,batt.charge_uah,1608750.0,cpu_all#2
20781.390,batt.charge_uah,1608750.0,cpu_all#2
20782.456,batt.charge_uah,1608750.0,cpu_all#2
20782.503,batt.charge_uah,1608750.0,cpu_all#2
20782.603,batt.charge_uah,1608750.0,cpu_all#2
20783.793,batt.charge_uah,1608750.0,cpu_all#2
20783.854,batt.charge_uah,1608750.0,cpu_all#2
20783.953,batt.charge_uah,1608750.0,cpu_all#2
20785.215,batt.charge_uah,1608750.0,cpu_all#2
20785.250,batt.charge_uah,1608750.0,cpu_all#2
20786.453,batt.charge_uah,1608750.0,cpu_all#2
20786.476,batt.charge_uah,1608750.0,cpu_all#2
20786.576,batt.charge_uah,1608750.0,cpu_all#2
20787.899,batt.charge_uah,1608750.0,cpu_all#2
20787.938,batt.charge_uah,1608750.0,cpu_all#2
20789.295,batt.charge_uah,1608750.0,cpu_all#2
20789.347,batt.charge_uah,1608750.0,cpu_all#2
20789.446,batt.charge_uah,1608750.0,cpu_all#2
20790.776,batt.charge_uah,1608750.0,cpu_all#2
20790.800,batt.charge_uah,1608750.0,cpu_all#2
20790.900,batt.charge_uah,1608750.0,cpu_all#2
20792.216,batt.charge_uah,1608750.0,cpu_all#2
20792.253,batt.charge_uah,1608750.0,cpu_all#2
20792.353,batt.charge_uah,1608750.0,cpu_all#2
20793.630,batt.charge_uah,1608750.0,cpu_all#2
20793.674,batt.charge_uah,1608750.0,cpu_all#2
20793.774,batt.charge_uah,1608750.0,cpu_all#2
20795.099,batt.charge_uah,1608750.0,cpu_all#2
20795.105,batt.charge_uah,1608750.0,cpu_all#2
20796.428,batt.charge_uah,1608750.0,cpu_all#2
20796.448,batt.charge_uah,1608750.0,cpu_all#2
20796.549,batt.charge_uah,1608750.0,cpu_all#2
20797.872,batt.charge_uah,1608750.0,cpu_all#2
20797.898,batt.charge_uah,1608750.0,cpu_all#2
20797.998,batt.charge_uah,1608750.0,cpu_all#2
20798.098,batt.charge_uah,1608750.0,cpu_all#2
20799.386,batt.charge_uah,1608750.0,cpu_all#2
20799.412,batt.charge_uah,1608750.0,cpu_all#2
20799.512,batt.charge_uah,1608750.0,cpu_all#2
20800.804,batt.charge_uah,1608750.0,cpu_all#2
20801.967,batt.charge_uah,1608750.0,cpu_all#2
20802.014,batt.charge_uah,1608750.0,cpu_all#2
20802.114,batt.charge_uah,1608750.0,cpu_all#2
20802.214,batt.charge_uah,1608750.0,cpu_all#2
20803.452,batt.charge_uah,1608750.0,cpu_all#2
20803.504,batt.charge_uah,1608750.0,cpu_all#2
20803.602,batt.charge_uah,1608750.0,
20804.857,batt.charge_uah,1608750.0,
20804.913,batt.charge_uah,1608750.0,
20805.012,batt.charge_uah,1608750.0,
20806.327,batt.charge_uah,1608750.0,
20806.365,batt.charge_uah,1608750.0,
20806.465,batt.charge_uah,1608750.0,
20807.747,batt.charge_uah,1608750.0,
20807.786,batt.charge_uah,1608750.0,
20807.887,batt.charge_uah,1608750.0,
20807.987,batt.charge_uah,1608750.0,
20809.200,batt.charge_uah,1608750.0,
20809.241,batt.charge_uah,1608750.0,
20809.341,batt.charge_uah,1608750.0,
20810.640,batt.charge_uah,1608750.0,
20810.670,batt.charge_uah,1608750.0,
20811.840,batt.charge_uah,1608750.0,
20811.875,batt.charge_uah,1608750.0,
20813.044,batt.charge_uah,1608750.0,
20813.069,batt.charge_uah,1608750.0,
20813.170,batt.charge_uah,1608750.0,
20814.517,batt.charge_uah,1608750.0,
20814.541,batt.charge_uah,1608750.0,
20814.642,batt.charge_uah,1608750.0,
20815.921,batt.charge_uah,1608750.0,
20815.989,batt.charge_uah,1608750.0,
20816.089,batt.charge_uah,1608750.0,
20817.350,batt.charge_uah,1608750.0,
20817.370,batt.charge_uah,1608750.0,
20818.564,batt.charge_uah,1608750.0,
20818.602,batt.charge_uah,1608750.0,
20819.799,batt.charge_uah,1608750.0,
20819.824,batt.charge_uah,1608750.0,
20819.924,batt.charge_uah,1608750.0,
20821.228,batt.charge_uah,1608750.0,
20821.253,batt.charge_uah,1608750.0,
20821.353,batt.charge_uah,1608750.0,
20822.688,batt.charge_uah,1608750.0,
20822.718,batt.charge_uah,1608750.0,
20822.817,batt.charge_uah,1608750.0,
20824.098,batt.charge_uah,1608750.0,
20824.127,batt.charge_uah,1608750.0,
20824.227,batt.charge_uah,1608750.0,
20824.327,batt.charge_uah,1608750.0,
20824.536,batt.charge_uah,1608750.0,
20824.627,batt.charge_uah,1608750.0,
20824.727,batt.charge_uah,1608750.0,
20824.832,batt.charge_uah,1608750.0,
20824.926,batt.charge_uah,1608750.0,idle#3
20825.027,batt.charge_uah,1608750.0,idle#3
20825.127,batt.charge_uah,1608750.0,idle#3
20825.295,batt.charge_uah,1608750.0,idle#3
20825.327,batt.charge_uah,1608750.0,idle#3
20825.427,batt.charge_uah,1608750.0,idle#3
20825.527,batt.charge_uah,1608750.0,idle#3
20825.626,batt.charge_uah,1608750.0,idle#3
20825.727,batt.charge_uah,1608750.0,idle#3
20825.827,batt.charge_uah,1608750.0,idle#3
20825.927,batt.charge_uah,1608750.0,idle#3
20826.027,batt.charge_uah,1608750.0,idle#3
20826.127,batt.charge_uah,1608750.0,idle#3
20826.567,batt.charge_uah,1608750.0,idle#3
20826.624,batt.charge_uah,1608750.0,idle#3
20826.724,batt.charge_uah,1608750.0,idle#3
20828.025,batt.charge_uah,1608750.0,idle#3
20828.086,batt.charge_uah,1608750.0,idle#3
20829.257,batt.charge_uah,1608750.0,idle#3
20829.315,batt.charge_uah,1608750.0,idle#3
20830.507,batt.charge_uah,1608750.0,idle#3
20831.671,batt.charge_uah,1608750.0,idle#3
20831.728,batt.charge_uah,1608750.0,idle#3
20831.828,batt.charge_uah,1608750.0,idle#3
20833.164,batt.charge_uah,1608750.0,idle#3
20833.202,batt.charge_uah,1608750.0,idle#3
20833.303,batt.charge_uah,1608750.0,idle#3
20834.597,batt.charge_uah,1608750.0,idle#3
20834.627,batt.charge_uah,1608750.0,idle#3
20835.828,batt.charge_uah,1608750.0,idle#3
20835.857,batt.charge_uah,1608750.0,idle#3
20835.956,batt.charge_uah,1608750.0,idle#3
20837.270,batt.charge_uah,1608750.0,idle#3
20837.292,batt.charge_uah,1608750.0,idle#3
20838.628,batt.charge_uah,1608750.0,idle#3
20838.690,batt.charge_uah,1608750.0,idle#3
20838.789,batt.charge_uah,1608750.0,idle#3
20840.127,batt.charge_uah,1608750.0,idle#3
20840.200,batt.charge_uah,1608750.0,idle#3
20841.552,batt.charge_uah,1608750.0,idle#3
20841.614,batt.charge_uah,1608750.0,idle#3
20842.760,batt.charge_uah,1608750.0,idle#3
20842.820,batt.charge_uah,1608750.0,idle#3
20844.146,batt.charge_uah,1608750.0,idle#3
20844.194,batt.charge_uah,1608750.0,idle#3
20844.294,batt.charge_uah,1608750.0,idle#3
20845.625,batt.charge_uah,1608750.0,idle#3
20845.666,batt.charge_uah,1608750.0,idle#3
20846.843,batt.charge_uah,1608750.0,idle#3
20846.889,batt.charge_uah,1608750.0,idle#3
20846.990,batt.charge_uah,1608750.0,idle#3
20848.315,batt.charge_uah,1608750.0,idle#3
20848.352,batt.charge_uah,1608750.0,idle#3
20849.705,batt.charge_uah,1608750.0,idle#3
20849.722,batt.charge_uah,1608750.0,idle#3
20849.823,batt.charge_uah,1608750.0,idle#3
20850.984,batt.charge_uah,1608750.0,idle#3
20851.038,batt.charge_uah,1608750.0,idle#3
20852.384,batt.charge_uah,1608750.0,idle#3
20852.435,batt.charge_uah,1608750.0,idle#3
20853.599,batt.charge_uah,1608750.0,idle#3
20853.652,batt.charge_uah,1608750.0,idle#3
20854.823,batt.charge_uah,1608750.0,idle#3
20854.847,batt.charge_uah,1608750.0,idle#3
20854.947,batt.charge_uah,1608750.0,idle#3
20856.270,batt.charge_uah,1608750.0,idle#3
20856.330,batt.charge_uah,1608750.0,idle#3
20857.505,batt.charge_uah,1608750.0,idle#3
20857.539,batt.charge_uah,1608750.0,idle#3
20858.907,batt.charge_uah,1608750.0,idle#3
20858.935,batt.charge_uah,1608750.0,idle#3
20859.035,batt.charge_uah,1608750.0,idle#3
20860.209,batt.charge_uah,1608750.0,idle#3
20860.242,batt.charge_uah,1608750.0,idle#3
20860.341,batt.charge_uah,1608750.0,idle#3
20861.569,batt.charge_uah,1608750.0,idle#3
20861.602,batt.charge_uah,1608750.0,idle#3
20861.703,batt.charge_uah,1608750.0,idle#3
20863.048,batt.charge_uah,1608750.0,idle#3
20863.073,batt.charge_uah,1608750.0,idle#3
20863.173,batt.charge_uah,1608750.0,idle#3
20864.511,batt.charge_uah,1608750.0,idle#3
20864.593,batt.charge_uah,1608750.0,idle#3
20865.894,batt.charge_uah,1608750.0,idle#3
20865.923,batt.charge_uah,1608750.0,idle#3
20866.023,batt.charge_uah,1608750.0,idle#3
20867.330,batt.charge_uah,1608750.0,idle#3
20867.375,batt.charge_uah,1608750.0,idle#3
20868.723,batt.charge_uah,1608750.0,idle#3
20868.783,batt.charge_uah,1608750.0,idle#3
20868.883,batt.charge_uah,1608750.0,idle#3
20870.218,batt.charge_uah,1608750.0,idle#3
20870.274,batt.charge_uah,1608750.0,idle#3
20870.633,batt.charge_uah,1608750.0,idle#3
20870.872,batt.charge_uah,1608750.0,idle#3
20870.933,batt.charge_uah,1608750.0,
20870.992,batt.charge_uah,1608750.0,
20871.092,batt.charge_uah,1608750.0,
20871.854,batt.charge_uah,1608750.0,
20871.890,batt.charge_uah,1608750.0,
20871.990,batt.charge_uah,1608750.0,
20872.098,batt.charge_uah,1608750.0,
20872.191,batt.charge_uah,1608750.0,
20873.458,batt.charge_uah,1608750.0,
20873.488,batt.charge_uah,1608750.0,
20873.588,batt.charge_uah,1608750.0,
20874.912,batt.charge_uah,1608750.0,
20874.952,batt.charge_uah,1608750.0,
20876.156,batt.charge_uah,1608750.0,
20876.188,batt.charge_uah,1608750.0,
20877.352,batt.charge_uah,1608750.0,
20877.411,batt.charge_uah,1608750.0,
20878.619,batt.charge_uah,1608750.0,
20878.676,batt.charge_uah,1608750.0,
20879.870,batt.charge_uah,1608750.0,
20879.918,batt.charge_uah,1608750.0,
20881.262,batt.charge_uah,1608750.0,
20881.324,batt.charge_uah,1608750.0,
20882.490,batt.charge_uah,1608750.0,
20882.540,batt.charge_uah,1608750.0,
20883.726,batt.charge_uah,1608750.0,
20883.779,batt.charge_uah,1608750.0,
20884.953,batt.charge_uah,1608750.0,
20884.972,batt.charge_uah,1608750.0,
20885.072,batt.charge_uah,1608750.0,
20885.562,batt.charge_uah,1608750.0,
20885.612,batt.charge_uah,1608750.0,
20886.142,batt.charge_uah,1608750.0,
20886.191,batt.charge_uah,1608750.0,
20886.285,batt.charge_uah,1608750.0,
20887.609,batt.charge_uah,1608750.0,
20887.658,batt.charge_uah,1608750.0,
20887.757,batt.charge_uah,1608750.0,
20889.090,batt.charge_uah,1608750.0,
20889.108,batt.charge_uah,1608750.0,
20890.289,batt.charge_uah,1608750.0,
20890.340,batt.charge_uah,1608750.0,
20891.282,batt.charge_uah,1608750.0,
20891.300,batt.charge_uah,1608750.0,
20891.399,batt.charge_uah,1608750.0,
20891.508,batt.charge_uah,1608750.0,
20891.599,batt.charge_uah,1608750.0,
20891.699,batt.charge_uah,1608750.0,
20892.943,batt.charge_uah,1608750.0,
20893.003,batt.charge_uah,1608750.0,
20893.104,batt.charge_uah,1608750.0,cpu1#3
20893.204,batt.charge_uah,1608750.0,cpu1#3
20893.314,batt.charge_uah,1608750.0,cpu1#3
20893.406,batt.charge_uah,1608750.0,cpu1#3
20894.562,batt.charge_uah,1608750.0,cpu1#3
20894.624,batt.charge_uah,1608750.0,cpu1#3
20895.806,batt.charge_uah,1608750.0,cpu1#3
20895.873,batt.charge_uah,1608750.0,cpu1#3
20897.220,batt.charge_uah,1608750.0,cpu1#3
20897.320,batt.charge_uah,1608750.0,cpu1#3
20898.478,batt.charge_uah,1608750.0,cpu1#3
20898.507,batt.charge_uah,1608750.0,cpu1#3
20898.607,batt.charge_uah,1608750.0,cpu1#3
20899.867,batt.charge_uah,1608750.0,cpu1#3
20899.953,batt.charge_uah,1608750.0,cpu1#3
20900.053,batt.charge_uah,1608750.0,cpu1#3
20900.153,batt.charge_uah,1608750.0,cpu1#3
20901.367,batt.charge_uah,1608750.0,cpu1#3
20901.399,batt.charge_uah,1608750.0,cpu1#3
20902.563,batt.charge_uah,1608750.0,cpu1#3
20902.629,batt.charge_uah,1608750.0,cpu1#3
20902.728,batt.charge_uah,1608750.0,cpu1#3
20904.034,batt.charge_uah,1608750.0,cpu1#3
20904.038,batt.charge_uah,1608750.0,cpu1#3
20905.236,batt.charge_uah,1608750.0,cpu1#3
20905.263,batt.charge_uah,1608750.0,cpu1#3
20905.363,batt.charge_uah,1608750.0,cpu1#3
20906.259,batt.charge_uah,1608750.0,cpu1#3
20906.308,batt.charge_uah,1608750.0,cpu1#3
20906.408,batt.charge_uah,1608750.0,cpu1#3
20906.508,batt.charge_uah,1608750.0,cpu1#3
20906.608,batt.charge_uah,1608750.0,cpu1#3
20907.465,batt.charge_uah,1608750.0,cpu1#3
20907.482,batt.charge_uah,1608750.0,cpu1#3
20907.582,batt.charge_uah,1608750.0,cpu1#3
20908.120,batt.charge_uah,1608750.0,cpu1#3
20908.139,batt.charge_uah,1608750.0,cpu1#3
20908.914,batt.charge_uah,1608750.0,cpu1#3
20908.982,batt.charge_uah,1608750.0,cpu1#3
20910.176,batt.charge_uah,1608750.0,cpu1#3
20910.231,batt.charge_uah,1608750.0,cpu1#3
20910.331,batt.charge_uah,1608750.0,cpu1#3
20911.603,batt.charge_uah,1608750.0,cpu1#3
20911.630,batt.charge_uah,1608750.0,cpu1#3
20912.843,batt.charge_uah,1608750.0,cpu1#3
20912.889,batt.charge_uah,1608750.0,cpu1#3
20914.217,batt.charge_uah,1608750.0,cpu1#3
20914.243,batt.charge_uah,1608750.0,cpu1#3
20914.343,batt.charge_uah,1608750.0,cpu1#3
20914.443,batt.charge_uah,1608750.0,cpu1#3
20915.727,batt.charge_uah,1608750.0,cpu1#3
20915.735,batt.charge_uah,1608750.0,cpu1#3
20915.835,batt.charge_uah,1608750.0,cpu1#3
20917.156,batt.charge_uah,1608750.0,cpu1#3
20917.174,batt.charge_uah,1608750.0,cpu1#3
20917.272,batt.charge_uah,1608750.0,cpu1#3
20918.538,batt.charge_uah,1608750.0,cpu1#3
20918.593,batt.charge_uah,1608750.0,cpu1#3
20919.747,batt.charge_uah,1608750.0,cpu1#3
20919.822,batt.charge_uah,1608750.0,cpu1#3
20921.035,batt.charge_uah,1608750.0,cpu1#3
20921.085,batt.charge_uah,1608750.0,cpu1#3
20922.415,batt.charge_uah,1608750.0,cpu1#3
20922.427,batt.charge_uah,1608750.0,cpu1#3
20922.527,batt.charge_uah,1608750.0,cpu1#3
20923.843,batt.charge_uah,1608750.0,cpu1#3
20923.869,batt.charge_uah,1608750.0,cpu1#3
20923.970,batt.charge_uah,1608750.0,cpu1#3
20925.326,batt.charge_uah,1608750.0,cpu1#3
20925.353,batt.charge_uah,1608750.0,cpu1#3
20926.523,batt.charge_uah,1608750.0,cpu1#3
20926.555,batt.charge_uah,1608750.0,cpu1#3
20926.817,batt.charge_uah,1608750.0,cpu1#3
20926.855,batt.charge_uah,1608750.0,cpu1#3
20927.731,batt.charge_uah,1608750.0,cpu1#3
20927.775,batt.charge_uah,1608750.0,cpu1#3
20927.874,batt.charge_uah,1608750.0,cpu1#3
20929.215,batt.charge_uah,1608750.0,cpu1#3
20929.264,batt.charge_uah,1608750.0,cpu1#3
20930.427,batt.charge_uah,1608750.0,cpu1#3
20930.471,batt.charge_uah,1608750.0,cpu1#3
20931.633,batt.charge_uah,1608750.0,cpu1#3
20931.688,batt.charge_uah,1608750.0,cpu1#3
20931.767,batt.charge_uah,1608750.0,cpu1#3
20931.867,batt.charge_uah,1608750.0,cpu1#3
20933.075,batt.charge_uah,1608750.0,cpu1#3
20933.099,batt.charge_uah,1608750.0,cpu1#3
20933.199,batt.charge_uah,1608750.0,cpu1#3
20934.514,batt.charge_uah,1608750.0,cpu1#3
20934.559,batt.charge_uah,1608750.0,cpu1#3
20935.911,batt.charge_uah,1608750.0,cpu1#3
20935.948,batt.charge_uah,1608750.0,cpu1#3
20936.048,batt.charge_uah,1608750.0,cpu1#3
20937.376,batt.charge_uah,1608750.0,cpu1#3
20937.402,batt.charge_uah,1608750.0,cpu1#3
20937.502,batt.charge_uah,1608750.0,cpu1#3
20937.602,batt.charge_uah,1608750.0,cpu1#3
20938.836,batt.charge_uah,1608750.0,cpu1#3
20938.945,batt.charge_uah,1608750.0,cpu1#3
20938.951,batt.charge_uah,1608750.0,cpu1#3
20939.051,batt.charge_uah,1608750.0,cpu1#3
20939.237,batt.charge_uah,1608750.0,
20939.253,batt.charge_uah,1608750.0,
20939.353,batt.charge_uah,1608750.0,
20940.629,batt.charge_uah,1608750.0,
20940.646,batt.charge_uah,1608750.0,
20940.747,batt.charge_uah,1608750.0,
20941.849,batt.charge_uah,1608750.0,
20941.886,batt.charge_uah,1608750.0,
20943.087,batt.charge_uah,1608750.0,
20943.107,batt.charge_uah,1608750.0,
20943.207,batt.charge_uah,1608750.0,
20944.520,batt.charge_uah,1608750.0,
20944.550,batt.charge_uah,1608750.0,
20944.651,batt.charge_uah,1608750.0,
20945.982,batt.charge_uah,1608750.0,
20945.999,batt.charge_uah,1608750.0,
20947.186,batt.charge_uah,1608750.0,
20947.240,batt.charge_uah,1608750.0,
20947.340,batt.charge_uah,1608750.0,
20948.657,batt.charge_uah,1608750.0,
20948.715,batt.charge_uah,1608750.0,
20950.056,batt.charge_uah,1608750.0,
20950.120,batt.charge_uah,1608750.0,
20950.220,batt.charge_uah,1608750.0,
20951.476,batt.charge_uah,1608750.0,
20951.506,batt.charge_uah,1608750.0,
20951.607,batt.charge_uah,1608750.0,
20952.772,batt.charge_uah,1608750.0,
20952.831,batt.charge_uah,1608750.0,
20953.996,batt.charge_uah,1608750.0,
20954.056,batt.charge_uah,1608750.0,
20955.401,batt.charge_uah,1608750.0,
20955.437,batt.charge_uah,1608750.0,
20956.608,batt.charge_uah,1608750.0,
20956.651,batt.charge_uah,1608750.0,
20956.751,batt.charge_uah,1608750.0,
20958.090,batt.charge_uah,1608750.0,
20958.148,batt.charge_uah,1608750.0,
20959.320,batt.charge_uah,1608750.0,
20959.373,batt.charge_uah,1608750.0,
20959.530,batt.charge_uah,1608750.0,
20959.577,batt.charge_uah,1608750.0,
20959.675,batt.charge_uah,1608750.0,
20959.786,batt.charge_uah,1608750.0,
20959.875,batt.charge_uah,1608750.0,
20959.984,batt.charge_uah,1608750.0,
20960.074,batt.charge_uah,1608750.0,
20960.174,batt.charge_uah,1608750.0,cpu_all#3
20960.366,batt.charge_uah,1608750.0,cpu_all#3
20960.379,batt.charge_uah,1608750.0,cpu_all#3
20960.475,batt.charge_uah,1608750.0,cpu_all#3
20960.575,batt.charge_uah,1608750.0,cpu_all#3
20960.675,batt.charge_uah,1608750.0,cpu_all#3
20960.775,batt.charge_uah,1608750.0,cpu_all#3
20960.876,batt.charge_uah,1608750.0,cpu_all#3
20960.975,batt.charge_uah,1608750.0,cpu_all#3
20961.074,batt.charge_uah,1608750.0,cpu_all#3
20961.174,batt.charge_uah,1608750.0,cpu_all#3
20961.999,batt.charge_uah,1608750.0,cpu_all#3
20962.034,batt.charge_uah,1608750.0,cpu_all#3
20962.134,batt.charge_uah,1608750.0,cpu_all#3
20963.364,batt.charge_uah,1608750.0,cpu_all#3
20963.421,batt.charge_uah,1608750.0,cpu_all#3
20964.622,batt.charge_uah,1608750.0,cpu_all#3
20964.659,batt.charge_uah,1608750.0,cpu_all#3
20965.841,batt.charge_uah,1608750.0,cpu_all#3
20965.871,batt.charge_uah,1608750.0,cpu_all#3
20965.971,batt.charge_uah,1608750.0,cpu_all#3
20966.071,batt.charge_uah,1608750.0,cpu_all#3
20967.239,batt.charge_uah,1608750.0,cpu_all#3
20967.284,batt.charge_uah,1608750.0,cpu_all#3
20967.350,batt.charge_uah,1608750.0,cpu_all#3
20967.864,batt.charge_uah,1608750.0,cpu_all#3
20967.891,batt.charge_uah,1608750.0,cpu_all#3
20968.101,batt.charge_uah,1608750.0,cpu_all#3
20968.191,batt.charge_uah,1608750.0,cpu_all#3
20968.290,batt.charge_uah,1608750.0,cpu_all#3
20968.406,batt.charge_uah,1608750.0,cpu_all#3
20968.492,batt.charge_uah,1608750.0,cpu_all#3
20968.593,batt.charge_uah,1608750.0,cpu_all#3
20968.693,batt.charge_uah,1608750.0,cpu_all#3
20969.526,batt.charge_uah,1608750.0,cpu_all#3
20969.560,batt.charge_uah,1608750.0,cpu_all#3
20970.744,batt.charge_uah,1608750.0,cpu_all#3
20970.764,batt.charge_uah,1608750.0,cpu_all#3
20971.971,batt.charge_uah,1608750.0,cpu_all#3
20971.997,batt.charge_uah,1608750.0,cpu_all#3
20972.097,batt.charge_uah,1608750.0,cpu_all#3
20973.243,batt.charge_uah,1608750.0,cpu_all#3
20973.292,batt.charge_uah,1608750.0,cpu_all#3
20974.629,batt.charge_uah,1608750.0,cpu_all#3
20974.660,batt.charge_uah,1608750.0,cpu_all#3
20974.758,batt.charge_uah,1608750.0,cpu_all#3
20976.088,batt.charge_uah,1608750.0,cpu_all#3
20976.096,batt.charge_uah,1608750.0,cpu_all#3
20977.303,batt.charge_uah,1608750.0,cpu_all#3
20977.343,batt.charge_uah,1608750.0,cpu_all#3
20978.544,batt.charge_uah,1608750.0,cpu_all#3
20978.576,batt.charge_uah,1608750.0,cpu_all#3
20978.676,batt.charge_uah,1608750.0,cpu_all#3
20979.980,batt.charge_uah,1608750.0,cpu_all#3
20980.022,batt.charge_uah,1608750.0,cpu_all#3
20980.122,batt.charge_uah,1608750.0,cpu_all#3
20981.434,batt.charge_uah,1608750.0,cpu_all#3
20981.460,batt.charge_uah,1608750.0,cpu_all#3
20982.822,batt.charge_uah,1608750.0,cpu_all#3
20982.841,batt.charge_uah,1608750.0,cpu_all#3
20982.941,batt.charge_uah,1608750.0,cpu_all#3
20984.120,batt.charge_uah,1608750.0,cpu_all#3
20984.177,batt.charge_uah,1608750.0,cpu_all#3
20985.502,batt.charge_uah,1608750.0,cpu_all#3
20985.549,batt.charge_uah,1608750.0,cpu_all#3
20986.713,batt.charge_uah,1608750.0,cpu_all#3
20986.763,batt.charge_uah,1608750.0,cpu_all#3
20986.861,batt.charge_uah,1608750.0,cpu_all#3
20986.961,batt.charge_uah,1608750.0,cpu_all#3
20988.218,batt.charge_uah,1608750.0,cpu_all#3
20988.254,batt.charge_uah,1608750.0,cpu_all#3
20989.587,batt.charge_uah,1608750.0,cpu_all#3
20989.604,batt.charge_uah,1608750.0,cpu_all#3
20989.704,batt.charge_uah,1608750.0,cpu_all#3
20989.804,batt.charge_uah,1608750.0,cpu_all#3
20991.016,batt.charge_uah,1608750.0,cpu_all#3
20991.024,batt.charge_uah,1608750.0,cpu_all#3
20991.124,batt.charge_uah,1608750.0,cpu_all#3
20992.312,batt.charge_uah,1608750.0,cpu_all#3
20992.355,batt.charge_uah,1608750.0,cpu_all#3
20993.687,batt.charge_uah,1608750.0,cpu_all#3
20993.711,batt.charge_uah,1608750.0,cpu_all#3
20993.811,batt.charge_uah,1608750.0,cpu_all#3
20995.169,batt.charge_uah,1608750.0,cpu_all#3
20995.187,batt.charge_uah,1608750.0,cpu_all#3
20995.287,batt.charge_uah,1608750.0,cpu_all#3
20995.387,batt.charge_uah,1608750.0,cpu_all#3
20996.645,batt.charge_uah,1608750.0,cpu_all#3
20996.719,batt.charge_uah,1608750.0,cpu_all#3
20998.026,batt.charge_uah,1608750.0,cpu_all#3
20998.085,batt.charge_uah,1608750.0,cpu_all#3
20999.401,batt.charge_uah,1608750.0,cpu_all#3
20999.446,batt.charge_uah,1608750.0,cpu_all#3
20999.546,batt.charge_uah,1608750.0,cpu_all#3
21000.895,batt.charge_uah,1608750.0,cpu_all#3
21000.947,batt.charge_uah,1608750.0,cpu_all#3
21001.047,batt.charge_uah,1608750.0,cpu_all#3
21002.325,batt.charge_uah,1608750.0,cpu_all#3
21002.376,batt.charge_uah,1608750.0,cpu_all#3
21003.720,batt.charge_uah,1608750.0,cpu_all#3
21003.743,batt.charge_uah,1608750.0,cpu_all#3
21003.834,batt.charge_uah,1608750.0,cpu_all#3
21003.934,batt.charge_uah,1608750.0,cpu_all#3
21005.214,batt.charge_uah,1608750.0,cpu_all#3
21005.255,batt.charge_uah,1608750.0,cpu_all#3
21006.019,batt.charge_uah,1608750.0,cpu_all#3
21006.074,batt.charge_uah,1608750.0,cpu_all#3
21006.174,batt.charge_uah,1608750.0,cpu_all#3
21006.275,batt.charge_uah,1608750.0,
21006.374,batt.charge_uah,1608750.0,
21007.637,batt.charge_uah,1608750.0,
21007.732,batt.charge_uah,1608750.0,
21009.062,batt.charge_uah,1608750.0,
21009.088,batt.charge_uah,1608750.0,
21009.188,batt.charge_uah,1608750.0,
21010.525,batt.charge_uah,1608750.0,
21010.547,batt.charge_uah,1608750.0,
21010.647,batt.charge_uah,1608750.0,
21011.920,batt.charge_uah,1608750.0,
21011.973,batt.charge_uah,1608750.0,
21012.029,batt.charge_uah,1608750.0,
21013.345,batt.charge_uah,1608750.0,
21013.386,batt.charge_uah,1608750.0,
21013.485,batt.charge_uah,1608750.0,
21014.794,batt.charge_uah,1608750.0,
21014.879,batt.charge_uah,1608750.0,
21016.078,batt.charge_uah,1608750.0,
21016.128,batt.charge_uah,1608750.0,
21017.277,batt.charge_uah,1608750.0,
21017.333,batt.charge_uah,1608750.0,
21017.433,batt.charge_uah,1608750.0,
21018.729,batt.charge_uah,1608750.0,
21018.753,batt.charge_uah,1608750.0,
21020.109,batt.charge_uah,1608750.0,
21020.128,batt.charge_uah,1608750.0,
21020.228,batt.charge_uah,1608750.0,
21021.543,batt.charge_uah,1608750.0,
21021.577,batt.charge_uah,1608750.0,
21021.677,batt.charge_uah,1608750.0,
21023.020,batt.charge_uah,1608750.0,
21023.058,batt.charge_uah,1608750.0,
21023.156,batt.charge_uah,1608750.0,
21024.448,batt.charge_uah,1608750.0,
21024.481,batt.charge_uah,1608750.0,
21024.581,batt.charge_uah,1608750.0,
21025.845,batt.charge_uah,1608750.0,
21025.865,batt.charge_uah,1608750.0,
21025.965,batt.charge_uah,1608750.0,
21026.886,batt.charge_uah,1608750.0,
21026.922,batt.charge_uah,1608750.0,
21027.039,batt.charge_uah,1608750.0,
21027.124,batt.charge_uah,1608750.0,
21028.277,batt.charge_uah,1608750.0,
21028.312,batt.charge_uah,1608750.0,
21028.412,batt.charge_uah,1608750.0,
21029.587,batt.charge_uah,1608750.0,
21029.629,batt.charge_uah,1608750.0,
20194.117,batt.current_ua,-1504.0,
20194.206,batt.current_ua,-1504.0,
20194.306,batt.current_ua,-1531.0,
20194.406,batt.current_ua,-1531.0,
20194.506,batt.current_ua,-1435.0,
20194.606,batt.current_ua,-1435.0,
20194.707,batt.current_ua,-1435.0,
20194.806,batt.current_ua,-1484.0,
20194.906,batt.current_ua,-1484.0,
20195.006,batt.current_ua,-1451.0,
20195.106,batt.current_ua,-1451.0,
20195.207,batt.current_ua,-1460.0,
20195.306,batt.current_ua,-1460.0,
20195.406,batt.current_ua,-1546.0,
20195.507,batt.current_ua,-1399.0,
20195.606,batt.current_ua,-1399.0,
20195.706,batt.current_ua,-1477.0,
20195.807,batt.current_ua,-1477.0,
20195.906,batt.current_ua,-1489.0,
20196.006,batt.current_ua,-1489.0,
20196.107,batt.current_ua,-1451.0,
20196.410,batt.current_ua,-229.0,
20196.418,batt.current_ua,-229.0,
20197.624,batt.current_ua,-254.0,
20197.672,batt.current_ua,-254.0,
20197.772,batt.current_ua,-1440.0,
20199.129,batt.current_ua,-282.0,
20199.153,batt.current_ua,-282.0,
20200.485,batt.current_ua,-35.0,
20200.516,batt.current_ua,-35.0,
20200.617,batt.current_ua,-1492.0,
20201.950,batt.current_ua,-25.0,
20202.046,batt.current_ua,-1241.0,
20203.359,batt.current_ua,-7.0,
20203.380,batt.current_ua,-7.0,
20203.481,batt.current_ua,-819.0,
20204.823,batt.current_ua,-296.0,
20204.841,batt.current_ua,-296.0,
20204.942,batt.current_ua,-296.0,
20206.272,batt.current_ua,-239.0,
20206.277,batt.current_ua,-239.0,
20206.376,batt.current_ua,-239.0,
20207.668,batt.current_ua,-221.0,
20207.676,batt.current_ua,-221.0,
20208.902,batt.current_ua,-273.0,
20208.914,batt.current_ua,-273.0,
20210.124,batt.current_ua,-236.0,
20210.152,batt.current_ua,-236.0,
20210.252,batt.current_ua,-2193.0,
20211.549,batt.current_ua,-17.0,
20211.581,batt.current_ua,-17.0,
20213.170,batt.current_ua,-2.0,
20213.204,batt.current_ua,-2.0,
20213.305,batt.current_ua,-1371.0,
20214.487,batt.current_ua,-1196.0,
20214.532,batt.current_ua,-1196.0,
20214.617,batt.current_ua,-1196.0,
20214.718,batt.current_ua,-2263.0,
20214.817,batt.current_ua,-2179.0,
20214.925,batt.current_ua,-2179.0,
20215.017,batt.current_ua,-2194.0,idle#0
20215.118,batt.current_ua,-2194.0,idle#0
20215.218,batt.current_ua,-2261.0,idle#0
20215.317,batt.current_ua,-2261.0,idle#0
20215.428,batt.current_ua,-3081.0,idle#0
20215.517,batt.current_ua,-3006.0,idle#0
20215.617,batt.current_ua,-3006.0,idle#0
20215.718,batt.current_ua,-2855.0,idle#0
20215.817,batt.current_ua,-2855.0,idle#0
20215.918,batt.current_ua,-2663.0,idle#0
20216.018,batt.current_ua,-2663.0,idle#0
20216.118,batt.current_ua,-2405.0,idle#0
20216.478,batt.current_ua,-10.0,idle#0
20216.507,batt.current_ua,-10.0,idle#0
20216.606,batt.current_ua,-2885.0,idle#0
20217.943,batt.current_ua,0.0,idle#0
20218.007,batt.current_ua,-3151.0,idle#0
20219.161,batt.current_ua,-2.0,idle#0
20219.228,batt.current_ua,-2985.0,idle#0
20220.384,batt.current_ua,5.0,idle#0
20220.427,batt.current_ua,-3053.0,idle#0
20221.779,batt.current_ua,-17.0,idle#0
20221.879,batt.current_ua,-2851.0,idle#0
20223.035,batt.current_ua,-25.0,idle#0
20223.089,batt.current_ua,-2776.0,idle#0
20224.296,batt.current_ua,-3030.0,idle#0
20224.327,batt.current_ua,-3030.0,idle#0
20224.427,batt.current_ua,-3030.0,idle#0
20225.655,batt.current_ua,-10.0,idle#0
20225.690,batt.current_ua,-10.0,idle#0
20225.790,batt.current_ua,-1103.0,idle#0
20225.890,batt.current_ua,-2920.0,idle#0
20227.178,batt.current_ua,-234.0,idle#0
20227.218,batt.current_ua,-234.0,idle#0
20228.541,batt.current_ua,-285.0,idle#0
20228.557,batt.current_ua,-285.0,idle#0
20228.656,batt.current_ua,-285.0,idle#0
20229.966,batt.current_ua,-81.0,idle#0
20229.995,batt.current_ua,-81.0,idle#0
20230.094,batt.current_ua,-3019.0,idle#0
20231.276,batt.current_ua,-14.0,idle#0
20231.283,batt.current_ua,-14.0,idle#0
20232.634,batt.current_ua,-12.0,idle#0
20232.685,batt.current_ua,-12.0,idle#0
20232.784,batt.current_ua,-2992.0,idle#0
20234.143,batt.current_ua,-2420.0,idle#0
20234.171,batt.current_ua,-2420.0,idle#0
20234.271,batt.current_ua,-2420.0,idle#0
20235.524,batt.current_ua,-2295.0,idle#0
20235.581,batt.current_ua,-2295.0,idle#0
20236.939,batt.current_ua,-254.0,idle#0
20236.969,batt.current_ua,-254.0,idle#0
20238.163,batt.current_ua,-303.0,idle#0
20238.203,batt.current_ua,-303.0,idle#0
20239.362,batt.current_ua,-30.0,idle#0
20239.413,batt.current_ua,-392.0,idle#0
20240.625,batt.current_ua,-236.0,idle#0
20240.657,batt.current_ua,-236.0,idle#0
20240.756,batt.current_ua,-236.0,idle#0
20242.119,batt.current_ua,-226.0,idle#0
20242.157,batt.current_ua,-226.0,idle#0
20242.257,batt.current_ua,-2939.0,idle#0
20243.170,batt.current_ua,-244.0,idle#0
20243.205,batt.current_ua,-244.0,idle#0
20243.305,batt.current_ua,-2875.0,idle#0
20243.406,batt.current_ua,-2875.0,idle#0
20244.332,batt.current_ua,-246.0,idle#0
20244.349,batt.current_ua,-246.0,idle#0
20245.542,batt.current_ua,-305.0,idle#0
20245.582,batt.current_ua,-305.0,idle#0
20245.682,batt.current_ua,-305.0,idle#0
20247.021,batt.current_ua,-250.0,idle#0
20247.058,batt.current_ua,-250.0,idle#0
20248.239,batt.current_ua,-314.0,idle#0
20248.296,batt.current_ua,-314.0,idle#0
20249.491,batt.current_ua,-244.0,idle#0
20250.634,batt.current_ua,-239.0,idle#0
20250.672,batt.current_ua,-239.0,idle#0
20250.764,batt.current_ua,-239.0,idle#0
20252.109,batt.current_ua,-46.0,idle#0
20252.173,batt.current_ua,-46.0,idle#0
20253.514,batt.current_ua,-4.0,idle#0
20253.556,batt.current_ua,-4.0,idle#0
20253.655,batt.current_ua,-2960.0,idle#0
20255.001,batt.current_ua,-4.0,idle#0
20255.060,batt.current_ua,-2856.0,idle#0
20256.374,batt.current_ua,-7.0,idle#0
20256.429,batt.current_ua,-2378.0,idle#0
20257.618,batt.current_ua,7.0,idle#0
20257.638,batt.current_ua,7.0,idle#0
20258.829,batt.current_ua,-30.0,idle#0
20258.855,batt.current_ua,-30.0,idle#0
20258.955,batt.current_ua,-1788.0,idle#0
20260.051,batt.current_ua,-7.0,idle#0
20260.109,batt.current_ua,-2057.0,idle#0
20260.495,batt.current_ua,-234.0,idle#0
20260.530,batt.current_ua,-234.0,idle#0
20260.629,batt.current_ua,-234.0,idle#0
20260.808,batt.current_ua,-3227.0,
20260.830,batt.current_ua,-3227.0,
20260.930,batt.current_ua,-3227.0,
20261.030,batt.current_ua,-3265.0,
20262.175,batt.current_ua,0.0,
20263.330,batt.current_ua,-12.0,
20263.388,batt.current_ua,-12.0,
20263.488,batt.current_ua,-2957.0,
20264.630,batt.current_ua,-3036.0,
20264.859,batt.current_ua,-3036.0,
20266.079,batt.current_ua,-3148.0,
20266.162,batt.current_ua,-3148.0,
20267.512,batt.current_ua,-1811.0,
20267.542,batt.current_ua,-1811.0,
20268.892,batt.current_ua,-295.0,
20268.940,batt.current_ua,-295.0,
20270.087,batt.current_ua,7.0,
20270.156,batt.current_ua,-1356.0,
20271.354,batt.current_ua,-817.0,
20271.416,batt.current_ua,-817.0,
20272.601,batt.current_ua,-298.0,
20272.660,batt.current_ua,-298.0,
20273.839,batt.current_ua,-1015.0,
20273.902,batt.current_ua,-22.0,
20275.019,batt.current_ua,-22.0,
20275.064,batt.current_ua,-438.0,
20275.164,batt.current_ua,-438.0,
20276.308,batt.current_ua,-377.0,
20276.369,batt.current_ua,-377.0,
20277.535,batt.current_ua,-971.0,
20277.607,batt.current_ua,-971.0,
20278.953,batt.current_ua,-260.0,
20279.001,batt.current_ua,-260.0,
20280.208,batt.current_ua,-244.0,
20280.241,batt.current_ua,-244.0,
20281.436,batt.current_ua,-357.0,
20282.621,batt.current_ua,-242.0,
20282.676,batt.current_ua,-242.0,
20282.991,batt.current_ua,-7.0,
20283.058,batt.current_ua,-7.0,
20283.158,batt.current_ua,-3029.0,
20283.437,batt.current_ua,-203.0,
20283.478,batt.current_ua,-1907.0,
20283.675,batt.current_ua,-246.0,
20283.680,batt.current_ua,-246.0,
20283.780,batt.current_ua,-246.0,cpu1#0
20283.880,batt.current_ua,-3183.0,cpu1#0
20283.981,batt.current_ua,-3183.0,cpu1#0
20284.095,batt.current_ua,-3093.0,cpu1#0
20284.180,batt.current_ua,-3266.0,cpu1#0
20284.281,batt.current_ua,-3266.0,cpu1#0
20284.380,batt.current_ua,-2949.0,cpu1#0
20284.481,batt.current_ua,-2949.0,cpu1#0
20285.664,batt.current_ua,-20.0,cpu1#0
20285.720,batt.current_ua,-20.0,cpu1#0
20286.913,batt.current_ua,-28.0,cpu1#0
20286.960,batt.current_ua,-28.0,cpu1#0
20288.162,batt.current_ua,0.0,cpu1#0
20288.210,batt.current_ua,-2771.0,cpu1#0
20289.385,batt.current_ua,-4.0,cpu1#0
20289.427,batt.current_ua,-4.0,cpu1#0
20291.002,batt.current_ua,-2.0,cpu1#0
20291.047,batt.current_ua,-1036.0,cpu1#0
20292.239,batt.current_ua,-288.0,cpu1#0
20292.254,batt.current_ua,-288.0,cpu1#0
20292.354,batt.current_ua,-288.0,cpu1#0
20293.698,batt.current_ua,-267.0,cpu1#0
20293.711,batt.current_ua,-267.0,cpu1#0
20294.901,batt.current_ua,-395.0,cpu1#0
20294.955,batt.current_ua,-395.0,cpu1#0
20295.055,batt.current_ua,-3021.0,cpu1#0
20296.384,batt.current_ua,-89.0,cpu1#0
20296.404,batt.current_ua,-89.0,cpu1#0
20296.504,batt.current_ua,-2932.0,cpu1#0
20297.847,batt.current_ua,15.0,cpu1#0
20297.868,batt.current_ua,-3011.0,cpu1#0
20299.212,batt.current_ua,-22.0,cpu1#0
20299.233,batt.current_ua,-22.0,cpu1#0
20299.333,batt.current_ua,-2775.0,cpu1#0
20300.637,batt.current_ua,0.0,cpu1#0
20300.713,batt.current_ua,-1887.0,cpu1#0
20300.764,batt.current_ua,-1887.0,cpu1#0
20301.921,batt.current_ua,-1191.0,cpu1#0
20301.946,batt.current_ua,-1191.0,cpu1#0
20302.045,batt.current_ua,-1191.0,cpu1#0
20303.110,batt.current_ua,-22.0,cpu1#0
20303.199,batt.current_ua,-1533.0,cpu1#0
20304.541,batt.current_ua,-428.0,cpu1#0
20304.546,batt.current_ua,-428.0,cpu1#0
20305.760,batt.current_ua,-270.0,cpu1#0
20305.814,batt.current_ua,-270.0,cpu1#0
20305.914,batt.current_ua,-270.0,cpu1#0
20307.244,batt.current_ua,-232.0,cpu1#0
20307.286,batt.current_ua,-232.0,cpu1#0
20308.096,batt.current_ua,-592.0,cpu1#0
20308.136,batt.current_ua,-201.0,cpu1#0
20308.295,batt.current_ua,-201.0,cpu1#0
20308.338,batt.current_ua,-201.0,cpu1#0
20308.438,batt.current_ua,-3081.0,cpu1#0
20308.538,batt.current_ua,-3081.0,cpu1#0
20309.500,batt.current_ua,-259.0,cpu1#0
20309.534,batt.current_ua,-259.0,cpu1#0
20309.638,batt.current_ua,-3135.0,cpu1#0
20310.936,batt.current_ua,-333.0,cpu1#0
20312.082,batt.current_ua,-282.0,cpu1#0
20312.135,batt.current_ua,-282.0,cpu1#0
20312.234,batt.current_ua,-282.0,cpu1#0
20313.556,batt.current_ua,-218.0,cpu1#0
20313.611,batt.current_ua,-218.0,cpu1#0
20314.797,batt.current_ua,-199.0,cpu1#0
20314.849,batt.current_ua,-199.0,cpu1#0
20316.053,batt.current_ua,-163.0,cpu1#0
20316.111,batt.current_ua,-163.0,cpu1#0
20317.442,batt.current_ua,0.0,cpu1#0
20317.499,batt.current_ua,0.0,cpu1#0
20317.600,batt.current_ua,-3093.0,cpu1#0
20318.909,batt.current_ua,2.0,cpu1#0
20318.950,batt.current_ua,-2752.0,cpu1#0
20320.118,batt.current_ua,-14.0,cpu1#0
20320.158,batt.current_ua,-2969.0,cpu1#0
20321.369,batt.current_ua,-17.0,cpu1#0
20321.392,batt.current_ua,-3039.0,cpu1#0
20321.492,batt.current_ua,-3039.0,cpu1#0
20322.806,batt.current_ua,-2701.0,cpu1#0
20322.831,batt.current_ua,-2701.0,cpu1#0
20322.932,batt.current_ua,-2701.0,cpu1#0
20324.241,batt.current_ua,-359.0,cpu1#0
20324.288,batt.current_ua,-359.0,cpu1#0
20324.587,batt.current_ua,-76.0,cpu1#0
20324.610,batt.current_ua,-76.0,cpu1#0
20324.710,batt.current_ua,-76.0,cpu1#0
20325.003,batt.current_ua,-203.0,cpu1#0
20325.038,batt.current_ua,-203.0,cpu1#0
20325.138,batt.current_ua,-2810.0,cpu1#0
20325.251,batt.current_ua,-3176.0,cpu1#0
20325.338,batt.current_ua,-3176.0,cpu1#0
20325.438,batt.current_ua,-2899.0,cpu1#0
20326.279,batt.current_ua,-4.0,cpu1#0
20326.320,batt.current_ua,-2982.0,cpu1#0
20326.427,batt.current_ua,-2982.0,cpu1#0
20326.521,batt.current_ua,-3192.0,cpu1#0
20326.852,batt.current_ua,-336.0,cpu1#0
20326.910,batt.current_ua,-336.0,cpu1#0
20327.696,batt.current_ua,0.0,cpu1#0
20327.753,batt.current_ua,-2938.0,cpu1#0
20328.948,batt.current_ua,-2632.0,cpu1#0
20329.008,batt.current_ua,-2632.0,cpu1#0
20329.527,batt.current_ua,-226.0,cpu1#0
20329.578,batt.current_ua,-226.0,cpu1#0
20329.679,batt.current_ua,-3040.0,cpu1#0
20329.975,batt.current_ua,-438.0,
20330.025,batt.current_ua,-3217.0,
20330.125,batt.current_ua,-3217.0,
20331.359,batt.current_ua,-7.0,
20331.385,batt.current_ua,-7.0,
20331.485,batt.current_ua,-2157.0,
20332.854,batt.current_ua,-247.0,
20332.864,batt.current_ua,-247.0,
20332.964,batt.current_ua,-247.0,
20334.202,batt.current_ua,-334.0,
20334.230,batt.current_ua,-334.0,
20334.318,batt.current_ua,-334.0,
20334.418,batt.current_ua,-3125.0,
20335.691,batt.current_ua,-352.0,
20335.730,batt.current_ua,-352.0,
20336.945,batt.current_ua,-315.0,
20336.967,batt.current_ua,-315.0,
20338.128,batt.current_ua,-395.0,
20338.195,batt.current_ua,-395.0,
20339.359,batt.current_ua,-443.0,
20339.417,batt.current_ua,-443.0,
20340.606,batt.current_ua,-267.0,
20340.661,batt.current_ua,-267.0,
20341.850,batt.current_ua,-428.0,
20341.874,batt.current_ua,-428.0,
20341.973,batt.current_ua,-2934.0,
20343.300,batt.current_ua,-17.0,
20343.318,batt.current_ua,-17.0,
20344.525,batt.current_ua,20.0,
20344.559,batt.current_ua,20.0,
20345.671,batt.current_ua,-22.0,
20345.697,batt.current_ua,-22.0,
20345.785,batt.current_ua,-22.0,
20346.949,batt.current_ua,-4.0,
20346.992,batt.current_ua,-4.0,
20348.207,batt.current_ua,-17.0,
20348.244,batt.current_ua,-17.0,
20349.590,batt.current_ua,-12.0,
20349.605,batt.current_ua,-12.0,
20349.704,batt.current_ua,-2885.0,
20350.462,batt.current_ua,-270.0,
20350.506,batt.current_ua,-270.0,
20350.606,batt.current_ua,-3074.0,
20351.849,batt.current_ua,-7.0,
20351.911,batt.current_ua,-7.0,
20352.014,batt.current_ua,-2896.0,
20352.197,batt.current_ua,-257.0,
20352.211,batt.current_ua,-257.0,
20352.311,batt.current_ua,-3137.0,
20352.486,batt.current_ua,-191.0,
20352.520,batt.current_ua,-191.0,
20352.613,batt.current_ua,-191.0,cpu_all#0
20352.713,batt.current_ua,-3307.0,cpu_all#0
20352.813,batt.current_ua,-2744.0,cpu_all#0
20352.914,batt.current_ua,-2744.0,cpu_all#0
20353.013,batt.current_ua,-2715.0,cpu_all#0
20353.114,batt.current_ua,-2715.0,cpu_all#0
20353.214,batt.current_ua,-2629.0,cpu_all#0
20353.313,batt.current_ua,-2629.0,cpu_all#0
20353.413,batt.current_ua,-2432.0,cpu_all#0
20353.513,batt.current_ua,-2432.0,cpu_all#0
20353.613,batt.current_ua,-2430.0,cpu_all#0
20353.713,batt.current_ua,-2353.0,cpu_all#0
20353.813,batt.current_ua,-2353.0,cpu_all#0
20353.913,batt.current_ua,-2078.0,cpu_all#0
20354.013,batt.current_ua,-2078.0,cpu_all#0
20355.311,batt.current_ua,-290.0,cpu_all#0
20355.343,batt.current_ua,-290.0,cpu_all#0
20356.555,batt.current_ua,-280.0,cpu_all#0
20356.585,batt.current_ua,-280.0,cpu_all#0
20358.204,batt.current_ua,-14.0,cpu_all#0
20358.226,batt.current_ua,-14.0,cpu_all#0
20359.422,batt.current_ua,-12.0,cpu_all#0
20359.452,batt.current_ua,-12.0,cpu_all#0
20359.553,batt.current_ua,-2932.0,cpu_all#0
20360.879,batt.current_ua,-2.0,cpu_all#0
20360.930,batt.current_ua,-2214.0,cpu_all#0
20362.283,batt.current_ua,-22.0,cpu_all#0
20362.294,batt.current_ua,-1227.0,cpu_all#0
20362.395,batt.current_ua,-1227.0,cpu_all#0
20363.706,batt.current_ua,-218.0,cpu_all#0
20363.767,batt.current_ua,-218.0,cpu_all#0
20364.964,batt.current_ua,-209.0,cpu_all#0
20365.012,batt.current_ua,-209.0,cpu_all#0
20366.185,batt.current_ua,-203.0,cpu_all#0
20366.235,batt.current_ua,-203.0,cpu_all#0
20367.403,batt.current_ua,-214.0,cpu_all#0
20367.458,batt.current_ua,-214.0,cpu_all#0
20368.639,batt.current_ua,-191.0,cpu_all#0
20368.683,batt.current_ua,-191.0,cpu_all#0
20369.883,batt.current_ua,-196.0,cpu_all#0
20369.935,batt.current_ua,-196.0,cpu_all#0
20371.094,batt.current_ua,-229.0,cpu_all#0
20371.131,batt.current_ua,-229.0,cpu_all#0
20372.335,batt.current_ua,-252.0,cpu_all#0
20372.395,batt.current_ua,-252.0,cpu_all#0
20372.495,batt.current_ua,-3052.0,cpu_all#0
20373.812,batt.current_ua,-244.0,cpu_all#0
20373.845,batt.current_ua,-244.0,cpu_all#0
20373.945,batt.current_ua,-2952.0,cpu_all#0
20375.205,batt.current_ua,-32.0,cpu_all#0
20375.211,batt.current_ua,-32.0,cpu_all#0
20375.308,batt.current_ua,-3021.0,cpu_all#0
20376.641,batt.current_ua,-10.0,cpu_all#0
20376.740,batt.current_ua,-3005.0,cpu_all#0
20378.079,batt.current_ua,-4.0,cpu_all#0
20378.107,batt.current_ua,-2852.0,cpu_all#0
20378.207,batt.current_ua,-2852.0,cpu_all#0
20379.528,batt.current_ua,-1010.0,cpu_all#0
20379.543,batt.current_ua,-1010.0,cpu_all#0
20380.698,batt.current_ua,-7.0,cpu_all#0
20380.751,batt.current_ua,-642.0,cpu_all#0
20380.851,batt.current_ua,-642.0,cpu_all#0
20382.180,batt.current_ua,-234.0,cpu_all#0
20382.215,batt.current_ua,-234.0,cpu_all#0
20382.316,batt.current_ua,-3149.0,cpu_all#0
20382.416,batt.current_ua,-3149.0,cpu_all#0
20383.601,batt.current_ua,-290.0,cpu_all#0
20383.658,batt.current_ua,-290.0,cpu_all#0
20383.758,batt.current_ua,-3149.0,cpu_all#0
20385.057,batt.current_ua,-40.0,cpu_all#0
20385.094,batt.current_ua,-40.0,cpu_all#0
20386.449,batt.current_ua,2.0,cpu_all#0
20386.484,batt.current_ua,2.0,cpu_all#0
20387.691,batt.current_ua,5.0,cpu_all#0
20387.722,batt.current_ua,5.0,cpu_all#0
20387.822,batt.current_ua,-2900.0,cpu_all#0
20389.099,batt.current_ua,-20.0,cpu_all#0
20389.143,batt.current_ua,-20.0,cpu_all#0
20390.359,batt.current_ua,-4.0,cpu_all#0
20390.395,batt.current_ua,-1932.0,cpu_all#0
20390.495,batt.current_ua,-1932.0,cpu_all#0
20391.558,batt.current_ua,5.0,cpu_all#0
20391.598,batt.current_ua,5.0,cpu_all#0
20392.800,batt.current_ua,-7.0,cpu_all#0
20392.859,batt.current_ua,-2874.0,cpu_all#0
20393.105,batt.current_ua,-180.0,cpu_all#0
20393.160,batt.current_ua,-180.0,cpu_all#0
20393.260,batt.current_ua,-2978.0,cpu_all#0
20393.360,batt.current_ua,-2978.0,cpu_all#0
20394.281,batt.current_ua,-1328.0,cpu_all#0
20394.322,batt.current_ua,-1328.0,cpu_all#0
20394.422,batt.current_ua,-1328.0,cpu_all#0
20395.729,batt.current_ua,-280.0,cpu_all#0
20395.772,batt.current_ua,-280.0,cpu_all#0
20395.872,batt.current_ua,-3067.0,cpu_all#0
20397.147,batt.current_ua,-239.0,cpu_all#0
20397.173,batt.current_ua,-239.0,cpu_all#0
20397.274,batt.current_ua,-2957.0,cpu_all#0
20398.167,batt.current_ua,-246.0,cpu_all#0
20398.212,batt.current_ua,-246.0,cpu_all#0
20398.415,batt.current_ua,-3137.0,cpu_all#0
20398.509,batt.current_ua,-3066.0,cpu_all#0
20398.609,batt.current_ua,-3066.0,
20399.784,batt.current_ua,-119.0,
20399.833,batt.current_ua,-119.0,
20399.933,batt.current_ua,-3132.0,
20401.250,batt.current_ua,12.0,
20401.277,batt.current_ua,-3064.0,
20402.613,batt.current_ua,-12.0,
20402.629,batt.current_ua,-12.0,
20403.833,batt.current_ua,-4.0,
20403.882,batt.current_ua,-4.0,
20403.982,batt.current_ua,-2938.0,
20405.312,batt.current_ua,5.0,
20405.350,batt.current_ua,-2010.0,
20405.451,batt.current_ua,-2010.0,
20406.781,batt.current_ua,-250.0,
20406.819,batt.current_ua,-250.0,
20407.973,batt.current_ua,-247.0,
20408.026,batt.current_ua,-247.0,
20408.127,batt.current_ua,-3006.0,
20409.434,batt.current_ua,-216.0,
20409.467,batt.current_ua,-216.0,
20410.826,batt.current_ua,-68.0,
20410.877,batt.current_ua,-68.0,
20412.048,batt.current_ua,-129.0,
20412.094,batt.current_ua,-129.0,
20412.193,batt.current_ua,-2730.0,
20412.293,batt.current_ua,-2730.0,
20413.538,batt.current_ua,12.0,
20413.570,batt.current_ua,-2807.0,
20414.913,batt.current_ua,-10.0,
20414.940,batt.current_ua,-10.0,
20416.147,batt.current_ua,-10.0,
20416.171,batt.current_ua,-10.0,
20416.572,batt.current_ua,-196.0,
20416.602,batt.current_ua,-196.0,
20416.702,batt.current_ua,-196.0,
20417.630,batt.current_ua,-1545.0,
20418.813,batt.current_ua,-2.0,
20418.851,batt.current_ua,-958.0,
20418.952,batt.current_ua,-958.0,
20419.059,batt.current_ua,-2382.0,
20419.152,batt.current_ua,-2382.0,
20419.258,batt.current_ua,-3121.0,
20419.352,batt.current_ua,-3121.0,
20419.451,batt.current_ua,-3335.0,
20419.551,batt.current_ua,-3016.0,idle#1
20419.652,batt.current_ua,-3016.0,idle#1
20419.758,batt.current_ua,-2821.0,idle#1
20419.852,batt.current_ua,-2821.0,idle#1
20419.952,batt.current_ua,-2721.0,idle#1
20420.051,batt.current_ua,-2721.0,idle#1
20420.152,batt.current_ua,-2715.0,idle#1
20420.251,batt.current_ua,-2601.0,idle#1
20420.351,batt.current_ua,-2601.0,idle#1
20420.452,batt.current_ua,-2314.0,idle#1
20420.551,batt.current_ua,-2314.0,idle#1
20421.111,batt.current_ua,-12.0,idle#1
20421.126,batt.current_ua,-3253.0,idle#1
20422.472,batt.current_ua,-22.0,idle#1
20422.482,batt.current_ua,-22.0,idle#1
20422.575,batt.current_ua,-1596.0,idle#1
20423.786,batt.current_ua,-1178.0,idle#1
20423.823,batt.current_ua,-1178.0,idle#1
20425.006,batt.current_ua,-907.0,idle#1
20425.055,batt.current_ua,-907.0,idle#1
20425.155,batt.current_ua,-3113.0,idle#1
20426.399,batt.current_ua,-400.0,idle#1
20426.405,batt.current_ua,-400.0,idle#1
20426.504,batt.current_ua,-400.0,idle#1
20427.847,batt.current_ua,-290.0,idle#1
20427.892,batt.current_ua,-290.0,idle#1
20429.091,batt.current_ua,-307.0,idle#1
20429.115,batt.current_ua,-307.0,idle#1
20430.282,batt.current_ua,-278.0,idle#1
20430.307,batt.current_ua,-278.0,idle#1
20430.408,batt.current_ua,-278.0,idle#1
20431.575,batt.current_ua,-227.0,idle#1
20431.638,batt.current_ua,-227.0,idle#1
20432.943,batt.current_ua,-155.0,idle#1
20432.965,batt.current_ua,-155.0,idle#1
20433.064,batt.current_ua,-2837.0,idle#1
20433.165,batt.current_ua,-2837.0,idle#1
20434.431,batt.current_ua,-14.0,idle#1
20435.603,batt.current_ua,7.0,idle#1
20435.655,batt.current_ua,7.0,idle#1
20435.754,batt.current_ua,-2931.0,idle#1
20437.095,batt.current_ua,-2807.0,idle#1
20437.138,batt.current_ua,-2807.0,idle#1
20438.486,batt.current_ua,5.0,idle#1
20438.492,batt.current_ua,5.0,idle#1
20438.590,batt.current_ua,-1566.0,idle#1
20438.690,batt.current_ua,-3108.0,idle#1
20439.953,batt.current_ua,-354.0,idle#1
20439.999,batt.current_ua,-354.0,idle#1
20440.349,batt.current_ua,-254.0,idle#1
20440.418,batt.current_ua,-254.0,idle#1
20441.205,batt.current_ua,-446.0,idle#1
20442.349,batt.current_ua,-14.0,idle#1
20442.390,batt.current_ua,-343.0,idle#1
20443.608,batt.current_ua,-260.0,idle#1
20443.612,batt.current_ua,-260.0,idle#1
20443.712,batt.current_ua,-260.0,idle#1
20443.812,batt.current_ua,-3078.0,idle#1
20445.064,batt.current_ua,-206.0,idle#1
20445.095,batt.current_ua,-206.0,idle#1
20446.453,batt.current_ua,-249.0,idle#1
20446.476,batt.current_ua,-249.0,idle#1
20446.576,batt.current_ua,-2985.0,idle#1
20447.886,batt.current_ua,-7.0,idle#1
20447.923,batt.current_ua,-7.0,idle#1
20448.023,batt.current_ua,-2935.0,idle#1
20449.315,batt.current_ua,-12.0,idle#1
20449.341,batt.current_ua,-12.0,idle#1
20449.439,batt.current_ua,-2914.0,idle#1
20450.815,batt.current_ua,-2137.0,idle#1
20450.827,batt.current_ua,-2137.0,idle#1
20450.927,batt.current_ua,-2137.0,idle#1
20452.184,batt.current_ua,-14.0,idle#1
20452.218,batt.current_ua,-209.0,idle#1
20452.317,batt.current_ua,-209.0,idle#1
20453.628,batt.current_ua,-247.0,idle#1
20453.654,batt.current_ua,-247.0,idle#1
20453.755,batt.current_ua,-247.0,idle#1
20454.646,batt.current_ua,-14.0,idle#1
20454.692,batt.current_ua,-272.0,idle#1
20454.793,batt.current_ua,-272.0,idle#1
20454.893,batt.current_ua,-3064.0,idle#1
20455.097,batt.current_ua,-142.0,idle#1
20455.193,batt.current_ua,-3092.0,idle#1
20456.060,batt.current_ua,-247.0,idle#1
20456.089,batt.current_ua,-247.0,idle#1
20456.190,batt.current_ua,-247.0,idle#1
20457.376,batt.current_ua,-313.0,idle#1
20457.420,batt.current_ua,-313.0,idle#1
20458.330,batt.current_ua,-22.0,idle#1
20458.376,batt.current_ua,-627.0,idle#1
20459.535,batt.current_ua,-14.0,idle#1
20459.578,batt.current_ua,-333.0,idle#1
20459.677,batt.current_ua,-333.0,idle#1
20459.777,batt.current_ua,-2859.0,idle#1
20461.013,batt.current_ua,-257.0,idle#1
20461.026,batt.current_ua,-257.0,idle#1
20461.126,batt.current_ua,-257.0,idle#1
20462.479,batt.current_ua,-372.0,idle#1
20462.579,batt.current_ua,-3038.0,idle#1
20463.922,batt.current_ua,5.0,idle#1
20463.971,batt.current_ua,-3004.0,idle#1
20465.279,batt.current_ua,17.0,idle#1
20465.314,batt.current_ua,17.0,idle#1
20465.415,batt.current_ua,-3045.0,idle#1
20465.515,batt.current_ua,-3045.0,
20466.706,batt.current_ua,-7.0,
20466.732,batt.current_ua,-7.0,
20466.832,batt.current_ua,-2934.0,
20468.013,batt.current_ua,-2567.0,
20468.050,batt.current_ua,-2567.0,
20469.225,batt.current_ua,-7.0,
20469.260,batt.current_ua,-2011.0,
20469.360,batt.current_ua,-2011.0,
20470.657,batt.current_ua,-941.0,
20470.681,batt.current_ua,-941.0,
20470.781,batt.current_ua,-941.0,
20472.101,batt.current_ua,-232.0,
20472.135,batt.current_ua,-232.0,
20473.444,batt.current_ua,-336.0,
20473.512,batt.current_ua,-336.0,
20473.612,batt.current_ua,-336.0,
20474.757,batt.current_ua,-407.0,
20475.937,batt.current_ua,-382.0,
20475.989,batt.current_ua,-382.0,
20476.089,batt.current_ua,-3011.0,
20477.411,batt.current_ua,-17.0,
20477.430,batt.current_ua,-17.0,
20477.530,batt.current_ua,-2857.0,
20478.855,batt.current_ua,-4.0,
20478.881,batt.current_ua,-4.0,
20480.033,batt.current_ua,-25.0,
20480.082,batt.current_ua,-25.0,
20480.183,batt.current_ua,-2868.0,
20481.532,batt.current_ua,-2774.0,
20481.559,batt.current_ua,-2774.0,
20482.649,batt.current_ua,-292.0,
20482.674,batt.current_ua,-292.0,
20483.933,batt.current_ua,-10.0,
20483.985,batt.current_ua,-2092.0,
20484.086,batt.current_ua,-2092.0,
20485.393,batt.current_ua,-1111.0,
20485.439,batt.current_ua,-1111.0,
20485.539,batt.current_ua,-1111.0,
20485.700,batt.current_ua,-3058.0,
20485.739,batt.current_ua,-2859.0,
20485.839,batt.current_ua,-2859.0,
20486.992,batt.current_ua,-244.0,
20487.050,batt.current_ua,-244.0,
20487.149,batt.current_ua,-3075.0,
20487.250,batt.current_ua,-3075.0,
20487.437,batt.current_ua,-1539.0,cpu1#1
20487.449,batt.current_ua,-1539.0,cpu1#1
20487.550,batt.current_ua,-3200.0,cpu1#1
20487.649,batt.current_ua,-3200.0,cpu1#1
20487.834,batt.current_ua,-3090.0,cpu1#1
20487.850,batt.current_ua,-3243.0,cpu1#1
20487.950,batt.current_ua,-3243.0,cpu1#1
20488.050,batt.current_ua,-2762.0,cpu1#1
20488.150,batt.current_ua,-2762.0,cpu1#1
20488.250,batt.current_ua,-2457.0,cpu1#1
20489.030,batt.current_ua,-10.0,cpu1#1
20489.066,batt.current_ua,-2556.0,cpu1#1
20490.281,batt.current_ua,0.0,cpu1#1
20490.321,batt.current_ua,-1796.0,cpu1#1
20490.421,batt.current_ua,-1796.0,cpu1#1
20491.757,batt.current_ua,-331.0,cpu1#1
20491.818,batt.current_ua,-331.0,cpu1#1
20492.983,batt.current_ua,-257.0,cpu1#1
20493.026,batt.current_ua,-257.0,cpu1#1
20494.222,batt.current_ua,-262.0,cpu1#1
20494.267,batt.current_ua,-262.0,cpu1#1
20495.597,batt.current_ua,-229.0,cpu1#1
20495.625,batt.current_ua,-229.0,cpu1#1
20495.725,batt.current_ua,-229.0,cpu1#1
20497.049,batt.current_ua,-7.0,cpu1#1
20497.075,batt.current_ua,-7.0,cpu1#1
20497.173,batt.current_ua,-3048.0,cpu1#1
20498.464,batt.current_ua,-25.0,cpu1#1
20498.483,batt.current_ua,-25.0,cpu1#1
20498.579,batt.current_ua,-3064.0,cpu1#1
20499.905,batt.current_ua,-25.0,cpu1#1
20499.923,batt.current_ua,-25.0,cpu1#1
20500.023,batt.current_ua,-1918.0,cpu1#1
20501.420,batt.current_ua,-931.0,cpu1#1
20501.467,batt.current_ua,-931.0,cpu1#1
20501.570,batt.current_ua,-2964.0,cpu1#1
20501.663,batt.current_ua,-2964.0,cpu1#1
20501.763,batt.current_ua,-3160.0,cpu1#1
20501.863,batt.current_ua,-3160.0,cpu1#1
20501.964,batt.current_ua,-3228.0,cpu1#1
20502.799,batt.current_ua,-262.0,cpu1#1
20502.823,batt.current_ua,-262.0,cpu1#1
20502.926,batt.current_ua,-262.0,cpu1#1
20503.022,batt.current_ua,-3317.0,cpu1#1
20504.205,batt.current_ua,-300.0,cpu1#1
20504.256,batt.current_ua,-300.0,cpu1#1
20504.356,batt.current_ua,-3185.0,cpu1#1
20505.696,batt.current_ua,-22.0,cpu1#1
20505.747,batt.current_ua,-3173.0,cpu1#1
20506.905,batt.current_ua,-14.0,cpu1#1
20506.969,batt.current_ua,-14.0,cpu1#1
20508.128,batt.current_ua,-32.0,cpu1#1
20508.189,batt.current_ua,-32.0,cpu1#1
20509.356,batt.current_ua,-35.0,cpu1#1
20509.451,batt.current_ua,-2992.0,cpu1#1
20510.803,batt.current_ua,-10.0,cpu1#1
20510.848,batt.current_ua,-2914.0,cpu1#1
20511.968,batt.current_ua,0.0,cpu1#1
20511.996,batt.current_ua,0.0,cpu1#1
20512.089,batt.current_ua,-3039.0,cpu1#1
20512.187,batt.current_ua,-3039.0,cpu1#1
20513.439,batt.current_ua,5.0,cpu1#1
20513.475,batt.current_ua,-2697.0,cpu1#1
20513.575,batt.current_ua,-2697.0,cpu1#1
20514.916,batt.current_ua,-1598.0,cpu1#1
20514.958,batt.current_ua,-1598.0,cpu1#1
20516.299,batt.current_ua,-275.0,cpu1#1
20516.318,batt.current_ua,-275.0,cpu1#1
20516.418,batt.current_ua,-275.0,cpu1#1
20517.721,batt.current_ua,-225.0,cpu1#1
20517.777,batt.current_ua,-225.0,cpu1#1
20517.837,batt.current_ua,-225.0,cpu1#1
20518.370,batt.current_ua,-25.0,cpu1#1
20518.392,batt.current_ua,-2815.0,cpu1#1
20519.175,batt.current_ua,-66.0,cpu1#1
20519.222,batt.current_ua,-66.0,cpu1#1
20519.322,batt.current_ua,-3003.0,cpu1#1
20520.584,batt.current_ua,17.0,cpu1#1
20520.597,batt.current_ua,17.0,cpu1#1
20521.786,batt.current_ua,0.0,cpu1#1
20521.842,batt.current_ua,0.0,cpu1#1
20521.943,batt.current_ua,-2960.0,cpu1#1
20523.248,batt.current_ua,-7.0,cpu1#1
20523.300,batt.current_ua,-7.0,cpu1#1
20523.400,batt.current_ua,-3082.0,cpu1#1
20523.500,batt.current_ua,-3085.0,cpu1#1
20524.748,batt.current_ua,-2207.0,cpu1#1
20524.760,batt.current_ua,-2207.0,cpu1#1
20524.860,batt.current_ua,-2207.0,cpu1#1
20525.324,batt.current_ua,-78.0,cpu1#1
20525.373,batt.current_ua,-78.0,cpu1#1
20525.474,batt.current_ua,-3129.0,cpu1#1
20525.956,batt.current_ua,-2448.0,cpu1#1
20526.016,batt.current_ua,-2448.0,cpu1#1
20527.344,batt.current_ua,-407.0,cpu1#1
20527.390,batt.current_ua,-407.0,cpu1#1
20528.559,batt.current_ua,7.0,cpu1#1
20528.601,batt.current_ua,-576.0,cpu1#1
20529.808,batt.current_ua,-260.0,cpu1#1
20529.839,batt.current_ua,-260.0,cpu1#1
20531.032,batt.current_ua,-280.0,cpu1#1
20531.057,batt.current_ua,-280.0,cpu1#1
20532.243,batt.current_ua,-10.0,cpu1#1
20532.288,batt.current_ua,-352.0,cpu1#1
20532.389,batt.current_ua,-352.0,cpu1#1
20533.151,batt.current_ua,-2742.0,cpu1#1
20533.175,batt.current_ua,-2742.0,cpu1#1
20533.386,batt.current_ua,-183.0,cpu1#1
20533.475,batt.current_ua,-183.0,
20533.576,batt.current_ua,-3108.0,
20533.675,batt.current_ua,-3289.0,
20534.965,batt.current_ua,-242.0,
20534.969,batt.current_ua,-242.0,
20536.181,batt.current_ua,-242.0,
20536.201,batt.current_ua,-242.0,
20536.301,batt.current_ua,-2817.0,
20537.596,batt.current_ua,-78.0,
20537.645,batt.current_ua,-78.0,
20537.746,batt.current_ua,-2907.0,
20537.845,batt.current_ua,-2907.0,
20539.091,batt.current_ua,23.0,
20539.120,batt.current_ua,-2976.0,
20540.471,batt.current_ua,12.0,
20541.667,batt.current_ua,-4.0,
20541.695,batt.current_ua,-4.0,
20542.901,batt.current_ua,-12.0,
20542.929,batt.current_ua,-12.0,
20543.030,batt.current_ua,-2796.0,
20544.186,batt.current_ua,-14.0,
20544.229,batt.current_ua,-2967.0,
20545.435,batt.current_ua,-3020.0,
20545.452,batt.current_ua,-3020.0,
20546.804,batt.current_ua,-32.0,
20546.825,batt.current_ua,-32.0,
20546.925,batt.current_ua,-1602.0,
20548.095,batt.current_ua,-1995.0,
20548.121,batt.current_ua,-1995.0,
20549.305,batt.current_ua,-1807.0,
20549.335,batt.current_ua,-1807.0,
20549.432,batt.current_ua,-1807.0,
20550.740,batt.current_ua,-242.0,
20550.770,batt.current_ua,-242.0,
20550.870,batt.current_ua,-242.0,
20552.168,batt.current_ua,-224.0,
20552.192,batt.current_ua,-224.0,
20553.400,batt.current_ua,-295.0,
20553.416,batt.current_ua,-295.0,
20553.805,batt.current_ua,-96.0,
20553.879,batt.current_ua,-1992.0,
20553.978,batt.current_ua,-1992.0,
20554.232,batt.current_ua,-1220.0,
20554.292,batt.current_ua,-1220.0,
20554.397,batt.current_ua,-3134.0,
20554.493,batt.current_ua,-3134.0,
20554.668,batt.current_ua,-3353.0,
20554.695,batt.current_ua,-3353.0,
20554.794,batt.current_ua,-3328.0,cpu_all#1
20554.894,batt.current_ua,-3328.0,cpu_all#1
20554.994,batt.current_ua,-3196.0,cpu_all#1
20555.094,batt.current_ua,-2928.0,cpu_all#1
20556.258,batt.current_ua,-2.0,cpu_all#1
20556.298,batt.current_ua,-2.0,cpu_all#1
20557.456,batt.current_ua,-2.0,cpu_all#1
20557.498,batt.current_ua,-2.0,cpu_all#1
20557.597,batt.current_ua,-3187.0,cpu_all#1
20558.902,batt.current_ua,-14.0,cpu_all#1
20558.930,batt.current_ua,-14.0,cpu_all#1
20560.119,batt.current_ua,15.0,cpu_all#1
20560.184,batt.current_ua,-2991.0,cpu_all#1
20560.284,batt.current_ua,-2991.0,cpu_all#1
20561.598,batt.current_ua,-2171.0,cpu_all#1
20561.643,batt.current_ua,-2171.0,cpu_all#1
20561.744,batt.current_ua,-2171.0,cpu_all#1
20563.011,batt.current_ua,-382.0,cpu_all#1
20563.053,batt.current_ua,-382.0,cpu_all#1
20564.210,batt.current_ua,-10.0,cpu_all#1
20564.270,batt.current_ua,-237.0,cpu_all#1
20564.370,batt.current_ua,-237.0,cpu_all#1
20565.705,batt.current_ua,-232.0,cpu_all#1
20565.719,batt.current_ua,-232.0,cpu_all#1
20565.819,batt.current_ua,-3093.0,cpu_all#1
20567.161,batt.current_ua,-145.0,cpu_all#1
20567.173,batt.current_ua,-145.0,cpu_all#1
20568.373,batt.current_ua,-142.0,cpu_all#1
20568.376,batt.current_ua,-142.0,cpu_all#1
20568.477,batt.current_ua,-3085.0,cpu_all#1
20569.756,batt.current_ua,0.0,cpu_all#1
20569.768,batt.current_ua,0.0,cpu_all#1
20569.869,batt.current_ua,-3098.0,cpu_all#1
20569.969,batt.current_ua,-3098.0,cpu_all#1
20571.164,batt.current_ua,10.0,cpu_all#1
20571.191,batt.current_ua,10.0,cpu_all#1
20571.293,batt.current_ua,-2484.0,cpu_all#1
20571.391,batt.current_ua,-2484.0,cpu_all#1
20572.667,batt.current_ua,-2361.0,cpu_all#1
20572.680,batt.current_ua,-2361.0,cpu_all#1
20572.780,batt.current_ua,-2361.0,cpu_all#1
20574.065,batt.current_ua,-443.0,cpu_all#1
20574.105,batt.current_ua,-443.0,cpu_all#1
20574.203,batt.current_ua,-443.0,cpu_all#1
20574.303,batt.current_ua,-3007.0,cpu_all#1
20574.403,batt.current_ua,-3125.0,cpu_all#1
20574.504,batt.current_ua,-3125.0,cpu_all#1
20574.604,batt.current_ua,-3282.0,cpu_all#1
20574.704,batt.current_ua,-3282.0,cpu_all#1
20574.803,batt.current_ua,-2875.0,cpu_all#1
20574.904,batt.current_ua,-2875.0,cpu_all#1
20575.004,batt.current_ua,-2854.0,cpu_all#1
20575.103,batt.current_ua,-2903.0,cpu_all#1
20575.204,batt.current_ua,-2903.0,cpu_all#1
20575.303,batt.current_ua,-2809.0,cpu_all#1
20575.404,batt.current_ua,-2809.0,cpu_all#1
20575.504,batt.current_ua,-2388.0,cpu_all#1
20575.604,batt.current_ua,-2388.0,cpu_all#1
20575.703,batt.current_ua,-2405.0,cpu_all#1
20575.804,batt.current_ua,-2349.0,cpu_all#1
20575.904,batt.current_ua,-2349.0,cpu_all#1
20576.003,batt.current_ua,-2221.0,cpu_all#1
20576.104,batt.current_ua,-2221.0,cpu_all#1
20576.204,batt.current_ua,-2349.0,cpu_all#1
20576.303,batt.current_ua,-2349.0,cpu_all#1
20576.404,batt.current_ua,-2341.0,cpu_all#1
20576.504,batt.current_ua,-2341.0,cpu_all#1
20576.603,batt.current_ua,-2414.0,cpu_all#1
20576.704,batt.current_ua,-2327.0,cpu_all#1
20576.803,batt.current_ua,-2327.0,cpu_all#1
20576.904,batt.current_ua,-2334.0,cpu_all#1
20577.004,batt.current_ua,-2334.0,cpu_all#1
20577.104,batt.current_ua,-2181.0,cpu_all#1
20577.204,batt.current_ua,-2181.0,cpu_all#1
20577.303,batt.current_ua,-2180.0,cpu_all#1
20577.404,batt.current_ua,-2431.0,cpu_all#1
20577.504,batt.current_ua,-2431.0,cpu_all#1
20577.604,batt.current_ua,-2096.0,cpu_all#1
20577.703,batt.current_ua,-2096.0,cpu_all#1
20577.808,batt.current_ua,-2306.0,cpu_all#1
20577.905,batt.current_ua,-2306.0,cpu_all#1
20578.005,batt.current_ua,-2287.0,cpu_all#1
20578.105,batt.current_ua,-2036.0,cpu_all#1
20578.205,batt.current_ua,-2036.0,cpu_all#1
20578.305,batt.current_ua,-2248.0,cpu_all#1
20578.405,batt.current_ua,-2248.0,cpu_all#1
20578.504,batt.current_ua,-2266.0,cpu_all#1
20578.606,batt.current_ua,-2266.0,cpu_all#1
20578.706,batt.current_ua,-2088.0,cpu_all#1
20578.805,batt.current_ua,-2240.0,cpu_all#1
20578.906,batt.current_ua,-2240.0,cpu_all#1
20579.006,batt.current_ua,-2087.0,cpu_all#1
20579.106,batt.current_ua,-2087.0,cpu_all#1
20579.206,batt.current_ua,-2415.0,cpu_all#1
20579.306,batt.current_ua,-2415.0,cpu_all#1
20579.406,batt.current_ua,-2105.0,cpu_all#1
20579.508,batt.current_ua,-2257.0,cpu_all#1
20579.605,batt.current_ua,-2257.0,cpu_all#1
20579.706,batt.current_ua,-2166.0,cpu_all#1
20579.811,batt.current_ua,-2166.0,cpu_all#1
20579.906,batt.current_ua,-2064.0,cpu_all#1
20580.006,batt.current_ua,-2064.0,cpu_all#1
20580.105,batt.current_ua,-1874.0,cpu_all#1
20580.206,batt.current_ua,-2137.0,cpu_all#1
20580.308,batt.current_ua,-2137.0,cpu_all#1
20580.404,batt.current_ua,-2197.0,cpu_all#1
20580.505,batt.current_ua,-2197.0,cpu_all#1
20580.606,batt.current_ua,-2124.0,cpu_all#1
20580.706,batt.current_ua,-2124.0,cpu_all#1
20580.811,batt.current_ua,-2089.0,cpu_all#1
20580.904,batt.current_ua,-2031.0,cpu_all#1
20581.288,batt.current_ua,-201.0,cpu_all#1
20581.296,batt.current_ua,-201.0,cpu_all#1
20581.397,batt.current_ua,-201.0,cpu_all#1
20581.496,batt.current_ua,-2304.0,cpu_all#1
20582.627,batt.current_ua,-7.0,cpu_all#1
20582.646,batt.current_ua,-7.0,cpu_all#1
20582.746,batt.current_ua,-272.0,cpu_all#1
20583.907,batt.current_ua,-435.0,cpu_all#1
20583.928,batt.current_ua,-435.0,cpu_all#1
20584.028,batt.current_ua,-435.0,cpu_all#1
20585.344,batt.current_ua,-255.0,cpu_all#1
20585.372,batt.current_ua,-255.0,cpu_all#1
20585.471,batt.current_ua,-3189.0,cpu_all#1
20586.779,batt.current_ua,-237.0,cpu_all#1
20586.814,batt.current_ua,-237.0,cpu_all#1
20586.914,batt.current_ua,-3050.0,cpu_all#1
20588.165,batt.current_ua,-2.0,cpu_all#1
20588.184,batt.current_ua,-2.0,cpu_all#1
20589.379,batt.current_ua,2.0,cpu_all#1
20589.433,batt.current_ua,2.0,cpu_all#1
20589.533,batt.current_ua,-2969.0,cpu_all#1
20590.683,batt.current_ua,12.0,cpu_all#1
20590.744,batt.current_ua,-2987.0,cpu_all#1
20592.131,batt.current_ua,-17.0,cpu_all#1
20592.137,batt.current_ua,-2966.0,cpu_all#1
20593.381,batt.current_ua,-1221.0,cpu_all#1
20593.459,batt.current_ua,-1221.0,cpu_all#1
20593.797,batt.current_ua,-107.0,cpu_all#1
20593.825,batt.current_ua,-107.0,cpu_all#1
20593.925,batt.current_ua,-3068.0,cpu_all#1
20594.784,batt.current_ua,-2800.0,cpu_all#1
20594.835,batt.current_ua,-2800.0,cpu_all#1
20596.153,batt.current_ua,-101.0,cpu_all#1
20596.201,batt.current_ua,-1788.0,cpu_all#1
20597.404,batt.current_ua,-1311.0,cpu_all#1
20597.455,batt.current_ua,-1311.0,cpu_all#1
20598.809,batt.current_ua,-288.0,cpu_all#1
20598.830,batt.current_ua,-288.0,cpu_all#1
20598.928,batt.current_ua,-288.0,cpu_all#1
20600.115,batt.current_ua,-298.0,cpu_all#1
20600.145,batt.current_ua,-298.0,cpu_all#1
20600.245,batt.current_ua,-3104.0,cpu_all#1
20600.457,batt.current_ua,-214.0,cpu_all#1
20600.547,batt.current_ua,-214.0,
20600.646,batt.current_ua,-3271.0,
20600.745,batt.current_ua,-3092.0,
20600.845,batt.current_ua,-3092.0,
20600.945,batt.current_ua,-2945.0,
20601.045,batt.current_ua,-2945.0,
20601.882,batt.current_ua,-12.0,
20601.945,batt.current_ua,-12.0,
20602.045,batt.current_ua,-3138.0,
20603.355,batt.current_ua,-2.0,
20603.405,batt.current_ua,-2949.0,
20603.506,batt.current_ua,-2949.0,
20604.825,batt.current_ua,-940.0,
20604.853,batt.current_ua,-940.0,
20606.067,batt.current_ua,-336.0,
20606.096,batt.current_ua,-336.0,
20607.436,batt.current_ua,-214.0,
20607.457,batt.current_ua,-214.0,
20608.642,batt.current_ua,-344.0,
20608.681,batt.current_ua,-344.0,
20608.781,batt.current_ua,-344.0,
20610.128,batt.current_ua,-234.0,
20610.180,batt.current_ua,-234.0,
20611.359,batt.current_ua,-239.0,
20611.396,batt.current_ua,-239.0,
20611.496,batt.current_ua,-3042.0,
20612.756,batt.current_ua,5.0,
20612.791,batt.current_ua,5.0,
20612.892,batt.current_ua,-2873.0,
20614.219,batt.current_ua,-2.0,
20614.237,batt.current_ua,-2.0,
20615.436,batt.current_ua,10.0,
20615.459,batt.current_ua,10.0,
20615.559,batt.current_ua,-2917.0,
20616.907,batt.current_ua,-1921.0,
20616.915,batt.current_ua,-1921.0,
20617.015,batt.current_ua,-1921.0,
20618.293,batt.current_ua,-530.0,
20618.321,batt.current_ua,-530.0,
20618.421,batt.current_ua,-530.0,
20619.859,batt.current_ua,-290.0,
20619.868,batt.current_ua,-290.0,
20620.797,batt.current_ua,-1080.0,
20620.844,batt.current_ua,-1080.0,
20620.960,batt.current_ua,-3025.0,
20621.045,batt.current_ua,-3025.0,
20621.145,batt.current_ua,-3110.0,
20621.245,batt.current_ua,-3110.0,
20621.345,batt.current_ua,-3145.0,
20621.444,batt.current_ua,-3145.0,
20621.545,batt.current_ua,-3297.0,
20621.645,batt.current_ua,-2851.0,
20621.855,batt.current_ua,-237.0,
20621.945,batt.current_ua,-237.0,idle#2
20622.045,batt.current_ua,-2929.0,idle#2
20622.145,batt.current_ua,-2929.0,idle#2
20622.244,batt.current_ua,-2787.0,idle#2
20622.344,batt.current_ua,-2454.0,idle#2
20622.445,batt.current_ua,-2454.0,idle#2
20622.545,batt.current_ua,-2275.0,idle#2
20623.803,batt.current_ua,12.0,idle#2
20623.894,batt.current_ua,12.0,idle#2
20625.096,batt.current_ua,-12.0,idle#2
20625.126,batt.current_ua,-12.0,idle#2
20626.328,batt.current_ua,-17.0,idle#2
20626.366,batt.current_ua,-17.0,idle#2
20627.693,batt.current_ua,-32.0,idle#2
20627.736,batt.current_ua,-32.0,idle#2
20627.836,batt.current_ua,-2985.0,idle#2
20629.169,batt.current_ua,20.0,idle#2
20629.205,batt.current_ua,-2860.0,idle#2
20630.377,batt.current_ua,10.0,idle#2
20630.429,batt.current_ua,-2787.0,idle#2
20631.765,batt.current_ua,-2.0,idle#2
20631.821,batt.current_ua,-2017.0,idle#2
20631.922,batt.current_ua,-2017.0,idle#2
20633.251,batt.current_ua,-425.0,idle#2
20633.309,batt.current_ua,-425.0,idle#2
20633.409,batt.current_ua,-3053.0,idle#2
20634.717,batt.current_ua,-339.0,idle#2
20634.774,batt.current_ua,-339.0,idle#2
20635.926,batt.current_ua,-275.0,idle#2
20635.990,batt.current_ua,-275.0,idle#2
20637.168,batt.current_ua,-272.0,idle#2
20637.219,batt.current_ua,-272.0,idle#2
20638.375,batt.current_ua,-254.0,idle#2
20638.436,batt.current_ua,-254.0,idle#2
20639.617,batt.current_ua,-285.0,idle#2
20639.659,batt.current_ua,-285.0,idle#2
20640.815,batt.current_ua,-242.0,idle#2
20640.862,batt.current_ua,-242.0,idle#2
20642.046,batt.current_ua,-224.0,idle#2
20642.091,batt.current_ua,-224.0,idle#2
20642.191,batt.current_ua,-2951.0,idle#2
20643.492,batt.current_ua,0.0,idle#2
20643.511,batt.current_ua,0.0,idle#2
20643.611,batt.current_ua,-2883.0,idle#2
20644.926,batt.current_ua,-14.0,idle#2
20644.959,batt.current_ua,-14.0,idle#2
20645.059,batt.current_ua,-2903.0,idle#2
20646.384,batt.current_ua,0.0,idle#2
20646.400,batt.current_ua,-3068.0,idle#2
20647.581,batt.current_ua,2.0,idle#2
20647.603,batt.current_ua,-1988.0,idle#2
20647.703,batt.current_ua,-1988.0,idle#2
20648.993,batt.current_ua,-17.0,idle#2
20649.034,batt.current_ua,-1376.0,idle#2
20649.134,batt.current_ua,-1376.0,idle#2
20650.433,batt.current_ua,-254.0,idle#2
20650.476,batt.current_ua,-254.0,idle#2
20650.576,batt.current_ua,-254.0,idle#2
20650.676,batt.current_ua,-3028.0,idle#2
20651.929,batt.current_ua,-203.0,idle#2
20651.952,batt.current_ua,-203.0,idle#2
20652.052,batt.current_ua,-3047.0,idle#2
20653.296,batt.current_ua,-38.0,idle#2
20653.303,batt.current_ua,-38.0,idle#2
20653.403,batt.current_ua,-2910.0,idle#2
20654.713,batt.current_ua,0.0,idle#2
20654.791,batt.current_ua,0.0,idle#2
20655.967,batt.current_ua,17.0,idle#2
20656.034,batt.current_ua,17.0,idle#2
20656.400,batt.current_ua,-1099.0,idle#2
20656.412,batt.current_ua,-1099.0,idle#2
20656.512,batt.current_ua,-1099.0,idle#2
20657.421,batt.current_ua,-22.0,idle#2
20657.460,batt.current_ua,-2816.0,idle#2
20657.561,batt.current_ua,-2816.0,idle#2
20658.895,batt.current_ua,-1316.0,idle#2
20658.929,batt.current_ua,-1316.0,idle#2
20659.029,batt.current_ua,-3117.0,idle#2
20660.330,batt.current_ua,-496.0,idle#2
20660.376,batt.current_ua,-496.0,idle#2
20661.722,batt.current_ua,-236.0,idle#2
20661.731,batt.current_ua,-236.0,idle#2
20661.831,batt.current_ua,-236.0,idle#2
20663.193,batt.current_ua,-50.0,idle#2
20663.218,batt.current_ua,-50.0,idle#2
20664.567,batt.current_ua,-25.0,idle#2
20664.617,batt.current_ua,-25.0,idle#2
20665.969,batt.current_ua,5.0,idle#2
20666.015,batt.current_ua,5.0,idle#2
20666.114,batt.current_ua,-2756.0,idle#2
20667.439,batt.current_ua,-14.0,idle#2
20667.483,batt.current_ua,-1739.0,idle#2
20667.583,batt.current_ua,-1739.0,idle#2
20667.758,batt.current_ua,-3098.0,idle#2
20667.782,batt.current_ua,-3098.0,
20667.882,batt.current_ua,-3039.0,
20669.070,batt.current_ua,-247.0,
20669.103,batt.current_ua,-247.0,
20670.350,batt.current_ua,-232.0,
20670.427,batt.current_ua,-232.0,
20670.527,batt.current_ua,-3085.0,
20670.649,batt.current_ua,-3125.0,
20670.726,batt.current_ua,-3125.0,
20670.827,batt.current_ua,-3113.0,
20671.768,batt.current_ua,-35.0,
20671.797,batt.current_ua,-35.0,
20672.988,batt.current_ua,-28.0,
20673.044,batt.current_ua,-28.0,
20674.379,batt.current_ua,15.0,
20674.426,batt.current_ua,15.0,
20674.527,batt.current_ua,-2890.0,
20675.682,batt.current_ua,-14.0,
20675.734,batt.current_ua,-2844.0,
20677.061,batt.current_ua,-20.0,
20677.084,batt.current_ua,-20.0,
20677.185,batt.current_ua,-2972.0,
20678.533,batt.current_ua,-1903.0,
20678.547,batt.current_ua,-1903.0,
20678.647,batt.current_ua,-1903.0,
20679.947,batt.current_ua,-298.0,
20679.981,batt.current_ua,-298.0,
20680.081,batt.current_ua,-298.0,
20681.354,batt.current_ua,-377.0,
20681.408,batt.current_ua,-377.0,
20682.570,batt.current_ua,-367.0,
20682.635,batt.current_ua,-367.0,
20682.735,batt.current_ua,-2835.0,
20684.068,batt.current_ua,-89.0,
20684.092,batt.current_ua,-89.0,
20684.191,batt.current_ua,-3082.0,
20685.520,batt.current_ua,5.0,
20686.694,batt.current_ua,-20.0,
20686.793,batt.current_ua,-2964.0,
20688.113,batt.current_ua,-14.0,
20688.133,batt.current_ua,-14.0,
20688.235,batt.current_ua,-2841.0,
20688.333,batt.current_ua,-2841.0,
20689.543,batt.current_ua,-4.0,
20689.587,batt.current_ua,-1689.0,
20689.688,batt.current_ua,-1689.0,
20689.788,batt.current_ua,-3070.0,
20689.994,batt.current_ua,-250.0,
20690.087,batt.current_ua,-250.0,cpu1#2
20690.187,batt.current_ua,-3236.0,cpu1#2
20690.395,batt.current_ua,-3189.0,cpu1#2
20690.488,batt.current_ua,-3321.0,cpu1#2
20690.588,batt.current_ua,-3321.0,cpu1#2
20690.688,batt.current_ua,-3126.0,cpu1#2
20691.985,batt.current_ua,-4.0,cpu1#2
20691.997,batt.current_ua,-4.0,cpu1#2
20692.098,batt.current_ua,-2086.0,cpu1#2
20693.285,batt.current_ua,-1853.0,cpu1#2
20693.301,batt.current_ua,-1853.0,cpu1#2
20694.510,batt.current_ua,-1705.0,cpu1#2
20695.714,batt.current_ua,-10.0,cpu1#2
20695.762,batt.current_ua,-1882.0,cpu1#2
20695.861,batt.current_ua,-1882.0,cpu1#2
20695.961,batt.current_ua,-3072.0,cpu1#2
20697.173,batt.current_ua,-313.0,cpu1#2
20697.205,batt.current_ua,-313.0,cpu1#2
20698.414,batt.current_ua,-310.0,cpu1#2
20698.437,batt.current_ua,-310.0,cpu1#2
20699.621,batt.current_ua,-295.0,cpu1#2
20699.650,batt.current_ua,-295.0,cpu1#2
20699.751,batt.current_ua,-295.0,cpu1#2
20701.077,batt.current_ua,-257.0,cpu1#2
20701.104,batt.current_ua,-257.0,cpu1#2
20702.456,batt.current_ua,-104.0,cpu1#2
20702.473,batt.current_ua,-104.0,cpu1#2
20702.573,batt.current_ua,-2795.0,cpu1#2
20703.925,batt.current_ua,2.0,cpu1#2
20703.982,batt.current_ua,-2804.0,cpu1#2
20705.154,batt.current_ua,-7.0,cpu1#2
20705.198,batt.current_ua,-7.0,cpu1#2
20705.298,batt.current_ua,-2971.0,cpu1#2
20706.570,batt.current_ua,-20.0,cpu1#2
20706.604,batt.current_ua,-20.0,cpu1#2
20706.704,batt.current_ua,-2879.0,cpu1#2
20708.005,batt.current_ua,-22.0,cpu1#2
20708.027,batt.current_ua,-1832.0,cpu1#2
20709.242,batt.current_ua,-1739.0,cpu1#2
20709.269,batt.current_ua,-1739.0,cpu1#2
20710.639,batt.current_ua,12.0,cpu1#2
20710.705,batt.current_ua,-1742.0,cpu1#2
20712.054,batt.current_ua,-290.0,cpu1#2
20712.105,batt.current_ua,-290.0,cpu1#2
20712.204,batt.current_ua,-290.0,cpu1#2
20713.516,batt.current_ua,-185.0,cpu1#2
20713.565,batt.current_ua,-185.0,cpu1#2
20714.716,batt.current_ua,-242.0,cpu1#2
20714.796,batt.current_ua,-242.0,cpu1#2
20714.896,batt.current_ua,-3095.0,cpu1#2
20716.235,batt.current_ua,-14.0,cpu1#2
20717.397,batt.current_ua,-7.0,cpu1#2
20717.450,batt.current_ua,-7.0,cpu1#2
20718.634,batt.current_ua,2.0,cpu1#2
20718.645,batt.current_ua,2.0,cpu1#2
20718.746,batt.current_ua,-2967.0,cpu1#2
20720.083,batt.current_ua,7.0,cpu1#2
20720.130,batt.current_ua,-2935.0,cpu1#2
20720.230,batt.current_ua,-2935.0,cpu1#2
20721.561,batt.current_ua,-2389.0,cpu1#2
20721.597,batt.current_ua,-2389.0,cpu1#2
20722.917,batt.current_ua,-4.0,cpu1#2
20722.975,batt.current_ua,-1108.0,cpu1#2
20723.075,batt.current_ua,-1108.0,cpu1#2
20724.403,batt.current_ua,-359.0,cpu1#2
20724.474,batt.current_ua,-359.0,cpu1#2
20725.787,batt.current_ua,-211.0,cpu1#2
20725.847,batt.current_ua,-211.0,cpu1#2
20727.025,batt.current_ua,-232.0,cpu1#2
20727.091,batt.current_ua,-232.0,cpu1#2
20728.235,batt.current_ua,-250.0,cpu1#2
20728.295,batt.current_ua,-250.0,cpu1#2
20729.455,batt.current_ua,-239.0,cpu1#2
20729.535,batt.current_ua,-239.0,cpu1#2
20729.635,batt.current_ua,-2838.0,cpu1#2
20730.980,batt.current_ua,-22.0,cpu1#2
20730.999,batt.current_ua,-22.0,cpu1#2
20732.172,batt.current_ua,-12.0,cpu1#2
20732.206,batt.current_ua,-12.0,cpu1#2
20732.307,batt.current_ua,-2954.0,cpu1#2
20733.603,batt.current_ua,-25.0,cpu1#2
20733.643,batt.current_ua,-25.0,cpu1#2
20733.743,batt.current_ua,-3051.0,cpu1#2
20735.038,batt.current_ua,-2810.0,cpu1#2
20735.082,batt.current_ua,-2810.0,cpu1#2
20735.166,batt.current_ua,-2810.0,cpu1#2
20736.041,batt.current_ua,7.0,cpu1#2
20736.082,batt.current_ua,7.0,cpu1#2
20736.182,batt.current_ua,-2977.0,cpu1#2
20736.281,batt.current_ua,-3232.0,
20737.497,batt.current_ua,-17.0,
20737.539,batt.current_ua,-2178.0,
20738.903,batt.current_ua,-12.0,
20738.935,batt.current_ua,-456.0,
20739.035,batt.current_ua,-456.0,
20740.362,batt.current_ua,-254.0,
20740.383,batt.current_ua,-254.0,
20740.479,batt.current_ua,-254.0,
20741.809,batt.current_ua,-234.0,
20741.845,batt.current_ua,-234.0,
20743.206,batt.current_ua,0.0,
20743.221,batt.current_ua,0.0,
20743.321,batt.current_ua,-2653.0,
20744.657,batt.current_ua,-4.0,
20744.733,batt.current_ua,-2916.0,
20745.858,batt.current_ua,-7.0,
20745.890,batt.current_ua,-7.0,
20745.985,batt.current_ua,-2982.0,
20747.124,batt.current_ua,-14.0,
20748.306,batt.current_ua,-17.0,
20748.366,batt.current_ua,-17.0,
20749.552,batt.current_ua,2.0,
20749.596,batt.current_ua,2.0,
20749.697,batt.current_ua,-2984.0,
20750.834,batt.current_ua,-10.0,
20750.907,batt.current_ua,-2996.0,
20752.065,batt.current_ua,12.0,
20752.115,batt.current_ua,-2838.0,
20753.273,batt.current_ua,0.0,
20753.302,batt.current_ua,0.0,
20754.489,batt.current_ua,-22.0,
20754.540,batt.current_ua,-22.0,
20756.116,batt.current_ua,7.0,
20756.147,batt.current_ua,-546.0,
20756.247,batt.current_ua,-546.0,
20756.518,batt.current_ua,-305.0,
20756.547,batt.current_ua,-305.0,
20756.647,batt.current_ua,-305.0,
20756.748,batt.current_ua,-3027.0,
20757.978,batt.current_ua,-2.0,
20758.027,batt.current_ua,-2.0,
20758.127,batt.current_ua,-2934.0,cpu_all#2
20758.227,batt.current_ua,-2934.0,cpu_all#2
20758.341,batt.current_ua,-3271.0,cpu_all#2
20758.429,batt.current_ua,-3135.0,cpu_all#2
20759.600,batt.current_ua,-17.0,cpu_all#2
20759.652,batt.current_ua,-2960.0,cpu_all#2
20759.752,batt.current_ua,-2960.0,cpu_all#2
20761.086,batt.current_ua,-1625.0,cpu_all#2
20761.096,batt.current_ua,-1625.0,cpu_all#2
20761.196,batt.current_ua,-1625.0,cpu_all#2
20762.535,batt.current_ua,-209.0,cpu_all#2
20762.548,batt.current_ua,-209.0,cpu_all#2
20763.715,batt.current_ua,-332.0,cpu_all#2
20763.762,batt.current_ua,-332.0,cpu_all#2
20765.104,batt.current_ua,-349.0,cpu_all#2
20765.129,batt.current_ua,-349.0,cpu_all#2
20765.229,batt.current_ua,-349.0,cpu_all#2
20766.551,batt.current_ua,5.0,cpu_all#2
20766.613,batt.current_ua,5.0,cpu_all#2
20767.830,batt.current_ua,-12.0,cpu_all#2
20767.876,batt.current_ua,-12.0,cpu_all#2
20767.976,batt.current_ua,-3062.0,cpu_all#2
20769.233,batt.current_ua,-17.0,cpu_all#2
20769.263,batt.current_ua,-17.0,cpu_all#2
20769.364,batt.current_ua,-3122.0,cpu_all#2
20770.685,batt.current_ua,-17.0,cpu_all#2
20770.705,batt.current_ua,-1831.0,cpu_all#2
20770.805,batt.current_ua,-1831.0,cpu_all#2
20771.952,batt.current_ua,-2746.0,cpu_all#2
20771.989,batt.current_ua,-2746.0,cpu_all#2
20773.310,batt.current_ua,-20.0,cpu_all#2
20773.348,batt.current_ua,-596.0,cpu_all#2
20773.443,batt.current_ua,-596.0,cpu_all#2
20774.524,batt.current_ua,5.0,cpu_all#2
20774.553,batt.current_ua,5.0,cpu_all#2
20774.652,batt.current_ua,-512.0,cpu_all#2
20774.752,batt.current_ua,-3066.0,cpu_all#2
20775.996,batt.current_ua,-262.0,cpu_all#2
20776.020,batt.current_ua,-262.0,cpu_all#2
20777.203,batt.current_ua,-249.0,cpu_all#2
20777.265,batt.current_ua,-249.0,cpu_all#2
20777.365,batt.current_ua,-249.0,cpu_all#2
20778.701,batt.current_ua,-292.0,cpu_all#2
20778.730,batt.current_ua,-292.0,cpu_all#2
20779.879,batt.current_ua,-303.0,cpu_all#2
20779.948,batt.current_ua,-303.0,cpu_all#2
20780.048,batt.current_ua,-3062.0,cpu_all#2
20781.349,batt.current_ua,7.0,cpu_all#2
20781.390,batt.current_ua,7.0,cpu_all#2
20782.456,batt.current_ua,-142.0,cpu_all#2
20782.503,batt.current_ua,-1707.0,cpu_all#2
20782.603,batt.current_ua,-1707.0,cpu_all#2
20783.793,batt.current_ua,-32.0,cpu_all#2
20783.854,batt.current_ua,-32.0,cpu_all#2
20783.953,batt.current_ua,-3061.0,cpu_all#2
20785.215,batt.current_ua,0.0,cpu_all#2
20785.250,batt.current_ua,0.0,cpu_all#2
20786.453,batt.current_ua,-7.0,cpu_all#2
20786.476,batt.current_ua,-7.0,cpu_all#2
20786.576,batt.current_ua,-2938.0,cpu_all#2
20787.899,batt.current_ua,-14.0,cpu_all#2
20787.938,batt.current_ua,-2667.0,cpu_all#2
20789.295,batt.current_ua,20.0,cpu_all#2
20789.347,batt.current_ua,-1515.0,cpu_all#2
20789.446,batt.current_ua,-1515.0,cpu_all#2
20790.776,batt.current_ua,-303.0,cpu_all#2
20790.800,batt.current_ua,-303.0,cpu_all#2
20790.900,batt.current_ua,-2982.0,cpu_all#2
20792.216,batt.current_ua,-250.0,cpu_all#2
20792.253,batt.current_ua,-250.0,cpu_all#2
20792.353,batt.current_ua,-2980.0,cpu_all#2
20793.630,batt.current_ua,-22.0,cpu_all#2
20793.674,batt.current_ua,-22.0,cpu_all#2
20793.774,batt.current_ua,-2978.0,cpu_all#2
20795.099,batt.current_ua,-2979.0,cpu_all#2
20795.105,batt.current_ua,-2979.0,cpu_all#2
20796.428,batt.current_ua,-4.0,cpu_all#2
20796.448,batt.current_ua,-4.0,cpu_all#2
20796.549,batt.current_ua,-3018.0,cpu_all#2
20797.872,batt.current_ua,-4.0,cpu_all#2
20797.898,batt.current_ua,-4.0,cpu_all#2
20797.998,batt.current_ua,-1065.0,cpu_all#2
20798.098,batt.current_ua,-3055.0,cpu_all#2
20799.386,batt.current_ua,-278.0,cpu_all#2
20799.412,batt.current_ua,-278.0,cpu_all#2
20799.512,batt.current_ua,-2974.0,cpu_all#2
20800.804,batt.current_ua,-252.0,cpu_all#2
20801.967,batt.current_ua,-250.0,cpu_all#2
20802.014,batt.current_ua,-250.0,cpu_all#2
20802.114,batt.current_ua,-250.0,cpu_all#2
20802.214,batt.current_ua,-2889.0,cpu_all#2
20803.452,batt.current_ua,-104.0,cpu_all#2
20803.504,batt.current_ua,-104.0,cpu_all#2
20803.602,batt.current_ua,-3011.0,
20804.857,batt.current_ua,-12.0,
20804.913,batt.current_ua,-12.0,
20805.012,batt.current_ua,-2932.0,
20806.327,batt.current_ua,-4.0,
20806.365,batt.current_ua,-2306.0,
20806.465,batt.current_ua,-2306.0,
20807.747,batt.current_ua,-907.0,
20807.786,batt.current_ua,-907.0,
20807.887,batt.current_ua,-907.0,
20807.987,batt.current_ua,-3035.0,
20809.200,batt.current_ua,-272.0,
20809.241,batt.current_ua,-272.0,
20809.341,batt.current_ua,-3027.0,
20810.640,batt.current_ua,-206.0,
20810.670,batt.current_ua,-206.0,
20811.840,batt.current_ua,-191.0,
20811.875,batt.current_ua,-191.0,
20813.044,batt.current_ua,-232.0,
20813.069,batt.current_ua,-232.0,
20813.170,batt.current_ua,-232.0,
20814.517,batt.current_ua,-30.0,
20814.541,batt.current_ua,-30.0,
20814.642,batt.current_ua,-2975.0,
20815.921,batt.current_ua,-2.0,
20815.989,batt.current_ua,-2.0,
20816.089,batt.current_ua,-2787.0,
20817.350,batt.current_ua,5.0,
20817.370,batt.current_ua,5.0,
20818.564,batt.current_ua,10.0,
20818.602,batt.current_ua,10.0,
20819.799,batt.current_ua,-14.0,
20819.824,batt.current_ua,-14.0,
20819.924,batt.current_ua,-2764.0,
20821.228,batt.current_ua,-4.0,
20821.253,batt.current_ua,-4.0,
20821.353,batt.current_ua,-979.0,
20822.688,batt.current_ua,-314.0,
20822.718,batt.current_ua,-314.0,
20822.817,batt.current_ua,-314.0,
20824.098,batt.current_ua,-242.0,
20824.127,batt.current_ua,-242.0,
20824.227,batt.current_ua,-242.0,
20824.327,batt.current_ua,-3111.0,
20824.536,batt.current_ua,-3361.0,
20824.627,batt.current_ua,-3065.0,
20824.727,batt.current_ua,-3065.0,
20824.832,batt.current_ua,-3160.0,
20824.926,batt.current_ua,-3160.0,idle#3
20825.027,batt.current_ua,-3246.0,idle#3
20825.127,batt.current_ua,-3133.0,idle#3
20825.295,batt.current_ua,-3133.0,idle#3
20825.327,batt.current_ua,-216.0,idle#3
20825.427,batt.current_ua,-216.0,idle#3
20825.527,batt.current_ua,-2764.0,idle#3
20825.626,batt.current_ua,-2764.0,idle#3
20825.727,batt.current_ua,-2730.0,idle#3
20825.827,batt.current_ua,-2642.0,idle#3
20825.927,batt.current_ua,-2642.0,idle#3
20826.027,batt.current_ua,-2588.0,idle#3
20826.127,batt.current_ua,-2588.0,idle#3
20826.567,batt.current_ua,-318.0,idle#3
20826.624,batt.current_ua,-318.0,idle#3
20826.724,batt.current_ua,-2657.0,idle#3
20828.025,batt.current_ua,-60.0,idle#3
20828.086,batt.current_ua,-60.0,idle#3
20829.257,batt.current_ua,-60.0,idle#3
20829.315,batt.current_ua,-60.0,idle#3
20830.507,batt.current_ua,-48.0,idle#3
20831.671,batt.current_ua,-63.0,idle#3
20831.728,batt.current_ua,-63.0,idle#3
20831.828,batt.current_ua,-2862.0,idle#3
20833.164,batt.current_ua,0.0,idle#3
20833.202,batt.current_ua,-2907.0,idle#3
20833.303,batt.current_ua,-2907.0,idle#3
20834.597,batt.current_ua,-2.0,idle#3
20834.627,batt.current_ua,-3094.0,idle#3
20835.828,batt.current_ua,-7.0,idle#3
20835.857,batt.current_ua,-2981.0,idle#3
20835.956,batt.current_ua,-2981.0,idle#3
20837.270,batt.current_ua,-1620.0,idle#3
20837.292,batt.current_ua,-1620.0,idle#3
20838.628,batt.current_ua,-7.0,idle#3
20838.690,batt.current_ua,-402.0,idle#3
20838.789,batt.current_ua,-402.0,idle#3
20840.127,batt.current_ua,-250.0,idle#3
20840.200,batt.current_ua,-250.0,idle#3
20841.552,batt.current_ua,-63.0,idle#3
20841.614,batt.current_ua,-63.0,idle#3
20842.760,batt.current_ua,-84.0,idle#3
20842.820,batt.current_ua,-84.0,idle#3
20844.146,batt.current_ua,10.0,idle#3
20844.194,batt.current_ua,10.0,idle#3
20844.294,batt.current_ua,-2975.0,idle#3
20845.625,batt.current_ua,-4.0,idle#3
20845.666,batt.current_ua,-4.0,idle#3
20846.843,batt.current_ua,5.0,idle#3
20846.889,batt.current_ua,5.0,idle#3
20846.990,batt.current_ua,-3030.0,idle#3
20848.315,batt.current_ua,-2222.0,idle#3
20848.352,batt.current_ua,-2222.0,idle#3
20849.705,batt.current_ua,-503.0,idle#3
20849.722,batt.current_ua,-503.0,idle#3
20849.823,batt.current_ua,-503.0,idle#3
20850.984,batt.current_ua,-379.0,idle#3
20851.038,batt.current_ua,-379.0,idle#3
20852.384,batt.current_ua,-357.0,idle#3
20852.435,batt.current_ua,-357.0,idle#3
20853.599,batt.current_ua,-295.0,idle#3
20853.652,batt.current_ua,-295.0,idle#3
20854.823,batt.current_ua,-252.0,idle#3
20854.847,batt.current_ua,-252.0,idle#3
20854.947,batt.current_ua,-252.0,idle#3
20856.270,batt.current_ua,-119.0,idle#3
20856.330,batt.current_ua,-119.0,idle#3
20857.505,batt.current_ua,-145.0,idle#3
20857.539,batt.current_ua,-145.0,idle#3
20858.907,batt.current_ua,-14.0,idle#3
20858.935,batt.current_ua,-14.0,idle#3
20859.035,batt.current_ua,-2915.0,idle#3
20860.209,batt.current_ua,-10.0,idle#3
20860.242,batt.current_ua,-2978.0,idle#3
20860.341,batt.current_ua,-2978.0,idle#3
20861.569,batt.current_ua,-2.0,idle#3
20861.602,batt.current_ua,-2.0,idle#3
20861.703,batt.current_ua,-2846.0,idle#3
20863.048,batt.current_ua,-10.0,idle#3
20863.073,batt.current_ua,-1535.0,idle#3
20863.173,batt.current_ua,-1535.0,idle#3
20864.511,batt.current_ua,-297.0,idle#3
20864.593,batt.current_ua,-297.0,idle#3
20865.894,batt.current_ua,-292.0,idle#3
20865.923,batt.current_ua,-292.0,idle#3
20866.023,batt.current_ua,-292.0,idle#3
20867.330,batt.current_ua,-171.0,idle#3
20867.375,batt.current_ua,-171.0,idle#3
20868.723,batt.current_ua,-7.0,idle#3
20868.783,batt.current_ua,-7.0,idle#3
20868.883,batt.current_ua,-2896.0,idle#3
20870.218,batt.current_ua,20.0,idle#3
20870.274,batt.current_ua,-2910.0,idle#3
20870.633,batt.current_ua,-894.0,idle#3
20870.872,batt.current_ua,-3166.0,idle#3
20870.933,batt.current_ua,-3166.0,
20870.992,batt.current_ua,-2946.0,
20871.092,batt.current_ua,-2946.0,
20871.854,batt.current_ua,-346.0,
20871.890,batt.current_ua,-346.0,
20871.990,batt.current_ua,-346.0,
20872.098,batt.current_ua,-2955.0,
20872.191,batt.current_ua,-3253.0,
20873.458,batt.current_ua,-242.0,
20873.488,batt.current_ua,-242.0,
20873.588,batt.current_ua,-2925.0,
20874.912,batt.current_ua,2.0,
20874.952,batt.current_ua,2.0,
20876.156,batt.current_ua,-7.0,
20876.188,batt.current_ua,-7.0,
20877.352,batt.current_ua,-25.0,
20877.411,batt.current_ua,-25.0,
20878.619,batt.current_ua,5.0,
20878.676,batt.current_ua,-2875.0,
20879.870,batt.current_ua,-7.0,
20879.918,batt.current_ua,-2893.0,
20881.262,batt.current_ua,-14.0,
20881.324,batt.current_ua,-2949.0,
20882.490,batt.current_ua,7.0,
20882.540,batt.current_ua,-2921.0,
20883.726,batt.current_ua,-7.0,
20883.779,batt.current_ua,-2998.0,
20884.953,batt.current_ua,-30.0,
20884.972,batt.current_ua,-30.0,
20885.072,batt.current_ua,-2899.0,
20885.562,batt.current_ua,-265.0,
20885.612,batt.current_ua,-265.0,
20886.142,batt.current_ua,-20.0,
20886.191,batt.current_ua,-20.0,
20886.285,batt.current_ua,-3014.0,
20887.609,batt.current_ua,7.0,
20887.658,batt.current_ua,-2983.0,
20887.757,batt.current_ua,-2983.0,
20889.090,batt.current_ua,-581.0,
20889.108,batt.current_ua,-581.0,
20890.289,batt.current_ua,-377.0,
20890.340,batt.current_ua,-377.0,
20891.282,batt.current_ua,-4.0,
20891.300,batt.current_ua,-4.0,
20891.399,batt.current_ua,-2345.0,
20891.508,batt.current_ua,-1786.0,
20891.599,batt.current_ua,-1786.0,
20891.699,batt.current_ua,-3296.0,
20892.943,batt.current_ua,-217.0,
20893.003,batt.current_ua,-217.0,
20893.104,batt.current_ua,-2982.0,cpu1#3
20893.204,batt.current_ua,-2982.0,cpu1#3
20893.314,batt.current_ua,-3110.0,cpu1#3
20893.406,batt.current_ua,-3110.0,cpu1#3
20894.562,batt.current_ua,-7.0,cpu1#3
20894.624,batt.current_ua,-7.0,cpu1#3
20895.806,batt.current_ua,-10.0,cpu1#3
20895.873,batt.current_ua,-10.0,cpu1#3
20897.220,batt.current_ua,-4.0,cpu1#3
20897.320,batt.current_ua,-2900.0,cpu1#3
20898.478,batt.current_ua,-25.0,cpu1#3
20898.507,batt.current_ua,-25.0,cpu1#3
20898.607,batt.current_ua,-2919.0,cpu1#3
20899.867,batt.current_ua,-10.0,cpu1#3
20899.953,batt.current_ua,-1584.0,cpu1#3
20900.053,batt.current_ua,-1584.0,cpu1#3
20900.153,batt.current_ua,-3048.0,cpu1#3
20901.367,batt.current_ua,-642.0,cpu1#3
20901.399,batt.current_ua,-642.0,cpu1#3
20902.563,batt.current_ua,-1593.0,cpu1#3
20902.629,batt.current_ua,-1593.0,cpu1#3
20902.728,batt.current_ua,-1593.0,cpu1#3
20904.034,batt.current_ua,-229.0,cpu1#3
20904.038,batt.current_ua,-229.0,cpu1#3
20905.236,batt.current_ua,-264.0,cpu1#3
20905.263,batt.current_ua,-264.0,cpu1#3
20905.363,batt.current_ua,-264.0,cpu1#3
20906.259,batt.current_ua,-1842.0,cpu1#3
20906.308,batt.current_ua,-1842.0,cpu1#3
20906.408,batt.current_ua,-1842.0,cpu1#3
20906.508,batt.current_ua,-3053.0,cpu1#3
20906.608,batt.current_ua,-3242.0,cpu1#3
20907.465,batt.current_ua,-30.0,cpu1#3
20907.482,batt.current_ua,-1292.0,cpu1#3
20907.582,batt.current_ua,-1292.0,cpu1#3
20908.120,batt.current_ua,-10.0,cpu1#3
20908.139,batt.current_ua,-10.0,cpu1#3
20908.914,batt.current_ua,-239.0,cpu1#3
20908.982,batt.current_ua,-239.0,cpu1#3
20910.176,batt.current_ua,-211.0,cpu1#3
20910.231,batt.current_ua,-211.0,cpu1#3
20910.331,batt.current_ua,-3067.0,cpu1#3
20911.603,batt.current_ua,-262.0,cpu1#3
20911.630,batt.current_ua,-262.0,cpu1#3
20912.843,batt.current_ua,-267.0,cpu1#3
20912.889,batt.current_ua,-267.0,cpu1#3
20914.217,batt.current_ua,-2.0,cpu1#3
20914.243,batt.current_ua,-2.0,cpu1#3
20914.343,batt.current_ua,-3096.0,cpu1#3
20914.443,batt.current_ua,-3096.0,cpu1#3
20915.727,batt.current_ua,-3129.0,cpu1#3
20915.735,batt.current_ua,-3129.0,cpu1#3
20915.835,batt.current_ua,-3129.0,cpu1#3
20917.156,batt.current_ua,-1967.0,cpu1#3
20917.174,batt.current_ua,-1967.0,cpu1#3
20917.272,batt.current_ua,-1967.0,cpu1#3
20918.538,batt.current_ua,-1443.0,cpu1#3
20918.593,batt.current_ua,-1443.0,cpu1#3
20919.747,batt.current_ua,5.0,cpu1#3
20919.822,batt.current_ua,-1696.0,cpu1#3
20921.035,batt.current_ua,-443.0,cpu1#3
20921.085,batt.current_ua,-443.0,cpu1#3
20922.415,batt.current_ua,-267.0,cpu1#3
20922.427,batt.current_ua,-267.0,cpu1#3
20922.527,batt.current_ua,-267.0,cpu1#3
20923.843,batt.current_ua,-280.0,cpu1#3
20923.869,batt.current_ua,-280.0,cpu1#3
20923.970,batt.current_ua,-280.0,cpu1#3
20925.326,batt.current_ua,-48.0,cpu1#3
20925.353,batt.current_ua,-48.0,cpu1#3
20926.523,batt.current_ua,-25.0,cpu1#3
20926.555,batt.current_ua,-25.0,cpu1#3
20926.817,batt.current_ua,-129.0,cpu1#3
20926.855,batt.current_ua,-129.0,cpu1#3
20927.731,batt.current_ua,-32.0,cpu1#3
20927.775,batt.current_ua,-32.0,cpu1#3
20927.874,batt.current_ua,-2959.0,cpu1#3
20929.215,batt.current_ua,-7.0,cpu1#3
20929.264,batt.current_ua,-2781.0,cpu1#3
20930.427,batt.current_ua,-2.0,cpu1#3
20930.471,batt.current_ua,-2.0,cpu1#3
20931.633,batt.current_ua,12.0,cpu1#3
20931.688,batt.current_ua,12.0,cpu1#3
20931.767,batt.current_ua,-2889.0,cpu1#3
20931.867,batt.current_ua,-2889.0,cpu1#3
20933.075,batt.current_ua,-10.0,cpu1#3
20933.099,batt.current_ua,-10.0,cpu1#3
20933.199,batt.current_ua,-2771.0,cpu1#3
20934.514,batt.current_ua,-1716.0,cpu1#3
20934.559,batt.current_ua,-1716.0,cpu1#3
20935.911,batt.current_ua,-2.0,cpu1#3
20935.948,batt.current_ua,-211.0,cpu1#3
20936.048,batt.current_ua,-211.0,cpu1#3
20937.376,batt.current_ua,-188.0,cpu1#3
20937.402,batt.current_ua,-188.0,cpu1#3
20937.502,batt.current_ua,-2826.0,cpu1#3
20937.602,batt.current_ua,-2826.0,cpu1#3
20938.836,batt.current_ua,-3039.0,cpu1#3
20938.945,batt.current_ua,-3039.0,cpu1#3
20938.951,batt.current_ua,-3039.0,cpu1#3
20939.051,batt.current_ua,-3039.0,cpu1#3
20939.237,batt.current_ua,-3173.0,
20939.253,batt.current_ua,-3061.0,
20939.353,batt.current_ua,-3061.0,
20940.629,batt.current_ua,15.0,
20940.646,batt.current_ua,15.0,
20940.747,batt.current_ua,-2146.0,
20941.849,batt.current_ua,-7.0,
20941.886,batt.current_ua,-2569.0,
20943.087,batt.current_ua,-7.0,
20943.107,batt.current_ua,-7.0,
20943.207,batt.current_ua,-1791.0,
20944.520,batt.current_ua,-441.0,
20944.550,batt.current_ua,-441.0,
20944.651,batt.current_ua,-441.0,
20945.982,batt.current_ua,-265.0,
20945.999,batt.current_ua,-265.0,
20947.186,batt.current_ua,-308.0,
20947.240,batt.current_ua,-308.0,
20947.340,batt.current_ua,-2939.0,
20948.657,batt.current_ua,-53.0,
20948.715,batt.current_ua,-53.0,
20950.056,batt.current_ua,2.0,
20950.120,batt.current_ua,2.0,
20950.220,batt.current_ua,5.0,
20951.476,batt.current_ua,5.0,
20951.506,batt.current_ua,5.0,
20951.607,batt.current_ua,-2907.0,
20952.772,batt.current_ua,-3045.0,
20952.831,batt.current_ua,-3045.0,
20953.996,batt.current_ua,-12.0,
20954.056,batt.current_ua,-2909.0,
20955.401,batt.current_ua,-40.0,
20955.437,batt.current_ua,-2431.0,
20956.608,batt.current_ua,2.0,
20956.651,batt.current_ua,-1769.0,
20956.751,batt.current_ua,-1769.0,
20958.090,batt.current_ua,-351.0,
20958.148,batt.current_ua,-351.0,
20959.320,batt.current_ua,-675.0,
20959.373,batt.current_ua,-675.0,
20959.530,batt.current_ua,-3118.0,
20959.577,batt.current_ua,-3118.0,
20959.675,batt.current_ua,-3229.0,
20959.786,batt.current_ua,-3229.0,
20959.875,batt.current_ua,-3396.0,
20959.984,batt.current_ua,-3315.0,
20960.074,batt.current_ua,-3315.0,
20960.174,batt.current_ua,-3043.0,cpu_all#3
20960.366,batt.current_ua,-219.0,cpu_all#3
20960.379,batt.current_ua,-219.0,cpu_all#3
20960.475,batt.current_ua,-219.0,cpu_all#3
20960.575,batt.current_ua,-3014.0,cpu_all#3
20960.675,batt.current_ua,-2803.0,cpu_all#3
20960.775,batt.current_ua,-2803.0,cpu_all#3
20960.876,batt.current_ua,-2736.0,cpu_all#3
20960.975,batt.current_ua,-2736.0,cpu_all#3
20961.074,batt.current_ua,-2527.0,cpu_all#3
20961.174,batt.current_ua,-2527.0,cpu_all#3
20961.999,batt.current_ua,-239.0,cpu_all#3
20962.034,batt.current_ua,-239.0,cpu_all#3
20962.134,batt.current_ua,-3242.0,cpu_all#3
20963.364,batt.current_ua,-35.0,cpu_all#3
20963.421,batt.current_ua,-35.0,cpu_all#3
20964.622,batt.current_ua,-46.0,cpu_all#3
20964.659,batt.current_ua,-46.0,cpu_all#3
20965.841,batt.current_ua,-56.0,cpu_all#3
20965.871,batt.current_ua,-56.0,cpu_all#3
20965.971,batt.current_ua,-3007.0,cpu_all#3
20966.071,batt.current_ua,-3007.0,cpu_all#3
20967.239,batt.current_ua,-10.0,cpu_all#3
20967.284,batt.current_ua,-10.0,cpu_all#3
20967.350,batt.current_ua,-2753.0,cpu_all#3
20967.864,batt.current_ua,-12.0,cpu_all#3
20967.891,batt.current_ua,-346.0,cpu_all#3
20968.101,batt.current_ua,-267.0,cpu_all#3
20968.191,batt.current_ua,-267.0,cpu_all#3
20968.290,batt.current_ua,-3081.0,cpu_all#3
20968.406,batt.current_ua,-3267.0,cpu_all#3
20968.492,batt.current_ua,-3267.0,cpu_all#3
20968.593,batt.current_ua,-2988.0,cpu_all#3
20968.693,batt.current_ua,-2988.0,cpu_all#3
20969.526,batt.current_ua,-81.0,cpu_all#3
20969.560,batt.current_ua,-81.0,cpu_all#3
20970.744,batt.current_ua,-86.0,cpu_all#3
20970.764,batt.current_ua,-86.0,cpu_all#3
20971.971,batt.current_ua,-183.0,cpu_all#3
20971.997,batt.current_ua,-183.0,cpu_all#3
20972.097,batt.current_ua,-3003.0,cpu_all#3
20973.243,batt.current_ua,-81.0,cpu_all#3
20973.292,batt.current_ua,-81.0,cpu_all#3
20974.629,batt.current_ua,-25.0,cpu_all#3
20974.660,batt.current_ua,-25.0,cpu_all#3
20974.758,batt.current_ua,-3017.0,cpu_all#3
20976.088,batt.current_ua,-22.0,cpu_all#3
20976.096,batt.current_ua,-22.0,cpu_all#3
20977.303,batt.current_ua,7.0,cpu_all#3
20977.343,batt.current_ua,7.0,cpu_all#3
20978.544,batt.current_ua,-17.0,cpu_all#3
20978.576,batt.current_ua,-17.0,cpu_all#3
20978.676,batt.current_ua,-2803.0,cpu_all#3
20979.980,batt.current_ua,0.0,cpu_all#3
20980.022,batt.current_ua,-1718.0,cpu_all#3
20980.122,batt.current_ua,-1718.0,cpu_all#3
20981.434,batt.current_ua,-288.0,cpu_all#3
20981.460,batt.current_ua,-288.0,cpu_all#3
20982.822,batt.current_ua,-285.0,cpu_all#3
20982.841,batt.current_ua,-285.0,cpu_all#3
20982.941,batt.current_ua,-285.0,cpu_all#3
20984.120,batt.current_ua,-357.0,cpu_all#3
20984.177,batt.current_ua,-357.0,cpu_all#3
20985.502,batt.current_ua,-127.0,cpu_all#3
20985.549,batt.current_ua,-127.0,cpu_all#3
20986.713,batt.current_ua,-239.0,cpu_all#3
20986.763,batt.current_ua,-239.0,cpu_all#3
20986.861,batt.current_ua,-3117.0,cpu_all#3
20986.961,batt.current_ua,-3117.0,cpu_all#3
20988.218,batt.current_ua,25.0,cpu_all#3
20988.254,batt.current_ua,-3043.0,cpu_all#3
20989.587,batt.current_ua,-14.0,cpu_all#3
20989.604,batt.current_ua,-14.0,cpu_all#3
20989.704,batt.current_ua,-2907.0,cpu_all#3
20989.804,batt.current_ua,-2907.0,cpu_all#3
20991.016,batt.current_ua,5.0,cpu_all#3
20991.024,batt.current_ua,5.0,cpu_all#3
20991.124,batt.current_ua,-1722.0,cpu_all#3
20992.312,batt.current_ua,-1505.0,cpu_all#3
20992.355,batt.current_ua,-1505.0,cpu_all#3
20993.687,batt.current_ua,-250.0,cpu_all#3
20993.711,batt.current_ua,-250.0,cpu_all#3
20993.811,batt.current_ua,-250.0,cpu_all#3
20995.169,batt.current_ua,-275.0,cpu_all#3
20995.187,batt.current_ua,-275.0,cpu_all#3
20995.287,batt.current_ua,-3078.0,cpu_all#3
20995.387,batt.current_ua,-3078.0,cpu_all#3
20996.645,batt.current_ua,-303.0,cpu_all#3
20996.719,batt.current_ua,-3128.0,cpu_all#3
20998.026,batt.current_ua,2.0,cpu_all#3
20998.085,batt.current_ua,-3011.0,cpu_all#3
20999.401,batt.current_ua,-10.0,cpu_all#3
20999.446,batt.current_ua,-10.0,cpu_all#3
20999.546,batt.current_ua,-2942.0,cpu_all#3
21000.895,batt.current_ua,-2123.0,cpu_all#3
21000.947,batt.current_ua,-2123.0,cpu_all#3
21001.047,batt.current_ua,-2123.0,cpu_all#3
21002.325,batt.current_ua,-542.0,cpu_all#3
21002.376,batt.current_ua,-542.0,cpu_all#3
21003.720,batt.current_ua,-207.0,cpu_all#3
21003.743,batt.current_ua,-207.0,cpu_all#3
21003.834,batt.current_ua,-207.0,cpu_all#3
21003.934,batt.current_ua,-3016.0,cpu_all#3
21005.214,batt.current_ua,-183.0,cpu_all#3
21005.255,batt.current_ua,-183.0,cpu_all#3
21006.019,batt.current_ua,-423.0,cpu_all#3
21006.074,batt.current_ua,-423.0,cpu_all#3
21006.174,batt.current_ua,-3003.0,cpu_all#3
21006.275,batt.current_ua,-3003.0,
21006.374,batt.current_ua,-351.0,
21007.637,batt.current_ua,-351.0,
21007.732,batt.current_ua,-3114.0,
21009.062,batt.current_ua,5.0,
21009.088,batt.current_ua,5.0,
21009.188,batt.current_ua,-3040.0,
21010.525,batt.current_ua,-25.0,
21010.547,batt.current_ua,-2985.0,
21010.647,batt.current_ua,-2985.0,
21011.920,batt.current_ua,-14.0,
21011.973,batt.current_ua,-2305.0,
21012.029,batt.current_ua,-2305.0,
21013.345,batt.current_ua,-12.0,
21013.386,batt.current_ua,-352.0,
21013.485,batt.current_ua,-352.0,
21014.794,batt.current_ua,-206.0,
21014.879,batt.current_ua,-206.0,
21016.078,batt.current_ua,-244.0,
21016.128,batt.current_ua,-244.0,
21017.277,batt.current_ua,-208.0,
21017.333,batt.current_ua,-208.0,
21017.433,batt.current_ua,-3160.0,
21018.729,batt.current_ua,-254.0,
21018.753,batt.current_ua,-254.0,
21020.109,batt.current_ua,-14.0,
21020.128,batt.current_ua,-14.0,
21020.228,batt.current_ua,-3162.0,
21021.543,batt.current_ua,0.0,
21021.577,batt.current_ua,0.0,
21021.677,batt.current_ua,-2959.0,
21023.020,batt.current_ua,-2773.0,
21023.058,batt.current_ua,-2773.0,
21023.156,batt.current_ua,-2773.0,
21024.448,batt.current_ua,-344.0,
21024.481,batt.current_ua,-344.0,
21024.581,batt.current_ua,-344.0,
21025.845,batt.current_ua,-188.0,
21025.865,batt.current_ua,-188.0,
21025.965,batt.current_ua,-188.0,
21026.886,batt.current_ua,-326.0,
21026.922,batt.current_ua,-326.0,
21027.039,batt.current_ua,-326.0,
21027.124,batt.current_ua,-3107.0,
21028.277,batt.current_ua,-236.0,
21028.312,batt.current_ua,-236.0,
21028.412,batt.current_ua,-236.0,
21029.587,batt.current_ua,-221.0,
21029.629,batt.current_ua,-221.0,
20194.117,batt.voltage_uv,3612000.0,
20194.206,batt.voltage_uv,3612000.0,
20194.306,batt.voltage_uv,3612000.0,
20194.406,batt.voltage_uv,3612000.0,
20194.506,batt.voltage_uv,3612000.0,
20194.606,batt.voltage_uv,3612000.0,
20194.707,batt.voltage_uv,3612000.0,
20194.806,batt.voltage_uv,3612000.0,
20194.906,batt.voltage_uv,3612000.0,
20195.006,batt.voltage_uv,3612000.0,
20195.106,batt.voltage_uv,3612000.0,
20195.207,batt.voltage_uv,3612000.0,
20195.306,batt.voltage_uv,3612000.0,
20195.406,batt.voltage_uv,3612000.0,
20195.507,batt.voltage_uv,3612000.0,
20195.606,batt.voltage_uv,3612000.0,
20195.706,batt.voltage_uv,3612000.0,
20195.807,batt.voltage_uv,3612000.0,
20195.906,batt.voltage_uv,3612000.0,
20196.006,batt.voltage_uv,3612000.0,
20196.107,batt.voltage_uv,3612000.0,
20196.410,batt.voltage_uv,3647000.0,
20196.418,batt.voltage_uv,3647000.0,
20197.624,batt.voltage_uv,3771000.0,
20197.672,batt.voltage_uv,3771000.0,
20197.772,batt.voltage_uv,3771000.0,
20199.129,batt.voltage_uv,3779000.0,
20199.153,batt.voltage_uv,3779000.0,
20200.485,batt.voltage_uv,3790000.0,
20200.516,batt.voltage_uv,3790000.0,
20200.617,batt.voltage_uv,3790000.0,
20201.950,batt.voltage_uv,3790000.0,
20202.046,batt.voltage_uv,3790000.0,
20203.359,batt.voltage_uv,3792000.0,
20203.380,batt.voltage_uv,3792000.0,
20203.481,batt.voltage_uv,3792000.0,
20204.823,batt.voltage_uv,3793000.0,
20204.841,batt.voltage_uv,3793000.0,
20204.942,batt.voltage_uv,3793000.0,
20206.272,batt.voltage_uv,3777000.0,
20206.277,batt.voltage_uv,3777000.0,
20206.376,batt.voltage_uv,3777000.0,
20207.668,batt.voltage_uv,3784000.0,
20207.676,batt.voltage_uv,3784000.0,
20208.902,batt.voltage_uv,3785000.0,
20208.914,batt.voltage_uv,3785000.0,
20210.124,batt.voltage_uv,3786000.0,
20210.152,batt.voltage_uv,3786000.0,
20210.252,batt.voltage_uv,3786000.0,
20211.549,batt.voltage_uv,3796000.0,
20211.581,batt.voltage_uv,3796000.0,
20213.170,batt.voltage_uv,3797000.0,
20213.204,batt.voltage_uv,3797000.0,
20213.305,batt.voltage_uv,3797000.0,
20214.487,batt.voltage_uv,3797000.0,
20214.532,batt.voltage_uv,3797000.0,
20214.617,batt.voltage_uv,3797000.0,
20214.718,batt.voltage_uv,3797000.0,
20214.817,batt.voltage_uv,3797000.0,
20214.925,batt.voltage_uv,3797000.0,
20215.017,batt.voltage_uv,3797000.0,idle#0
20215.118,batt.voltage_uv,3797000.0,idle#0
20215.218,batt.voltage_uv,3797000.0,idle#0
20215.317,batt.voltage_uv,3797000.0,idle#0
20215.428,batt.voltage_uv,3797000.0,idle#0
20215.517,batt.voltage_uv,3797000.0,idle#0
20215.617,batt.voltage_uv,3797000.0,idle#0
20215.718,batt.voltage_uv,3797000.0,idle#0
20215.817,batt.voltage_uv,3797000.0,idle#0
20215.918,batt.voltage_uv,3797000.0,idle#0
20216.018,batt.voltage_uv,3797000.0,idle#0
20216.118,batt.voltage_uv,3797000.0,idle#0
20216.478,batt.voltage_uv,3774000.0,idle#0
20216.507,batt.voltage_uv,3774000.0,idle#0
20216.606,batt.voltage_uv,3774000.0,idle#0
20217.943,batt.voltage_uv,3794000.0,idle#0
20218.007,batt.voltage_uv,3794000.0,idle#0
20219.161,batt.voltage_uv,3793000.0,idle#0
20219.228,batt.voltage_uv,3793000.0,idle#0
20220.384,batt.voltage_uv,3796000.0,idle#0
20220.427,batt.voltage_uv,3796000.0,idle#0
20221.779,batt.voltage_uv,3796000.0,idle#0
20221.879,batt.voltage_uv,3796000.0,idle#0
20223.035,batt.voltage_uv,3796000.0,idle#0
20223.089,batt.voltage_uv,3796000.0,idle#0
20224.296,batt.voltage_uv,3795000.0,idle#0
20224.327,batt.voltage_uv,3795000.0,idle#0
20224.427,batt.voltage_uv,3795000.0,idle#0
20225.655,batt.voltage_uv,3797000.0,idle#0
20225.690,batt.voltage_uv,3797000.0,idle#0
20225.790,batt.voltage_uv,3797000.0,idle#0
20225.890,batt.voltage_uv,3797000.0,idle#0
20227.178,batt.voltage_uv,3796000.0,idle#0
20227.218,batt.voltage_uv,3796000.0,idle#0
20228.541,batt.voltage_uv,3783000.0,idle#0
20228.557,batt.voltage_uv,3783000.0,idle#0
20228.656,batt.voltage_uv,3783000.0,idle#0
20229.966,batt.voltage_uv,3793000.0,idle#0
20229.995,batt.voltage_uv,3793000.0,idle#0
20230.094,batt.voltage_uv,3793000.0,idle#0
20231.276,batt.voltage_uv,3798000.0,idle#0
20231.283,batt.voltage_uv,3798000.0,idle#0
20232.634,batt.voltage_uv,3799000.0,idle#0
20232.685,batt.voltage_uv,3799000.0,idle#0
20232.784,batt.voltage_uv,3799000.0,idle#0
20234.143,batt.voltage_uv,3800000.0,idle#0
20234.171,batt.voltage_uv,3800000.0,idle#0
20234.271,batt.voltage_uv,3800000.0,idle#0
20235.524,batt.voltage_uv,3796000.0,idle#0
20235.581,batt.voltage_uv,3796000.0,idle#0
20236.939,batt.voltage_uv,3798000.0,idle#0
20236.969,batt.voltage_uv,3798000.0,idle#0
20238.163,batt.voltage_uv,3800000.0,idle#0
20238.203,batt.voltage_uv,3800000.0,idle#0
20239.362,batt.voltage_uv,3797000.0,idle#0
20239.413,batt.voltage_uv,3797000.0,idle#0
20240.625,batt.voltage_uv,3800000.0,idle#0
20240.657,batt.voltage_uv,3800000.0,idle#0
20240.756,batt.voltage_uv,3800000.0,idle#0
20242.119,batt.voltage_uv,3782000.0,idle#0
20242.157,batt.voltage_uv,3782000.0,idle#0
20242.257,batt.voltage_uv,3782000.0,idle#0
20243.170,batt.voltage_uv,3778000.0,idle#0
20243.205,batt.voltage_uv,3778000.0,idle#0
20243.305,batt.voltage_uv,3778000.0,idle#0
20243.406,batt.voltage_uv,3778000.0,idle#0
20244.332,batt.voltage_uv,3787000.0,idle#0
20244.349,batt.voltage_uv,3787000.0,idle#0
20245.542,batt.voltage_uv,3793000.0,idle#0
20245.582,batt.voltage_uv,3793000.0,idle#0
20245.682,batt.voltage_uv,3793000.0,idle#0
20247.021,batt.voltage_uv,3786000.0,idle#0
20247.058,batt.voltage_uv,3786000.0,idle#0
20248.239,batt.voltage_uv,3783000.0,idle#0
20248.296,batt.voltage_uv,3783000.0,idle#0
20249.491,batt.voltage_uv,3786000.0,idle#0
20250.634,batt.voltage_uv,3784000.0,idle#0
20250.672,batt.voltage_uv,3784000.0,idle#0
20250.764,batt.voltage_uv,3784000.0,idle#0
20252.109,batt.voltage_uv,3800000.0,idle#0
20252.173,batt.voltage_uv,3800000.0,idle#0
20253.514,batt.voltage_uv,3800000.0,idle#0
20253.556,batt.voltage_uv,3800000.0,idle#0
20253.655,batt.voltage_uv,3800000.0,idle#0
20255.001,batt.voltage_uv,3800000.0,idle#0
20255.060,batt.voltage_uv,3800000.0,idle#0
20256.374,batt.voltage_uv,3800000.0,idle#0
20256.429,batt.voltage_uv,3800000.0,idle#0
20257.618,batt.voltage_uv,3801000.0,idle#0
20257.638,batt.voltage_uv,3801000.0,idle#0
20258.829,batt.voltage_uv,3800000.0,idle#0
20258.855,batt.voltage_uv,3800000.0,idle#0
20258.955,batt.voltage_uv,3800000.0,idle#0
20260.051,batt.voltage_uv,3801000.0,idle#0
20260.109,batt.voltage_uv,3801000.0,idle#0
20260.495,batt.voltage_uv,3781000.0,idle#0
20260.530,batt.voltage_uv,3781000.0,idle#0
20260.629,batt.voltage_uv,3781000.0,idle#0
20260.808,batt.voltage_uv,3562000.0,
20260.830,batt.voltage_uv,3562000.0,
20260.930,batt.voltage_uv,3562000.0,
20261.030,batt.voltage_uv,3562000.0,
20262.175,batt.voltage_uv,3799000.0,
20263.330,batt.voltage_uv,3801000.0,
20263.388,batt.voltage_uv,3801000.0,
20263.488,batt.voltage_uv,3801000.0,
20264.630,batt.voltage_uv,3799000.0,
20264.859,batt.voltage_uv,3799000.0,
20266.079,batt.voltage_uv,3802000.0,
20266.162,batt.voltage_uv,3802000.0,
20267.512,batt.voltage_uv,3800000.0,
20267.542,batt.voltage_uv,3800000.0,
20268.892,batt.voltage_uv,3801000.0,
20268.940,batt.voltage_uv,3801000.0,
20270.087,batt.voltage_uv,3800000.0,
20270.156,batt.voltage_uv,3800000.0,
20271.354,batt.voltage_uv,3799000.0,
20271.416,batt.voltage_uv,3799000.0,
20272.601,batt.voltage_uv,3799000.0,
20272.660,batt.voltage_uv,3799000.0,
20273.839,batt.voltage_uv,3800000.0,
20273.902,batt.voltage_uv,3801000.0,
20275.019,batt.voltage_uv,3801000.0,
20275.064,batt.voltage_uv,3801000.0,
20275.164,batt.voltage_uv,3801000.0,
20276.308,batt.voltage_uv,3801000.0,
20276.369,batt.voltage_uv,3801000.0,
20277.535,batt.voltage_uv,3801000.0,
20277.607,batt.voltage_uv,3801000.0,
20278.953,batt.voltage_uv,3786000.0,
20279.001,batt.voltage_uv,3786000.0,
20280.208,batt.voltage_uv,3785000.0,
20280.241,batt.voltage_uv,3785000.0,
20281.436,batt.voltage_uv,3801000.0,
20282.621,batt.voltage_uv,3787000.0,
20282.676,batt.voltage_uv,3787000.0,
20282.991,batt.voltage_uv,3781000.0,
20283.058,batt.voltage_uv,3781000.0,
20283.158,batt.voltage_uv,3781000.0,
20283.437,batt.voltage_uv,3724000.0,
20283.478,batt.voltage_uv,3724000.0,
20283.675,batt.voltage_uv,3734000.0,
20283.680,batt.voltage_uv,3734000.0,
20283.780,batt.voltage_uv,3734000.0,cpu1#0
20283.880,batt.voltage_uv,3734000.0,cpu1#0
20283.981,batt.voltage_uv,3734000.0,cpu1#0
20284.095,batt.voltage_uv,3550000.0,cpu1#0
20284.180,batt.voltage_uv,3550000.0,cpu1#0
20284.281,batt.voltage_uv,3550000.0,cpu1#0
20284.380,batt.voltage_uv,3550000.0,cpu1#0
20284.481,batt.voltage_uv,3550000.0,cpu1#0
20285.664,batt.voltage_uv,3796000.0,cpu1#0
20285.720,batt.voltage_uv,3796000.0,cpu1#0
20286.913,batt.voltage_uv,3797000.0,cpu1#0
20286.960,batt.voltage_uv,3797000.0,cpu1#0
20288.162,batt.voltage_uv,3798000.0,cpu1#0
20288.210,batt.voltage_uv,3798000.0,cpu1#0
20289.385,batt.voltage_uv,3799000.0,cpu1#0
20289.427,batt.voltage_uv,3799000.0,cpu1#0
20291.002,batt.voltage_uv,3801000.0,cpu1#0
20291.047,batt.voltage_uv,3801000.0,cpu1#0
20292.239,batt.voltage_uv,3801000.0,cpu1#0
20292.254,batt.voltage_uv,3801000.0,cpu1#0
20292.354,batt.voltage_uv,3801000.0,cpu1#0
20293.698,batt.voltage_uv,3783000.0,cpu1#0
20293.711,batt.voltage_uv,3783000.0,cpu1#0
20294.901,batt.voltage_uv,3784000.0,cpu1#0
20294.955,batt.voltage_uv,3784000.0,cpu1#0
20295.055,batt.voltage_uv,3784000.0,cpu1#0
20296.384,batt.voltage_uv,3797000.0,cpu1#0
20296.404,batt.voltage_uv,3797000.0,cpu1#0
20296.504,batt.voltage_uv,3797000.0,cpu1#0
20297.847,batt.voltage_uv,3800000.0,cpu1#0
20297.868,batt.voltage_uv,3800000.0,cpu1#0
20299.212,batt.voltage_uv,3801000.0,cpu1#0
20299.233,batt.voltage_uv,3801000.0,cpu1#0
20299.333,batt.voltage_uv,3801000.0,cpu1#0
20300.637,batt.voltage_uv,3800000.0,cpu1#0
20300.713,batt.voltage_uv,3800000.0,cpu1#0
20300.764,batt.voltage_uv,3800000.0,cpu1#0
20301.921,batt.voltage_uv,3800000.0,cpu1#0
20301.946,batt.voltage_uv,3800000.0,cpu1#0
20302.045,batt.voltage_uv,3800000.0,cpu1#0
20303.110,batt.voltage_uv,3799000.0,cpu1#0
20303.199,batt.voltage_uv,3799000.0,cpu1#0
20304.541,batt.voltage_uv,3800000.0,cpu1#0
20304.546,batt.voltage_uv,3800000.0,cpu1#0
20305.760,batt.voltage_uv,3801000.0,cpu1#0
20305.814,batt.voltage_uv,3801000.0,cpu1#0
20305.914,batt.voltage_uv,3801000.0,cpu1#0
20307.244,batt.voltage_uv,3784000.0,cpu1#0
20307.286,batt.voltage_uv,3784000.0,cpu1#0
20308.096,batt.voltage_uv,3800000.0,cpu1#0
20308.136,batt.voltage_uv,3747000.0,cpu1#0
20308.295,batt.voltage_uv,3747000.0,cpu1#0
20308.338,batt.voltage_uv,3747000.0,cpu1#0
20308.438,batt.voltage_uv,3747000.0,cpu1#0
20308.538,batt.voltage_uv,3747000.0,cpu1#0
20309.500,batt.voltage_uv,3793000.0,cpu1#0
20309.534,batt.voltage_uv,3793000.0,cpu1#0
20309.638,batt.voltage_uv,3793000.0,cpu1#0
20310.936,batt.voltage_uv,3783000.0,cpu1#0
20312.082,batt.voltage_uv,3800000.0,cpu1#0
20312.135,batt.voltage_uv,3800000.0,cpu1#0
20312.234,batt.voltage_uv,3800000.0,cpu1#0
20313.556,batt.voltage_uv,3793000.0,cpu1#0
20313.611,batt.voltage_uv,3793000.0,cpu1#0
20314.797,batt.voltage_uv,3790000.0,cpu1#0
20314.849,batt.voltage_uv,3790000.0,cpu1#0
20316.053,batt.voltage_uv,3793000.0,cpu1#0
20316.111,batt.voltage_uv,3793000.0,cpu1#0
20317.442,batt.voltage_uv,3801000.0,cpu1#0
20317.499,batt.voltage_uv,3801000.0,cpu1#0
20317.600,batt.voltage_uv,3801000.0,cpu1#0
20318.909,batt.voltage_uv,3801000.0,cpu1#0
20318.950,batt.voltage_uv,3801000.0,cpu1#0
20320.118,batt.voltage_uv,3800000.0,cpu1#0
20320.158,batt.voltage_uv,3800000.0,cpu1#0
20321.369,batt.voltage_uv,3800000.0,cpu1#0
20321.392,batt.voltage_uv,3800000.0,cpu1#0
20321.492,batt.voltage_uv,3800000.0,cpu1#0
20322.806,batt.voltage_uv,3800000.0,cpu1#0
20322.831,batt.voltage_uv,3800000.0,cpu1#0
20322.932,batt.voltage_uv,3800000.0,cpu1#0
20324.241,batt.voltage_uv,3802000.0,cpu1#0
20324.288,batt.voltage_uv,3802000.0,cpu1#0
20324.587,batt.voltage_uv,3770000.0,cpu1#0
20324.610,batt.voltage_uv,3770000.0,cpu1#0
20324.710,batt.voltage_uv,3770000.0,cpu1#0
20325.003,batt.voltage_uv,3754000.0,cpu1#0
20325.038,batt.voltage_uv,3754000.0,cpu1#0
20325.138,batt.voltage_uv,3754000.0,cpu1#0
20325.251,batt.voltage_uv,3602000.0,cpu1#0
20325.338,batt.voltage_uv,3602000.0,cpu1#0
20325.438,batt.voltage_uv,3602000.0,cpu1#0
20326.279,batt.voltage_uv,3796000.0,cpu1#0
20326.320,batt.voltage_uv,3796000.0,cpu1#0
20326.427,batt.voltage_uv,3796000.0,cpu1#0
20326.521,batt.voltage_uv,3796000.0,cpu1#0
20326.852,batt.voltage_uv,3723000.0,cpu1#0
20326.910,batt.voltage_uv,3723000.0,cpu1#0
20327.696,batt.voltage_uv,3796000.0,cpu1#0
20327.753,batt.voltage_uv,3796000.0,cpu1#0
20328.948,batt.voltage_uv,3798000.0,cpu1#0
20329.008,batt.voltage_uv,3798000.0,cpu1#0
20329.527,batt.voltage_uv,3780000.0,cpu1#0
20329.578,batt.voltage_uv,3780000.0,cpu1#0
20329.679,batt.voltage_uv,3780000.0,cpu1#0
20329.975,batt.voltage_uv,3743000.0,
20330.025,batt.voltage_uv,3743000.0,
20330.125,batt.voltage_uv,3743000.0,
20331.359,batt.voltage_uv,3797000.0,
20331.385,batt.voltage_uv,3797000.0,
20331.485,batt.voltage_uv,3797000.0,
20332.854,batt.voltage_uv,3799000.0,
20332.864,batt.voltage_uv,3799000.0,
20332.964,batt.voltage_uv,3799000.0,
20334.202,batt.voltage_uv,3797000.0,
20334.230,batt.voltage_uv,3797000.0,
20334.318,batt.voltage_uv,3797000.0,
20334.418,batt.voltage_uv,3797000.0,
20335.691,batt.voltage_uv,3787000.0,
20335.730,batt.voltage_uv,3787000.0,
20336.945,batt.voltage_uv,3785000.0,
20336.967,batt.voltage_uv,3785000.0,
20338.128,batt.voltage_uv,3785000.0,
20338.195,batt.voltage_uv,3785000.0,
20339.359,batt.voltage_uv,3786000.0,
20339.417,batt.voltage_uv,3786000.0,
20340.606,batt.voltage_uv,3786000.0,
20340.661,batt.voltage_uv,3786000.0,
20341.850,batt.voltage_uv,3785000.0,
20341.874,batt.voltage_uv,3785000.0,
20341.973,batt.voltage_uv,3785000.0,
20343.300,batt.voltage_uv,3799000.0,
20343.318,batt.voltage_uv,3799000.0,
20344.525,batt.voltage_uv,3800000.0,
20344.559,batt.voltage_uv,3800000.0,
20345.671,batt.voltage_uv,3798000.0,
20345.697,batt.voltage_uv,3798000.0,
20345.785,batt.voltage_uv,3798000.0,
20346.949,batt.voltage_uv,3799000.0,
20346.992,batt.voltage_uv,3799000.0,
20348.207,batt.voltage_uv,3799000.0,
20348.244,batt.voltage_uv,3799000.0,
20349.590,batt.voltage_uv,3800000.0,
20349.605,batt.voltage_uv,3800000.0,
20349.704,batt.voltage_uv,3800000.0,
20350.462,batt.voltage_uv,3785000.0,
20350.506,batt.voltage_uv,3785000.0,
20350.606,batt.voltage_uv,3785000.0,
20351.849,batt.voltage_uv,3799000.0,
20351.911,batt.voltage_uv,3799000.0,
20352.014,batt.voltage_uv,3799000.0,
20352.197,batt.voltage_uv,3732000.0,
20352.211,batt.voltage_uv,3732000.0,
20352.311,batt.voltage_uv,3732000.0,
20352.486,batt.voltage_uv,3717000.0,
20352.520,batt.voltage_uv,3717000.0,
20352.613,batt.voltage_uv,3717000.0,cpu_all#0
20352.713,batt.voltage_uv,3717000.0,cpu_all#0
20352.813,batt.voltage_uv,3717000.0,cpu_all#0
20352.914,batt.voltage_uv,3717000.0,cpu_all#0
20353.013,batt.voltage_uv,3717000.0,cpu_all#0
20353.114,batt.voltage_uv,3717000.0,cpu_all#0
20353.214,batt.voltage_uv,3717000.0,cpu_all#0
20353.313,batt.voltage_uv,3717000.0,cpu_all#0
20353.413,batt.voltage_uv,3717000.0,cpu_all#0
20353.513,batt.voltage_uv,3717000.0,cpu_all#0
20353.613,batt.voltage_uv,3717000.0,cpu_all#0
20353.713,batt.voltage_uv,3717000.0,cpu_all#0
20353.813,batt.voltage_uv,3717000.0,cpu_all#0
20353.913,batt.voltage_uv,3717000.0,cpu_all#0
20354.013,batt.voltage_uv,3717000.0,cpu_all#0
20355.311,batt.voltage_uv,3776000.0,cpu_all#0
20355.343,batt.voltage_uv,3776000.0,cpu_all#0
20356.555,batt.voltage_uv,3777000.0,cpu_all#0
20356.585,batt.voltage_uv,3777000.0,cpu_all#0
20358.204,batt.voltage_uv,3798000.0,cpu_all#0
20358.226,batt.voltage_uv,3798000.0,cpu_all#0
20359.422,batt.voltage_uv,3797000.0,cpu_all#0
20359.452,batt.voltage_uv,3797000.0,cpu_all#0
20359.553,batt.voltage_uv,3797000.0,cpu_all#0
20360.879,batt.voltage_uv,3797000.0,cpu_all#0
20360.930,batt.voltage_uv,3797000.0,cpu_all#0
20362.283,batt.voltage_uv,3797000.0,cpu_all#0
20362.294,batt.voltage_uv,3797000.0,cpu_all#0
20362.395,batt.voltage_uv,3797000.0,cpu_all#0
20363.706,batt.voltage_uv,3797000.0,cpu_all#0
20363.767,batt.voltage_uv,3797000.0,cpu_all#0
20364.964,batt.voltage_uv,3797000.0,cpu_all#0
20365.012,batt.voltage_uv,3797000.0,cpu_all#0
20366.185,batt.voltage_uv,3798000.0,cpu_all#0
20366.235,batt.voltage_uv,3798000.0,cpu_all#0
20367.403,batt.voltage_uv,3799000.0,cpu_all#0
20367.458,batt.voltage_uv,3799000.0,cpu_all#0
20368.639,batt.voltage_uv,3800000.0,cpu_all#0
20368.683,batt.voltage_uv,3800000.0,cpu_all#0
20369.883,batt.voltage_uv,3799000.0,cpu_all#0
20369.935,batt.voltage_uv,3799000.0,cpu_all#0
20371.094,batt.voltage_uv,3799000.0,cpu_all#0
20371.131,batt.voltage_uv,3799000.0,cpu_all#0
20372.335,batt.voltage_uv,3800000.0,cpu_all#0
20372.395,batt.voltage_uv,3800000.0,cpu_all#0
20372.495,batt.voltage_uv,3800000.0,cpu_all#0
20373.812,batt.voltage_uv,3785000.0,cpu_all#0
20373.845,batt.voltage_uv,3785000.0,cpu_all#0
20373.945,batt.voltage_uv,3785000.0,cpu_all#0
20375.205,batt.voltage_uv,3797000.0,cpu_all#0
20375.211,batt.voltage_uv,3797000.0,cpu_all#0
20375.308,batt.voltage_uv,3797000.0,cpu_all#0
20376.641,batt.voltage_uv,3798000.0,cpu_all#0
20376.740,batt.voltage_uv,3798000.0,cpu_all#0
20378.079,batt.voltage_uv,3800000.0,cpu_all#0
20378.107,batt.voltage_uv,3800000.0,cpu_all#0
20378.207,batt.voltage_uv,3800000.0,cpu_all#0
20379.528,batt.voltage_uv,3800000.0,cpu_all#0
20379.543,batt.voltage_uv,3800000.0,cpu_all#0
20380.698,batt.voltage_uv,3799000.0,cpu_all#0
20380.751,batt.voltage_uv,3799000.0,cpu_all#0
20380.851,batt.voltage_uv,3799000.0,cpu_all#0
20382.180,batt.voltage_uv,3799000.0,cpu_all#0
20382.215,batt.voltage_uv,3799000.0,cpu_all#0
20382.316,batt.voltage_uv,3799000.0,cpu_all#0
20382.416,batt.voltage_uv,3799000.0,cpu_all#0
20383.601,batt.voltage_uv,3778000.0,cpu_all#0
20383.658,batt.voltage_uv,3778000.0,cpu_all#0
20383.758,batt.voltage_uv,3778000.0,cpu_all#0
20385.057,batt.voltage_uv,3797000.0,cpu_all#0
20385.094,batt.voltage_uv,3797000.0,cpu_all#0
20386.449,batt.voltage_uv,3798000.0,cpu_all#0
20386.484,batt.voltage_uv,3798000.0,cpu_all#0
20387.691,batt.voltage_uv,3799000.0,cpu_all#0
20387.722,batt.voltage_uv,3799000.0,cpu_all#0
20387.822,batt.voltage_uv,3799000.0,cpu_all#0
20389.099,batt.voltage_uv,3799000.0,cpu_all#0
20389.143,batt.voltage_uv,3799000.0,cpu_all#0
20390.359,batt.voltage_uv,3800000.0,cpu_all#0
20390.395,batt.voltage_uv,3800000.0,cpu_all#0
20390.495,batt.voltage_uv,3800000.0,cpu_all#0
20391.558,batt.voltage_uv,3799000.0,cpu_all#0
20391.598,batt.voltage_uv,3799000.0,cpu_all#0
20392.800,batt.voltage_uv,3800000.0,cpu_all#0
20392.859,batt.voltage_uv,3800000.0,cpu_all#0
20393.105,batt.voltage_uv,3747000.0,cpu_all#0
20393.160,batt.voltage_uv,3747000.0,cpu_all#0
20393.260,batt.voltage_uv,3747000.0,cpu_all#0
20393.360,batt.voltage_uv,3747000.0,cpu_all#0
20394.281,batt.voltage_uv,3795000.0,cpu_all#0
20394.322,batt.voltage_uv,3795000.0,cpu_all#0
20394.422,batt.voltage_uv,3795000.0,cpu_all#0
20395.729,batt.voltage_uv,3799000.0,cpu_all#0
20395.772,batt.voltage_uv,3799000.0,cpu_all#0
20395.872,batt.voltage_uv,3799000.0,cpu_all#0
20397.147,batt.voltage_uv,3785000.0,cpu_all#0
20397.173,batt.voltage_uv,3785000.0,cpu_all#0
20397.274,batt.voltage_uv,3785000.0,cpu_all#0
20398.167,batt.voltage_uv,3797000.0,cpu_all#0
20398.212,batt.voltage_uv,3797000.0,cpu_all#0
20398.415,batt.voltage_uv,3561000.0,cpu_all#0
20398.509,batt.voltage_uv,3561000.0,cpu_all#0
20398.609,batt.voltage_uv,3561000.0,
20399.784,batt.voltage_uv,3797000.0,
20399.833,batt.voltage_uv,3797000.0,
20399.933,batt.voltage_uv,3797000.0,
20401.250,batt.voltage_uv,3797000.0,
20401.277,batt.voltage_uv,3797000.0,
20402.613,batt.voltage_uv,3798000.0,
20402.629,batt.voltage_uv,3798000.0,
20403.833,batt.voltage_uv,3797000.0,
20403.882,batt.voltage_uv,3797000.0,
20403.982,batt.voltage_uv,3797000.0,
20405.312,batt.voltage_uv,3799000.0,
20405.350,batt.voltage_uv,3799000.0,
20405.451,batt.voltage_uv,3799000.0,
20406.781,batt.voltage_uv,3799000.0,
20406.819,batt.voltage_uv,3799000.0,
20407.973,batt.voltage_uv,3799000.0,
20408.026,batt.voltage_uv,3799000.0,
20408.127,batt.voltage_uv,3799000.0,
20409.434,batt.voltage_uv,3785000.0,
20409.467,batt.voltage_uv,3785000.0,
20410.826,batt.voltage_uv,3794000.0,
20410.877,batt.voltage_uv,3794000.0,
20412.048,batt.voltage_uv,3796000.0,
20412.094,batt.voltage_uv,3796000.0,
20412.193,batt.voltage_uv,3796000.0,
20412.293,batt.voltage_uv,3796000.0,
20413.538,batt.voltage_uv,3799000.0,
20413.570,batt.voltage_uv,3799000.0,
20414.913,batt.voltage_uv,3798000.0,
20414.940,batt.voltage_uv,3798000.0,
20416.147,batt.voltage_uv,3800000.0,
20416.171,batt.voltage_uv,3800000.0,
20416.572,batt.voltage_uv,3766000.0,
20416.602,batt.voltage_uv,3766000.0,
20416.702,batt.voltage_uv,3766000.0,
20417.630,batt.voltage_uv,3796000.0,
20418.813,batt.voltage_uv,3798000.0,
20418.851,batt.voltage_uv,3798000.0,
20418.952,batt.voltage_uv,3798000.0,
20419.059,batt.voltage_uv,3798000.0,
20419.152,batt.voltage_uv,3798000.0,
20419.258,batt.voltage_uv,3798000.0,
20419.352,batt.voltage_uv,3798000.0,
20419.451,batt.voltage_uv,3798000.0,
20419.551,batt.voltage_uv,3798000.0,idle#1
20419.652,batt.voltage_uv,3798000.0,idle#1
20419.758,batt.voltage_uv,3798000.0,idle#1
20419.852,batt.voltage_uv,3798000.0,idle#1
20419.952,batt.voltage_uv,3798000.0,idle#1
20420.051,batt.voltage_uv,3798000.0,idle#1
20420.152,batt.voltage_uv,3798000.0,idle#1
20420.251,batt.voltage_uv,3798000.0,idle#1
20420.351,batt.voltage_uv,3798000.0,idle#1
20420.452,batt.voltage_uv,3798000.0,idle#1
20420.551,batt.voltage_uv,3798000.0,idle#1
20421.111,batt.voltage_uv,3785000.0,idle#1
20421.126,batt.voltage_uv,3785000.0,idle#1
20422.472,batt.voltage_uv,3794000.0,idle#1
20422.482,batt.voltage_uv,3794000.0,idle#1
20422.575,batt.voltage_uv,3794000.0,idle#1
20423.786,batt.voltage_uv,3797000.0,idle#1
20423.823,batt.voltage_uv,3797000.0,idle#1
20425.006,batt.voltage_uv,3795000.0,idle#1
20425.055,batt.voltage_uv,3795000.0,idle#1
20425.155,batt.voltage_uv,3795000.0,idle#1
20426.399,batt.voltage_uv,3795000.0,idle#1
20426.405,batt.voltage_uv,3795000.0,idle#1
20426.504,batt.voltage_uv,3795000.0,idle#1
20427.847,batt.voltage_uv,3780000.0,idle#1
20427.892,batt.voltage_uv,3780000.0,idle#1
20429.091,batt.voltage_uv,3778000.0,idle#1
20429.115,batt.voltage_uv,3778000.0,idle#1
20430.282,batt.voltage_uv,3777000.0,idle#1
20430.307,batt.voltage_uv,3777000.0,idle#1
20430.408,batt.voltage_uv,3777000.0,idle#1
20431.575,batt.voltage_uv,3779000.0,idle#1
20431.638,batt.voltage_uv,3779000.0,idle#1
20432.943,batt.voltage_uv,3792000.0,idle#1
20432.965,batt.voltage_uv,3792000.0,idle#1
20433.064,batt.voltage_uv,3792000.0,idle#1
20433.165,batt.voltage_uv,3792000.0,idle#1
20434.431,batt.voltage_uv,3797000.0,idle#1
20435.603,batt.voltage_uv,3798000.0,idle#1
20435.655,batt.voltage_uv,3798000.0,idle#1
20435.754,batt.voltage_uv,3798000.0,idle#1
20437.095,batt.voltage_uv,3797000.0,idle#1
20437.138,batt.voltage_uv,3797000.0,idle#1
20438.486,batt.voltage_uv,3797000.0,idle#1
20438.492,batt.voltage_uv,3797000.0,idle#1
20438.590,batt.voltage_uv,3797000.0,idle#1
20438.690,batt.voltage_uv,3797000.0,idle#1
20439.953,batt.voltage_uv,3797000.0,idle#1
20439.999,batt.voltage_uv,3797000.0,idle#1
20440.349,batt.voltage_uv,3770000.0,idle#1
20440.418,batt.voltage_uv,3770000.0,idle#1
20441.205,batt.voltage_uv,3794000.0,idle#1
20442.349,batt.voltage_uv,3797000.0,idle#1
20442.390,batt.voltage_uv,3797000.0,idle#1
20443.608,batt.voltage_uv,3798000.0,idle#1
20443.612,batt.voltage_uv,3798000.0,idle#1
20443.712,batt.voltage_uv,3798000.0,idle#1
20443.812,batt.voltage_uv,3798000.0,idle#1
20445.064,batt.voltage_uv,3798000.0,idle#1
20445.095,batt.voltage_uv,3798000.0,idle#1
20446.453,batt.voltage_uv,3787000.0,idle#1
20446.476,batt.voltage_uv,3787000.0,idle#1
20446.576,batt.voltage_uv,3787000.0,idle#1
20447.886,batt.voltage_uv,3798000.0,idle#1
20447.923,batt.voltage_uv,3798000.0,idle#1
20448.023,batt.voltage_uv,3798000.0,idle#1
20449.315,batt.voltage_uv,3798000.0,idle#1
20449.341,batt.voltage_uv,3798000.0,idle#1
20449.439,batt.voltage_uv,3798000.0,idle#1
20450.815,batt.voltage_uv,3798000.0,idle#1
20450.827,batt.voltage_uv,3798000.0,idle#1
20450.927,batt.voltage_uv,3798000.0,idle#1
20452.184,batt.voltage_uv,3797000.0,idle#1
20452.218,batt.voltage_uv,3797000.0,idle#1
20452.317,batt.voltage_uv,3797000.0,idle#1
20453.628,batt.voltage_uv,3798000.0,idle#1
20453.654,batt.voltage_uv,3798000.0,idle#1
20453.755,batt.voltage_uv,3798000.0,idle#1
20454.646,batt.voltage_uv,3796000.0,idle#1
20454.692,batt.voltage_uv,3796000.0,idle#1
20454.793,batt.voltage_uv,3796000.0,idle#1
20454.893,batt.voltage_uv,3796000.0,idle#1
20455.097,batt.voltage_uv,3734000.0,idle#1
20455.193,batt.voltage_uv,3734000.0,idle#1
20456.060,batt.voltage_uv,3793000.0,idle#1
20456.089,batt.voltage_uv,3793000.0,idle#1
20456.190,batt.voltage_uv,3793000.0,idle#1
20457.376,batt.voltage_uv,3796000.0,idle#1
20457.420,batt.voltage_uv,3796000.0,idle#1
20458.330,batt.voltage_uv,3795000.0,idle#1
20458.376,batt.voltage_uv,3795000.0,idle#1
20459.535,batt.voltage_uv,3796000.0,idle#1
20459.578,batt.voltage_uv,3796000.0,idle#1
20459.677,batt.voltage_uv,3796000.0,idle#1
20459.777,batt.voltage_uv,3796000.0,idle#1
20461.013,batt.voltage_uv,3795000.0,idle#1
20461.026,batt.voltage_uv,3795000.0,idle#1
20461.126,batt.voltage_uv,3795000.0,idle#1
20462.479,batt.voltage_uv,3786000.0,idle#1
20462.579,batt.voltage_uv,3786000.0,idle#1
20463.922,batt.voltage_uv,3797000.0,idle#1
20463.971,batt.voltage_uv,3797000.0,idle#1
20465.279,batt.voltage_uv,3796000.0,idle#1
20465.314,batt.voltage_uv,3796000.0,idle#1
20465.415,batt.voltage_uv,3796000.0,idle#1
20465.515,batt.voltage_uv,3796000.0,
20466.706,batt.voltage_uv,3797000.0,
20466.732,batt.voltage_uv,3797000.0,
20466.832,batt.voltage_uv,3797000.0,
20468.013,batt.voltage_uv,3797000.0,
20468.050,batt.voltage_uv,3797000.0,
20469.225,batt.voltage_uv,3796000.0,
20469.260,batt.voltage_uv,3796000.0,
20469.360,batt.voltage_uv,3796000.0,
20470.657,batt.voltage_uv,3796000.0,
20470.681,batt.voltage_uv,3796000.0,
20470.781,batt.voltage_uv,3796000.0,
20472.101,batt.voltage_uv,3795000.0,
20472.135,batt.voltage_uv,3795000.0,
20473.444,batt.voltage_uv,3781000.0,
20473.512,batt.voltage_uv,3781000.0,
20473.612,batt.voltage_uv,3781000.0,
20474.757,batt.voltage_uv,3782000.0,
20475.937,batt.voltage_uv,3783000.0,
20475.989,batt.voltage_uv,3783000.0,
20476.089,batt.voltage_uv,3783000.0,
20477.411,batt.voltage_uv,3797000.0,
20477.430,batt.voltage_uv,3797000.0,
20477.530,batt.voltage_uv,3797000.0,
20478.855,batt.voltage_uv,3798000.0,
20478.881,batt.voltage_uv,3798000.0,
20480.033,batt.voltage_uv,3798000.0,
20480.082,batt.voltage_uv,3798000.0,
20480.183,batt.voltage_uv,3798000.0,
20481.532,batt.voltage_uv,3796000.0,
20481.559,batt.voltage_uv,3796000.0,
20482.649,batt.voltage_uv,3781000.0,
20482.674,batt.voltage_uv,3781000.0,
20483.933,batt.voltage_uv,3797000.0,
20483.985,batt.voltage_uv,3797000.0,
20484.086,batt.voltage_uv,3797000.0,
20485.393,batt.voltage_uv,3797000.0,
20485.439,batt.voltage_uv,3797000.0,
20485.539,batt.voltage_uv,3797000.0,
20485.700,batt.voltage_uv,3564000.0,
20485.739,batt.voltage_uv,3564000.0,
20485.839,batt.voltage_uv,3564000.0,
20486.992,batt.voltage_uv,3780000.0,
20487.050,batt.voltage_uv,3780000.0,
20487.149,batt.voltage_uv,3780000.0,
20487.250,batt.voltage_uv,3780000.0,
20487.437,batt.voltage_uv,3616000.0,cpu1#1
20487.449,batt.voltage_uv,3616000.0,cpu1#1
20487.550,batt.voltage_uv,3616000.0,cpu1#1
20487.649,batt.voltage_uv,3616000.0,cpu1#1
20487.834,batt.voltage_uv,3550000.0,cpu1#1
20487.850,batt.voltage_uv,3550000.0,cpu1#1
20487.950,batt.voltage_uv,3550000.0,cpu1#1
20488.050,batt.voltage_uv,3550000.0,cpu1#1
20488.150,batt.voltage_uv,3550000.0,cpu1#1
20488.250,batt.voltage_uv,3550000.0,cpu1#1
20489.030,batt.voltage_uv,3790000.0,cpu1#1
20489.066,batt.voltage_uv,3790000.0,cpu1#1
20490.281,batt.voltage_uv,3793000.0,cpu1#1
20490.321,batt.voltage_uv,3793000.0,cpu1#1
20490.421,batt.voltage_uv,3793000.0,cpu1#1
20491.757,batt.voltage_uv,3795000.0,cpu1#1
20491.818,batt.voltage_uv,3795000.0,cpu1#1
20492.983,batt.voltage_uv,3794000.0,cpu1#1
20493.026,batt.voltage_uv,3794000.0,cpu1#1
20494.222,batt.voltage_uv,3796000.0,cpu1#1
20494.267,batt.voltage_uv,3796000.0,cpu1#1
20495.597,batt.voltage_uv,3781000.0,cpu1#1
20495.625,batt.voltage_uv,3781000.0,cpu1#1
20495.725,batt.voltage_uv,3781000.0,cpu1#1
20497.049,batt.voltage_uv,3794000.0,cpu1#1
20497.075,batt.voltage_uv,3794000.0,cpu1#1
20497.173,batt.voltage_uv,3794000.0,cpu1#1
20498.464,batt.voltage_uv,3795000.0,cpu1#1
20498.483,batt.voltage_uv,3795000.0,cpu1#1
20498.579,batt.voltage_uv,3795000.0,cpu1#1
20499.905,batt.voltage_uv,3795000.0,cpu1#1
20499.923,batt.voltage_uv,3795000.0,cpu1#1
20500.023,batt.voltage_uv,3795000.0,cpu1#1
20501.420,batt.voltage_uv,3794000.0,cpu1#1
20501.467,batt.voltage_uv,3794000.0,cpu1#1
20501.570,batt.voltage_uv,3794000.0,cpu1#1
20501.663,batt.voltage_uv,3794000.0,cpu1#1
20501.763,batt.voltage_uv,3794000.0,cpu1#1
20501.863,batt.voltage_uv,3794000.0,cpu1#1
20501.964,batt.voltage_uv,3794000.0,cpu1#1
20502.799,batt.voltage_uv,3788000.0,cpu1#1
20502.823,batt.voltage_uv,3788000.0,cpu1#1
20502.926,batt.voltage_uv,3788000.0,cpu1#1
20503.022,batt.voltage_uv,3788000.0,cpu1#1
20504.205,batt.voltage_uv,3776000.0,cpu1#1
20504.256,batt.voltage_uv,3776000.0,cpu1#1
20504.356,batt.voltage_uv,3776000.0,cpu1#1
20505.696,batt.voltage_uv,3792000.0,cpu1#1
20505.747,batt.voltage_uv,3792000.0,cpu1#1
20506.905,batt.voltage_uv,3794000.0,cpu1#1
20506.969,batt.voltage_uv,3794000.0,cpu1#1
20508.128,batt.voltage_uv,3793000.0,cpu1#1
20508.189,batt.voltage_uv,3793000.0,cpu1#1
20509.356,batt.voltage_uv,3794000.0,cpu1#1
20509.451,batt.voltage_uv,3794000.0,cpu1#1
20510.803,batt.voltage_uv,3795000.0,cpu1#1
20510.848,batt.voltage_uv,3794000.0,cpu1#1
20511.968,batt.voltage_uv,3794000.0,cpu1#1
20511.996,batt.voltage_uv,3794000.0,cpu1#1
20512.089,batt.voltage_uv,3794000.0,cpu1#1
20512.187,batt.voltage_uv,3794000.0,cpu1#1
20513.439,batt.voltage_uv,3795000.0,cpu1#1
20513.475,batt.voltage_uv,3795000.0,cpu1#1
20513.575,batt.voltage_uv,3795000.0,cpu1#1
20514.916,batt.voltage_uv,3794000.0,cpu1#1
20514.958,batt.voltage_uv,3794000.0,cpu1#1
20516.299,batt.voltage_uv,3795000.0,cpu1#1
20516.318,batt.voltage_uv,3795000.0,cpu1#1
20516.418,batt.voltage_uv,3795000.0,cpu1#1
20517.721,batt.voltage_uv,3781000.0,cpu1#1
20517.777,batt.voltage_uv,3781000.0,cpu1#1
20517.837,batt.voltage_uv,3781000.0,cpu1#1
20518.370,batt.voltage_uv,3790000.0,cpu1#1
20518.392,batt.voltage_uv,3790000.0,cpu1#1
20519.175,batt.voltage_uv,3792000.0,cpu1#1
20519.222,batt.voltage_uv,3792000.0,cpu1#1
20519.322,batt.voltage_uv,3792000.0,cpu1#1
20520.584,batt.voltage_uv,3795000.0,cpu1#1
20520.597,batt.voltage_uv,3795000.0,cpu1#1
20521.786,batt.voltage_uv,3796000.0,cpu1#1
20521.842,batt.voltage_uv,3796000.0,cpu1#1
20521.943,batt.voltage_uv,3796000.0,cpu1#1
20523.248,batt.voltage_uv,3795000.0,cpu1#1
20523.300,batt.voltage_uv,3795000.0,cpu1#1
20523.400,batt.voltage_uv,3795000.0,cpu1#1
20523.500,batt.voltage_uv,3795000.0,cpu1#1
20524.748,batt.voltage_uv,3794000.0,cpu1#1
20524.760,batt.voltage_uv,3794000.0,cpu1#1
20524.860,batt.voltage_uv,3794000.0,cpu1#1
20525.324,batt.voltage_uv,3786000.0,cpu1#1
20525.373,batt.voltage_uv,3786000.0,cpu1#1
20525.474,batt.voltage_uv,3786000.0,cpu1#1
20525.956,batt.voltage_uv,3785000.0,cpu1#1
20526.016,batt.voltage_uv,3785000.0,cpu1#1
20527.344,batt.voltage_uv,3792000.0,cpu1#1
20527.390,batt.voltage_uv,3792000.0,cpu1#1
20528.559,batt.voltage_uv,3794000.0,cpu1#1
20528.601,batt.voltage_uv,3794000.0,cpu1#1
20529.808,batt.voltage_uv,3795000.0,cpu1#1
20529.839,batt.voltage_uv,3795000.0,cpu1#1
20531.032,batt.voltage_uv,3795000.0,cpu1#1
20531.057,batt.voltage_uv,3795000.0,cpu1#1
20532.243,batt.voltage_uv,3796000.0,cpu1#1
20532.288,batt.voltage_uv,3796000.0,cpu1#1
20532.389,batt.voltage_uv,3796000.0,cpu1#1
20533.151,batt.voltage_uv,3793000.0,cpu1#1
20533.175,batt.voltage_uv,3793000.0,cpu1#1
20533.386,batt.voltage_uv,3717000.0,cpu1#1
20533.475,batt.voltage_uv,3717000.0,
20533.576,batt.voltage_uv,3717000.0,
20533.675,batt.voltage_uv,3717000.0,
20534.965,batt.voltage_uv,3779000.0,
20534.969,batt.voltage_uv,3779000.0,
20536.181,batt.voltage_uv,3780000.0,
20536.201,batt.voltage_uv,3780000.0,
20536.301,batt.voltage_uv,3780000.0,
20537.596,batt.voltage_uv,3791000.0,
20537.645,batt.voltage_uv,3791000.0,
20537.746,batt.voltage_uv,3791000.0,
20537.845,batt.voltage_uv,3791000.0,
20539.091,batt.voltage_uv,3794000.0,
20539.120,batt.voltage_uv,3794000.0,
20540.471,batt.voltage_uv,3795000.0,
20541.667,batt.voltage_uv,3796000.0,
20541.695,batt.voltage_uv,3796000.0,
20542.901,batt.voltage_uv,3796000.0,
20542.929,batt.voltage_uv,3796000.0,
20543.030,batt.voltage_uv,3796000.0,
20544.186,batt.voltage_uv,3795000.0,
20544.229,batt.voltage_uv,3795000.0,
20545.435,batt.voltage_uv,3796000.0,
20545.452,batt.voltage_uv,3796000.0,
20546.804,batt.voltage_uv,3795000.0,
20546.825,batt.voltage_uv,3795000.0,
20546.925,batt.voltage_uv,3795000.0,
20548.095,batt.voltage_uv,3795000.0,
20548.121,batt.voltage_uv,3795000.0,
20549.305,batt.voltage_uv,3796000.0,
20549.335,batt.voltage_uv,3796000.0,
20549.432,batt.voltage_uv,3796000.0,
20550.740,batt.voltage_uv,3795000.0,
20550.770,batt.voltage_uv,3795000.0,
20550.870,batt.voltage_uv,3795000.0,
20552.168,batt.voltage_uv,3778000.0,
20552.192,batt.voltage_uv,3778000.0,
20553.400,batt.voltage_uv,3779000.0,
20553.416,batt.voltage_uv,3779000.0,
20553.805,batt.voltage_uv,3768000.0,
20553.879,batt.voltage_uv,3768000.0,
20553.978,batt.voltage_uv,3768000.0,
20554.232,batt.voltage_uv,3545000.0,
20554.292,batt.voltage_uv,3545000.0,
20554.397,batt.voltage_uv,3545000.0,
20554.493,batt.voltage_uv,3545000.0,
20554.668,batt.voltage_uv,3528000.0,
20554.695,batt.voltage_uv,3528000.0,
20554.794,batt.voltage_uv,3528000.0,cpu_all#1
20554.894,batt.voltage_uv,3528000.0,cpu_all#1
20554.994,batt.voltage_uv,3528000.0,cpu_all#1
20555.094,batt.voltage_uv,3528000.0,cpu_all#1
20556.258,batt.voltage_uv,3790000.0,cpu_all#1
20556.298,batt.voltage_uv,3790000.0,cpu_all#1
20557.456,batt.voltage_uv,3792000.0,cpu_all#1
20557.498,batt.voltage_uv,3792000.0,cpu_all#1
20557.597,batt.voltage_uv,3792000.0,cpu_all#1
20558.902,batt.voltage_uv,3794000.0,cpu_all#1
20558.930,batt.voltage_uv,3794000.0,cpu_all#1
20560.119,batt.voltage_uv,3793000.0,cpu_all#1
20560.184,batt.voltage_uv,3793000.0,cpu_all#1
20560.284,batt.voltage_uv,3793000.0,cpu_all#1
20561.598,batt.voltage_uv,3793000.0,cpu_all#1
20561.643,batt.voltage_uv,3793000.0,cpu_all#1
20561.744,batt.voltage_uv,3793000.0,cpu_all#1
20563.011,batt.voltage_uv,3792000.0,cpu_all#1
20563.053,batt.voltage_uv,3792000.0,cpu_all#1
20564.210,batt.voltage_uv,3793000.0,cpu_all#1
20564.270,batt.voltage_uv,3793000.0,cpu_all#1
20564.370,batt.voltage_uv,3793000.0,cpu_all#1
20565.705,batt.voltage_uv,3776000.0,cpu_all#1
20565.719,batt.voltage_uv,3776000.0,cpu_all#1
20565.819,batt.voltage_uv,3776000.0,cpu_all#1
20567.161,batt.voltage_uv,3788000.0,cpu_all#1
20567.173,batt.voltage_uv,3788000.0,cpu_all#1
20568.373,batt.voltage_uv,3788000.0,cpu_all#1
20568.376,batt.voltage_uv,3788000.0,cpu_all#1
20568.477,batt.voltage_uv,3788000.0,cpu_all#1
20569.756,batt.voltage_uv,3795000.0,cpu_all#1
20569.768,batt.voltage_uv,3795000.0,cpu_all#1
20569.869,batt.voltage_uv,3795000.0,cpu_all#1
20569.969,batt.voltage_uv,3794000.0,cpu_all#1
20571.164,batt.voltage_uv,3794000.0,cpu_all#1
20571.191,batt.voltage_uv,3794000.0,cpu_all#1
20571.293,batt.voltage_uv,3794000.0,cpu_all#1
20571.391,batt.voltage_uv,3794000.0,cpu_all#1
20572.667,batt.voltage_uv,3794000.0,cpu_all#1
20572.680,batt.voltage_uv,3794000.0,cpu_all#1
20572.780,batt.voltage_uv,3794000.0,cpu_all#1
20574.065,batt.voltage_uv,3794000.0,cpu_all#1
20574.105,batt.voltage_uv,3794000.0,cpu_all#1
20574.203,batt.voltage_uv,3794000.0,cpu_all#1
20574.303,batt.voltage_uv,3794000.0,cpu_all#1
20574.403,batt.voltage_uv,3794000.0,cpu_all#1
20574.504,batt.voltage_uv,3794000.0,cpu_all#1
20574.604,batt.voltage_uv,3794000.0,cpu_all#1
20574.704,batt.voltage_uv,3794000.0,cpu_all#1
20574.803,batt.voltage_uv,3794000.0,cpu_all#1
20574.904,batt.voltage_uv,3794000.0,cpu_all#1
20575.004,batt.voltage_uv,3794000.0,cpu_all#1
20575.103,batt.voltage_uv,3794000.0,cpu_all#1
20575.204,batt.voltage_uv,3794000.0,cpu_all#1
20575.303,batt.voltage_uv,3794000.0,cpu_all#1
20575.404,batt.voltage_uv,3794000.0,cpu_all#1
20575.504,batt.voltage_uv,3794000.0,cpu_all#1
20575.604,batt.voltage_uv,3794000.0,cpu_all#1
20575.703,batt.voltage_uv,3794000.0,cpu_all#1
20575.804,batt.voltage_uv,3794000.0,cpu_all#1
20575.904,batt.voltage_uv,3794000.0,cpu_all#1
20576.003,batt.voltage_uv,3794000.0,cpu_all#1
20576.104,batt.voltage_uv,3794000.0,cpu_all#1
20576.204,batt.voltage_uv,3794000.0,cpu_all#1
20576.303,batt.voltage_uv,3794000.0,cpu_all#1
20576.404,batt.voltage_uv,3794000.0,cpu_all#1
20576.504,batt.voltage_uv,3794000.0,cpu_all#1
20576.603,batt.voltage_uv,3794000.0,cpu_all#1
20576.704,batt.voltage_uv,3794000.0,cpu_all#1
20576.803,batt.voltage_uv,3794000.0,cpu_all#1
20576.904,batt.voltage_uv,3794000.0,cpu_all#1
20577.004,batt.voltage_uv,3794000.0,cpu_all#1
20577.104,batt.voltage_uv,3794000.0,cpu_all#1
20577.204,batt.voltage_uv,3794000.0,cpu_all#1
20577.303,batt.voltage_uv,3794000.0,cpu_all#1
20577.404,batt.voltage_uv,3794000.0,cpu_all#1
20577.504,batt.voltage_uv,3794000.0,cpu_all#1
20577.604,batt.voltage_uv,3794000.0,cpu_all#1
20577.703,batt.voltage_uv,3794000.0,cpu_all#1
20577.808,batt.voltage_uv,3794000.0,cpu_all#1
20577.905,batt.voltage_uv,3794000.0,cpu_all#1
20578.005,batt.voltage_uv,3794000.0,cpu_all#1
20578.105,batt.voltage_uv,3794000.0,cpu_all#1
20578.205,batt.voltage_uv,3794000.0,cpu_all#1
20578.305,batt.voltage_uv,3794000.0,cpu_all#1
20578.405,batt.voltage_uv,3794000.0,cpu_all#1
20578.504,batt.voltage_uv,3794000.0,cpu_all#1
20578.606,batt.voltage_uv,3794000.0,cpu_all#1
20578.706,batt.voltage_uv,3794000.0,cpu_all#1
20578.805,batt.voltage_uv,3794000.0,cpu_all#1
20578.906,batt.voltage_uv,3794000.0,cpu_all#1
20579.006,batt.voltage_uv,3794000.0,cpu_all#1
20579.106,batt.voltage_uv,3794000.0,cpu_all#1
20579.206,batt.voltage_uv,3794000.0,cpu_all#1
20579.306,batt.voltage_uv,3794000.0,cpu_all#1
20579.406,batt.voltage_uv,3794000.0,cpu_all#1
20579.508,batt.voltage_uv,3794000.0,cpu_all#1
20579.605,batt.voltage_uv,3794000.0,cpu_all#1
20579.706,batt.voltage_uv,3794000.0,cpu_all#1
20579.811,batt.voltage_uv,3794000.0,cpu_all#1
20579.906,batt.voltage_uv,3794000.0,cpu_all#1
20580.006,batt.voltage_uv,3794000.0,cpu_all#1
20580.105,batt.voltage_uv,3794000.0,cpu_all#1
20580.206,batt.voltage_uv,3794000.0,cpu_all#1
20580.308,batt.voltage_uv,3794000.0,cpu_all#1
20580.404,batt.voltage_uv,3794000.0,cpu_all#1
20580.505,batt.voltage_uv,3794000.0,cpu_all#1
20580.606,batt.voltage_uv,3794000.0,cpu_all#1
20580.706,batt.voltage_uv,3794000.0,cpu_all#1
20580.811,batt.voltage_uv,3794000.0,cpu_all#1
20580.904,batt.voltage_uv,3794000.0,cpu_all#1
20581.288,batt.voltage_uv,3748000.0,cpu_all#1
20581.296,batt.voltage_uv,3748000.0,cpu_all#1
20581.397,batt.voltage_uv,3748000.0,cpu_all#1
20581.496,batt.voltage_uv,3748000.0,cpu_all#1
20582.627,batt.voltage_uv,3781000.0,cpu_all#1
20582.646,batt.voltage_uv,3781000.0,cpu_all#1
20582.746,batt.voltage_uv,3781000.0,cpu_all#1
20583.907,batt.voltage_uv,3784000.0,cpu_all#1
20583.928,batt.voltage_uv,3784000.0,cpu_all#1
20584.028,batt.voltage_uv,3784000.0,cpu_all#1
20585.344,batt.voltage_uv,3784000.0,cpu_all#1
20585.372,batt.voltage_uv,3784000.0,cpu_all#1
20585.471,batt.voltage_uv,3784000.0,cpu_all#1
20586.779,batt.voltage_uv,3775000.0,cpu_all#1
20586.814,batt.voltage_uv,3775000.0,cpu_all#1
20586.914,batt.voltage_uv,3775000.0,cpu_all#1
20588.165,batt.voltage_uv,3784000.0,cpu_all#1
20588.184,batt.voltage_uv,3784000.0,cpu_all#1
20589.379,batt.voltage_uv,3787000.0,cpu_all#1
20589.433,batt.voltage_uv,3787000.0,cpu_all#1
20589.533,batt.voltage_uv,3787000.0,cpu_all#1
20590.683,batt.voltage_uv,3787000.0,cpu_all#1
20590.744,batt.voltage_uv,3787000.0,cpu_all#1
20592.131,batt.voltage_uv,3790000.0,cpu_all#1
20592.137,batt.voltage_uv,3790000.0,cpu_all#1
20593.381,batt.voltage_uv,3787000.0,cpu_all#1
20593.459,batt.voltage_uv,3787000.0,cpu_all#1
20593.797,batt.voltage_uv,3768000.0,cpu_all#1
20593.825,batt.voltage_uv,3768000.0,cpu_all#1
20593.925,batt.voltage_uv,3768000.0,cpu_all#1
20594.784,batt.voltage_uv,3784000.0,cpu_all#1
20594.835,batt.voltage_uv,3784000.0,cpu_all#1
20596.153,batt.voltage_uv,3785000.0,cpu_all#1
20596.201,batt.voltage_uv,3785000.0,cpu_all#1
20597.404,batt.voltage_uv,3787000.0,cpu_all#1
20597.455,batt.voltage_uv,3787000.0,cpu_all#1
20598.809,batt.voltage_uv,3780000.0,cpu_all#1
20598.830,batt.voltage_uv,3780000.0,cpu_all#1
20598.928,batt.voltage_uv,3780000.0,cpu_all#1
20600.115,batt.voltage_uv,3782000.0,cpu_all#1
20600.145,batt.voltage_uv,3782000.0,cpu_all#1
20600.245,batt.voltage_uv,3782000.0,cpu_all#1
20600.457,batt.voltage_uv,3546000.0,cpu_all#1
20600.547,batt.voltage_uv,3546000.0,
20600.646,batt.voltage_uv,3546000.0,
20600.745,batt.voltage_uv,3546000.0,
20600.845,batt.voltage_uv,3546000.0,
20600.945,batt.voltage_uv,3546000.0,
20601.045,batt.voltage_uv,3546000.0,
20601.882,batt.voltage_uv,3784000.0,
20601.945,batt.voltage_uv,3784000.0,
20602.045,batt.voltage_uv,3784000.0,
20603.355,batt.voltage_uv,3787000.0,
20603.405,batt.voltage_uv,3787000.0,
20603.506,batt.voltage_uv,3787000.0,
20604.825,batt.voltage_uv,3788000.0,
20604.853,batt.voltage_uv,3788000.0,
20606.067,batt.voltage_uv,3788000.0,
20606.096,batt.voltage_uv,3788000.0,
20607.436,batt.voltage_uv,3789000.0,
20607.457,batt.voltage_uv,3789000.0,
20608.642,batt.voltage_uv,3788000.0,
20608.681,batt.voltage_uv,3788000.0,
20608.781,batt.voltage_uv,3788000.0,
20610.128,batt.voltage_uv,3775000.0,
20610.180,batt.voltage_uv,3775000.0,
20611.359,batt.voltage_uv,3776000.0,
20611.396,batt.voltage_uv,3776000.0,
20611.496,batt.voltage_uv,3776000.0,
20612.756,batt.voltage_uv,3789000.0,
20612.791,batt.voltage_uv,3789000.0,
20612.892,batt.voltage_uv,3789000.0,
20614.219,batt.voltage_uv,3789000.0,
20614.237,batt.voltage_uv,3789000.0,
20615.436,batt.voltage_uv,3791000.0,
20615.459,batt.voltage_uv,3791000.0,
20615.559,batt.voltage_uv,3791000.0,
20616.907,batt.voltage_uv,3791000.0,
20616.915,batt.voltage_uv,3791000.0,
20617.015,batt.voltage_uv,3791000.0,
20618.293,batt.voltage_uv,3791000.0,
20618.321,batt.voltage_uv,3791000.0,
20618.421,batt.voltage_uv,3791000.0,
20619.859,batt.voltage_uv,3790000.0,
20619.868,batt.voltage_uv,3790000.0,
20620.797,batt.voltage_uv,3789000.0,
20620.844,batt.voltage_uv,3789000.0,
20620.960,batt.voltage_uv,3736000.0,
20621.045,batt.voltage_uv,3736000.0,
20621.145,batt.voltage_uv,3532000.0,
20621.245,batt.voltage_uv,3532000.0,
20621.345,batt.voltage_uv,3532000.0,
20621.444,batt.voltage_uv,3532000.0,
20621.545,batt.voltage_uv,3532000.0,
20621.645,batt.voltage_uv,3532000.0,
20621.855,batt.voltage_uv,3541000.0,
20621.945,batt.voltage_uv,3541000.0,idle#2
20622.045,batt.voltage_uv,3541000.0,idle#2
20622.145,batt.voltage_uv,3541000.0,idle#2
20622.244,batt.voltage_uv,3541000.0,idle#2
20622.344,batt.voltage_uv,3541000.0,idle#2
20622.445,batt.voltage_uv,3541000.0,idle#2
20622.545,batt.voltage_uv,3541000.0,idle#2
20623.803,batt.voltage_uv,3785000.0,idle#2
20623.894,batt.voltage_uv,3785000.0,idle#2
20625.096,batt.voltage_uv,3788000.0,idle#2
20625.126,batt.voltage_uv,3788000.0,idle#2
20626.328,batt.voltage_uv,3788000.0,idle#2
20626.366,batt.voltage_uv,3788000.0,idle#2
20627.693,batt.voltage_uv,3787000.0,idle#2
20627.736,batt.voltage_uv,3787000.0,idle#2
20627.836,batt.voltage_uv,3787000.0,idle#2
20629.169,batt.voltage_uv,3788000.0,idle#2
20629.205,batt.voltage_uv,3788000.0,idle#2
20630.377,batt.voltage_uv,3789000.0,idle#2
20630.429,batt.voltage_uv,3789000.0,idle#2
20631.765,batt.voltage_uv,3788000.0,idle#2
20631.821,batt.voltage_uv,3788000.0,idle#2
20631.922,batt.voltage_uv,3788000.0,idle#2
20633.251,batt.voltage_uv,3790000.0,idle#2
20633.309,batt.voltage_uv,3790000.0,idle#2
20633.409,batt.voltage_uv,3790000.0,idle#2
20634.717,batt.voltage_uv,3772000.0,idle#2
20634.774,batt.voltage_uv,3772000.0,idle#2
20635.926,batt.voltage_uv,3771000.0,idle#2
20635.990,batt.voltage_uv,3771000.0,idle#2
20637.168,batt.voltage_uv,3772000.0,idle#2
20637.219,batt.voltage_uv,3772000.0,idle#2
20638.375,batt.voltage_uv,3772000.0,idle#2
20638.436,batt.voltage_uv,3772000.0,idle#2
20639.617,batt.voltage_uv,3771000.0,idle#2
20639.659,batt.voltage_uv,3771000.0,idle#2
20640.815,batt.voltage_uv,3776000.0,idle#2
20640.862,batt.voltage_uv,3776000.0,idle#2
20642.046,batt.voltage_uv,3777000.0,idle#2
20642.091,batt.voltage_uv,3777000.0,idle#2
20642.191,batt.voltage_uv,3777000.0,idle#2
20643.492,batt.voltage_uv,3789000.0,idle#2
20643.511,batt.voltage_uv,3789000.0,idle#2
20643.611,batt.voltage_uv,3789000.0,idle#2
20644.926,batt.voltage_uv,3789000.0,idle#2
20644.959,batt.voltage_uv,3789000.0,idle#2
20645.059,batt.voltage_uv,3789000.0,idle#2
20646.384,batt.voltage_uv,3790000.0,idle#2
20646.400,batt.voltage_uv,3790000.0,idle#2
20647.581,batt.voltage_uv,3791000.0,idle#2
20647.603,batt.voltage_uv,3791000.0,idle#2
20647.703,batt.voltage_uv,3791000.0,idle#2
20648.993,batt.voltage_uv,3790000.0,idle#2
20649.034,batt.voltage_uv,3790000.0,idle#2
20649.134,batt.voltage_uv,3790000.0,idle#2
20650.433,batt.voltage_uv,3790000.0,idle#2
20650.476,batt.voltage_uv,3790000.0,idle#2
20650.576,batt.voltage_uv,3790000.0,idle#2
20650.676,batt.voltage_uv,3790000.0,idle#2
20651.929,batt.voltage_uv,3775000.0,idle#2
20651.952,batt.voltage_uv,3775000.0,idle#2
20652.052,batt.voltage_uv,3775000.0,idle#2
20653.296,batt.voltage_uv,3790000.0,idle#2
20653.303,batt.voltage_uv,3790000.0,idle#2
20653.403,batt.voltage_uv,3790000.0,idle#2
20654.713,batt.voltage_uv,3790000.0,idle#2
20654.791,batt.voltage_uv,3790000.0,idle#2
20655.967,batt.voltage_uv,3790000.0,idle#2
20656.034,batt.voltage_uv,3790000.0,idle#2
20656.400,batt.voltage_uv,3731000.0,idle#2
20656.412,batt.voltage_uv,3731000.0,idle#2
20656.512,batt.voltage_uv,3731000.0,idle#2
20657.421,batt.voltage_uv,3789000.0,idle#2
20657.460,batt.voltage_uv,3789000.0,idle#2
20657.561,batt.voltage_uv,3789000.0,idle#2
20658.895,batt.voltage_uv,3792000.0,idle#2
20658.929,batt.voltage_uv,3792000.0,idle#2
20659.029,batt.voltage_uv,3792000.0,idle#2
20660.330,batt.voltage_uv,3789000.0,idle#2
20660.376,batt.voltage_uv,3789000.0,idle#2
20661.722,batt.voltage_uv,3775000.0,idle#2
20661.731,batt.voltage_uv,3775000.0,idle#2
20661.831,batt.voltage_uv,3775000.0,idle#2
20663.193,batt.voltage_uv,3790000.0,idle#2
20663.218,batt.voltage_uv,3790000.0,idle#2
20664.567,batt.voltage_uv,3792000.0,idle#2
20664.617,batt.voltage_uv,3792000.0,idle#2
20665.969,batt.voltage_uv,3791000.0,idle#2
20666.015,batt.voltage_uv,3791000.0,idle#2
20666.114,batt.voltage_uv,3791000.0,idle#2
20667.439,batt.voltage_uv,3791000.0,idle#2
20667.483,batt.voltage_uv,3791000.0,idle#2
20667.583,batt.voltage_uv,3791000.0,idle#2
20667.758,batt.voltage_uv,3542000.0,idle#2
20667.782,batt.voltage_uv,3542000.0,
20667.882,batt.voltage_uv,3542000.0,
20669.070,batt.voltage_uv,3775000.0,
20669.103,batt.voltage_uv,3775000.0,
20670.350,batt.voltage_uv,3776000.0,
20670.427,batt.voltage_uv,3776000.0,
20670.527,batt.voltage_uv,3776000.0,
20670.649,batt.voltage_uv,3535000.0,
20670.726,batt.voltage_uv,3535000.0,
20670.827,batt.voltage_uv,3535000.0,
20671.768,batt.voltage_uv,3787000.0,
20671.797,batt.voltage_uv,3787000.0,
20672.988,batt.voltage_uv,3787000.0,
20673.044,batt.voltage_uv,3787000.0,
20674.379,batt.voltage_uv,3790000.0,
20674.426,batt.voltage_uv,3790000.0,
20674.527,batt.voltage_uv,3790000.0,
20675.682,batt.voltage_uv,3790000.0,
20675.734,batt.voltage_uv,3790000.0,
20677.061,batt.voltage_uv,3790000.0,
20677.084,batt.voltage_uv,3790000.0,
20677.185,batt.voltage_uv,3790000.0,
20678.533,batt.voltage_uv,3790000.0,
20678.547,batt.voltage_uv,3790000.0,
20678.647,batt.voltage_uv,3790000.0,
20679.947,batt.voltage_uv,3792000.0,
20679.981,batt.voltage_uv,3792000.0,
20680.081,batt.voltage_uv,3792000.0,
20681.354,batt.voltage_uv,3790000.0,
20681.408,batt.voltage_uv,3790000.0,
20682.570,batt.voltage_uv,3791000.0,
20682.635,batt.voltage_uv,3791000.0,
20682.735,batt.voltage_uv,3791000.0,
20684.068,batt.voltage_uv,3788000.0,
20684.092,batt.voltage_uv,3788000.0,
20684.191,batt.voltage_uv,3788000.0,
20685.520,batt.voltage_uv,3790000.0,
20686.694,batt.voltage_uv,3791000.0,
20686.793,batt.voltage_uv,3791000.0,
20688.113,batt.voltage_uv,3790000.0,
20688.133,batt.voltage_uv,3790000.0,
20688.235,batt.voltage_uv,3790000.0,
20688.333,batt.voltage_uv,3790000.0,
20689.543,batt.voltage_uv,3789000.0,
20689.587,batt.voltage_uv,3789000.0,
20689.688,batt.voltage_uv,3789000.0,
20689.788,batt.voltage_uv,3789000.0,
20689.994,batt.voltage_uv,3723000.0,
20690.087,batt.voltage_uv,3723000.0,cpu1#2
20690.187,batt.voltage_uv,3723000.0,cpu1#2
20690.395,batt.voltage_uv,3517000.0,cpu1#2
20690.488,batt.voltage_uv,3517000.0,cpu1#2
20690.588,batt.voltage_uv,3517000.0,cpu1#2
20690.688,batt.voltage_uv,3517000.0,cpu1#2
20691.985,batt.voltage_uv,3787000.0,cpu1#2
20691.997,batt.voltage_uv,3787000.0,cpu1#2
20692.098,batt.voltage_uv,3787000.0,cpu1#2
20693.285,batt.voltage_uv,3788000.0,cpu1#2
20693.301,batt.voltage_uv,3788000.0,cpu1#2
20694.510,batt.voltage_uv,3789000.0,cpu1#2
20695.714,batt.voltage_uv,3789000.0,cpu1#2
20695.762,batt.voltage_uv,3789000.0,cpu1#2
20695.861,batt.voltage_uv,3789000.0,cpu1#2
20695.961,batt.voltage_uv,3789000.0,cpu1#2
20697.173,batt.voltage_uv,3789000.0,cpu1#2
20697.205,batt.voltage_uv,3789000.0,cpu1#2
20698.414,batt.voltage_uv,3790000.0,cpu1#2
20698.437,batt.voltage_uv,3790000.0,cpu1#2
20699.621,batt.voltage_uv,3789000.0,cpu1#2
20699.650,batt.voltage_uv,3789000.0,cpu1#2
20699.751,batt.voltage_uv,3789000.0,cpu1#2
20701.077,batt.voltage_uv,3771000.0,cpu1#2
20701.104,batt.voltage_uv,3771000.0,cpu1#2
20702.456,batt.voltage_uv,3786000.0,cpu1#2
20702.473,batt.voltage_uv,3786000.0,cpu1#2
20702.573,batt.voltage_uv,3786000.0,cpu1#2
20703.925,batt.voltage_uv,3790000.0,cpu1#2
20703.982,batt.voltage_uv,3790000.0,cpu1#2
20705.154,batt.voltage_uv,3790000.0,cpu1#2
20705.198,batt.voltage_uv,3790000.0,cpu1#2
20705.298,batt.voltage_uv,3790000.0,cpu1#2
20706.570,batt.voltage_uv,3789000.0,cpu1#2
20706.604,batt.voltage_uv,3789000.0,cpu1#2
20706.704,batt.voltage_uv,3789000.0,cpu1#2
20708.005,batt.voltage_uv,3789000.0,cpu1#2
20708.027,batt.voltage_uv,3789000.0,cpu1#2
20709.242,batt.voltage_uv,3791000.0,cpu1#2
20709.269,batt.voltage_uv,3791000.0,cpu1#2
20710.639,batt.voltage_uv,3790000.0,cpu1#2
20710.705,batt.voltage_uv,3790000.0,cpu1#2
20712.054,batt.voltage_uv,3776000.0,cpu1#2
20712.105,batt.voltage_uv,3776000.0,cpu1#2
20712.204,batt.voltage_uv,3776000.0,cpu1#2
20713.516,batt.voltage_uv,3785000.0,cpu1#2
20713.565,batt.voltage_uv,3785000.0,cpu1#2
20714.716,batt.voltage_uv,3784000.0,cpu1#2
20714.796,batt.voltage_uv,3784000.0,cpu1#2
20714.896,batt.voltage_uv,3784000.0,cpu1#2
20716.235,batt.voltage_uv,3791000.0,cpu1#2
20717.397,batt.voltage_uv,3791000.0,cpu1#2
20717.450,batt.voltage_uv,3791000.0,cpu1#2
20718.634,batt.voltage_uv,3792000.0,cpu1#2
20718.645,batt.voltage_uv,3792000.0,cpu1#2
20718.746,batt.voltage_uv,3792000.0,cpu1#2
20720.083,batt.voltage_uv,3791000.0,cpu1#2
20720.130,batt.voltage_uv,3791000.0,cpu1#2
20720.230,batt.voltage_uv,3791000.0,cpu1#2
20721.561,batt.voltage_uv,3791000.0,cpu1#2
20721.597,batt.voltage_uv,3791000.0,cpu1#2
20722.917,batt.voltage_uv,3790000.0,cpu1#2
20722.975,batt.voltage_uv,3790000.0,cpu1#2
20723.075,batt.voltage_uv,3790000.0,cpu1#2
20724.403,batt.voltage_uv,3789000.0,cpu1#2
20724.474,batt.voltage_uv,3789000.0,cpu1#2
20725.787,batt.voltage_uv,3780000.0,cpu1#2
20725.847,batt.voltage_uv,3780000.0,cpu1#2
20727.025,batt.voltage_uv,3782000.0,cpu1#2
20727.091,batt.voltage_uv,3782000.0,cpu1#2
20728.235,batt.voltage_uv,3780000.0,cpu1#2
20728.295,batt.voltage_uv,3780000.0,cpu1#2
20729.455,batt.voltage_uv,3779000.0,cpu1#2
20729.535,batt.voltage_uv,3779000.0,cpu1#2
20729.635,batt.voltage_uv,3779000.0,cpu1#2
20730.980,batt.voltage_uv,3792000.0,cpu1#2
20730.999,batt.voltage_uv,3792000.0,cpu1#2
20732.172,batt.voltage_uv,3790000.0,cpu1#2
20732.206,batt.voltage_uv,3790000.0,cpu1#2
20732.307,batt.voltage_uv,3790000.0,cpu1#2
20733.603,batt.voltage_uv,3790000.0,cpu1#2
20733.643,batt.voltage_uv,3790000.0,cpu1#2
20733.743,batt.voltage_uv,3790000.0,cpu1#2
20735.038,batt.voltage_uv,3790000.0,cpu1#2
20735.082,batt.voltage_uv,3790000.0,cpu1#2
20735.166,batt.voltage_uv,3790000.0,cpu1#2
20736.041,batt.voltage_uv,3789000.0,cpu1#2
20736.082,batt.voltage_uv,3789000.0,cpu1#2
20736.182,batt.voltage_uv,3789000.0,cpu1#2
20736.281,batt.voltage_uv,3789000.0,
20737.497,batt.voltage_uv,3789000.0,
20737.539,batt.voltage_uv,3789000.0,
20738.903,batt.voltage_uv,3790000.0,
20738.935,batt.voltage_uv,3790000.0,
20739.035,batt.voltage_uv,3790000.0,
20740.362,batt.voltage_uv,3789000.0,
20740.383,batt.voltage_uv,3789000.0,
20740.479,batt.voltage_uv,3789000.0,
20741.809,batt.voltage_uv,3780000.0,
20741.845,batt.voltage_uv,3780000.0,
20743.206,batt.voltage_uv,3792000.0,
20743.221,batt.voltage_uv,3792000.0,
20743.321,batt.voltage_uv,3792000.0,
20744.657,batt.voltage_uv,3789000.0,
20744.733,batt.voltage_uv,3789000.0,
20745.858,batt.voltage_uv,3787000.0,
20745.890,batt.voltage_uv,3787000.0,
20745.985,batt.voltage_uv,3787000.0,
20747.124,batt.voltage_uv,3790000.0,
20748.306,batt.voltage_uv,3790000.0,
20748.366,batt.voltage_uv,3790000.0,
20749.552,batt.voltage_uv,3790000.0,
20749.596,batt.voltage_uv,3790000.0,
20749.697,batt.voltage_uv,3790000.0,
20750.834,batt.voltage_uv,3790000.0,
20750.907,batt.voltage_uv,3790000.0,
20752.065,batt.voltage_uv,3789000.0,
20752.115,batt.voltage_uv,3789000.0,
20753.273,batt.voltage_uv,3790000.0,
20753.302,batt.voltage_uv,3790000.0,
20754.489,batt.voltage_uv,3791000.0,
20754.540,batt.voltage_uv,3791000.0,
20756.116,batt.voltage_uv,3792000.0,
20756.147,batt.voltage_uv,3792000.0,
20756.247,batt.voltage_uv,3792000.0,
20756.518,batt.voltage_uv,3543000.0,
20756.547,batt.voltage_uv,3543000.0,
20756.647,batt.voltage_uv,3543000.0,
20756.748,batt.voltage_uv,3543000.0,
20757.978,batt.voltage_uv,3789000.0,
20758.027,batt.voltage_uv,3789000.0,
20758.127,batt.voltage_uv,3789000.0,cpu_all#2
20758.227,batt.voltage_uv,3789000.0,cpu_all#2
20758.341,batt.voltage_uv,3789000.0,cpu_all#2
20758.429,batt.voltage_uv,3789000.0,cpu_all#2
20759.600,batt.voltage_uv,3787000.0,cpu_all#2
20759.652,batt.voltage_uv,3787000.0,cpu_all#2
20759.752,batt.voltage_uv,3787000.0,cpu_all#2
20761.086,batt.voltage_uv,3789000.0,cpu_all#2
20761.096,batt.voltage_uv,3789000.0,cpu_all#2
20761.196,batt.voltage_uv,3789000.0,cpu_all#2
20762.535,batt.voltage_uv,3789000.0,cpu_all#2
20762.548,batt.voltage_uv,3789000.0,cpu_all#2
20763.715,batt.voltage_uv,3788000.0,cpu_all#2
20763.762,batt.voltage_uv,3788000.0,cpu_all#2
20765.104,batt.voltage_uv,3771000.0,cpu_all#2
20765.129,batt.voltage_uv,3771000.0,cpu_all#2
20765.229,batt.voltage_uv,3771000.0,cpu_all#2
20766.551,batt.voltage_uv,3790000.0,cpu_all#2
20766.613,batt.voltage_uv,3790000.0,cpu_all#2
20767.830,batt.voltage_uv,3789000.0,cpu_all#2
20767.876,batt.voltage_uv,3789000.0,cpu_all#2
20767.976,batt.voltage_uv,3789000.0,cpu_all#2
20769.233,batt.voltage_uv,3789000.0,cpu_all#2
20769.263,batt.voltage_uv,3789000.0,cpu_all#2
20769.364,batt.voltage_uv,3789000.0,cpu_all#2
20770.685,batt.voltage_uv,3789000.0,cpu_all#2
20770.705,batt.voltage_uv,3789000.0,cpu_all#2
20770.805,batt.voltage_uv,3789000.0,cpu_all#2
20771.952,batt.voltage_uv,3789000.0,cpu_all#2
20771.989,batt.voltage_uv,3789000.0,cpu_all#2
20773.310,batt.voltage_uv,3788000.0,cpu_all#2
20773.348,batt.voltage_uv,3788000.0,cpu_all#2
20773.443,batt.voltage_uv,3789000.0,cpu_all#2
20774.524,batt.voltage_uv,3789000.0,cpu_all#2
20774.553,batt.voltage_uv,3789000.0,cpu_all#2
20774.652,batt.voltage_uv,3789000.0,cpu_all#2
20774.752,batt.voltage_uv,3789000.0,cpu_all#2
20775.996,batt.voltage_uv,3790000.0,cpu_all#2
20776.020,batt.voltage_uv,3790000.0,cpu_all#2
20777.203,batt.voltage_uv,3790000.0,cpu_all#2
20777.265,batt.voltage_uv,3790000.0,cpu_all#2
20777.365,batt.voltage_uv,3790000.0,cpu_all#2
20778.701,batt.voltage_uv,3776000.0,cpu_all#2
20778.730,batt.voltage_uv,3776000.0,cpu_all#2
20779.879,batt.voltage_uv,3775000.0,cpu_all#2
20779.948,batt.voltage_uv,3775000.0,cpu_all#2
20780.048,batt.voltage_uv,3775000.0,cpu_all#2
20781.349,batt.voltage_uv,3789000.0,cpu_all#2
20781.390,batt.voltage_uv,3789000.0,cpu_all#2
20782.456,batt.voltage_uv,3772000.0,cpu_all#2
20782.503,batt.voltage_uv,3772000.0,cpu_all#2
20782.603,batt.voltage_uv,3772000.0,cpu_all#2
20783.793,batt.voltage_uv,3789000.0,cpu_all#2
20783.854,batt.voltage_uv,3789000.0,cpu_all#2
20783.953,batt.voltage_uv,3789000.0,cpu_all#2
20785.215,batt.voltage_uv,3788000.0,cpu_all#2
20785.250,batt.voltage_uv,3788000.0,cpu_all#2
20786.453,batt.voltage_uv,3788000.0,cpu_all#2
20786.476,batt.voltage_uv,3788000.0,cpu_all#2
20786.576,batt.voltage_uv,3788000.0,cpu_all#2
20787.899,batt.voltage_uv,3790000.0,cpu_all#2
20787.938,batt.voltage_uv,3790000.0,cpu_all#2
20789.295,batt.voltage_uv,3790000.0,cpu_all#2
20789.347,batt.voltage_uv,3790000.0,cpu_all#2
20789.446,batt.voltage_uv,3790000.0,cpu_all#2
20790.776,batt.voltage_uv,3789000.0,cpu_all#2
20790.800,batt.voltage_uv,3789000.0,cpu_all#2
20790.900,batt.voltage_uv,3789000.0,cpu_all#2
20792.216,batt.voltage_uv,3774000.0,cpu_all#2
20792.253,batt.voltage_uv,3774000.0,cpu_all#2
20792.353,batt.voltage_uv,3774000.0,cpu_all#2
20793.630,batt.voltage_uv,3788000.0,cpu_all#2
20793.674,batt.voltage_uv,3788000.0,cpu_all#2
20793.774,batt.voltage_uv,3788000.0,cpu_all#2
20795.099,batt.voltage_uv,3790000.0,cpu_all#2
20795.105,batt.voltage_uv,3790000.0,cpu_all#2
20796.428,batt.voltage_uv,3787000.0,cpu_all#2
20796.448,batt.voltage_uv,3787000.0,cpu_all#2
20796.549,batt.voltage_uv,3787000.0,cpu_all#2
20797.872,batt.voltage_uv,3789000.0,cpu_all#2
20797.898,batt.voltage_uv,3789000.0,cpu_all#2
20797.998,batt.voltage_uv,3789000.0,cpu_all#2
20798.098,batt.voltage_uv,3789000.0,cpu_all#2
20799.386,batt.voltage_uv,3788000.0,cpu_all#2
20799.412,batt.voltage_uv,3788000.0,cpu_all#2
20799.512,batt.voltage_uv,3788000.0,cpu_all#2
20800.804,batt.voltage_uv,3775000.0,cpu_all#2
20801.967,batt.voltage_uv,3776000.0,cpu_all#2
20802.014,batt.voltage_uv,3776000.0,cpu_all#2
20802.114,batt.voltage_uv,3776000.0,cpu_all#2
20802.214,batt.voltage_uv,3776000.0,cpu_all#2
20803.452,batt.voltage_uv,3784000.0,cpu_all#2
20803.504,batt.voltage_uv,3784000.0,cpu_all#2
20803.602,batt.voltage_uv,3784000.0,
20804.857,batt.voltage_uv,3789000.0,
20804.913,batt.voltage_uv,3789000.0,
20805.012,batt.voltage_uv,3789000.0,
20806.327,batt.voltage_uv,3789000.0,
20806.365,batt.voltage_uv,3789000.0,
20806.465,batt.voltage_uv,3789000.0,
20807.747,batt.voltage_uv,3787000.0,
20807.786,batt.voltage_uv,3787000.0,
20807.887,batt.voltage_uv,3787000.0,
20807.987,batt.voltage_uv,3787000.0,
20809.200,batt.voltage_uv,3787000.0,
20809.241,batt.voltage_uv,3787000.0,
20809.341,batt.voltage_uv,3787000.0,
20810.640,batt.voltage_uv,3775000.0,
20810.670,batt.voltage_uv,3775000.0,
20811.840,batt.voltage_uv,3773000.0,
20811.875,batt.voltage_uv,3773000.0,
20813.044,batt.voltage_uv,3775000.0,
20813.069,batt.voltage_uv,3775000.0,
20813.170,batt.voltage_uv,3775000.0,
20814.517,batt.voltage_uv,3789000.0,
20814.541,batt.voltage_uv,3789000.0,
20814.642,batt.voltage_uv,3789000.0,
20815.921,batt.voltage_uv,3790000.0,
20815.989,batt.voltage_uv,3790000.0,
20816.089,batt.voltage_uv,3790000.0,
20817.350,batt.voltage_uv,3788000.0,
20817.370,batt.voltage_uv,3788000.0,
20818.564,batt.voltage_uv,3789000.0,
20818.602,batt.voltage_uv,3789000.0,
20819.799,batt.voltage_uv,3788000.0,
20819.824,batt.voltage_uv,3788000.0,
20819.924,batt.voltage_uv,3788000.0,
20821.228,batt.voltage_uv,3789000.0,
20821.253,batt.voltage_uv,3789000.0,
20821.353,batt.voltage_uv,3789000.0,
20822.688,batt.voltage_uv,3788000.0,
20822.718,batt.voltage_uv,3788000.0,
20822.817,batt.voltage_uv,3788000.0,
20824.098,batt.voltage_uv,3775000.0,
20824.127,batt.voltage_uv,3775000.0,
20824.227,batt.voltage_uv,3775000.0,
20824.327,batt.voltage_uv,3775000.0,
20824.536,batt.voltage_uv,3521000.0,
20824.627,batt.voltage_uv,3521000.0,
20824.727,batt.voltage_uv,3521000.0,
20824.832,batt.voltage_uv,3521000.0,
20824.926,batt.voltage_uv,3521000.0,idle#3
20825.027,batt.voltage_uv,3521000.0,idle#3
20825.127,batt.voltage_uv,3521000.0,idle#3
20825.295,batt.voltage_uv,3523000.0,idle#3
20825.327,batt.voltage_uv,3523000.0,idle#3
20825.427,batt.voltage_uv,3523000.0,idle#3
20825.527,batt.voltage_uv,3523000.0,idle#3
20825.626,batt.voltage_uv,3523000.0,idle#3
20825.727,batt.voltage_uv,3523000.0,idle#3
20825.827,batt.voltage_uv,3523000.0,idle#3
20825.927,batt.voltage_uv,3523000.0,idle#3
20826.027,batt.voltage_uv,3523000.0,idle#3
20826.127,batt.voltage_uv,3523000.0,idle#3
20826.567,batt.voltage_uv,3751000.0,idle#3
20826.624,batt.voltage_uv,3751000.0,idle#3
20826.724,batt.voltage_uv,3751000.0,idle#3
20828.025,batt.voltage_uv,3780000.0,idle#3
20828.086,batt.voltage_uv,3780000.0,idle#3
20829.257,batt.voltage_uv,3782000.0,idle#3
20829.315,batt.voltage_uv,3782000.0,idle#3
20830.507,batt.voltage_uv,3782000.0,idle#3
20831.671,batt.voltage_uv,3784000.0,idle#3
20831.728,batt.voltage_uv,3784000.0,idle#3
20831.828,batt.voltage_uv,3784000.0,idle#3
20833.164,batt.voltage_uv,3786000.0,idle#3
20833.202,batt.voltage_uv,3786000.0,idle#3
20833.303,batt.voltage_uv,3786000.0,idle#3
20834.597,batt.voltage_uv,3785000.0,idle#3
20834.627,batt.voltage_uv,3785000.0,idle#3
20835.828,batt.voltage_uv,3787000.0,idle#3
20835.857,batt.voltage_uv,3787000.0,idle#3
20835.956,batt.voltage_uv,3787000.0,idle#3
20837.270,batt.voltage_uv,3785000.0,idle#3
20837.292,batt.voltage_uv,3785000.0,idle#3
20838.628,batt.voltage_uv,3786000.0,idle#3
20838.690,batt.voltage_uv,3786000.0,idle#3
20838.789,batt.voltage_uv,3786000.0,idle#3
20840.127,batt.voltage_uv,3787000.0,idle#3
20840.200,batt.voltage_uv,3787000.0,idle#3
20841.552,batt.voltage_uv,3783000.0,idle#3
20841.614,batt.voltage_uv,3783000.0,idle#3
20842.760,batt.voltage_uv,3784000.0,idle#3
20842.820,batt.voltage_uv,3784000.0,idle#3
20844.146,batt.voltage_uv,3786000.0,idle#3
20844.194,batt.voltage_uv,3786000.0,idle#3
20844.294,batt.voltage_uv,3786000.0,idle#3
20845.625,batt.voltage_uv,3787000.0,idle#3
20845.666,batt.voltage_uv,3787000.0,idle#3
20846.843,batt.voltage_uv,3786000.0,idle#3
20846.889,batt.voltage_uv,3786000.0,idle#3
20846.990,batt.voltage_uv,3786000.0,idle#3
20848.315,batt.voltage_uv,3787000.0,idle#3
20848.352,batt.voltage_uv,3787000.0,idle#3
20849.705,batt.voltage_uv,3787000.0,idle#3
20849.722,batt.voltage_uv,3787000.0,idle#3
20849.823,batt.voltage_uv,3787000.0,idle#3
20850.984,batt.voltage_uv,3786000.0,idle#3
20851.038,batt.voltage_uv,3786000.0,idle#3
20852.384,batt.voltage_uv,3769000.0,idle#3
20852.435,batt.voltage_uv,3769000.0,idle#3
20853.599,batt.voltage_uv,3787000.0,idle#3
20853.652,batt.voltage_uv,3787000.0,idle#3
20854.823,batt.voltage_uv,3786000.0,idle#3
20854.847,batt.voltage_uv,3786000.0,idle#3
20854.947,batt.voltage_uv,3786000.0,idle#3
20856.270,batt.voltage_uv,3782000.0,idle#3
20856.330,batt.voltage_uv,3782000.0,idle#3
20857.505,batt.voltage_uv,3782000.0,idle#3
20857.539,batt.voltage_uv,3782000.0,idle#3
20858.907,batt.voltage_uv,3788000.0,idle#3
20858.935,batt.voltage_uv,3788000.0,idle#3
20859.035,batt.voltage_uv,3788000.0,idle#3
20860.209,batt.voltage_uv,3787000.0,idle#3
20860.242,batt.voltage_uv,3787000.0,idle#3
20860.341,batt.voltage_uv,3787000.0,idle#3
20861.569,batt.voltage_uv,3789000.0,idle#3
20861.602,batt.voltage_uv,3789000.0,idle#3
20861.703,batt.voltage_uv,3789000.0,idle#3
20863.048,batt.voltage_uv,3789000.0,idle#3
20863.073,batt.voltage_uv,3789000.0,idle#3
20863.173,batt.voltage_uv,3789000.0,idle#3
20864.511,batt.voltage_uv,3787000.0,idle#3
20864.593,batt.voltage_uv,3787000.0,idle#3
20865.894,batt.voltage_uv,3787000.0,idle#3
20865.923,batt.voltage_uv,3787000.0,idle#3
20866.023,batt.voltage_uv,3787000.0,idle#3
20867.330,batt.voltage_uv,3777000.0,idle#3
20867.375,batt.voltage_uv,3777000.0,idle#3
20868.723,batt.voltage_uv,3787000.0,idle#3
20868.783,batt.voltage_uv,3787000.0,idle#3
20868.883,batt.voltage_uv,3787000.0,idle#3
20870.218,batt.voltage_uv,3786000.0,idle#3
20870.274,batt.voltage_uv,3786000.0,idle#3
20870.633,batt.voltage_uv,3732000.0,idle#3
20870.872,batt.voltage_uv,3524000.0,idle#3
20870.933,batt.voltage_uv,3524000.0,
20870.992,batt.voltage_uv,3524000.0,
20871.092,batt.voltage_uv,3524000.0,
20871.854,batt.voltage_uv,3781000.0,
20871.890,batt.voltage_uv,3781000.0,
20871.990,batt.voltage_uv,3781000.0,
20872.098,batt.voltage_uv,3781000.0,
20872.191,batt.voltage_uv,3781000.0,
20873.458,batt.voltage_uv,3776000.0,
20873.488,batt.voltage_uv,3776000.0,
20873.588,batt.voltage_uv,3776000.0,
20874.912,batt.voltage_uv,3786000.0,
20874.952,batt.voltage_uv,3786000.0,
20876.156,batt.voltage_uv,3786000.0,
20876.188,batt.voltage_uv,3786000.0,
20877.352,batt.voltage_uv,3785000.0,
20877.411,batt.voltage_uv,3785000.0,
20878.619,batt.voltage_uv,3786000.0,
20878.676,batt.voltage_uv,3786000.0,
20879.870,batt.voltage_uv,3787000.0,
20879.918,batt.voltage_uv,3787000.0,
20881.262,batt.voltage_uv,3787000.0,
20881.324,batt.voltage_uv,3787000.0,
20882.490,batt.voltage_uv,3787000.0,
20882.540,batt.voltage_uv,3787000.0,
20883.726,batt.voltage_uv,3787000.0,
20883.779,batt.voltage_uv,3787000.0,
20884.953,batt.voltage_uv,3787000.0,
20884.972,batt.voltage_uv,3787000.0,
20885.072,batt.voltage_uv,3787000.0,
20885.562,batt.voltage_uv,3769000.0,
20885.612,batt.voltage_uv,3769000.0,
20886.142,batt.voltage_uv,3779000.0,
20886.191,batt.voltage_uv,3779000.0,
20886.285,batt.voltage_uv,3779000.0,
20887.609,batt.voltage_uv,3787000.0,
20887.658,batt.voltage_uv,3787000.0,
20887.757,batt.voltage_uv,3787000.0,
20889.090,batt.voltage_uv,3786000.0,
20889.108,batt.voltage_uv,3786000.0,
20890.289,batt.voltage_uv,3786000.0,
20890.340,batt.voltage_uv,3786000.0,
20891.282,batt.voltage_uv,3785000.0,
20891.300,batt.voltage_uv,3785000.0,
20891.399,batt.voltage_uv,3785000.0,
20891.508,batt.voltage_uv,3785000.0,
20891.599,batt.voltage_uv,3785000.0,
20891.699,batt.voltage_uv,3785000.0,
20892.943,batt.voltage_uv,3785000.0,
20893.003,batt.voltage_uv,3785000.0,
20893.104,batt.voltage_uv,3785000.0,cpu1#3
20893.204,batt.voltage_uv,3785000.0,cpu1#3
20893.314,batt.voltage_uv,3785000.0,cpu1#3
20893.406,batt.voltage_uv,3785000.0,cpu1#3
20894.562,batt.voltage_uv,3783000.0,cpu1#3
20894.624,batt.voltage_uv,3783000.0,cpu1#3
20895.806,batt.voltage_uv,3784000.0,cpu1#3
20895.873,batt.voltage_uv,3784000.0,cpu1#3
20897.220,batt.voltage_uv,3784000.0,cpu1#3
20897.320,batt.voltage_uv,3784000.0,cpu1#3
20898.478,batt.voltage_uv,3785000.0,cpu1#3
20898.507,batt.voltage_uv,3785000.0,cpu1#3
20898.607,batt.voltage_uv,3785000.0,cpu1#3
20899.867,batt.voltage_uv,3785000.0,cpu1#3
20899.953,batt.voltage_uv,3785000.0,cpu1#3
20900.053,batt.voltage_uv,3785000.0,cpu1#3
20900.153,batt.voltage_uv,3785000.0,cpu1#3
20901.367,batt.voltage_uv,3785000.0,cpu1#3
20901.399,batt.voltage_uv,3785000.0,cpu1#3
20902.563,batt.voltage_uv,3786000.0,cpu1#3
20902.629,batt.voltage_uv,3786000.0,cpu1#3
20902.728,batt.voltage_uv,3786000.0,cpu1#3
20904.034,batt.voltage_uv,3786000.0,cpu1#3
20904.038,batt.voltage_uv,3786000.0,cpu1#3
20905.236,batt.voltage_uv,3785000.0,cpu1#3
20905.263,batt.voltage_uv,3785000.0,cpu1#3
20905.363,batt.voltage_uv,3785000.0,cpu1#3
20906.259,batt.voltage_uv,3784000.0,cpu1#3
20906.308,batt.voltage_uv,3784000.0,cpu1#3
20906.408,batt.voltage_uv,3784000.0,cpu1#3
20906.508,batt.voltage_uv,3784000.0,cpu1#3
20906.608,batt.voltage_uv,3784000.0,cpu1#3
20907.465,batt.voltage_uv,3780000.0,cpu1#3
20907.482,batt.voltage_uv,3780000.0,cpu1#3
20907.582,batt.voltage_uv,3780000.0,cpu1#3
20908.120,batt.voltage_uv,3778000.0,cpu1#3
20908.139,batt.voltage_uv,3778000.0,cpu1#3
20908.914,batt.voltage_uv,3781000.0,cpu1#3
20908.982,batt.voltage_uv,3781000.0,cpu1#3
20910.176,batt.voltage_uv,3783000.0,cpu1#3
20910.231,batt.voltage_uv,3783000.0,cpu1#3
20910.331,batt.voltage_uv,3783000.0,cpu1#3
20911.603,batt.voltage_uv,3768000.0,cpu1#3
20911.630,batt.voltage_uv,3768000.0,cpu1#3
20912.843,batt.voltage_uv,3772000.0,cpu1#3
20912.889,batt.voltage_uv,3772000.0,cpu1#3
20914.217,batt.voltage_uv,3784000.0,cpu1#3
20914.243,batt.voltage_uv,3784000.0,cpu1#3
20914.343,batt.voltage_uv,3784000.0,cpu1#3
20914.443,batt.voltage_uv,3784000.0,cpu1#3
20915.727,batt.voltage_uv,3784000.0,cpu1#3
20915.735,batt.voltage_uv,3784000.0,cpu1#3
20915.835,batt.voltage_uv,3784000.0,cpu1#3
20917.156,batt.voltage_uv,3786000.0,cpu1#3
20917.174,batt.voltage_uv,3786000.0,cpu1#3
20917.272,batt.voltage_uv,3786000.0,cpu1#3
20918.538,batt.voltage_uv,3785000.0,cpu1#3
20918.593,batt.voltage_uv,3785000.0,cpu1#3
20919.747,batt.voltage_uv,3786000.0,cpu1#3
20919.822,batt.voltage_uv,3786000.0,cpu1#3
20921.035,batt.voltage_uv,3785000.0,cpu1#3
20921.085,batt.voltage_uv,3785000.0,cpu1#3
20922.415,batt.voltage_uv,3785000.0,cpu1#3
20922.427,batt.voltage_uv,3785000.0,cpu1#3
20922.527,batt.voltage_uv,3785000.0,cpu1#3
20923.843,batt.voltage_uv,3770000.0,cpu1#3
20923.869,batt.voltage_uv,3770000.0,cpu1#3
20923.970,batt.voltage_uv,3770000.0,cpu1#3
20925.326,batt.voltage_uv,3785000.0,cpu1#3
20925.353,batt.voltage_uv,3785000.0,cpu1#3
20926.523,batt.voltage_uv,3785000.0,cpu1#3
20926.555,batt.voltage_uv,3785000.0,cpu1#3
20926.817,batt.voltage_uv,3749000.0,cpu1#3
20926.855,batt.voltage_uv,3749000.0,cpu1#3
20927.731,batt.voltage_uv,3783000.0,cpu1#3
20927.775,batt.voltage_uv,3783000.0,cpu1#3
20927.874,batt.voltage_uv,3783000.0,cpu1#3
20929.215,batt.voltage_uv,3785000.0,cpu1#3
20929.264,batt.voltage_uv,3785000.0,cpu1#3
20930.427,batt.voltage_uv,3785000.0,cpu1#3
20930.471,batt.voltage_uv,3785000.0,cpu1#3
20931.633,batt.voltage_uv,3786000.0,cpu1#3
20931.688,batt.voltage_uv,3786000.0,cpu1#3
20931.767,batt.voltage_uv,3786000.0,cpu1#3
20931.867,batt.voltage_uv,3786000.0,cpu1#3
20933.075,batt.voltage_uv,3784000.0,cpu1#3
20933.099,batt.voltage_uv,3784000.0,cpu1#3
20933.199,batt.voltage_uv,3784000.0,cpu1#3
20934.514,batt.voltage_uv,3784000.0,cpu1#3
20934.559,batt.voltage_uv,3784000.0,cpu1#3
20935.911,batt.voltage_uv,3786000.0,cpu1#3
20935.948,batt.voltage_uv,3786000.0,cpu1#3
20936.048,batt.voltage_uv,3786000.0,cpu1#3
20937.376,batt.voltage_uv,3767000.0,cpu1#3
20937.402,batt.voltage_uv,3767000.0,cpu1#3
20937.502,batt.voltage_uv,3767000.0,cpu1#3
20937.602,batt.voltage_uv,3767000.0,cpu1#3
20938.836,batt.voltage_uv,3784000.0,cpu1#3
20938.945,batt.voltage_uv,3784000.0,cpu1#3
20938.951,batt.voltage_uv,3784000.0,cpu1#3
20939.051,batt.voltage_uv,3784000.0,cpu1#3
20939.237,batt.voltage_uv,3512000.0,
20939.253,batt.voltage_uv,3512000.0,
20939.353,batt.voltage_uv,3512000.0,
20940.629,batt.voltage_uv,3782000.0,
20940.646,batt.voltage_uv,3782000.0,
20940.747,batt.voltage_uv,3782000.0,
20941.849,batt.voltage_uv,3784000.0,
20941.886,batt.voltage_uv,3784000.0,
20943.087,batt.voltage_uv,3784000.0,
20943.107,batt.voltage_uv,3784000.0,
20943.207,batt.voltage_uv,3784000.0,
20944.520,batt.voltage_uv,3784000.0,
20944.550,batt.voltage_uv,3784000.0,
20944.651,batt.voltage_uv,3784000.0,
20945.982,batt.voltage_uv,3783000.0,
20945.999,batt.voltage_uv,3783000.0,
20947.186,batt.voltage_uv,3768000.0,
20947.240,batt.voltage_uv,3768000.0,
20947.340,batt.voltage_uv,3768000.0,
20948.657,batt.voltage_uv,3785000.0,
20948.715,batt.voltage_uv,3785000.0,
20950.056,batt.voltage_uv,3785000.0,
20950.120,batt.voltage_uv,3785000.0,
20950.220,batt.voltage_uv,3784000.0,
20951.476,batt.voltage_uv,3784000.0,
20951.506,batt.voltage_uv,3784000.0,
20951.607,batt.voltage_uv,3784000.0,
20952.772,batt.voltage_uv,3785000.0,
20952.831,batt.voltage_uv,3785000.0,
20953.996,batt.voltage_uv,3785000.0,
20954.056,batt.voltage_uv,3785000.0,
20955.401,batt.voltage_uv,3786000.0,
20955.437,batt.voltage_uv,3786000.0,
20956.608,batt.voltage_uv,3784000.0,
20956.651,batt.voltage_uv,3784000.0,
20956.751,batt.voltage_uv,3784000.0,
20958.090,batt.voltage_uv,3786000.0,
20958.148,batt.voltage_uv,3786000.0,
20959.320,batt.voltage_uv,3786000.0,
20959.373,batt.voltage_uv,3786000.0,
20959.530,batt.voltage_uv,3521000.0,
20959.577,batt.voltage_uv,3521000.0,
20959.675,batt.voltage_uv,3521000.0,
20959.786,batt.voltage_uv,3521000.0,
20959.875,batt.voltage_uv,3521000.0,
20959.984,batt.voltage_uv,3521000.0,
20960.074,batt.voltage_uv,3521000.0,
20960.174,batt.voltage_uv,3521000.0,cpu_all#3
20960.366,batt.voltage_uv,3692000.0,cpu_all#3
20960.379,batt.voltage_uv,3692000.0,cpu_all#3
20960.475,batt.voltage_uv,3692000.0,cpu_all#3
20960.575,batt.voltage_uv,3692000.0,cpu_all#3
20960.675,batt.voltage_uv,3692000.0,cpu_all#3
20960.775,batt.voltage_uv,3692000.0,cpu_all#3
20960.876,batt.voltage_uv,3692000.0,cpu_all#3
20960.975,batt.voltage_uv,3692000.0,cpu_all#3
20961.074,batt.voltage_uv,3692000.0,cpu_all#3
20961.174,batt.voltage_uv,3692000.0,cpu_all#3
20961.999,batt.voltage_uv,3759000.0,cpu_all#3
20962.034,batt.voltage_uv,3759000.0,cpu_all#3
20962.134,batt.voltage_uv,3759000.0,cpu_all#3
20963.364,batt.voltage_uv,3777000.0,cpu_all#3
20963.421,batt.voltage_uv,3777000.0,cpu_all#3
20964.622,batt.voltage_uv,3780000.0,cpu_all#3
20964.659,batt.voltage_uv,3780000.0,cpu_all#3
20965.841,batt.voltage_uv,3780000.0,cpu_all#3
20965.871,batt.voltage_uv,3780000.0,cpu_all#3
20965.971,batt.voltage_uv,3780000.0,cpu_all#3
20966.071,batt.voltage_uv,3780000.0,cpu_all#3
20967.239,batt.voltage_uv,3781000.0,cpu_all#3
20967.284,batt.voltage_uv,3781000.0,cpu_all#3
20967.350,batt.voltage_uv,3781000.0,cpu_all#3
20967.864,batt.voltage_uv,3768000.0,cpu_all#3
20967.891,batt.voltage_uv,3768000.0,cpu_all#3
20968.101,batt.voltage_uv,3717000.0,cpu_all#3
20968.191,batt.voltage_uv,3717000.0,cpu_all#3
20968.290,batt.voltage_uv,3717000.0,cpu_all#3
20968.406,batt.voltage_uv,3717000.0,cpu_all#3
20968.492,batt.voltage_uv,3717000.0,cpu_all#3
20968.593,batt.voltage_uv,3717000.0,cpu_all#3
20968.693,batt.voltage_uv,3717000.0,cpu_all#3
20969.526,batt.voltage_uv,3772000.0,cpu_all#3
20969.560,batt.voltage_uv,3772000.0,cpu_all#3
20970.744,batt.voltage_uv,3778000.0,cpu_all#3
20970.764,batt.voltage_uv,3778000.0,cpu_all#3
20971.971,batt.voltage_uv,3778000.0,cpu_all#3
20971.997,batt.voltage_uv,3778000.0,cpu_all#3
20972.097,batt.voltage_uv,3778000.0,cpu_all#3
20973.243,batt.voltage_uv,3779000.0,cpu_all#3
20973.292,batt.voltage_uv,3779000.0,cpu_all#3
20974.629,batt.voltage_uv,3781000.0,cpu_all#3
20974.660,batt.voltage_uv,3781000.0,cpu_all#3
20974.758,batt.voltage_uv,3781000.0,cpu_all#3
20976.088,batt.voltage_uv,3781000.0,cpu_all#3
20976.096,batt.voltage_uv,3781000.0,cpu_all#3
20977.303,batt.voltage_uv,3782000.0,cpu_all#3
20977.343,batt.voltage_uv,3782000.0,cpu_all#3
20978.544,batt.voltage_uv,3783000.0,cpu_all#3
20978.576,batt.voltage_uv,3783000.0,cpu_all#3
20978.676,batt.voltage_uv,3783000.0,cpu_all#3
20979.980,batt.voltage_uv,3783000.0,cpu_all#3
20980.022,batt.voltage_uv,3783000.0,cpu_all#3
20980.122,batt.voltage_uv,3783000.0,cpu_all#3
20981.434,batt.voltage_uv,3783000.0,cpu_all#3
20981.460,batt.voltage_uv,3783000.0,cpu_all#3
20982.822,batt.voltage_uv,3767000.0,cpu_all#3
20982.841,batt.voltage_uv,3767000.0,cpu_all#3
20982.941,batt.voltage_uv,3767000.0,cpu_all#3
20984.120,batt.voltage_uv,3761000.0,cpu_all#3
20984.177,batt.voltage_uv,3761000.0,cpu_all#3
20985.502,batt.voltage_uv,3780000.0,cpu_all#3
20985.549,batt.voltage_uv,3780000.0,cpu_all#3
20986.713,batt.voltage_uv,3778000.0,cpu_all#3
20986.763,batt.voltage_uv,3778000.0,cpu_all#3
20986.861,batt.voltage_uv,3778000.0,cpu_all#3
20986.961,batt.voltage_uv,3778000.0,cpu_all#3
20988.218,batt.voltage_uv,3782000.0,cpu_all#3
20988.254,batt.voltage_uv,3782000.0,cpu_all#3
20989.587,batt.voltage_uv,3783000.0,cpu_all#3
20989.604,batt.voltage_uv,3783000.0,cpu_all#3
20989.704,batt.voltage_uv,3783000.0,cpu_all#3
20989.804,batt.voltage_uv,3783000.0,cpu_all#3
20991.016,batt.voltage_uv,3782000.0,cpu_all#3
20991.024,batt.voltage_uv,3782000.0,cpu_all#3
20991.124,batt.voltage_uv,3782000.0,cpu_all#3
20992.312,batt.voltage_uv,3782000.0,cpu_all#3
20992.355,batt.voltage_uv,3782000.0,cpu_all#3
20993.687,batt.voltage_uv,3783000.0,cpu_all#3
20993.711,batt.voltage_uv,3783000.0,cpu_all#3
20993.811,batt.voltage_uv,3783000.0,cpu_all#3
20995.169,batt.voltage_uv,3768000.0,cpu_all#3
20995.187,batt.voltage_uv,3768000.0,cpu_all#3
20995.287,batt.voltage_uv,3768000.0,cpu_all#3
20995.387,batt.voltage_uv,3768000.0,cpu_all#3
20996.645,batt.voltage_uv,3776000.0,cpu_all#3
20996.719,batt.voltage_uv,3776000.0,cpu_all#3
20998.026,batt.voltage_uv,3782000.0,cpu_all#3
20998.085,batt.voltage_uv,3782000.0,cpu_all#3
20999.401,batt.voltage_uv,3782000.0,cpu_all#3
20999.446,batt.voltage_uv,3782000.0,cpu_all#3
20999.546,batt.voltage_uv,3782000.0,cpu_all#3
21000.895,batt.voltage_uv,3782000.0,cpu_all#3
21000.947,batt.voltage_uv,3782000.0,cpu_all#3
21001.047,batt.voltage_uv,3782000.0,cpu_all#3
21002.325,batt.voltage_uv,3783000.0,cpu_all#3
21002.376,batt.voltage_uv,3783000.0,cpu_all#3
21003.720,batt.voltage_uv,3765000.0,cpu_all#3
21003.743,batt.voltage_uv,3765000.0,cpu_all#3
21003.834,batt.voltage_uv,3765000.0,cpu_all#3
21003.934,batt.voltage_uv,3765000.0,cpu_all#3
21005.214,batt.voltage_uv,3775000.0,cpu_all#3
21005.255,batt.voltage_uv,3775000.0,cpu_all#3
21006.019,batt.voltage_uv,3781000.0,cpu_all#3
21006.074,batt.voltage_uv,3781000.0,cpu_all#3
21006.174,batt.voltage_uv,3756000.0,cpu_all#3
21006.275,batt.voltage_uv,3756000.0,
21006.374,batt.voltage_uv,3772000.0,
21007.637,batt.voltage_uv,3772000.0,
21007.732,batt.voltage_uv,3772000.0,
21009.062,batt.voltage_uv,3782000.0,
21009.088,batt.voltage_uv,3782000.0,
21009.188,batt.voltage_uv,3782000.0,
21010.525,batt.voltage_uv,3782000.0,
21010.547,batt.voltage_uv,3782000.0,
21010.647,batt.voltage_uv,3782000.0,
21011.920,batt.voltage_uv,3782000.0,
21011.973,batt.voltage_uv,3782000.0,
21012.029,batt.voltage_uv,3782000.0,
21013.345,batt.voltage_uv,3783000.0,
21013.386,batt.voltage_uv,3783000.0,
21013.485,batt.voltage_uv,3783000.0,
21014.794,batt.voltage_uv,3782000.0,
21014.879,batt.voltage_uv,3782000.0,
21016.078,batt.voltage_uv,3763000.0,
21016.128,batt.voltage_uv,3763000.0,
21017.277,batt.voltage_uv,3766000.0,
21017.333,batt.voltage_uv,3766000.0,
21017.433,batt.voltage_uv,3766000.0,
21018.729,batt.voltage_uv,3771000.0,
21018.753,batt.voltage_uv,3771000.0,
21020.109,batt.voltage_uv,3784000.0,
21020.128,batt.voltage_uv,3784000.0,
21020.228,batt.voltage_uv,3784000.0,
21021.543,batt.voltage_uv,3782000.0,
21021.577,batt.voltage_uv,3782000.0,
21021.677,batt.voltage_uv,3782000.0,
21023.020,batt.voltage_uv,3784000.0,
21023.058,batt.voltage_uv,3784000.0,
21023.156,batt.voltage_uv,3784000.0,
21024.448,batt.voltage_uv,3780000.0,
21024.481,batt.voltage_uv,3780000.0,
21024.581,batt.voltage_uv,3780000.0,
21025.845,batt.voltage_uv,3782000.0,
21025.865,batt.voltage_uv,3782000.0,
21025.965,batt.voltage_uv,3782000.0,
21026.886,batt.voltage_uv,3780000.0,
21026.922,batt.voltage_uv,3780000.0,
21027.039,batt.voltage_uv,3758000.0,
21027.124,batt.voltage_uv,3758000.0,
21028.277,batt.voltage_uv,3780000.0,
21028.312,batt.voltage_uv,3780000.0,
21028.412,batt.voltage_uv,3780000.0,
21029.587,batt.voltage_uv,3781000.0,
21029.629,batt.voltage_uv,3781000.0,
20194.117,batt.power_mw,5.0,
20194.206,batt.power_mw,5.0,
20194.306,batt.power_mw,5.0,
20194.406,batt.power_mw,5.0,
20194.506,batt.power_mw,5.0,
20194.606,batt.power_mw,5.0,
20194.707,batt.power_mw,5.0,
20194.806,batt.power_mw,5.0,
20194.906,batt.power_mw,5.0,
20195.006,batt.power_mw,5.0,
20195.106,batt.power_mw,5.0,
20195.207,batt.power_mw,5.0,
20195.306,batt.power_mw,5.0,
20195.406,batt.power_mw,5.0,
20195.507,batt.power_mw,5.0,
20195.606,batt.power_mw,5.0,
20195.706,batt.power_mw,5.0,
20195.807,batt.power_mw,5.0,
20195.906,batt.power_mw,5.0,
20196.006,batt.power_mw,5.0,
20196.107,batt.power_mw,5.0,
20196.410,batt.power_mw,0.0,
20196.418,batt.power_mw,0.0,
20197.624,batt.power_mw,0.0,
20197.672,batt.power_mw,0.0,
20197.772,batt.power_mw,5.0,
20199.129,batt.power_mw,1.0,
20199.153,batt.power_mw,1.0,
20200.485,batt.power_mw,0.0,
20200.516,batt.power_mw,0.0,
20200.617,batt.power_mw,5.0,
20201.950,batt.power_mw,0.0,
20202.046,batt.power_mw,4.0,
20203.359,batt.power_mw,0.0,
20203.380,batt.power_mw,0.0,
20203.481,batt.power_mw,3.0,
20204.823,batt.power_mw,1.0,
20204.841,batt.power_mw,1.0,
20204.942,batt.power_mw,1.0,
20206.272,batt.power_mw,0.0,
20206.277,batt.power_mw,0.0,
20206.376,batt.power_mw,0.0,
20207.668,batt.power_mw,0.0,
20207.676,batt.power_mw,0.0,
20208.902,batt.power_mw,1.0,
20208.914,batt.power_mw,1.0,
20210.124,batt.power_mw,0.0,
20210.152,batt.power_mw,0.0,
20210.252,batt.power_mw,8.0,
20211.549,batt.power_mw,0.0,
20211.581,batt.power_mw,0.0,
20213.170,batt.power_mw,0.0,
20213.204,batt.power_mw,0.0,
20213.305,batt.power_mw,5.0,
20214.487,batt.power_mw,4.0,
20214.532,batt.power_mw,4.0,
20214.617,batt.power_mw,4.0,
20214.718,batt.power_mw,8.0,
20214.817,batt.power_mw,8.0,
20214.925,batt.power_mw,8.0,
20215.017,batt.power_mw,8.0,idle#0
20215.118,batt.power_mw,8.0,idle#0
20215.218,batt.power_mw,8.0,idle#0
20215.317,batt.power_mw,8.0,idle#0
20215.428,batt.power_mw,11.0,idle#0
20215.517,batt.power_mw,11.0,idle#0
20215.617,batt.power_mw,11.0,idle#0
20215.718,batt.power_mw,10.0,idle#0
20215.817,batt.power_mw,10.0,idle#0
20215.918,batt.power_mw,10.0,idle#0
20216.018,batt.power_mw,10.0,idle#0
20216.118,batt.power_mw,9.0,idle#0
20216.478,batt.power_mw,0.0,idle#0
20216.507,batt.power_mw,0.0,idle#0
20216.606,batt.power_mw,10.0,idle#0
20217.943,batt.power_mw,0.0,idle#0
20218.007,batt.power_mw,11.0,idle#0
20219.161,batt.power_mw,0.0,idle#0
20219.228,batt.power_mw,11.0,idle#0
20220.384,batt.power_mw,0.0,idle#0
20220.427,batt.power_mw,11.0,idle#0
20221.779,batt.power_mw,0.0,idle#0
20221.879,batt.power_mw,10.0,idle#0
20223.035,batt.power_mw,0.0,idle#0
20223.089,batt.power_mw,10.0,idle#0
20224.296,batt.power_mw,11.0,idle#0
20224.327,batt.power_mw,11.0,idle#0
20224.427,batt.power_mw,11.0,idle#0
20225.655,batt.power_mw,0.0,idle#0
20225.690,batt.power_mw,0.0,idle#0
20225.790,batt.power_mw,4.0,idle#0
20225.890,batt.power_mw,11.0,idle#0
20227.178,batt.power_mw,0.0,idle#0
20227.218,batt.power_mw,0.0,idle#0
20228.541,batt.power_mw,1.0,idle#0
20228.557,batt.power_mw,1.0,idle#0
20228.656,batt.power_mw,1.0,idle#0
20229.966,batt.power_mw,0.0,idle#0
20229.995,batt.power_mw,0.0,idle#0
20230.094,batt.power_mw,11.0,idle#0
20231.276,batt.power_mw,0.0,idle#0
20231.283,batt.power_mw,0.0,idle#0
20232.634,batt.power_mw,0.0,idle#0
20232.685,batt.power_mw,0.0,idle#0
20232.784,batt.power_mw,11.0,idle#0
20234.143,batt.power_mw,9.0,idle#0
20234.171,batt.power_mw,9.0,idle#0
20234.271,batt.power_mw,9.0,idle#0
20235.524,batt.power_mw,8.0,idle#0
20235.581,batt.power_mw,8.0,idle#0
20236.939,batt.power_mw,0.0,idle#0
20236.969,batt.power_mw,0.0,idle#0
20238.163,batt.power_mw,1.0,idle#0
20238.203,batt.power_mw,1.0,idle#0
20239.362,batt.power_mw,0.0,idle#0
20239.413,batt.power_mw,1.0,idle#0
20240.625,batt.power_mw,0.0,idle#0
20240.657,batt.power_mw,0.0,idle#0
20240.756,batt.power_mw,0.0,idle#0
20242.119,batt.power_mw,0.0,idle#0
20242.157,batt.power_mw,0.0,idle#0
20242.257,batt.power_mw,11.0,idle#0
20243.170,batt.power_mw,0.0,idle#0
20243.205,batt.power_mw,0.0,idle#0
20243.305,batt.power_mw,10.0,idle#0
20243.406,batt.power_mw,10.0,idle#0
20244.332,batt.power_mw,0.0,idle#0
20244.349,batt.power_mw,0.0,idle#0
20245.542,batt.power_mw,1.0,idle#0
20245.582,batt.power_mw,1.0,idle#0
20245.682,batt.power_mw,1.0,idle#0
20247.021,batt.power_mw,0.0,idle#0
20247.058,batt.power_mw,0.0,idle#0
20248.239,batt.power_mw,1.0,idle#0
20248.296,batt.power_mw,1.0,idle#0
20249.491,batt.power_mw,0.0,idle#0
20250.634,batt.power_mw,0.0,idle#0
20250.672,batt.power_mw,0.0,idle#0
20250.764,batt.power_mw,0.0,idle#0
20252.109,batt.power_mw,0.0,idle#0
20252.173,batt.power_mw,0.0,idle#0
20253.514,batt.power_mw,0.0,idle#0
20253.556,batt.power_mw,0.0,idle#0
20253.655,batt.power_mw,11.0,idle#0
20255.001,batt.power_mw,0.0,idle#0
20255.060,batt.power_mw,10.0,idle#0
20256.374,batt.power_mw,0.0,idle#0
20256.429,batt.power_mw,9.0,idle#0
20257.618,batt.power_mw,0.0,idle#0
20257.638,batt.power_mw,0.0,idle#0
20258.829,batt.power_mw,0.0,idle#0
20258.855,batt.power_mw,0.0,idle#0
20258.955,batt.power_mw,6.0,idle#0
20260.051,batt.power_mw,0.0,idle#0
20260.109,batt.power_mw,7.0,idle#0
20260.495,batt.power_mw,0.0,idle#0
20260.530,batt.power_mw,0.0,idle#0
20260.629,batt.power_mw,0.0,idle#0
20260.808,batt.power_mw,11.0,
20260.830,batt.power_mw,11.0,
20260.930,batt.power_mw,11.0,
20261.030,batt.power_mw,11.0,
20262.175,batt.power_mw,0.0,
20263.330,batt.power_mw,0.0,
20263.388,batt.power_mw,0.0,
20263.488,batt.power_mw,11.0,
20264.630,batt.power_mw,11.0,
20264.859,batt.power_mw,11.0,
20266.079,batt.power_mw,11.0,
20266.162,batt.power_mw,11.0,
20267.512,batt.power_mw,6.0,
20267.542,batt.power_mw,6.0,
20268.892,batt.power_mw,1.0,
20268.940,batt.power_mw,1.0,
20270.087,batt.power_mw,0.0,
20270.156,batt.power_mw,5.0,
20271.354,batt.power_mw,3.0,
20271.416,batt.power_mw,3.0,
20272.601,batt.power_mw,1.0,
20272.660,batt.power_mw,1.0,
20273.839,batt.power_mw,3.0,
20273.902,batt.power_mw,0.0,
20275.019,batt.power_mw,0.0,
20275.064,batt.power_mw,1.0,
20275.164,batt.power_mw,1.0,
20276.308,batt.power_mw,1.0,
20276.369,batt.power_mw,1.0,
20277.535,batt.power_mw,3.0,
20277.607,batt.power_mw,3.0,
20278.953,batt.power_mw,0.0,
20279.001,batt.power_mw,0.0,
20280.208,batt.power_mw,0.0,
20280.241,batt.power_mw,0.0,
20281.436,batt.power_mw,1.0,
20282.621,batt.power_mw,0.0,
20282.676,batt.power_mw,0.0,
20282.991,batt.power_mw,0.0,
20283.058,batt.power_mw,0.0,
20283.158,batt.power_mw,11.0,
20283.437,batt.power_mw,0.0,
20283.478,batt.power_mw,7.0,
20283.675,batt.power_mw,0.0,
20283.680,batt.power_mw,0.0,
20283.780,batt.power_mw,0.0,cpu1#0
20283.880,batt.power_mw,11.0,cpu1#0
20283.981,batt.power_mw,11.0,cpu1#0
20284.095,batt.power_mw,10.0,cpu1#0
20284.180,batt.power_mw,11.0,cpu1#0
20284.281,batt.power_mw,11.0,cpu1#0
20284.380,batt.power_mw,10.0,cpu1#0
20284.481,batt.power_mw,10.0,cpu1#0
20285.664,batt.power_mw,0.0,cpu1#0
20285.720,batt.power_mw,0.0,cpu1#0
20286.913,batt.power_mw,0.0,cpu1#0
20286.960,batt.power_mw,0.0,cpu1#0
20288.162,batt.power_mw,0.0,cpu1#0
20288.210,batt.power_mw,10.0,cpu1#0
20289.385,batt.power_mw,0.0,cpu1#0
20289.427,batt.power_mw,0.0,cpu1#0
20291.002,batt.power_mw,0.0,cpu1#0
20291.047,batt.power_mw,3.0,cpu1#0
20292.239,batt.power_mw,1.0,cpu1#0
20292.254,batt.power_mw,1.0,cpu1#0
20292.354,batt.power_mw,1.0,cpu1#0
20293.698,batt.power_mw,1.0,cpu1#0
20293.711,batt.power_mw,1.0,cpu1#0
20294.901,batt.power_mw,1.0,cpu1#0
20294.955,batt.power_mw,1.0,cpu1#0
20295.055,batt.power_mw,11.0,cpu1#0
20296.384,batt.power_mw,0.0,cpu1#0
20296.404,batt.power_mw,0.0,cpu1#0
20296.504,batt.power_mw,11.0,cpu1#0
20297.847,batt.power_mw,0.0,cpu1#0
20297.868,batt.power_mw,11.0,cpu1#0
20299.212,batt.power_mw,0.0,cpu1#0
20299.233,batt.power_mw,0.0,cpu1#0
20299.333,batt.power_mw,10.0,cpu1#0
20300.637,batt.power_mw,0.0,cpu1#0
20300.713,batt.power_mw,7.0,cpu1#0
20300.764,batt.power_mw,7.0,cpu1#0
20301.921,batt.power_mw,4.0,cpu1#0
20301.946,batt.power_mw,4.0,cpu1#0
20302.045,batt.power_mw,4.0,cpu1#0
20303.110,batt.power_mw,0.0,cpu1#0
20303.199,batt.power_mw,5.0,cpu1#0
20304.541,batt.power_mw,1.0,cpu1#0
20304.546,batt.power_mw,1.0,cpu1#0
20305.760,batt.power_mw,1.0,cpu1#0
20305.814,batt.power_mw,1.0,cpu1#0
20305.914,batt.power_mw,1.0,cpu1#0
20307.244,batt.power_mw,0.0,cpu1#0
20307.286,batt.power_mw,0.0,cpu1#0
20308.096,batt.power_mw,2.0,cpu1#0
20308.136,batt.power_mw,0.0,cpu1#0
20308.295,batt.power_mw,0.0,cpu1#0
20308.338,batt.power_mw,0.0,cpu1#0
20308.438,batt.power_mw,11.0,cpu1#0
20308.538,batt.power_mw,11.0,cpu1#0
20309.500,batt.power_mw,0.0,cpu1#0
20309.534,batt.power_mw,0.0,cpu1#0
20309.638,batt.power_mw,11.0,cpu1#0
20310.936,batt.power_mw,1.0,cpu1#0
20312.082,batt.power_mw,1.0,cpu1#0
20312.135,batt.power_mw,1.0,cpu1#0
20312.234,batt.power_mw,1.0,cpu1#0
20313.556,batt.power_mw,0.0,cpu1#0
20313.611,batt.power_mw,0.0,cpu1#0
20314.797,batt.power_mw,0.0,cpu1#0
20314.849,batt.power_mw,0.0,cpu1#0
20316.053,batt.power_mw,0.0,cpu1#0
20316.111,batt.power_mw,0.0,cpu1#0
20317.442,batt.power_mw,0.0,cpu1#0
20317.499,batt.power_mw,0.0,cpu1#0
20317.600,batt.power_mw,11.0,cpu1#0
20318.909,batt.power_mw,0.0,cpu1#0
20318.950,batt.power_mw,10.0,cpu1#0
20320.118,batt.power_mw,0.0,cpu1#0
20320.158,batt.power_mw,11.0,cpu1#0
20321.369,batt.power_mw,0.0,cpu1#0
20321.392,batt.power_mw,11.0,cpu1#0
20321.492,batt.power_mw,11.0,cpu1#0
20322.806,batt.power_mw,10.0,cpu1#0
20322.831,batt.power_mw,10.0,cpu1#0
20322.932,batt.power_mw,10.0,cpu1#0
20324.241,batt.power_mw,1.0,cpu1#0
20324.288,batt.power_mw,1.0,cpu1#0
20324.587,batt.power_mw,0.0,cpu1#0
20324.610,batt.power_mw,0.0,cpu1#0
20324.710,batt.power_mw,0.0,cpu1#0
20325.003,batt.power_mw,0.0,cpu1#0
20325.038,batt.power_mw,0.0,cpu1#0
20325.138,batt.power_mw,10.0,cpu1#0
20325.251,batt.power_mw,11.0,cpu1#0
20325.338,batt.power_mw,11.0,cpu1#0
20325.438,batt.power_mw,10.0,cpu1#0
20326.279,batt.power_mw,0.0,cpu1#0
20326.320,batt.power_mw,11.0,cpu1#0
20326.427,batt.power_mw,11.0,cpu1#0
20326.521,batt.power_mw,12.0,cpu1#0
20326.852,batt.power_mw,1.0,cpu1#0
20326.910,batt.power_mw,1.0,cpu1#0
20327.696,batt.power_mw,0.0,cpu1#0
20327.753,batt.power_mw,11.0,cpu1#0
20328.948,batt.power_mw,9.0,cpu1#0
20329.008,batt.power_mw,9.0,cpu1#0
20329.527,batt.power_mw,0.0,cpu1#0
20329.578,batt.power_mw,0.0,cpu1#0
20329.679,batt.power_mw,11.0,cpu1#0
20329.975,batt.power_mw,1.0,
20330.025,batt.power_mw,12.0,
20330.125,batt.power_mw,12.0,
20331.359,batt.power_mw,0.0,
20331.385,batt.power_mw,0.0,
20331.485,batt.power_mw,8.0,
20332.854,batt.power_mw,0.0,
20332.864,batt.power_mw,0.0,
20332.964,batt.power_mw,0.0,
20334.202,batt.power_mw,1.0,
20334.230,batt.power_mw,1.0,
20334.318,batt.power_mw,1.0,
20334.418,batt.power_mw,11.0,
20335.691,batt.power_mw,1.0,
20335.730,batt.power_mw,1.0,
20336.945,batt.power_mw,1.0,
20336.967,batt.power_mw,1.0,
20338.128,batt.power_mw,1.0,
20338.195,batt.power_mw,1.0,
20339.359,batt.power_mw,1.0,
20339.417,batt.power_mw,1.0,
20340.606,batt.power_mw,1.0,
20340.661,batt.power_mw,1.0,
20341.850,batt.power_mw,1.0,
20341.874,batt.power_mw,1.0,
20341.973,batt.power_mw,11.0,
20343.300,batt.power_mw,0.0,
20343.318,batt.power_mw,0.0,
20344.525,batt.power_mw,0.0,
20344.559,batt.power_mw,0.0,
20345.671,batt.power_mw,0.0,
20345.697,batt.power_mw,0.0,
20345.785,batt.power_mw,0.0,
20346.949,batt.power_mw,0.0,
20346.992,batt.power_mw,0.0,
20348.207,batt.power_mw,0.0,
20348.244,batt.power_mw,0.0,
20349.590,batt.power_mw,0.0,
20349.605,batt.power_mw,0.0,
20349.704,batt.power_mw,10.0,
20350.462,batt.power_mw,1.0,
20350.506,batt.power_mw,1.0,
20350.606,batt.power_mw,11.0,
20351.849,batt.power_mw,0.0,
20351.911,batt.power_mw,0.0,
20352.014,batt.power_mw,11.0,
20352.197,batt.power_mw,0.0,
20352.211,batt.power_mw,0.0,
20352.311,batt.power_mw,11.0,
20352.486,batt.power_mw,0.0,
20352.520,batt.power_mw,0.0,
20352.613,batt.power_mw,0.0,cpu_all#0
20352.713,batt.power_mw,12.0,cpu_all#0
20352.813,batt.power_mw,10.0,cpu_all#0
20352.914,batt.power_mw,10.0,cpu_all#0
20353.013,batt.power_mw,10.0,cpu_all#0
20353.114,batt.power_mw,10.0,cpu_all#0
20353.214,batt.power_mw,9.0,cpu_all#0
20353.313,batt.power_mw,9.0,cpu_all#0
20353.413,batt.power_mw,9.0,cpu_all#0
20353.513,batt.power_mw,9.0,cpu_all#0
20353.613,batt.power_mw,9.0,cpu_all#0
20353.713,batt.power_mw,8.0,cpu_all#0
20353.813,batt.power_mw,8.0,cpu_all#0
20353.913,batt.power_mw,7.0,cpu_all#0
20354.013,batt.power_mw,7.0,cpu_all#0
20355.311,batt.power_mw,1.0,cpu_all#0
20355.343,batt.power_mw,1.0,cpu_all#0
20356.555,batt.power_mw,1.0,cpu_all#0
20356.585,batt.power_mw,1.0,cpu_all#0
20358.204,batt.power_mw,0.0,cpu_all#0
20358.226,batt.power_mw,0.0,cpu_all#0
20359.422,batt.power_mw,0.0,cpu_all#0
20359.452,batt.power_mw,0.0,cpu_all#0
20359.553,batt.power_mw,11.0,cpu_all#0
20360.879,batt.power_mw,0.0,cpu_all#0
20360.930,batt.power_mw,8.0,cpu_all#0
20362.283,batt.power_mw,0.0,cpu_all#0
20362.294,batt.power_mw,4.0,cpu_all#0
20362.395,batt.power_mw,4.0,cpu_all#0
20363.706,batt.power_mw,0.0,cpu_all#0
20363.767,batt.power_mw,0.0,cpu_all#0
20364.964,batt.power_mw,0.0,cpu_all#0
20365.012,batt.power_mw,0.0,cpu_all#0
20366.185,batt.power_mw,0.0,cpu_all#0
20366.235,batt.power_mw,0.0,cpu_all#0
20367.403,batt.power_mw,0.0,cpu_all#0
20367.458,batt.power_mw,0.0,cpu_all#0
20368.639,batt.power_mw,0.0,cpu_all#0
20368.683,batt.power_mw,0.0,cpu_all#0
20369.883,batt.power_mw,0.0,cpu_all#0
20369.935,batt.power_mw,0.0,cpu_all#0
20371.094,batt.power_mw,0.0,cpu_all#0
20371.131,batt.power_mw,0.0,cpu_all#0
20372.335,batt.power_mw,0.0,cpu_all#0
20372.395,batt.power_mw,0.0,cpu_all#0
20372.495,batt.power_mw,11.0,cpu_all#0
20373.812,batt.power_mw,0.0,cpu_all#0
20373.845,batt.power_mw,0.0,cpu_all#0
20373.945,batt.power_mw,11.0,cpu_all#0
20375.205,batt.power_mw,0.0,cpu_all#0
20375.211,batt.power_mw,0.0,cpu_all#0
20375.308,batt.power_mw,11.0,cpu_all#0
20376.641,batt.power_mw,0.0,cpu_all#0
20376.740,batt.power_mw,11.0,cpu_all#0
20378.079,batt.power_mw,0.0,cpu_all#0
20378.107,batt.power_mw,10.0,cpu_all#0
20378.207,batt.power_mw,10.0,cpu_all#0
20379.528,batt.power_mw,3.0,cpu_all#0
20379.543,batt.power_mw,3.0,cpu_all#0
20380.698,batt.power_mw,0.0,cpu_all#0
20380.751,batt.power_mw,2.0,cpu_all#0
20380.851,batt.power_mw,2.0,cpu_all#0
20382.180,batt.power_mw,0.0,cpu_all#0
20382.215,batt.power_mw,0.0,cpu_all#0
20382.316,batt.power_mw,11.0,cpu_all#0
20382.416,batt.power_mw,11.0,cpu_all#0
20383.601,batt.power_mw,1.0,cpu_all#0
20383.658,batt.power_mw,1.0,cpu_all#0
20383.758,batt.power_mw,11.0,cpu_all#0
20385.057,batt.power_mw,0.0,cpu_all#0
20385.094,batt.power_mw,0.0,cpu_all#0
20386.449,batt.power_mw,0.0,cpu_all#0
20386.484,batt.power_mw,0.0,cpu_all#0
20387.691,batt.power_mw,0.0,cpu_all#0
20387.722,batt.power_mw,0.0,cpu_all#0
20387.822,batt.power_mw,11.0,cpu_all#0
20389.099,batt.power_mw,0.0,cpu_all#0
20389.143,batt.power_mw,0.0,cpu_all#0
20390.359,batt.power_mw,0.0,cpu_all#0
20390.395,batt.power_mw,7.0,cpu_all#0
20390.495,batt.power_mw,7.0,cpu_all#0
20391.558,batt.power_mw,0.0,cpu_all#0
20391.598,batt.power_mw,0.0,cpu_all#0
20392.800,batt.power_mw,0.0,cpu_all#0
20392.859,batt.power_mw,10.0,cpu_all#0
20393.105,batt.power_mw,0.0,cpu_all#0
20393.160,batt.power_mw,0.0,cpu_all#0
20393.260,batt.power_mw,11.0,cpu_all#0
20393.360,batt.power_mw,11.0,cpu_all#0
20394.281,batt.power_mw,5.0,cpu_all#0
20394.322,batt.power_mw,5.0,cpu_all#0
20394.422,batt.power_mw,5.0,cpu_all#0
20395.729,batt.power_mw,1.0,cpu_all#0
20395.772,batt.power_mw,1.0,cpu_all#0
20395.872,batt.power_mw,11.0,cpu_all#0
20397.147,batt.power_mw,0.0,cpu_all#0
20397.173,batt.power_mw,0.0,cpu_all#0
20397.274,batt.power_mw,11.0,cpu_all#0
20398.167,batt.power_mw,0.0,cpu_all#0
20398.212,batt.power_mw,0.0,cpu_all#0
20398.415,batt.power_mw,11.0,cpu_all#0
20398.509,batt.power_mw,10.0,cpu_all#0
20398.609,batt.power_mw,10.0,
20399.784,batt.power_mw,0.0,
20399.833,batt.power_mw,0.0,
20399.933,batt.power_mw,11.0,
20401.250,batt.power_mw,0.0,
20401.277,batt.power_mw,11.0,
20402.613,batt.power_mw,0.0,
20402.629,batt.power_mw,0.0,
20403.833,batt.power_mw,0.0,
20403.882,batt.power_mw,0.0,
20403.982,batt.power_mw,11.0,
20405.312,batt.power_mw,0.0,
20405.350,batt.power_mw,7.0,
20405.451,batt.power_mw,7.0,
20406.781,batt.power_mw,0.0,
20406.819,batt.power_mw,0.0,
20407.973,batt.power_mw,0.0,
20408.026,batt.power_mw,0.0,
20408.127,batt.power_mw,11.0,
20409.434,batt.power_mw,0.0,
20409.467,batt.power_mw,0.0,
20410.826,batt.power_mw,0.0,
20410.877,batt.power_mw,0.0,
20412.048,batt.power_mw,0.0,
20412.094,batt.power_mw,0.0,
20412.193,batt.power_mw,10.0,
20412.293,batt.power_mw,10.0,
20413.538,batt.power_mw,0.0,
20413.570,batt.power_mw,10.0,
20414.913,batt.power_mw,0.0,
20414.940,batt.power_mw,0.0,
20416.147,batt.power_mw,0.0,
20416.171,batt.power_mw,0.0,
20416.572,batt.power_mw,0.0,
20416.602,batt.power_mw,0.0,
20416.702,batt.power_mw,0.0,
20417.630,batt.power_mw,5.0,
20418.813,batt.power_mw,0.0,
20418.851,batt.power_mw,3.0,
20418.952,batt.power_mw,3.0,
20419.059,batt.power_mw,9.0,
20419.152,batt.power_mw,9.0,
20419.258,batt.power_mw,11.0,
20419.352,batt.power_mw,11.0,
20419.451,batt.power_mw,12.0,
20419.551,batt.power_mw,11.0,idle#1
20419.652,batt.power_mw,11.0,idle#1
20419.758,batt.power_mw,10.0,idle#1
20419.852,batt.power_mw,10.0,idle#1
20419.952,batt.power_mw,10.0,idle#1
20420.051,batt.power_mw,10.0,idle#1
20420.152,batt.power_mw,10.0,idle#1
20420.251,batt.power_mw,9.0,idle#1
20420.351,batt.power_mw,9.0,idle#1
20420.452,batt.power_mw,8.0,idle#1
20420.551,batt.power_mw,8.0,idle#1
20421.111,batt.power_mw,0.0,idle#1
20421.126,batt.power_mw,12.0,idle#1
20422.472,batt.power_mw,0.0,idle#1
20422.482,batt.power_mw,0.0,idle#1
20422.575,batt.power_mw,6.0,idle#1
20423.786,batt.power_mw,4.0,idle#1
20423.823,batt.power_mw,4.0,idle#1
20425.006,batt.power_mw,3.0,idle#1
20425.055,batt.power_mw,3.0,idle#1
20425.155,batt.power_mw,11.0,idle#1
20426.399,batt.power_mw,1.0,idle#1
20426.405,batt.power_mw,1.0,idle#1
20426.504,batt.power_mw,1.0,idle#1
20427.847,batt.power_mw,1.0,idle#1
20427.892,batt.power_mw,1.0,idle#1
20429.091,batt.power_mw,1.0,idle#1
20429.115,batt.power_mw,1.0,idle#1
20430.282,batt.power_mw,1.0,idle#1
20430.307,batt.power_mw,1.0,idle#1
20430.408,batt.power_mw,1.0,idle#1
20431.575,batt.power_mw,0.0,idle#1
20431.638,batt.power_mw,0.0,idle#1
20432.943,batt.power_mw,0.0,idle#1
20432.965,batt.power_mw,0.0,idle#1
20433.064,batt.power_mw,10.0,idle#1
20433.165,batt.power_mw,10.0,idle#1
20434.431,batt.power_mw,0.0,idle#1
20435.603,batt.power_mw,0.0,idle#1
20435.655,batt.power_mw,0.0,idle#1
20435.754,batt.power_mw,11.0,idle#1
20437.095,batt.power_mw,10.0,idle#1
20437.138,batt.power_mw,10.0,idle#1
20438.486,batt.power_mw,0.0,idle#1
20438.492,batt.power_mw,0.0,idle#1
20438.590,batt.power_mw,5.0,idle#1
20438.690,batt.power_mw,11.0,idle#1
20439.953,batt.power_mw,1.0,idle#1
20439.999,batt.power_mw,1.0,idle#1
20440.349,batt.power_mw,0.0,idle#1
20440.418,batt.power_mw,0.0,idle#1
20441.205,batt.power_mw,1.0,idle#1
20442.349,batt.power_mw,0.0,idle#1
20442.390,batt.power_mw,1.0,idle#1
20443.608,batt.power_mw,0.0,idle#1
20443.612,batt.power_mw,0.0,idle#1
20443.712,batt.power_mw,0.0,idle#1
20443.812,batt.power_mw,11.0,idle#1
20445.064,batt.power_mw,0.0,idle#1
20445.095,batt.power_mw,0.0,idle#1
20446.453,batt.power_mw,0.0,idle#1
20446.476,batt.power_mw,0.0,idle#1
20446.576,batt.power_mw,11.0,idle#1
20447.886,batt.power_mw,0.0,idle#1
20447.923,batt.power_mw,0.0,idle#1
20448.023,batt.power_mw,11.0,idle#1
20449.315,batt.power_mw,0.0,idle#1
20449.341,batt.power_mw,0.0,idle#1
20449.439,batt.power_mw,11.0,idle#1
20450.815,batt.power_mw,8.0,idle#1
20450.827,batt.power_mw,8.0,idle#1
20450.927,batt.power_mw,8.0,idle#1
20452.184,batt.power_mw,0.0,idle#1
20452.218,batt.power_mw,0.0,idle#1
20452.317,batt.power_mw,0.0,idle#1
20453.628,batt.power_mw,0.0,idle#1
20453.654,batt.power_mw,0.0,idle#1
20453.755,batt.power_mw,0.0,idle#1
20454.646,batt.power_mw,0.0,idle#1
20454.692,batt.power_mw,1.0,idle#1
20454.793,batt.power_mw,1.0,idle#1
20454.893,batt.power_mw,11.0,idle#1
20455.097,batt.power_mw,0.0,idle#1
20455.193,batt.power_mw,11.0,idle#1
20456.060,batt.power_mw,0.0,idle#1
20456.089,batt.power_mw,0.0,idle#1
20456.190,batt.power_mw,0.0,idle#1
20457.376,batt.power_mw,1.0,idle#1
20457.420,batt.power_mw,1.0,idle#1
20458.330,batt.power_mw,0.0,idle#1
20458.376,batt.power_mw,2.0,idle#1
20459.535,batt.power_mw,0.0,idle#1
20459.578,batt.power_mw,1.0,idle#1
20459.677,batt.power_mw,1.0,idle#1
20459.777,batt.power_mw,10.0,idle#1
20461.013,batt.power_mw,0.0,idle#1
20461.026,batt.power_mw,0.0,idle#1
20461.126,batt.power_mw,0.0,idle#1
20462.479,batt.power_mw,1.0,idle#1
20462.579,batt.power_mw,11.0,idle#1
20463.922,batt.power_mw,0.0,idle#1
20463.971,batt.power_mw,11.0,idle#1
20465.279,batt.power_mw,0.0,idle#1
20465.314,batt.power_mw,0.0,idle#1
20465.415,batt.power_mw,11.0,idle#1
20465.515,batt.power_mw,11.0,
20466.706,batt.power_mw,0.0,
20466.732,batt.power_mw,0.0,
20466.832,batt.power_mw,11.0,
20468.013,batt.power_mw,9.0,
20468.050,batt.power_mw,9.0,
20469.225,batt.power_mw,0.0,
20469.260,batt.power_mw,7.0,
20469.360,batt.power_mw,7.0,
20470.657,batt.power_mw,3.0,
20470.681,batt.power_mw,3.0,
20470.781,batt.power_mw,3.0,
20472.101,batt.power_mw,0.0,
20472.135,batt.power_mw,0.0,
20473.444,batt.power_mw,1.0,
20473.512,batt.power_mw,1.0,
20473.612,batt.power_mw,1.0,
20474.757,batt.power_mw,1.0,
20475.937,batt.power_mw,1.0,
20475.989,batt.power_mw,1.0,
20476.089,batt.power_mw,11.0,
20477.411,batt.power_mw,0.0,
20477.430,batt.power_mw,0.0,
20477.530,batt.power_mw,10.0,
20478.855,batt.power_mw,0.0,
20478.881,batt.power_mw,0.0,
20480.033,batt.power_mw,0.0,
20480.082,batt.power_mw,0.0,
20480.183,batt.power_mw,10.0,
20481.532,batt.power_mw,10.0,
20481.559,batt.power_mw,10.0,
20482.649,batt.power_mw,1.0,
20482.674,batt.power_mw,1.0,
20483.933,batt.power_mw,0.0,
20483.985,batt.power_mw,7.0,
20484.086,batt.power_mw,7.0,
20485.393,batt.power_mw,4.0,
20485.439,batt.power_mw,4.0,
20485.539,batt.power_mw,4.0,
20485.700,batt.power_mw,10.0,
20485.739,batt.power_mw,10.0,
20485.839,batt.power_mw,10.0,
20486.992,batt.power_mw,0.0,
20487.050,batt.power_mw,0.0,
20487.149,batt.power_mw,11.0,
20487.250,batt.power_mw,11.0,
20487.437,batt.power_mw,5.0,cpu1#1
20487.449,batt.power_mw,5.0,cpu1#1
20487.550,batt.power_mw,11.0,cpu1#1
20487.649,batt.power_mw,11.0,cpu1#1
20487.834,batt.power_mw,10.0,cpu1#1
20487.850,batt.power_mw,11.0,cpu1#1
20487.950,batt.power_mw,11.0,cpu1#1
20488.050,batt.power_mw,9.0,cpu1#1
20488.150,batt.power_mw,9.0,cpu1#1
20488.250,batt.power_mw,8.0,cpu1#1
20489.030,batt.power_mw,0.0,cpu1#1
20489.066,batt.power_mw,9.0,cpu1#1
20490.281,batt.power_mw,0.0,cpu1#1
20490.321,batt.power_mw,6.0,cpu1#1
20490.421,batt.power_mw,6.0,cpu1#1
20491.757,batt.power_mw,1.0,cpu1#1
20491.818,batt.power_mw,1.0,cpu1#1
20492.983,batt.power_mw,0.0,cpu1#1
20493.026,batt.power_mw,0.0,cpu1#1
20494.222,batt.power_mw,0.0,cpu1#1
20494.267,batt.power_mw,0.0,cpu1#1
20495.597,batt.power_mw,0.0,cpu1#1
20495.625,batt.power_mw,0.0,cpu1#1
20495.725,batt.power_mw,0.0,cpu1#1
20497.049,batt.power_mw,0.0,cpu1#1
20497.075,batt.power_mw,0.0,cpu1#1
20497.173,batt.power_mw,11.0,cpu1#1
20498.464,batt.power_mw,0.0,cpu1#1
20498.483,batt.power_mw,0.0,cpu1#1
20498.579,batt.power_mw,11.0,cpu1#1
20499.905,batt.power_mw,0.0,cpu1#1
20499.923,batt.power_mw,0.0,cpu1#1
20500.023,batt.power_mw,7.0,cpu1#1
20501.420,batt.power_mw,3.0,cpu1#1
20501.467,batt.power_mw,3.0,cpu1#1
20501.570,batt.power_mw,11.0,cpu1#1
20501.663,batt.power_mw,11.0,cpu1#1
20501.763,batt.power_mw,11.0,cpu1#1
20501.863,batt.power_mw,11.0,cpu1#1
20501.964,batt.power_mw,12.0,cpu1#1
20502.799,batt.power_mw,0.0,cpu1#1
20502.823,batt.power_mw,0.0,cpu1#1
20502.926,batt.power_mw,0.0,cpu1#1
20503.022,batt.power_mw,12.0,cpu1#1
20504.205,batt.power_mw,1.0,cpu1#1
20504.256,batt.power_mw,1.0,cpu1#1
20504.356,batt.power_mw,12.0,cpu1#1
20505.696,batt.power_mw,0.0,cpu1#1
20505.747,batt.power_mw,12.0,cpu1#1
20506.905,batt.power_mw,0.0,cpu1#1
20506.969,batt.power_mw,0.0,cpu1#1
20508.128,batt.power_mw,0.0,cpu1#1
20508.189,batt.power_mw,0.0,cpu1#1
20509.356,batt.power_mw,0.0,cpu1#1
20509.451,batt.power_mw,11.0,cpu1#1
20510.803,batt.power_mw,0.0,cpu1#1
20510.848,batt.power_mw,11.0,cpu1#1
20511.968,batt.power_mw,0.0,cpu1#1
20511.996,batt.power_mw,0.0,cpu1#1
20512.089,batt.power_mw,11.0,cpu1#1
20512.187,batt.power_mw,11.0,cpu1#1
20513.439,batt.power_mw,0.0,cpu1#1
20513.475,batt.power_mw,10.0,cpu1#1
20513.575,batt.power_mw,10.0,cpu1#1
20514.916,batt.power_mw,6.0,cpu1#1
20514.958,batt.power_mw,6.0,cpu1#1
20516.299,batt.power_mw,1.0,cpu1#1
20516.318,batt.power_mw,1.0,cpu1#1
20516.418,batt.power_mw,1.0,cpu1#1
20517.721,batt.power_mw,0.0,cpu1#1
20517.777,batt.power_mw,0.0,cpu1#1
20517.837,batt.power_mw,0.0,cpu1#1
20518.370,batt.power_mw,0.0,cpu1#1
20518.392,batt.power_mw,10.0,cpu1#1
20519.175,batt.power_mw,0.0,cpu1#1
20519.222,batt.power_mw,0.0,cpu1#1
20519.322,batt.power_mw,11.0,cpu1#1
20520.584,batt.power_mw,0.0,cpu1#1
20520.597,batt.power_mw,0.0,cpu1#1
20521.786,batt.power_mw,0.0,cpu1#1
20521.842,batt.power_mw,0.0,cpu1#1
20521.943,batt.power_mw,11.0,cpu1#1
20523.248,batt.power_mw,0.0,cpu1#1
20523.300,batt.power_mw,0.0,cpu1#1
20523.400,batt.power_mw,11.0,cpu1#1
20523.500,batt.power_mw,11.0,cpu1#1
20524.748,batt.power_mw,8.0,cpu1#1
20524.760,batt.power_mw,8.0,cpu1#1
20524.860,batt.power_mw,8.0,cpu1#1
20525.324,batt.power_mw,0.0,cpu1#1
20525.373,batt.power_mw,0.0,cpu1#1
20525.474,batt.power_mw,11.0,cpu1#1
20525.956,batt.power_mw,9.0,cpu1#1
20526.016,batt.power_mw,9.0,cpu1#1
20527.344,batt.power_mw,1.0,cpu1#1
20527.390,batt.power_mw,1.0,cpu1#1
20528.559,batt.power_mw,0.0,cpu1#1
20528.601,batt.power_mw,2.0,cpu1#1
20529.808,batt.power_mw,0.0,cpu1#1
20529.839,batt.power_mw,0.0,cpu1#1
20531.032,batt.power_mw,1.0,cpu1#1
20531.057,batt.power_mw,1.0,cpu1#1
20532.243,batt.power_mw,0.0,cpu1#1
20532.288,batt.power_mw,1.0,cpu1#1
20532.389,batt.power_mw,1.0,cpu1#1
20533.151,batt.power_mw,10.0,cpu1#1
20533.175,batt.power_mw,10.0,cpu1#1
20533.386,batt.power_mw,0.0,cpu1#1
20533.475,batt.power_mw,0.0,
20533.576,batt.power_mw,11.0,
20533.675,batt.power_mw,12.0,
20534.965,batt.power_mw,0.0,
20534.969,batt.power_mw,0.0,
20536.181,batt.power_mw,0.0,
20536.201,batt.power_mw,0.0,
20536.301,batt.power_mw,10.0,
20537.596,batt.power_mw,0.0,
20537.645,batt.power_mw,0.0,
20537.746,batt.power_mw,11.0,
20537.845,batt.power_mw,11.0,
20539.091,batt.power_mw,0.0,
20539.120,batt.power_mw,11.0,
20540.471,batt.power_mw,0.0,
20541.667,batt.power_mw,0.0,
20541.695,batt.power_mw,0.0,
20542.901,batt.power_mw,0.0,
20542.929,batt.power_mw,0.0,
20543.030,batt.power_mw,10.0,
20544.186,batt.power_mw,0.0,
20544.229,batt.power_mw,11.0,
20545.435,batt.power_mw,11.0,
20545.452,batt.power_mw,11.0,
20546.804,batt.power_mw,0.0,
20546.825,batt.power_mw,0.0,
20546.925,batt.power_mw,6.0,
20548.095,batt.power_mw,7.0,
20548.121,batt.power_mw,7.0,
20549.305,batt.power_mw,6.0,
20549.335,batt.power_mw,6.0,
20549.432,batt.power_mw,6.0,
20550.740,batt.power_mw,0.0,
20550.770,batt.power_mw,0.0,
20550.870,batt.power_mw,0.0,
20552.168,batt.power_mw,0.0,
20552.192,batt.power_mw,0.0,
20553.400,batt.power_mw,1.0,
20553.416,batt.power_mw,1.0,
20553.805,batt.power_mw,0.0,
20553.879,batt.power_mw,7.0,
20553.978,batt.power_mw,7.0,
20554.232,batt.power_mw,4.0,
20554.292,batt.power_mw,4.0,
20554.397,batt.power_mw,11.0,
20554.493,batt.power_mw,11.0,
20554.668,batt.power_mw,11.0,
20554.695,batt.power_mw,11.0,
20554.794,batt.power_mw,11.0,cpu_all#1
20554.894,batt.power_mw,11.0,cpu_all#1
20554.994,batt.power_mw,11.0,cpu_all#1
20555.094,batt.power_mw,10.0,cpu_all#1
20556.258,batt.power_mw,0.0,cpu_all#1
20556.298,batt.power_mw,0.0,cpu_all#1
20557.456,batt.power_mw,0.0,cpu_all#1
20557.498,batt.power_mw,0.0,cpu_all#1
20557.597,batt.power_mw,12.0,cpu_all#1
20558.902,batt.power_mw,0.0,cpu_all#1
20558.930,batt.power_mw,0.0,cpu_all#1
20560.119,batt.power_mw,0.0,cpu_all#1
20560.184,batt.power_mw,11.0,cpu_all#1
20560.284,batt.power_mw,11.0,cpu_all#1
20561.598,batt.power_mw,8.0,cpu_all#1
20561.643,batt.power_mw,8.0,cpu_all#1
20561.744,batt.power_mw,8.0,cpu_all#1
20563.011,batt.power_mw,1.0,cpu_all#1
20563.053,batt.power_mw,1.0,cpu_all#1
20564.210,batt.power_mw,0.0,cpu_all#1
20564.270,batt.power_mw,0.0,cpu_all#1
20564.370,batt.power_mw,0.0,cpu_all#1
20565.705,batt.power_mw,0.0,cpu_all#1
20565.719,batt.power_mw,0.0,cpu_all#1
20565.819,batt.power_mw,11.0,cpu_all#1
20567.161,batt.power_mw,0.0,cpu_all#1
20567.173,batt.power_mw,0.0,cpu_all#1
20568.373,batt.power_mw,0.0,cpu_all#1
20568.376,batt.power_mw,0.0,cpu_all#1
20568.477,batt.power_mw,11.0,cpu_all#1
20569.756,batt.power_mw,0.0,cpu_all#1
20569.768,batt.power_mw,0.0,cpu_all#1
20569.869,batt.power_mw,11.0,cpu_all#1
20569.969,batt.power_mw,11.0,cpu_all#1
20571.164,batt.power_mw,0.0,cpu_all#1
20571.191,batt.power_mw,0.0,cpu_all#1
20571.293,batt.power_mw,9.0,cpu_all#1
20571.391,batt.power_mw,9.0,cpu_all#1
20572.667,batt.power_mw,8.0,cpu_all#1
20572.680,batt.power_mw,8.0,cpu_all#1
20572.780,batt.power_mw,8.0,cpu_all#1
20574.065,batt.power_mw,1.0,cpu_all#1
20574.105,batt.power_mw,1.0,cpu_all#1
20574.203,batt.power_mw,1.0,cpu_all#1
20574.303,batt.power_mw,11.0,cpu_all#1
20574.403,batt.power_mw,11.0,cpu_all#1
20574.504,batt.power_mw,11.0,cpu_all#1
20574.604,batt.power_mw,12.0,cpu_all#1
20574.704,batt.power_mw,12.0,cpu_all#1
20574.803,batt.power_mw,10.0,cpu_all#1
20574.904,batt.power_mw,10.0,cpu_all#1
20575.004,batt.power_mw,10.0,cpu_all#1
20575.103,batt.power_mw,11.0,cpu_all#1
20575.204,batt.power_mw,11.0,cpu_all#1
20575.303,batt.power_mw,10.0,cpu_all#1
20575.404,batt.power_mw,10.0,cpu_all#1
20575.504,batt.power_mw,9.0,cpu_all#1
20575.604,batt.power_mw,9.0,cpu_all#1
20575.703,batt.power_mw,9.0,cpu_all#1
20575.804,batt.power_mw,8.0,cpu_all#1
20575.904,batt.power_mw,8.0,cpu_all#1
20576.003,batt.power_mw,8.0,cpu_all#1
20576.104,batt.power_mw,8.0,cpu_all#1
20576.204,batt.power_mw,8.0,cpu_all#1
20576.303,batt.power_mw,8.0,cpu_all#1
20576.404,batt.power_mw,8.0,cpu_all#1
20576.504,batt.power_mw,8.0,cpu_all#1
20576.603,batt.power_mw,9.0,cpu_all#1
20576.704,batt.power_mw,8.0,cpu_all#1
20576.803,batt.power_mw,8.0,cpu_all#1
20576.904,batt.power_mw,8.0,cpu_all#1
20577.004,batt.power_mw,8.0,cpu_all#1
20577.104,batt.power_mw,8.0,cpu_all#1
20577.204,batt.power_mw,8.0,cpu_all#1
20577.303,batt.power_mw,8.0,cpu_all#1
20577.404,batt.power_mw,9.0,cpu_all#1
20577.504,batt.power_mw,9.0,cpu_all#1
20577.604,batt.power_mw,7.0,cpu_all#1
20577.703,batt.power_mw,7.0,cpu_all#1
20577.808,batt.power_mw,8.0,cpu_all#1
20577.905,batt.power_mw,8.0,cpu_all#1
20578.005,batt.power_mw,8.0,cpu_all#1
20578.105,batt.power_mw,7.0,cpu_all#1
20578.205,batt.power_mw,7.0,cpu_all#1
20578.305,batt.power_mw,8.0,cpu_all#1
20578.405,batt.power_mw,8.0,cpu_all#1
20578.504,batt.power_mw,8.0,cpu_all#1
20578.606,batt.power_mw,8.0,cpu_all#1
20578.706,batt.power_mw,7.0,cpu_all#1
20578.805,batt.power_mw,8.0,cpu_all#1
20578.906,batt.power_mw,8.0,cpu_all#1
20579.006,batt.power_mw,7.0,cpu_all#1
20579.106,batt.power_mw,7.0,cpu_all#1
20579.206,batt.power_mw,9.0,cpu_all#1
20579.306,batt.power_mw,9.0,cpu_all#1
20579.406,batt.power_mw,7.0,cpu_all#1
20579.508,batt.power_mw,8.0,cpu_all#1
20579.605,batt.power_mw,8.0,cpu_all#1
20579.706,batt.power_mw,8.0,cpu_all#1
20579.811,batt.power_mw,8.0,cpu_all#1
20579.906,batt.power_mw,7.0,cpu_all#1
20580.006,batt.power_mw,7.0,cpu_all#1
20580.105,batt.power_mw,7.0,cpu_all#1
20580.206,batt.power_mw,8.0,cpu_all#1
20580.308,batt.power_mw,8.0,cpu_all#1
20580.404,batt.power_mw,8.0,cpu_all#1
20580.505,batt.power_mw,8.0,cpu_all#1
20580.606,batt.power_mw,8.0,cpu_all#1
20580.706,batt.power_mw,8.0,cpu_all#1
20580.811,batt.power_mw,7.0,cpu_all#1
20580.904,batt.power_mw,7.0,cpu_all#1
20581.288,batt.power_mw,0.0,cpu_all#1
20581.296,batt.power_mw,0.0,cpu_all#1
20581.397,batt.power_mw,0.0,cpu_all#1
20581.496,batt.power_mw,8.0,cpu_all#1
20582.627,batt.power_mw,0.0,cpu_all#1
20582.646,batt.power_mw,0.0,cpu_all#1
20582.746,batt.power_mw,1.0,cpu_all#1
20583.907,batt.power_mw,1.0,cpu_all#1
20583.928,batt.power_mw,1.0,cpu_all#1
20584.028,batt.power_mw,1.0,cpu_all#1
20585.344,batt.power_mw,0.0,cpu_all#1
20585.372,batt.power_mw,0.0,cpu_all#1
20585.471,batt.power_mw,12.0,cpu_all#1
20586.779,batt.power_mw,0.0,cpu_all#1
20586.814,batt.power_mw,0.0,cpu_all#1
20586.914,batt.power_mw,11.0,cpu_all#1
20588.165,batt.power_mw,0.0,cpu_all#1
20588.184,batt.power_mw,0.0,cpu_all#1
20589.379,batt.power_mw,0.0,cpu_all#1
20589.433,batt.power_mw,0.0,cpu_all#1
20589.533,batt.power_mw,11.0,cpu_all#1
20590.683,batt.power_mw,0.0,cpu_all#1
20590.744,batt.power_mw,11.0,cpu_all#1
20592.131,batt.power_mw,0.0,cpu_all#1
20592.137,batt.power_mw,11.0,cpu_all#1
20593.381,batt.power_mw,4.0,cpu_all#1
20593.459,batt.power_mw,4.0,cpu_all#1
20593.797,batt.power_mw,0.0,cpu_all#1
20593.825,batt.power_mw,0.0,cpu_all#1
20593.925,batt.power_mw,11.0,cpu_all#1
20594.784,batt.power_mw,10.0,cpu_all#1
20594.835,batt.power_mw,10.0,cpu_all#1
20596.153,batt.power_mw,0.0,cpu_all#1
20596.201,batt.power_mw,6.0,cpu_all#1
20597.404,batt.power_mw,4.0,cpu_all#1
20597.455,batt.power_mw,4.0,cpu_all#1
20598.809,batt.power_mw,1.0,cpu_all#1
20598.830,batt.power_mw,1.0,cpu_all#1
20598.928,batt.power_mw,1.0,cpu_all#1
20600.115,batt.power_mw,1.0,cpu_all#1
20600.145,batt.power_mw,1.0,cpu_all#1
20600.245,batt.power_mw,11.0,cpu_all#1
20600.457,batt.power_mw,0.0,cpu_all#1
20600.547,batt.power_mw,0.0,
20600.646,batt.power_mw,11.0,
20600.745,batt.power_mw,10.0,
20600.845,batt.power_mw,10.0,
20600.945,batt.power_mw,10.0,
20601.045,batt.power_mw,10.0,
20601.882,batt.power_mw,0.0,
20601.945,batt.power_mw,0.0,
20602.045,batt.power_mw,11.0,
20603.355,batt.power_mw,0.0,
20603.405,batt.power_mw,11.0,
20603.506,batt.power_mw,11.0,
20604.825,batt.power_mw,3.0,
20604.853,batt.power_mw,3.0,
20606.067,batt.power_mw,1.0,
20606.096,batt.power_mw,1.0,
20607.436,batt.power_mw,0.0,
20607.457,batt.power_mw,0.0,
20608.642,batt.power_mw,1.0,
20608.681,batt.power_mw,1.0,
20608.781,batt.power_mw,1.0,
20610.128,batt.power_mw,0.0,
20610.180,batt.power_mw,0.0,
20611.359,batt.power_mw,0.0,
20611.396,batt.power_mw,0.0,
20611.496,batt.power_mw,11.0,
20612.756,batt.power_mw,0.0,
20612.791,batt.power_mw,0.0,
20612.892,batt.power_mw,10.0,
20614.219,batt.power_mw,0.0,
20614.237,batt.power_mw,0.0,
20615.436,batt.power_mw,0.0,
20615.459,batt.power_mw,0.0,
20615.559,batt.power_mw,11.0,
20616.907,batt.power_mw,7.0,
20616.915,batt.power_mw,7.0,
20617.015,batt.power_mw,7.0,
20618.293,batt.power_mw,2.0,
20618.321,batt.power_mw,2.0,
20618.421,batt.power_mw,2.0,
20619.859,batt.power_mw,1.0,
20619.868,batt.power_mw,1.0,
20620.797,batt.power_mw,4.0,
20620.844,batt.power_mw,4.0,
20620.960,batt.power_mw,11.0,
20621.045,batt.power_mw,11.0,
20621.145,batt.power_mw,10.0,
20621.245,batt.power_mw,10.0,
20621.345,batt.power_mw,11.0,
20621.444,batt.power_mw,11.0,
20621.545,batt.power_mw,11.0,
20621.645,batt.power_mw,10.0,
20621.855,batt.power_mw,0.0,
20621.945,batt.power_mw,0.0,idle#2
20622.045,batt.power_mw,10.0,idle#2
20622.145,batt.power_mw,10.0,idle#2
20622.244,batt.power_mw,9.0,idle#2
20622.344,batt.power_mw,8.0,idle#2
20622.445,batt.power_mw,8.0,idle#2
20622.545,batt.power_mw,8.0,idle#2
20623.803,batt.power_mw,0.0,idle#2
20623.894,batt.power_mw,0.0,idle#2
20625.096,batt.power_mw,0.0,idle#2
20625.126,batt.power_mw,0.0,idle#2
20626.328,batt.power_mw,0.0,idle#2
20626.366,batt.power_mw,0.0,idle#2
20627.693,batt.power_mw,0.0,idle#2
20627.736,batt.power_mw,0.0,idle#2
20627.836,batt.power_mw,11.0,idle#2
20629.169,batt.power_mw,0.0,idle#2
20629.205,batt.power_mw,10.0,idle#2
20630.377,batt.power_mw,0.0,idle#2
20630.429,batt.power_mw,10.0,idle#2
20631.765,batt.power_mw,0.0,idle#2
20631.821,batt.power_mw,7.0,idle#2
20631.922,batt.power_mw,7.0,idle#2
20633.251,batt.power_mw,1.0,idle#2
20633.309,batt.power_mw,1.0,idle#2
20633.409,batt.power_mw,11.0,idle#2
20634.717,batt.power_mw,1.0,idle#2
20634.774,batt.power_mw,1.0,idle#2
20635.926,batt.power_mw,1.0,idle#2
20635.990,batt.power_mw,1.0,idle#2
20637.168,batt.power_mw,1.0,idle#2
20637.219,batt.power_mw,1.0,idle#2
20638.375,batt.power_mw,0.0,idle#2
20638.436,batt.power_mw,0.0,idle#2
20639.617,batt.power_mw,1.0,idle#2
20639.659,batt.power_mw,1.0,idle#2
20640.815,batt.power_mw,0.0,idle#2
20640.862,batt.power_mw,0.0,idle#2
20642.046,batt.power_mw,0.0,idle#2
20642.091,batt.power_mw,0.0,idle#2
20642.191,batt.power_mw,11.0,idle#2
20643.492,batt.power_mw,0.0,idle#2
20643.511,batt.power_mw,0.0,idle#2
20643.611,batt.power_mw,10.0,idle#2
20644.926,batt.power_mw,0.0,idle#2
20644.959,batt.power_mw,0.0,idle#2
20645.059,batt.power_mw,10.0,idle#2
20646.384,batt.power_mw,0.0,idle#2
20646.400,batt.power_mw,11.0,idle#2
20647.581,batt.power_mw,0.0,idle#2
20647.603,batt.power_mw,7.0,idle#2
20647.703,batt.power_mw,7.0,idle#2
20648.993,batt.power_mw,0.0,idle#2
20649.034,batt.power_mw,5.0,idle#2
20649.134,batt.power_mw,5.0,idle#2
20650.433,batt.power_mw,0.0,idle#2
20650.476,batt.power_mw,0.0,idle#2
20650.576,batt.power_mw,0.0,idle#2
20650.676,batt.power_mw,11.0,idle#2
20651.929,batt.power_mw,0.0,idle#2
20651.952,batt.power_mw,0.0,idle#2
20652.052,batt.power_mw,11.0,idle#2
20653.296,batt.power_mw,0.0,idle#2
20653.303,batt.power_mw,0.0,idle#2
20653.403,batt.power_mw,11.0,idle#2
20654.713,batt.power_mw,0.0,idle#2
20654.791,batt.power_mw,0.0,idle#2
20655.967,batt.power_mw,0.0,idle#2
20656.034,batt.power_mw,0.0,idle#2
20656.400,batt.power_mw,4.0,idle#2
20656.412,batt.power_mw,4.0,idle#2
20656.512,batt.power_mw,4.0,idle#2
20657.421,batt.power_mw,0.0,idle#2
20657.460,batt.power_mw,10.0,idle#2
20657.561,batt.power_mw,10.0,idle#2
20658.895,batt.power_mw,4.0,idle#2
20658.929,batt.power_mw,4.0,idle#2
20659.029,batt.power_mw,11.0,idle#2
20660.330,batt.power_mw,1.0,idle#2
20660.376,batt.power_mw,1.0,idle#2
20661.722,batt.power_mw,0.0,idle#2
20661.731,batt.power_mw,0.0,idle#2
20661.831,batt.power_mw,0.0,idle#2
20663.193,batt.power_mw,0.0,idle#2
20663.218,batt.power_mw,0.0,idle#2
20664.567,batt.power_mw,0.0,idle#2
20664.617,batt.power_mw,0.0,idle#2
20665.969,batt.power_mw,0.0,idle#2
20666.015,batt.power_mw,0.0,idle#2
20666.114,batt.power_mw,10.0,idle#2
20667.439,batt.power_mw,0.0,idle#2
20667.483,batt.power_mw,6.0,idle#2
20667.583,batt.power_mw,6.0,idle#2
20667.758,batt.power_mw,10.0,idle#2
20667.782,batt.power_mw,10.0,
20667.882,batt.power_mw,10.0,
20669.070,batt.power_mw,0.0,
20669.103,batt.power_mw,0.0,
20670.350,batt.power_mw,0.0,
20670.427,batt.power_mw,0.0,
20670.527,batt.power_mw,11.0,
20670.649,batt.power_mw,11.0,
20670.726,batt.power_mw,11.0,
20670.827,batt.power_mw,11.0,
20671.768,batt.power_mw,0.0,
20671.797,batt.power_mw,0.0,
20672.988,batt.power_mw,0.0,
20673.044,batt.power_mw,0.0,
20674.379,batt.power_mw,0.0,
20674.426,batt.power_mw,0.0,
20674.527,batt.power_mw,10.0,
20675.682,batt.power_mw,0.0,
20675.734,batt.power_mw,10.0,
20677.061,batt.power_mw,0.0,
20677.084,batt.power_mw,0.0,
20677.185,batt.power_mw,11.0,
20678.533,batt.power_mw,7.0,
20678.547,batt.power_mw,7.0,
20678.647,batt.power_mw,7.0,
20679.947,batt.power_mw,1.0,
20679.981,batt.power_mw,1.0,
20680.081,batt.power_mw,1.0,
20681.354,batt.power_mw,1.0,
20681.408,batt.power_mw,1.0,
20682.570,batt.power_mw,1.0,
20682.635,batt.power_mw,1.0,
20682.735,batt.power_mw,10.0,
20684.068,batt.power_mw,0.0,
20684.092,batt.power_mw,0.0,
20684.191,batt.power_mw,11.0,
20685.520,batt.power_mw,0.0,
20686.694,batt.power_mw,0.0,
20686.793,batt.power_mw,11.0,
20688.113,batt.power_mw,0.0,
20688.133,batt.power_mw,0.0,
20688.235,batt.power_mw,10.0,
20688.333,batt.power_mw,10.0,
20689.543,batt.power_mw,0.0,
20689.587,batt.power_mw,6.0,
20689.688,batt.power_mw,6.0,
20689.788,batt.power_mw,11.0,
20689.994,batt.power_mw,0.0,
20690.087,batt.power_mw,0.0,cpu1#2
20690.187,batt.power_mw,12.0,cpu1#2
20690.395,batt.power_mw,11.0,cpu1#2
20690.488,batt.power_mw,11.0,cpu1#2
20690.588,batt.power_mw,11.0,cpu1#2
20690.688,batt.power_mw,10.0,cpu1#2
20691.985,batt.power_mw,0.0,cpu1#2
20691.997,batt.power_mw,0.0,cpu1#2
20692.098,batt.power_mw,7.0,cpu1#2
20693.285,batt.power_mw,7.0,cpu1#2
20693.301,batt.power_mw,7.0,cpu1#2
20694.510,batt.power_mw,6.0,cpu1#2
20695.714,batt.power_mw,0.0,cpu1#2
20695.762,batt.power_mw,7.0,cpu1#2
20695.861,batt.power_mw,7.0,cpu1#2
20695.961,batt.power_mw,11.0,cpu1#2
20697.173,batt.power_mw,1.0,cpu1#2
20697.205,batt.power_mw,1.0,cpu1#2
20698.414,batt.power_mw,1.0,cpu1#2
20698.437,batt.power_mw,1.0,cpu1#2
20699.621,batt.power_mw,1.0,cpu1#2
20699.650,batt.power_mw,1.0,cpu1#2
20699.751,batt.power_mw,1.0,cpu1#2
20701.077,batt.power_mw,0.0,cpu1#2
20701.104,batt.power_mw,0.0,cpu1#2
20702.456,batt.power_mw,0.0,cpu1#2
20702.473,batt.power_mw,0.0,cpu1#2
20702.573,batt.power_mw,10.0,cpu1#2
20703.925,batt.power_mw,0.0,cpu1#2
20703.982,batt.power_mw,10.0,cpu1#2
20705.154,batt.power_mw,0.0,cpu1#2
20705.198,batt.power_mw,0.0,cpu1#2
20705.298,batt.power_mw,11.0,cpu1#2
20706.570,batt.power_mw,0.0,cpu1#2
20706.604,batt.power_mw,0.0,cpu1#2
20706.704,batt.power_mw,10.0,cpu1#2
20708.005,batt.power_mw,0.0,cpu1#2
20708.027,batt.power_mw,6.0,cpu1#2
20709.242,batt.power_mw,6.0,cpu1#2
20709.269,batt.power_mw,6.0,cpu1#2
20710.639,batt.power_mw,0.0,cpu1#2
20710.705,batt.power_mw,6.0,cpu1#2
20712.054,batt.power_mw,1.0,cpu1#2
20712.105,batt.power_mw,1.0,cpu1#2
20712.204,batt.power_mw,1.0,cpu1#2
20713.516,batt.power_mw,0.0,cpu1#2
20713.565,batt.power_mw,0.0,cpu1#2
20714.716,batt.power_mw,0.0,cpu1#2
20714.796,batt.power_mw,0.0,cpu1#2
20714.896,batt.power_mw,11.0,cpu1#2
20716.235,batt.power_mw,0.0,cpu1#2
20717.397,batt.power_mw,0.0,cpu1#2
20717.450,batt.power_mw,0.0,cpu1#2
20718.634,batt.power_mw,0.0,cpu1#2
20718.645,batt.power_mw,0.0,cpu1#2
20718.746,batt.power_mw,11.0,cpu1#2
20720.083,batt.power_mw,0.0,cpu1#2
20720.130,batt.power_mw,11.0,cpu1#2
20720.230,batt.power_mw,11.0,cpu1#2
20721.561,batt.power_mw,9.0,cpu1#2
20721.597,batt.power_mw,9.0,cpu1#2
20722.917,batt.power_mw,0.0,cpu1#2
20722.975,batt.power_mw,4.0,cpu1#2
20723.075,batt.power_mw,4.0,cpu1#2
20724.403,batt.power_mw,1.0,cpu1#2
20724.474,batt.power_mw,1.0,cpu1#2
20725.787,batt.power_mw,0.0,cpu1#2
20725.847,batt.power_mw,0.0,cpu1#2
20727.025,batt.power_mw,0.0,cpu1#2
20727.091,batt.power_mw,0.0,cpu1#2
20728.235,batt.power_mw,0.0,cpu1#2
20728.295,batt.power_mw,0.0,cpu1#2
20729.455,batt.power_mw,0.0,cpu1#2
20729.535,batt.power_mw,0.0,cpu1#2
20729.635,batt.power_mw,10.0,cpu1#2
20730.980,batt.power_mw,0.0,cpu1#2
20730.999,batt.power_mw,0.0,cpu1#2
20732.172,batt.power_mw,0.0,cpu1#2
20732.206,batt.power_mw,0.0,cpu1#2
20732.307,batt.power_mw,11.0,cpu1#2
20733.603,batt.power_mw,0.0,cpu1#2
20733.643,batt.power_mw,0.0,cpu1#2
20733.743,batt.power_mw,11.0,cpu1#2
20735.038,batt.power_mw,10.0,cpu1#2
20735.082,batt.power_mw,10.0,cpu1#2
20735.166,batt.power_mw,10.0,cpu1#2
20736.041,batt.power_mw,0.0,cpu1#2
20736.082,batt.power_mw,0.0,cpu1#2
20736.182,batt.power_mw,11.0,cpu1#2
20736.281,batt.power_mw,12.0,
20737.497,batt.power_mw,0.0,
20737.539,batt.power_mw,8.0,
20738.903,batt.power_mw,0.0,
20738.935,batt.power_mw,1.0,
20739.035,batt.power_mw,1.0,
20740.362,batt.power_mw,0.0,
20740.383,batt.power_mw,0.0,
20740.479,batt.power_mw,0.0,
20741.809,batt.power_mw,0.0,
20741.845,batt.power_mw,0.0,
20743.206,batt.power_mw,0.0,
20743.221,batt.power_mw,0.0,
20743.321,batt.power_mw,10.0,
20744.657,batt.power_mw,0.0,
20744.733,batt.power_mw,11.0,
20745.858,batt.power_mw,0.0,
20745.890,batt.power_mw,0.0,
20745.985,batt.power_mw,11.0,
20747.124,batt.power_mw,0.0,
20748.306,batt.power_mw,0.0,
20748.366,batt.power_mw,0.0,
20749.552,batt.power_mw,0.0,
20749.596,batt.power_mw,0.0,
20749.697,batt.power_mw,11.0,
20750.834,batt.power_mw,0.0,
20750.907,batt.power_mw,11.0,
20752.065,batt.power_mw,0.0,
20752.115,batt.power_mw,10.0,
20753.273,batt.power_mw,0.0,
20753.302,batt.power_mw,0.0,
20754.489,batt.power_mw,0.0,
20754.540,batt.power_mw,0.0,
20756.116,batt.power_mw,0.0,
20756.147,batt.power_mw,2.0,
20756.247,batt.power_mw,2.0,
20756.518,batt.power_mw,1.0,
20756.547,batt.power_mw,1.0,
20756.647,batt.power_mw,1.0,
20756.748,batt.power_mw,10.0,
20757.978,batt.power_mw,0.0,
20758.027,batt.power_mw,0.0,
20758.127,batt.power_mw,11.0,cpu_all#2
20758.227,batt.power_mw,11.0,cpu_all#2
20758.341,batt.power_mw,12.0,cpu_all#2
20758.429,batt.power_mw,11.0,cpu_all#2
20759.600,batt.power_mw,0.0,cpu_all#2
20759.652,batt.power_mw,11.0,cpu_all#2
20759.752,batt.power_mw,11.0,cpu_all#2
20761.086,batt.power_mw,6.0,cpu_all#2
20761.096,batt.power_mw,6.0,cpu_all#2
20761.196,batt.power_mw,6.0,cpu_all#2
20762.535,batt.power_mw,0.0,cpu_all#2
20762.548,batt.power_mw,0.0,cpu_all#2
20763.715,batt.power_mw,1.0,cpu_all#2
20763.762,batt.power_mw,1.0,cpu_all#2
20765.104,batt.power_mw,1.0,cpu_all#2
20765.129,batt.power_mw,1.0,cpu_all#2
20765.229,batt.power_mw,1.0,cpu_all#2
20766.551,batt.power_mw,0.0,cpu_all#2
20766.613,batt.power_mw,0.0,cpu_all#2
20767.830,batt.power_mw,0.0,cpu_all#2
20767.876,batt.power_mw,0.0,cpu_all#2
20767.976,batt.power_mw,11.0,cpu_all#2
20769.233,batt.power_mw,0.0,cpu_all#2
20769.263,batt.power_mw,0.0,cpu_all#2
20769.364,batt.power_mw,11.0,cpu_all#2
20770.685,batt.power_mw,0.0,cpu_all#2
20770.705,batt.power_mw,6.0,cpu_all#2
20770.805,batt.power_mw,6.0,cpu_all#2
20771.952,batt.power_mw,10.0,cpu_all#2
20771.989,batt.power_mw,10.0,cpu_all#2
20773.310,batt.power_mw,0.0,cpu_all#2
20773.348,batt.power_mw,2.0,cpu_all#2
20773.443,batt.power_mw,2.0,cpu_all#2
20774.524,batt.power_mw,0.0,cpu_all#2
20774.553,batt.power_mw,0.0,cpu_all#2
20774.652,batt.power_mw,1.0,cpu_all#2
20774.752,batt.power_mw,11.0,cpu_all#2
20775.996,batt.power_mw,0.0,cpu_all#2
20776.020,batt.power_mw,0.0,cpu_all#2
20777.203,batt.power_mw,0.0,cpu_all#2
20777.265,batt.power_mw,0.0,cpu_all#2
20777.365,batt.power_mw,0.0,cpu_all#2
20778.701,batt.power_mw,1.0,cpu_all#2
20778.730,batt.power_mw,1.0,cpu_all#2
20779.879,batt.power_mw,1.0,cpu_all#2
20779.948,batt.power_mw,1.0,cpu_all#2
20780.048,batt.power_mw,11.0,cpu_all#2
20781.349,batt.power_mw,0.0,cpu_all#2
20781.390,batt.power_mw,0.0,cpu_all#2
20782.456,batt.power_mw,0.0,cpu_all#2
20782.503,batt.power_mw,6.0,cpu_all#2
20782.603,batt.power_mw,6.0,cpu_all#2
20783.793,batt.power_mw,0.0,cpu_all#2
20783.854,batt.power_mw,0.0,cpu_all#2
20783.953,batt.power_mw,11.0,cpu_all#2
20785.215,batt.power_mw,0.0,cpu_all#2
20785.250,batt.power_mw,0.0,cpu_all#2
20786.453,batt.power_mw,0.0,cpu_all#2
20786.476,batt.power_mw,0.0,cpu_all#2
20786.576,batt.power_mw,11.0,cpu_all#2
20787.899,batt.power_mw,0.0,cpu_all#2
20787.938,batt.power_mw,10.0,cpu_all#2
20789.295,batt.power_mw,0.0,cpu_all#2
20789.347,batt.power_mw,5.0,cpu_all#2
20789.446,batt.power_mw,5.0,cpu_all#2
20790.776,batt.power_mw,1.0,cpu_all#2
20790.800,batt.power_mw,1.0,cpu_all#2
20790.900,batt.power_mw,11.0,cpu_all#2
20792.216,batt.power_mw,0.0,cpu_all#2
20792.253,batt.power_mw,0.0,cpu_all#2
20792.353,batt.power_mw,11.0,cpu_all#2
20793.630,batt.power_mw,0.0,cpu_all#2
20793.674,batt.power_mw,0.0,cpu_all#2
20793.774,batt.power_mw,11.0,cpu_all#2
20795.099,batt.power_mw,11.0,cpu_all#2
20795.105,batt.power_mw,11.0,cpu_all#2
20796.428,batt.power_mw,0.0,cpu_all#2
20796.448,batt.power_mw,0.0,cpu_all#2
20796.549,batt.power_mw,11.0,cpu_all#2
20797.872,batt.power_mw,0.0,cpu_all#2
20797.898,batt.power_mw,0.0,cpu_all#2
20797.998,batt.power_mw,4.0,cpu_all#2
20798.098,batt.power_mw,11.0,cpu_all#2
20799.386,batt.power_mw,1.0,cpu_all#2
20799.412,batt.power_mw,1.0,cpu_all#2
20799.512,batt.power_mw,11.0,cpu_all#2
20800.804,batt.power_mw,0.0,cpu_all#2
20801.967,batt.power_mw,0.0,cpu_all#2
20802.014,batt.power_mw,0.0,cpu_all#2
20802.114,batt.power_mw,0.0,cpu_all#2
20802.214,batt.power_mw,10.0,cpu_all#2
20803.452,batt.power_mw,0.0,cpu_all#2
20803.504,batt.power_mw,0.0,cpu_all#2
20803.602,batt.power_mw,11.0,
20804.857,batt.power_mw,0.0,
20804.913,batt.power_mw,0.0,
20805.012,batt.power_mw,11.0,
20806.327,batt.power_mw,0.0,
20806.365,batt.power_mw,8.0,
20806.465,batt.power_mw,8.0,
20807.747,batt.power_mw,3.0,
20807.786,batt.power_mw,3.0,
20807.887,batt.power_mw,3.0,
20807.987,batt.power_mw,11.0,
20809.200,batt.power_mw,1.0,
20809.241,batt.power_mw,1.0,
20809.341,batt.power_mw,11.0,
20810.640,batt.power_mw,0.0,
20810.670,batt.power_mw,0.0,
20811.840,batt.power_mw,0.0,
20811.875,batt.power_mw,0.0,
20813.044,batt.power_mw,0.0,
20813.069,batt.power_mw,0.0,
20813.170,batt.power_mw,0.0,
20814.517,batt.power_mw,0.0,
20814.541,batt.power_mw,0.0,
20814.642,batt.power_mw,11.0,
20815.921,batt.power_mw,0.0,
20815.989,batt.power_mw,0.0,
20816.089,batt.power_mw,10.0,
20817.350,batt.power_mw,0.0,
20817.370,batt.power_mw,0.0,
20818.564,batt.power_mw,0.0,
20818.602,batt.power_mw,0.0,
20819.799,batt.power_mw,0.0,
20819.824,batt.power_mw,0.0,
20819.924,batt.power_mw,10.0,
20821.228,batt.power_mw,0.0,
20821.253,batt.power_mw,0.0,
20821.353,batt.power_mw,3.0,
20822.688,batt.power_mw,1.0,
20822.718,batt.power_mw,1.0,
20822.817,batt.power_mw,1.0,
20824.098,batt.power_mw,0.0,
20824.127,batt.power_mw,0.0,
20824.227,batt.power_mw,0.0,
20824.327,batt.power_mw,11.0,
20824.536,batt.power_mw,11.0,
20824.627,batt.power_mw,10.0,
20824.727,batt.power_mw,10.0,
20824.832,batt.power_mw,11.0,
20824.926,batt.power_mw,11.0,idle#3
20825.027,batt.power_mw,11.0,idle#3
20825.127,batt.power_mw,11.0,idle#3
20825.295,batt.power_mw,11.0,idle#3
20825.327,batt.power_mw,0.0,idle#3
20825.427,batt.power_mw,0.0,idle#3
20825.527,batt.power_mw,9.0,idle#3
20825.626,batt.power_mw,9.0,idle#3
20825.727,batt.power_mw,9.0,idle#3
20825.827,batt.power_mw,9.0,idle#3
20825.927,batt.power_mw,9.0,idle#3
20826.027,batt.power_mw,9.0,idle#3
20826.127,batt.power_mw,9.0,idle#3
20826.567,batt.power_mw,1.0,idle#3
20826.624,batt.power_mw,1.0,idle#3
20826.724,batt.power_mw,9.0,idle#3
20828.025,batt.power_mw,0.0,idle#3
20828.086,batt.power_mw,0.0,idle#3
20829.257,batt.power_mw,0.0,idle#3
20829.315,batt.power_mw,0.0,idle#3
20830.507,batt.power_mw,0.0,idle#3
20831.671,batt.power_mw,0.0,idle#3
20831.728,batt.power_mw,0.0,idle#3
20831.828,batt.power_mw,10.0,idle#3
20833.164,batt.power_mw,0.0,idle#3
20833.202,batt.power_mw,11.0,idle#3
20833.303,batt.power_mw,11.0,idle#3
20834.597,batt.power_mw,0.0,idle#3
20834.627,batt.power_mw,11.0,idle#3
20835.828,batt.power_mw,0.0,idle#3
20835.857,batt.power_mw,11.0,idle#3
20835.956,batt.power_mw,11.0,idle#3
20837.270,batt.power_mw,6.0,idle#3
20837.292,batt.power_mw,6.0,idle#3
20838.628,batt.power_mw,0.0,idle#3
20838.690,batt.power_mw,1.0,idle#3
20838.789,batt.power_mw,1.0,idle#3
20840.127,batt.power_mw,0.0,idle#3
20840.200,batt.power_mw,0.0,idle#3
20841.552,batt.power_mw,0.0,idle#3
20841.614,batt.power_mw,0.0,idle#3
20842.760,batt.power_mw,0.0,idle#3
20842.820,batt.power_mw,0.0,idle#3
20844.146,batt.power_mw,0.0,idle#3
20844.194,batt.power_mw,0.0,idle#3
20844.294,batt.power_mw,11.0,idle#3
20845.625,batt.power_mw,0.0,idle#3
20845.666,batt.power_mw,0.0,idle#3
20846.843,batt.power_mw,0.0,idle#3
20846.889,batt.power_mw,0.0,idle#3
20846.990,batt.power_mw,11.0,idle#3
20848.315,batt.power_mw,8.0,idle#3
20848.352,batt.power_mw,8.0,idle#3
20849.705,batt.power_mw,1.0,idle#3
20849.722,batt.power_mw,1.0,idle#3
20849.823,batt.power_mw,1.0,idle#3
20850.984,batt.power_mw,1.0,idle#3
20851.038,batt.power_mw,1.0,idle#3
20852.384,batt.power_mw,1.0,idle#3
20852.435,batt.power_mw,1.0,idle#3
20853.599,batt.power_mw,1.0,idle#3
20853.652,batt.power_mw,1.0,idle#3
20854.823,batt.power_mw,0.0,idle#3
20854.847,batt.power_mw,0.0,idle#3
20854.947,batt.power_mw,0.0,idle#3
20856.270,batt.power_mw,0.0,idle#3
20856.330,batt.power_mw,0.0,idle#3
20857.505,batt.power_mw,0.0,idle#3
20857.539,batt.power_mw,0.0,idle#3
20858.907,batt.power_mw,0.0,idle#3
20858.935,batt.power_mw,0.0,idle#3
20859.035,batt.power_mw,11.0,idle#3
20860.209,batt.power_mw,0.0,idle#3
20860.242,batt.power_mw,11.0,idle#3
20860.341,batt.power_mw,11.0,idle#3
20861.569,batt.power_mw,0.0,idle#3
20861.602,batt.power_mw,0.0,idle#3
20861.703,batt.power_mw,10.0,idle#3
20863.048,batt.power_mw,0.0,idle#3
20863.073,batt.power_mw,5.0,idle#3
20863.173,batt.power_mw,5.0,idle#3
20864.511,batt.power_mw,1.0,idle#3
20864.593,batt.power_mw,1.0,idle#3
20865.894,batt.power_mw,1.0,idle#3
20865.923,batt.power_mw,1.0,idle#3
20866.023,batt.power_mw,1.0,idle#3
20867.330,batt.power_mw,0.0,idle#3
20867.375,batt.power_mw,0.0,idle#3
20868.723,batt.power_mw,0.0,idle#3
20868.783,batt.power_mw,0.0,idle#3
20868.883,batt.power_mw,10.0,idle#3
20870.218,batt.power_mw,0.0,idle#3
20870.274,batt.power_mw,11.0,idle#3
20870.633,batt.power_mw,3.0,idle#3
20870.872,batt.power_mw,11.0,idle#3
20870.933,batt.power_mw,11.0,
20870.992,batt.power_mw,10.0,
20871.092,batt.power_mw,10.0,
20871.854,batt.power_mw,1.0,
20871.890,batt.power_mw,1.0,
20871.990,batt.power_mw,1.0,
20872.098,batt.power_mw,11.0,
20872.191,batt.power_mw,12.0,
20873.458,batt.power_mw,0.0,
20873.488,batt.power_mw,0.0,
20873.588,batt.power_mw,11.0,
20874.912,batt.power_mw,0.0,
20874.952,batt.power_mw,0.0,
20876.156,batt.power_mw,0.0,
20876.188,batt.power_mw,0.0,
20877.352,batt.power_mw,0.0,
20877.411,batt.power_mw,0.0,
20878.619,batt.power_mw,0.0,
20878.676,batt.power_mw,10.0,
20879.870,batt.power_mw,0.0,
20879.918,batt.power_mw,10.0,
20881.262,batt.power_mw,0.0,
20881.324,batt.power_mw,11.0,
20882.490,batt.power_mw,0.0,
20882.540,batt.power_mw,11.0,
20883.726,batt.power_mw,0.0,
20883.779,batt.power_mw,11.0,
20884.953,batt.power_mw,0.0,
20884.972,batt.power_mw,0.0,
20885.072,batt.power_mw,10.0,
20885.562,batt.power_mw,0.0,
20885.612,batt.power_mw,0.0,
20886.142,batt.power_mw,0.0,
20886.191,batt.power_mw,0.0,
20886.285,batt.power_mw,11.0,
20887.609,batt.power_mw,0.0,
20887.658,batt.power_mw,11.0,
20887.757,batt.power_mw,11.0,
20889.090,batt.power_mw,2.0,
20889.108,batt.power_mw,2.0,
20890.289,batt.power_mw,1.0,
20890.340,batt.power_mw,1.0,
20891.282,batt.power_mw,0.0,
20891.300,batt.power_mw,0.0,
20891.399,batt.power_mw,8.0,
20891.508,batt.power_mw,6.0,
20891.599,batt.power_mw,6.0,
20891.699,batt.power_mw,12.0,
20892.943,batt.power_mw,0.0,
20893.003,batt.power_mw,0.0,
20893.104,batt.power_mw,11.0,cpu1#3
20893.204,batt.power_mw,11.0,cpu1#3
20893.314,batt.power_mw,11.0,cpu1#3
20893.406,batt.power_mw,11.0,cpu1#3
20894.562,batt.power_mw,0.0,cpu1#3
20894.624,batt.power_mw,0.0,cpu1#3
20895.806,batt.power_mw,0.0,cpu1#3
20895.873,batt.power_mw,0.0,cpu1#3
20897.220,batt.power_mw,0.0,cpu1#3
20897.320,batt.power_mw,10.0,cpu1#3
20898.478,batt.power_mw,0.0,cpu1#3
20898.507,batt.power_mw,0.0,cpu1#3
20898.607,batt.power_mw,11.0,cpu1#3
20899.867,batt.power_mw,0.0,cpu1#3
20899.953,batt.power_mw,5.0,cpu1#3
20900.053,batt.power_mw,5.0,cpu1#3
20900.153,batt.power_mw,11.0,cpu1#3
20901.367,batt.power_mw,2.0,cpu1#3
20901.399,batt.power_mw,2.0,cpu1#3
20902.563,batt.power_mw,6.0,cpu1#3
20902.629,batt.power_mw,6.0,cpu1#3
20902.728,batt.power_mw,6.0,cpu1#3
20904.034,batt.power_mw,0.0,cpu1#3
20904.038,batt.power_mw,0.0,cpu1#3
20905.236,batt.power_mw,0.0,cpu1#3
20905.263,batt.power_mw,0.0,cpu1#3
20905.363,batt.power_mw,0.0,cpu1#3
20906.259,batt.power_mw,6.0,cpu1#3
20906.308,batt.power_mw,6.0,cpu1#3
20906.408,batt.power_mw,6.0,cpu1#3
20906.508,batt.power_mw,11.0,cpu1#3
20906.608,batt.power_mw,12.0,cpu1#3
20907.465,batt.power_mw,0.0,cpu1#3
20907.482,batt.power_mw,4.0,cpu1#3
20907.582,batt.power_mw,4.0,cpu1#3
20908.120,batt.power_mw,0.0,cpu1#3
20908.139,batt.power_mw,0.0,cpu1#3
20908.914,batt.power_mw,0.0,cpu1#3
20908.982,batt.power_mw,0.0,cpu1#3
20910.176,batt.power_mw,0.0,cpu1#3
20910.231,batt.power_mw,0.0,cpu1#3
20910.331,batt.power_mw,11.0,cpu1#3
20911.603,batt.power_mw,0.0,cpu1#3
20911.630,batt.power_mw,0.0,cpu1#3
20912.843,batt.power_mw,1.0,cpu1#3
20912.889,batt.power_mw,1.0,cpu1#3
20914.217,batt.power_mw,0.0,cpu1#3
20914.243,batt.power_mw,0.0,cpu1#3
20914.343,batt.power_mw,11.0,cpu1#3
20914.443,batt.power_mw,11.0,cpu1#3
20915.727,batt.power_mw,11.0,cpu1#3
20915.735,batt.power_mw,11.0,cpu1#3
20915.835,batt.power_mw,11.0,cpu1#3
20917.156,batt.power_mw,7.0,cpu1#3
20917.174,batt.power_mw,7.0,cpu1#3
20917.272,batt.power_mw,7.0,cpu1#3
20918.538,batt.power_mw,5.0,cpu1#3
20918.593,batt.power_mw,5.0,cpu1#3
20919.747,batt.power_mw,0.0,cpu1#3
20919.822,batt.power_mw,6.0,cpu1#3
20921.035,batt.power_mw,1.0,cpu1#3
20921.085,batt.power_mw,1.0,cpu1#3
20922.415,batt.power_mw,1.0,cpu1#3
20922.427,batt.power_mw,1.0,cpu1#3
20922.527,batt.power_mw,1.0,cpu1#3
20923.843,batt.power_mw,1.0,cpu1#3
20923.869,batt.power_mw,1.0,cpu1#3
20923.970,batt.power_mw,1.0,cpu1#3
20925.326,batt.power_mw,0.0,cpu1#3
20925.353,batt.power_mw,0.0,cpu1#3
20926.523,batt.power_mw,0.0,cpu1#3
20926.555,batt.power_mw,0.0,cpu1#3
20926.817,batt.power_mw,0.0,cpu1#3
20926.855,batt.power_mw,0.0,cpu1#3
20927.731,batt.power_mw,0.0,cpu1#3
20927.775,batt.power_mw,0.0,cpu1#3
20927.874,batt.power_mw,11.0,cpu1#3
20929.215,batt.power_mw,0.0,cpu1#3
20929.264,batt.power_mw,10.0,cpu1#3
20930.427,batt.power_mw,0.0,cpu1#3
20930.471,batt.power_mw,0.0,cpu1#3
20931.633,batt.power_mw,0.0,cpu1#3
20931.688,batt.power_mw,0.0,cpu1#3
20931.767,batt.power_mw,10.0,cpu1#3
20931.867,batt.power_mw,10.0,cpu1#3
20933.075,batt.power_mw,0.0,cpu1#3
20933.099,batt.power_mw,0.0,cpu1#3
20933.199,batt.power_mw,10.0,cpu1#3
20934.514,batt.power_mw,6.0,cpu1#3
20934.559,batt.power_mw,6.0,cpu1#3
20935.911,batt.power_mw,0.0,cpu1#3
20935.948,batt.power_mw,0.0,cpu1#3
20936.048,batt.power_mw,0.0,cpu1#3
20937.376,batt.power_mw,0.0,cpu1#3
20937.402,batt.power_mw,0.0,cpu1#3
20937.502,batt.power_mw,10.0,cpu1#3
20937.602,batt.power_mw,10.0,cpu1#3
20938.836,batt.power_mw,11.0,cpu1#3
20938.945,batt.power_mw,11.0,cpu1#3
20938.951,batt.power_mw,11.0,cpu1#3
20939.051,batt.power_mw,11.0,cpu1#3
20939.237,batt.power_mw,11.0,
20939.253,batt.power_mw,10.0,
20939.353,batt.power_mw,10.0,
20940.629,batt.power_mw,0.0,
20940.646,batt.power_mw,0.0,
20940.747,batt.power_mw,8.0,
20941.849,batt.power_mw,0.0,
20941.886,batt.power_mw,9.0,
20943.087,batt.power_mw,0.0,
20943.107,batt.power_mw,0.0,
20943.207,batt.power_mw,6.0,
20944.520,batt.power_mw,1.0,
20944.550,batt.power_mw,1.0,
20944.651,batt.power_mw,1.0,
20945.982,batt.power_mw,1.0,
20945.999,batt.power_mw,1.0,
20947.186,batt.power_mw,1.0,
20947.240,batt.power_mw,1.0,
20947.340,batt.power_mw,11.0,
20948.657,batt.power_mw,0.0,
20948.715,batt.power_mw,0.0,
20950.056,batt.power_mw,0.0,
20950.120,batt.power_mw,0.0,
20950.220,batt.power_mw,0.0,
20951.476,batt.power_mw,0.0,
20951.506,batt.power_mw,0.0,
20951.607,batt.power_mw,11.0,
20952.772,batt.power_mw,11.0,
20952.831,batt.power_mw,11.0,
20953.996,batt.power_mw,0.0,
20954.056,batt.power_mw,11.0,
20955.401,batt.power_mw,0.0,
20955.437,batt.power_mw,9.0,
20956.608,batt.power_mw,0.0,
20956.651,batt.power_mw,6.0,
20956.751,batt.power_mw,6.0,
20958.090,batt.power_mw,1.0,
20958.148,batt.power_mw,1.0,
20959.320,batt.power_mw,2.0,
20959.373,batt.power_mw,2.0,
20959.530,batt.power_mw,10.0,
20959.577,batt.power_mw,10.0,
20959.675,batt.power_mw,11.0,
20959.786,batt.power_mw,11.0,
20959.875,batt.power_mw,11.0,
20959.984,batt.power_mw,11.0,
20960.074,batt.power_mw,11.0,
20960.174,batt.power_mw,10.0,cpu_all#3
20960.366,batt.power_mw,0.0,cpu_all#3
20960.379,batt.power_mw,0.0,cpu_all#3
20960.475,batt.power_mw,0.0,cpu_all#3
20960.575,batt.power_mw,11.0,cpu_all#3
20960.675,batt.power_mw,10.0,cpu_all#3
20960.775,batt.power_mw,10.0,cpu_all#3
20960.876,batt.power_mw,10.0,cpu_all#3
20960.975,batt.power_mw,10.0,cpu_all#3
20961.074,batt.power_mw,9.0,cpu_all#3
20961.174,batt.power_mw,9.0,cpu_all#3
20961.999,batt.power_mw,0.0,cpu_all#3
20962.034,batt.power_mw,0.0,cpu_all#3
20962.134,batt.power_mw,12.0,cpu_all#3
20963.364,batt.power_mw,0.0,cpu_all#3
20963.421,batt.power_mw,0.0,cpu_all#3
20964.622,batt.power_mw,0.0,cpu_all#3
20964.659,batt.power_mw,0.0,cpu_all#3
20965.841,batt.power_mw,0.0,cpu_all#3
20965.871,batt.power_mw,0.0,cpu_all#3
20965.971,batt.power_mw,11.0,cpu_all#3
20966.071,batt.power_mw,11.0,cpu_all#3
20967.239,batt.power_mw,0.0,cpu_all#3
20967.284,batt.power_mw,0.0,cpu_all#3
20967.350,batt.power_mw,10.0,cpu_all#3
20967.864,batt.power_mw,0.0,cpu_all#3
20967.891,batt.power_mw,1.0,cpu_all#3
20968.101,batt.power_mw,0.0,cpu_all#3
20968.191,batt.power_mw,0.0,cpu_all#3
20968.290,batt.power_mw,11.0,cpu_all#3
20968.406,batt.power_mw,12.0,cpu_all#3
20968.492,batt.power_mw,12.0,cpu_all#3
20968.593,batt.power_mw,11.0,cpu_all#3
20968.693,batt.power_mw,11.0,cpu_all#3
20969.526,batt.power_mw,0.0,cpu_all#3
20969.560,batt.power_mw,0.0,cpu_all#3
20970.744,batt.power_mw,0.0,cpu_all#3
20970.764,batt.power_mw,0.0,cpu_all#3
20971.971,batt.power_mw,0.0,cpu_all#3
20971.997,batt.power_mw,0.0,cpu_all#3
20972.097,batt.power_mw,11.0,cpu_all#3
20973.243,batt.power_mw,0.0,cpu_all#3
20973.292,batt.power_mw,0.0,cpu_all#3
20974.629,batt.power_mw,0.0,cpu_all#3
20974.660,batt.power_mw,0.0,cpu_all#3
20974.758,batt.power_mw,11.0,cpu_all#3
20976.088,batt.power_mw,0.0,cpu_all#3
20976.096,batt.power_mw,0.0,cpu_all#3
20977.303,batt.power_mw,0.0,cpu_all#3
20977.343,batt.power_mw,0.0,cpu_all#3
20978.544,batt.power_mw,0.0,cpu_all#3
20978.576,batt.power_mw,0.0,cpu_all#3
20978.676,batt.power_mw,10.0,cpu_all#3
20979.980,batt.power_mw,0.0,cpu_all#3
20980.022,batt.power_mw,6.0,cpu_all#3
20980.122,batt.power_mw,6.0,cpu_all#3
20981.434,batt.power_mw,1.0,cpu_all#3
20981.460,batt.power_mw,1.0,cpu_all#3
20982.822,batt.power_mw,1.0,cpu_all#3
20982.841,batt.power_mw,1.0,cpu_all#3
20982.941,batt.power_mw,1.0,cpu_all#3
20984.120,batt.power_mw,1.0,cpu_all#3
20984.177,batt.power_mw,1.0,cpu_all#3
20985.502,batt.power_mw,0.0,cpu_all#3
20985.549,batt.power_mw,0.0,cpu_all#3
20986.713,batt.power_mw,0.0,cpu_all#3
20986.763,batt.power_mw,0.0,cpu_all#3
20986.861,batt.power_mw,11.0,cpu_all#3
20986.961,batt.power_mw,11.0,cpu_all#3
20988.218,batt.power_mw,0.0,cpu_all#3
20988.254,batt.power_mw,11.0,cpu_all#3
20989.587,batt.power_mw,0.0,cpu_all#3
20989.604,batt.power_mw,0.0,cpu_all#3
20989.704,batt.power_mw,10.0,cpu_all#3
20989.804,batt.power_mw,10.0,cpu_all#3
20991.016,batt.power_mw,0.0,cpu_all#3
20991.024,batt.power_mw,0.0,cpu_all#3
20991.124,batt.power_mw,6.0,cpu_all#3
20992.312,batt.power_mw,5.0,cpu_all#3
20992.355,batt.power_mw,5.0,cpu_all#3
20993.687,batt.power_mw,0.0,cpu_all#3
20993.711,batt.power_mw,0.0,cpu_all#3
20993.811,batt.power_mw,0.0,cpu_all#3
20995.169,batt.power_mw,1.0,cpu_all#3
20995.187,batt.power_mw,1.0,cpu_all#3
20995.287,batt.power_mw,11.0,cpu_all#3
20995.387,batt.power_mw,11.0,cpu_all#3
20996.645,batt.power_mw,1.0,cpu_all#3
20996.719,batt.power_mw,11.0,cpu_all#3
20998.026,batt.power_mw,0.0,cpu_all#3
20998.085,batt.power_mw,11.0,cpu_all#3
20999.401,batt.power_mw,0.0,cpu_all#3
20999.446,batt.power_mw,0.0,cpu_all#3
20999.546,batt.power_mw,11.0,cpu_all#3
21000.895,batt.power_mw,8.0,cpu_all#3
21000.947,batt.power_mw,8.0,cpu_all#3
21001.047,batt.power_mw,8.0,cpu_all#3
21002.325,batt.power_mw,2.0,cpu_all#3
21002.376,batt.power_mw,2.0,cpu_all#3
21003.720,batt.power_mw,0.0,cpu_all#3
21003.743,batt.power_mw,0.0,cpu_all#3
21003.834,batt.power_mw,0.0,cpu_all#3
21003.934,batt.power_mw,11.0,cpu_all#3
21005.214,batt.power_mw,0.0,cpu_all#3
21005.255,batt.power_mw,0.0,cpu_all#3
21006.019,batt.power_mw,1.0,cpu_all#3
21006.074,batt.power_mw,1.0,cpu_all#3
21006.174,batt.power_mw,11.0,cpu_all#3
21006.275,batt.power_mw,11.0,
21006.374,batt.power_mw,1.0,
21007.637,batt.power_mw,1.0,
21007.732,batt.power_mw,11.0,
21009.062,batt.power_mw,0.0,
21009.088,batt.power_mw,0.0,
21009.188,batt.power_mw,11.0,
21010.525,batt.power_mw,0.0,
21010.547,batt.power_mw,11.0,
21010.647,batt.power_mw,11.0,
21011.920,batt.power_mw,0.0,
21011.973,batt.power_mw,8.0,
21012.029,batt.power_mw,8.0,
21013.345,batt.power_mw,0.0,
21013.386,batt.power_mw,1.0,
21013.485,batt.power_mw,1.0,
21014.794,batt.power_mw,0.0,
21014.879,batt.power_mw,0.0,
21016.078,batt.power_mw,0.0,
21016.128,batt.power_mw,0.0,
21017.277,batt.power_mw,0.0,
21017.333,batt.power_mw,0.0,
21017.433,batt.power_mw,11.0,
21018.729,batt.power_mw,0.0,
21018.753,batt.power_mw,0.0,
21020.109,batt.power_mw,0.0,
21020.128,batt.power_mw,0.0,
21020.228,batt.power_mw,11.0,
21021.543,batt.power_mw,0.0,
21021.577,batt.power_mw,0.0,
21021.677,batt.power_mw,11.0,
21023.020,batt.power_mw,10.0,
21023.058,batt.power_mw,10.0,
21023.156,batt.power_mw,10.0,
21024.448,batt.power_mw,1.0,
21024.481,batt.power_mw,1.0,
21024.581,batt.power_mw,1.0,
21025.845,batt.power_mw,0.0,
21025.865,batt.power_mw,0.0,
21025.965,batt.power_mw,0.0,
21026.886,batt.power_mw,1.0,
21026.922,batt.power_mw,1.0,
21027.039,batt.power_mw,1.0,
21027.124,batt.power_mw,11.0,
21028.277,batt.power_mw,0.0,
21028.312,batt.power_mw,0.0,
21028.412,batt.power_mw,0.0,
21029.587,batt.power_mw,0.0,
21029.629,batt.power_mw,0.0,
